ts,wall,phase,chip,duty_cycle_pct,mem_used_mib,mem_total_mib,mem_pct
1785432447.593,17:27:27,baseline,0,0.0,0,0,0.0
1785432447.593,17:27:27,baseline,1,0.0,0,0,0.0
1785432447.593,17:27:27,baseline,2,0.0,0,0,0.0
1785432447.593,17:27:27,baseline,3,0.0,0,0,0.0
1785432447.593,17:27:27,baseline,4,0.0,0,0,0.0
1785432447.593,17:27:27,baseline,5,0.0,0,0,0.0
1785432447.593,17:27:27,baseline,6,0.0,0,0,0.0
1785432447.593,17:27:27,baseline,7,0.0,0,0,0.0
1785432448.594,17:27:28,baseline,0,0.0,0,0,0.0
1785432448.594,17:27:28,baseline,1,0.0,0,0,0.0
1785432448.594,17:27:28,baseline,2,0.0,0,0,0.0
1785432448.594,17:27:28,baseline,3,0.0,0,0,0.0
1785432448.594,17:27:28,baseline,4,0.0,0,0,0.0
1785432448.594,17:27:28,baseline,5,0.0,0,0,0.0
1785432448.594,17:27:28,baseline,6,0.0,0,0,0.0
1785432448.594,17:27:28,baseline,7,0.0,0,0,0.0
1785432449.594,17:27:29,baseline,0,0.0,0,0,0.0
1785432449.594,17:27:29,baseline,1,0.0,0,0,0.0
1785432449.594,17:27:29,baseline,2,0.0,0,0,0.0
1785432449.594,17:27:29,baseline,3,0.0,0,0,0.0
1785432449.594,17:27:29,baseline,4,0.0,0,0,0.0
1785432449.594,17:27:29,baseline,5,0.0,0,0,0.0
1785432449.594,17:27:29,baseline,6,0.0,0,0,0.0
1785432449.594,17:27:29,baseline,7,0.0,0,0,0.0
1785432450.594,17:27:30,baseline,0,0.0,0,0,0.0
1785432450.594,17:27:30,baseline,1,0.0,0,0,0.0
1785432450.594,17:27:30,baseline,2,0.0,0,0,0.0
1785432450.594,17:27:30,baseline,3,0.0,0,0,0.0
1785432450.594,17:27:30,baseline,4,0.0,0,0,0.0
1785432450.594,17:27:30,baseline,5,0.0,0,0,0.0
1785432450.594,17:27:30,baseline,6,0.0,0,0,0.0
1785432450.594,17:27:30,baseline,7,0.0,0,0,0.0
1785432451.594,17:27:31,baseline,0,0.0,0,0,0.0
1785432451.594,17:27:31,baseline,1,0.0,0,0,0.0
1785432451.594,17:27:31,baseline,2,0.0,0,0,0.0
1785432451.594,17:27:31,baseline,3,0.0,0,0,0.0
1785432451.594,17:27:31,baseline,4,0.0,0,0,0.0
1785432451.594,17:27:31,baseline,5,0.0,0,0,0.0
1785432451.594,17:27:31,baseline,6,0.0,0,0,0.0
1785432451.594,17:27:31,baseline,7,0.0,0,0,0.0
1785432452.594,17:27:32,baseline,0,0.0,0,0,0.0
1785432452.594,17:27:32,baseline,1,0.0,0,0,0.0
1785432452.594,17:27:32,baseline,2,0.0,0,0,0.0
1785432452.594,17:27:32,baseline,3,0.0,0,0,0.0
1785432452.594,17:27:32,baseline,4,0.0,0,0,0.0
1785432452.594,17:27:32,baseline,5,0.0,0,0,0.0
1785432452.594,17:27:32,baseline,6,0.0,0,0,0.0
1785432452.594,17:27:32,baseline,7,0.0,0,0,0.0
1785432453.594,17:27:33,baseline,0,0.0,0,0,0.0
1785432453.594,17:27:33,baseline,1,0.0,0,0,0.0
1785432453.594,17:27:33,baseline,2,0.0,0,0,0.0
1785432453.594,17:27:33,baseline,3,0.0,0,0,0.0
1785432453.594,17:27:33,baseline,4,0.0,0,0,0.0
1785432453.594,17:27:33,baseline,5,0.0,0,0,0.0
1785432453.594,17:27:33,baseline,6,0.0,0,0,0.0
1785432453.594,17:27:33,baseline,7,0.0,0,0,0.0
1785432454.594,17:27:34,baseline,0,0.0,0,0,0.0
1785432454.594,17:27:34,baseline,1,0.0,0,0,0.0
1785432454.594,17:27:34,baseline,2,0.0,0,0,0.0
1785432454.594,17:27:34,baseline,3,0.0,0,0,0.0
1785432454.594,17:27:34,baseline,4,0.0,0,0,0.0
1785432454.594,17:27:34,baseline,5,0.0,0,0,0.0
1785432454.594,17:27:34,baseline,6,0.0,0,0,0.0
1785432454.594,17:27:34,baseline,7,0.0,0,0,0.0
1785432455.595,17:27:35,baseline,0,0.0,0,0,0.0
1785432455.595,17:27:35,baseline,1,0.0,0,0,0.0
1785432455.595,17:27:35,baseline,2,0.0,0,0,0.0
1785432455.595,17:27:35,baseline,3,0.0,0,0,0.0
1785432455.595,17:27:35,baseline,4,0.0,0,0,0.0
1785432455.595,17:27:35,baseline,5,0.0,0,0,0.0
1785432455.595,17:27:35,baseline,6,0.0,0,0,0.0
1785432455.595,17:27:35,baseline,7,0.0,0,0,0.0
1785432456.595,17:27:36,baseline,0,0.0,0,0,0.0
1785432456.595,17:27:36,baseline,1,0.0,0,0,0.0
1785432456.595,17:27:36,baseline,2,0.0,0,0,0.0
1785432456.595,17:27:36,baseline,3,0.0,0,0,0.0
1785432456.595,17:27:36,baseline,4,0.0,0,0,0.0
1785432456.595,17:27:36,baseline,5,0.0,0,0,0.0
1785432456.595,17:27:36,baseline,6,0.0,0,0,0.0
1785432456.595,17:27:36,baseline,7,0.0,0,0,0.0
1785432457.595,17:27:37,baseline,0,0.0,0,0,0.0
1785432457.595,17:27:37,baseline,1,0.0,0,0,0.0
1785432457.595,17:27:37,baseline,2,0.0,0,0,0.0
1785432457.595,17:27:37,baseline,3,0.0,0,0,0.0
1785432457.595,17:27:37,baseline,4,0.0,0,0,0.0
1785432457.595,17:27:37,baseline,5,0.0,0,0,0.0
1785432457.595,17:27:37,baseline,6,0.0,0,0,0.0
1785432457.595,17:27:37,baseline,7,0.0,0,0,0.0
1785432458.595,17:27:38,baseline,0,0.0,0,0,0.0
1785432458.595,17:27:38,baseline,1,0.0,0,0,0.0
1785432458.595,17:27:38,baseline,2,0.0,0,0,0.0
1785432458.595,17:27:38,baseline,3,0.0,0,0,0.0
1785432458.595,17:27:38,baseline,4,0.0,0,0,0.0
1785432458.595,17:27:38,baseline,5,0.0,0,0,0.0
1785432458.595,17:27:38,baseline,6,0.0,0,0,0.0
1785432458.595,17:27:38,baseline,7,0.0,0,0,0.0
1785432459.595,17:27:39,baseline,0,0.0,0,0,0.0
1785432459.595,17:27:39,baseline,1,0.0,0,0,0.0
1785432459.595,17:27:39,baseline,2,0.0,0,0,0.0
1785432459.595,17:27:39,baseline,3,0.0,0,0,0.0
1785432459.595,17:27:39,baseline,4,0.0,0,0,0.0
1785432459.595,17:27:39,baseline,5,0.0,0,0,0.0
1785432459.595,17:27:39,baseline,6,0.0,0,0,0.0
1785432459.595,17:27:39,baseline,7,0.0,0,0,0.0
1785432460.595,17:27:40,baseline,0,0.0,0,0,0.0
1785432460.595,17:27:40,baseline,1,0.0,0,0,0.0
1785432460.595,17:27:40,baseline,2,0.0,0,0,0.0
1785432460.595,17:27:40,baseline,3,0.0,0,0,0.0
1785432460.595,17:27:40,baseline,4,0.0,0,0,0.0
1785432460.595,17:27:40,baseline,5,0.0,0,0,0.0
1785432460.595,17:27:40,baseline,6,0.0,0,0,0.0
1785432460.595,17:27:40,baseline,7,0.0,0,0,0.0
1785432461.595,17:27:41,baseline,0,0.0,0,0,0.0
1785432461.595,17:27:41,baseline,1,0.0,0,0,0.0
1785432461.595,17:27:41,baseline,2,0.0,0,0,0.0
1785432461.595,17:27:41,baseline,3,0.0,0,0,0.0
1785432461.595,17:27:41,baseline,4,0.0,0,0,0.0
1785432461.595,17:27:41,baseline,5,0.0,0,0,0.0
1785432461.595,17:27:41,baseline,6,0.0,0,0,0.0
1785432461.595,17:27:41,baseline,7,0.0,0,0,0.0
1785432462.596,17:27:42,baseline,0,0.0,0,0,0.0
1785432462.596,17:27:42,baseline,1,0.0,0,0,0.0
1785432462.596,17:27:42,baseline,2,0.0,0,0,0.0
1785432462.596,17:27:42,baseline,3,0.0,0,0,0.0
1785432462.596,17:27:42,baseline,4,0.0,0,0,0.0
1785432462.596,17:27:42,baseline,5,0.0,0,0,0.0
1785432462.596,17:27:42,baseline,6,0.0,0,0,0.0
1785432462.596,17:27:42,baseline,7,0.0,0,0,0.0
1785432463.596,17:27:43,baseline,0,0.0,0,0,0.0
1785432463.596,17:27:43,baseline,1,0.0,0,0,0.0
1785432463.596,17:27:43,baseline,2,0.0,0,0,0.0
1785432463.596,17:27:43,baseline,3,0.0,0,0,0.0
1785432463.596,17:27:43,baseline,4,0.0,0,0,0.0
1785432463.596,17:27:43,baseline,5,0.0,0,0,0.0
1785432463.596,17:27:43,baseline,6,0.0,0,0,0.0
1785432463.596,17:27:43,baseline,7,0.0,0,0,0.0
1785432464.596,17:27:44,baseline,0,0.0,0,0,0.0
1785432464.596,17:27:44,baseline,1,0.0,0,0,0.0
1785432464.596,17:27:44,baseline,2,0.0,0,0,0.0
1785432464.596,17:27:44,baseline,3,0.0,0,0,0.0
1785432464.596,17:27:44,baseline,4,0.0,0,0,0.0
1785432464.596,17:27:44,baseline,5,0.0,0,0,0.0
1785432464.596,17:27:44,baseline,6,0.0,0,0,0.0
1785432464.596,17:27:44,baseline,7,0.0,0,0,0.0
1785432465.596,17:27:45,baseline,0,0.0,0,0,0.0
1785432465.596,17:27:45,baseline,1,0.0,0,0,0.0
1785432465.596,17:27:45,baseline,2,0.0,0,0,0.0
1785432465.596,17:27:45,baseline,3,0.0,0,0,0.0
1785432465.596,17:27:45,baseline,4,0.0,0,0,0.0
1785432465.596,17:27:45,baseline,5,0.0,0,0,0.0
1785432465.596,17:27:45,baseline,6,0.0,0,0,0.0
1785432465.596,17:27:45,baseline,7,0.0,0,0,0.0
1785432466.596,17:27:46,baseline,0,0.0,0,0,0.0
1785432466.596,17:27:46,baseline,1,0.0,0,0,0.0
1785432466.596,17:27:46,baseline,2,0.0,0,0,0.0
1785432466.596,17:27:46,baseline,3,0.0,0,0,0.0
1785432466.596,17:27:46,baseline,4,0.0,0,0,0.0
1785432466.596,17:27:46,baseline,5,0.0,0,0,0.0
1785432466.596,17:27:46,baseline,6,0.0,0,0,0.0
1785432466.596,17:27:46,baseline,7,0.0,0,0,0.0
1785432467.596,17:27:47,baseline,0,0.0,0,0,0.0
1785432467.596,17:27:47,baseline,1,0.0,0,0,0.0
1785432467.596,17:27:47,baseline,2,0.0,0,0,0.0
1785432467.596,17:27:47,baseline,3,0.0,0,0,0.0
1785432467.596,17:27:47,baseline,4,0.0,0,0,0.0
1785432467.596,17:27:47,baseline,5,0.0,0,0,0.0
1785432467.596,17:27:47,baseline,6,0.0,0,0,0.0
1785432467.596,17:27:47,baseline,7,0.0,0,0,0.0
1785432468.596,17:27:48,baseline,0,0.0,0,0,0.0
1785432468.596,17:27:48,baseline,1,0.0,0,0,0.0
1785432468.596,17:27:48,baseline,2,0.0,0,0,0.0
1785432468.596,17:27:48,baseline,3,0.0,0,0,0.0
1785432468.596,17:27:48,baseline,4,0.0,0,0,0.0
1785432468.596,17:27:48,baseline,5,0.0,0,0,0.0
1785432468.596,17:27:48,baseline,6,0.0,0,0,0.0
1785432468.596,17:27:48,baseline,7,0.0,0,0,0.0
1785432469.596,17:27:49,baseline,0,0.0,0,0,0.0
1785432469.596,17:27:49,baseline,1,0.0,0,0,0.0
1785432469.596,17:27:49,baseline,2,0.0,0,0,0.0
1785432469.596,17:27:49,baseline,3,0.0,0,0,0.0
1785432469.596,17:27:49,baseline,4,0.0,0,0,0.0
1785432469.596,17:27:49,baseline,5,0.0,0,0,0.0
1785432469.596,17:27:49,baseline,6,0.0,0,0,0.0
1785432469.596,17:27:49,baseline,7,0.0,0,0,0.0
1785432470.597,17:27:50,baseline,0,0.0,0,0,0.0
1785432470.597,17:27:50,baseline,1,0.0,0,0,0.0
1785432470.597,17:27:50,baseline,2,0.0,0,0,0.0
1785432470.597,17:27:50,baseline,3,0.0,0,0,0.0
1785432470.597,17:27:50,baseline,4,0.0,0,0,0.0
1785432470.597,17:27:50,baseline,5,0.0,0,0,0.0
1785432470.597,17:27:50,baseline,6,0.0,0,0,0.0
1785432470.597,17:27:50,baseline,7,0.0,0,0,0.0
1785432471.597,17:27:51,baseline,0,0.0,0,0,0.0
1785432471.597,17:27:51,baseline,1,0.0,0,0,0.0
1785432471.597,17:27:51,baseline,2,0.0,0,0,0.0
1785432471.597,17:27:51,baseline,3,0.0,0,0,0.0
1785432471.597,17:27:51,baseline,4,0.0,0,0,0.0
1785432471.597,17:27:51,baseline,5,0.0,0,0,0.0
1785432471.597,17:27:51,baseline,6,0.0,0,0,0.0
1785432471.597,17:27:51,baseline,7,0.0,0,0,0.0
1785432472.597,17:27:52,baseline,0,0.0,0,0,0.0
1785432472.597,17:27:52,baseline,1,0.0,0,0,0.0
1785432472.597,17:27:52,baseline,2,0.0,0,0,0.0
1785432472.597,17:27:52,baseline,3,0.0,0,0,0.0
1785432472.597,17:27:52,baseline,4,0.0,0,0,0.0
1785432472.597,17:27:52,baseline,5,0.0,0,0,0.0
1785432472.597,17:27:52,baseline,6,0.0,0,0,0.0
1785432472.597,17:27:52,baseline,7,0.0,0,0,0.0
1785432473.597,17:27:53,baseline,0,0.0,0,0,0.0
1785432473.597,17:27:53,baseline,1,0.0,0,0,0.0
1785432473.597,17:27:53,baseline,2,0.0,0,0,0.0
1785432473.597,17:27:53,baseline,3,0.0,0,0,0.0
1785432473.597,17:27:53,baseline,4,0.0,0,0,0.0
1785432473.597,17:27:53,baseline,5,0.0,0,0,0.0
1785432473.597,17:27:53,baseline,6,0.0,0,0,0.0
1785432473.597,17:27:53,baseline,7,0.0,0,0,0.0
1785432474.597,17:27:54,baseline,0,0.0,0,0,0.0
1785432474.597,17:27:54,baseline,1,0.0,0,0,0.0
1785432474.597,17:27:54,baseline,2,0.0,0,0,0.0
1785432474.597,17:27:54,baseline,3,0.0,0,0,0.0
1785432474.597,17:27:54,baseline,4,0.0,0,0,0.0
1785432474.597,17:27:54,baseline,5,0.0,0,0,0.0
1785432474.597,17:27:54,baseline,6,0.0,0,0,0.0
1785432474.597,17:27:54,baseline,7,0.0,0,0,0.0
1785432475.597,17:27:55,baseline,0,0.0,0,0,0.0
1785432475.597,17:27:55,baseline,1,0.0,0,0,0.0
1785432475.597,17:27:55,baseline,2,0.0,0,0,0.0
1785432475.597,17:27:55,baseline,3,0.0,0,0,0.0
1785432475.597,17:27:55,baseline,4,0.0,0,0,0.0
1785432475.597,17:27:55,baseline,5,0.0,0,0,0.0
1785432475.597,17:27:55,baseline,6,0.0,0,0,0.0
1785432475.597,17:27:55,baseline,7,0.0,0,0,0.0
1785432476.597,17:27:56,baseline,0,0.0,0,0,0.0
1785432476.597,17:27:56,baseline,1,0.0,0,0,0.0
1785432476.597,17:27:56,baseline,2,0.0,0,0,0.0
1785432476.597,17:27:56,baseline,3,0.0,0,0,0.0
1785432476.597,17:27:56,baseline,4,0.0,0,0,0.0
1785432476.597,17:27:56,baseline,5,0.0,0,0,0.0
1785432476.597,17:27:56,baseline,6,0.0,0,0,0.0
1785432476.597,17:27:56,baseline,7,0.0,0,0,0.0
1785432477.598,17:27:57,baseline,0,0.0,0,0,0.0
1785432477.598,17:27:57,baseline,1,0.0,0,0,0.0
1785432477.598,17:27:57,baseline,2,0.0,0,0,0.0
1785432477.598,17:27:57,baseline,3,0.0,0,0,0.0
1785432477.598,17:27:57,baseline,4,0.0,0,0,0.0
1785432477.598,17:27:57,baseline,5,0.0,0,0,0.0
1785432477.598,17:27:57,baseline,6,0.0,0,0,0.0
1785432477.598,17:27:57,baseline,7,0.0,0,0,0.0
1785432478.598,17:27:58,baseline,0,0.0,0,0,0.0
1785432478.598,17:27:58,baseline,1,0.0,0,0,0.0
1785432478.598,17:27:58,baseline,2,0.0,0,0,0.0
1785432478.598,17:27:58,baseline,3,0.0,0,0,0.0
1785432478.598,17:27:58,baseline,4,0.0,0,0,0.0
1785432478.598,17:27:58,baseline,5,0.0,0,0,0.0
1785432478.598,17:27:58,baseline,6,0.0,0,0,0.0
1785432478.598,17:27:58,baseline,7,0.0,0,0,0.0
1785432479.598,17:27:59,baseline,0,0.0,0,0,0.0
1785432479.598,17:27:59,baseline,1,0.0,0,0,0.0
1785432479.598,17:27:59,baseline,2,0.0,0,0,0.0
1785432479.598,17:27:59,baseline,3,0.0,0,0,0.0
1785432479.598,17:27:59,baseline,4,0.0,0,0,0.0
1785432479.598,17:27:59,baseline,5,0.0,0,0,0.0
1785432479.598,17:27:59,baseline,6,0.0,0,0,0.0
1785432479.598,17:27:59,baseline,7,0.0,0,0,0.0
1785432480.598,17:28:00,baseline,0,0.0,0,0,0.0
1785432480.598,17:28:00,baseline,1,0.0,0,0,0.0
1785432480.598,17:28:00,baseline,2,0.0,0,0,0.0
1785432480.598,17:28:00,baseline,3,0.0,0,0,0.0
1785432480.598,17:28:00,baseline,4,0.0,0,0,0.0
1785432480.598,17:28:00,baseline,5,0.0,0,0,0.0
1785432480.598,17:28:00,baseline,6,0.0,0,0,0.0
1785432480.598,17:28:00,baseline,7,0.0,0,0,0.0
1785432481.598,17:28:01,baseline,0,0.0,0,0,0.0
1785432481.598,17:28:01,baseline,1,0.0,0,0,0.0
1785432481.598,17:28:01,baseline,2,0.0,0,0,0.0
1785432481.598,17:28:01,baseline,3,0.0,0,0,0.0
1785432481.598,17:28:01,baseline,4,0.0,0,0,0.0
1785432481.598,17:28:01,baseline,5,0.0,0,0,0.0
1785432481.598,17:28:01,baseline,6,0.0,0,0,0.0
1785432481.598,17:28:01,baseline,7,0.0,0,0,0.0
1785432482.598,17:28:02,baseline,0,0.0,0,0,0.0
1785432482.598,17:28:02,baseline,1,0.0,0,0,0.0
1785432482.598,17:28:02,baseline,2,0.0,0,0,0.0
1785432482.598,17:28:02,baseline,3,0.0,0,0,0.0
1785432482.598,17:28:02,baseline,4,0.0,0,0,0.0
1785432482.598,17:28:02,baseline,5,0.0,0,0,0.0
1785432482.598,17:28:02,baseline,6,0.0,0,0,0.0
1785432482.598,17:28:02,baseline,7,0.0,0,0,0.0
1785432483.598,17:28:03,baseline,0,0.0,0,0,0.0
1785432483.598,17:28:03,baseline,1,0.0,0,0,0.0
1785432483.598,17:28:03,baseline,2,0.0,0,0,0.0
1785432483.598,17:28:03,baseline,3,0.0,0,0,0.0
1785432483.598,17:28:03,baseline,4,0.0,0,0,0.0
1785432483.598,17:28:03,baseline,5,0.0,0,0,0.0
1785432483.598,17:28:03,baseline,6,0.0,0,0,0.0
1785432483.598,17:28:03,baseline,7,0.0,0,0,0.0
1785432484.598,17:28:04,baseline,0,0.0,0,0,0.0
1785432484.598,17:28:04,baseline,1,0.0,0,0,0.0
1785432484.598,17:28:04,baseline,2,0.0,0,0,0.0
1785432484.598,17:28:04,baseline,3,0.0,0,0,0.0
1785432484.598,17:28:04,baseline,4,0.0,0,0,0.0
1785432484.598,17:28:04,baseline,5,0.0,0,0,0.0
1785432484.598,17:28:04,baseline,6,0.0,0,0,0.0
1785432484.598,17:28:04,baseline,7,0.0,0,0,0.0
1785432485.599,17:28:05,baseline,0,0.0,0,0,0.0
1785432485.599,17:28:05,baseline,1,0.0,0,0,0.0
1785432485.599,17:28:05,baseline,2,0.0,0,0,0.0
1785432485.599,17:28:05,baseline,3,0.0,0,0,0.0
1785432485.599,17:28:05,baseline,4,0.0,0,0,0.0
1785432485.599,17:28:05,baseline,5,0.0,0,0,0.0
1785432485.599,17:28:05,baseline,6,0.0,0,0,0.0
1785432485.599,17:28:05,baseline,7,0.0,0,0,0.0
1785432486.599,17:28:06,baseline,0,0.0,0,0,0.0
1785432486.599,17:28:06,baseline,1,0.0,0,0,0.0
1785432486.599,17:28:06,baseline,2,0.0,0,0,0.0
1785432486.599,17:28:06,baseline,3,0.0,0,0,0.0
1785432486.599,17:28:06,baseline,4,0.0,0,0,0.0
1785432486.599,17:28:06,baseline,5,0.0,0,0,0.0
1785432486.599,17:28:06,baseline,6,0.0,0,0,0.0
1785432486.599,17:28:06,baseline,7,0.0,0,0,0.0
1785432487.599,17:28:07,baseline,0,0.0,0,0,0.0
1785432487.599,17:28:07,baseline,1,0.0,0,0,0.0
1785432487.599,17:28:07,baseline,2,0.0,0,0,0.0
1785432487.599,17:28:07,baseline,3,0.0,0,0,0.0
1785432487.599,17:28:07,baseline,4,0.0,0,0,0.0
1785432487.599,17:28:07,baseline,5,0.0,0,0,0.0
1785432487.599,17:28:07,baseline,6,0.0,0,0,0.0
1785432487.599,17:28:07,baseline,7,0.0,0,0,0.0
1785432488.599,17:28:08,baseline,0,0.0,0,0,0.0
1785432488.599,17:28:08,baseline,1,0.0,0,0,0.0
1785432488.599,17:28:08,baseline,2,0.0,0,0,0.0
1785432488.599,17:28:08,baseline,3,0.0,0,0,0.0
1785432488.599,17:28:08,baseline,4,0.0,0,0,0.0
1785432488.599,17:28:08,baseline,5,0.0,0,0,0.0
1785432488.599,17:28:08,baseline,6,0.0,0,0,0.0
1785432488.599,17:28:08,baseline,7,0.0,0,0,0.0
1785432489.599,17:28:09,baseline,0,0.0,0,0,0.0
1785432489.599,17:28:09,baseline,1,0.0,0,0,0.0
1785432489.599,17:28:09,baseline,2,0.0,0,0,0.0
1785432489.599,17:28:09,baseline,3,0.0,0,0,0.0
1785432489.599,17:28:09,baseline,4,0.0,0,0,0.0
1785432489.599,17:28:09,baseline,5,0.0,0,0,0.0
1785432489.599,17:28:09,baseline,6,0.0,0,0,0.0
1785432489.599,17:28:09,baseline,7,0.0,0,0,0.0
1785432490.599,17:28:10,baseline,0,0.0,0,0,0.0
1785432490.599,17:28:10,baseline,1,0.0,0,0,0.0
1785432490.599,17:28:10,baseline,2,0.0,0,0,0.0
1785432490.599,17:28:10,baseline,3,0.0,0,0,0.0
1785432490.599,17:28:10,baseline,4,0.0,0,0,0.0
1785432490.599,17:28:10,baseline,5,0.0,0,0,0.0
1785432490.599,17:28:10,baseline,6,0.0,0,0,0.0
1785432490.599,17:28:10,baseline,7,0.0,0,0,0.0
1785432491.599,17:28:11,baseline,0,0.0,0,0,0.0
1785432491.599,17:28:11,baseline,1,0.0,0,0,0.0
1785432491.599,17:28:11,baseline,2,0.0,0,0,0.0
1785432491.599,17:28:11,baseline,3,0.0,0,0,0.0
1785432491.599,17:28:11,baseline,4,0.0,0,0,0.0
1785432491.599,17:28:11,baseline,5,0.0,0,0,0.0
1785432491.599,17:28:11,baseline,6,0.0,0,0,0.0
1785432491.599,17:28:11,baseline,7,0.0,0,0,0.0
1785432492.6,17:28:12,baseline,0,0.0,0,0,0.0
1785432492.6,17:28:12,baseline,1,0.0,0,0,0.0
1785432492.6,17:28:12,baseline,2,0.0,0,0,0.0
1785432492.6,17:28:12,baseline,3,0.0,0,0,0.0
1785432492.6,17:28:12,baseline,4,0.0,0,0,0.0
1785432492.6,17:28:12,baseline,5,0.0,0,0,0.0
1785432492.6,17:28:12,baseline,6,0.0,0,0,0.0
1785432492.6,17:28:12,baseline,7,0.0,0,0,0.0
1785432493.6,17:28:13,baseline,0,0.0,0,0,0.0
1785432493.6,17:28:13,baseline,1,0.0,0,0,0.0
1785432493.6,17:28:13,baseline,2,0.0,0,0,0.0
1785432493.6,17:28:13,baseline,3,0.0,0,0,0.0
1785432493.6,17:28:13,baseline,4,0.0,0,0,0.0
1785432493.6,17:28:13,baseline,5,0.0,0,0,0.0
1785432493.6,17:28:13,baseline,6,0.0,0,0,0.0
1785432493.6,17:28:13,baseline,7,0.0,0,0,0.0
1785432494.6,17:28:14,baseline,0,0.0,0,0,0.0
1785432494.6,17:28:14,baseline,1,0.0,0,0,0.0
1785432494.6,17:28:14,baseline,2,0.0,0,0,0.0
1785432494.6,17:28:14,baseline,3,0.0,0,0,0.0
1785432494.6,17:28:14,baseline,4,0.0,0,0,0.0
1785432494.6,17:28:14,baseline,5,0.0,0,0,0.0
1785432494.6,17:28:14,baseline,6,0.0,0,0,0.0
1785432494.6,17:28:14,baseline,7,0.0,0,0,0.0
1785432495.6,17:28:15,baseline,0,0.0,0,0,0.0
1785432495.6,17:28:15,baseline,1,0.0,0,0,0.0
1785432495.6,17:28:15,baseline,2,0.0,0,0,0.0
1785432495.6,17:28:15,baseline,3,0.0,0,0,0.0
1785432495.6,17:28:15,baseline,4,0.0,0,0,0.0
1785432495.6,17:28:15,baseline,5,0.0,0,0,0.0
1785432495.6,17:28:15,baseline,6,0.0,0,0,0.0
1785432495.6,17:28:15,baseline,7,0.0,0,0,0.0
1785432496.6,17:28:16,baseline,0,0.0,0,0,0.0
1785432496.6,17:28:16,baseline,1,0.0,0,0,0.0
1785432496.6,17:28:16,baseline,2,0.0,0,0,0.0
1785432496.6,17:28:16,baseline,3,0.0,0,0,0.0
1785432496.6,17:28:16,baseline,4,0.0,0,0,0.0
1785432496.6,17:28:16,baseline,5,0.0,0,0,0.0
1785432496.6,17:28:16,baseline,6,0.0,0,0,0.0
1785432496.6,17:28:16,baseline,7,0.0,0,0,0.0
1785432497.6,17:28:17,baseline,0,0.0,0,0,0.0
1785432497.6,17:28:17,baseline,1,0.0,0,0,0.0
1785432497.6,17:28:17,baseline,2,0.0,0,0,0.0
1785432497.6,17:28:17,baseline,3,0.0,0,0,0.0
1785432497.6,17:28:17,baseline,4,0.0,0,0,0.0
1785432497.6,17:28:17,baseline,5,0.0,0,0,0.0
1785432497.6,17:28:17,baseline,6,0.0,0,0,0.0
1785432497.6,17:28:17,baseline,7,0.0,0,0,0.0
1785432498.6,17:28:18,baseline,0,0.0,0,0,0.0
1785432498.6,17:28:18,baseline,1,0.0,0,0,0.0
1785432498.6,17:28:18,baseline,2,0.0,0,0,0.0
1785432498.6,17:28:18,baseline,3,0.0,0,0,0.0
1785432498.6,17:28:18,baseline,4,0.0,0,0,0.0
1785432498.6,17:28:18,baseline,5,0.0,0,0,0.0
1785432498.6,17:28:18,baseline,6,0.0,0,0,0.0
1785432498.6,17:28:18,baseline,7,0.0,0,0,0.0
1785432499.6,17:28:19,baseline,0,0.0,0,0,0.0
1785432499.6,17:28:19,baseline,1,0.0,0,0,0.0
1785432499.6,17:28:19,baseline,2,0.0,0,0,0.0
1785432499.6,17:28:19,baseline,3,0.0,0,0,0.0
1785432499.6,17:28:19,baseline,4,0.0,0,0,0.0
1785432499.6,17:28:19,baseline,5,0.0,0,0,0.0
1785432499.6,17:28:19,baseline,6,0.0,0,0,0.0
1785432499.6,17:28:19,baseline,7,0.0,0,0,0.0
1785432500.601,17:28:20,baseline,0,0.0,0,0,0.0
1785432500.601,17:28:20,baseline,1,0.0,0,0,0.0
1785432500.601,17:28:20,baseline,2,0.0,0,0,0.0
1785432500.601,17:28:20,baseline,3,0.0,0,0,0.0
1785432500.601,17:28:20,baseline,4,0.0,0,0,0.0
1785432500.601,17:28:20,baseline,5,0.0,0,0,0.0
1785432500.601,17:28:20,baseline,6,0.0,0,0,0.0
1785432500.601,17:28:20,baseline,7,0.0,0,0,0.0
1785432501.601,17:28:21,baseline,0,0.0,0,0,0.0
1785432501.601,17:28:21,baseline,1,0.0,0,0,0.0
1785432501.601,17:28:21,baseline,2,0.0,0,0,0.0
1785432501.601,17:28:21,baseline,3,0.0,0,0,0.0
1785432501.601,17:28:21,baseline,4,0.0,0,0,0.0
1785432501.601,17:28:21,baseline,5,0.0,0,0,0.0
1785432501.601,17:28:21,baseline,6,0.0,0,0,0.0
1785432501.601,17:28:21,baseline,7,0.0,0,0,0.0
1785432502.601,17:28:22,baseline,0,0.0,0,0,0.0
1785432502.601,17:28:22,baseline,1,0.0,0,0,0.0
1785432502.601,17:28:22,baseline,2,0.0,0,0,0.0
1785432502.601,17:28:22,baseline,3,0.0,0,0,0.0
1785432502.601,17:28:22,baseline,4,0.0,0,0,0.0
1785432502.601,17:28:22,baseline,5,0.0,0,0,0.0
1785432502.601,17:28:22,baseline,6,0.0,0,0,0.0
1785432502.601,17:28:22,baseline,7,0.0,0,0,0.0
1785432503.601,17:28:23,baseline,0,0.0,0,0,0.0
1785432503.601,17:28:23,baseline,1,0.0,0,0,0.0
1785432503.601,17:28:23,baseline,2,0.0,0,0,0.0
1785432503.601,17:28:23,baseline,3,0.0,0,0,0.0
1785432503.601,17:28:23,baseline,4,0.0,0,0,0.0
1785432503.601,17:28:23,baseline,5,0.0,0,0,0.0
1785432503.601,17:28:23,baseline,6,0.0,0,0,0.0
1785432503.601,17:28:23,baseline,7,0.0,0,0,0.0
1785432504.601,17:28:24,baseline,0,0.0,0,0,0.0
1785432504.601,17:28:24,baseline,1,0.0,0,0,0.0
1785432504.601,17:28:24,baseline,2,0.0,0,0,0.0
1785432504.601,17:28:24,baseline,3,0.0,0,0,0.0
1785432504.601,17:28:24,baseline,4,0.0,0,0,0.0
1785432504.601,17:28:24,baseline,5,0.0,0,0,0.0
1785432504.601,17:28:24,baseline,6,0.0,0,0,0.0
1785432504.601,17:28:24,baseline,7,0.0,0,0,0.0
1785432505.601,17:28:25,baseline,0,0.0,0,0,0.0
1785432505.601,17:28:25,baseline,1,0.0,0,0,0.0
1785432505.601,17:28:25,baseline,2,0.0,0,0,0.0
1785432505.601,17:28:25,baseline,3,0.0,0,0,0.0
1785432505.601,17:28:25,baseline,4,0.0,0,0,0.0
1785432505.601,17:28:25,baseline,5,0.0,0,0,0.0
1785432505.601,17:28:25,baseline,6,0.0,0,0,0.0
1785432505.601,17:28:25,baseline,7,0.0,0,0,0.0
1785432506.601,17:28:26,baseline,0,0.0,0,0,0.0
1785432506.601,17:28:26,baseline,1,0.0,0,0,0.0
1785432506.601,17:28:26,baseline,2,0.0,0,0,0.0
1785432506.601,17:28:26,baseline,3,0.0,0,0,0.0
1785432506.601,17:28:26,baseline,4,0.0,0,0,0.0
1785432506.601,17:28:26,baseline,5,0.0,0,0,0.0
1785432506.601,17:28:26,baseline,6,0.0,0,0,0.0
1785432506.601,17:28:26,baseline,7,0.0,0,0,0.0
1785432507.602,17:28:27,baseline,0,0.0,0,0,0.0
1785432507.602,17:28:27,baseline,1,0.0,0,0,0.0
1785432507.602,17:28:27,baseline,2,0.0,0,0,0.0
1785432507.602,17:28:27,baseline,3,0.0,0,0,0.0
1785432507.602,17:28:27,baseline,4,0.0,0,0,0.0
1785432507.602,17:28:27,baseline,5,0.0,0,0,0.0
1785432507.602,17:28:27,baseline,6,0.0,0,0,0.0
1785432507.602,17:28:27,baseline,7,0.0,0,0,0.0
1785432508.602,17:28:28,baseline,0,0.0,0,0,0.0
1785432508.602,17:28:28,baseline,1,0.0,0,0,0.0
1785432508.602,17:28:28,baseline,2,0.0,0,0,0.0
1785432508.602,17:28:28,baseline,3,0.0,0,0,0.0
1785432508.602,17:28:28,baseline,4,0.0,0,0,0.0
1785432508.602,17:28:28,baseline,5,0.0,0,0,0.0
1785432508.602,17:28:28,baseline,6,0.0,0,0,0.0
1785432508.602,17:28:28,baseline,7,0.0,0,0,0.0
1785432509.602,17:28:29,baseline,0,0.0,0,0,0.0
1785432509.602,17:28:29,baseline,1,0.0,0,0,0.0
1785432509.602,17:28:29,baseline,2,0.0,0,0,0.0
1785432509.602,17:28:29,baseline,3,0.0,0,0,0.0
1785432509.602,17:28:29,baseline,4,0.0,0,0,0.0
1785432509.602,17:28:29,baseline,5,0.0,0,0,0.0
1785432509.602,17:28:29,baseline,6,0.0,0,0,0.0
1785432509.602,17:28:29,baseline,7,0.0,0,0,0.0
1785432510.602,17:28:30,baseline,0,0.0,0,0,0.0
1785432510.602,17:28:30,baseline,1,0.0,0,0,0.0
1785432510.602,17:28:30,baseline,2,0.0,0,0,0.0
1785432510.602,17:28:30,baseline,3,0.0,0,0,0.0
1785432510.602,17:28:30,baseline,4,0.0,0,0,0.0
1785432510.602,17:28:30,baseline,5,0.0,0,0,0.0
1785432510.602,17:28:30,baseline,6,0.0,0,0,0.0
1785432510.602,17:28:30,baseline,7,0.0,0,0,0.0
1785432511.602,17:28:31,baseline,0,0.0,0,0,0.0
1785432511.602,17:28:31,baseline,1,0.0,0,0,0.0
1785432511.602,17:28:31,baseline,2,0.0,0,0,0.0
1785432511.602,17:28:31,baseline,3,0.0,0,0,0.0
1785432511.602,17:28:31,baseline,4,0.0,0,0,0.0
1785432511.602,17:28:31,baseline,5,0.0,0,0,0.0
1785432511.602,17:28:31,baseline,6,0.0,0,0,0.0
1785432511.602,17:28:31,baseline,7,0.0,0,0,0.0
1785432512.602,17:28:32,baseline,0,0.0,0,0,0.0
1785432512.602,17:28:32,baseline,1,0.0,0,0,0.0
1785432512.602,17:28:32,baseline,2,0.0,0,0,0.0
1785432512.602,17:28:32,baseline,3,0.0,0,0,0.0
1785432512.602,17:28:32,baseline,4,0.0,0,0,0.0
1785432512.602,17:28:32,baseline,5,0.0,0,0,0.0
1785432512.602,17:28:32,baseline,6,0.0,0,0,0.0
1785432512.602,17:28:32,baseline,7,0.0,0,0,0.0
1785432513.603,17:28:33,baseline,0,0.0,0,0,0.0
1785432513.603,17:28:33,baseline,1,0.0,0,0,0.0
1785432513.603,17:28:33,baseline,2,0.0,0,0,0.0
1785432513.603,17:28:33,baseline,3,0.0,0,0,0.0
1785432513.603,17:28:33,baseline,4,0.0,0,0,0.0
1785432513.603,17:28:33,baseline,5,0.0,0,0,0.0
1785432513.603,17:28:33,baseline,6,0.0,0,0,0.0
1785432513.603,17:28:33,baseline,7,0.0,0,0,0.0
1785432514.603,17:28:34,baseline,0,0.0,0,0,0.0
1785432514.603,17:28:34,baseline,1,0.0,0,0,0.0
1785432514.603,17:28:34,baseline,2,0.0,0,0,0.0
1785432514.603,17:28:34,baseline,3,0.0,0,0,0.0
1785432514.603,17:28:34,baseline,4,0.0,0,0,0.0
1785432514.603,17:28:34,baseline,5,0.0,0,0,0.0
1785432514.603,17:28:34,baseline,6,0.0,0,0,0.0
1785432514.603,17:28:34,baseline,7,0.0,0,0,0.0
1785432515.603,17:28:35,baseline,0,0.0,0,0,0.0
1785432515.603,17:28:35,baseline,1,0.0,0,0,0.0
1785432515.603,17:28:35,baseline,2,0.0,0,0,0.0
1785432515.603,17:28:35,baseline,3,0.0,0,0,0.0
1785432515.603,17:28:35,baseline,4,0.0,0,0,0.0
1785432515.603,17:28:35,baseline,5,0.0,0,0,0.0
1785432515.603,17:28:35,baseline,6,0.0,0,0,0.0
1785432515.603,17:28:35,baseline,7,0.0,0,0,0.0
1785432516.603,17:28:36,baseline,0,0.0,0,0,0.0
1785432516.603,17:28:36,baseline,1,0.0,0,0,0.0
1785432516.603,17:28:36,baseline,2,0.0,0,0,0.0
1785432516.603,17:28:36,baseline,3,0.0,0,0,0.0
1785432516.603,17:28:36,baseline,4,0.0,0,0,0.0
1785432516.603,17:28:36,baseline,5,0.0,0,0,0.0
1785432516.603,17:28:36,baseline,6,0.0,0,0,0.0
1785432516.603,17:28:36,baseline,7,0.0,0,0,0.0
1785432517.603,17:28:37,baseline,0,0.0,0,0,0.0
1785432517.603,17:28:37,baseline,1,0.0,0,0,0.0
1785432517.603,17:28:37,baseline,2,0.0,0,0,0.0
1785432517.603,17:28:37,baseline,3,0.0,0,0,0.0
1785432517.603,17:28:37,baseline,4,0.0,0,0,0.0
1785432517.603,17:28:37,baseline,5,0.0,0,0,0.0
1785432517.603,17:28:37,baseline,6,0.0,0,0,0.0
1785432517.603,17:28:37,baseline,7,0.0,0,0,0.0
1785432518.603,17:28:38,baseline,0,0.0,0,0,0.0
1785432518.603,17:28:38,baseline,1,0.0,0,0,0.0
1785432518.603,17:28:38,baseline,2,0.0,0,0,0.0
1785432518.603,17:28:38,baseline,3,0.0,0,0,0.0
1785432518.603,17:28:38,baseline,4,0.0,0,0,0.0
1785432518.603,17:28:38,baseline,5,0.0,0,0,0.0
1785432518.603,17:28:38,baseline,6,0.0,0,0,0.0
1785432518.603,17:28:38,baseline,7,0.0,0,0,0.0
1785432519.603,17:28:39,baseline,0,0.0,0,0,0.0
1785432519.603,17:28:39,baseline,1,0.0,0,0,0.0
1785432519.603,17:28:39,baseline,2,0.0,0,0,0.0
1785432519.603,17:28:39,baseline,3,0.0,0,0,0.0
1785432519.603,17:28:39,baseline,4,0.0,0,0,0.0
1785432519.603,17:28:39,baseline,5,0.0,0,0,0.0
1785432519.603,17:28:39,baseline,6,0.0,0,0,0.0
1785432519.603,17:28:39,baseline,7,0.0,0,0,0.0
1785432520.604,17:28:40,baseline,0,0.0,0,0,0.0
1785432520.604,17:28:40,baseline,1,0.0,0,0,0.0
1785432520.604,17:28:40,baseline,2,0.0,0,0,0.0
1785432520.604,17:28:40,baseline,3,0.0,0,0,0.0
1785432520.604,17:28:40,baseline,4,0.0,0,0,0.0
1785432520.604,17:28:40,baseline,5,0.0,0,0,0.0
1785432520.604,17:28:40,baseline,6,0.0,0,0,0.0
1785432520.604,17:28:40,baseline,7,0.0,0,0,0.0
1785432521.604,17:28:41,baseline,0,0.0,0,0,0.0
1785432521.604,17:28:41,baseline,1,0.0,0,0,0.0
1785432521.604,17:28:41,baseline,2,0.0,0,0,0.0
1785432521.604,17:28:41,baseline,3,0.0,0,0,0.0
1785432521.604,17:28:41,baseline,4,0.0,0,0,0.0
1785432521.604,17:28:41,baseline,5,0.0,0,0,0.0
1785432521.604,17:28:41,baseline,6,0.0,0,0,0.0
1785432521.604,17:28:41,baseline,7,0.0,0,0,0.0
1785432522.604,17:28:42,baseline,0,0.0,0,0,0.0
1785432522.604,17:28:42,baseline,1,0.0,0,0,0.0
1785432522.604,17:28:42,baseline,2,0.0,0,0,0.0
1785432522.604,17:28:42,baseline,3,0.0,0,0,0.0
1785432522.604,17:28:42,baseline,4,0.0,0,0,0.0
1785432522.604,17:28:42,baseline,5,0.0,0,0,0.0
1785432522.604,17:28:42,baseline,6,0.0,0,0,0.0
1785432522.604,17:28:42,baseline,7,0.0,0,0,0.0
1785432523.604,17:28:43,baseline,0,0.0,0,0,0.0
1785432523.604,17:28:43,baseline,1,0.0,0,0,0.0
1785432523.604,17:28:43,baseline,2,0.0,0,0,0.0
1785432523.604,17:28:43,baseline,3,0.0,0,0,0.0
1785432523.604,17:28:43,baseline,4,0.0,0,0,0.0
1785432523.604,17:28:43,baseline,5,0.0,0,0,0.0
1785432523.604,17:28:43,baseline,6,0.0,0,0,0.0
1785432523.604,17:28:43,baseline,7,0.0,0,0,0.0
1785432524.604,17:28:44,baseline,0,0.0,0,0,0.0
1785432524.604,17:28:44,baseline,1,0.0,0,0,0.0
1785432524.604,17:28:44,baseline,2,0.0,0,0,0.0
1785432524.604,17:28:44,baseline,3,0.0,0,0,0.0
1785432524.604,17:28:44,baseline,4,0.0,0,0,0.0
1785432524.604,17:28:44,baseline,5,0.0,0,0,0.0
1785432524.604,17:28:44,baseline,6,0.0,0,0,0.0
1785432524.604,17:28:44,baseline,7,0.0,0,0,0.0
1785432525.604,17:28:45,baseline,0,0.0,0,0,0.0
1785432525.604,17:28:45,baseline,1,0.0,0,0,0.0
1785432525.604,17:28:45,baseline,2,0.0,0,0,0.0
1785432525.604,17:28:45,baseline,3,0.0,0,0,0.0
1785432525.604,17:28:45,baseline,4,0.0,0,0,0.0
1785432525.604,17:28:45,baseline,5,0.0,0,0,0.0
1785432525.604,17:28:45,baseline,6,0.0,0,0,0.0
1785432525.604,17:28:45,baseline,7,0.0,0,0,0.0
1785432526.604,17:28:46,baseline,0,0.0,0,0,0.0
1785432526.604,17:28:46,baseline,1,0.0,0,0,0.0
1785432526.604,17:28:46,baseline,2,0.0,0,0,0.0
1785432526.604,17:28:46,baseline,3,0.0,0,0,0.0
1785432526.604,17:28:46,baseline,4,0.0,0,0,0.0
1785432526.604,17:28:46,baseline,5,0.0,0,0,0.0
1785432526.604,17:28:46,baseline,6,0.0,0,0,0.0
1785432526.604,17:28:46,baseline,7,0.0,0,0,0.0
1785432527.605,17:28:47,baseline,0,0.0,0,0,0.0
1785432527.605,17:28:47,baseline,1,0.0,0,0,0.0
1785432527.605,17:28:47,baseline,2,0.0,0,0,0.0
1785432527.605,17:28:47,baseline,3,0.0,0,0,0.0
1785432527.605,17:28:47,baseline,4,0.0,0,0,0.0
1785432527.605,17:28:47,baseline,5,0.0,0,0,0.0
1785432527.605,17:28:47,baseline,6,0.0,0,0,0.0
1785432527.605,17:28:47,baseline,7,0.0,0,0,0.0
1785432528.605,17:28:48,baseline,0,0.0,0,0,0.0
1785432528.605,17:28:48,baseline,1,0.0,0,0,0.0
1785432528.605,17:28:48,baseline,2,0.0,0,0,0.0
1785432528.605,17:28:48,baseline,3,0.0,0,0,0.0
1785432528.605,17:28:48,baseline,4,0.0,0,0,0.0
1785432528.605,17:28:48,baseline,5,0.0,0,0,0.0
1785432528.605,17:28:48,baseline,6,0.0,0,0,0.0
1785432528.605,17:28:48,baseline,7,0.0,0,0,0.0
1785432529.605,17:28:49,baseline,0,0.0,0,0,0.0
1785432529.605,17:28:49,baseline,1,0.0,0,0,0.0
1785432529.605,17:28:49,baseline,2,0.0,0,0,0.0
1785432529.605,17:28:49,baseline,3,0.0,0,0,0.0
1785432529.605,17:28:49,baseline,4,0.0,0,0,0.0
1785432529.605,17:28:49,baseline,5,0.0,0,0,0.0
1785432529.605,17:28:49,baseline,6,0.0,0,0,0.0
1785432529.605,17:28:49,baseline,7,0.0,0,0,0.0
1785432530.605,17:28:50,baseline,0,0.0,0,0,0.0
1785432530.605,17:28:50,baseline,1,0.0,0,0,0.0
1785432530.605,17:28:50,baseline,2,0.0,0,0,0.0
1785432530.605,17:28:50,baseline,3,0.0,0,0,0.0
1785432530.605,17:28:50,baseline,4,0.0,0,0,0.0
1785432530.605,17:28:50,baseline,5,0.0,0,0,0.0
1785432530.605,17:28:50,baseline,6,0.0,0,0,0.0
1785432530.605,17:28:50,baseline,7,0.0,0,0,0.0
1785432531.605,17:28:51,baseline,0,0.0,0,0,0.0
1785432531.605,17:28:51,baseline,1,0.0,0,0,0.0
1785432531.605,17:28:51,baseline,2,0.0,0,0,0.0
1785432531.605,17:28:51,baseline,3,0.0,0,0,0.0
1785432531.605,17:28:51,baseline,4,0.0,0,0,0.0
1785432531.605,17:28:51,baseline,5,0.0,0,0,0.0
1785432531.605,17:28:51,baseline,6,0.0,0,0,0.0
1785432531.605,17:28:51,baseline,7,0.0,0,0,0.0
1785432532.605,17:28:52,baseline,0,0.0,0,0,0.0
1785432532.605,17:28:52,baseline,1,0.0,0,0,0.0
1785432532.605,17:28:52,baseline,2,0.0,0,0,0.0
1785432532.605,17:28:52,baseline,3,0.0,0,0,0.0
1785432532.605,17:28:52,baseline,4,0.0,0,0,0.0
1785432532.605,17:28:52,baseline,5,0.0,0,0,0.0
1785432532.605,17:28:52,baseline,6,0.0,0,0,0.0
1785432532.605,17:28:52,baseline,7,0.0,0,0,0.0
1785432533.605,17:28:53,baseline,0,0.0,0,0,0.0
1785432533.605,17:28:53,baseline,1,0.0,0,0,0.0
1785432533.605,17:28:53,baseline,2,0.0,0,0,0.0
1785432533.605,17:28:53,baseline,3,0.0,0,0,0.0
1785432533.605,17:28:53,baseline,4,0.0,0,0,0.0
1785432533.605,17:28:53,baseline,5,0.0,0,0,0.0
1785432533.605,17:28:53,baseline,6,0.0,0,0,0.0
1785432533.605,17:28:53,baseline,7,0.0,0,0,0.0
1785432534.606,17:28:54,baseline,0,0.0,0,0,0.0
1785432534.606,17:28:54,baseline,1,0.0,0,0,0.0
1785432534.606,17:28:54,baseline,2,0.0,0,0,0.0
1785432534.606,17:28:54,baseline,3,0.0,0,0,0.0
1785432534.606,17:28:54,baseline,4,0.0,0,0,0.0
1785432534.606,17:28:54,baseline,5,0.0,0,0,0.0
1785432534.606,17:28:54,baseline,6,0.0,0,0,0.0
1785432534.606,17:28:54,baseline,7,0.0,0,0,0.0
1785432535.606,17:28:55,baseline,0,0.0,0,0,0.0
1785432535.606,17:28:55,baseline,1,0.0,0,0,0.0
1785432535.606,17:28:55,baseline,2,0.0,0,0,0.0
1785432535.606,17:28:55,baseline,3,0.0,0,0,0.0
1785432535.606,17:28:55,baseline,4,0.0,0,0,0.0
1785432535.606,17:28:55,baseline,5,0.0,0,0,0.0
1785432535.606,17:28:55,baseline,6,0.0,0,0,0.0
1785432535.606,17:28:55,baseline,7,0.0,0,0,0.0
1785432536.606,17:28:56,baseline,0,0.0,0,0,0.0
1785432536.606,17:28:56,baseline,1,0.0,0,0,0.0
1785432536.606,17:28:56,baseline,2,0.0,0,0,0.0
1785432536.606,17:28:56,baseline,3,0.0,0,0,0.0
1785432536.606,17:28:56,baseline,4,0.0,0,0,0.0
1785432536.606,17:28:56,baseline,5,0.0,0,0,0.0
1785432536.606,17:28:56,baseline,6,0.0,0,0,0.0
1785432536.606,17:28:56,baseline,7,0.0,0,0,0.0
1785432537.606,17:28:57,baseline,0,0.0,0,0,0.0
1785432537.606,17:28:57,baseline,1,0.0,0,0,0.0
1785432537.606,17:28:57,baseline,2,0.0,0,0,0.0
1785432537.606,17:28:57,baseline,3,0.0,0,0,0.0
1785432537.606,17:28:57,baseline,4,0.0,0,0,0.0
1785432537.606,17:28:57,baseline,5,0.0,0,0,0.0
1785432537.606,17:28:57,baseline,6,0.0,0,0,0.0
1785432537.606,17:28:57,baseline,7,0.0,0,0,0.0
1785432538.606,17:28:58,baseline,0,0.0,0,0,0.0
1785432538.606,17:28:58,baseline,1,0.0,0,0,0.0
1785432538.606,17:28:58,baseline,2,0.0,0,0,0.0
1785432538.606,17:28:58,baseline,3,0.0,0,0,0.0
1785432538.606,17:28:58,baseline,4,0.0,0,0,0.0
1785432538.606,17:28:58,baseline,5,0.0,0,0,0.0
1785432538.606,17:28:58,baseline,6,0.0,0,0,0.0
1785432538.606,17:28:58,baseline,7,0.0,0,0,0.0
1785432539.606,17:28:59,baseline,0,0.0,0,0,0.0
1785432539.606,17:28:59,baseline,1,0.0,0,0,0.0
1785432539.606,17:28:59,baseline,2,0.0,0,0,0.0
1785432539.606,17:28:59,baseline,3,0.0,0,0,0.0
1785432539.606,17:28:59,baseline,4,0.0,0,0,0.0
1785432539.606,17:28:59,baseline,5,0.0,0,0,0.0
1785432539.606,17:28:59,baseline,6,0.0,0,0,0.0
1785432539.606,17:28:59,baseline,7,0.0,0,0,0.0
1785432540.606,17:29:00,baseline,0,0.0,0,0,0.0
1785432540.606,17:29:00,baseline,1,0.0,0,0,0.0
1785432540.606,17:29:00,baseline,2,0.0,0,0,0.0
1785432540.606,17:29:00,baseline,3,0.0,0,0,0.0
1785432540.606,17:29:00,baseline,4,0.0,0,0,0.0
1785432540.606,17:29:00,baseline,5,0.0,0,0,0.0
1785432540.606,17:29:00,baseline,6,0.0,0,0,0.0
1785432540.606,17:29:00,baseline,7,0.0,0,0,0.0
1785432541.606,17:29:01,baseline,0,0.0,0,0,0.0
1785432541.606,17:29:01,baseline,1,0.0,0,0,0.0
1785432541.606,17:29:01,baseline,2,0.0,0,0,0.0
1785432541.606,17:29:01,baseline,3,0.0,0,0,0.0
1785432541.606,17:29:01,baseline,4,0.0,0,0,0.0
1785432541.606,17:29:01,baseline,5,0.0,0,0,0.0
1785432541.606,17:29:01,baseline,6,0.0,0,0,0.0
1785432541.606,17:29:01,baseline,7,0.0,0,0,0.0
1785432542.606,17:29:02,baseline,0,0.0,0,0,0.0
1785432542.606,17:29:02,baseline,1,0.0,0,0,0.0
1785432542.606,17:29:02,baseline,2,0.0,0,0,0.0
1785432542.606,17:29:02,baseline,3,0.0,0,0,0.0
1785432542.606,17:29:02,baseline,4,0.0,0,0,0.0
1785432542.606,17:29:02,baseline,5,0.0,0,0,0.0
1785432542.606,17:29:02,baseline,6,0.0,0,0,0.0
1785432542.606,17:29:02,baseline,7,0.0,0,0,0.0
1785432543.607,17:29:03,baseline,0,0.0,0,0,0.0
1785432543.607,17:29:03,baseline,1,0.0,0,0,0.0
1785432543.607,17:29:03,baseline,2,0.0,0,0,0.0
1785432543.607,17:29:03,baseline,3,0.0,0,0,0.0
1785432543.607,17:29:03,baseline,4,0.0,0,0,0.0
1785432543.607,17:29:03,baseline,5,0.0,0,0,0.0
1785432543.607,17:29:03,baseline,6,0.0,0,0,0.0
1785432543.607,17:29:03,baseline,7,0.0,0,0,0.0
1785432544.607,17:29:04,baseline,0,0.0,0,0,0.0
1785432544.607,17:29:04,baseline,1,0.0,0,0,0.0
1785432544.607,17:29:04,baseline,2,0.0,0,0,0.0
1785432544.607,17:29:04,baseline,3,0.0,0,0,0.0
1785432544.607,17:29:04,baseline,4,0.0,0,0,0.0
1785432544.607,17:29:04,baseline,5,0.0,0,0,0.0
1785432544.607,17:29:04,baseline,6,0.0,0,0,0.0
1785432544.607,17:29:04,baseline,7,0.0,0,0,0.0
1785432545.607,17:29:05,baseline,0,0.0,0,0,0.0
1785432545.607,17:29:05,baseline,1,0.0,0,0,0.0
1785432545.607,17:29:05,baseline,2,0.0,0,0,0.0
1785432545.607,17:29:05,baseline,3,0.0,0,0,0.0
1785432545.607,17:29:05,baseline,4,0.0,0,0,0.0
1785432545.607,17:29:05,baseline,5,0.0,0,0,0.0
1785432545.607,17:29:05,baseline,6,0.0,0,0,0.0
1785432545.607,17:29:05,baseline,7,0.0,0,0,0.0
1785432546.607,17:29:06,baseline,0,0.0,0,0,0.0
1785432546.607,17:29:06,baseline,1,0.0,0,0,0.0
1785432546.607,17:29:06,baseline,2,0.0,0,0,0.0
1785432546.607,17:29:06,baseline,3,0.0,0,0,0.0
1785432546.607,17:29:06,baseline,4,0.0,0,0,0.0
1785432546.607,17:29:06,baseline,5,0.0,0,0,0.0
1785432546.607,17:29:06,baseline,6,0.0,0,0,0.0
1785432546.607,17:29:06,baseline,7,0.0,0,0,0.0
1785432547.607,17:29:07,baseline,0,0.0,0,0,0.0
1785432547.607,17:29:07,baseline,1,0.0,0,0,0.0
1785432547.607,17:29:07,baseline,2,0.0,0,0,0.0
1785432547.607,17:29:07,baseline,3,0.0,0,0,0.0
1785432547.607,17:29:07,baseline,4,0.0,0,0,0.0
1785432547.607,17:29:07,baseline,5,0.0,0,0,0.0
1785432547.607,17:29:07,baseline,6,0.0,0,0,0.0
1785432547.607,17:29:07,baseline,7,0.0,0,0,0.0
1785432548.607,17:29:08,baseline,0,0.0,0,0,0.0
1785432548.607,17:29:08,baseline,1,0.0,0,0,0.0
1785432548.607,17:29:08,baseline,2,0.0,0,0,0.0
1785432548.607,17:29:08,baseline,3,0.0,0,0,0.0
1785432548.607,17:29:08,baseline,4,0.0,0,0,0.0
1785432548.607,17:29:08,baseline,5,0.0,0,0,0.0
1785432548.607,17:29:08,baseline,6,0.0,0,0,0.0
1785432548.607,17:29:08,baseline,7,0.0,0,0,0.0
1785432549.607,17:29:09,baseline,0,0.0,0,0,0.0
1785432549.607,17:29:09,baseline,1,0.0,0,0,0.0
1785432549.607,17:29:09,baseline,2,0.0,0,0,0.0
1785432549.607,17:29:09,baseline,3,0.0,0,0,0.0
1785432549.607,17:29:09,baseline,4,0.0,0,0,0.0
1785432549.607,17:29:09,baseline,5,0.0,0,0,0.0
1785432549.607,17:29:09,baseline,6,0.0,0,0,0.0
1785432549.607,17:29:09,baseline,7,0.0,0,0,0.0
1785432550.608,17:29:10,baseline,0,0.0,0,0,0.0
1785432550.608,17:29:10,baseline,1,0.0,0,0,0.0
1785432550.608,17:29:10,baseline,2,0.0,0,0,0.0
1785432550.608,17:29:10,baseline,3,0.0,0,0,0.0
1785432550.608,17:29:10,baseline,4,0.0,0,0,0.0
1785432550.608,17:29:10,baseline,5,0.0,0,0,0.0
1785432550.608,17:29:10,baseline,6,0.0,0,0,0.0
1785432550.608,17:29:10,baseline,7,0.0,0,0,0.0
1785432551.608,17:29:11,baseline,0,0.0,0,0,0.0
1785432551.608,17:29:11,baseline,1,0.0,0,0,0.0
1785432551.608,17:29:11,baseline,2,0.0,0,0,0.0
1785432551.608,17:29:11,baseline,3,0.0,0,0,0.0
1785432551.608,17:29:11,baseline,4,0.0,0,0,0.0
1785432551.608,17:29:11,baseline,5,0.0,0,0,0.0
1785432551.608,17:29:11,baseline,6,0.0,0,0,0.0
1785432551.608,17:29:11,baseline,7,0.0,0,0,0.0
1785432552.608,17:29:12,baseline,0,0.0,0,0,0.0
1785432552.608,17:29:12,baseline,1,0.0,0,0,0.0
1785432552.608,17:29:12,baseline,2,0.0,0,0,0.0
1785432552.608,17:29:12,baseline,3,0.0,0,0,0.0
1785432552.608,17:29:12,baseline,4,0.0,0,0,0.0
1785432552.608,17:29:12,baseline,5,0.0,0,0,0.0
1785432552.608,17:29:12,baseline,6,0.0,0,0,0.0
1785432552.608,17:29:12,baseline,7,0.0,0,0,0.0
1785432553.608,17:29:13,baseline,0,0.0,0,0,0.0
1785432553.608,17:29:13,baseline,1,0.0,0,0,0.0
1785432553.608,17:29:13,baseline,2,0.0,0,0,0.0
1785432553.608,17:29:13,baseline,3,0.0,0,0,0.0
1785432553.608,17:29:13,baseline,4,0.0,0,0,0.0
1785432553.608,17:29:13,baseline,5,0.0,0,0,0.0
1785432553.608,17:29:13,baseline,6,0.0,0,0,0.0
1785432553.608,17:29:13,baseline,7,0.0,0,0,0.0
1785432554.608,17:29:14,baseline,0,0.0,0,0,0.0
1785432554.608,17:29:14,baseline,1,0.0,0,0,0.0
1785432554.608,17:29:14,baseline,2,0.0,0,0,0.0
1785432554.608,17:29:14,baseline,3,0.0,0,0,0.0
1785432554.608,17:29:14,baseline,4,0.0,0,0,0.0
1785432554.608,17:29:14,baseline,5,0.0,0,0,0.0
1785432554.608,17:29:14,baseline,6,0.0,0,0,0.0
1785432554.608,17:29:14,baseline,7,0.0,0,0,0.0
1785432555.608,17:29:15,baseline,0,0.0,0,0,0.0
1785432555.608,17:29:15,baseline,1,0.0,0,0,0.0
1785432555.608,17:29:15,baseline,2,0.0,0,0,0.0
1785432555.608,17:29:15,baseline,3,0.0,0,0,0.0
1785432555.608,17:29:15,baseline,4,0.0,0,0,0.0
1785432555.608,17:29:15,baseline,5,0.0,0,0,0.0
1785432555.608,17:29:15,baseline,6,0.0,0,0,0.0
1785432555.608,17:29:15,baseline,7,0.0,0,0,0.0
1785432556.608,17:29:16,baseline,0,0.0,0,0,0.0
1785432556.608,17:29:16,baseline,1,0.0,0,0,0.0
1785432556.608,17:29:16,baseline,2,0.0,0,0,0.0
1785432556.608,17:29:16,baseline,3,0.0,0,0,0.0
1785432556.608,17:29:16,baseline,4,0.0,0,0,0.0
1785432556.608,17:29:16,baseline,5,0.0,0,0,0.0
1785432556.608,17:29:16,baseline,6,0.0,0,0,0.0
1785432556.608,17:29:16,baseline,7,0.0,0,0,0.0
1785432557.609,17:29:17,baseline,0,0.0,0,0,0.0
1785432557.609,17:29:17,baseline,1,0.0,0,0,0.0
1785432557.609,17:29:17,baseline,2,0.0,0,0,0.0
1785432557.609,17:29:17,baseline,3,0.0,0,0,0.0
1785432557.609,17:29:17,baseline,4,0.0,0,0,0.0
1785432557.609,17:29:17,baseline,5,0.0,0,0,0.0
1785432557.609,17:29:17,baseline,6,0.0,0,0,0.0
1785432557.609,17:29:17,baseline,7,0.0,0,0,0.0
1785432558.609,17:29:18,baseline,0,0.0,0,0,0.0
1785432558.609,17:29:18,baseline,1,0.0,0,0,0.0
1785432558.609,17:29:18,baseline,2,0.0,0,0,0.0
1785432558.609,17:29:18,baseline,3,0.0,0,0,0.0
1785432558.609,17:29:18,baseline,4,0.0,0,0,0.0
1785432558.609,17:29:18,baseline,5,0.0,0,0,0.0
1785432558.609,17:29:18,baseline,6,0.0,0,0,0.0
1785432558.609,17:29:18,baseline,7,0.0,0,0,0.0
1785432559.609,17:29:19,baseline,0,0.0,0,0,0.0
1785432559.609,17:29:19,baseline,1,0.0,0,0,0.0
1785432559.609,17:29:19,baseline,2,0.0,0,0,0.0
1785432559.609,17:29:19,baseline,3,0.0,0,0,0.0
1785432559.609,17:29:19,baseline,4,0.0,0,0,0.0
1785432559.609,17:29:19,baseline,5,0.0,0,0,0.0
1785432559.609,17:29:19,baseline,6,0.0,0,0,0.0
1785432559.609,17:29:19,baseline,7,0.0,0,0,0.0
1785432560.609,17:29:20,baseline,0,0.0,0,0,0.0
1785432560.609,17:29:20,baseline,1,0.0,0,0,0.0
1785432560.609,17:29:20,baseline,2,0.0,0,0,0.0
1785432560.609,17:29:20,baseline,3,0.0,0,0,0.0
1785432560.609,17:29:20,baseline,4,0.0,0,0,0.0
1785432560.609,17:29:20,baseline,5,0.0,0,0,0.0
1785432560.609,17:29:20,baseline,6,0.0,0,0,0.0
1785432560.609,17:29:20,baseline,7,0.0,0,0,0.0
1785432561.609,17:29:21,baseline,0,0.0,0,0,0.0
1785432561.609,17:29:21,baseline,1,0.0,0,0,0.0
1785432561.609,17:29:21,baseline,2,0.0,0,0,0.0
1785432561.609,17:29:21,baseline,3,0.0,0,0,0.0
1785432561.609,17:29:21,baseline,4,0.0,0,0,0.0
1785432561.609,17:29:21,baseline,5,0.0,0,0,0.0
1785432561.609,17:29:21,baseline,6,0.0,0,0,0.0
1785432561.609,17:29:21,baseline,7,0.0,0,0,0.0
1785432562.609,17:29:22,baseline,0,0.0,0,0,0.0
1785432562.609,17:29:22,baseline,1,0.0,0,0,0.0
1785432562.609,17:29:22,baseline,2,0.0,0,0,0.0
1785432562.609,17:29:22,baseline,3,0.0,0,0,0.0
1785432562.609,17:29:22,baseline,4,0.0,0,0,0.0
1785432562.609,17:29:22,baseline,5,0.0,0,0,0.0
1785432562.609,17:29:22,baseline,6,0.0,0,0,0.0
1785432562.609,17:29:22,baseline,7,0.0,0,0,0.0
1785432563.609,17:29:23,baseline,0,0.0,0,0,0.0
1785432563.609,17:29:23,baseline,1,0.0,0,0,0.0
1785432563.609,17:29:23,baseline,2,0.0,0,0,0.0
1785432563.609,17:29:23,baseline,3,0.0,0,0,0.0
1785432563.609,17:29:23,baseline,4,0.0,0,0,0.0
1785432563.609,17:29:23,baseline,5,0.0,0,0,0.0
1785432563.609,17:29:23,baseline,6,0.0,0,0,0.0
1785432563.609,17:29:23,baseline,7,0.0,0,0,0.0
1785432564.61,17:29:24,baseline,0,0.0,0,0,0.0
1785432564.61,17:29:24,baseline,1,0.0,0,0,0.0
1785432564.61,17:29:24,baseline,2,0.0,0,0,0.0
1785432564.61,17:29:24,baseline,3,0.0,0,0,0.0
1785432564.61,17:29:24,baseline,4,0.0,0,0,0.0
1785432564.61,17:29:24,baseline,5,0.0,0,0,0.0
1785432564.61,17:29:24,baseline,6,0.0,0,0,0.0
1785432564.61,17:29:24,baseline,7,0.0,0,0,0.0
1785432565.61,17:29:25,baseline,0,0.0,0,0,0.0
1785432565.61,17:29:25,baseline,1,0.0,0,0,0.0
1785432565.61,17:29:25,baseline,2,0.0,0,0,0.0
1785432565.61,17:29:25,baseline,3,0.0,0,0,0.0
1785432565.61,17:29:25,baseline,4,0.0,0,0,0.0
1785432565.61,17:29:25,baseline,5,0.0,0,0,0.0
1785432565.61,17:29:25,baseline,6,0.0,0,0,0.0
1785432565.61,17:29:25,baseline,7,0.0,0,0,0.0
1785432566.61,17:29:26,baseline,0,0.0,0,0,0.0
1785432566.61,17:29:26,baseline,1,0.0,0,0,0.0
1785432566.61,17:29:26,baseline,2,0.0,0,0,0.0
1785432566.61,17:29:26,baseline,3,0.0,0,0,0.0
1785432566.61,17:29:26,baseline,4,0.0,0,0,0.0
1785432566.61,17:29:26,baseline,5,0.0,0,0,0.0
1785432566.61,17:29:26,baseline,6,0.0,0,0,0.0
1785432566.61,17:29:26,baseline,7,0.0,0,0,0.0
1785432567.61,17:29:27,baseline,0,0.0,0,0,0.0
1785432567.61,17:29:27,baseline,1,0.0,0,0,0.0
1785432567.61,17:29:27,baseline,2,0.0,0,0,0.0
1785432567.61,17:29:27,baseline,3,0.0,0,0,0.0
1785432567.61,17:29:27,baseline,4,0.0,0,0,0.0
1785432567.61,17:29:27,baseline,5,0.0,0,0,0.0
1785432567.61,17:29:27,baseline,6,0.0,0,0,0.0
1785432567.61,17:29:27,baseline,7,0.0,0,0,0.0
1785432568.61,17:29:28,baseline,0,0.0,0,0,0.0
1785432568.61,17:29:28,baseline,1,0.0,0,0,0.0
1785432568.61,17:29:28,baseline,2,0.0,0,0,0.0
1785432568.61,17:29:28,baseline,3,0.0,0,0,0.0
1785432568.61,17:29:28,baseline,4,0.0,0,0,0.0
1785432568.61,17:29:28,baseline,5,0.0,0,0,0.0
1785432568.61,17:29:28,baseline,6,0.0,0,0,0.0
1785432568.61,17:29:28,baseline,7,0.0,0,0,0.0
1785432569.61,17:29:29,baseline,0,0.0,0,0,0.0
1785432569.61,17:29:29,baseline,1,0.0,0,0,0.0
1785432569.61,17:29:29,baseline,2,0.0,0,0,0.0
1785432569.61,17:29:29,baseline,3,0.0,0,0,0.0
1785432569.61,17:29:29,baseline,4,0.0,0,0,0.0
1785432569.61,17:29:29,baseline,5,0.0,0,0,0.0
1785432569.61,17:29:29,baseline,6,0.0,0,0,0.0
1785432569.61,17:29:29,baseline,7,0.0,0,0,0.0
1785432570.611,17:29:30,baseline,0,0.0,0,0,0.0
1785432570.611,17:29:30,baseline,1,0.0,0,0,0.0
1785432570.611,17:29:30,baseline,2,0.0,0,0,0.0
1785432570.611,17:29:30,baseline,3,0.0,0,0,0.0
1785432570.611,17:29:30,baseline,4,0.0,0,0,0.0
1785432570.611,17:29:30,baseline,5,0.0,0,0,0.0
1785432570.611,17:29:30,baseline,6,0.0,0,0,0.0
1785432570.611,17:29:30,baseline,7,0.0,0,0,0.0
1785432571.611,17:29:31,baseline,0,0.0,0,0,0.0
1785432571.611,17:29:31,baseline,1,0.0,0,0,0.0
1785432571.611,17:29:31,baseline,2,0.0,0,0,0.0
1785432571.611,17:29:31,baseline,3,0.0,0,0,0.0
1785432571.611,17:29:31,baseline,4,0.0,0,0,0.0
1785432571.611,17:29:31,baseline,5,0.0,0,0,0.0
1785432571.611,17:29:31,baseline,6,0.0,0,0,0.0
1785432571.611,17:29:31,baseline,7,0.0,0,0,0.0
1785432572.611,17:29:32,baseline,0,0.0,0,0,0.0
1785432572.611,17:29:32,baseline,1,0.0,0,0,0.0
1785432572.611,17:29:32,baseline,2,0.0,0,0,0.0
1785432572.611,17:29:32,baseline,3,0.0,0,0,0.0
1785432572.611,17:29:32,baseline,4,0.0,0,0,0.0
1785432572.611,17:29:32,baseline,5,0.0,0,0,0.0
1785432572.611,17:29:32,baseline,6,0.0,0,0,0.0
1785432572.611,17:29:32,baseline,7,0.0,0,0,0.0
1785432573.611,17:29:33,baseline,0,0.0,0,0,0.0
1785432573.611,17:29:33,baseline,1,0.0,0,0,0.0
1785432573.611,17:29:33,baseline,2,0.0,0,0,0.0
1785432573.611,17:29:33,baseline,3,0.0,0,0,0.0
1785432573.611,17:29:33,baseline,4,0.0,0,0,0.0
1785432573.611,17:29:33,baseline,5,0.0,0,0,0.0
1785432573.611,17:29:33,baseline,6,0.0,0,0,0.0
1785432573.611,17:29:33,baseline,7,0.0,0,0,0.0
1785432574.611,17:29:34,baseline,0,0.0,0,0,0.0
1785432574.611,17:29:34,baseline,1,0.0,0,0,0.0
1785432574.611,17:29:34,baseline,2,0.0,0,0,0.0
1785432574.611,17:29:34,baseline,3,0.0,0,0,0.0
1785432574.611,17:29:34,baseline,4,0.0,0,0,0.0
1785432574.611,17:29:34,baseline,5,0.0,0,0,0.0
1785432574.611,17:29:34,baseline,6,0.0,0,0,0.0
1785432574.611,17:29:34,baseline,7,0.0,0,0,0.0
1785432575.611,17:29:35,baseline,0,0.0,0,0,0.0
1785432575.611,17:29:35,baseline,1,0.0,0,0,0.0
1785432575.611,17:29:35,baseline,2,0.0,0,0,0.0
1785432575.611,17:29:35,baseline,3,0.0,0,0,0.0
1785432575.611,17:29:35,baseline,4,0.0,0,0,0.0
1785432575.611,17:29:35,baseline,5,0.0,0,0,0.0
1785432575.611,17:29:35,baseline,6,0.0,0,0,0.0
1785432575.611,17:29:35,baseline,7,0.0,0,0,0.0
1785432576.611,17:29:36,baseline,0,0.0,0,0,0.0
1785432576.611,17:29:36,baseline,1,0.0,0,0,0.0
1785432576.611,17:29:36,baseline,2,0.0,0,0,0.0
1785432576.611,17:29:36,baseline,3,0.0,0,0,0.0
1785432576.611,17:29:36,baseline,4,0.0,0,0,0.0
1785432576.611,17:29:36,baseline,5,0.0,0,0,0.0
1785432576.611,17:29:36,baseline,6,0.0,0,0,0.0
1785432576.611,17:29:36,baseline,7,0.0,0,0,0.0
1785432577.611,17:29:37,baseline,0,0.0,0,0,0.0
1785432577.611,17:29:37,baseline,1,0.0,0,0,0.0
1785432577.611,17:29:37,baseline,2,0.0,0,0,0.0
1785432577.611,17:29:37,baseline,3,0.0,0,0,0.0
1785432577.611,17:29:37,baseline,4,0.0,0,0,0.0
1785432577.611,17:29:37,baseline,5,0.0,0,0,0.0
1785432577.611,17:29:37,baseline,6,0.0,0,0,0.0
1785432577.611,17:29:37,baseline,7,0.0,0,0,0.0
1785432578.612,17:29:38,baseline,0,0.0,0,0,0.0
1785432578.612,17:29:38,baseline,1,0.0,0,0,0.0
1785432578.612,17:29:38,baseline,2,0.0,0,0,0.0
1785432578.612,17:29:38,baseline,3,0.0,0,0,0.0
1785432578.612,17:29:38,baseline,4,0.0,0,0,0.0
1785432578.612,17:29:38,baseline,5,0.0,0,0,0.0
1785432578.612,17:29:38,baseline,6,0.0,0,0,0.0
1785432578.612,17:29:38,baseline,7,0.0,0,0,0.0
1785432579.612,17:29:39,baseline,0,0.0,0,0,0.0
1785432579.612,17:29:39,baseline,1,0.0,0,0,0.0
1785432579.612,17:29:39,baseline,2,0.0,0,0,0.0
1785432579.612,17:29:39,baseline,3,0.0,0,0,0.0
1785432579.612,17:29:39,baseline,4,0.0,0,0,0.0
1785432579.612,17:29:39,baseline,5,0.0,0,0,0.0
1785432579.612,17:29:39,baseline,6,0.0,0,0,0.0
1785432579.612,17:29:39,baseline,7,0.0,0,0,0.0
1785432580.612,17:29:40,baseline,0,0.0,0,0,0.0
1785432580.612,17:29:40,baseline,1,0.0,0,0,0.0
1785432580.612,17:29:40,baseline,2,0.0,0,0,0.0
1785432580.612,17:29:40,baseline,3,0.0,0,0,0.0
1785432580.612,17:29:40,baseline,4,0.0,0,0,0.0
1785432580.612,17:29:40,baseline,5,0.0,0,0,0.0
1785432580.612,17:29:40,baseline,6,0.0,0,0,0.0
1785432580.612,17:29:40,baseline,7,0.0,0,0,0.0
1785432581.612,17:29:41,baseline,0,0.0,0,0,0.0
1785432581.612,17:29:41,baseline,1,0.0,0,0,0.0
1785432581.612,17:29:41,baseline,2,0.0,0,0,0.0
1785432581.612,17:29:41,baseline,3,0.0,0,0,0.0
1785432581.612,17:29:41,baseline,4,0.0,0,0,0.0
1785432581.612,17:29:41,baseline,5,0.0,0,0,0.0
1785432581.612,17:29:41,baseline,6,0.0,0,0,0.0
1785432581.612,17:29:41,baseline,7,0.0,0,0,0.0
1785432582.612,17:29:42,baseline,0,0.0,0,0,0.0
1785432582.612,17:29:42,baseline,1,0.0,0,0,0.0
1785432582.612,17:29:42,baseline,2,0.0,0,0,0.0
1785432582.612,17:29:42,baseline,3,0.0,0,0,0.0
1785432582.612,17:29:42,baseline,4,0.0,0,0,0.0
1785432582.612,17:29:42,baseline,5,0.0,0,0,0.0
1785432582.612,17:29:42,baseline,6,0.0,0,0,0.0
1785432582.612,17:29:42,baseline,7,0.0,0,0,0.0
1785432583.612,17:29:43,baseline,0,0.0,0,0,0.0
1785432583.612,17:29:43,baseline,1,0.0,0,0,0.0
1785432583.612,17:29:43,baseline,2,0.0,0,0,0.0
1785432583.612,17:29:43,baseline,3,0.0,0,0,0.0
1785432583.612,17:29:43,baseline,4,0.0,0,0,0.0
1785432583.612,17:29:43,baseline,5,0.0,0,0,0.0
1785432583.612,17:29:43,baseline,6,0.0,0,0,0.0
1785432583.612,17:29:43,baseline,7,0.0,0,0,0.0
1785432584.612,17:29:44,baseline,0,0.0,0,0,0.0
1785432584.612,17:29:44,baseline,1,0.0,0,0,0.0
1785432584.612,17:29:44,baseline,2,0.0,0,0,0.0
1785432584.612,17:29:44,baseline,3,0.0,0,0,0.0
1785432584.612,17:29:44,baseline,4,0.0,0,0,0.0
1785432584.612,17:29:44,baseline,5,0.0,0,0,0.0
1785432584.612,17:29:44,baseline,6,0.0,0,0,0.0
1785432584.612,17:29:44,baseline,7,0.0,0,0,0.0
1785432585.613,17:29:45,baseline,0,0.0,0,0,0.0
1785432585.613,17:29:45,baseline,1,0.0,0,0,0.0
1785432585.613,17:29:45,baseline,2,0.0,0,0,0.0
1785432585.613,17:29:45,baseline,3,0.0,0,0,0.0
1785432585.613,17:29:45,baseline,4,0.0,0,0,0.0
1785432585.613,17:29:45,baseline,5,0.0,0,0,0.0
1785432585.613,17:29:45,baseline,6,0.0,0,0,0.0
1785432585.613,17:29:45,baseline,7,0.0,0,0,0.0
1785432586.613,17:29:46,baseline,0,0.0,0,0,0.0
1785432586.613,17:29:46,baseline,1,0.0,0,0,0.0
1785432586.613,17:29:46,baseline,2,0.0,0,0,0.0
1785432586.613,17:29:46,baseline,3,0.0,0,0,0.0
1785432586.613,17:29:46,baseline,4,0.0,0,0,0.0
1785432586.613,17:29:46,baseline,5,0.0,0,0,0.0
1785432586.613,17:29:46,baseline,6,0.0,0,0,0.0
1785432586.613,17:29:46,baseline,7,0.0,0,0,0.0
1785432587.613,17:29:47,baseline,0,0.0,0,0,0.0
1785432587.613,17:29:47,baseline,1,0.0,0,0,0.0
1785432587.613,17:29:47,baseline,2,0.0,0,0,0.0
1785432587.613,17:29:47,baseline,3,0.0,0,0,0.0
1785432587.613,17:29:47,baseline,4,0.0,0,0,0.0
1785432587.613,17:29:47,baseline,5,0.0,0,0,0.0
1785432587.613,17:29:47,baseline,6,0.0,0,0,0.0
1785432587.613,17:29:47,baseline,7,0.0,0,0,0.0
1785432588.613,17:29:48,baseline,0,0.0,0,0,0.0
1785432588.613,17:29:48,baseline,1,0.0,0,0,0.0
1785432588.613,17:29:48,baseline,2,0.0,0,0,0.0
1785432588.613,17:29:48,baseline,3,0.0,0,0,0.0
1785432588.613,17:29:48,baseline,4,0.0,0,0,0.0
1785432588.613,17:29:48,baseline,5,0.0,0,0,0.0
1785432588.613,17:29:48,baseline,6,0.0,0,0,0.0
1785432588.613,17:29:48,baseline,7,0.0,0,0,0.0
1785432589.613,17:29:49,baseline,0,0.0,0,0,0.0
1785432589.613,17:29:49,baseline,1,0.0,0,0,0.0
1785432589.613,17:29:49,baseline,2,0.0,0,0,0.0
1785432589.613,17:29:49,baseline,3,0.0,0,0,0.0
1785432589.613,17:29:49,baseline,4,0.0,0,0,0.0
1785432589.613,17:29:49,baseline,5,0.0,0,0,0.0
1785432589.613,17:29:49,baseline,6,0.0,0,0,0.0
1785432589.613,17:29:49,baseline,7,0.0,0,0,0.0
1785432590.613,17:29:50,baseline,0,0.0,0,0,0.0
1785432590.613,17:29:50,baseline,1,0.0,0,0,0.0
1785432590.613,17:29:50,baseline,2,0.0,0,0,0.0
1785432590.613,17:29:50,baseline,3,0.0,0,0,0.0
1785432590.613,17:29:50,baseline,4,0.0,0,0,0.0
1785432590.613,17:29:50,baseline,5,0.0,0,0,0.0
1785432590.613,17:29:50,baseline,6,0.0,0,0,0.0
1785432590.613,17:29:50,baseline,7,0.0,0,0,0.0
1785432591.613,17:29:51,baseline,0,0.0,0,0,0.0
1785432591.613,17:29:51,baseline,1,0.0,0,0,0.0
1785432591.613,17:29:51,baseline,2,0.0,0,0,0.0
1785432591.613,17:29:51,baseline,3,0.0,0,0,0.0
1785432591.613,17:29:51,baseline,4,0.0,0,0,0.0
1785432591.613,17:29:51,baseline,5,0.0,0,0,0.0
1785432591.613,17:29:51,baseline,6,0.0,0,0,0.0
1785432591.613,17:29:51,baseline,7,0.0,0,0,0.0
1785432592.614,17:29:52,baseline,0,0.0,0,0,0.0
1785432592.614,17:29:52,baseline,1,0.0,0,0,0.0
1785432592.614,17:29:52,baseline,2,0.0,0,0,0.0
1785432592.614,17:29:52,baseline,3,0.0,0,0,0.0
1785432592.614,17:29:52,baseline,4,0.0,0,0,0.0
1785432592.614,17:29:52,baseline,5,0.0,0,0,0.0
1785432592.614,17:29:52,baseline,6,0.0,0,0,0.0
1785432592.614,17:29:52,baseline,7,0.0,0,0,0.0
1785432593.614,17:29:53,baseline,0,0.0,0,0,0.0
1785432593.614,17:29:53,baseline,1,0.0,0,0,0.0
1785432593.614,17:29:53,baseline,2,0.0,0,0,0.0
1785432593.614,17:29:53,baseline,3,0.0,0,0,0.0
1785432593.614,17:29:53,baseline,4,0.0,0,0,0.0
1785432593.614,17:29:53,baseline,5,0.0,0,0,0.0
1785432593.614,17:29:53,baseline,6,0.0,0,0,0.0
1785432593.614,17:29:53,baseline,7,0.0,0,0,0.0
1785432594.614,17:29:54,baseline,0,0.0,0,0,0.0
1785432594.614,17:29:54,baseline,1,0.0,0,0,0.0
1785432594.614,17:29:54,baseline,2,0.0,0,0,0.0
1785432594.614,17:29:54,baseline,3,0.0,0,0,0.0
1785432594.614,17:29:54,baseline,4,0.0,0,0,0.0
1785432594.614,17:29:54,baseline,5,0.0,0,0,0.0
1785432594.614,17:29:54,baseline,6,0.0,0,0,0.0
1785432594.614,17:29:54,baseline,7,0.0,0,0,0.0
1785432595.614,17:29:55,baseline,0,0.0,0,0,0.0
1785432595.614,17:29:55,baseline,1,0.0,0,0,0.0
1785432595.614,17:29:55,baseline,2,0.0,0,0,0.0
1785432595.614,17:29:55,baseline,3,0.0,0,0,0.0
1785432595.614,17:29:55,baseline,4,0.0,0,0,0.0
1785432595.614,17:29:55,baseline,5,0.0,0,0,0.0
1785432595.614,17:29:55,baseline,6,0.0,0,0,0.0
1785432595.614,17:29:55,baseline,7,0.0,0,0,0.0
1785432596.614,17:29:56,baseline,0,0.0,0,0,0.0
1785432596.614,17:29:56,baseline,1,0.0,0,0,0.0
1785432596.614,17:29:56,baseline,2,0.0,0,0,0.0
1785432596.614,17:29:56,baseline,3,0.0,0,0,0.0
1785432596.614,17:29:56,baseline,4,0.0,0,0,0.0
1785432596.614,17:29:56,baseline,5,0.0,0,0,0.0
1785432596.614,17:29:56,baseline,6,0.0,0,0,0.0
1785432596.614,17:29:56,baseline,7,0.0,0,0,0.0
1785432597.614,17:29:57,baseline,0,0.0,0,0,0.0
1785432597.614,17:29:57,baseline,1,0.0,0,0,0.0
1785432597.614,17:29:57,baseline,2,0.0,0,0,0.0
1785432597.614,17:29:57,baseline,3,0.0,0,0,0.0
1785432597.614,17:29:57,baseline,4,0.0,0,0,0.0
1785432597.614,17:29:57,baseline,5,0.0,0,0,0.0
1785432597.614,17:29:57,baseline,6,0.0,0,0,0.0
1785432597.614,17:29:57,baseline,7,0.0,0,0,0.0
1785432598.614,17:29:58,baseline,0,0.0,0,0,0.0
1785432598.614,17:29:58,baseline,1,0.0,0,0,0.0
1785432598.614,17:29:58,baseline,2,0.0,0,0,0.0
1785432598.614,17:29:58,baseline,3,0.0,0,0,0.0
1785432598.614,17:29:58,baseline,4,0.0,0,0,0.0
1785432598.614,17:29:58,baseline,5,0.0,0,0,0.0
1785432598.614,17:29:58,baseline,6,0.0,0,0,0.0
1785432598.614,17:29:58,baseline,7,0.0,0,0,0.0
1785432599.615,17:29:59,baseline,0,0.0,0,0,0.0
1785432599.615,17:29:59,baseline,1,0.0,0,0,0.0
1785432599.615,17:29:59,baseline,2,0.0,0,0,0.0
1785432599.615,17:29:59,baseline,3,0.0,0,0,0.0
1785432599.615,17:29:59,baseline,4,0.0,0,0,0.0
1785432599.615,17:29:59,baseline,5,0.0,0,0,0.0
1785432599.615,17:29:59,baseline,6,0.0,0,0,0.0
1785432599.615,17:29:59,baseline,7,0.0,0,0,0.0
1785432600.615,17:30:00,baseline,0,0.0,0,0,0.0
1785432600.615,17:30:00,baseline,1,0.0,0,0,0.0
1785432600.615,17:30:00,baseline,2,0.0,0,0,0.0
1785432600.615,17:30:00,baseline,3,0.0,0,0,0.0
1785432600.615,17:30:00,baseline,4,0.0,0,0,0.0
1785432600.615,17:30:00,baseline,5,0.0,0,0,0.0
1785432600.615,17:30:00,baseline,6,0.0,0,0,0.0
1785432600.615,17:30:00,baseline,7,0.0,0,0,0.0
1785432601.615,17:30:01,baseline,0,0.0,0,0,0.0
1785432601.615,17:30:01,baseline,1,0.0,0,0,0.0
1785432601.615,17:30:01,baseline,2,0.0,0,0,0.0
1785432601.615,17:30:01,baseline,3,0.0,0,0,0.0
1785432601.615,17:30:01,baseline,4,0.0,0,0,0.0
1785432601.615,17:30:01,baseline,5,0.0,0,0,0.0
1785432601.615,17:30:01,baseline,6,0.0,0,0,0.0
1785432601.615,17:30:01,baseline,7,0.0,0,0,0.0
1785432602.615,17:30:02,baseline,0,0.0,0,0,0.0
1785432602.615,17:30:02,baseline,1,0.0,0,0,0.0
1785432602.615,17:30:02,baseline,2,0.0,0,0,0.0
1785432602.615,17:30:02,baseline,3,0.0,0,0,0.0
1785432602.615,17:30:02,baseline,4,0.0,0,0,0.0
1785432602.615,17:30:02,baseline,5,0.0,0,0,0.0
1785432602.615,17:30:02,baseline,6,0.0,0,0,0.0
1785432602.615,17:30:02,baseline,7,0.0,0,0,0.0
1785432603.615,17:30:03,baseline,0,0.0,0,0,0.0
1785432603.615,17:30:03,baseline,1,0.0,0,0,0.0
1785432603.615,17:30:03,baseline,2,0.0,0,0,0.0
1785432603.615,17:30:03,baseline,3,0.0,0,0,0.0
1785432603.615,17:30:03,baseline,4,0.0,0,0,0.0
1785432603.615,17:30:03,baseline,5,0.0,0,0,0.0
1785432603.615,17:30:03,baseline,6,0.0,0,0,0.0
1785432603.615,17:30:03,baseline,7,0.0,0,0,0.0
1785432604.616,17:30:04,baseline,0,0.0,0,0,0.0
1785432604.616,17:30:04,baseline,1,0.0,0,0,0.0
1785432604.616,17:30:04,baseline,2,0.0,0,0,0.0
1785432604.616,17:30:04,baseline,3,0.0,0,0,0.0
1785432604.616,17:30:04,baseline,4,0.0,0,0,0.0
1785432604.616,17:30:04,baseline,5,0.0,0,0,0.0
1785432604.616,17:30:04,baseline,6,0.0,0,0,0.0
1785432604.616,17:30:04,baseline,7,0.0,0,0,0.0
1785432605.616,17:30:05,baseline,0,0.0,0,0,0.0
1785432605.616,17:30:05,baseline,1,0.0,0,0,0.0
1785432605.616,17:30:05,baseline,2,0.0,0,0,0.0
1785432605.616,17:30:05,baseline,3,0.0,0,0,0.0
1785432605.616,17:30:05,baseline,4,0.0,0,0,0.0
1785432605.616,17:30:05,baseline,5,0.0,0,0,0.0
1785432605.616,17:30:05,baseline,6,0.0,0,0,0.0
1785432605.616,17:30:05,baseline,7,0.0,0,0,0.0
1785432606.616,17:30:06,baseline,0,0.0,0,0,0.0
1785432606.616,17:30:06,baseline,1,0.0,0,0,0.0
1785432606.616,17:30:06,baseline,2,0.0,0,0,0.0
1785432606.616,17:30:06,baseline,3,0.0,0,0,0.0
1785432606.616,17:30:06,baseline,4,0.0,0,0,0.0
1785432606.616,17:30:06,baseline,5,0.0,0,0,0.0
1785432606.616,17:30:06,baseline,6,0.0,0,0,0.0
1785432606.616,17:30:06,baseline,7,0.0,0,0,0.0
1785432607.616,17:30:07,baseline,0,0.0,0,0,0.0
1785432607.616,17:30:07,baseline,1,0.0,0,0,0.0
1785432607.616,17:30:07,baseline,2,0.0,0,0,0.0
1785432607.616,17:30:07,baseline,3,0.0,0,0,0.0
1785432607.616,17:30:07,baseline,4,0.0,0,0,0.0
1785432607.616,17:30:07,baseline,5,0.0,0,0,0.0
1785432607.616,17:30:07,baseline,6,0.0,0,0,0.0
1785432607.616,17:30:07,baseline,7,0.0,0,0,0.0
1785432608.616,17:30:08,baseline,0,0.0,0,0,0.0
1785432608.616,17:30:08,baseline,1,0.0,0,0,0.0
1785432608.616,17:30:08,baseline,2,0.0,0,0,0.0
1785432608.616,17:30:08,baseline,3,0.0,0,0,0.0
1785432608.616,17:30:08,baseline,4,0.0,0,0,0.0
1785432608.616,17:30:08,baseline,5,0.0,0,0,0.0
1785432608.616,17:30:08,baseline,6,0.0,0,0,0.0
1785432608.616,17:30:08,baseline,7,0.0,0,0,0.0
1785432609.616,17:30:09,baseline,0,0.0,0,0,0.0
1785432609.616,17:30:09,baseline,1,0.0,0,0,0.0
1785432609.616,17:30:09,baseline,2,0.0,0,0,0.0
1785432609.616,17:30:09,baseline,3,0.0,0,0,0.0
1785432609.616,17:30:09,baseline,4,0.0,0,0,0.0
1785432609.616,17:30:09,baseline,5,0.0,0,0,0.0
1785432609.616,17:30:09,baseline,6,0.0,0,0,0.0
1785432609.616,17:30:09,baseline,7,0.0,0,0,0.0
1785432610.616,17:30:10,baseline,0,0.0,0,0,0.0
1785432610.616,17:30:10,baseline,1,0.0,0,0,0.0
1785432610.616,17:30:10,baseline,2,0.0,0,0,0.0
1785432610.616,17:30:10,baseline,3,0.0,0,0,0.0
1785432610.616,17:30:10,baseline,4,0.0,0,0,0.0
1785432610.616,17:30:10,baseline,5,0.0,0,0,0.0
1785432610.616,17:30:10,baseline,6,0.0,0,0,0.0
1785432610.616,17:30:10,baseline,7,0.0,0,0,0.0
1785432611.617,17:30:11,baseline,0,0.0,0,0,0.0
1785432611.617,17:30:11,baseline,1,0.0,0,0,0.0
1785432611.617,17:30:11,baseline,2,0.0,0,0,0.0
1785432611.617,17:30:11,baseline,3,0.0,0,0,0.0
1785432611.617,17:30:11,baseline,4,0.0,0,0,0.0
1785432611.617,17:30:11,baseline,5,0.0,0,0,0.0
1785432611.617,17:30:11,baseline,6,0.0,0,0,0.0
1785432611.617,17:30:11,baseline,7,0.0,0,0,0.0
1785432612.617,17:30:12,baseline,0,0.0,0,0,0.0
1785432612.617,17:30:12,baseline,1,0.0,0,0,0.0
1785432612.617,17:30:12,baseline,2,0.0,0,0,0.0
1785432612.617,17:30:12,baseline,3,0.0,0,0,0.0
1785432612.617,17:30:12,baseline,4,0.0,0,0,0.0
1785432612.617,17:30:12,baseline,5,0.0,0,0,0.0
1785432612.617,17:30:12,baseline,6,0.0,0,0,0.0
1785432612.617,17:30:12,baseline,7,0.0,0,0,0.0
1785432613.617,17:30:13,baseline,0,0.0,0,0,0.0
1785432613.617,17:30:13,baseline,1,0.0,0,0,0.0
1785432613.617,17:30:13,baseline,2,0.0,0,0,0.0
1785432613.617,17:30:13,baseline,3,0.0,0,0,0.0
1785432613.617,17:30:13,baseline,4,0.0,0,0,0.0
1785432613.617,17:30:13,baseline,5,0.0,0,0,0.0
1785432613.617,17:30:13,baseline,6,0.0,0,0,0.0
1785432613.617,17:30:13,baseline,7,0.0,0,0,0.0
1785432614.617,17:30:14,baseline,0,0.0,0,0,0.0
1785432614.617,17:30:14,baseline,1,0.0,0,0,0.0
1785432614.617,17:30:14,baseline,2,0.0,0,0,0.0
1785432614.617,17:30:14,baseline,3,0.0,0,0,0.0
1785432614.617,17:30:14,baseline,4,0.0,0,0,0.0
1785432614.617,17:30:14,baseline,5,0.0,0,0,0.0
1785432614.617,17:30:14,baseline,6,0.0,0,0,0.0
1785432614.617,17:30:14,baseline,7,0.0,0,0,0.0
1785432615.617,17:30:15,baseline,0,0.0,0,0,0.0
1785432615.617,17:30:15,baseline,1,0.0,0,0,0.0
1785432615.617,17:30:15,baseline,2,0.0,0,0,0.0
1785432615.617,17:30:15,baseline,3,0.0,0,0,0.0
1785432615.617,17:30:15,baseline,4,0.0,0,0,0.0
1785432615.617,17:30:15,baseline,5,0.0,0,0,0.0
1785432615.617,17:30:15,baseline,6,0.0,0,0,0.0
1785432615.617,17:30:15,baseline,7,0.0,0,0,0.0
1785432616.617,17:30:16,baseline,0,0.0,0,0,0.0
1785432616.617,17:30:16,baseline,1,0.0,0,0,0.0
1785432616.617,17:30:16,baseline,2,0.0,0,0,0.0
1785432616.617,17:30:16,baseline,3,0.0,0,0,0.0
1785432616.617,17:30:16,baseline,4,0.0,0,0,0.0
1785432616.617,17:30:16,baseline,5,0.0,0,0,0.0
1785432616.617,17:30:16,baseline,6,0.0,0,0,0.0
1785432616.617,17:30:16,baseline,7,0.0,0,0,0.0
1785432617.617,17:30:17,baseline,0,0.0,0,0,0.0
1785432617.617,17:30:17,baseline,1,0.0,0,0,0.0
1785432617.617,17:30:17,baseline,2,0.0,0,0,0.0
1785432617.617,17:30:17,baseline,3,0.0,0,0,0.0
1785432617.617,17:30:17,baseline,4,0.0,0,0,0.0
1785432617.617,17:30:17,baseline,5,0.0,0,0,0.0
1785432617.617,17:30:17,baseline,6,0.0,0,0,0.0
1785432617.617,17:30:17,baseline,7,0.0,0,0,0.0
1785432618.618,17:30:18,baseline,0,0.0,0,0,0.0
1785432618.618,17:30:18,baseline,1,0.0,0,0,0.0
1785432618.618,17:30:18,baseline,2,0.0,0,0,0.0
1785432618.618,17:30:18,baseline,3,0.0,0,0,0.0
1785432618.618,17:30:18,baseline,4,0.0,0,0,0.0
1785432618.618,17:30:18,baseline,5,0.0,0,0,0.0
1785432618.618,17:30:18,baseline,6,0.0,0,0,0.0
1785432618.618,17:30:18,baseline,7,0.0,0,0,0.0
1785432619.618,17:30:19,baseline,0,0.0,0,0,0.0
1785432619.618,17:30:19,baseline,1,0.0,0,0,0.0
1785432619.618,17:30:19,baseline,2,0.0,0,0,0.0
1785432619.618,17:30:19,baseline,3,0.0,0,0,0.0
1785432619.618,17:30:19,baseline,4,0.0,0,0,0.0
1785432619.618,17:30:19,baseline,5,0.0,0,0,0.0
1785432619.618,17:30:19,baseline,6,0.0,0,0,0.0
1785432619.618,17:30:19,baseline,7,0.0,0,0,0.0
1785432620.618,17:30:20,baseline,0,0.0,0,0,0.0
1785432620.618,17:30:20,baseline,1,0.0,0,0,0.0
1785432620.618,17:30:20,baseline,2,0.0,0,0,0.0
1785432620.618,17:30:20,baseline,3,0.0,0,0,0.0
1785432620.618,17:30:20,baseline,4,0.0,0,0,0.0
1785432620.618,17:30:20,baseline,5,0.0,0,0,0.0
1785432620.618,17:30:20,baseline,6,0.0,0,0,0.0
1785432620.618,17:30:20,baseline,7,0.0,0,0,0.0
1785432621.618,17:30:21,baseline,0,0.0,0,0,0.0
1785432621.618,17:30:21,baseline,1,0.0,0,0,0.0
1785432621.618,17:30:21,baseline,2,0.0,0,0,0.0
1785432621.618,17:30:21,baseline,3,0.0,0,0,0.0
1785432621.618,17:30:21,baseline,4,0.0,0,0,0.0
1785432621.618,17:30:21,baseline,5,0.0,0,0,0.0
1785432621.618,17:30:21,baseline,6,0.0,0,0,0.0
1785432621.618,17:30:21,baseline,7,0.0,0,0,0.0
1785432622.618,17:30:22,baseline,0,0.0,0,0,0.0
1785432622.618,17:30:22,baseline,1,0.0,0,0,0.0
1785432622.618,17:30:22,baseline,2,0.0,0,0,0.0
1785432622.618,17:30:22,baseline,3,0.0,0,0,0.0
1785432622.618,17:30:22,baseline,4,0.0,0,0,0.0
1785432622.618,17:30:22,baseline,5,0.0,0,0,0.0
1785432622.618,17:30:22,baseline,6,0.0,0,0,0.0
1785432622.618,17:30:22,baseline,7,0.0,0,0,0.0
1785432623.618,17:30:23,baseline,0,0.0,0,0,0.0
1785432623.618,17:30:23,baseline,1,0.0,0,0,0.0
1785432623.618,17:30:23,baseline,2,0.0,0,0,0.0
1785432623.618,17:30:23,baseline,3,0.0,0,0,0.0
1785432623.618,17:30:23,baseline,4,0.0,0,0,0.0
1785432623.618,17:30:23,baseline,5,0.0,0,0,0.0
1785432623.618,17:30:23,baseline,6,0.0,0,0,0.0
1785432623.618,17:30:23,baseline,7,0.0,0,0,0.0
1785432624.618,17:30:24,baseline,0,0.0,0,0,0.0
1785432624.618,17:30:24,baseline,1,0.0,0,0,0.0
1785432624.618,17:30:24,baseline,2,0.0,0,0,0.0
1785432624.618,17:30:24,baseline,3,0.0,0,0,0.0
1785432624.618,17:30:24,baseline,4,0.0,0,0,0.0
1785432624.618,17:30:24,baseline,5,0.0,0,0,0.0
1785432624.618,17:30:24,baseline,6,0.0,0,0,0.0
1785432624.618,17:30:24,baseline,7,0.0,0,0,0.0
1785432625.619,17:30:25,baseline,0,0.0,0,0,0.0
1785432625.619,17:30:25,baseline,1,0.0,0,0,0.0
1785432625.619,17:30:25,baseline,2,0.0,0,0,0.0
1785432625.619,17:30:25,baseline,3,0.0,0,0,0.0
1785432625.619,17:30:25,baseline,4,0.0,0,0,0.0
1785432625.619,17:30:25,baseline,5,0.0,0,0,0.0
1785432625.619,17:30:25,baseline,6,0.0,0,0,0.0
1785432625.619,17:30:25,baseline,7,0.0,0,0,0.0
1785432626.619,17:30:26,baseline,0,0.0,0,0,0.0
1785432626.619,17:30:26,baseline,1,0.0,0,0,0.0
1785432626.619,17:30:26,baseline,2,0.0,0,0,0.0
1785432626.619,17:30:26,baseline,3,0.0,0,0,0.0
1785432626.619,17:30:26,baseline,4,0.0,0,0,0.0
1785432626.619,17:30:26,baseline,5,0.0,0,0,0.0
1785432626.619,17:30:26,baseline,6,0.0,0,0,0.0
1785432626.619,17:30:26,baseline,7,0.0,0,0,0.0
1785432627.619,17:30:27,baseline,0,0.0,0,0,0.0
1785432627.619,17:30:27,baseline,1,0.0,0,0,0.0
1785432627.619,17:30:27,baseline,2,0.0,0,0,0.0
1785432627.619,17:30:27,baseline,3,0.0,0,0,0.0
1785432627.619,17:30:27,baseline,4,0.0,0,0,0.0
1785432627.619,17:30:27,baseline,5,0.0,0,0,0.0
1785432627.619,17:30:27,baseline,6,0.0,0,0,0.0
1785432627.619,17:30:27,baseline,7,0.0,0,0,0.0
1785432628.619,17:30:28,baseline,0,0.0,0,0,0.0
1785432628.619,17:30:28,baseline,1,0.0,0,0,0.0
1785432628.619,17:30:28,baseline,2,0.0,0,0,0.0
1785432628.619,17:30:28,baseline,3,0.0,0,0,0.0
1785432628.619,17:30:28,baseline,4,0.0,0,0,0.0
1785432628.619,17:30:28,baseline,5,0.0,0,0,0.0
1785432628.619,17:30:28,baseline,6,0.0,0,0,0.0
1785432628.619,17:30:28,baseline,7,0.0,0,0,0.0
1785432629.619,17:30:29,baseline,0,0.0,0,0,0.0
1785432629.619,17:30:29,baseline,1,0.0,0,0,0.0
1785432629.619,17:30:29,baseline,2,0.0,0,0,0.0
1785432629.619,17:30:29,baseline,3,0.0,0,0,0.0
1785432629.619,17:30:29,baseline,4,0.0,0,0,0.0
1785432629.619,17:30:29,baseline,5,0.0,0,0,0.0
1785432629.619,17:30:29,baseline,6,0.0,0,0,0.0
1785432629.619,17:30:29,baseline,7,0.0,0,0,0.0
1785432630.62,17:30:30,baseline,0,0.0,0,0,0.0
1785432630.62,17:30:30,baseline,1,0.0,0,0,0.0
1785432630.62,17:30:30,baseline,2,0.0,0,0,0.0
1785432630.62,17:30:30,baseline,3,0.0,0,0,0.0
1785432630.62,17:30:30,baseline,4,0.0,0,0,0.0
1785432630.62,17:30:30,baseline,5,0.0,0,0,0.0
1785432630.62,17:30:30,baseline,6,0.0,0,0,0.0
1785432630.62,17:30:30,baseline,7,0.0,0,0,0.0
1785432631.62,17:30:31,baseline,0,0.0,0,0,0.0
1785432631.62,17:30:31,baseline,1,0.0,0,0,0.0
1785432631.62,17:30:31,baseline,2,0.0,0,0,0.0
1785432631.62,17:30:31,baseline,3,0.0,0,0,0.0
1785432631.62,17:30:31,baseline,4,0.0,0,0,0.0
1785432631.62,17:30:31,baseline,5,0.0,0,0,0.0
1785432631.62,17:30:31,baseline,6,0.0,0,0,0.0
1785432631.62,17:30:31,baseline,7,0.0,0,0,0.0
1785432632.62,17:30:32,baseline,0,0.0,0,0,0.0
1785432632.62,17:30:32,baseline,1,0.0,0,0,0.0
1785432632.62,17:30:32,baseline,2,0.0,0,0,0.0
1785432632.62,17:30:32,baseline,3,0.0,0,0,0.0
1785432632.62,17:30:32,baseline,4,0.0,0,0,0.0
1785432632.62,17:30:32,baseline,5,0.0,0,0,0.0
1785432632.62,17:30:32,baseline,6,0.0,0,0,0.0
1785432632.62,17:30:32,baseline,7,0.0,0,0,0.0
1785432633.62,17:30:33,baseline,0,0.0,0,0,0.0
1785432633.62,17:30:33,baseline,1,0.0,0,0,0.0
1785432633.62,17:30:33,baseline,2,0.0,0,0,0.0
1785432633.62,17:30:33,baseline,3,0.0,0,0,0.0
1785432633.62,17:30:33,baseline,4,0.0,0,0,0.0
1785432633.62,17:30:33,baseline,5,0.0,0,0,0.0
1785432633.62,17:30:33,baseline,6,0.0,0,0,0.0
1785432633.62,17:30:33,baseline,7,0.0,0,0,0.0
1785432634.62,17:30:34,baseline,0,0.0,0,0,0.0
1785432634.62,17:30:34,baseline,1,0.0,0,0,0.0
1785432634.62,17:30:34,baseline,2,0.0,0,0,0.0
1785432634.62,17:30:34,baseline,3,0.0,0,0,0.0
1785432634.62,17:30:34,baseline,4,0.0,0,0,0.0
1785432634.62,17:30:34,baseline,5,0.0,0,0,0.0
1785432634.62,17:30:34,baseline,6,0.0,0,0,0.0
1785432634.62,17:30:34,baseline,7,0.0,0,0,0.0
1785432635.62,17:30:35,baseline,0,0.0,0,0,0.0
1785432635.62,17:30:35,baseline,1,0.0,0,0,0.0
1785432635.62,17:30:35,baseline,2,0.0,0,0,0.0
1785432635.62,17:30:35,baseline,3,0.0,0,0,0.0
1785432635.62,17:30:35,baseline,4,0.0,0,0,0.0
1785432635.62,17:30:35,baseline,5,0.0,0,0,0.0
1785432635.62,17:30:35,baseline,6,0.0,0,0,0.0
1785432635.62,17:30:35,baseline,7,0.0,0,0,0.0
1785432636.62,17:30:36,baseline,0,0.0,0,0,0.0
1785432636.62,17:30:36,baseline,1,0.0,0,0,0.0
1785432636.62,17:30:36,baseline,2,0.0,0,0,0.0
1785432636.62,17:30:36,baseline,3,0.0,0,0,0.0
1785432636.62,17:30:36,baseline,4,0.0,0,0,0.0
1785432636.62,17:30:36,baseline,5,0.0,0,0,0.0
1785432636.62,17:30:36,baseline,6,0.0,0,0,0.0
1785432636.62,17:30:36,baseline,7,0.0,0,0,0.0
1785432637.621,17:30:37,baseline,0,0.0,0,0,0.0
1785432637.621,17:30:37,baseline,1,0.0,0,0,0.0
1785432637.621,17:30:37,baseline,2,0.0,0,0,0.0
1785432637.621,17:30:37,baseline,3,0.0,0,0,0.0
1785432637.621,17:30:37,baseline,4,0.0,0,0,0.0
1785432637.621,17:30:37,baseline,5,0.0,0,0,0.0
1785432637.621,17:30:37,baseline,6,0.0,0,0,0.0
1785432637.621,17:30:37,baseline,7,0.0,0,0,0.0
1785432638.621,17:30:38,baseline,0,0.0,0,0,0.0
1785432638.621,17:30:38,baseline,1,0.0,0,0,0.0
1785432638.621,17:30:38,baseline,2,0.0,0,0,0.0
1785432638.621,17:30:38,baseline,3,0.0,0,0,0.0
1785432638.621,17:30:38,baseline,4,0.0,0,0,0.0
1785432638.621,17:30:38,baseline,5,0.0,0,0,0.0
1785432638.621,17:30:38,baseline,6,0.0,0,0,0.0
1785432638.621,17:30:38,baseline,7,0.0,0,0,0.0
1785432639.621,17:30:39,baseline,0,0.0,0,0,0.0
1785432639.621,17:30:39,baseline,1,0.0,0,0,0.0
1785432639.621,17:30:39,baseline,2,0.0,0,0,0.0
1785432639.621,17:30:39,baseline,3,0.0,0,0,0.0
1785432639.621,17:30:39,baseline,4,0.0,0,0,0.0
1785432639.621,17:30:39,baseline,5,0.0,0,0,0.0
1785432639.621,17:30:39,baseline,6,0.0,0,0,0.0
1785432639.621,17:30:39,baseline,7,0.0,0,0,0.0
1785432640.621,17:30:40,baseline,0,0.0,0,0,0.0
1785432640.621,17:30:40,baseline,1,0.0,0,0,0.0
1785432640.621,17:30:40,baseline,2,0.0,0,0,0.0
1785432640.621,17:30:40,baseline,3,0.0,0,0,0.0
1785432640.621,17:30:40,baseline,4,0.0,0,0,0.0
1785432640.621,17:30:40,baseline,5,0.0,0,0,0.0
1785432640.621,17:30:40,baseline,6,0.0,0,0,0.0
1785432640.621,17:30:40,baseline,7,0.0,0,0,0.0
1785432641.621,17:30:41,baseline,0,0.0,0,0,0.0
1785432641.621,17:30:41,baseline,1,0.0,0,0,0.0
1785432641.621,17:30:41,baseline,2,0.0,0,0,0.0
1785432641.621,17:30:41,baseline,3,0.0,0,0,0.0
1785432641.621,17:30:41,baseline,4,0.0,0,0,0.0
1785432641.621,17:30:41,baseline,5,0.0,0,0,0.0
1785432641.621,17:30:41,baseline,6,0.0,0,0,0.0
1785432641.621,17:30:41,baseline,7,0.0,0,0,0.0
1785432642.621,17:30:42,baseline,0,0.0,0,0,0.0
1785432642.621,17:30:42,baseline,1,0.0,0,0,0.0
1785432642.621,17:30:42,baseline,2,0.0,0,0,0.0
1785432642.621,17:30:42,baseline,3,0.0,0,0,0.0
1785432642.621,17:30:42,baseline,4,0.0,0,0,0.0
1785432642.621,17:30:42,baseline,5,0.0,0,0,0.0
1785432642.621,17:30:42,baseline,6,0.0,0,0,0.0
1785432642.621,17:30:42,baseline,7,0.0,0,0,0.0
1785432643.621,17:30:43,baseline,0,0.0,0,0,0.0
1785432643.621,17:30:43,baseline,1,0.0,0,0,0.0
1785432643.621,17:30:43,baseline,2,0.0,0,0,0.0
1785432643.621,17:30:43,baseline,3,0.0,0,0,0.0
1785432643.621,17:30:43,baseline,4,0.0,0,0,0.0
1785432643.621,17:30:43,baseline,5,0.0,0,0,0.0
1785432643.621,17:30:43,baseline,6,0.0,0,0,0.0
1785432643.621,17:30:43,baseline,7,0.0,0,0,0.0
1785432644.622,17:30:44,baseline,0,0.0,0,0,0.0
1785432644.622,17:30:44,baseline,1,0.0,0,0,0.0
1785432644.622,17:30:44,baseline,2,0.0,0,0,0.0
1785432644.622,17:30:44,baseline,3,0.0,0,0,0.0
1785432644.622,17:30:44,baseline,4,0.0,0,0,0.0
1785432644.622,17:30:44,baseline,5,0.0,0,0,0.0
1785432644.622,17:30:44,baseline,6,0.0,0,0,0.0
1785432644.622,17:30:44,baseline,7,0.0,0,0,0.0
1785432645.622,17:30:45,baseline,0,0.0,0,0,0.0
1785432645.622,17:30:45,baseline,1,0.0,0,0,0.0
1785432645.622,17:30:45,baseline,2,0.0,0,0,0.0
1785432645.622,17:30:45,baseline,3,0.0,0,0,0.0
1785432645.622,17:30:45,baseline,4,0.0,0,0,0.0
1785432645.622,17:30:45,baseline,5,0.0,0,0,0.0
1785432645.622,17:30:45,baseline,6,0.0,0,0,0.0
1785432645.622,17:30:45,baseline,7,0.0,0,0,0.0
1785432646.622,17:30:46,baseline,0,0.0,0,0,0.0
1785432646.622,17:30:46,baseline,1,0.0,0,0,0.0
1785432646.622,17:30:46,baseline,2,0.0,0,0,0.0
1785432646.622,17:30:46,baseline,3,0.0,0,0,0.0
1785432646.622,17:30:46,baseline,4,0.0,0,0,0.0
1785432646.622,17:30:46,baseline,5,0.0,0,0,0.0
1785432646.622,17:30:46,baseline,6,0.0,0,0,0.0
1785432646.622,17:30:46,baseline,7,0.0,0,0,0.0
1785432647.622,17:30:47,baseline,0,0.0,0,0,0.0
1785432647.622,17:30:47,baseline,1,0.0,0,0,0.0
1785432647.622,17:30:47,baseline,2,0.0,0,0,0.0
1785432647.622,17:30:47,baseline,3,0.0,0,0,0.0
1785432647.622,17:30:47,baseline,4,0.0,0,0,0.0
1785432647.622,17:30:47,baseline,5,0.0,0,0,0.0
1785432647.622,17:30:47,baseline,6,0.0,0,0,0.0
1785432647.622,17:30:47,baseline,7,0.0,0,0,0.0
1785432648.622,17:30:48,baseline,0,0.0,0,0,0.0
1785432648.622,17:30:48,baseline,1,0.0,0,0,0.0
1785432648.622,17:30:48,baseline,2,0.0,0,0,0.0
1785432648.622,17:30:48,baseline,3,0.0,0,0,0.0
1785432648.622,17:30:48,baseline,4,0.0,0,0,0.0
1785432648.622,17:30:48,baseline,5,0.0,0,0,0.0
1785432648.622,17:30:48,baseline,6,0.0,0,0,0.0
1785432648.622,17:30:48,baseline,7,0.0,0,0,0.0
1785432649.622,17:30:49,baseline,0,0.0,0,0,0.0
1785432649.622,17:30:49,baseline,1,0.0,0,0,0.0
1785432649.622,17:30:49,baseline,2,0.0,0,0,0.0
1785432649.622,17:30:49,baseline,3,0.0,0,0,0.0
1785432649.622,17:30:49,baseline,4,0.0,0,0,0.0
1785432649.622,17:30:49,baseline,5,0.0,0,0,0.0
1785432649.622,17:30:49,baseline,6,0.0,0,0,0.0
1785432649.622,17:30:49,baseline,7,0.0,0,0,0.0
1785432650.622,17:30:50,baseline,0,0.0,0,0,0.0
1785432650.622,17:30:50,baseline,1,0.0,0,0,0.0
1785432650.622,17:30:50,baseline,2,0.0,0,0,0.0
1785432650.622,17:30:50,baseline,3,0.0,0,0,0.0
1785432650.622,17:30:50,baseline,4,0.0,0,0,0.0
1785432650.622,17:30:50,baseline,5,0.0,0,0,0.0
1785432650.622,17:30:50,baseline,6,0.0,0,0,0.0
1785432650.622,17:30:50,baseline,7,0.0,0,0,0.0
1785432651.623,17:30:51,baseline,0,0.0,0,0,0.0
1785432651.623,17:30:51,baseline,1,0.0,0,0,0.0
1785432651.623,17:30:51,baseline,2,0.0,0,0,0.0
1785432651.623,17:30:51,baseline,3,0.0,0,0,0.0
1785432651.623,17:30:51,baseline,4,0.0,0,0,0.0
1785432651.623,17:30:51,baseline,5,0.0,0,0,0.0
1785432651.623,17:30:51,baseline,6,0.0,0,0,0.0
1785432651.623,17:30:51,baseline,7,0.0,0,0,0.0
1785432652.623,17:30:52,baseline,0,0.0,0,0,0.0
1785432652.623,17:30:52,baseline,1,0.0,0,0,0.0
1785432652.623,17:30:52,baseline,2,0.0,0,0,0.0
1785432652.623,17:30:52,baseline,3,0.0,0,0,0.0
1785432652.623,17:30:52,baseline,4,0.0,0,0,0.0
1785432652.623,17:30:52,baseline,5,0.0,0,0,0.0
1785432652.623,17:30:52,baseline,6,0.0,0,0,0.0
1785432652.623,17:30:52,baseline,7,0.0,0,0,0.0
1785432653.623,17:30:53,baseline,0,0.0,0,0,0.0
1785432653.623,17:30:53,baseline,1,0.0,0,0,0.0
1785432653.623,17:30:53,baseline,2,0.0,0,0,0.0
1785432653.623,17:30:53,baseline,3,0.0,0,0,0.0
1785432653.623,17:30:53,baseline,4,0.0,0,0,0.0
1785432653.623,17:30:53,baseline,5,0.0,0,0,0.0
1785432653.623,17:30:53,baseline,6,0.0,0,0,0.0
1785432653.623,17:30:53,baseline,7,0.0,0,0,0.0
1785432654.623,17:30:54,baseline,0,0.0,0,0,0.0
1785432654.623,17:30:54,baseline,1,0.0,0,0,0.0
1785432654.623,17:30:54,baseline,2,0.0,0,0,0.0
1785432654.623,17:30:54,baseline,3,0.0,0,0,0.0
1785432654.623,17:30:54,baseline,4,0.0,0,0,0.0
1785432654.623,17:30:54,baseline,5,0.0,0,0,0.0
1785432654.623,17:30:54,baseline,6,0.0,0,0,0.0
1785432654.623,17:30:54,baseline,7,0.0,0,0,0.0
1785432655.623,17:30:55,baseline,0,0.0,0,0,0.0
1785432655.623,17:30:55,baseline,1,0.0,0,0,0.0
1785432655.623,17:30:55,baseline,2,0.0,0,0,0.0
1785432655.623,17:30:55,baseline,3,0.0,0,0,0.0
1785432655.623,17:30:55,baseline,4,0.0,0,0,0.0
1785432655.623,17:30:55,baseline,5,0.0,0,0,0.0
1785432655.623,17:30:55,baseline,6,0.0,0,0,0.0
1785432655.623,17:30:55,baseline,7,0.0,0,0,0.0
1785432656.623,17:30:56,baseline,0,0.0,0,0,0.0
1785432656.623,17:30:56,baseline,1,0.0,0,0,0.0
1785432656.623,17:30:56,baseline,2,0.0,0,0,0.0
1785432656.623,17:30:56,baseline,3,0.0,0,0,0.0
1785432656.623,17:30:56,baseline,4,0.0,0,0,0.0
1785432656.623,17:30:56,baseline,5,0.0,0,0,0.0
1785432656.623,17:30:56,baseline,6,0.0,0,0,0.0
1785432656.623,17:30:56,baseline,7,0.0,0,0,0.0
1785432657.623,17:30:57,baseline,0,0.0,0,0,0.0
1785432657.623,17:30:57,baseline,1,0.0,0,0,0.0
1785432657.623,17:30:57,baseline,2,0.0,0,0,0.0
1785432657.623,17:30:57,baseline,3,0.0,0,0,0.0
1785432657.623,17:30:57,baseline,4,0.0,0,0,0.0
1785432657.623,17:30:57,baseline,5,0.0,0,0,0.0
1785432657.623,17:30:57,baseline,6,0.0,0,0,0.0
1785432657.623,17:30:57,baseline,7,0.0,0,0,0.0
1785432658.624,17:30:58,baseline,0,0.0,0,0,0.0
1785432658.624,17:30:58,baseline,1,0.0,0,0,0.0
1785432658.624,17:30:58,baseline,2,0.0,0,0,0.0
1785432658.624,17:30:58,baseline,3,0.0,0,0,0.0
1785432658.624,17:30:58,baseline,4,0.0,0,0,0.0
1785432658.624,17:30:58,baseline,5,0.0,0,0,0.0
1785432658.624,17:30:58,baseline,6,0.0,0,0,0.0
1785432658.624,17:30:58,baseline,7,0.0,0,0,0.0
1785432659.624,17:30:59,baseline,0,0.0,0,0,0.0
1785432659.624,17:30:59,baseline,1,0.0,0,0,0.0
1785432659.624,17:30:59,baseline,2,0.0,0,0,0.0
1785432659.624,17:30:59,baseline,3,0.0,0,0,0.0
1785432659.624,17:30:59,baseline,4,0.0,0,0,0.0
1785432659.624,17:30:59,baseline,5,0.0,0,0,0.0
1785432659.624,17:30:59,baseline,6,0.0,0,0,0.0
1785432659.624,17:30:59,baseline,7,0.0,0,0,0.0
1785432660.624,17:31:00,baseline,0,0.0,0,0,0.0
1785432660.624,17:31:00,baseline,1,0.0,0,0,0.0
1785432660.624,17:31:00,baseline,2,0.0,0,0,0.0
1785432660.624,17:31:00,baseline,3,0.0,0,0,0.0
1785432660.624,17:31:00,baseline,4,0.0,0,0,0.0
1785432660.624,17:31:00,baseline,5,0.0,0,0,0.0
1785432660.624,17:31:00,baseline,6,0.0,0,0,0.0
1785432660.624,17:31:00,baseline,7,0.0,0,0,0.0
1785432661.624,17:31:01,baseline,0,0.0,0,0,0.0
1785432661.624,17:31:01,baseline,1,0.0,0,0,0.0
1785432661.624,17:31:01,baseline,2,0.0,0,0,0.0
1785432661.624,17:31:01,baseline,3,0.0,0,0,0.0
1785432661.624,17:31:01,baseline,4,0.0,0,0,0.0
1785432661.624,17:31:01,baseline,5,0.0,0,0,0.0
1785432661.624,17:31:01,baseline,6,0.0,0,0,0.0
1785432661.624,17:31:01,baseline,7,0.0,0,0,0.0
1785432662.624,17:31:02,baseline,0,0.0,0,0,0.0
1785432662.624,17:31:02,baseline,1,0.0,0,0,0.0
1785432662.624,17:31:02,baseline,2,0.0,0,0,0.0
1785432662.624,17:31:02,baseline,3,0.0,0,0,0.0
1785432662.624,17:31:02,baseline,4,0.0,0,0,0.0
1785432662.624,17:31:02,baseline,5,0.0,0,0,0.0
1785432662.624,17:31:02,baseline,6,0.0,0,0,0.0
1785432662.624,17:31:02,baseline,7,0.0,0,0,0.0
1785432663.624,17:31:03,baseline,0,0.0,0,0,0.0
1785432663.624,17:31:03,baseline,1,0.0,0,0,0.0
1785432663.624,17:31:03,baseline,2,0.0,0,0,0.0
1785432663.624,17:31:03,baseline,3,0.0,0,0,0.0
1785432663.624,17:31:03,baseline,4,0.0,0,0,0.0
1785432663.624,17:31:03,baseline,5,0.0,0,0,0.0
1785432663.624,17:31:03,baseline,6,0.0,0,0,0.0
1785432663.624,17:31:03,baseline,7,0.0,0,0,0.0
1785432664.624,17:31:04,baseline,0,0.0,0,0,0.0
1785432664.624,17:31:04,baseline,1,0.0,0,0,0.0
1785432664.624,17:31:04,baseline,2,0.0,0,0,0.0
1785432664.624,17:31:04,baseline,3,0.0,0,0,0.0
1785432664.624,17:31:04,baseline,4,0.0,0,0,0.0
1785432664.624,17:31:04,baseline,5,0.0,0,0,0.0
1785432664.624,17:31:04,baseline,6,0.0,0,0,0.0
1785432664.624,17:31:04,baseline,7,0.0,0,0,0.0
1785432665.625,17:31:05,baseline,0,0.0,0,0,0.0
1785432665.625,17:31:05,baseline,1,0.0,0,0,0.0
1785432665.625,17:31:05,baseline,2,0.0,0,0,0.0
1785432665.625,17:31:05,baseline,3,0.0,0,0,0.0
1785432665.625,17:31:05,baseline,4,0.0,0,0,0.0
1785432665.625,17:31:05,baseline,5,0.0,0,0,0.0
1785432665.625,17:31:05,baseline,6,0.0,0,0,0.0
1785432665.625,17:31:05,baseline,7,0.0,0,0,0.0
1785432666.625,17:31:06,baseline,0,0.0,0,0,0.0
1785432666.625,17:31:06,baseline,1,0.0,0,0,0.0
1785432666.625,17:31:06,baseline,2,0.0,0,0,0.0
1785432666.625,17:31:06,baseline,3,0.0,0,0,0.0
1785432666.625,17:31:06,baseline,4,0.0,0,0,0.0
1785432666.625,17:31:06,baseline,5,0.0,0,0,0.0
1785432666.625,17:31:06,baseline,6,0.0,0,0,0.0
1785432666.625,17:31:06,baseline,7,0.0,0,0,0.0
1785432667.625,17:31:07,baseline,0,0.0,0,0,0.0
1785432667.625,17:31:07,baseline,1,0.0,0,0,0.0
1785432667.625,17:31:07,baseline,2,0.0,0,0,0.0
1785432667.625,17:31:07,baseline,3,0.0,0,0,0.0
1785432667.625,17:31:07,baseline,4,0.0,0,0,0.0
1785432667.625,17:31:07,baseline,5,0.0,0,0,0.0
1785432667.625,17:31:07,baseline,6,0.0,0,0,0.0
1785432667.625,17:31:07,baseline,7,0.0,0,0,0.0
1785432668.625,17:31:08,baseline,0,0.0,0,0,0.0
1785432668.625,17:31:08,baseline,1,0.0,0,0,0.0
1785432668.625,17:31:08,baseline,2,0.0,0,0,0.0
1785432668.625,17:31:08,baseline,3,0.0,0,0,0.0
1785432668.625,17:31:08,baseline,4,0.0,0,0,0.0
1785432668.625,17:31:08,baseline,5,0.0,0,0,0.0
1785432668.625,17:31:08,baseline,6,0.0,0,0,0.0
1785432668.625,17:31:08,baseline,7,0.0,0,0,0.0
1785432669.625,17:31:09,baseline,0,0.0,0,0,0.0
1785432669.625,17:31:09,baseline,1,0.0,0,0,0.0
1785432669.625,17:31:09,baseline,2,0.0,0,0,0.0
1785432669.625,17:31:09,baseline,3,0.0,0,0,0.0
1785432669.625,17:31:09,baseline,4,0.0,0,0,0.0
1785432669.625,17:31:09,baseline,5,0.0,0,0,0.0
1785432669.625,17:31:09,baseline,6,0.0,0,0,0.0
1785432669.625,17:31:09,baseline,7,0.0,0,0,0.0
1785432670.625,17:31:10,baseline,0,0.0,0,0,0.0
1785432670.625,17:31:10,baseline,1,0.0,0,0,0.0
1785432670.625,17:31:10,baseline,2,0.0,0,0,0.0
1785432670.625,17:31:10,baseline,3,0.0,0,0,0.0
1785432670.625,17:31:10,baseline,4,0.0,0,0,0.0
1785432670.625,17:31:10,baseline,5,0.0,0,0,0.0
1785432670.625,17:31:10,baseline,6,0.0,0,0,0.0
1785432670.625,17:31:10,baseline,7,0.0,0,0,0.0
1785432671.625,17:31:11,baseline,0,0.0,0,0,0.0
1785432671.625,17:31:11,baseline,1,0.0,0,0,0.0
1785432671.625,17:31:11,baseline,2,0.0,0,0,0.0
1785432671.625,17:31:11,baseline,3,0.0,0,0,0.0
1785432671.625,17:31:11,baseline,4,0.0,0,0,0.0
1785432671.625,17:31:11,baseline,5,0.0,0,0,0.0
1785432671.625,17:31:11,baseline,6,0.0,0,0,0.0
1785432671.625,17:31:11,baseline,7,0.0,0,0,0.0
1785432672.626,17:31:12,baseline,0,0.0,0,0,0.0
1785432672.626,17:31:12,baseline,1,0.0,0,0,0.0
1785432672.626,17:31:12,baseline,2,0.0,0,0,0.0
1785432672.626,17:31:12,baseline,3,0.0,0,0,0.0
1785432672.626,17:31:12,baseline,4,0.0,0,0,0.0
1785432672.626,17:31:12,baseline,5,0.0,0,0,0.0
1785432672.626,17:31:12,baseline,6,0.0,0,0,0.0
1785432672.626,17:31:12,baseline,7,0.0,0,0,0.0
1785432673.626,17:31:13,baseline,0,0.0,0,0,0.0
1785432673.626,17:31:13,baseline,1,0.0,0,0,0.0
1785432673.626,17:31:13,baseline,2,0.0,0,0,0.0
1785432673.626,17:31:13,baseline,3,0.0,0,0,0.0
1785432673.626,17:31:13,baseline,4,0.0,0,0,0.0
1785432673.626,17:31:13,baseline,5,0.0,0,0,0.0
1785432673.626,17:31:13,baseline,6,0.0,0,0,0.0
1785432673.626,17:31:13,baseline,7,0.0,0,0,0.0
1785432674.626,17:31:14,baseline,0,0.0,0,0,0.0
1785432674.626,17:31:14,baseline,1,0.0,0,0,0.0
1785432674.626,17:31:14,baseline,2,0.0,0,0,0.0
1785432674.626,17:31:14,baseline,3,0.0,0,0,0.0
1785432674.626,17:31:14,baseline,4,0.0,0,0,0.0
1785432674.626,17:31:14,baseline,5,0.0,0,0,0.0
1785432674.626,17:31:14,baseline,6,0.0,0,0,0.0
1785432674.626,17:31:14,baseline,7,0.0,0,0,0.0
1785432675.626,17:31:15,baseline,0,0.0,0,0,0.0
1785432675.626,17:31:15,baseline,1,0.0,0,0,0.0
1785432675.626,17:31:15,baseline,2,0.0,0,0,0.0
1785432675.626,17:31:15,baseline,3,0.0,0,0,0.0
1785432675.626,17:31:15,baseline,4,0.0,0,0,0.0
1785432675.626,17:31:15,baseline,5,0.0,0,0,0.0
1785432675.626,17:31:15,baseline,6,0.0,0,0,0.0
1785432675.626,17:31:15,baseline,7,0.0,0,0,0.0
1785432676.626,17:31:16,baseline,0,0.0,0,0,0.0
1785432676.626,17:31:16,baseline,1,0.0,0,0,0.0
1785432676.626,17:31:16,baseline,2,0.0,0,0,0.0
1785432676.626,17:31:16,baseline,3,0.0,0,0,0.0
1785432676.626,17:31:16,baseline,4,0.0,0,0,0.0
1785432676.626,17:31:16,baseline,5,0.0,0,0,0.0
1785432676.626,17:31:16,baseline,6,0.0,0,0,0.0
1785432676.626,17:31:16,baseline,7,0.0,0,0,0.0
1785432677.626,17:31:17,baseline,0,0.0,0,0,0.0
1785432677.626,17:31:17,baseline,1,0.0,0,0,0.0
1785432677.626,17:31:17,baseline,2,0.0,0,0,0.0
1785432677.626,17:31:17,baseline,3,0.0,0,0,0.0
1785432677.626,17:31:17,baseline,4,0.0,0,0,0.0
1785432677.626,17:31:17,baseline,5,0.0,0,0,0.0
1785432677.626,17:31:17,baseline,6,0.0,0,0,0.0
1785432677.626,17:31:17,baseline,7,0.0,0,0,0.0
1785432678.626,17:31:18,baseline,0,0.0,0,0,0.0
1785432678.626,17:31:18,baseline,1,0.0,0,0,0.0
1785432678.626,17:31:18,baseline,2,0.0,0,0,0.0
1785432678.626,17:31:18,baseline,3,0.0,0,0,0.0
1785432678.626,17:31:18,baseline,4,0.0,0,0,0.0
1785432678.626,17:31:18,baseline,5,0.0,0,0,0.0
1785432678.626,17:31:18,baseline,6,0.0,0,0,0.0
1785432678.626,17:31:18,baseline,7,0.0,0,0,0.0
1785432679.627,17:31:19,baseline,0,0.0,0,0,0.0
1785432679.627,17:31:19,baseline,1,0.0,0,0,0.0
1785432679.627,17:31:19,baseline,2,0.0,0,0,0.0
1785432679.627,17:31:19,baseline,3,0.0,0,0,0.0
1785432679.627,17:31:19,baseline,4,0.0,0,0,0.0
1785432679.627,17:31:19,baseline,5,0.0,0,0,0.0
1785432679.627,17:31:19,baseline,6,0.0,0,0,0.0
1785432679.627,17:31:19,baseline,7,0.0,0,0,0.0
1785432680.627,17:31:20,baseline,0,0.0,0,0,0.0
1785432680.627,17:31:20,baseline,1,0.0,0,0,0.0
1785432680.627,17:31:20,baseline,2,0.0,0,0,0.0
1785432680.627,17:31:20,baseline,3,0.0,0,0,0.0
1785432680.627,17:31:20,baseline,4,0.0,0,0,0.0
1785432680.627,17:31:20,baseline,5,0.0,0,0,0.0
1785432680.627,17:31:20,baseline,6,0.0,0,0,0.0
1785432680.627,17:31:20,baseline,7,0.0,0,0,0.0
1785432681.627,17:31:21,baseline,0,0.0,0,0,0.0
1785432681.627,17:31:21,baseline,1,0.0,0,0,0.0
1785432681.627,17:31:21,baseline,2,0.0,0,0,0.0
1785432681.627,17:31:21,baseline,3,0.0,0,0,0.0
1785432681.627,17:31:21,baseline,4,0.0,0,0,0.0
1785432681.627,17:31:21,baseline,5,0.0,0,0,0.0
1785432681.627,17:31:21,baseline,6,0.0,0,0,0.0
1785432681.627,17:31:21,baseline,7,0.0,0,0,0.0
1785432682.627,17:31:22,baseline,0,0.0,0,0,0.0
1785432682.627,17:31:22,baseline,1,0.0,0,0,0.0
1785432682.627,17:31:22,baseline,2,0.0,0,0,0.0
1785432682.627,17:31:22,baseline,3,0.0,0,0,0.0
1785432682.627,17:31:22,baseline,4,0.0,0,0,0.0
1785432682.627,17:31:22,baseline,5,0.0,0,0,0.0
1785432682.627,17:31:22,baseline,6,0.0,0,0,0.0
1785432682.627,17:31:22,baseline,7,0.0,0,0,0.0
1785432683.627,17:31:23,baseline,0,0.0,0,0,0.0
1785432683.627,17:31:23,baseline,1,0.0,0,0,0.0
1785432683.627,17:31:23,baseline,2,0.0,0,0,0.0
1785432683.627,17:31:23,baseline,3,0.0,0,0,0.0
1785432683.627,17:31:23,baseline,4,0.0,0,0,0.0
1785432683.627,17:31:23,baseline,5,0.0,0,0,0.0
1785432683.627,17:31:23,baseline,6,0.0,0,0,0.0
1785432683.627,17:31:23,baseline,7,0.0,0,0,0.0
1785432684.627,17:31:24,baseline,0,0.0,0,0,0.0
1785432684.627,17:31:24,baseline,1,0.0,0,0,0.0
1785432684.627,17:31:24,baseline,2,0.0,0,0,0.0
1785432684.627,17:31:24,baseline,3,0.0,0,0,0.0
1785432684.627,17:31:24,baseline,4,0.0,0,0,0.0
1785432684.627,17:31:24,baseline,5,0.0,0,0,0.0
1785432684.627,17:31:24,baseline,6,0.0,0,0,0.0
1785432684.627,17:31:24,baseline,7,0.0,0,0,0.0
1785432685.627,17:31:25,baseline,0,0.0,0,0,0.0
1785432685.627,17:31:25,baseline,1,0.0,0,0,0.0
1785432685.627,17:31:25,baseline,2,0.0,0,0,0.0
1785432685.627,17:31:25,baseline,3,0.0,0,0,0.0
1785432685.627,17:31:25,baseline,4,0.0,0,0,0.0
1785432685.627,17:31:25,baseline,5,0.0,0,0,0.0
1785432685.627,17:31:25,baseline,6,0.0,0,0,0.0
1785432685.627,17:31:25,baseline,7,0.0,0,0,0.0
1785432686.628,17:31:26,baseline,0,0.0,0,0,0.0
1785432686.628,17:31:26,baseline,1,0.0,0,0,0.0
1785432686.628,17:31:26,baseline,2,0.0,0,0,0.0
1785432686.628,17:31:26,baseline,3,0.0,0,0,0.0
1785432686.628,17:31:26,baseline,4,0.0,0,0,0.0
1785432686.628,17:31:26,baseline,5,0.0,0,0,0.0
1785432686.628,17:31:26,baseline,6,0.0,0,0,0.0
1785432686.628,17:31:26,baseline,7,0.0,0,0,0.0
1785432687.628,17:31:27,baseline,0,0.0,0,0,0.0
1785432687.628,17:31:27,baseline,1,0.0,0,0,0.0
1785432687.628,17:31:27,baseline,2,0.0,0,0,0.0
1785432687.628,17:31:27,baseline,3,0.0,0,0,0.0
1785432687.628,17:31:27,baseline,4,0.0,0,0,0.0
1785432687.628,17:31:27,baseline,5,0.0,0,0,0.0
1785432687.628,17:31:27,baseline,6,0.0,0,0,0.0
1785432687.628,17:31:27,baseline,7,0.0,0,0,0.0
1785432688.628,17:31:28,baseline,0,0.0,0,0,0.0
1785432688.628,17:31:28,baseline,1,0.0,0,0,0.0
1785432688.628,17:31:28,baseline,2,0.0,0,0,0.0
1785432688.628,17:31:28,baseline,3,0.0,0,0,0.0
1785432688.628,17:31:28,baseline,4,0.0,0,0,0.0
1785432688.628,17:31:28,baseline,5,0.0,0,0,0.0
1785432688.628,17:31:28,baseline,6,0.0,0,0,0.0
1785432688.628,17:31:28,baseline,7,0.0,0,0,0.0
1785432689.628,17:31:29,baseline,0,0.0,0,0,0.0
1785432689.628,17:31:29,baseline,1,0.0,0,0,0.0
1785432689.628,17:31:29,baseline,2,0.0,0,0,0.0
1785432689.628,17:31:29,baseline,3,0.0,0,0,0.0
1785432689.628,17:31:29,baseline,4,0.0,0,0,0.0
1785432689.628,17:31:29,baseline,5,0.0,0,0,0.0
1785432689.628,17:31:29,baseline,6,0.0,0,0,0.0
1785432689.628,17:31:29,baseline,7,0.0,0,0,0.0
1785432690.628,17:31:30,baseline,0,0.0,0,0,0.0
1785432690.628,17:31:30,baseline,1,0.0,0,0,0.0
1785432690.628,17:31:30,baseline,2,0.0,0,0,0.0
1785432690.628,17:31:30,baseline,3,0.0,0,0,0.0
1785432690.628,17:31:30,baseline,4,0.0,0,0,0.0
1785432690.628,17:31:30,baseline,5,0.0,0,0,0.0
1785432690.628,17:31:30,baseline,6,0.0,0,0,0.0
1785432690.628,17:31:30,baseline,7,0.0,0,0,0.0
1785432691.628,17:31:31,baseline,0,0.0,0,0,0.0
1785432691.628,17:31:31,baseline,1,0.0,0,0,0.0
1785432691.628,17:31:31,baseline,2,0.0,0,0,0.0
1785432691.628,17:31:31,baseline,3,0.0,0,0,0.0
1785432691.628,17:31:31,baseline,4,0.0,0,0,0.0
1785432691.628,17:31:31,baseline,5,0.0,0,0,0.0
1785432691.628,17:31:31,baseline,6,0.0,0,0,0.0
1785432691.628,17:31:31,baseline,7,0.0,0,0,0.0
1785432692.628,17:31:32,baseline,0,0.0,0,0,0.0
1785432692.628,17:31:32,baseline,1,0.0,0,0,0.0
1785432692.628,17:31:32,baseline,2,0.0,0,0,0.0
1785432692.628,17:31:32,baseline,3,0.0,0,0,0.0
1785432692.628,17:31:32,baseline,4,0.0,0,0,0.0
1785432692.628,17:31:32,baseline,5,0.0,0,0,0.0
1785432692.628,17:31:32,baseline,6,0.0,0,0,0.0
1785432692.628,17:31:32,baseline,7,0.0,0,0,0.0
1785432693.629,17:31:33,baseline,0,0.0,0,0,0.0
1785432693.629,17:31:33,baseline,1,0.0,0,0,0.0
1785432693.629,17:31:33,baseline,2,0.0,0,0,0.0
1785432693.629,17:31:33,baseline,3,0.0,0,0,0.0
1785432693.629,17:31:33,baseline,4,0.0,0,0,0.0
1785432693.629,17:31:33,baseline,5,0.0,0,0,0.0
1785432693.629,17:31:33,baseline,6,0.0,0,0,0.0
1785432693.629,17:31:33,baseline,7,0.0,0,0,0.0
1785432694.629,17:31:34,baseline,0,0.0,0,0,0.0
1785432694.629,17:31:34,baseline,1,0.0,0,0,0.0
1785432694.629,17:31:34,baseline,2,0.0,0,0,0.0
1785432694.629,17:31:34,baseline,3,0.0,0,0,0.0
1785432694.629,17:31:34,baseline,4,0.0,0,0,0.0
1785432694.629,17:31:34,baseline,5,0.0,0,0,0.0
1785432694.629,17:31:34,baseline,6,0.0,0,0,0.0
1785432694.629,17:31:34,baseline,7,0.0,0,0,0.0
1785432695.629,17:31:35,baseline,0,0.0,0,0,0.0
1785432695.629,17:31:35,baseline,1,0.0,0,0,0.0
1785432695.629,17:31:35,baseline,2,0.0,0,0,0.0
1785432695.629,17:31:35,baseline,3,0.0,0,0,0.0
1785432695.629,17:31:35,baseline,4,0.0,0,0,0.0
1785432695.629,17:31:35,baseline,5,0.0,0,0,0.0
1785432695.629,17:31:35,baseline,6,0.0,0,0,0.0
1785432695.629,17:31:35,baseline,7,0.0,0,0,0.0
1785432696.629,17:31:36,baseline,0,0.0,0,0,0.0
1785432696.629,17:31:36,baseline,1,0.0,0,0,0.0
1785432696.629,17:31:36,baseline,2,0.0,0,0,0.0
1785432696.629,17:31:36,baseline,3,0.0,0,0,0.0
1785432696.629,17:31:36,baseline,4,0.0,0,0,0.0
1785432696.629,17:31:36,baseline,5,0.0,0,0,0.0
1785432696.629,17:31:36,baseline,6,0.0,0,0,0.0
1785432696.629,17:31:36,baseline,7,0.0,0,0,0.0
1785432697.629,17:31:37,baseline,0,0.0,0,0,0.0
1785432697.629,17:31:37,baseline,1,0.0,0,0,0.0
1785432697.629,17:31:37,baseline,2,0.0,0,0,0.0
1785432697.629,17:31:37,baseline,3,0.0,0,0,0.0
1785432697.629,17:31:37,baseline,4,0.0,0,0,0.0
1785432697.629,17:31:37,baseline,5,0.0,0,0,0.0
1785432697.629,17:31:37,baseline,6,0.0,0,0,0.0
1785432697.629,17:31:37,baseline,7,0.0,0,0,0.0
1785432698.629,17:31:38,baseline,0,0.0,0,0,0.0
1785432698.629,17:31:38,baseline,1,0.0,0,0,0.0
1785432698.629,17:31:38,baseline,2,0.0,0,0,0.0
1785432698.629,17:31:38,baseline,3,0.0,0,0,0.0
1785432698.629,17:31:38,baseline,4,0.0,0,0,0.0
1785432698.629,17:31:38,baseline,5,0.0,0,0,0.0
1785432698.629,17:31:38,baseline,6,0.0,0,0,0.0
1785432698.629,17:31:38,baseline,7,0.0,0,0,0.0
1785432699.629,17:31:39,baseline,0,0.0,0,0,0.0
1785432699.629,17:31:39,baseline,1,0.0,0,0,0.0
1785432699.629,17:31:39,baseline,2,0.0,0,0,0.0
1785432699.629,17:31:39,baseline,3,0.0,0,0,0.0
1785432699.629,17:31:39,baseline,4,0.0,0,0,0.0
1785432699.629,17:31:39,baseline,5,0.0,0,0,0.0
1785432699.629,17:31:39,baseline,6,0.0,0,0,0.0
1785432699.629,17:31:39,baseline,7,0.0,0,0,0.0
1785432700.63,17:31:40,baseline,0,0.0,0,0,0.0
1785432700.63,17:31:40,baseline,1,0.0,0,0,0.0
1785432700.63,17:31:40,baseline,2,0.0,0,0,0.0
1785432700.63,17:31:40,baseline,3,0.0,0,0,0.0
1785432700.63,17:31:40,baseline,4,0.0,0,0,0.0
1785432700.63,17:31:40,baseline,5,0.0,0,0,0.0
1785432700.63,17:31:40,baseline,6,0.0,0,0,0.0
1785432700.63,17:31:40,baseline,7,0.0,0,0,0.0
1785432701.63,17:31:41,baseline,0,0.0,0,0,0.0
1785432701.63,17:31:41,baseline,1,0.0,0,0,0.0
1785432701.63,17:31:41,baseline,2,0.0,0,0,0.0
1785432701.63,17:31:41,baseline,3,0.0,0,0,0.0
1785432701.63,17:31:41,baseline,4,0.0,0,0,0.0
1785432701.63,17:31:41,baseline,5,0.0,0,0,0.0
1785432701.63,17:31:41,baseline,6,0.0,0,0,0.0
1785432701.63,17:31:41,baseline,7,0.0,0,0,0.0
1785432702.63,17:31:42,baseline,0,0.0,0,0,0.0
1785432702.63,17:31:42,baseline,1,0.0,0,0,0.0
1785432702.63,17:31:42,baseline,2,0.0,0,0,0.0
1785432702.63,17:31:42,baseline,3,0.0,0,0,0.0
1785432702.63,17:31:42,baseline,4,0.0,0,0,0.0
1785432702.63,17:31:42,baseline,5,0.0,0,0,0.0
1785432702.63,17:31:42,baseline,6,0.0,0,0,0.0
1785432702.63,17:31:42,baseline,7,0.0,0,0,0.0
1785432703.63,17:31:43,baseline,0,0.0,0,0,0.0
1785432703.63,17:31:43,baseline,1,0.0,0,0,0.0
1785432703.63,17:31:43,baseline,2,0.0,0,0,0.0
1785432703.63,17:31:43,baseline,3,0.0,0,0,0.0
1785432703.63,17:31:43,baseline,4,0.0,0,0,0.0
1785432703.63,17:31:43,baseline,5,0.0,0,0,0.0
1785432703.63,17:31:43,baseline,6,0.0,0,0,0.0
1785432703.63,17:31:43,baseline,7,0.0,0,0,0.0
1785432704.63,17:31:44,baseline,0,0.0,0,0,0.0
1785432704.63,17:31:44,baseline,1,0.0,0,0,0.0
1785432704.63,17:31:44,baseline,2,0.0,0,0,0.0
1785432704.63,17:31:44,baseline,3,0.0,0,0,0.0
1785432704.63,17:31:44,baseline,4,0.0,0,0,0.0
1785432704.63,17:31:44,baseline,5,0.0,0,0,0.0
1785432704.63,17:31:44,baseline,6,0.0,0,0,0.0
1785432704.63,17:31:44,baseline,7,0.0,0,0,0.0
1785432705.63,17:31:45,baseline,0,0.0,0,0,0.0
1785432705.63,17:31:45,baseline,1,0.0,0,0,0.0
1785432705.63,17:31:45,baseline,2,0.0,0,0,0.0
1785432705.63,17:31:45,baseline,3,0.0,0,0,0.0
1785432705.63,17:31:45,baseline,4,0.0,0,0,0.0
1785432705.63,17:31:45,baseline,5,0.0,0,0,0.0
1785432705.63,17:31:45,baseline,6,0.0,0,0,0.0
1785432705.63,17:31:45,baseline,7,0.0,0,0,0.0
1785432706.63,17:31:46,baseline,0,0.0,0,0,0.0
1785432706.63,17:31:46,baseline,1,0.0,0,0,0.0
1785432706.63,17:31:46,baseline,2,0.0,0,0,0.0
1785432706.63,17:31:46,baseline,3,0.0,0,0,0.0
1785432706.63,17:31:46,baseline,4,0.0,0,0,0.0
1785432706.63,17:31:46,baseline,5,0.0,0,0,0.0
1785432706.63,17:31:46,baseline,6,0.0,0,0,0.0
1785432706.63,17:31:46,baseline,7,0.0,0,0,0.0
1785432707.631,17:31:47,baseline,0,0.0,0,0,0.0
1785432707.631,17:31:47,baseline,1,0.0,0,0,0.0
1785432707.631,17:31:47,baseline,2,0.0,0,0,0.0
1785432707.631,17:31:47,baseline,3,0.0,0,0,0.0
1785432707.631,17:31:47,baseline,4,0.0,0,0,0.0
1785432707.631,17:31:47,baseline,5,0.0,0,0,0.0
1785432707.631,17:31:47,baseline,6,0.0,0,0,0.0
1785432707.631,17:31:47,baseline,7,0.0,0,0,0.0
1785432708.631,17:31:48,baseline,0,0.0,0,0,0.0
1785432708.631,17:31:48,baseline,1,0.0,0,0,0.0
1785432708.631,17:31:48,baseline,2,0.0,0,0,0.0
1785432708.631,17:31:48,baseline,3,0.0,0,0,0.0
1785432708.631,17:31:48,baseline,4,0.0,0,0,0.0
1785432708.631,17:31:48,baseline,5,0.0,0,0,0.0
1785432708.631,17:31:48,baseline,6,0.0,0,0,0.0
1785432708.631,17:31:48,baseline,7,0.0,0,0,0.0
1785432709.631,17:31:49,baseline,0,0.0,0,0,0.0
1785432709.631,17:31:49,baseline,1,0.0,0,0,0.0
1785432709.631,17:31:49,baseline,2,0.0,0,0,0.0
1785432709.631,17:31:49,baseline,3,0.0,0,0,0.0
1785432709.631,17:31:49,baseline,4,0.0,0,0,0.0
1785432709.631,17:31:49,baseline,5,0.0,0,0,0.0
1785432709.631,17:31:49,baseline,6,0.0,0,0,0.0
1785432709.631,17:31:49,baseline,7,0.0,0,0,0.0
1785432710.631,17:31:50,baseline,0,0.0,0,0,0.0
1785432710.631,17:31:50,baseline,1,0.0,0,0,0.0
1785432710.631,17:31:50,baseline,2,0.0,0,0,0.0
1785432710.631,17:31:50,baseline,3,0.0,0,0,0.0
1785432710.631,17:31:50,baseline,4,0.0,0,0,0.0
1785432710.631,17:31:50,baseline,5,0.0,0,0,0.0
1785432710.631,17:31:50,baseline,6,0.0,0,0,0.0
1785432710.631,17:31:50,baseline,7,0.0,0,0,0.0
1785432711.631,17:31:51,baseline,0,0.0,0,0,0.0
1785432711.631,17:31:51,baseline,1,0.0,0,0,0.0
1785432711.631,17:31:51,baseline,2,0.0,0,0,0.0
1785432711.631,17:31:51,baseline,3,0.0,0,0,0.0
1785432711.631,17:31:51,baseline,4,0.0,0,0,0.0
1785432711.631,17:31:51,baseline,5,0.0,0,0,0.0
1785432711.631,17:31:51,baseline,6,0.0,0,0,0.0
1785432711.631,17:31:51,baseline,7,0.0,0,0,0.0
1785432712.631,17:31:52,baseline,0,0.0,0,0,0.0
1785432712.631,17:31:52,baseline,1,0.0,0,0,0.0
1785432712.631,17:31:52,baseline,2,0.0,0,0,0.0
1785432712.631,17:31:52,baseline,3,0.0,0,0,0.0
1785432712.631,17:31:52,baseline,4,0.0,0,0,0.0
1785432712.631,17:31:52,baseline,5,0.0,0,0,0.0
1785432712.631,17:31:52,baseline,6,0.0,0,0,0.0
1785432712.631,17:31:52,baseline,7,0.0,0,0,0.0
1785432713.631,17:31:53,baseline,0,0.0,0,0,0.0
1785432713.631,17:31:53,baseline,1,0.0,0,0,0.0
1785432713.631,17:31:53,baseline,2,0.0,0,0,0.0
1785432713.631,17:31:53,baseline,3,0.0,0,0,0.0
1785432713.631,17:31:53,baseline,4,0.0,0,0,0.0
1785432713.631,17:31:53,baseline,5,0.0,0,0,0.0
1785432713.631,17:31:53,baseline,6,0.0,0,0,0.0
1785432713.631,17:31:53,baseline,7,0.0,0,0,0.0
1785432714.632,17:31:54,baseline,0,0.0,0,0,0.0
1785432714.632,17:31:54,baseline,1,0.0,0,0,0.0
1785432714.632,17:31:54,baseline,2,0.0,0,0,0.0
1785432714.632,17:31:54,baseline,3,0.0,0,0,0.0
1785432714.632,17:31:54,baseline,4,0.0,0,0,0.0
1785432714.632,17:31:54,baseline,5,0.0,0,0,0.0
1785432714.632,17:31:54,baseline,6,0.0,0,0,0.0
1785432714.632,17:31:54,baseline,7,0.0,0,0,0.0
1785432715.632,17:31:55,baseline,0,0.0,0,0,0.0
1785432715.632,17:31:55,baseline,1,0.0,0,0,0.0
1785432715.632,17:31:55,baseline,2,0.0,0,0,0.0
1785432715.632,17:31:55,baseline,3,0.0,0,0,0.0
1785432715.632,17:31:55,baseline,4,0.0,0,0,0.0
1785432715.632,17:31:55,baseline,5,0.0,0,0,0.0
1785432715.632,17:31:55,baseline,6,0.0,0,0,0.0
1785432715.632,17:31:55,baseline,7,0.0,0,0,0.0
1785432716.632,17:31:56,baseline,0,0.0,0,0,0.0
1785432716.632,17:31:56,baseline,1,0.0,0,0,0.0
1785432716.632,17:31:56,baseline,2,0.0,0,0,0.0
1785432716.632,17:31:56,baseline,3,0.0,0,0,0.0
1785432716.632,17:31:56,baseline,4,0.0,0,0,0.0
1785432716.632,17:31:56,baseline,5,0.0,0,0,0.0
1785432716.632,17:31:56,baseline,6,0.0,0,0,0.0
1785432716.632,17:31:56,baseline,7,0.0,0,0,0.0
1785432717.632,17:31:57,baseline,0,0.0,0,0,0.0
1785432717.632,17:31:57,baseline,1,0.0,0,0,0.0
1785432717.632,17:31:57,baseline,2,0.0,0,0,0.0
1785432717.632,17:31:57,baseline,3,0.0,0,0,0.0
1785432717.632,17:31:57,baseline,4,0.0,0,0,0.0
1785432717.632,17:31:57,baseline,5,0.0,0,0,0.0
1785432717.632,17:31:57,baseline,6,0.0,0,0,0.0
1785432717.632,17:31:57,baseline,7,0.0,0,0,0.0
1785432718.632,17:31:58,baseline,0,0.0,0,0,0.0
1785432718.632,17:31:58,baseline,1,0.0,0,0,0.0
1785432718.632,17:31:58,baseline,2,0.0,0,0,0.0
1785432718.632,17:31:58,baseline,3,0.0,0,0,0.0
1785432718.632,17:31:58,baseline,4,0.0,0,0,0.0
1785432718.632,17:31:58,baseline,5,0.0,0,0,0.0
1785432718.632,17:31:58,baseline,6,0.0,0,0,0.0
1785432718.632,17:31:58,baseline,7,0.0,0,0,0.0
1785432719.632,17:31:59,baseline,0,0.0,0,0,0.0
1785432719.632,17:31:59,baseline,1,0.0,0,0,0.0
1785432719.632,17:31:59,baseline,2,0.0,0,0,0.0
1785432719.632,17:31:59,baseline,3,0.0,0,0,0.0
1785432719.632,17:31:59,baseline,4,0.0,0,0,0.0
1785432719.632,17:31:59,baseline,5,0.0,0,0,0.0
1785432719.632,17:31:59,baseline,6,0.0,0,0,0.0
1785432719.632,17:31:59,baseline,7,0.0,0,0,0.0
1785432720.632,17:32:00,baseline,0,0.0,0,0,0.0
1785432720.632,17:32:00,baseline,1,0.0,0,0,0.0
1785432720.632,17:32:00,baseline,2,0.0,0,0,0.0
1785432720.632,17:32:00,baseline,3,0.0,0,0,0.0
1785432720.632,17:32:00,baseline,4,0.0,0,0,0.0
1785432720.632,17:32:00,baseline,5,0.0,0,0,0.0
1785432720.632,17:32:00,baseline,6,0.0,0,0,0.0
1785432720.632,17:32:00,baseline,7,0.0,0,0,0.0
1785432721.632,17:32:01,baseline,0,0.0,0,0,0.0
1785432721.632,17:32:01,baseline,1,0.0,0,0,0.0
1785432721.632,17:32:01,baseline,2,0.0,0,0,0.0
1785432721.632,17:32:01,baseline,3,0.0,0,0,0.0
1785432721.632,17:32:01,baseline,4,0.0,0,0,0.0
1785432721.632,17:32:01,baseline,5,0.0,0,0,0.0
1785432721.632,17:32:01,baseline,6,0.0,0,0,0.0
1785432721.632,17:32:01,baseline,7,0.0,0,0,0.0
1785432722.633,17:32:02,baseline,0,0.0,0,0,0.0
1785432722.633,17:32:02,baseline,1,0.0,0,0,0.0
1785432722.633,17:32:02,baseline,2,0.0,0,0,0.0
1785432722.633,17:32:02,baseline,3,0.0,0,0,0.0
1785432722.633,17:32:02,baseline,4,0.0,0,0,0.0
1785432722.633,17:32:02,baseline,5,0.0,0,0,0.0
1785432722.633,17:32:02,baseline,6,0.0,0,0,0.0
1785432722.633,17:32:02,baseline,7,0.0,0,0,0.0
1785432723.633,17:32:03,baseline,0,0.0,0,0,0.0
1785432723.633,17:32:03,baseline,1,0.0,0,0,0.0
1785432723.633,17:32:03,baseline,2,0.0,0,0,0.0
1785432723.633,17:32:03,baseline,3,0.0,0,0,0.0
1785432723.633,17:32:03,baseline,4,0.0,0,0,0.0
1785432723.633,17:32:03,baseline,5,0.0,0,0,0.0
1785432723.633,17:32:03,baseline,6,0.0,0,0,0.0
1785432723.633,17:32:03,baseline,7,0.0,0,0,0.0
1785432724.649,17:32:04,baseline,0,0.0,0,0,0.0
1785432724.649,17:32:04,baseline,1,0.0,0,0,0.0
1785432724.649,17:32:04,baseline,2,0.0,0,0,0.0
1785432724.649,17:32:04,baseline,3,0.0,0,0,0.0
1785432724.649,17:32:04,baseline,4,0.0,0,0,0.0
1785432724.649,17:32:04,baseline,5,0.0,0,0,0.0
1785432724.649,17:32:04,baseline,6,0.0,0,0,0.0
1785432724.649,17:32:04,baseline,7,0.0,0,0,0.0
1785432725.675,17:32:05,baseline,0,0.0,0,0,0.0
1785432725.675,17:32:05,baseline,1,0.0,0,0,0.0
1785432725.675,17:32:05,baseline,2,0.0,0,0,0.0
1785432725.675,17:32:05,baseline,3,0.0,0,0,0.0
1785432725.675,17:32:05,baseline,4,0.0,0,0,0.0
1785432725.675,17:32:05,baseline,5,0.0,0,0,0.0
1785432725.675,17:32:05,baseline,6,0.0,0,0,0.0
1785432725.675,17:32:05,baseline,7,0.0,0,0,0.0
1785432726.675,17:32:06,baseline,0,0.0,0,0,0.0
1785432726.675,17:32:06,baseline,1,0.0,0,0,0.0
1785432726.675,17:32:06,baseline,2,0.0,0,0,0.0
1785432726.675,17:32:06,baseline,3,0.0,0,0,0.0
1785432726.675,17:32:06,baseline,4,0.0,0,0,0.0
1785432726.675,17:32:06,baseline,5,0.0,0,0,0.0
1785432726.675,17:32:06,baseline,6,0.0,0,0,0.0
1785432726.675,17:32:06,baseline,7,0.0,0,0,0.0
1785432727.675,17:32:07,baseline,0,0.0,0,16126,0.0
1785432727.675,17:32:07,baseline,1,0.0,0,16126,0.0
1785432727.675,17:32:07,baseline,2,0.0,0,16126,0.0
1785432727.675,17:32:07,baseline,3,0.0,0,16126,0.0
1785432727.675,17:32:07,baseline,4,0.0,0,16126,0.0
1785432727.675,17:32:07,baseline,5,0.0,0,16126,0.0
1785432727.675,17:32:07,baseline,6,0.0,0,16126,0.0
1785432727.675,17:32:07,baseline,7,0.0,0,16126,0.0
1785432728.675,17:32:08,baseline,0,0.0,0,16126,0.0
1785432728.675,17:32:08,baseline,1,0.0,0,16126,0.0
1785432728.675,17:32:08,baseline,2,0.0,0,16126,0.0
1785432728.675,17:32:08,baseline,3,0.0,0,16126,0.0
1785432728.675,17:32:08,baseline,4,0.0,0,16126,0.0
1785432728.675,17:32:08,baseline,5,0.0,0,16126,0.0
1785432728.675,17:32:08,baseline,6,0.0,0,16126,0.0
1785432728.675,17:32:08,baseline,7,0.0,0,16126,0.0
1785432729.675,17:32:09,baseline,0,0.0,0,16126,0.0
1785432729.675,17:32:09,baseline,1,0.0,0,16126,0.0
1785432729.675,17:32:09,baseline,2,0.0,0,16126,0.0
1785432729.675,17:32:09,baseline,3,0.0,0,16126,0.0
1785432729.675,17:32:09,baseline,4,0.0,0,16126,0.0
1785432729.675,17:32:09,baseline,5,0.0,0,16126,0.0
1785432729.675,17:32:09,baseline,6,0.0,0,16126,0.0
1785432729.675,17:32:09,baseline,7,0.0,0,16126,0.0
1785432730.676,17:32:10,baseline,0,0.0,0,16126,0.0
1785432730.676,17:32:10,baseline,1,0.0,0,16126,0.0
1785432730.676,17:32:10,baseline,2,0.0,0,16126,0.0
1785432730.676,17:32:10,baseline,3,0.0,0,16126,0.0
1785432730.676,17:32:10,baseline,4,0.0,0,16126,0.0
1785432730.676,17:32:10,baseline,5,0.0,0,16126,0.0
1785432730.676,17:32:10,baseline,6,0.0,0,16126,0.0
1785432730.676,17:32:10,baseline,7,0.0,0,16126,0.0
1785432731.676,17:32:11,baseline,0,0.0,0,16126,0.0
1785432731.676,17:32:11,baseline,1,0.0,0,16126,0.0
1785432731.676,17:32:11,baseline,2,0.0,0,16126,0.0
1785432731.676,17:32:11,baseline,3,0.0,0,16126,0.0
1785432731.676,17:32:11,baseline,4,0.0,0,16126,0.0
1785432731.676,17:32:11,baseline,5,0.0,0,16126,0.0
1785432731.676,17:32:11,baseline,6,0.0,0,16126,0.0
1785432731.676,17:32:11,baseline,7,0.0,0,16126,0.0
1785432732.676,17:32:12,baseline,0,9.4,577,16126,3.6
1785432732.676,17:32:12,baseline,1,9.4,577,16126,3.6
1785432732.676,17:32:12,baseline,2,9.2,577,16126,3.6
1785432732.676,17:32:12,baseline,3,8.7,577,16126,3.6
1785432732.676,17:32:12,baseline,4,7.8,577,16126,3.6
1785432732.676,17:32:12,baseline,5,8.7,577,16126,3.6
1785432732.676,17:32:12,baseline,6,8.5,577,16126,3.6
1785432732.676,17:32:12,baseline,7,8.6,578,16126,3.6
1785432733.676,17:32:13,baseline,0,9.4,577,16126,3.6
1785432733.676,17:32:13,baseline,1,9.4,577,16126,3.6
1785432733.676,17:32:13,baseline,2,9.2,577,16126,3.6
1785432733.676,17:32:13,baseline,3,8.7,577,16126,3.6
1785432733.676,17:32:13,baseline,4,7.8,577,16126,3.6
1785432733.676,17:32:13,baseline,5,8.7,577,16126,3.6
1785432733.676,17:32:13,baseline,6,8.5,577,16126,3.6
1785432733.676,17:32:13,baseline,7,8.6,578,16126,3.6
1785432734.676,17:32:14,baseline,0,9.4,577,16126,3.6
1785432734.676,17:32:14,baseline,1,9.4,577,16126,3.6
1785432734.676,17:32:14,baseline,2,9.2,577,16126,3.6
1785432734.676,17:32:14,baseline,3,8.7,577,16126,3.6
1785432734.676,17:32:14,baseline,4,7.8,577,16126,3.6
1785432734.676,17:32:14,baseline,5,8.7,577,16126,3.6
1785432734.676,17:32:14,baseline,6,8.5,577,16126,3.6
1785432734.676,17:32:14,baseline,7,8.6,578,16126,3.6
1785432735.676,17:32:15,baseline,0,9.4,577,16126,3.6
1785432735.676,17:32:15,baseline,1,9.4,577,16126,3.6
1785432735.676,17:32:15,baseline,2,9.2,577,16126,3.6
1785432735.676,17:32:15,baseline,3,8.7,577,16126,3.6
1785432735.676,17:32:15,baseline,4,7.8,577,16126,3.6
1785432735.676,17:32:15,baseline,5,8.7,577,16126,3.6
1785432735.676,17:32:15,baseline,6,8.5,577,16126,3.6
1785432735.676,17:32:15,baseline,7,8.6,578,16126,3.6
1785432736.676,17:32:16,baseline,0,9.4,577,16126,3.6
1785432736.676,17:32:16,baseline,1,9.4,577,16126,3.6
1785432736.676,17:32:16,baseline,2,9.2,577,16126,3.6
1785432736.676,17:32:16,baseline,3,8.7,577,16126,3.6
1785432736.676,17:32:16,baseline,4,7.8,577,16126,3.6
1785432736.676,17:32:16,baseline,5,8.7,577,16126,3.6
1785432736.676,17:32:16,baseline,6,8.5,577,16126,3.6
1785432736.676,17:32:16,baseline,7,8.6,578,16126,3.6
1785432737.676,17:32:17,baseline,0,41.1,6923,16126,42.9
1785432737.676,17:32:17,baseline,1,40.5,6965,16126,43.2
1785432737.676,17:32:17,baseline,2,40.5,6979,16126,43.3
1785432737.676,17:32:17,baseline,3,40.5,7069,16126,43.8
1785432737.676,17:32:17,baseline,4,38.2,6995,16126,43.4
1785432737.676,17:32:17,baseline,5,40.9,6821,16126,42.3
1785432737.676,17:32:17,baseline,6,41.7,6973,16126,43.2
1785432737.676,17:32:17,baseline,7,23.3,6882,16126,42.7
1785432738.676,17:32:18,baseline,0,41.1,6923,16126,42.9
1785432738.676,17:32:18,baseline,1,40.5,6965,16126,43.2
1785432738.676,17:32:18,baseline,2,40.5,6979,16126,43.3
1785432738.676,17:32:18,baseline,3,40.5,7069,16126,43.8
1785432738.676,17:32:18,baseline,4,38.2,6995,16126,43.4
1785432738.676,17:32:18,baseline,5,40.9,6821,16126,42.3
1785432738.676,17:32:18,baseline,6,41.7,6973,16126,43.2
1785432738.676,17:32:18,baseline,7,23.3,6882,16126,42.7
1785432739.677,17:32:19,baseline,0,41.1,6923,16126,42.9
1785432739.677,17:32:19,baseline,1,40.5,6965,16126,43.2
1785432739.677,17:32:19,baseline,2,40.5,6979,16126,43.3
1785432739.677,17:32:19,baseline,3,40.5,7069,16126,43.8
1785432739.677,17:32:19,baseline,4,38.2,6995,16126,43.4
1785432739.677,17:32:19,baseline,5,40.9,6821,16126,42.3
1785432739.677,17:32:19,baseline,6,41.7,6973,16126,43.2
1785432739.677,17:32:19,baseline,7,23.3,6882,16126,42.7
1785432740.677,17:32:20,baseline,0,41.1,6923,16126,42.9
1785432740.677,17:32:20,baseline,1,40.5,6965,16126,43.2
1785432740.677,17:32:20,baseline,2,40.5,6979,16126,43.3
1785432740.677,17:32:20,baseline,3,40.5,7069,16126,43.8
1785432740.677,17:32:20,baseline,4,38.2,6995,16126,43.4
1785432740.677,17:32:20,baseline,5,40.9,6821,16126,42.3
1785432740.677,17:32:20,baseline,6,41.7,6973,16126,43.2
1785432740.677,17:32:20,baseline,7,23.3,6882,16126,42.7
1785432741.677,17:32:21,baseline,0,41.1,6923,16126,42.9
1785432741.677,17:32:21,baseline,1,40.5,6965,16126,43.2
1785432741.677,17:32:21,baseline,2,40.5,6979,16126,43.3
1785432741.677,17:32:21,baseline,3,40.5,7069,16126,43.8
1785432741.677,17:32:21,baseline,4,38.2,6995,16126,43.4
1785432741.677,17:32:21,baseline,5,40.9,6821,16126,42.3
1785432741.677,17:32:21,baseline,6,41.7,6973,16126,43.2
1785432741.677,17:32:21,baseline,7,23.3,6882,16126,42.7
1785432742.677,17:32:22,baseline,0,80.5,7950,16126,49.3
1785432742.677,17:32:22,baseline,1,80.6,8233,16126,51.1
1785432742.677,17:32:22,baseline,2,81.0,8093,16126,50.2
1785432742.677,17:32:22,baseline,3,83.2,8127,16126,50.4
1785432742.677,17:32:22,baseline,4,77.1,8101,16126,50.2
1785432742.677,17:32:22,baseline,5,79.6,8106,16126,50.3
1785432742.677,17:32:22,baseline,6,82.6,8149,16126,50.5
1785432742.677,17:32:22,baseline,7,85.7,8046,16126,49.9
1785432743.677,17:32:23,baseline,0,80.5,7950,16126,49.3
1785432743.677,17:32:23,baseline,1,80.6,8233,16126,51.1
1785432743.677,17:32:23,baseline,2,81.0,8093,16126,50.2
1785432743.677,17:32:23,baseline,3,83.2,8127,16126,50.4
1785432743.677,17:32:23,baseline,4,77.1,8101,16126,50.2
1785432743.677,17:32:23,baseline,5,79.6,8106,16126,50.3
1785432743.677,17:32:23,baseline,6,82.6,8149,16126,50.5
1785432743.677,17:32:23,baseline,7,85.7,8046,16126,49.9
1785432744.677,17:32:24,baseline,0,80.5,7950,16126,49.3
1785432744.677,17:32:24,baseline,1,80.6,8233,16126,51.1
1785432744.677,17:32:24,baseline,2,81.0,8093,16126,50.2
1785432744.677,17:32:24,baseline,3,83.2,8127,16126,50.4
1785432744.677,17:32:24,baseline,4,77.1,8101,16126,50.2
1785432744.677,17:32:24,baseline,5,79.6,8106,16126,50.3
1785432744.677,17:32:24,baseline,6,82.6,8149,16126,50.5
1785432744.677,17:32:24,baseline,7,85.7,8046,16126,49.9
1785432745.677,17:32:25,baseline,0,80.5,7950,16126,49.3
1785432745.677,17:32:25,baseline,1,80.6,8233,16126,51.1
1785432745.677,17:32:25,baseline,2,81.0,8093,16126,50.2
1785432745.677,17:32:25,baseline,3,83.2,8127,16126,50.4
1785432745.677,17:32:25,baseline,4,77.1,8101,16126,50.2
1785432745.677,17:32:25,baseline,5,79.6,8106,16126,50.3
1785432745.677,17:32:25,baseline,6,82.6,8149,16126,50.5
1785432745.677,17:32:25,baseline,7,85.7,8046,16126,49.9
1785432746.677,17:32:26,baseline,0,80.5,7950,16126,49.3
1785432746.677,17:32:26,baseline,1,80.6,8233,16126,51.1
1785432746.677,17:32:26,baseline,2,81.0,8093,16126,50.2
1785432746.677,17:32:26,baseline,3,83.2,8127,16126,50.4
1785432746.677,17:32:26,baseline,4,77.1,8101,16126,50.2
1785432746.677,17:32:26,baseline,5,79.6,8106,16126,50.3
1785432746.677,17:32:26,baseline,6,82.6,8149,16126,50.5
1785432746.677,17:32:26,baseline,7,85.7,8046,16126,49.9
1785432747.678,17:32:27,baseline,0,94.6,6752,16126,41.9
1785432747.678,17:32:27,baseline,1,89.7,6533,16126,40.5
1785432747.678,17:32:27,baseline,2,94.8,6752,16126,41.9
1785432747.678,17:32:27,baseline,3,95.1,6628,16126,41.1
1785432747.678,17:32:27,baseline,4,92.1,6376,16126,39.5
1785432747.678,17:32:27,baseline,5,95.7,6752,16126,41.9
1785432747.678,17:32:27,baseline,6,95.2,6591,16126,40.9
1785432747.678,17:32:27,baseline,7,94.8,6754,16126,41.9
1785432748.678,17:32:28,baseline,0,94.6,6752,16126,41.9
1785432748.678,17:32:28,baseline,1,89.7,6533,16126,40.5
1785432748.678,17:32:28,baseline,2,94.8,6752,16126,41.9
1785432748.678,17:32:28,baseline,3,95.1,6628,16126,41.1
1785432748.678,17:32:28,baseline,4,92.1,6376,16126,39.5
1785432748.678,17:32:28,baseline,5,95.7,6752,16126,41.9
1785432748.678,17:32:28,baseline,6,95.2,6591,16126,40.9
1785432748.678,17:32:28,baseline,7,94.8,6754,16126,41.9
1785432749.678,17:32:29,baseline,0,94.6,6752,16126,41.9
1785432749.678,17:32:29,baseline,1,89.7,6533,16126,40.5
1785432749.678,17:32:29,baseline,2,94.8,6752,16126,41.9
1785432749.678,17:32:29,baseline,3,95.1,6628,16126,41.1
1785432749.678,17:32:29,baseline,4,92.1,6376,16126,39.5
1785432749.678,17:32:29,baseline,5,95.7,6752,16126,41.9
1785432749.678,17:32:29,baseline,6,95.2,6591,16126,40.9
1785432749.678,17:32:29,baseline,7,94.8,6754,16126,41.9
1785432750.678,17:32:30,baseline,0,94.6,6752,16126,41.9
1785432750.678,17:32:30,baseline,1,89.7,6533,16126,40.5
1785432750.678,17:32:30,baseline,2,94.8,6752,16126,41.9
1785432750.678,17:32:30,baseline,3,95.1,6628,16126,41.1
1785432750.678,17:32:30,baseline,4,92.1,6376,16126,39.5
1785432750.678,17:32:30,baseline,5,95.7,6752,16126,41.9
1785432750.678,17:32:30,baseline,6,95.2,6591,16126,40.9
1785432750.678,17:32:30,baseline,7,94.8,6754,16126,41.9
1785432751.678,17:32:31,baseline,0,94.6,6752,16126,41.9
1785432751.678,17:32:31,baseline,1,89.7,6533,16126,40.5
1785432751.678,17:32:31,baseline,2,94.8,6752,16126,41.9
1785432751.678,17:32:31,baseline,3,95.1,6628,16126,41.1
1785432751.678,17:32:31,baseline,4,92.1,6376,16126,39.5
1785432751.678,17:32:31,baseline,5,95.7,6752,16126,41.9
1785432751.678,17:32:31,baseline,6,95.2,6591,16126,40.9
1785432751.678,17:32:31,baseline,7,94.8,6754,16126,41.9
1785432752.678,17:32:32,baseline,0,95.2,6484,16126,40.2
1785432752.678,17:32:32,baseline,1,94.6,6514,16126,40.4
1785432752.678,17:32:32,baseline,2,95.3,6418,16126,39.8
1785432752.678,17:32:32,baseline,3,87.0,6460,16126,40.1
1785432752.678,17:32:32,baseline,4,93.5,6634,16126,41.1
1785432752.678,17:32:32,baseline,5,95.3,6442,16126,39.9
1785432752.678,17:32:32,baseline,6,94.3,6442,16126,39.9
1785432752.678,17:32:32,baseline,7,94.6,6480,16126,40.2
1785432753.678,17:32:33,baseline,0,95.2,6484,16126,40.2
1785432753.678,17:32:33,baseline,1,94.6,6514,16126,40.4
1785432753.678,17:32:33,baseline,2,95.3,6418,16126,39.8
1785432753.678,17:32:33,baseline,3,87.0,6460,16126,40.1
1785432753.678,17:32:33,baseline,4,93.5,6634,16126,41.1
1785432753.678,17:32:33,baseline,5,95.3,6442,16126,39.9
1785432753.678,17:32:33,baseline,6,94.3,6442,16126,39.9
1785432753.678,17:32:33,baseline,7,94.6,6480,16126,40.2
1785432754.678,17:32:34,baseline,0,95.2,6484,16126,40.2
1785432754.678,17:32:34,baseline,1,94.6,6514,16126,40.4
1785432754.678,17:32:34,baseline,2,95.3,6418,16126,39.8
1785432754.678,17:32:34,baseline,3,87.0,6460,16126,40.1
1785432754.678,17:32:34,baseline,4,93.5,6634,16126,41.1
1785432754.678,17:32:34,baseline,5,95.3,6442,16126,39.9
1785432754.678,17:32:34,baseline,6,94.3,6442,16126,39.9
1785432754.678,17:32:34,baseline,7,94.6,6480,16126,40.2
1785432755.679,17:32:35,baseline,0,95.2,6484,16126,40.2
1785432755.679,17:32:35,baseline,1,94.6,6514,16126,40.4
1785432755.679,17:32:35,baseline,2,95.3,6418,16126,39.8
1785432755.679,17:32:35,baseline,3,87.0,6460,16126,40.1
1785432755.679,17:32:35,baseline,4,93.5,6634,16126,41.1
1785432755.679,17:32:35,baseline,5,95.3,6442,16126,39.9
1785432755.679,17:32:35,baseline,6,94.3,6442,16126,39.9
1785432755.679,17:32:35,baseline,7,94.6,6480,16126,40.2
1785432756.679,17:32:36,baseline,0,95.2,6484,16126,40.2
1785432756.679,17:32:36,baseline,1,94.6,6514,16126,40.4
1785432756.679,17:32:36,baseline,2,95.3,6418,16126,39.8
1785432756.679,17:32:36,baseline,3,87.0,6460,16126,40.1
1785432756.679,17:32:36,baseline,4,93.5,6634,16126,41.1
1785432756.679,17:32:36,baseline,5,95.3,6442,16126,39.9
1785432756.679,17:32:36,baseline,6,94.3,6442,16126,39.9
1785432756.679,17:32:36,baseline,7,94.6,6480,16126,40.2
1785432757.679,17:32:37,baseline,0,94.0,9769,16126,60.6
1785432757.679,17:32:37,baseline,1,94.2,9892,16126,61.3
1785432757.679,17:32:37,baseline,2,94.5,9892,16126,61.3
1785432757.679,17:32:37,baseline,3,93.6,10774,16126,66.8
1785432757.679,17:32:37,baseline,4,94.4,10483,16126,65.0
1785432757.679,17:32:37,baseline,5,94.6,9892,16126,61.3
1785432757.679,17:32:37,baseline,6,83.5,8162,16126,50.6
1785432757.679,17:32:37,baseline,7,94.1,9893,16126,61.3
1785432758.679,17:32:38,baseline,0,94.0,9769,16126,60.6
1785432758.679,17:32:38,baseline,1,94.2,9892,16126,61.3
1785432758.679,17:32:38,baseline,2,94.5,9892,16126,61.3
1785432758.679,17:32:38,baseline,3,93.6,10774,16126,66.8
1785432758.679,17:32:38,baseline,4,94.4,10483,16126,65.0
1785432758.679,17:32:38,baseline,5,94.6,9892,16126,61.3
1785432758.679,17:32:38,baseline,6,83.5,8162,16126,50.6
1785432758.679,17:32:38,baseline,7,94.1,9893,16126,61.3
1785432759.679,17:32:39,baseline,0,94.0,9769,16126,60.6
1785432759.679,17:32:39,baseline,1,94.2,9892,16126,61.3
1785432759.679,17:32:39,baseline,2,94.5,9892,16126,61.3
1785432759.679,17:32:39,baseline,3,93.6,10774,16126,66.8
1785432759.679,17:32:39,baseline,4,94.4,10483,16126,65.0
1785432759.679,17:32:39,baseline,5,94.6,9892,16126,61.3
1785432759.679,17:32:39,baseline,6,83.5,8162,16126,50.6
1785432759.679,17:32:39,baseline,7,94.1,9893,16126,61.3
1785432760.679,17:32:40,baseline,0,94.0,9769,16126,60.6
1785432760.679,17:32:40,baseline,1,94.2,9892,16126,61.3
1785432760.679,17:32:40,baseline,2,94.5,9892,16126,61.3
1785432760.679,17:32:40,baseline,3,93.6,10774,16126,66.8
1785432760.679,17:32:40,baseline,4,94.4,10483,16126,65.0
1785432760.679,17:32:40,baseline,5,94.6,9892,16126,61.3
1785432760.679,17:32:40,baseline,6,83.5,8162,16126,50.6
1785432760.679,17:32:40,baseline,7,94.1,9893,16126,61.3
1785432761.679,17:32:41,baseline,0,94.0,9769,16126,60.6
1785432761.679,17:32:41,baseline,1,94.2,9892,16126,61.3
1785432761.679,17:32:41,baseline,2,94.5,9892,16126,61.3
1785432761.679,17:32:41,baseline,3,93.6,10774,16126,66.8
1785432761.679,17:32:41,baseline,4,94.4,10483,16126,65.0
1785432761.679,17:32:41,baseline,5,94.6,9892,16126,61.3
1785432761.679,17:32:41,baseline,6,83.5,8162,16126,50.6
1785432761.679,17:32:41,baseline,7,94.1,9893,16126,61.3
1785432762.679,17:32:42,baseline,0,92.6,7119,16126,44.1
1785432762.679,17:32:42,baseline,1,95.3,7222,16126,44.8
1785432762.679,17:32:42,baseline,2,96.1,7055,16126,43.7
1785432762.679,17:32:42,baseline,3,95.8,7555,16126,46.8
1785432762.679,17:32:42,baseline,4,93.0,7532,16126,46.7
1785432762.679,17:32:42,baseline,5,96.1,7143,16126,44.3
1785432762.679,17:32:42,baseline,6,96.8,7144,16126,44.3
1785432762.679,17:32:42,baseline,7,95.0,7187,16126,44.6
1785432763.679,17:32:43,baseline,0,92.6,7119,16126,44.1
1785432763.679,17:32:43,baseline,1,95.3,7222,16126,44.8
1785432763.679,17:32:43,baseline,2,96.1,7055,16126,43.7
1785432763.679,17:32:43,baseline,3,95.8,7555,16126,46.8
1785432763.679,17:32:43,baseline,4,93.0,7532,16126,46.7
1785432763.679,17:32:43,baseline,5,96.1,7143,16126,44.3
1785432763.679,17:32:43,baseline,6,96.8,7144,16126,44.3
1785432763.679,17:32:43,baseline,7,95.0,7187,16126,44.6
1785432764.68,17:32:44,baseline,0,92.6,7119,16126,44.1
1785432764.68,17:32:44,baseline,1,95.3,7222,16126,44.8
1785432764.68,17:32:44,baseline,2,96.1,7055,16126,43.7
1785432764.68,17:32:44,baseline,3,95.8,7555,16126,46.8
1785432764.68,17:32:44,baseline,4,93.0,7532,16126,46.7
1785432764.68,17:32:44,baseline,5,96.1,7143,16126,44.3
1785432764.68,17:32:44,baseline,6,96.8,7144,16126,44.3
1785432764.68,17:32:44,baseline,7,95.0,7187,16126,44.6
1785432765.68,17:32:45,baseline,0,92.6,7119,16126,44.1
1785432765.68,17:32:45,baseline,1,95.3,7222,16126,44.8
1785432765.68,17:32:45,baseline,2,96.1,7055,16126,43.7
1785432765.68,17:32:45,baseline,3,95.8,7555,16126,46.8
1785432765.68,17:32:45,baseline,4,93.0,7532,16126,46.7
1785432765.68,17:32:45,baseline,5,96.1,7143,16126,44.3
1785432765.68,17:32:45,baseline,6,96.8,7144,16126,44.3
1785432765.68,17:32:45,baseline,7,95.0,7187,16126,44.6
1785432766.68,17:32:46,baseline,0,92.6,7119,16126,44.1
1785432766.68,17:32:46,baseline,1,95.3,7222,16126,44.8
1785432766.68,17:32:46,baseline,2,96.1,7055,16126,43.7
1785432766.68,17:32:46,baseline,3,95.8,7555,16126,46.8
1785432766.68,17:32:46,baseline,4,93.0,7532,16126,46.7
1785432766.68,17:32:46,baseline,5,96.1,7143,16126,44.3
1785432766.68,17:32:46,baseline,6,96.8,7144,16126,44.3
1785432766.68,17:32:46,baseline,7,95.0,7187,16126,44.6
1785432767.68,17:32:47,baseline,0,95.8,5812,16126,36.0
1785432767.68,17:32:47,baseline,1,85.7,6087,16126,37.7
1785432767.68,17:32:47,baseline,2,94.1,6056,16126,37.6
1785432767.68,17:32:47,baseline,3,94.3,6087,16126,37.7
1785432767.68,17:32:47,baseline,4,95.9,6087,16126,37.7
1785432767.68,17:32:47,baseline,5,95.6,5872,16126,36.4
1785432767.68,17:32:47,baseline,6,93.7,6087,16126,37.7
1785432767.68,17:32:47,baseline,7,93.2,5871,16126,36.4
1785432768.68,17:32:48,baseline,0,95.8,5812,16126,36.0
1785432768.68,17:32:48,baseline,1,85.7,6087,16126,37.7
1785432768.68,17:32:48,baseline,2,94.1,6056,16126,37.6
1785432768.68,17:32:48,baseline,3,94.3,6087,16126,37.7
1785432768.68,17:32:48,baseline,4,95.9,6087,16126,37.7
1785432768.68,17:32:48,baseline,5,95.6,5872,16126,36.4
1785432768.68,17:32:48,baseline,6,93.7,6087,16126,37.7
1785432768.68,17:32:48,baseline,7,93.2,5871,16126,36.4
1785432769.68,17:32:49,baseline,0,95.8,5812,16126,36.0
1785432769.68,17:32:49,baseline,1,85.7,6087,16126,37.7
1785432769.68,17:32:49,baseline,2,94.1,6056,16126,37.6
1785432769.68,17:32:49,baseline,3,94.3,6087,16126,37.7
1785432769.68,17:32:49,baseline,4,95.9,6087,16126,37.7
1785432769.68,17:32:49,baseline,5,95.6,5872,16126,36.4
1785432769.68,17:32:49,baseline,6,93.7,6087,16126,37.7
1785432769.68,17:32:49,baseline,7,93.2,5871,16126,36.4
1785432770.68,17:32:50,baseline,0,95.8,5812,16126,36.0
1785432770.68,17:32:50,baseline,1,85.7,6087,16126,37.7
1785432770.68,17:32:50,baseline,2,94.1,6056,16126,37.6
1785432770.68,17:32:50,baseline,3,94.3,6087,16126,37.7
1785432770.68,17:32:50,baseline,4,95.9,6087,16126,37.7
1785432770.68,17:32:50,baseline,5,95.6,5872,16126,36.4
1785432770.68,17:32:50,baseline,6,93.7,6087,16126,37.7
1785432770.68,17:32:50,baseline,7,93.2,5871,16126,36.4
1785432771.68,17:32:51,baseline,0,95.8,5812,16126,36.0
1785432771.68,17:32:51,baseline,1,85.7,6087,16126,37.7
1785432771.68,17:32:51,baseline,2,94.1,6056,16126,37.6
1785432771.68,17:32:51,baseline,3,94.3,6087,16126,37.7
1785432771.68,17:32:51,baseline,4,95.9,6087,16126,37.7
1785432771.68,17:32:51,baseline,5,95.6,5872,16126,36.4
1785432771.68,17:32:51,baseline,6,93.7,6087,16126,37.7
1785432771.68,17:32:51,baseline,7,93.2,5871,16126,36.4
1785432772.68,17:32:52,baseline,0,89.3,8119,16126,50.3
1785432772.68,17:32:52,baseline,1,93.8,8141,16126,50.5
1785432772.68,17:32:52,baseline,2,93.1,8183,16126,50.7
1785432772.68,17:32:52,baseline,3,94.0,7933,16126,49.2
1785432772.68,17:32:52,baseline,4,92.5,7912,16126,49.1
1785432772.68,17:32:52,baseline,5,91.7,7915,16126,49.1
1785432772.68,17:32:52,baseline,6,93.0,8111,16126,50.3
1785432772.68,17:32:52,baseline,7,91.9,8184,16126,50.8
1785432773.68,17:32:53,baseline,0,89.3,8119,16126,50.3
1785432773.68,17:32:53,baseline,1,93.8,8141,16126,50.5
1785432773.68,17:32:53,baseline,2,93.1,8183,16126,50.7
1785432773.68,17:32:53,baseline,3,94.0,7933,16126,49.2
1785432773.68,17:32:53,baseline,4,92.5,7912,16126,49.1
1785432773.68,17:32:53,baseline,5,91.7,7915,16126,49.1
1785432773.68,17:32:53,baseline,6,93.0,8111,16126,50.3
1785432773.68,17:32:53,baseline,7,91.9,8184,16126,50.8
1785432774.681,17:32:54,baseline,0,89.3,8119,16126,50.3
1785432774.681,17:32:54,baseline,1,93.8,8141,16126,50.5
1785432774.681,17:32:54,baseline,2,93.1,8183,16126,50.7
1785432774.681,17:32:54,baseline,3,94.0,7933,16126,49.2
1785432774.681,17:32:54,baseline,4,92.5,7912,16126,49.1
1785432774.681,17:32:54,baseline,5,91.7,7915,16126,49.1
1785432774.681,17:32:54,baseline,6,93.0,8111,16126,50.3
1785432774.681,17:32:54,baseline,7,91.9,8184,16126,50.8
1785432775.681,17:32:55,baseline,0,89.3,8119,16126,50.3
1785432775.681,17:32:55,baseline,1,93.8,8141,16126,50.5
1785432775.681,17:32:55,baseline,2,93.1,8183,16126,50.7
1785432775.681,17:32:55,baseline,3,94.0,7933,16126,49.2
1785432775.681,17:32:55,baseline,4,92.5,7912,16126,49.1
1785432775.681,17:32:55,baseline,5,91.7,7915,16126,49.1
1785432775.681,17:32:55,baseline,6,93.0,8111,16126,50.3
1785432775.681,17:32:55,baseline,7,91.9,8184,16126,50.8
1785432776.681,17:32:56,baseline,0,89.3,8119,16126,50.3
1785432776.681,17:32:56,baseline,1,93.8,8141,16126,50.5
1785432776.681,17:32:56,baseline,2,93.1,8183,16126,50.7
1785432776.681,17:32:56,baseline,3,94.0,7933,16126,49.2
1785432776.681,17:32:56,baseline,4,92.5,7912,16126,49.1
1785432776.681,17:32:56,baseline,5,91.7,7915,16126,49.1
1785432776.681,17:32:56,baseline,6,93.0,8111,16126,50.3
1785432776.681,17:32:56,baseline,7,91.9,8184,16126,50.8
1785432777.681,17:32:57,baseline,0,94.9,6667,16126,41.3
1785432777.681,17:32:57,baseline,1,96.5,6700,16126,41.5
1785432777.681,17:32:57,baseline,2,93.9,6698,16126,41.5
1785432777.681,17:32:57,baseline,3,95.6,6656,16126,41.3
1785432777.681,17:32:57,baseline,4,90.7,6864,16126,42.6
1785432777.681,17:32:57,baseline,5,93.9,6704,16126,41.6
1785432777.681,17:32:57,baseline,6,95.2,6700,16126,41.5
1785432777.681,17:32:57,baseline,7,93.9,6691,16126,41.5
1785432778.681,17:32:58,baseline,0,94.9,6667,16126,41.3
1785432778.681,17:32:58,baseline,1,96.5,6700,16126,41.5
1785432778.681,17:32:58,baseline,2,93.9,6698,16126,41.5
1785432778.681,17:32:58,baseline,3,95.6,6656,16126,41.3
1785432778.681,17:32:58,baseline,4,90.7,6864,16126,42.6
1785432778.681,17:32:58,baseline,5,93.9,6704,16126,41.6
1785432778.681,17:32:58,baseline,6,95.2,6700,16126,41.5
1785432778.681,17:32:58,baseline,7,93.9,6691,16126,41.5
1785432779.681,17:32:59,baseline,0,94.9,6667,16126,41.3
1785432779.681,17:32:59,baseline,1,96.5,6700,16126,41.5
1785432779.681,17:32:59,baseline,2,93.9,6698,16126,41.5
1785432779.681,17:32:59,baseline,3,95.6,6656,16126,41.3
1785432779.681,17:32:59,baseline,4,90.7,6864,16126,42.6
1785432779.681,17:32:59,baseline,5,93.9,6704,16126,41.6
1785432779.681,17:32:59,baseline,6,95.2,6700,16126,41.5
1785432779.681,17:32:59,baseline,7,93.9,6691,16126,41.5
1785432780.681,17:33:00,baseline,0,94.9,6667,16126,41.3
1785432780.681,17:33:00,baseline,1,96.5,6700,16126,41.5
1785432780.681,17:33:00,baseline,2,93.9,6698,16126,41.5
1785432780.681,17:33:00,baseline,3,95.6,6656,16126,41.3
1785432780.681,17:33:00,baseline,4,90.7,6864,16126,42.6
1785432780.681,17:33:00,baseline,5,93.9,6704,16126,41.6
1785432780.681,17:33:00,baseline,6,95.2,6700,16126,41.5
1785432780.681,17:33:00,baseline,7,93.9,6691,16126,41.5
1785432781.681,17:33:01,baseline,0,94.9,6667,16126,41.3
1785432781.681,17:33:01,baseline,1,96.5,6700,16126,41.5
1785432781.681,17:33:01,baseline,2,93.9,6698,16126,41.5
1785432781.681,17:33:01,baseline,3,95.6,6656,16126,41.3
1785432781.681,17:33:01,baseline,4,90.7,6864,16126,42.6
1785432781.681,17:33:01,baseline,5,93.9,6704,16126,41.6
1785432781.681,17:33:01,baseline,6,95.2,6700,16126,41.5
1785432781.681,17:33:01,baseline,7,93.9,6691,16126,41.5
1785432782.682,17:33:02,baseline,0,95.4,6256,16126,38.8
1785432782.682,17:33:02,baseline,1,94.4,6275,16126,38.9
1785432782.682,17:33:02,baseline,2,95.7,6312,16126,39.1
1785432782.682,17:33:02,baseline,3,95.9,6427,16126,39.9
1785432782.682,17:33:02,baseline,4,92.7,6349,16126,39.4
1785432782.682,17:33:02,baseline,5,96.0,6298,16126,39.1
1785432782.682,17:33:02,baseline,6,87.0,6316,16126,39.2
1785432782.682,17:33:02,baseline,7,95.8,6210,16126,38.5
1785432783.682,17:33:03,baseline,0,95.4,6256,16126,38.8
1785432783.682,17:33:03,baseline,1,94.4,6275,16126,38.9
1785432783.682,17:33:03,baseline,2,95.7,6312,16126,39.1
1785432783.682,17:33:03,baseline,3,95.9,6427,16126,39.9
1785432783.682,17:33:03,baseline,4,92.7,6349,16126,39.4
1785432783.682,17:33:03,baseline,5,96.0,6298,16126,39.1
1785432783.682,17:33:03,baseline,6,87.0,6316,16126,39.2
1785432783.682,17:33:03,baseline,7,95.8,6210,16126,38.5
1785432784.682,17:33:04,baseline,0,95.4,6256,16126,38.8
1785432784.682,17:33:04,baseline,1,94.4,6275,16126,38.9
1785432784.682,17:33:04,baseline,2,95.7,6312,16126,39.1
1785432784.682,17:33:04,baseline,3,95.9,6427,16126,39.9
1785432784.682,17:33:04,baseline,4,92.7,6349,16126,39.4
1785432784.682,17:33:04,baseline,5,96.0,6298,16126,39.1
1785432784.682,17:33:04,baseline,6,87.0,6316,16126,39.2
1785432784.682,17:33:04,baseline,7,95.8,6210,16126,38.5
1785432785.682,17:33:05,baseline,0,95.4,6256,16126,38.8
1785432785.682,17:33:05,baseline,1,94.4,6275,16126,38.9
1785432785.682,17:33:05,baseline,2,95.7,6312,16126,39.1
1785432785.682,17:33:05,baseline,3,95.9,6427,16126,39.9
1785432785.682,17:33:05,baseline,4,92.7,6349,16126,39.4
1785432785.682,17:33:05,baseline,5,96.0,6298,16126,39.1
1785432785.682,17:33:05,baseline,6,87.0,6316,16126,39.2
1785432785.682,17:33:05,baseline,7,95.8,6210,16126,38.5
1785432786.682,17:33:06,baseline,0,95.4,6256,16126,38.8
1785432786.682,17:33:06,baseline,1,94.4,6275,16126,38.9
1785432786.682,17:33:06,baseline,2,95.7,6312,16126,39.1
1785432786.682,17:33:06,baseline,3,95.9,6427,16126,39.9
1785432786.682,17:33:06,baseline,4,92.7,6349,16126,39.4
1785432786.682,17:33:06,baseline,5,96.0,6298,16126,39.1
1785432786.682,17:33:06,baseline,6,87.0,6316,16126,39.2
1785432786.682,17:33:06,baseline,7,95.8,6210,16126,38.5
1785432787.682,17:33:07,baseline,0,93.4,6700,16126,41.5
1785432787.682,17:33:07,baseline,1,93.7,7020,16126,43.5
1785432787.682,17:33:07,baseline,2,93.6,7014,16126,43.5
1785432787.682,17:33:07,baseline,3,87.3,6789,16126,42.1
1785432787.682,17:33:07,baseline,4,94.2,6604,16126,41.0
1785432787.682,17:33:07,baseline,5,91.9,6700,16126,41.5
1785432787.682,17:33:07,baseline,6,93.0,6592,16126,40.9
1785432787.682,17:33:07,baseline,7,94.2,7028,16126,43.6
1785432788.682,17:33:08,baseline,0,93.4,6700,16126,41.5
1785432788.682,17:33:08,baseline,1,93.7,7020,16126,43.5
1785432788.682,17:33:08,baseline,2,93.6,7014,16126,43.5
1785432788.682,17:33:08,baseline,3,87.3,6789,16126,42.1
1785432788.682,17:33:08,baseline,4,94.2,6604,16126,41.0
1785432788.682,17:33:08,baseline,5,91.9,6700,16126,41.5
1785432788.682,17:33:08,baseline,6,93.0,6592,16126,40.9
1785432788.682,17:33:08,baseline,7,94.2,7028,16126,43.6
1785432789.682,17:33:09,baseline,0,93.4,6700,16126,41.5
1785432789.682,17:33:09,baseline,1,93.7,7020,16126,43.5
1785432789.682,17:33:09,baseline,2,93.6,7014,16126,43.5
1785432789.682,17:33:09,baseline,3,87.3,6789,16126,42.1
1785432789.682,17:33:09,baseline,4,94.2,6604,16126,41.0
1785432789.682,17:33:09,baseline,5,91.9,6700,16126,41.5
1785432789.682,17:33:09,baseline,6,93.0,6592,16126,40.9
1785432789.682,17:33:09,baseline,7,94.2,7028,16126,43.6
1785432790.682,17:33:10,baseline,0,93.4,6700,16126,41.5
1785432790.682,17:33:10,baseline,1,93.7,7020,16126,43.5
1785432790.682,17:33:10,baseline,2,93.6,7014,16126,43.5
1785432790.682,17:33:10,baseline,3,87.3,6789,16126,42.1
1785432790.682,17:33:10,baseline,4,94.2,6604,16126,41.0
1785432790.682,17:33:10,baseline,5,91.9,6700,16126,41.5
1785432790.682,17:33:10,baseline,6,93.0,6592,16126,40.9
1785432790.682,17:33:10,baseline,7,94.2,7028,16126,43.6
1785432791.683,17:33:11,baseline,0,93.4,6700,16126,41.5
1785432791.683,17:33:11,baseline,1,93.7,7020,16126,43.5
1785432791.683,17:33:11,baseline,2,93.6,7014,16126,43.5
1785432791.683,17:33:11,baseline,3,87.3,6789,16126,42.1
1785432791.683,17:33:11,baseline,4,94.2,6604,16126,41.0
1785432791.683,17:33:11,baseline,5,91.9,6700,16126,41.5
1785432791.683,17:33:11,baseline,6,93.0,6592,16126,40.9
1785432791.683,17:33:11,baseline,7,94.2,7028,16126,43.6
1785432792.683,17:33:12,baseline,0,94.8,6434,16126,39.9
1785432792.683,17:33:12,baseline,1,93.5,6452,16126,40.0
1785432792.683,17:33:12,baseline,2,94.0,6434,16126,39.9
1785432792.683,17:33:12,baseline,3,90.5,6649,16126,41.2
1785432792.683,17:33:12,baseline,4,95.9,6398,16126,39.7
1785432792.683,17:33:12,baseline,5,95.8,6434,16126,39.9
1785432792.683,17:33:12,baseline,6,96.9,6410,16126,39.7
1785432792.683,17:33:12,baseline,7,90.1,6435,16126,39.9
1785432793.683,17:33:13,baseline,0,94.8,6434,16126,39.9
1785432793.683,17:33:13,baseline,1,93.5,6452,16126,40.0
1785432793.683,17:33:13,baseline,2,94.0,6434,16126,39.9
1785432793.683,17:33:13,baseline,3,90.5,6649,16126,41.2
1785432793.683,17:33:13,baseline,4,95.9,6398,16126,39.7
1785432793.683,17:33:13,baseline,5,95.8,6434,16126,39.9
1785432793.683,17:33:13,baseline,6,96.9,6410,16126,39.7
1785432793.683,17:33:13,baseline,7,90.1,6435,16126,39.9
1785432794.683,17:33:14,baseline,0,94.8,6434,16126,39.9
1785432794.683,17:33:14,baseline,1,93.5,6452,16126,40.0
1785432794.683,17:33:14,baseline,2,94.0,6434,16126,39.9
1785432794.683,17:33:14,baseline,3,90.5,6649,16126,41.2
1785432794.683,17:33:14,baseline,4,95.9,6398,16126,39.7
1785432794.683,17:33:14,baseline,5,95.8,6434,16126,39.9
1785432794.683,17:33:14,baseline,6,96.9,6410,16126,39.7
1785432794.683,17:33:14,baseline,7,90.1,6435,16126,39.9
1785432795.683,17:33:15,baseline,0,94.8,6434,16126,39.9
1785432795.683,17:33:15,baseline,1,93.5,6452,16126,40.0
1785432795.683,17:33:15,baseline,2,94.0,6434,16126,39.9
1785432795.683,17:33:15,baseline,3,90.5,6649,16126,41.2
1785432795.683,17:33:15,baseline,4,95.9,6398,16126,39.7
1785432795.683,17:33:15,baseline,5,95.8,6434,16126,39.9
1785432795.683,17:33:15,baseline,6,96.9,6410,16126,39.7
1785432795.683,17:33:15,baseline,7,90.1,6435,16126,39.9
1785432796.683,17:33:16,baseline,0,94.8,6434,16126,39.9
1785432796.683,17:33:16,baseline,1,93.5,6452,16126,40.0
1785432796.683,17:33:16,baseline,2,94.0,6434,16126,39.9
1785432796.683,17:33:16,baseline,3,90.5,6649,16126,41.2
1785432796.683,17:33:16,baseline,4,95.9,6398,16126,39.7
1785432796.683,17:33:16,baseline,5,95.8,6434,16126,39.9
1785432796.683,17:33:16,baseline,6,96.9,6410,16126,39.7
1785432796.683,17:33:16,baseline,7,90.1,6435,16126,39.9
1785432797.683,17:33:17,baseline,0,95.3,7480,16126,46.4
1785432797.683,17:33:17,baseline,1,95.9,7510,16126,46.6
1785432797.683,17:33:17,baseline,2,89.6,7289,16126,45.2
1785432797.683,17:33:17,baseline,3,93.9,7366,16126,45.7
1785432797.683,17:33:17,baseline,4,95.3,7504,16126,46.5
1785432797.683,17:33:17,baseline,5,95.2,7444,16126,46.2
1785432797.683,17:33:17,baseline,6,95.4,7522,16126,46.6
1785432797.683,17:33:17,baseline,7,96.5,7346,16126,45.6
1785432798.683,17:33:18,baseline,0,95.3,7480,16126,46.4
1785432798.683,17:33:18,baseline,1,95.9,7510,16126,46.6
1785432798.683,17:33:18,baseline,2,89.6,7289,16126,45.2
1785432798.683,17:33:18,baseline,3,93.9,7366,16126,45.7
1785432798.683,17:33:18,baseline,4,95.3,7504,16126,46.5
1785432798.683,17:33:18,baseline,5,95.2,7444,16126,46.2
1785432798.683,17:33:18,baseline,6,95.4,7522,16126,46.6
1785432798.683,17:33:18,baseline,7,96.5,7346,16126,45.6
1785432799.683,17:33:19,baseline,0,95.3,7480,16126,46.4
1785432799.683,17:33:19,baseline,1,95.9,7510,16126,46.6
1785432799.683,17:33:19,baseline,2,89.6,7289,16126,45.2
1785432799.683,17:33:19,baseline,3,93.9,7366,16126,45.7
1785432799.683,17:33:19,baseline,4,95.3,7504,16126,46.5
1785432799.683,17:33:19,baseline,5,95.2,7444,16126,46.2
1785432799.683,17:33:19,baseline,6,95.4,7522,16126,46.6
1785432799.683,17:33:19,baseline,7,96.5,7346,16126,45.6
1785432800.684,17:33:20,baseline,0,95.3,7480,16126,46.4
1785432800.684,17:33:20,baseline,1,95.9,7510,16126,46.6
1785432800.684,17:33:20,baseline,2,89.6,7289,16126,45.2
1785432800.684,17:33:20,baseline,3,93.9,7366,16126,45.7
1785432800.684,17:33:20,baseline,4,95.3,7504,16126,46.5
1785432800.684,17:33:20,baseline,5,95.2,7444,16126,46.2
1785432800.684,17:33:20,baseline,6,95.4,7522,16126,46.6
1785432800.684,17:33:20,baseline,7,96.5,7346,16126,45.6
1785432801.684,17:33:21,baseline,0,95.3,7480,16126,46.4
1785432801.684,17:33:21,baseline,1,95.9,7510,16126,46.6
1785432801.684,17:33:21,baseline,2,89.6,7289,16126,45.2
1785432801.684,17:33:21,baseline,3,93.9,7366,16126,45.7
1785432801.684,17:33:21,baseline,4,95.3,7504,16126,46.5
1785432801.684,17:33:21,baseline,5,95.2,7444,16126,46.2
1785432801.684,17:33:21,baseline,6,95.4,7522,16126,46.6
1785432801.684,17:33:21,baseline,7,96.5,7346,16126,45.6
1785432802.684,17:33:22,baseline,0,93.0,7854,16126,48.7
1785432802.684,17:33:22,baseline,1,93.1,12397,16126,76.9
1785432802.684,17:33:22,baseline,2,88.4,7211,16126,44.7
1785432802.684,17:33:22,baseline,3,91.6,7854,16126,48.7
1785432802.684,17:33:22,baseline,4,93.3,7211,16126,44.7
1785432802.684,17:33:22,baseline,5,93.6,7662,16126,47.5
1785432802.684,17:33:22,baseline,6,90.4,9639,16126,59.8
1785432802.684,17:33:22,baseline,7,94.2,11218,16126,69.6
1785432803.684,17:33:23,baseline,0,93.0,7854,16126,48.7
1785432803.684,17:33:23,baseline,1,93.1,12397,16126,76.9
1785432803.684,17:33:23,baseline,2,88.4,7211,16126,44.7
1785432803.684,17:33:23,baseline,3,91.6,7854,16126,48.7
1785432803.684,17:33:23,baseline,4,93.3,7211,16126,44.7
1785432803.684,17:33:23,baseline,5,93.6,7662,16126,47.5
1785432803.684,17:33:23,baseline,6,90.4,9639,16126,59.8
1785432803.684,17:33:23,baseline,7,94.2,11218,16126,69.6
1785432804.684,17:33:24,baseline,0,93.0,7854,16126,48.7
1785432804.684,17:33:24,baseline,1,93.1,12397,16126,76.9
1785432804.684,17:33:24,baseline,2,88.4,7211,16126,44.7
1785432804.684,17:33:24,baseline,3,91.6,7854,16126,48.7
1785432804.684,17:33:24,baseline,4,93.3,7211,16126,44.7
1785432804.684,17:33:24,baseline,5,93.6,7662,16126,47.5
1785432804.684,17:33:24,baseline,6,90.4,9639,16126,59.8
1785432804.684,17:33:24,baseline,7,94.2,11218,16126,69.6
1785432805.684,17:33:25,baseline,0,93.0,7854,16126,48.7
1785432805.684,17:33:25,baseline,1,93.1,12397,16126,76.9
1785432805.684,17:33:25,baseline,2,88.4,7211,16126,44.7
1785432805.684,17:33:25,baseline,3,91.6,7854,16126,48.7
1785432805.684,17:33:25,baseline,4,93.3,7211,16126,44.7
1785432805.684,17:33:25,baseline,5,93.6,7662,16126,47.5
1785432805.684,17:33:25,baseline,6,90.4,9639,16126,59.8
1785432805.684,17:33:25,baseline,7,94.2,11218,16126,69.6
1785432806.684,17:33:26,baseline,0,93.0,7854,16126,48.7
1785432806.684,17:33:26,baseline,1,93.1,12397,16126,76.9
1785432806.684,17:33:26,baseline,2,88.4,7211,16126,44.7
1785432806.684,17:33:26,baseline,3,91.6,7854,16126,48.7
1785432806.684,17:33:26,baseline,4,93.3,7211,16126,44.7
1785432806.684,17:33:26,baseline,5,93.6,7662,16126,47.5
1785432806.684,17:33:26,baseline,6,90.4,9639,16126,59.8
1785432806.684,17:33:26,baseline,7,94.2,11218,16126,69.6
1785432807.684,17:33:27,baseline,0,90.1,6064,16126,37.6
1785432807.684,17:33:27,baseline,1,94.7,5971,16126,37.0
1785432807.684,17:33:27,baseline,2,91.4,6237,16126,38.7
1785432807.684,17:33:27,baseline,3,92.4,6007,16126,37.3
1785432807.684,17:33:27,baseline,4,93.6,5961,16126,37.0
1785432807.684,17:33:27,baseline,5,91.1,6130,16126,38.0
1785432807.684,17:33:27,baseline,6,96.0,6073,16126,37.7
1785432807.684,17:33:27,baseline,7,95.6,6124,16126,38.0
1785432808.685,17:33:28,baseline,0,90.1,6064,16126,37.6
1785432808.685,17:33:28,baseline,1,94.7,5971,16126,37.0
1785432808.685,17:33:28,baseline,2,91.4,6237,16126,38.7
1785432808.685,17:33:28,baseline,3,92.4,6007,16126,37.3
1785432808.685,17:33:28,baseline,4,93.6,5961,16126,37.0
1785432808.685,17:33:28,baseline,5,91.1,6130,16126,38.0
1785432808.685,17:33:28,baseline,6,96.0,6073,16126,37.7
1785432808.685,17:33:28,baseline,7,95.6,6124,16126,38.0
1785432809.685,17:33:29,baseline,0,90.1,6064,16126,37.6
1785432809.685,17:33:29,baseline,1,94.7,5971,16126,37.0
1785432809.685,17:33:29,baseline,2,91.4,6237,16126,38.7
1785432809.685,17:33:29,baseline,3,92.4,6007,16126,37.3
1785432809.685,17:33:29,baseline,4,93.6,5961,16126,37.0
1785432809.685,17:33:29,baseline,5,91.1,6130,16126,38.0
1785432809.685,17:33:29,baseline,6,96.0,6073,16126,37.7
1785432809.685,17:33:29,baseline,7,95.6,6124,16126,38.0
1785432810.685,17:33:30,baseline,0,90.1,6064,16126,37.6
1785432810.685,17:33:30,baseline,1,94.7,5971,16126,37.0
1785432810.685,17:33:30,baseline,2,91.4,6237,16126,38.7
1785432810.685,17:33:30,baseline,3,92.4,6007,16126,37.3
1785432810.685,17:33:30,baseline,4,93.6,5961,16126,37.0
1785432810.685,17:33:30,baseline,5,91.1,6130,16126,38.0
1785432810.685,17:33:30,baseline,6,96.0,6073,16126,37.7
1785432810.685,17:33:30,baseline,7,95.6,6124,16126,38.0
1785432811.685,17:33:31,baseline,0,90.1,6064,16126,37.6
1785432811.685,17:33:31,baseline,1,94.7,5971,16126,37.0
1785432811.685,17:33:31,baseline,2,91.4,6237,16126,38.7
1785432811.685,17:33:31,baseline,3,92.4,6007,16126,37.3
1785432811.685,17:33:31,baseline,4,93.6,5961,16126,37.0
1785432811.685,17:33:31,baseline,5,91.1,6130,16126,38.0
1785432811.685,17:33:31,baseline,6,96.0,6073,16126,37.7
1785432811.685,17:33:31,baseline,7,95.6,6124,16126,38.0
1785432812.685,17:33:32,baseline,0,95.0,7680,16126,47.6
1785432812.685,17:33:32,baseline,1,92.8,7888,16126,48.9
1785432812.685,17:33:32,baseline,2,95.0,7825,16126,48.5
1785432812.685,17:33:32,baseline,3,95.0,7858,16126,48.7
1785432812.685,17:33:32,baseline,4,96.5,7840,16126,48.6
1785432812.685,17:33:32,baseline,5,95.7,7729,16126,47.9
1785432812.685,17:33:32,baseline,6,87.2,7681,16126,47.6
1785432812.685,17:33:32,baseline,7,95.2,7785,16126,48.3
1785432813.685,17:33:33,baseline,0,95.0,7680,16126,47.6
1785432813.685,17:33:33,baseline,1,92.8,7888,16126,48.9
1785432813.685,17:33:33,baseline,2,95.0,7825,16126,48.5
1785432813.685,17:33:33,baseline,3,95.0,7858,16126,48.7
1785432813.685,17:33:33,baseline,4,96.5,7840,16126,48.6
1785432813.685,17:33:33,baseline,5,95.7,7729,16126,47.9
1785432813.685,17:33:33,baseline,6,87.2,7681,16126,47.6
1785432813.685,17:33:33,baseline,7,95.2,7785,16126,48.3
1785432814.685,17:33:34,baseline,0,95.0,7680,16126,47.6
1785432814.685,17:33:34,baseline,1,92.8,7888,16126,48.9
1785432814.685,17:33:34,baseline,2,95.0,7825,16126,48.5
1785432814.685,17:33:34,baseline,3,95.0,7858,16126,48.7
1785432814.685,17:33:34,baseline,4,96.5,7840,16126,48.6
1785432814.685,17:33:34,baseline,5,95.7,7729,16126,47.9
1785432814.685,17:33:34,baseline,6,87.2,7681,16126,47.6
1785432814.685,17:33:34,baseline,7,95.2,7785,16126,48.3
1785432815.685,17:33:35,baseline,0,95.0,7680,16126,47.6
1785432815.685,17:33:35,baseline,1,92.8,7888,16126,48.9
1785432815.685,17:33:35,baseline,2,95.0,7825,16126,48.5
1785432815.685,17:33:35,baseline,3,95.0,7858,16126,48.7
1785432815.685,17:33:35,baseline,4,96.5,7840,16126,48.6
1785432815.685,17:33:35,baseline,5,95.7,7729,16126,47.9
1785432815.685,17:33:35,baseline,6,87.2,7681,16126,47.6
1785432815.685,17:33:35,baseline,7,95.2,7785,16126,48.3
1785432816.685,17:33:36,baseline,0,95.0,7680,16126,47.6
1785432816.685,17:33:36,baseline,1,92.8,7888,16126,48.9
1785432816.685,17:33:36,baseline,2,95.0,7825,16126,48.5
1785432816.685,17:33:36,baseline,3,95.0,7858,16126,48.7
1785432816.685,17:33:36,baseline,4,96.5,7840,16126,48.6
1785432816.685,17:33:36,baseline,5,95.7,7729,16126,47.9
1785432816.685,17:33:36,baseline,6,87.2,7681,16126,47.6
1785432816.685,17:33:36,baseline,7,95.2,7785,16126,48.3
1785432817.686,17:33:37,baseline,0,93.8,7373,16126,45.7
1785432817.686,17:33:37,baseline,1,94.3,9639,16126,59.8
1785432817.686,17:33:37,baseline,2,93.1,7626,16126,47.3
1785432817.686,17:33:37,baseline,3,92.7,7770,16126,48.2
1785432817.686,17:33:37,baseline,4,92.5,7476,16126,46.4
1785432817.686,17:33:37,baseline,5,93.7,7379,16126,45.8
1785432817.686,17:33:37,baseline,6,87.9,9639,16126,59.8
1785432817.686,17:33:37,baseline,7,93.5,7471,16126,46.3
1785432818.686,17:33:38,baseline,0,93.8,7373,16126,45.7
1785432818.686,17:33:38,baseline,1,94.3,9639,16126,59.8
1785432818.686,17:33:38,baseline,2,93.1,7626,16126,47.3
1785432818.686,17:33:38,baseline,3,92.7,7770,16126,48.2
1785432818.686,17:33:38,baseline,4,92.5,7476,16126,46.4
1785432818.686,17:33:38,baseline,5,93.7,7379,16126,45.8
1785432818.686,17:33:38,baseline,6,87.9,9639,16126,59.8
1785432818.686,17:33:38,baseline,7,93.5,7471,16126,46.3
1785432819.686,17:33:39,baseline,0,93.8,7373,16126,45.7
1785432819.686,17:33:39,baseline,1,94.3,9639,16126,59.8
1785432819.686,17:33:39,baseline,2,93.1,7626,16126,47.3
1785432819.686,17:33:39,baseline,3,92.7,7770,16126,48.2
1785432819.686,17:33:39,baseline,4,92.5,7476,16126,46.4
1785432819.686,17:33:39,baseline,5,93.7,7379,16126,45.8
1785432819.686,17:33:39,baseline,6,87.9,9639,16126,59.8
1785432819.686,17:33:39,baseline,7,93.5,7471,16126,46.3
1785432820.686,17:33:40,baseline,0,93.8,7373,16126,45.7
1785432820.686,17:33:40,baseline,1,94.3,9639,16126,59.8
1785432820.686,17:33:40,baseline,2,93.1,7626,16126,47.3
1785432820.686,17:33:40,baseline,3,92.7,7770,16126,48.2
1785432820.686,17:33:40,baseline,4,92.5,7476,16126,46.4
1785432820.686,17:33:40,baseline,5,93.7,7379,16126,45.8
1785432820.686,17:33:40,baseline,6,87.9,9639,16126,59.8
1785432820.686,17:33:40,baseline,7,93.5,7471,16126,46.3
1785432821.686,17:33:41,baseline,0,93.8,7373,16126,45.7
1785432821.686,17:33:41,baseline,1,94.3,9639,16126,59.8
1785432821.686,17:33:41,baseline,2,93.1,7626,16126,47.3
1785432821.686,17:33:41,baseline,3,92.7,7770,16126,48.2
1785432821.686,17:33:41,baseline,4,92.5,7476,16126,46.4
1785432821.686,17:33:41,baseline,5,93.7,7379,16126,45.8
1785432821.686,17:33:41,baseline,6,87.9,9639,16126,59.8
1785432821.686,17:33:41,baseline,7,93.5,7471,16126,46.3
1785432822.686,17:33:42,baseline,0,95.4,7587,16126,47.0
1785432822.686,17:33:42,baseline,1,96.4,7992,16126,49.6
1785432822.686,17:33:42,baseline,2,94.3,8005,16126,49.6
1785432822.686,17:33:42,baseline,3,96.0,7940,16126,49.2
1785432822.686,17:33:42,baseline,4,94.1,8028,16126,49.8
1785432822.686,17:33:42,baseline,5,87.7,7991,16126,49.6
1785432822.686,17:33:42,baseline,6,94.3,7792,16126,48.3
1785432822.686,17:33:42,baseline,7,94.2,7903,16126,49.0
1785432823.686,17:33:43,baseline,0,95.4,7587,16126,47.0
1785432823.686,17:33:43,baseline,1,96.4,7992,16126,49.6
1785432823.686,17:33:43,baseline,2,94.3,8005,16126,49.6
1785432823.686,17:33:43,baseline,3,96.0,7940,16126,49.2
1785432823.686,17:33:43,baseline,4,94.1,8028,16126,49.8
1785432823.686,17:33:43,baseline,5,87.7,7991,16126,49.6
1785432823.686,17:33:43,baseline,6,94.3,7792,16126,48.3
1785432823.686,17:33:43,baseline,7,94.2,7903,16126,49.0
1785432824.686,17:33:44,baseline,0,95.4,7587,16126,47.0
1785432824.686,17:33:44,baseline,1,96.4,7992,16126,49.6
1785432824.686,17:33:44,baseline,2,94.3,8005,16126,49.6
1785432824.686,17:33:44,baseline,3,96.0,7940,16126,49.2
1785432824.686,17:33:44,baseline,4,94.1,8028,16126,49.8
1785432824.686,17:33:44,baseline,5,87.7,7991,16126,49.6
1785432824.686,17:33:44,baseline,6,94.3,7792,16126,48.3
1785432824.686,17:33:44,baseline,7,94.2,7903,16126,49.0
1785432825.687,17:33:45,baseline,0,95.4,7587,16126,47.0
1785432825.687,17:33:45,baseline,1,96.4,7992,16126,49.6
1785432825.687,17:33:45,baseline,2,94.3,8005,16126,49.6
1785432825.687,17:33:45,baseline,3,96.0,7940,16126,49.2
1785432825.687,17:33:45,baseline,4,94.1,8028,16126,49.8
1785432825.687,17:33:45,baseline,5,87.7,7991,16126,49.6
1785432825.687,17:33:45,baseline,6,94.3,7792,16126,48.3
1785432825.687,17:33:45,baseline,7,94.2,7903,16126,49.0
1785432826.687,17:33:46,baseline,0,95.4,7587,16126,47.0
1785432826.687,17:33:46,baseline,1,96.4,7992,16126,49.6
1785432826.687,17:33:46,baseline,2,94.3,8005,16126,49.6
1785432826.687,17:33:46,baseline,3,96.0,7940,16126,49.2
1785432826.687,17:33:46,baseline,4,94.1,8028,16126,49.8
1785432826.687,17:33:46,baseline,5,87.7,7991,16126,49.6
1785432826.687,17:33:46,baseline,6,94.3,7792,16126,48.3
1785432826.687,17:33:46,baseline,7,94.2,7903,16126,49.0
1785432827.687,17:33:47,baseline,0,94.7,6127,16126,38.0
1785432827.687,17:33:47,baseline,1,94.9,5809,16126,36.0
1785432827.687,17:33:47,baseline,2,95.0,6021,16126,37.3
1785432827.687,17:33:47,baseline,3,95.5,5793,16126,35.9
1785432827.687,17:33:47,baseline,4,95.2,5801,16126,36.0
1785432827.687,17:33:47,baseline,5,92.3,6073,16126,37.7
1785432827.687,17:33:47,baseline,6,93.7,5776,16126,35.8
1785432827.687,17:33:47,baseline,7,94.0,6005,16126,37.2
1785432828.687,17:33:48,baseline,0,94.7,6127,16126,38.0
1785432828.687,17:33:48,baseline,1,94.9,5809,16126,36.0
1785432828.687,17:33:48,baseline,2,95.0,6021,16126,37.3
1785432828.687,17:33:48,baseline,3,95.5,5793,16126,35.9
1785432828.687,17:33:48,baseline,4,95.2,5801,16126,36.0
1785432828.687,17:33:48,baseline,5,92.3,6073,16126,37.7
1785432828.687,17:33:48,baseline,6,93.7,5776,16126,35.8
1785432828.687,17:33:48,baseline,7,94.0,6005,16126,37.2
1785432829.687,17:33:49,baseline,0,94.7,6127,16126,38.0
1785432829.687,17:33:49,baseline,1,94.9,5809,16126,36.0
1785432829.687,17:33:49,baseline,2,95.0,6021,16126,37.3
1785432829.687,17:33:49,baseline,3,95.5,5793,16126,35.9
1785432829.687,17:33:49,baseline,4,95.2,5801,16126,36.0
1785432829.687,17:33:49,baseline,5,92.3,6073,16126,37.7
1785432829.687,17:33:49,baseline,6,93.7,5776,16126,35.8
1785432829.687,17:33:49,baseline,7,94.0,6005,16126,37.2
1785432830.687,17:33:50,baseline,0,94.7,6127,16126,38.0
1785432830.687,17:33:50,baseline,1,94.9,5809,16126,36.0
1785432830.687,17:33:50,baseline,2,95.0,6021,16126,37.3
1785432830.687,17:33:50,baseline,3,95.5,5793,16126,35.9
1785432830.687,17:33:50,baseline,4,95.2,5801,16126,36.0
1785432830.687,17:33:50,baseline,5,92.3,6073,16126,37.7
1785432830.687,17:33:50,baseline,6,93.7,5776,16126,35.8
1785432830.687,17:33:50,baseline,7,94.0,6005,16126,37.2
1785432831.687,17:33:51,baseline,0,94.7,6127,16126,38.0
1785432831.687,17:33:51,baseline,1,94.9,5809,16126,36.0
1785432831.687,17:33:51,baseline,2,95.0,6021,16126,37.3
1785432831.687,17:33:51,baseline,3,95.5,5793,16126,35.9
1785432831.687,17:33:51,baseline,4,95.2,5801,16126,36.0
1785432831.687,17:33:51,baseline,5,92.3,6073,16126,37.7
1785432831.687,17:33:51,baseline,6,93.7,5776,16126,35.8
1785432831.687,17:33:51,baseline,7,94.0,6005,16126,37.2
1785432832.687,17:33:52,baseline,0,95.1,6856,16126,42.5
1785432832.687,17:33:52,baseline,1,94.7,6278,16126,38.9
1785432832.687,17:33:52,baseline,2,94.5,6627,16126,41.1
1785432832.687,17:33:52,baseline,3,94.1,6441,16126,39.9
1785432832.687,17:33:52,baseline,4,94.9,6332,16126,39.3
1785432832.687,17:33:52,baseline,5,87.8,6627,16126,41.1
1785432832.687,17:33:52,baseline,6,93.2,6681,16126,41.4
1785432832.687,17:33:52,baseline,7,93.1,6707,16126,41.6
1785432833.687,17:33:53,baseline,0,95.1,6856,16126,42.5
1785432833.687,17:33:53,baseline,1,94.7,6278,16126,38.9
1785432833.687,17:33:53,baseline,2,94.5,6627,16126,41.1
1785432833.687,17:33:53,baseline,3,94.1,6441,16126,39.9
1785432833.687,17:33:53,baseline,4,94.9,6332,16126,39.3
1785432833.687,17:33:53,baseline,5,87.8,6627,16126,41.1
1785432833.687,17:33:53,baseline,6,93.2,6681,16126,41.4
1785432833.687,17:33:53,baseline,7,93.1,6707,16126,41.6
1785432834.688,17:33:54,baseline,0,95.1,6856,16126,42.5
1785432834.688,17:33:54,baseline,1,94.7,6278,16126,38.9
1785432834.688,17:33:54,baseline,2,94.5,6627,16126,41.1
1785432834.688,17:33:54,baseline,3,94.1,6441,16126,39.9
1785432834.688,17:33:54,baseline,4,94.9,6332,16126,39.3
1785432834.688,17:33:54,baseline,5,87.8,6627,16126,41.1
1785432834.688,17:33:54,baseline,6,93.2,6681,16126,41.4
1785432834.688,17:33:54,baseline,7,93.1,6707,16126,41.6
1785432835.688,17:33:55,baseline,0,95.1,6856,16126,42.5
1785432835.688,17:33:55,baseline,1,94.7,6278,16126,38.9
1785432835.688,17:33:55,baseline,2,94.5,6627,16126,41.1
1785432835.688,17:33:55,baseline,3,94.1,6441,16126,39.9
1785432835.688,17:33:55,baseline,4,94.9,6332,16126,39.3
1785432835.688,17:33:55,baseline,5,87.8,6627,16126,41.1
1785432835.688,17:33:55,baseline,6,93.2,6681,16126,41.4
1785432835.688,17:33:55,baseline,7,93.1,6707,16126,41.6
1785432836.688,17:33:56,baseline,0,95.1,6856,16126,42.5
1785432836.688,17:33:56,baseline,1,94.7,6278,16126,38.9
1785432836.688,17:33:56,baseline,2,94.5,6627,16126,41.1
1785432836.688,17:33:56,baseline,3,94.1,6441,16126,39.9
1785432836.688,17:33:56,baseline,4,94.9,6332,16126,39.3
1785432836.688,17:33:56,baseline,5,87.8,6627,16126,41.1
1785432836.688,17:33:56,baseline,6,93.2,6681,16126,41.4
1785432836.688,17:33:56,baseline,7,93.1,6707,16126,41.6
1785432837.688,17:33:57,baseline,0,95.2,7573,16126,47.0
1785432837.688,17:33:57,baseline,1,76.4,7649,16126,47.4
1785432837.688,17:33:57,baseline,2,93.7,7623,16126,47.3
1785432837.688,17:33:57,baseline,3,95.5,7684,16126,47.6
1785432837.688,17:33:57,baseline,4,94.1,7630,16126,47.3
1785432837.688,17:33:57,baseline,5,94.9,7647,16126,47.4
1785432837.688,17:33:57,baseline,6,95.0,7637,16126,47.4
1785432837.688,17:33:57,baseline,7,94.5,7679,16126,47.6
1785432838.688,17:33:58,baseline,0,95.2,7573,16126,47.0
1785432838.688,17:33:58,baseline,1,76.4,7649,16126,47.4
1785432838.688,17:33:58,baseline,2,93.7,7623,16126,47.3
1785432838.688,17:33:58,baseline,3,95.5,7684,16126,47.6
1785432838.688,17:33:58,baseline,4,94.1,7630,16126,47.3
1785432838.688,17:33:58,baseline,5,94.9,7647,16126,47.4
1785432838.688,17:33:58,baseline,6,95.0,7637,16126,47.4
1785432838.688,17:33:58,baseline,7,94.5,7679,16126,47.6
1785432839.688,17:33:59,baseline,0,95.2,7573,16126,47.0
1785432839.688,17:33:59,baseline,1,76.4,7649,16126,47.4
1785432839.688,17:33:59,baseline,2,93.7,7623,16126,47.3
1785432839.688,17:33:59,baseline,3,95.5,7684,16126,47.6
1785432839.688,17:33:59,baseline,4,94.1,7630,16126,47.3
1785432839.688,17:33:59,baseline,5,94.9,7647,16126,47.4
1785432839.688,17:33:59,baseline,6,95.0,7637,16126,47.4
1785432839.688,17:33:59,baseline,7,94.5,7679,16126,47.6
1785432840.688,17:34:00,baseline,0,95.2,7573,16126,47.0
1785432840.688,17:34:00,baseline,1,76.4,7649,16126,47.4
1785432840.688,17:34:00,baseline,2,93.7,7623,16126,47.3
1785432840.688,17:34:00,baseline,3,95.5,7684,16126,47.6
1785432840.688,17:34:00,baseline,4,94.1,7630,16126,47.3
1785432840.688,17:34:00,baseline,5,94.9,7647,16126,47.4
1785432840.688,17:34:00,baseline,6,95.0,7637,16126,47.4
1785432840.688,17:34:00,baseline,7,94.5,7679,16126,47.6
1785432841.688,17:34:01,baseline,0,95.2,7573,16126,47.0
1785432841.688,17:34:01,baseline,1,76.4,7649,16126,47.4
1785432841.688,17:34:01,baseline,2,93.7,7623,16126,47.3
1785432841.688,17:34:01,baseline,3,95.5,7684,16126,47.6
1785432841.688,17:34:01,baseline,4,94.1,7630,16126,47.3
1785432841.688,17:34:01,baseline,5,94.9,7647,16126,47.4
1785432841.688,17:34:01,baseline,6,95.0,7637,16126,47.4
1785432841.688,17:34:01,baseline,7,94.5,7679,16126,47.6
1785432842.688,17:34:02,baseline,0,95.0,5973,16126,37.0
1785432842.688,17:34:02,baseline,1,91.9,5673,16126,35.2
1785432842.688,17:34:02,baseline,2,89.8,5610,16126,34.8
1785432842.688,17:34:02,baseline,3,95.6,5768,16126,35.8
1785432842.688,17:34:02,baseline,4,96.6,5691,16126,35.3
1785432842.688,17:34:02,baseline,5,95.4,5931,16126,36.8
1785432842.688,17:34:02,baseline,6,96.4,5706,16126,35.4
1785432842.688,17:34:02,baseline,7,95.0,5936,16126,36.8
1785432843.688,17:34:03,baseline,0,95.0,5973,16126,37.0
1785432843.688,17:34:03,baseline,1,91.9,5673,16126,35.2
1785432843.688,17:34:03,baseline,2,89.8,5610,16126,34.8
1785432843.688,17:34:03,baseline,3,95.6,5768,16126,35.8
1785432843.688,17:34:03,baseline,4,96.6,5691,16126,35.3
1785432843.688,17:34:03,baseline,5,95.4,5931,16126,36.8
1785432843.688,17:34:03,baseline,6,96.4,5706,16126,35.4
1785432843.688,17:34:03,baseline,7,95.0,5936,16126,36.8
1785432844.689,17:34:04,baseline,0,95.0,5973,16126,37.0
1785432844.689,17:34:04,baseline,1,91.9,5673,16126,35.2
1785432844.689,17:34:04,baseline,2,89.8,5610,16126,34.8
1785432844.689,17:34:04,baseline,3,95.6,5768,16126,35.8
1785432844.689,17:34:04,baseline,4,96.6,5691,16126,35.3
1785432844.689,17:34:04,baseline,5,95.4,5931,16126,36.8
1785432844.689,17:34:04,baseline,6,96.4,5706,16126,35.4
1785432844.689,17:34:04,baseline,7,95.0,5936,16126,36.8
1785432845.689,17:34:05,baseline,0,95.0,5973,16126,37.0
1785432845.689,17:34:05,baseline,1,91.9,5673,16126,35.2
1785432845.689,17:34:05,baseline,2,89.8,5610,16126,34.8
1785432845.689,17:34:05,baseline,3,95.6,5768,16126,35.8
1785432845.689,17:34:05,baseline,4,96.6,5691,16126,35.3
1785432845.689,17:34:05,baseline,5,95.4,5931,16126,36.8
1785432845.689,17:34:05,baseline,6,96.4,5706,16126,35.4
1785432845.689,17:34:05,baseline,7,95.0,5936,16126,36.8
1785432846.689,17:34:06,baseline,0,95.0,5973,16126,37.0
1785432846.689,17:34:06,baseline,1,91.9,5673,16126,35.2
1785432846.689,17:34:06,baseline,2,89.8,5610,16126,34.8
1785432846.689,17:34:06,baseline,3,95.6,5768,16126,35.8
1785432846.689,17:34:06,baseline,4,96.6,5691,16126,35.3
1785432846.689,17:34:06,baseline,5,95.4,5931,16126,36.8
1785432846.689,17:34:06,baseline,6,96.4,5706,16126,35.4
1785432846.689,17:34:06,baseline,7,95.0,5936,16126,36.8
1785432847.689,17:34:07,baseline,0,95.7,7498,16126,46.5
1785432847.689,17:34:07,baseline,1,95.8,7368,16126,45.7
1785432847.689,17:34:07,baseline,2,86.0,7570,16126,46.9
1785432847.689,17:34:07,baseline,3,95.2,7427,16126,46.1
1785432847.689,17:34:07,baseline,4,95.9,7319,16126,45.4
1785432847.689,17:34:07,baseline,5,94.5,7570,16126,46.9
1785432847.689,17:34:07,baseline,6,96.0,7253,16126,45.0
1785432847.689,17:34:07,baseline,7,93.8,7255,16126,45.0
1785432848.689,17:34:08,baseline,0,95.7,7498,16126,46.5
1785432848.689,17:34:08,baseline,1,95.8,7368,16126,45.7
1785432848.689,17:34:08,baseline,2,86.0,7570,16126,46.9
1785432848.689,17:34:08,baseline,3,95.2,7427,16126,46.1
1785432848.689,17:34:08,baseline,4,95.9,7319,16126,45.4
1785432848.689,17:34:08,baseline,5,94.5,7570,16126,46.9
1785432848.689,17:34:08,baseline,6,96.0,7253,16126,45.0
1785432848.689,17:34:08,baseline,7,93.8,7255,16126,45.0
1785432849.689,17:34:09,baseline,0,95.7,7498,16126,46.5
1785432849.689,17:34:09,baseline,1,95.8,7368,16126,45.7
1785432849.689,17:34:09,baseline,2,86.0,7570,16126,46.9
1785432849.689,17:34:09,baseline,3,95.2,7427,16126,46.1
1785432849.689,17:34:09,baseline,4,95.9,7319,16126,45.4
1785432849.689,17:34:09,baseline,5,94.5,7570,16126,46.9
1785432849.689,17:34:09,baseline,6,96.0,7253,16126,45.0
1785432849.689,17:34:09,baseline,7,93.8,7255,16126,45.0
1785432850.689,17:34:10,baseline,0,95.7,7498,16126,46.5
1785432850.689,17:34:10,baseline,1,95.8,7368,16126,45.7
1785432850.689,17:34:10,baseline,2,86.0,7570,16126,46.9
1785432850.689,17:34:10,baseline,3,95.2,7427,16126,46.1
1785432850.689,17:34:10,baseline,4,95.9,7319,16126,45.4
1785432850.689,17:34:10,baseline,5,94.5,7570,16126,46.9
1785432850.689,17:34:10,baseline,6,96.0,7253,16126,45.0
1785432850.689,17:34:10,baseline,7,93.8,7255,16126,45.0
1785432851.689,17:34:11,baseline,0,95.7,7498,16126,46.5
1785432851.689,17:34:11,baseline,1,95.8,7368,16126,45.7
1785432851.689,17:34:11,baseline,2,86.0,7570,16126,46.9
1785432851.689,17:34:11,baseline,3,95.2,7427,16126,46.1
1785432851.689,17:34:11,baseline,4,95.9,7319,16126,45.4
1785432851.689,17:34:11,baseline,5,94.5,7570,16126,46.9
1785432851.689,17:34:11,baseline,6,96.0,7253,16126,45.0
1785432851.689,17:34:11,baseline,7,93.8,7255,16126,45.0
1785432852.689,17:34:12,baseline,0,95.0,6586,16126,40.8
1785432852.689,17:34:12,baseline,1,96.0,6478,16126,40.2
1785432852.689,17:34:12,baseline,2,96.0,6563,16126,40.7
1785432852.689,17:34:12,baseline,3,85.7,6406,16126,39.7
1785432852.689,17:34:12,baseline,4,96.7,6406,16126,39.7
1785432852.689,17:34:12,baseline,5,95.1,6442,16126,39.9
1785432852.689,17:34:12,baseline,6,96.0,6461,16126,40.1
1785432852.689,17:34:12,baseline,7,94.4,6462,16126,40.1
1785432853.69,17:34:13,baseline,0,95.0,6586,16126,40.8
1785432853.69,17:34:13,baseline,1,96.0,6478,16126,40.2
1785432853.69,17:34:13,baseline,2,96.0,6563,16126,40.7
1785432853.69,17:34:13,baseline,3,85.7,6406,16126,39.7
1785432853.69,17:34:13,baseline,4,96.7,6406,16126,39.7
1785432853.69,17:34:13,baseline,5,95.1,6442,16126,39.9
1785432853.69,17:34:13,baseline,6,96.0,6461,16126,40.1
1785432853.69,17:34:13,baseline,7,94.4,6462,16126,40.1
1785432854.69,17:34:14,baseline,0,95.0,6586,16126,40.8
1785432854.69,17:34:14,baseline,1,96.0,6478,16126,40.2
1785432854.69,17:34:14,baseline,2,96.0,6563,16126,40.7
1785432854.69,17:34:14,baseline,3,85.7,6406,16126,39.7
1785432854.69,17:34:14,baseline,4,96.7,6406,16126,39.7
1785432854.69,17:34:14,baseline,5,95.1,6442,16126,39.9
1785432854.69,17:34:14,baseline,6,96.0,6461,16126,40.1
1785432854.69,17:34:14,baseline,7,94.4,6462,16126,40.1
1785432855.69,17:34:15,baseline,0,95.0,6586,16126,40.8
1785432855.69,17:34:15,baseline,1,96.0,6478,16126,40.2
1785432855.69,17:34:15,baseline,2,96.0,6563,16126,40.7
1785432855.69,17:34:15,baseline,3,85.7,6406,16126,39.7
1785432855.69,17:34:15,baseline,4,96.7,6406,16126,39.7
1785432855.69,17:34:15,baseline,5,95.1,6442,16126,39.9
1785432855.69,17:34:15,baseline,6,96.0,6461,16126,40.1
1785432855.69,17:34:15,baseline,7,94.4,6462,16126,40.1
1785432856.69,17:34:16,baseline,0,95.0,6586,16126,40.8
1785432856.69,17:34:16,baseline,1,96.0,6478,16126,40.2
1785432856.69,17:34:16,baseline,2,96.0,6563,16126,40.7
1785432856.69,17:34:16,baseline,3,85.7,6406,16126,39.7
1785432856.69,17:34:16,baseline,4,96.7,6406,16126,39.7
1785432856.69,17:34:16,baseline,5,95.1,6442,16126,39.9
1785432856.69,17:34:16,baseline,6,96.0,6461,16126,40.1
1785432856.69,17:34:16,baseline,7,94.4,6462,16126,40.1
1785432857.69,17:34:17,baseline,0,86.9,6220,16126,38.6
1785432857.69,17:34:17,baseline,1,92.5,6446,16126,40.0
1785432857.69,17:34:17,baseline,2,93.3,6454,16126,40.0
1785432857.69,17:34:17,baseline,3,91.9,6242,16126,38.7
1785432857.69,17:34:17,baseline,4,93.1,6217,16126,38.6
1785432857.69,17:34:17,baseline,5,93.7,6392,16126,39.6
1785432857.69,17:34:17,baseline,6,94.2,6403,16126,39.7
1785432857.69,17:34:17,baseline,7,94.7,6336,16126,39.3
1785432858.69,17:34:18,baseline,0,86.9,6220,16126,38.6
1785432858.69,17:34:18,baseline,1,92.5,6446,16126,40.0
1785432858.69,17:34:18,baseline,2,93.3,6454,16126,40.0
1785432858.69,17:34:18,baseline,3,91.9,6242,16126,38.7
1785432858.69,17:34:18,baseline,4,93.1,6217,16126,38.6
1785432858.69,17:34:18,baseline,5,93.7,6392,16126,39.6
1785432858.69,17:34:18,baseline,6,94.2,6403,16126,39.7
1785432858.69,17:34:18,baseline,7,94.7,6336,16126,39.3
1785432859.69,17:34:19,baseline,0,86.9,6220,16126,38.6
1785432859.69,17:34:19,baseline,1,92.5,6446,16126,40.0
1785432859.69,17:34:19,baseline,2,93.3,6454,16126,40.0
1785432859.69,17:34:19,baseline,3,91.9,6242,16126,38.7
1785432859.69,17:34:19,baseline,4,93.1,6217,16126,38.6
1785432859.69,17:34:19,baseline,5,93.7,6392,16126,39.6
1785432859.69,17:34:19,baseline,6,94.2,6403,16126,39.7
1785432859.69,17:34:19,baseline,7,94.7,6336,16126,39.3
1785432860.69,17:34:20,baseline,0,86.9,6220,16126,38.6
1785432860.69,17:34:20,baseline,1,92.5,6446,16126,40.0
1785432860.69,17:34:20,baseline,2,93.3,6454,16126,40.0
1785432860.69,17:34:20,baseline,3,91.9,6242,16126,38.7
1785432860.69,17:34:20,baseline,4,93.1,6217,16126,38.6
1785432860.69,17:34:20,baseline,5,93.7,6392,16126,39.6
1785432860.69,17:34:20,baseline,6,94.2,6403,16126,39.7
1785432860.69,17:34:20,baseline,7,94.7,6336,16126,39.3
1785432861.69,17:34:21,baseline,0,86.9,6220,16126,38.6
1785432861.69,17:34:21,baseline,1,92.5,6446,16126,40.0
1785432861.69,17:34:21,baseline,2,93.3,6454,16126,40.0
1785432861.69,17:34:21,baseline,3,91.9,6242,16126,38.7
1785432861.69,17:34:21,baseline,4,93.1,6217,16126,38.6
1785432861.69,17:34:21,baseline,5,93.7,6392,16126,39.6
1785432861.69,17:34:21,baseline,6,94.2,6403,16126,39.7
1785432861.69,17:34:21,baseline,7,94.7,6336,16126,39.3
1785432862.691,17:34:22,baseline,0,87.1,5760,16126,35.7
1785432862.691,17:34:22,baseline,1,95.4,5666,16126,35.1
1785432862.691,17:34:22,baseline,2,95.1,5997,16126,37.2
1785432862.691,17:34:22,baseline,3,92.9,5689,16126,35.3
1785432862.691,17:34:22,baseline,4,95.9,5643,16126,35.0
1785432862.691,17:34:22,baseline,5,95.6,6037,16126,37.4
1785432862.691,17:34:22,baseline,6,94.7,5778,16126,35.8
1785432862.691,17:34:22,baseline,7,95.8,5885,16126,36.5
1785432863.691,17:34:23,baseline,0,87.1,5760,16126,35.7
1785432863.691,17:34:23,baseline,1,95.4,5666,16126,35.1
1785432863.691,17:34:23,baseline,2,95.1,5997,16126,37.2
1785432863.691,17:34:23,baseline,3,92.9,5689,16126,35.3
1785432863.691,17:34:23,baseline,4,95.9,5643,16126,35.0
1785432863.691,17:34:23,baseline,5,95.6,6037,16126,37.4
1785432863.691,17:34:23,baseline,6,94.7,5778,16126,35.8
1785432863.691,17:34:23,baseline,7,95.8,5885,16126,36.5
1785432864.691,17:34:24,baseline,0,87.1,5760,16126,35.7
1785432864.691,17:34:24,baseline,1,95.4,5666,16126,35.1
1785432864.691,17:34:24,baseline,2,95.1,5997,16126,37.2
1785432864.691,17:34:24,baseline,3,92.9,5689,16126,35.3
1785432864.691,17:34:24,baseline,4,95.9,5643,16126,35.0
1785432864.691,17:34:24,baseline,5,95.6,6037,16126,37.4
1785432864.691,17:34:24,baseline,6,94.7,5778,16126,35.8
1785432864.691,17:34:24,baseline,7,95.8,5885,16126,36.5
1785432865.691,17:34:25,baseline,0,87.1,5760,16126,35.7
1785432865.691,17:34:25,baseline,1,95.4,5666,16126,35.1
1785432865.691,17:34:25,baseline,2,95.1,5997,16126,37.2
1785432865.691,17:34:25,baseline,3,92.9,5689,16126,35.3
1785432865.691,17:34:25,baseline,4,95.9,5643,16126,35.0
1785432865.691,17:34:25,baseline,5,95.6,6037,16126,37.4
1785432865.691,17:34:25,baseline,6,94.7,5778,16126,35.8
1785432865.691,17:34:25,baseline,7,95.8,5885,16126,36.5
1785432866.691,17:34:26,baseline,0,87.1,5760,16126,35.7
1785432866.691,17:34:26,baseline,1,95.4,5666,16126,35.1
1785432866.691,17:34:26,baseline,2,95.1,5997,16126,37.2
1785432866.691,17:34:26,baseline,3,92.9,5689,16126,35.3
1785432866.691,17:34:26,baseline,4,95.9,5643,16126,35.0
1785432866.691,17:34:26,baseline,5,95.6,6037,16126,37.4
1785432866.691,17:34:26,baseline,6,94.7,5778,16126,35.8
1785432866.691,17:34:26,baseline,7,95.8,5885,16126,36.5
1785432867.691,17:34:27,baseline,0,95.7,8726,16126,54.1
1785432867.691,17:34:27,baseline,1,95.8,8772,16126,54.4
1785432867.691,17:34:27,baseline,2,95.0,8652,16126,53.7
1785432867.691,17:34:27,baseline,3,90.9,8724,16126,54.1
1785432867.691,17:34:27,baseline,4,96.1,8385,16126,52.0
1785432867.691,17:34:27,baseline,5,94.5,8818,16126,54.7
1785432867.691,17:34:27,baseline,6,91.3,8868,16126,55.0
1785432867.691,17:34:27,baseline,7,94.4,8813,16126,54.7
1785432868.691,17:34:28,baseline,0,95.7,8726,16126,54.1
1785432868.691,17:34:28,baseline,1,95.8,8772,16126,54.4
1785432868.691,17:34:28,baseline,2,95.0,8652,16126,53.7
1785432868.691,17:34:28,baseline,3,90.9,8724,16126,54.1
1785432868.691,17:34:28,baseline,4,96.1,8385,16126,52.0
1785432868.691,17:34:28,baseline,5,94.5,8818,16126,54.7
1785432868.691,17:34:28,baseline,6,91.3,8868,16126,55.0
1785432868.691,17:34:28,baseline,7,94.4,8813,16126,54.7
1785432869.691,17:34:29,baseline,0,95.7,8726,16126,54.1
1785432869.691,17:34:29,baseline,1,95.8,8772,16126,54.4
1785432869.691,17:34:29,baseline,2,95.0,8652,16126,53.7
1785432869.691,17:34:29,baseline,3,90.9,8724,16126,54.1
1785432869.691,17:34:29,baseline,4,96.1,8385,16126,52.0
1785432869.691,17:34:29,baseline,5,94.5,8818,16126,54.7
1785432869.691,17:34:29,baseline,6,91.3,8868,16126,55.0
1785432869.691,17:34:29,baseline,7,94.4,8813,16126,54.7
1785432870.691,17:34:30,baseline,0,95.7,8726,16126,54.1
1785432870.691,17:34:30,baseline,1,95.8,8772,16126,54.4
1785432870.691,17:34:30,baseline,2,95.0,8652,16126,53.7
1785432870.691,17:34:30,baseline,3,90.9,8724,16126,54.1
1785432870.691,17:34:30,baseline,4,96.1,8385,16126,52.0
1785432870.691,17:34:30,baseline,5,94.5,8818,16126,54.7
1785432870.691,17:34:30,baseline,6,91.3,8868,16126,55.0
1785432870.691,17:34:30,baseline,7,94.4,8813,16126,54.7
1785432871.692,17:34:31,baseline,0,95.7,8726,16126,54.1
1785432871.692,17:34:31,baseline,1,95.8,8772,16126,54.4
1785432871.692,17:34:31,baseline,2,95.0,8652,16126,53.7
1785432871.692,17:34:31,baseline,3,90.9,8724,16126,54.1
1785432871.692,17:34:31,baseline,4,96.1,8385,16126,52.0
1785432871.692,17:34:31,baseline,5,94.5,8818,16126,54.7
1785432871.692,17:34:31,baseline,6,91.3,8868,16126,55.0
1785432871.692,17:34:31,baseline,7,94.4,8813,16126,54.7
1785432872.692,17:34:32,baseline,0,82.5,7127,16126,44.2
1785432872.692,17:34:32,baseline,1,94.0,7084,16126,43.9
1785432872.692,17:34:32,baseline,2,93.6,7102,16126,44.0
1785432872.692,17:34:32,baseline,3,93.6,7193,16126,44.6
1785432872.692,17:34:32,baseline,4,94.0,7012,16126,43.5
1785432872.692,17:34:32,baseline,5,94.1,7205,16126,44.7
1785432872.692,17:34:32,baseline,6,94.5,7728,16126,47.9
1785432872.692,17:34:32,baseline,7,93.7,7158,16126,44.4
1785432873.692,17:34:33,baseline,0,82.5,7127,16126,44.2
1785432873.692,17:34:33,baseline,1,94.0,7084,16126,43.9
1785432873.692,17:34:33,baseline,2,93.6,7102,16126,44.0
1785432873.692,17:34:33,baseline,3,93.6,7193,16126,44.6
1785432873.692,17:34:33,baseline,4,94.0,7012,16126,43.5
1785432873.692,17:34:33,baseline,5,94.1,7205,16126,44.7
1785432873.692,17:34:33,baseline,6,94.5,7728,16126,47.9
1785432873.692,17:34:33,baseline,7,93.7,7158,16126,44.4
1785432874.692,17:34:34,baseline,0,82.5,7127,16126,44.2
1785432874.692,17:34:34,baseline,1,94.0,7084,16126,43.9
1785432874.692,17:34:34,baseline,2,93.6,7102,16126,44.0
1785432874.692,17:34:34,baseline,3,93.6,7193,16126,44.6
1785432874.692,17:34:34,baseline,4,94.0,7012,16126,43.5
1785432874.692,17:34:34,baseline,5,94.1,7205,16126,44.7
1785432874.692,17:34:34,baseline,6,94.5,7728,16126,47.9
1785432874.692,17:34:34,baseline,7,93.7,7158,16126,44.4
1785432875.692,17:34:35,baseline,0,82.5,7127,16126,44.2
1785432875.692,17:34:35,baseline,1,94.0,7084,16126,43.9
1785432875.692,17:34:35,baseline,2,93.6,7102,16126,44.0
1785432875.692,17:34:35,baseline,3,93.6,7193,16126,44.6
1785432875.692,17:34:35,baseline,4,94.0,7012,16126,43.5
1785432875.692,17:34:35,baseline,5,94.1,7205,16126,44.7
1785432875.692,17:34:35,baseline,6,94.5,7728,16126,47.9
1785432875.692,17:34:35,baseline,7,93.7,7158,16126,44.4
1785432876.692,17:34:36,baseline,0,82.5,7127,16126,44.2
1785432876.692,17:34:36,baseline,1,94.0,7084,16126,43.9
1785432876.692,17:34:36,baseline,2,93.6,7102,16126,44.0
1785432876.692,17:34:36,baseline,3,93.6,7193,16126,44.6
1785432876.692,17:34:36,baseline,4,94.0,7012,16126,43.5
1785432876.692,17:34:36,baseline,5,94.1,7205,16126,44.7
1785432876.692,17:34:36,baseline,6,94.5,7728,16126,47.9
1785432876.692,17:34:36,baseline,7,93.7,7158,16126,44.4
1785432877.692,17:34:37,baseline,0,94.4,8278,16126,51.3
1785432877.692,17:34:37,baseline,1,93.6,8334,16126,51.7
1785432877.692,17:34:37,baseline,2,90.3,7941,16126,49.2
1785432877.692,17:34:37,baseline,3,95.0,8214,16126,50.9
1785432877.692,17:34:37,baseline,4,88.3,8202,16126,50.9
1785432877.692,17:34:37,baseline,5,91.4,8076,16126,50.1
1785432877.692,17:34:37,baseline,6,95.0,8328,16126,51.6
1785432877.692,17:34:37,baseline,7,94.7,8226,16126,51.0
1785432878.692,17:34:38,baseline,0,94.4,8278,16126,51.3
1785432878.692,17:34:38,baseline,1,93.6,8334,16126,51.7
1785432878.692,17:34:38,baseline,2,90.3,7941,16126,49.2
1785432878.692,17:34:38,baseline,3,95.0,8214,16126,50.9
1785432878.692,17:34:38,baseline,4,88.3,8202,16126,50.9
1785432878.692,17:34:38,baseline,5,91.4,8076,16126,50.1
1785432878.692,17:34:38,baseline,6,95.0,8328,16126,51.6
1785432878.692,17:34:38,baseline,7,94.7,8226,16126,51.0
1785432879.692,17:34:39,baseline,0,94.4,8278,16126,51.3
1785432879.692,17:34:39,baseline,1,93.6,8334,16126,51.7
1785432879.692,17:34:39,baseline,2,90.3,7941,16126,49.2
1785432879.692,17:34:39,baseline,3,95.0,8214,16126,50.9
1785432879.692,17:34:39,baseline,4,88.3,8202,16126,50.9
1785432879.692,17:34:39,baseline,5,91.4,8076,16126,50.1
1785432879.692,17:34:39,baseline,6,95.0,8328,16126,51.6
1785432879.692,17:34:39,baseline,7,94.7,8226,16126,51.0
1785432880.693,17:34:40,baseline,0,94.4,8278,16126,51.3
1785432880.693,17:34:40,baseline,1,93.6,8334,16126,51.7
1785432880.693,17:34:40,baseline,2,90.3,7941,16126,49.2
1785432880.693,17:34:40,baseline,3,95.0,8214,16126,50.9
1785432880.693,17:34:40,baseline,4,88.3,8202,16126,50.9
1785432880.693,17:34:40,baseline,5,91.4,8076,16126,50.1
1785432880.693,17:34:40,baseline,6,95.0,8328,16126,51.6
1785432880.693,17:34:40,baseline,7,94.7,8226,16126,51.0
1785432881.693,17:34:41,baseline,0,94.4,8278,16126,51.3
1785432881.693,17:34:41,baseline,1,93.6,8334,16126,51.7
1785432881.693,17:34:41,baseline,2,90.3,7941,16126,49.2
1785432881.693,17:34:41,baseline,3,95.0,8214,16126,50.9
1785432881.693,17:34:41,baseline,4,88.3,8202,16126,50.9
1785432881.693,17:34:41,baseline,5,91.4,8076,16126,50.1
1785432881.693,17:34:41,baseline,6,95.0,8328,16126,51.6
1785432881.693,17:34:41,baseline,7,94.7,8226,16126,51.0
1785432882.693,17:34:42,baseline,0,92.8,5865,16126,36.4
1785432882.693,17:34:42,baseline,1,95.5,5929,16126,36.8
1785432882.693,17:34:42,baseline,2,96.5,6037,16126,37.4
1785432882.693,17:34:42,baseline,3,95.9,5897,16126,36.6
1785432882.693,17:34:42,baseline,4,96.8,5798,16126,36.0
1785432882.693,17:34:42,baseline,5,93.0,5986,16126,37.1
1785432882.693,17:34:42,baseline,6,95.1,5918,16126,36.7
1785432882.693,17:34:42,baseline,7,95.6,5980,16126,37.1
1785432883.693,17:34:43,baseline,0,92.8,5865,16126,36.4
1785432883.693,17:34:43,baseline,1,95.5,5929,16126,36.8
1785432883.693,17:34:43,baseline,2,96.5,6037,16126,37.4
1785432883.693,17:34:43,baseline,3,95.9,5897,16126,36.6
1785432883.693,17:34:43,baseline,4,96.8,5798,16126,36.0
1785432883.693,17:34:43,baseline,5,93.0,5986,16126,37.1
1785432883.693,17:34:43,baseline,6,95.1,5918,16126,36.7
1785432883.693,17:34:43,baseline,7,95.6,5980,16126,37.1
1785432884.693,17:34:44,baseline,0,92.8,5865,16126,36.4
1785432884.693,17:34:44,baseline,1,95.5,5929,16126,36.8
1785432884.693,17:34:44,baseline,2,96.5,6037,16126,37.4
1785432884.693,17:34:44,baseline,3,95.9,5897,16126,36.6
1785432884.693,17:34:44,baseline,4,96.8,5798,16126,36.0
1785432884.693,17:34:44,baseline,5,93.0,5986,16126,37.1
1785432884.693,17:34:44,baseline,6,95.1,5918,16126,36.7
1785432884.693,17:34:44,baseline,7,95.6,5980,16126,37.1
1785432885.693,17:34:45,baseline,0,92.8,5865,16126,36.4
1785432885.693,17:34:45,baseline,1,95.5,5929,16126,36.8
1785432885.693,17:34:45,baseline,2,96.5,6037,16126,37.4
1785432885.693,17:34:45,baseline,3,95.9,5897,16126,36.6
1785432885.693,17:34:45,baseline,4,96.8,5798,16126,36.0
1785432885.693,17:34:45,baseline,5,93.0,5986,16126,37.1
1785432885.693,17:34:45,baseline,6,95.1,5918,16126,36.7
1785432885.693,17:34:45,baseline,7,95.6,5980,16126,37.1
1785432886.693,17:34:46,baseline,0,92.8,5865,16126,36.4
1785432886.693,17:34:46,baseline,1,95.5,5929,16126,36.8
1785432886.693,17:34:46,baseline,2,96.5,6037,16126,37.4
1785432886.693,17:34:46,baseline,3,95.9,5897,16126,36.6
1785432886.693,17:34:46,baseline,4,96.8,5798,16126,36.0
1785432886.693,17:34:46,baseline,5,93.0,5986,16126,37.1
1785432886.693,17:34:46,baseline,6,95.1,5918,16126,36.7
1785432886.693,17:34:46,baseline,7,95.6,5980,16126,37.1
1785432887.693,17:34:47,baseline,0,93.3,6651,16126,41.2
1785432887.693,17:34:47,baseline,1,94.4,6754,16126,41.9
1785432887.693,17:34:47,baseline,2,94.0,6699,16126,41.5
1785432887.693,17:34:47,baseline,3,95.0,6435,16126,39.9
1785432887.693,17:34:47,baseline,4,95.3,6778,16126,42.0
1785432887.693,17:34:47,baseline,5,88.7,6531,16126,40.5
1785432887.693,17:34:47,baseline,6,94.8,6693,16126,41.5
1785432887.693,17:34:47,baseline,7,94.2,6773,16126,42.0
1785432888.693,17:34:48,baseline,0,93.3,6651,16126,41.2
1785432888.693,17:34:48,baseline,1,94.4,6754,16126,41.9
1785432888.693,17:34:48,baseline,2,94.0,6699,16126,41.5
1785432888.693,17:34:48,baseline,3,95.0,6435,16126,39.9
1785432888.693,17:34:48,baseline,4,95.3,6778,16126,42.0
1785432888.693,17:34:48,baseline,5,88.7,6531,16126,40.5
1785432888.693,17:34:48,baseline,6,94.8,6693,16126,41.5
1785432888.693,17:34:48,baseline,7,94.2,6773,16126,42.0
1785432889.694,17:34:49,baseline,0,93.3,6651,16126,41.2
1785432889.694,17:34:49,baseline,1,94.4,6754,16126,41.9
1785432889.694,17:34:49,baseline,2,94.0,6699,16126,41.5
1785432889.694,17:34:49,baseline,3,95.0,6435,16126,39.9
1785432889.694,17:34:49,baseline,4,95.3,6778,16126,42.0
1785432889.694,17:34:49,baseline,5,88.7,6531,16126,40.5
1785432889.694,17:34:49,baseline,6,94.8,6693,16126,41.5
1785432889.694,17:34:49,baseline,7,94.2,6773,16126,42.0
1785432890.694,17:34:50,baseline,0,93.3,6651,16126,41.2
1785432890.694,17:34:50,baseline,1,94.4,6754,16126,41.9
1785432890.694,17:34:50,baseline,2,94.0,6699,16126,41.5
1785432890.694,17:34:50,baseline,3,95.0,6435,16126,39.9
1785432890.694,17:34:50,baseline,4,95.3,6778,16126,42.0
1785432890.694,17:34:50,baseline,5,88.7,6531,16126,40.5
1785432890.694,17:34:50,baseline,6,94.8,6693,16126,41.5
1785432890.694,17:34:50,baseline,7,94.2,6773,16126,42.0
1785432891.694,17:34:51,baseline,0,93.3,6651,16126,41.2
1785432891.694,17:34:51,baseline,1,94.4,6754,16126,41.9
1785432891.694,17:34:51,baseline,2,94.0,6699,16126,41.5
1785432891.694,17:34:51,baseline,3,95.0,6435,16126,39.9
1785432891.694,17:34:51,baseline,4,95.3,6778,16126,42.0
1785432891.694,17:34:51,baseline,5,88.7,6531,16126,40.5
1785432891.694,17:34:51,baseline,6,94.8,6693,16126,41.5
1785432891.694,17:34:51,baseline,7,94.2,6773,16126,42.0
1785432892.694,17:34:52,baseline,0,94.8,7434,16126,46.1
1785432892.694,17:34:52,baseline,1,94.3,7446,16126,46.2
1785432892.694,17:34:52,baseline,2,91.3,7031,16126,43.6
1785432892.694,17:34:52,baseline,3,94.2,7204,16126,44.7
1785432892.694,17:34:52,baseline,4,94.7,7563,16126,46.9
1785432892.694,17:34:52,baseline,5,93.6,7143,16126,44.3
1785432892.694,17:34:52,baseline,6,91.1,7506,16126,46.5
1785432892.694,17:34:52,baseline,7,94.4,7187,16126,44.6
1785432893.694,17:34:53,baseline,0,94.8,7434,16126,46.1
1785432893.694,17:34:53,baseline,1,94.3,7446,16126,46.2
1785432893.694,17:34:53,baseline,2,91.3,7031,16126,43.6
1785432893.694,17:34:53,baseline,3,94.2,7204,16126,44.7
1785432893.694,17:34:53,baseline,4,94.7,7563,16126,46.9
1785432893.694,17:34:53,baseline,5,93.6,7143,16126,44.3
1785432893.694,17:34:53,baseline,6,91.1,7506,16126,46.5
1785432893.694,17:34:53,baseline,7,94.4,7187,16126,44.6
1785432894.694,17:34:54,baseline,0,94.8,7434,16126,46.1
1785432894.694,17:34:54,baseline,1,94.3,7446,16126,46.2
1785432894.694,17:34:54,baseline,2,91.3,7031,16126,43.6
1785432894.694,17:34:54,baseline,3,94.2,7204,16126,44.7
1785432894.694,17:34:54,baseline,4,94.7,7563,16126,46.9
1785432894.694,17:34:54,baseline,5,93.6,7143,16126,44.3
1785432894.694,17:34:54,baseline,6,91.1,7506,16126,46.5
1785432894.694,17:34:54,baseline,7,94.4,7187,16126,44.6
1785432895.694,17:34:55,baseline,0,94.8,7434,16126,46.1
1785432895.694,17:34:55,baseline,1,94.3,7446,16126,46.2
1785432895.694,17:34:55,baseline,2,91.3,7031,16126,43.6
1785432895.694,17:34:55,baseline,3,94.2,7204,16126,44.7
1785432895.694,17:34:55,baseline,4,94.7,7563,16126,46.9
1785432895.694,17:34:55,baseline,5,93.6,7143,16126,44.3
1785432895.694,17:34:55,baseline,6,91.1,7506,16126,46.5
1785432895.694,17:34:55,baseline,7,94.4,7187,16126,44.6
1785432896.694,17:34:56,baseline,0,94.8,7434,16126,46.1
1785432896.694,17:34:56,baseline,1,94.3,7446,16126,46.2
1785432896.694,17:34:56,baseline,2,91.3,7031,16126,43.6
1785432896.694,17:34:56,baseline,3,94.2,7204,16126,44.7
1785432896.694,17:34:56,baseline,4,94.7,7563,16126,46.9
1785432896.694,17:34:56,baseline,5,93.6,7143,16126,44.3
1785432896.694,17:34:56,baseline,6,91.1,7506,16126,46.5
1785432896.694,17:34:56,baseline,7,94.4,7187,16126,44.6
1785432897.694,17:34:57,baseline,0,95.3,7672,16126,47.6
1785432897.694,17:34:57,baseline,1,95.2,7374,16126,45.7
1785432897.694,17:34:57,baseline,2,90.5,7654,16126,47.5
1785432897.694,17:34:57,baseline,3,95.6,7528,16126,46.7
1785432897.694,17:34:57,baseline,4,96.0,7452,16126,46.2
1785432897.694,17:34:57,baseline,5,94.5,7344,16126,45.5
1785432897.694,17:34:57,baseline,6,93.3,7350,16126,45.6
1785432897.694,17:34:57,baseline,7,94.8,7655,16126,47.5
1785432898.695,17:34:58,baseline,0,95.3,7672,16126,47.6
1785432898.695,17:34:58,baseline,1,95.2,7374,16126,45.7
1785432898.695,17:34:58,baseline,2,90.5,7654,16126,47.5
1785432898.695,17:34:58,baseline,3,95.6,7528,16126,46.7
1785432898.695,17:34:58,baseline,4,96.0,7452,16126,46.2
1785432898.695,17:34:58,baseline,5,94.5,7344,16126,45.5
1785432898.695,17:34:58,baseline,6,93.3,7350,16126,45.6
1785432898.695,17:34:58,baseline,7,94.8,7655,16126,47.5
1785432899.695,17:34:59,baseline,0,95.3,7672,16126,47.6
1785432899.695,17:34:59,baseline,1,95.2,7374,16126,45.7
1785432899.695,17:34:59,baseline,2,90.5,7654,16126,47.5
1785432899.695,17:34:59,baseline,3,95.6,7528,16126,46.7
1785432899.695,17:34:59,baseline,4,96.0,7452,16126,46.2
1785432899.695,17:34:59,baseline,5,94.5,7344,16126,45.5
1785432899.695,17:34:59,baseline,6,93.3,7350,16126,45.6
1785432899.695,17:34:59,baseline,7,94.8,7655,16126,47.5
1785432900.695,17:35:00,baseline,0,95.3,7672,16126,47.6
1785432900.695,17:35:00,baseline,1,95.2,7374,16126,45.7
1785432900.695,17:35:00,baseline,2,90.5,7654,16126,47.5
1785432900.695,17:35:00,baseline,3,95.6,7528,16126,46.7
1785432900.695,17:35:00,baseline,4,96.0,7452,16126,46.2
1785432900.695,17:35:00,baseline,5,94.5,7344,16126,45.5
1785432900.695,17:35:00,baseline,6,93.3,7350,16126,45.6
1785432900.695,17:35:00,baseline,7,94.8,7655,16126,47.5
1785432901.695,17:35:01,baseline,0,95.3,7672,16126,47.6
1785432901.695,17:35:01,baseline,1,95.2,7374,16126,45.7
1785432901.695,17:35:01,baseline,2,90.5,7654,16126,47.5
1785432901.695,17:35:01,baseline,3,95.6,7528,16126,46.7
1785432901.695,17:35:01,baseline,4,96.0,7452,16126,46.2
1785432901.695,17:35:01,baseline,5,94.5,7344,16126,45.5
1785432901.695,17:35:01,baseline,6,93.3,7350,16126,45.6
1785432901.695,17:35:01,baseline,7,94.8,7655,16126,47.5
1785432902.695,17:35:02,baseline,0,93.4,7885,16126,48.9
1785432902.695,17:35:02,baseline,1,93.9,11222,16126,69.6
1785432902.695,17:35:02,baseline,2,93.4,9639,16126,59.8
1785432902.695,17:35:02,baseline,3,95.1,12973,16126,80.4
1785432902.695,17:35:02,baseline,4,93.1,11216,16126,69.6
1785432902.695,17:35:02,baseline,5,87.0,9639,16126,59.8
1785432902.695,17:35:02,baseline,6,93.7,8071,16126,50.0
1785432902.695,17:35:02,baseline,7,93.5,12974,16126,80.5
1785432903.695,17:35:03,baseline,0,93.4,7885,16126,48.9
1785432903.695,17:35:03,baseline,1,93.9,11222,16126,69.6
1785432903.695,17:35:03,baseline,2,93.4,9639,16126,59.8
1785432903.695,17:35:03,baseline,3,95.1,12973,16126,80.4
1785432903.695,17:35:03,baseline,4,93.1,11216,16126,69.6
1785432903.695,17:35:03,baseline,5,87.0,9639,16126,59.8
1785432903.695,17:35:03,baseline,6,93.7,8071,16126,50.0
1785432903.695,17:35:03,baseline,7,93.5,12974,16126,80.5
1785432904.695,17:35:04,baseline,0,93.4,7885,16126,48.9
1785432904.695,17:35:04,baseline,1,93.9,11222,16126,69.6
1785432904.695,17:35:04,baseline,2,93.4,9639,16126,59.8
1785432904.695,17:35:04,baseline,3,95.1,12973,16126,80.4
1785432904.695,17:35:04,baseline,4,93.1,11216,16126,69.6
1785432904.695,17:35:04,baseline,5,87.0,9639,16126,59.8
1785432904.695,17:35:04,baseline,6,93.7,8071,16126,50.0
1785432904.695,17:35:04,baseline,7,93.5,12974,16126,80.5
1785432905.696,17:35:05,baseline,0,93.4,7885,16126,48.9
1785432905.696,17:35:05,baseline,1,93.9,11222,16126,69.6
1785432905.696,17:35:05,baseline,2,93.4,9639,16126,59.8
1785432905.696,17:35:05,baseline,3,95.1,12973,16126,80.4
1785432905.696,17:35:05,baseline,4,93.1,11216,16126,69.6
1785432905.696,17:35:05,baseline,5,87.0,9639,16126,59.8
1785432905.696,17:35:05,baseline,6,93.7,8071,16126,50.0
1785432905.696,17:35:05,baseline,7,93.5,12974,16126,80.5
1785432906.696,17:35:06,baseline,0,93.4,7885,16126,48.9
1785432906.696,17:35:06,baseline,1,93.9,11222,16126,69.6
1785432906.696,17:35:06,baseline,2,93.4,9639,16126,59.8
1785432906.696,17:35:06,baseline,3,95.1,12973,16126,80.4
1785432906.696,17:35:06,baseline,4,93.1,11216,16126,69.6
1785432906.696,17:35:06,baseline,5,87.0,9639,16126,59.8
1785432906.696,17:35:06,baseline,6,93.7,8071,16126,50.0
1785432906.696,17:35:06,baseline,7,93.5,12974,16126,80.5
1785432907.696,17:35:07,baseline,0,92.9,7367,16126,45.7
1785432907.696,17:35:07,baseline,1,94.8,7486,16126,46.4
1785432907.696,17:35:07,baseline,2,95.8,7446,16126,46.2
1785432907.696,17:35:07,baseline,3,90.9,7781,16126,48.3
1785432907.696,17:35:07,baseline,4,95.6,7496,16126,46.5
1785432907.696,17:35:07,baseline,5,86.8,7678,16126,47.6
1785432907.696,17:35:07,baseline,6,92.3,7480,16126,46.4
1785432907.696,17:35:07,baseline,7,95.4,7467,16126,46.3
1785432908.696,17:35:08,baseline,0,92.9,7367,16126,45.7
1785432908.696,17:35:08,baseline,1,94.8,7486,16126,46.4
1785432908.696,17:35:08,baseline,2,95.8,7446,16126,46.2
1785432908.696,17:35:08,baseline,3,90.9,7781,16126,48.3
1785432908.696,17:35:08,baseline,4,95.6,7496,16126,46.5
1785432908.696,17:35:08,baseline,5,86.8,7678,16126,47.6
1785432908.696,17:35:08,baseline,6,92.3,7480,16126,46.4
1785432908.696,17:35:08,baseline,7,95.4,7467,16126,46.3
1785432909.696,17:35:09,baseline,0,92.9,7367,16126,45.7
1785432909.696,17:35:09,baseline,1,94.8,7486,16126,46.4
1785432909.696,17:35:09,baseline,2,95.8,7446,16126,46.2
1785432909.696,17:35:09,baseline,3,90.9,7781,16126,48.3
1785432909.696,17:35:09,baseline,4,95.6,7496,16126,46.5
1785432909.696,17:35:09,baseline,5,86.8,7678,16126,47.6
1785432909.696,17:35:09,baseline,6,92.3,7480,16126,46.4
1785432909.696,17:35:09,baseline,7,95.4,7467,16126,46.3
1785432910.696,17:35:10,baseline,0,92.9,7367,16126,45.7
1785432910.696,17:35:10,baseline,1,94.8,7486,16126,46.4
1785432910.696,17:35:10,baseline,2,95.8,7446,16126,46.2
1785432910.696,17:35:10,baseline,3,90.9,7781,16126,48.3
1785432910.696,17:35:10,baseline,4,95.6,7496,16126,46.5
1785432910.696,17:35:10,baseline,5,86.8,7678,16126,47.6
1785432910.696,17:35:10,baseline,6,92.3,7480,16126,46.4
1785432910.696,17:35:10,baseline,7,95.4,7467,16126,46.3
1785432911.696,17:35:11,baseline,0,92.9,7367,16126,45.7
1785432911.696,17:35:11,baseline,1,94.8,7486,16126,46.4
1785432911.696,17:35:11,baseline,2,95.8,7446,16126,46.2
1785432911.696,17:35:11,baseline,3,90.9,7781,16126,48.3
1785432911.696,17:35:11,baseline,4,95.6,7496,16126,46.5
1785432911.696,17:35:11,baseline,5,86.8,7678,16126,47.6
1785432911.696,17:35:11,baseline,6,92.3,7480,16126,46.4
1785432911.696,17:35:11,baseline,7,95.4,7467,16126,46.3
1785432912.696,17:35:12,baseline,0,95.5,7492,16126,46.5
1785432912.696,17:35:12,baseline,1,90.2,7416,16126,46.0
1785432912.696,17:35:12,baseline,2,95.3,7582,16126,47.0
1785432912.696,17:35:12,baseline,3,94.9,7606,16126,47.2
1785432912.696,17:35:12,baseline,4,95.1,7648,16126,47.4
1785432912.696,17:35:12,baseline,5,93.3,7692,16126,47.7
1785432912.696,17:35:12,baseline,6,95.7,7552,16126,46.8
1785432912.696,17:35:12,baseline,7,96.0,7574,16126,47.0
1785432913.696,17:35:13,baseline,0,95.5,7492,16126,46.5
1785432913.696,17:35:13,baseline,1,90.2,7416,16126,46.0
1785432913.696,17:35:13,baseline,2,95.3,7582,16126,47.0
1785432913.696,17:35:13,baseline,3,94.9,7606,16126,47.2
1785432913.696,17:35:13,baseline,4,95.1,7648,16126,47.4
1785432913.696,17:35:13,baseline,5,93.3,7692,16126,47.7
1785432913.696,17:35:13,baseline,6,95.7,7552,16126,46.8
1785432913.696,17:35:13,baseline,7,96.0,7574,16126,47.0
1785432914.697,17:35:14,baseline,0,95.5,7492,16126,46.5
1785432914.697,17:35:14,baseline,1,90.2,7416,16126,46.0
1785432914.697,17:35:14,baseline,2,95.3,7582,16126,47.0
1785432914.697,17:35:14,baseline,3,94.9,7606,16126,47.2
1785432914.697,17:35:14,baseline,4,95.1,7648,16126,47.4
1785432914.697,17:35:14,baseline,5,93.3,7692,16126,47.7
1785432914.697,17:35:14,baseline,6,95.7,7552,16126,46.8
1785432914.697,17:35:14,baseline,7,96.0,7574,16126,47.0
1785432915.697,17:35:15,baseline,0,95.5,7492,16126,46.5
1785432915.697,17:35:15,baseline,1,90.2,7416,16126,46.0
1785432915.697,17:35:15,baseline,2,95.3,7582,16126,47.0
1785432915.697,17:35:15,baseline,3,94.9,7606,16126,47.2
1785432915.697,17:35:15,baseline,4,95.1,7648,16126,47.4
1785432915.697,17:35:15,baseline,5,93.3,7692,16126,47.7
1785432915.697,17:35:15,baseline,6,95.7,7552,16126,46.8
1785432915.697,17:35:15,baseline,7,96.0,7574,16126,47.0
1785432916.697,17:35:16,baseline,0,95.5,7492,16126,46.5
1785432916.697,17:35:16,baseline,1,90.2,7416,16126,46.0
1785432916.697,17:35:16,baseline,2,95.3,7582,16126,47.0
1785432916.697,17:35:16,baseline,3,94.9,7606,16126,47.2
1785432916.697,17:35:16,baseline,4,95.1,7648,16126,47.4
1785432916.697,17:35:16,baseline,5,93.3,7692,16126,47.7
1785432916.697,17:35:16,baseline,6,95.7,7552,16126,46.8
1785432916.697,17:35:16,baseline,7,96.0,7574,16126,47.0
1785432917.697,17:35:17,baseline,0,89.9,8792,16126,54.5
1785432917.697,17:35:17,baseline,1,92.0,8814,16126,54.7
1785432917.697,17:35:17,baseline,2,92.3,8826,16126,54.7
1785432917.697,17:35:17,baseline,3,93.4,11216,16126,69.6
1785432917.697,17:35:17,baseline,4,92.4,8808,16126,54.6
1785432917.697,17:35:17,baseline,5,93.0,8802,16126,54.6
1785432917.697,17:35:17,baseline,6,93.4,8131,16126,50.4
1785432917.697,17:35:17,baseline,7,94.1,8809,16126,54.6
1785432918.697,17:35:18,baseline,0,89.9,8792,16126,54.5
1785432918.697,17:35:18,baseline,1,92.0,8814,16126,54.7
1785432918.697,17:35:18,baseline,2,92.3,8826,16126,54.7
1785432918.697,17:35:18,baseline,3,93.4,11216,16126,69.6
1785432918.697,17:35:18,baseline,4,92.4,8808,16126,54.6
1785432918.697,17:35:18,baseline,5,93.0,8802,16126,54.6
1785432918.697,17:35:18,baseline,6,93.4,8131,16126,50.4
1785432918.697,17:35:18,baseline,7,94.1,8809,16126,54.6
1785432919.697,17:35:19,baseline,0,89.9,8792,16126,54.5
1785432919.697,17:35:19,baseline,1,92.0,8814,16126,54.7
1785432919.697,17:35:19,baseline,2,92.3,8826,16126,54.7
1785432919.697,17:35:19,baseline,3,93.4,11216,16126,69.6
1785432919.697,17:35:19,baseline,4,92.4,8808,16126,54.6
1785432919.697,17:35:19,baseline,5,93.0,8802,16126,54.6
1785432919.697,17:35:19,baseline,6,93.4,8131,16126,50.4
1785432919.697,17:35:19,baseline,7,94.1,8809,16126,54.6
1785432920.697,17:35:20,baseline,0,89.9,8792,16126,54.5
1785432920.697,17:35:20,baseline,1,92.0,8814,16126,54.7
1785432920.697,17:35:20,baseline,2,92.3,8826,16126,54.7
1785432920.697,17:35:20,baseline,3,93.4,11216,16126,69.6
1785432920.697,17:35:20,baseline,4,92.4,8808,16126,54.6
1785432920.697,17:35:20,baseline,5,93.0,8802,16126,54.6
1785432920.697,17:35:20,baseline,6,93.4,8131,16126,50.4
1785432920.697,17:35:20,baseline,7,94.1,8809,16126,54.6
1785432921.697,17:35:21,baseline,0,89.9,8792,16126,54.5
1785432921.697,17:35:21,baseline,1,92.0,8814,16126,54.7
1785432921.697,17:35:21,baseline,2,92.3,8826,16126,54.7
1785432921.697,17:35:21,baseline,3,93.4,11216,16126,69.6
1785432921.697,17:35:21,baseline,4,92.4,8808,16126,54.6
1785432921.697,17:35:21,baseline,5,93.0,8802,16126,54.6
1785432921.697,17:35:21,baseline,6,93.4,8131,16126,50.4
1785432921.697,17:35:21,baseline,7,94.1,8809,16126,54.6
1785432922.698,17:35:22,baseline,0,95.8,9892,16126,61.3
1785432922.698,17:35:22,baseline,1,95.0,10774,16126,66.8
1785432922.698,17:35:22,baseline,2,95.2,9890,16126,61.3
1785432922.698,17:35:22,baseline,3,91.7,10774,16126,66.8
1785432922.698,17:35:22,baseline,4,96.2,10774,16126,66.8
1785432922.698,17:35:22,baseline,5,95.9,9892,16126,61.3
1785432922.698,17:35:22,baseline,6,89.8,10774,16126,66.8
1785432922.698,17:35:22,baseline,7,96.4,9893,16126,61.3
1785432923.698,17:35:23,baseline,0,95.8,9892,16126,61.3
1785432923.698,17:35:23,baseline,1,95.0,10774,16126,66.8
1785432923.698,17:35:23,baseline,2,95.2,9890,16126,61.3
1785432923.698,17:35:23,baseline,3,91.7,10774,16126,66.8
1785432923.698,17:35:23,baseline,4,96.2,10774,16126,66.8
1785432923.698,17:35:23,baseline,5,95.9,9892,16126,61.3
1785432923.698,17:35:23,baseline,6,89.8,10774,16126,66.8
1785432923.698,17:35:23,baseline,7,96.4,9893,16126,61.3
1785432924.698,17:35:24,baseline,0,95.8,9892,16126,61.3
1785432924.698,17:35:24,baseline,1,95.0,10774,16126,66.8
1785432924.698,17:35:24,baseline,2,95.2,9890,16126,61.3
1785432924.698,17:35:24,baseline,3,91.7,10774,16126,66.8
1785432924.698,17:35:24,baseline,4,96.2,10774,16126,66.8
1785432924.698,17:35:24,baseline,5,95.9,9892,16126,61.3
1785432924.698,17:35:24,baseline,6,89.8,10774,16126,66.8
1785432924.698,17:35:24,baseline,7,96.4,9893,16126,61.3
1785432925.698,17:35:25,baseline,0,95.8,9892,16126,61.3
1785432925.698,17:35:25,baseline,1,95.0,10774,16126,66.8
1785432925.698,17:35:25,baseline,2,95.2,9890,16126,61.3
1785432925.698,17:35:25,baseline,3,91.7,10774,16126,66.8
1785432925.698,17:35:25,baseline,4,96.2,10774,16126,66.8
1785432925.698,17:35:25,baseline,5,95.9,9892,16126,61.3
1785432925.698,17:35:25,baseline,6,89.8,10774,16126,66.8
1785432925.698,17:35:25,baseline,7,96.4,9893,16126,61.3
1785432926.698,17:35:26,baseline,0,95.8,9892,16126,61.3
1785432926.698,17:35:26,baseline,1,95.0,10774,16126,66.8
1785432926.698,17:35:26,baseline,2,95.2,9890,16126,61.3
1785432926.698,17:35:26,baseline,3,91.7,10774,16126,66.8
1785432926.698,17:35:26,baseline,4,96.2,10774,16126,66.8
1785432926.698,17:35:26,baseline,5,95.9,9892,16126,61.3
1785432926.698,17:35:26,baseline,6,89.8,10774,16126,66.8
1785432926.698,17:35:26,baseline,7,96.4,9893,16126,61.3
1785432927.698,17:35:27,baseline,0,96.4,8263,16126,51.2
1785432927.698,17:35:27,baseline,1,95.8,8225,16126,51.0
1785432927.698,17:35:27,baseline,2,95.6,8225,16126,51.0
1785432927.698,17:35:27,baseline,3,89.4,8111,16126,50.3
1785432927.698,17:35:27,baseline,4,95.3,8225,16126,51.0
1785432927.698,17:35:27,baseline,5,94.1,8183,16126,50.7
1785432927.698,17:35:27,baseline,6,96.7,8201,16126,50.9
1785432927.698,17:35:27,baseline,7,92.5,7980,16126,49.5
1785432928.698,17:35:28,baseline,0,96.4,8263,16126,51.2
1785432928.698,17:35:28,baseline,1,95.8,8225,16126,51.0
1785432928.698,17:35:28,baseline,2,95.6,8225,16126,51.0
1785432928.698,17:35:28,baseline,3,89.4,8111,16126,50.3
1785432928.698,17:35:28,baseline,4,95.3,8225,16126,51.0
1785432928.698,17:35:28,baseline,5,94.1,8183,16126,50.7
1785432928.698,17:35:28,baseline,6,96.7,8201,16126,50.9
1785432928.698,17:35:28,baseline,7,92.5,7980,16126,49.5
1785432929.698,17:35:29,baseline,0,96.4,8263,16126,51.2
1785432929.698,17:35:29,baseline,1,95.8,8225,16126,51.0
1785432929.698,17:35:29,baseline,2,95.6,8225,16126,51.0
1785432929.698,17:35:29,baseline,3,89.4,8111,16126,50.3
1785432929.698,17:35:29,baseline,4,95.3,8225,16126,51.0
1785432929.698,17:35:29,baseline,5,94.1,8183,16126,50.7
1785432929.698,17:35:29,baseline,6,96.7,8201,16126,50.9
1785432929.698,17:35:29,baseline,7,92.5,7980,16126,49.5
1785432930.699,17:35:30,baseline,0,96.4,8263,16126,51.2
1785432930.699,17:35:30,baseline,1,95.8,8225,16126,51.0
1785432930.699,17:35:30,baseline,2,95.6,8225,16126,51.0
1785432930.699,17:35:30,baseline,3,89.4,8111,16126,50.3
1785432930.699,17:35:30,baseline,4,95.3,8225,16126,51.0
1785432930.699,17:35:30,baseline,5,94.1,8183,16126,50.7
1785432930.699,17:35:30,baseline,6,96.7,8201,16126,50.9
1785432930.699,17:35:30,baseline,7,92.5,7980,16126,49.5
1785432931.699,17:35:31,baseline,0,96.4,8263,16126,51.2
1785432931.699,17:35:31,baseline,1,95.8,8225,16126,51.0
1785432931.699,17:35:31,baseline,2,95.6,8225,16126,51.0
1785432931.699,17:35:31,baseline,3,89.4,8111,16126,50.3
1785432931.699,17:35:31,baseline,4,95.3,8225,16126,51.0
1785432931.699,17:35:31,baseline,5,94.1,8183,16126,50.7
1785432931.699,17:35:31,baseline,6,96.7,8201,16126,50.9
1785432931.699,17:35:31,baseline,7,92.5,7980,16126,49.5
1785432932.699,17:35:32,baseline,0,94.0,6448,16126,40.0
1785432932.699,17:35:32,baseline,1,95.6,6224,16126,38.6
1785432932.699,17:35:32,baseline,2,95.0,6467,16126,40.1
1785432932.699,17:35:32,baseline,3,94.0,6539,16126,40.5
1785432932.699,17:35:32,baseline,4,94.2,6514,16126,40.4
1785432932.699,17:35:32,baseline,5,93.5,6478,16126,40.2
1785432932.699,17:35:32,baseline,6,95.2,6405,16126,39.7
1785432932.699,17:35:32,baseline,7,88.0,6123,16126,38.0
1785432933.699,17:35:33,baseline,0,94.0,6448,16126,40.0
1785432933.699,17:35:33,baseline,1,95.6,6224,16126,38.6
1785432933.699,17:35:33,baseline,2,95.0,6467,16126,40.1
1785432933.699,17:35:33,baseline,3,94.0,6539,16126,40.5
1785432933.699,17:35:33,baseline,4,94.2,6514,16126,40.4
1785432933.699,17:35:33,baseline,5,93.5,6478,16126,40.2
1785432933.699,17:35:33,baseline,6,95.2,6405,16126,39.7
1785432933.699,17:35:33,baseline,7,88.0,6123,16126,38.0
1785432934.699,17:35:34,baseline,0,94.0,6448,16126,40.0
1785432934.699,17:35:34,baseline,1,95.6,6224,16126,38.6
1785432934.699,17:35:34,baseline,2,95.0,6467,16126,40.1
1785432934.699,17:35:34,baseline,3,94.0,6539,16126,40.5
1785432934.699,17:35:34,baseline,4,94.2,6514,16126,40.4
1785432934.699,17:35:34,baseline,5,93.5,6478,16126,40.2
1785432934.699,17:35:34,baseline,6,95.2,6405,16126,39.7
1785432934.699,17:35:34,baseline,7,88.0,6123,16126,38.0
1785432935.699,17:35:35,baseline,0,94.0,6448,16126,40.0
1785432935.699,17:35:35,baseline,1,95.6,6224,16126,38.6
1785432935.699,17:35:35,baseline,2,95.0,6467,16126,40.1
1785432935.699,17:35:35,baseline,3,94.0,6539,16126,40.5
1785432935.699,17:35:35,baseline,4,94.2,6514,16126,40.4
1785432935.699,17:35:35,baseline,5,93.5,6478,16126,40.2
1785432935.699,17:35:35,baseline,6,95.2,6405,16126,39.7
1785432935.699,17:35:35,baseline,7,88.0,6123,16126,38.0
1785432936.699,17:35:36,baseline,0,94.0,6448,16126,40.0
1785432936.699,17:35:36,baseline,1,95.6,6224,16126,38.6
1785432936.699,17:35:36,baseline,2,95.0,6467,16126,40.1
1785432936.699,17:35:36,baseline,3,94.0,6539,16126,40.5
1785432936.699,17:35:36,baseline,4,94.2,6514,16126,40.4
1785432936.699,17:35:36,baseline,5,93.5,6478,16126,40.2
1785432936.699,17:35:36,baseline,6,95.2,6405,16126,39.7
1785432936.699,17:35:36,baseline,7,88.0,6123,16126,38.0
1785432937.699,17:35:37,baseline,0,94.0,8195,16126,50.8
1785432937.699,17:35:37,baseline,1,90.3,8258,16126,51.2
1785432937.699,17:35:37,baseline,2,94.1,8282,16126,51.4
1785432937.699,17:35:37,baseline,3,93.8,8062,16126,50.0
1785432937.699,17:35:37,baseline,4,94.2,8126,16126,50.4
1785432937.699,17:35:37,baseline,5,89.0,8182,16126,50.7
1785432937.699,17:35:37,baseline,6,89.8,8210,16126,50.9
1785432937.699,17:35:37,baseline,7,94.7,8281,16126,51.4
1785432938.699,17:35:38,baseline,0,94.0,8195,16126,50.8
1785432938.699,17:35:38,baseline,1,90.3,8258,16126,51.2
1785432938.699,17:35:38,baseline,2,94.1,8282,16126,51.4
1785432938.699,17:35:38,baseline,3,93.8,8062,16126,50.0
1785432938.699,17:35:38,baseline,4,94.2,8126,16126,50.4
1785432938.699,17:35:38,baseline,5,89.0,8182,16126,50.7
1785432938.699,17:35:38,baseline,6,89.8,8210,16126,50.9
1785432938.699,17:35:38,baseline,7,94.7,8281,16126,51.4
1785432939.7,17:35:39,baseline,0,94.0,8195,16126,50.8
1785432939.7,17:35:39,baseline,1,90.3,8258,16126,51.2
1785432939.7,17:35:39,baseline,2,94.1,8282,16126,51.4
1785432939.7,17:35:39,baseline,3,93.8,8062,16126,50.0
1785432939.7,17:35:39,baseline,4,94.2,8126,16126,50.4
1785432939.7,17:35:39,baseline,5,89.0,8182,16126,50.7
1785432939.7,17:35:39,baseline,6,89.8,8210,16126,50.9
1785432939.7,17:35:39,baseline,7,94.7,8281,16126,51.4
1785432940.7,17:35:40,baseline,0,94.0,8195,16126,50.8
1785432940.7,17:35:40,baseline,1,90.3,8258,16126,51.2
1785432940.7,17:35:40,baseline,2,94.1,8282,16126,51.4
1785432940.7,17:35:40,baseline,3,93.8,8062,16126,50.0
1785432940.7,17:35:40,baseline,4,94.2,8126,16126,50.4
1785432940.7,17:35:40,baseline,5,89.0,8182,16126,50.7
1785432940.7,17:35:40,baseline,6,89.8,8210,16126,50.9
1785432940.7,17:35:40,baseline,7,94.7,8281,16126,51.4
1785432941.7,17:35:41,baseline,0,94.0,8195,16126,50.8
1785432941.7,17:35:41,baseline,1,90.3,8258,16126,51.2
1785432941.7,17:35:41,baseline,2,94.1,8282,16126,51.4
1785432941.7,17:35:41,baseline,3,93.8,8062,16126,50.0
1785432941.7,17:35:41,baseline,4,94.2,8126,16126,50.4
1785432941.7,17:35:41,baseline,5,89.0,8182,16126,50.7
1785432941.7,17:35:41,baseline,6,89.8,8210,16126,50.9
1785432941.7,17:35:41,baseline,7,94.7,8281,16126,51.4
1785432942.7,17:35:42,baseline,0,91.3,6208,16126,38.5
1785432942.7,17:35:42,baseline,1,94.0,6348,16126,39.4
1785432942.7,17:35:42,baseline,2,90.9,6218,16126,38.6
1785432942.7,17:35:42,baseline,3,90.4,6349,16126,39.4
1785432942.7,17:35:42,baseline,4,90.3,6299,16126,39.1
1785432942.7,17:35:42,baseline,5,87.3,6214,16126,38.5
1785432942.7,17:35:42,baseline,6,95.4,6348,16126,39.4
1785432942.7,17:35:42,baseline,7,91.3,6258,16126,38.8
1785432943.7,17:35:43,baseline,0,91.3,6208,16126,38.5
1785432943.7,17:35:43,baseline,1,94.0,6348,16126,39.4
1785432943.7,17:35:43,baseline,2,90.9,6218,16126,38.6
1785432943.7,17:35:43,baseline,3,90.4,6349,16126,39.4
1785432943.7,17:35:43,baseline,4,90.3,6299,16126,39.1
1785432943.7,17:35:43,baseline,5,87.3,6214,16126,38.5
1785432943.7,17:35:43,baseline,6,95.4,6348,16126,39.4
1785432943.7,17:35:43,baseline,7,91.3,6258,16126,38.8
1785432944.7,17:35:44,baseline,0,91.3,6208,16126,38.5
1785432944.7,17:35:44,baseline,1,94.0,6348,16126,39.4
1785432944.7,17:35:44,baseline,2,90.9,6218,16126,38.6
1785432944.7,17:35:44,baseline,3,90.4,6349,16126,39.4
1785432944.7,17:35:44,baseline,4,90.3,6299,16126,39.1
1785432944.7,17:35:44,baseline,5,87.3,6214,16126,38.5
1785432944.7,17:35:44,baseline,6,95.4,6348,16126,39.4
1785432944.7,17:35:44,baseline,7,91.3,6258,16126,38.8
1785432945.7,17:35:45,baseline,0,91.3,6208,16126,38.5
1785432945.7,17:35:45,baseline,1,94.0,6348,16126,39.4
1785432945.7,17:35:45,baseline,2,90.9,6218,16126,38.6
1785432945.7,17:35:45,baseline,3,90.4,6349,16126,39.4
1785432945.7,17:35:45,baseline,4,90.3,6299,16126,39.1
1785432945.7,17:35:45,baseline,5,87.3,6214,16126,38.5
1785432945.7,17:35:45,baseline,6,95.4,6348,16126,39.4
1785432945.7,17:35:45,baseline,7,91.3,6258,16126,38.8
1785432946.7,17:35:46,baseline,0,91.3,6208,16126,38.5
1785432946.7,17:35:46,baseline,1,94.0,6348,16126,39.4
1785432946.7,17:35:46,baseline,2,90.9,6218,16126,38.6
1785432946.7,17:35:46,baseline,3,90.4,6349,16126,39.4
1785432946.7,17:35:46,baseline,4,90.3,6299,16126,39.1
1785432946.7,17:35:46,baseline,5,87.3,6214,16126,38.5
1785432946.7,17:35:46,baseline,6,95.4,6348,16126,39.4
1785432946.7,17:35:46,baseline,7,91.3,6258,16126,38.8
1785432947.701,17:35:47,baseline,0,94.9,9520,16126,59.0
1785432947.701,17:35:47,baseline,1,94.9,9809,16126,60.8
1785432947.701,17:35:47,baseline,2,94.8,9809,16126,60.8
1785432947.701,17:35:47,baseline,3,93.4,9809,16126,60.8
1785432947.701,17:35:47,baseline,4,94.1,9809,16126,60.8
1785432947.701,17:35:47,baseline,5,86.6,8187,16126,50.8
1785432947.701,17:35:47,baseline,6,95.3,9809,16126,60.8
1785432947.701,17:35:47,baseline,7,94.8,9810,16126,60.8
1785432948.701,17:35:48,baseline,0,94.9,9520,16126,59.0
1785432948.701,17:35:48,baseline,1,94.9,9809,16126,60.8
1785432948.701,17:35:48,baseline,2,94.8,9809,16126,60.8
1785432948.701,17:35:48,baseline,3,93.4,9809,16126,60.8
1785432948.701,17:35:48,baseline,4,94.1,9809,16126,60.8
1785432948.701,17:35:48,baseline,5,86.6,8187,16126,50.8
1785432948.701,17:35:48,baseline,6,95.3,9809,16126,60.8
1785432948.701,17:35:48,baseline,7,94.8,9810,16126,60.8
1785432949.701,17:35:49,baseline,0,94.9,9520,16126,59.0
1785432949.701,17:35:49,baseline,1,94.9,9809,16126,60.8
1785432949.701,17:35:49,baseline,2,94.8,9809,16126,60.8
1785432949.701,17:35:49,baseline,3,93.4,9809,16126,60.8
1785432949.701,17:35:49,baseline,4,94.1,9809,16126,60.8
1785432949.701,17:35:49,baseline,5,86.6,8187,16126,50.8
1785432949.701,17:35:49,baseline,6,95.3,9809,16126,60.8
1785432949.701,17:35:49,baseline,7,94.8,9810,16126,60.8
1785432950.701,17:35:50,baseline,0,94.9,9520,16126,59.0
1785432950.701,17:35:50,baseline,1,94.9,9809,16126,60.8
1785432950.701,17:35:50,baseline,2,94.8,9809,16126,60.8
1785432950.701,17:35:50,baseline,3,93.4,9809,16126,60.8
1785432950.701,17:35:50,baseline,4,94.1,9809,16126,60.8
1785432950.701,17:35:50,baseline,5,86.6,8187,16126,50.8
1785432950.701,17:35:50,baseline,6,95.3,9809,16126,60.8
1785432950.701,17:35:50,baseline,7,94.8,9810,16126,60.8
1785432951.701,17:35:51,baseline,0,94.9,9520,16126,59.0
1785432951.701,17:35:51,baseline,1,94.9,9809,16126,60.8
1785432951.701,17:35:51,baseline,2,94.8,9809,16126,60.8
1785432951.701,17:35:51,baseline,3,93.4,9809,16126,60.8
1785432951.701,17:35:51,baseline,4,94.1,9809,16126,60.8
1785432951.701,17:35:51,baseline,5,86.6,8187,16126,50.8
1785432951.701,17:35:51,baseline,6,95.3,9809,16126,60.8
1785432951.701,17:35:51,baseline,7,94.8,9810,16126,60.8
1785432952.701,17:35:52,baseline,0,94.0,6522,16126,40.4
1785432952.701,17:35:52,baseline,1,94.2,6751,16126,41.9
1785432952.701,17:35:52,baseline,2,92.5,6831,16126,42.4
1785432952.701,17:35:52,baseline,3,94.8,6608,16126,41.0
1785432952.701,17:35:52,baseline,4,93.5,6584,16126,40.8
1785432952.701,17:35:52,baseline,5,86.1,6522,16126,40.4
1785432952.701,17:35:52,baseline,6,94.0,6420,16126,39.8
1785432952.701,17:35:52,baseline,7,92.6,6517,16126,40.4
1785432953.701,17:35:53,baseline,0,94.0,6522,16126,40.4
1785432953.701,17:35:53,baseline,1,94.2,6751,16126,41.9
1785432953.701,17:35:53,baseline,2,92.5,6831,16126,42.4
1785432953.701,17:35:53,baseline,3,94.8,6608,16126,41.0
1785432953.701,17:35:53,baseline,4,93.5,6584,16126,40.8
1785432953.701,17:35:53,baseline,5,86.1,6522,16126,40.4
1785432953.701,17:35:53,baseline,6,94.0,6420,16126,39.8
1785432953.701,17:35:53,baseline,7,92.6,6517,16126,40.4
1785432954.701,17:35:54,baseline,0,94.0,6522,16126,40.4
1785432954.701,17:35:54,baseline,1,94.2,6751,16126,41.9
1785432954.701,17:35:54,baseline,2,92.5,6831,16126,42.4
1785432954.701,17:35:54,baseline,3,94.8,6608,16126,41.0
1785432954.701,17:35:54,baseline,4,93.5,6584,16126,40.8
1785432954.701,17:35:54,baseline,5,86.1,6522,16126,40.4
1785432954.701,17:35:54,baseline,6,94.0,6420,16126,39.8
1785432954.701,17:35:54,baseline,7,92.6,6517,16126,40.4
1785432955.702,17:35:55,baseline,0,94.0,6522,16126,40.4
1785432955.702,17:35:55,baseline,1,94.2,6751,16126,41.9
1785432955.702,17:35:55,baseline,2,92.5,6831,16126,42.4
1785432955.702,17:35:55,baseline,3,94.8,6608,16126,41.0
1785432955.702,17:35:55,baseline,4,93.5,6584,16126,40.8
1785432955.702,17:35:55,baseline,5,86.1,6522,16126,40.4
1785432955.702,17:35:55,baseline,6,94.0,6420,16126,39.8
1785432955.702,17:35:55,baseline,7,92.6,6517,16126,40.4
1785432956.702,17:35:56,baseline,0,94.0,6522,16126,40.4
1785432956.702,17:35:56,baseline,1,94.2,6751,16126,41.9
1785432956.702,17:35:56,baseline,2,92.5,6831,16126,42.4
1785432956.702,17:35:56,baseline,3,94.8,6608,16126,41.0
1785432956.702,17:35:56,baseline,4,93.5,6584,16126,40.8
1785432956.702,17:35:56,baseline,5,86.1,6522,16126,40.4
1785432956.702,17:35:56,baseline,6,94.0,6420,16126,39.8
1785432956.702,17:35:56,baseline,7,92.6,6517,16126,40.4
1785432957.702,17:35:57,baseline,0,93.6,7365,16126,45.7
1785432957.702,17:35:57,baseline,1,95.3,7037,16126,43.6
1785432957.702,17:35:57,baseline,2,94.6,7365,16126,45.7
1785432957.702,17:35:57,baseline,3,92.7,7365,16126,45.7
1785432957.702,17:35:57,baseline,4,94.8,7365,16126,45.7
1785432957.702,17:35:57,baseline,5,95.5,7365,16126,45.7
1785432957.702,17:35:57,baseline,6,96.1,7365,16126,45.7
1785432957.702,17:35:57,baseline,7,91.4,7367,16126,45.7
1785432958.702,17:35:58,baseline,0,93.6,7365,16126,45.7
1785432958.702,17:35:58,baseline,1,95.3,7037,16126,43.6
1785432958.702,17:35:58,baseline,2,94.6,7365,16126,45.7
1785432958.702,17:35:58,baseline,3,92.7,7365,16126,45.7
1785432958.702,17:35:58,baseline,4,94.8,7365,16126,45.7
1785432958.702,17:35:58,baseline,5,95.5,7365,16126,45.7
1785432958.702,17:35:58,baseline,6,96.1,7365,16126,45.7
1785432958.702,17:35:58,baseline,7,91.4,7367,16126,45.7
1785432959.702,17:35:59,baseline,0,93.6,7365,16126,45.7
1785432959.702,17:35:59,baseline,1,95.3,7037,16126,43.6
1785432959.702,17:35:59,baseline,2,94.6,7365,16126,45.7
1785432959.702,17:35:59,baseline,3,92.7,7365,16126,45.7
1785432959.702,17:35:59,baseline,4,94.8,7365,16126,45.7
1785432959.702,17:35:59,baseline,5,95.5,7365,16126,45.7
1785432959.702,17:35:59,baseline,6,96.1,7365,16126,45.7
1785432959.702,17:35:59,baseline,7,91.4,7367,16126,45.7
1785432960.702,17:36:00,baseline,0,93.6,7365,16126,45.7
1785432960.702,17:36:00,baseline,1,95.3,7037,16126,43.6
1785432960.702,17:36:00,baseline,2,94.6,7365,16126,45.7
1785432960.702,17:36:00,baseline,3,92.7,7365,16126,45.7
1785432960.702,17:36:00,baseline,4,94.8,7365,16126,45.7
1785432960.702,17:36:00,baseline,5,95.5,7365,16126,45.7
1785432960.702,17:36:00,baseline,6,96.1,7365,16126,45.7
1785432960.702,17:36:00,baseline,7,91.4,7367,16126,45.7
1785432961.702,17:36:01,baseline,0,93.6,7365,16126,45.7
1785432961.702,17:36:01,baseline,1,95.3,7037,16126,43.6
1785432961.702,17:36:01,baseline,2,94.6,7365,16126,45.7
1785432961.702,17:36:01,baseline,3,92.7,7365,16126,45.7
1785432961.702,17:36:01,baseline,4,94.8,7365,16126,45.7
1785432961.702,17:36:01,baseline,5,95.5,7365,16126,45.7
1785432961.702,17:36:01,baseline,6,96.1,7365,16126,45.7
1785432961.702,17:36:01,baseline,7,91.4,7367,16126,45.7
1785432962.702,17:36:02,baseline,0,95.9,7804,16126,48.4
1785432962.702,17:36:02,baseline,1,85.4,7847,16126,48.7
1785432962.702,17:36:02,baseline,2,95.6,7530,16126,46.7
1785432962.702,17:36:02,baseline,3,96.1,7498,16126,46.5
1785432962.702,17:36:02,baseline,4,95.9,7498,16126,46.5
1785432962.702,17:36:02,baseline,5,96.0,7458,16126,46.2
1785432962.702,17:36:02,baseline,6,95.9,7412,16126,46.0
1785432962.702,17:36:02,baseline,7,96.0,7772,16126,48.2
1785432963.703,17:36:03,baseline,0,95.9,7804,16126,48.4
1785432963.703,17:36:03,baseline,1,85.4,7847,16126,48.7
1785432963.703,17:36:03,baseline,2,95.6,7530,16126,46.7
1785432963.703,17:36:03,baseline,3,96.1,7498,16126,46.5
1785432963.703,17:36:03,baseline,4,95.9,7498,16126,46.5
1785432963.703,17:36:03,baseline,5,96.0,7458,16126,46.2
1785432963.703,17:36:03,baseline,6,95.9,7412,16126,46.0
1785432963.703,17:36:03,baseline,7,96.0,7772,16126,48.2
1785432964.703,17:36:04,baseline,0,95.9,7804,16126,48.4
1785432964.703,17:36:04,baseline,1,85.4,7847,16126,48.7
1785432964.703,17:36:04,baseline,2,95.6,7530,16126,46.7
1785432964.703,17:36:04,baseline,3,96.1,7498,16126,46.5
1785432964.703,17:36:04,baseline,4,95.9,7498,16126,46.5
1785432964.703,17:36:04,baseline,5,96.0,7458,16126,46.2
1785432964.703,17:36:04,baseline,6,95.9,7412,16126,46.0
1785432964.703,17:36:04,baseline,7,96.0,7772,16126,48.2
1785432965.703,17:36:05,baseline,0,95.9,7804,16126,48.4
1785432965.703,17:36:05,baseline,1,85.4,7847,16126,48.7
1785432965.703,17:36:05,baseline,2,95.6,7530,16126,46.7
1785432965.703,17:36:05,baseline,3,96.1,7498,16126,46.5
1785432965.703,17:36:05,baseline,4,95.9,7498,16126,46.5
1785432965.703,17:36:05,baseline,5,96.0,7458,16126,46.2
1785432965.703,17:36:05,baseline,6,95.9,7412,16126,46.0
1785432965.703,17:36:05,baseline,7,96.0,7772,16126,48.2
1785432966.703,17:36:06,baseline,0,95.9,7804,16126,48.4
1785432966.703,17:36:06,baseline,1,85.4,7847,16126,48.7
1785432966.703,17:36:06,baseline,2,95.6,7530,16126,46.7
1785432966.703,17:36:06,baseline,3,96.1,7498,16126,46.5
1785432966.703,17:36:06,baseline,4,95.9,7498,16126,46.5
1785432966.703,17:36:06,baseline,5,96.0,7458,16126,46.2
1785432966.703,17:36:06,baseline,6,95.9,7412,16126,46.0
1785432966.703,17:36:06,baseline,7,96.0,7772,16126,48.2
1785432967.703,17:36:07,baseline,0,93.8,8034,16126,49.8
1785432967.703,17:36:07,baseline,1,93.1,7972,16126,49.4
1785432967.703,17:36:07,baseline,2,93.0,8074,16126,50.1
1785432967.703,17:36:07,baseline,3,93.1,8112,16126,50.3
1785432967.703,17:36:07,baseline,4,85.9,7926,16126,49.2
1785432967.703,17:36:07,baseline,5,92.3,8210,16126,50.9
1785432967.703,17:36:07,baseline,6,94.7,7972,16126,49.4
1785432967.703,17:36:07,baseline,7,93.3,8110,16126,50.3
1785432968.703,17:36:08,baseline,0,93.8,8034,16126,49.8
1785432968.703,17:36:08,baseline,1,93.1,7972,16126,49.4
1785432968.703,17:36:08,baseline,2,93.0,8074,16126,50.1
1785432968.703,17:36:08,baseline,3,93.1,8112,16126,50.3
1785432968.703,17:36:08,baseline,4,85.9,7926,16126,49.2
1785432968.703,17:36:08,baseline,5,92.3,8210,16126,50.9
1785432968.703,17:36:08,baseline,6,94.7,7972,16126,49.4
1785432968.703,17:36:08,baseline,7,93.3,8110,16126,50.3
1785432969.703,17:36:09,baseline,0,93.8,8034,16126,49.8
1785432969.703,17:36:09,baseline,1,93.1,7972,16126,49.4
1785432969.703,17:36:09,baseline,2,93.0,8074,16126,50.1
1785432969.703,17:36:09,baseline,3,93.1,8112,16126,50.3
1785432969.703,17:36:09,baseline,4,85.9,7926,16126,49.2
1785432969.703,17:36:09,baseline,5,92.3,8210,16126,50.9
1785432969.703,17:36:09,baseline,6,94.7,7972,16126,49.4
1785432969.703,17:36:09,baseline,7,93.3,8110,16126,50.3
1785432970.703,17:36:10,baseline,0,93.8,8034,16126,49.8
1785432970.703,17:36:10,baseline,1,93.1,7972,16126,49.4
1785432970.703,17:36:10,baseline,2,93.0,8074,16126,50.1
1785432970.703,17:36:10,baseline,3,93.1,8112,16126,50.3
1785432970.703,17:36:10,baseline,4,85.9,7926,16126,49.2
1785432970.703,17:36:10,baseline,5,92.3,8210,16126,50.9
1785432970.703,17:36:10,baseline,6,94.7,7972,16126,49.4
1785432970.703,17:36:10,baseline,7,93.3,8110,16126,50.3
1785432971.703,17:36:11,baseline,0,93.8,8034,16126,49.8
1785432971.703,17:36:11,baseline,1,93.1,7972,16126,49.4
1785432971.703,17:36:11,baseline,2,93.0,8074,16126,50.1
1785432971.703,17:36:11,baseline,3,93.1,8112,16126,50.3
1785432971.703,17:36:11,baseline,4,85.9,7926,16126,49.2
1785432971.703,17:36:11,baseline,5,92.3,8210,16126,50.9
1785432971.703,17:36:11,baseline,6,94.7,7972,16126,49.4
1785432971.703,17:36:11,baseline,7,93.3,8110,16126,50.3
1785432972.704,17:36:12,baseline,0,94.5,6752,16126,41.9
1785432972.704,17:36:12,baseline,1,95.8,6540,16126,40.6
1785432972.704,17:36:12,baseline,2,92.6,6560,16126,40.7
1785432972.704,17:36:12,baseline,3,96.1,6605,16126,41.0
1785432972.704,17:36:12,baseline,4,95.1,6536,16126,40.5
1785432972.704,17:36:12,baseline,5,95.9,6752,16126,41.9
1785432972.704,17:36:12,baseline,6,95.9,6596,16126,40.9
1785432972.704,17:36:12,baseline,7,92.0,6438,16126,39.9
1785432973.704,17:36:13,baseline,0,94.5,6752,16126,41.9
1785432973.704,17:36:13,baseline,1,95.8,6540,16126,40.6
1785432973.704,17:36:13,baseline,2,92.6,6560,16126,40.7
1785432973.704,17:36:13,baseline,3,96.1,6605,16126,41.0
1785432973.704,17:36:13,baseline,4,95.1,6536,16126,40.5
1785432973.704,17:36:13,baseline,5,95.9,6752,16126,41.9
1785432973.704,17:36:13,baseline,6,95.9,6596,16126,40.9
1785432973.704,17:36:13,baseline,7,92.0,6438,16126,39.9
1785432974.704,17:36:14,baseline,0,94.5,6752,16126,41.9
1785432974.704,17:36:14,baseline,1,95.8,6540,16126,40.6
1785432974.704,17:36:14,baseline,2,92.6,6560,16126,40.7
1785432974.704,17:36:14,baseline,3,96.1,6605,16126,41.0
1785432974.704,17:36:14,baseline,4,95.1,6536,16126,40.5
1785432974.704,17:36:14,baseline,5,95.9,6752,16126,41.9
1785432974.704,17:36:14,baseline,6,95.9,6596,16126,40.9
1785432974.704,17:36:14,baseline,7,92.0,6438,16126,39.9
1785432975.704,17:36:15,baseline,0,94.5,6752,16126,41.9
1785432975.704,17:36:15,baseline,1,95.8,6540,16126,40.6
1785432975.704,17:36:15,baseline,2,92.6,6560,16126,40.7
1785432975.704,17:36:15,baseline,3,96.1,6605,16126,41.0
1785432975.704,17:36:15,baseline,4,95.1,6536,16126,40.5
1785432975.704,17:36:15,baseline,5,95.9,6752,16126,41.9
1785432975.704,17:36:15,baseline,6,95.9,6596,16126,40.9
1785432975.704,17:36:15,baseline,7,92.0,6438,16126,39.9
1785432976.704,17:36:16,baseline,0,94.5,6752,16126,41.9
1785432976.704,17:36:16,baseline,1,95.8,6540,16126,40.6
1785432976.704,17:36:16,baseline,2,92.6,6560,16126,40.7
1785432976.704,17:36:16,baseline,3,96.1,6605,16126,41.0
1785432976.704,17:36:16,baseline,4,95.1,6536,16126,40.5
1785432976.704,17:36:16,baseline,5,95.9,6752,16126,41.9
1785432976.704,17:36:16,baseline,6,95.9,6596,16126,40.9
1785432976.704,17:36:16,baseline,7,92.0,6438,16126,39.9
1785432977.704,17:36:17,baseline,0,89.2,7344,16126,45.5
1785432977.704,17:36:17,baseline,1,93.1,7459,16126,46.3
1785432977.704,17:36:17,baseline,2,95.4,7427,16126,46.1
1785432977.704,17:36:17,baseline,3,93.6,7570,16126,46.9
1785432977.704,17:36:17,baseline,4,95.2,7506,16126,46.5
1785432977.704,17:36:17,baseline,5,94.2,7672,16126,47.6
1785432977.704,17:36:17,baseline,6,94.0,7438,16126,46.1
1785432977.704,17:36:17,baseline,7,91.0,7589,16126,47.1
1785432978.704,17:36:18,baseline,0,89.2,7344,16126,45.5
1785432978.704,17:36:18,baseline,1,93.1,7459,16126,46.3
1785432978.704,17:36:18,baseline,2,95.4,7427,16126,46.1
1785432978.704,17:36:18,baseline,3,93.6,7570,16126,46.9
1785432978.704,17:36:18,baseline,4,95.2,7506,16126,46.5
1785432978.704,17:36:18,baseline,5,94.2,7672,16126,47.6
1785432978.704,17:36:18,baseline,6,94.0,7438,16126,46.1
1785432978.704,17:36:18,baseline,7,91.0,7589,16126,47.1
1785432979.704,17:36:19,baseline,0,89.2,7344,16126,45.5
1785432979.704,17:36:19,baseline,1,93.1,7459,16126,46.3
1785432979.704,17:36:19,baseline,2,95.4,7427,16126,46.1
1785432979.704,17:36:19,baseline,3,93.6,7570,16126,46.9
1785432979.704,17:36:19,baseline,4,95.2,7506,16126,46.5
1785432979.704,17:36:19,baseline,5,94.2,7672,16126,47.6
1785432979.704,17:36:19,baseline,6,94.0,7438,16126,46.1
1785432979.704,17:36:19,baseline,7,91.0,7589,16126,47.1
1785432980.704,17:36:20,baseline,0,89.2,7344,16126,45.5
1785432980.704,17:36:20,baseline,1,93.1,7459,16126,46.3
1785432980.704,17:36:20,baseline,2,95.4,7427,16126,46.1
1785432980.704,17:36:20,baseline,3,93.6,7570,16126,46.9
1785432980.704,17:36:20,baseline,4,95.2,7506,16126,46.5
1785432980.704,17:36:20,baseline,5,94.2,7672,16126,47.6
1785432980.704,17:36:20,baseline,6,94.0,7438,16126,46.1
1785432980.704,17:36:20,baseline,7,91.0,7589,16126,47.1
1785432981.705,17:36:21,baseline,0,89.2,7344,16126,45.5
1785432981.705,17:36:21,baseline,1,93.1,7459,16126,46.3
1785432981.705,17:36:21,baseline,2,95.4,7427,16126,46.1
1785432981.705,17:36:21,baseline,3,93.6,7570,16126,46.9
1785432981.705,17:36:21,baseline,4,95.2,7506,16126,46.5
1785432981.705,17:36:21,baseline,5,94.2,7672,16126,47.6
1785432981.705,17:36:21,baseline,6,94.0,7438,16126,46.1
1785432981.705,17:36:21,baseline,7,91.0,7589,16126,47.1
1785432982.705,17:36:22,baseline,0,85.3,5269,16126,32.7
1785432982.705,17:36:22,baseline,1,88.7,5281,16126,32.7
1785432982.705,17:36:22,baseline,2,84.9,5281,16126,32.7
1785432982.705,17:36:22,baseline,3,78.6,5281,16126,32.7
1785432982.705,17:36:22,baseline,4,89.9,5281,16126,32.7
1785432982.705,17:36:22,baseline,5,88.1,5269,16126,32.7
1785432982.705,17:36:22,baseline,6,88.7,5281,16126,32.7
1785432982.705,17:36:22,baseline,7,85.3,5283,16126,32.8
1785432983.705,17:36:23,baseline,0,85.3,5269,16126,32.7
1785432983.705,17:36:23,baseline,1,88.7,5281,16126,32.7
1785432983.705,17:36:23,baseline,2,84.9,5281,16126,32.7
1785432983.705,17:36:23,baseline,3,78.6,5281,16126,32.7
1785432983.705,17:36:23,baseline,4,89.9,5281,16126,32.7
1785432983.705,17:36:23,baseline,5,88.1,5269,16126,32.7
1785432983.705,17:36:23,baseline,6,88.7,5281,16126,32.7
1785432983.705,17:36:23,baseline,7,85.3,5283,16126,32.8
1785432984.705,17:36:24,baseline,0,85.3,5269,16126,32.7
1785432984.705,17:36:24,baseline,1,88.7,5281,16126,32.7
1785432984.705,17:36:24,baseline,2,84.9,5281,16126,32.7
1785432984.705,17:36:24,baseline,3,78.6,5281,16126,32.7
1785432984.705,17:36:24,baseline,4,89.9,5281,16126,32.7
1785432984.705,17:36:24,baseline,5,88.1,5269,16126,32.7
1785432984.705,17:36:24,baseline,6,88.7,5281,16126,32.7
1785432984.705,17:36:24,baseline,7,85.3,5283,16126,32.8
1785432985.705,17:36:25,baseline,0,85.3,5269,16126,32.7
1785432985.705,17:36:25,baseline,1,88.7,5281,16126,32.7
1785432985.705,17:36:25,baseline,2,84.9,5281,16126,32.7
1785432985.705,17:36:25,baseline,3,78.6,5281,16126,32.7
1785432985.705,17:36:25,baseline,4,89.9,5281,16126,32.7
1785432985.705,17:36:25,baseline,5,88.1,5269,16126,32.7
1785432985.705,17:36:25,baseline,6,88.7,5281,16126,32.7
1785432985.705,17:36:25,baseline,7,85.3,5283,16126,32.8
1785432986.705,17:36:26,baseline,0,85.3,5269,16126,32.7
1785432986.705,17:36:26,baseline,1,88.7,5281,16126,32.7
1785432986.705,17:36:26,baseline,2,84.9,5281,16126,32.7
1785432986.705,17:36:26,baseline,3,78.6,5281,16126,32.7
1785432986.705,17:36:26,baseline,4,89.9,5281,16126,32.7
1785432986.705,17:36:26,baseline,5,88.1,5269,16126,32.7
1785432986.705,17:36:26,baseline,6,88.7,5281,16126,32.7
1785432986.705,17:36:26,baseline,7,85.3,5283,16126,32.8
1785432987.705,17:36:27,baseline,0,15.5,5269,16126,32.7
1785432987.705,17:36:27,baseline,1,4.8,5269,16126,32.7
1785432987.705,17:36:27,baseline,2,4.9,5269,16126,32.7
1785432987.705,17:36:27,baseline,3,8.6,5269,16126,32.7
1785432987.705,17:36:27,baseline,4,16.9,5269,16126,32.7
1785432987.705,17:36:27,baseline,5,13.7,5269,16126,32.7
1785432987.705,17:36:27,baseline,6,11.2,5269,16126,32.7
1785432987.705,17:36:27,baseline,7,6.7,5271,16126,32.7
1785432988.705,17:36:28,baseline,0,15.5,5269,16126,32.7
1785432988.705,17:36:28,baseline,1,4.8,5269,16126,32.7
1785432988.705,17:36:28,baseline,2,4.9,5269,16126,32.7
1785432988.705,17:36:28,baseline,3,8.6,5269,16126,32.7
1785432988.705,17:36:28,baseline,4,16.9,5269,16126,32.7
1785432988.705,17:36:28,baseline,5,13.7,5269,16126,32.7
1785432988.705,17:36:28,baseline,6,11.2,5269,16126,32.7
1785432988.705,17:36:28,baseline,7,6.7,5271,16126,32.7
1785432989.706,17:36:29,baseline,0,15.5,5269,16126,32.7
1785432989.706,17:36:29,baseline,1,4.8,5269,16126,32.7
1785432989.706,17:36:29,baseline,2,4.9,5269,16126,32.7
1785432989.706,17:36:29,baseline,3,8.6,5269,16126,32.7
1785432989.706,17:36:29,baseline,4,16.9,5269,16126,32.7
1785432989.706,17:36:29,baseline,5,13.7,5269,16126,32.7
1785432989.706,17:36:29,baseline,6,11.2,5269,16126,32.7
1785432989.706,17:36:29,baseline,7,6.7,5271,16126,32.7
1785432990.706,17:36:30,baseline,0,15.5,5269,16126,32.7
1785432990.706,17:36:30,baseline,1,4.8,5269,16126,32.7
1785432990.706,17:36:30,baseline,2,4.9,5269,16126,32.7
1785432990.706,17:36:30,baseline,3,8.6,5269,16126,32.7
1785432990.706,17:36:30,baseline,4,16.9,5269,16126,32.7
1785432990.706,17:36:30,baseline,5,13.7,5269,16126,32.7
1785432990.706,17:36:30,baseline,6,11.2,5269,16126,32.7
1785432990.706,17:36:30,baseline,7,6.7,5271,16126,32.7
1785432991.706,17:36:31,baseline,0,15.5,5269,16126,32.7
1785432991.706,17:36:31,baseline,1,4.8,5269,16126,32.7
1785432991.706,17:36:31,baseline,2,4.9,5269,16126,32.7
1785432991.706,17:36:31,baseline,3,8.6,5269,16126,32.7
1785432991.706,17:36:31,baseline,4,16.9,5269,16126,32.7
1785432991.706,17:36:31,baseline,5,13.7,5269,16126,32.7
1785432991.706,17:36:31,baseline,6,11.2,5269,16126,32.7
1785432991.706,17:36:31,baseline,7,6.7,5271,16126,32.7
1785432992.706,17:36:32,baseline,0,0.0,5269,16126,32.7
1785432992.706,17:36:32,baseline,1,0.0,5269,16126,32.7
1785432992.706,17:36:32,baseline,2,0.0,5269,16126,32.7
1785432992.706,17:36:32,baseline,3,0.0,5269,16126,32.7
1785432992.706,17:36:32,baseline,4,0.0,5269,16126,32.7
1785432992.706,17:36:32,baseline,5,0.0,5269,16126,32.7
1785432992.706,17:36:32,baseline,6,0.0,5269,16126,32.7
1785432992.706,17:36:32,baseline,7,0.0,5271,16126,32.7
1785432993.706,17:36:33,baseline,0,0.0,5269,16126,32.7
1785432993.706,17:36:33,baseline,1,0.0,5269,16126,32.7
1785432993.706,17:36:33,baseline,2,0.0,5269,16126,32.7
1785432993.706,17:36:33,baseline,3,0.0,5269,16126,32.7
1785432993.706,17:36:33,baseline,4,0.0,5269,16126,32.7
1785432993.706,17:36:33,baseline,5,0.0,5269,16126,32.7
1785432993.706,17:36:33,baseline,6,0.0,5269,16126,32.7
1785432993.706,17:36:33,baseline,7,0.0,5271,16126,32.7
1785432994.706,17:36:34,baseline,0,0.0,5269,16126,32.7
1785432994.706,17:36:34,baseline,1,0.0,5269,16126,32.7
1785432994.706,17:36:34,baseline,2,0.0,5269,16126,32.7
1785432994.706,17:36:34,baseline,3,0.0,5269,16126,32.7
1785432994.706,17:36:34,baseline,4,0.0,5269,16126,32.7
1785432994.706,17:36:34,baseline,5,0.0,5269,16126,32.7
1785432994.706,17:36:34,baseline,6,0.0,5269,16126,32.7
1785432994.706,17:36:34,baseline,7,0.0,5271,16126,32.7
1785432995.707,17:36:35,baseline,0,0.0,5269,16126,32.7
1785432995.707,17:36:35,baseline,1,0.0,5269,16126,32.7
1785432995.707,17:36:35,baseline,2,0.0,5269,16126,32.7
1785432995.707,17:36:35,baseline,3,0.0,5269,16126,32.7
1785432995.707,17:36:35,baseline,4,0.0,5269,16126,32.7
1785432995.707,17:36:35,baseline,5,0.0,5269,16126,32.7
1785432995.707,17:36:35,baseline,6,0.0,5269,16126,32.7
1785432995.707,17:36:35,baseline,7,0.0,5271,16126,32.7
1785432996.707,17:36:36,baseline,0,0.0,5269,16126,32.7
1785432996.707,17:36:36,baseline,1,0.0,5269,16126,32.7
1785432996.707,17:36:36,baseline,2,0.0,5269,16126,32.7
1785432996.707,17:36:36,baseline,3,0.0,5269,16126,32.7
1785432996.707,17:36:36,baseline,4,0.0,5269,16126,32.7
1785432996.707,17:36:36,baseline,5,0.0,5269,16126,32.7
1785432996.707,17:36:36,baseline,6,0.0,5269,16126,32.7
1785432996.707,17:36:36,baseline,7,0.0,5271,16126,32.7
1785432997.707,17:36:37,baseline,0,0.0,5269,16126,32.7
1785432997.707,17:36:37,baseline,1,0.0,5269,16126,32.7
1785432997.707,17:36:37,baseline,2,0.0,5269,16126,32.7
1785432997.707,17:36:37,baseline,3,0.0,5269,16126,32.7
1785432997.707,17:36:37,baseline,4,0.0,5269,16126,32.7
1785432997.707,17:36:37,baseline,5,0.0,5269,16126,32.7
1785432997.707,17:36:37,baseline,6,0.0,5269,16126,32.7
1785432997.707,17:36:37,baseline,7,0.0,5271,16126,32.7
1785432998.707,17:36:38,baseline,0,0.0,5269,16126,32.7
1785432998.707,17:36:38,baseline,1,0.0,5269,16126,32.7
1785432998.707,17:36:38,baseline,2,0.0,5269,16126,32.7
1785432998.707,17:36:38,baseline,3,0.0,5269,16126,32.7
1785432998.707,17:36:38,baseline,4,0.0,5269,16126,32.7
1785432998.707,17:36:38,baseline,5,0.0,5269,16126,32.7
1785432998.707,17:36:38,baseline,6,0.0,5269,16126,32.7
1785432998.707,17:36:38,baseline,7,0.0,5271,16126,32.7
1785432999.707,17:36:39,baseline,0,0.0,5269,16126,32.7
1785432999.707,17:36:39,baseline,1,0.0,5269,16126,32.7
1785432999.707,17:36:39,baseline,2,0.0,5269,16126,32.7
1785432999.707,17:36:39,baseline,3,0.0,5269,16126,32.7
1785432999.707,17:36:39,baseline,4,0.0,5269,16126,32.7
1785432999.707,17:36:39,baseline,5,0.0,5269,16126,32.7
1785432999.707,17:36:39,baseline,6,0.0,5269,16126,32.7
1785432999.707,17:36:39,baseline,7,0.0,5271,16126,32.7
1785433000.707,17:36:40,baseline,0,0.0,5269,16126,32.7
1785433000.707,17:36:40,baseline,1,0.0,5269,16126,32.7
1785433000.707,17:36:40,baseline,2,0.0,5269,16126,32.7
1785433000.707,17:36:40,baseline,3,0.0,5269,16126,32.7
1785433000.707,17:36:40,baseline,4,0.0,5269,16126,32.7
1785433000.707,17:36:40,baseline,5,0.0,5269,16126,32.7
1785433000.707,17:36:40,baseline,6,0.0,5269,16126,32.7
1785433000.707,17:36:40,baseline,7,0.0,5271,16126,32.7
1785433001.708,17:36:41,baseline,0,0.0,5269,16126,32.7
1785433001.708,17:36:41,baseline,1,0.0,5269,16126,32.7
1785433001.708,17:36:41,baseline,2,0.0,5269,16126,32.7
1785433001.708,17:36:41,baseline,3,0.0,5269,16126,32.7
1785433001.708,17:36:41,baseline,4,0.0,5269,16126,32.7
1785433001.708,17:36:41,baseline,5,0.0,5269,16126,32.7
1785433001.708,17:36:41,baseline,6,0.0,5269,16126,32.7
1785433001.708,17:36:41,baseline,7,0.0,5271,16126,32.7
1785433002.708,17:36:42,baseline,0,0.0,5269,16126,32.7
1785433002.708,17:36:42,baseline,1,0.0,5269,16126,32.7
1785433002.708,17:36:42,baseline,2,0.0,5269,16126,32.7
1785433002.708,17:36:42,baseline,3,0.0,5269,16126,32.7
1785433002.708,17:36:42,baseline,4,0.0,5269,16126,32.7
1785433002.708,17:36:42,baseline,5,0.0,5269,16126,32.7
1785433002.708,17:36:42,baseline,6,0.0,5269,16126,32.7
1785433002.708,17:36:42,baseline,7,0.0,5271,16126,32.7
1785433003.708,17:36:43,baseline,0,0.0,5269,16126,32.7
1785433003.708,17:36:43,baseline,1,0.0,5269,16126,32.7
1785433003.708,17:36:43,baseline,2,0.0,5269,16126,32.7
1785433003.708,17:36:43,baseline,3,0.0,5269,16126,32.7
1785433003.708,17:36:43,baseline,4,0.0,5269,16126,32.7
1785433003.708,17:36:43,baseline,5,0.0,5269,16126,32.7
1785433003.708,17:36:43,baseline,6,0.0,5269,16126,32.7
1785433003.708,17:36:43,baseline,7,0.0,5271,16126,32.7
1785433004.708,17:36:44,baseline,0,0.0,5269,16126,32.7
1785433004.708,17:36:44,baseline,1,0.0,5269,16126,32.7
1785433004.708,17:36:44,baseline,2,0.0,5269,16126,32.7
1785433004.708,17:36:44,baseline,3,0.0,5269,16126,32.7
1785433004.708,17:36:44,baseline,4,0.0,5269,16126,32.7
1785433004.708,17:36:44,baseline,5,0.0,5269,16126,32.7
1785433004.708,17:36:44,baseline,6,0.0,5269,16126,32.7
1785433004.708,17:36:44,baseline,7,0.0,5271,16126,32.7
1785433005.708,17:36:45,baseline,0,0.0,5269,16126,32.7
1785433005.708,17:36:45,baseline,1,0.0,5269,16126,32.7
1785433005.708,17:36:45,baseline,2,0.0,5269,16126,32.7
1785433005.708,17:36:45,baseline,3,0.0,5269,16126,32.7
1785433005.708,17:36:45,baseline,4,0.0,5269,16126,32.7
1785433005.708,17:36:45,baseline,5,0.0,5269,16126,32.7
1785433005.708,17:36:45,baseline,6,0.0,5269,16126,32.7
1785433005.708,17:36:45,baseline,7,0.0,5271,16126,32.7
1785433006.708,17:36:46,baseline,0,0.0,5269,16126,32.7
1785433006.708,17:36:46,baseline,1,0.0,5269,16126,32.7
1785433006.708,17:36:46,baseline,2,0.0,5269,16126,32.7
1785433006.708,17:36:46,baseline,3,0.0,5269,16126,32.7
1785433006.708,17:36:46,baseline,4,0.0,5269,16126,32.7
1785433006.708,17:36:46,baseline,5,0.0,5269,16126,32.7
1785433006.708,17:36:46,baseline,6,0.0,5269,16126,32.7
1785433006.708,17:36:46,baseline,7,0.0,5271,16126,32.7
1785433007.708,17:36:47,baseline,0,0.0,5269,16126,32.7
1785433007.708,17:36:47,baseline,1,0.0,5269,16126,32.7
1785433007.708,17:36:47,baseline,2,0.0,5269,16126,32.7
1785433007.708,17:36:47,baseline,3,0.0,5269,16126,32.7
1785433007.708,17:36:47,baseline,4,0.0,5269,16126,32.7
1785433007.708,17:36:47,baseline,5,0.0,5269,16126,32.7
1785433007.708,17:36:47,baseline,6,0.0,5269,16126,32.7
1785433007.708,17:36:47,baseline,7,0.0,5271,16126,32.7
1785433008.709,17:36:48,baseline,0,0.0,5269,16126,32.7
1785433008.709,17:36:48,baseline,1,0.0,5269,16126,32.7
1785433008.709,17:36:48,baseline,2,0.0,5269,16126,32.7
1785433008.709,17:36:48,baseline,3,0.0,5269,16126,32.7
1785433008.709,17:36:48,baseline,4,0.0,5269,16126,32.7
1785433008.709,17:36:48,baseline,5,0.0,5269,16126,32.7
1785433008.709,17:36:48,baseline,6,0.0,5269,16126,32.7
1785433008.709,17:36:48,baseline,7,0.0,5271,16126,32.7
1785433009.709,17:36:49,baseline,0,0.0,5269,16126,32.7
1785433009.709,17:36:49,baseline,1,0.0,5269,16126,32.7
1785433009.709,17:36:49,baseline,2,0.0,5269,16126,32.7
1785433009.709,17:36:49,baseline,3,0.0,5269,16126,32.7
1785433009.709,17:36:49,baseline,4,0.0,5269,16126,32.7
1785433009.709,17:36:49,baseline,5,0.0,5269,16126,32.7
1785433009.709,17:36:49,baseline,6,0.0,5269,16126,32.7
1785433009.709,17:36:49,baseline,7,0.0,5271,16126,32.7
1785433010.709,17:36:50,baseline,0,0.0,5269,16126,32.7
1785433010.709,17:36:50,baseline,1,0.0,5269,16126,32.7
1785433010.709,17:36:50,baseline,2,0.0,5269,16126,32.7
1785433010.709,17:36:50,baseline,3,0.0,5269,16126,32.7
1785433010.709,17:36:50,baseline,4,0.0,5269,16126,32.7
1785433010.709,17:36:50,baseline,5,0.0,5269,16126,32.7
1785433010.709,17:36:50,baseline,6,0.0,5269,16126,32.7
1785433010.709,17:36:50,baseline,7,0.0,5271,16126,32.7
1785433011.709,17:36:51,baseline,0,0.0,5269,16126,32.7
1785433011.709,17:36:51,baseline,1,0.0,5269,16126,32.7
1785433011.709,17:36:51,baseline,2,0.0,5269,16126,32.7
1785433011.709,17:36:51,baseline,3,0.0,5269,16126,32.7
1785433011.709,17:36:51,baseline,4,0.0,5269,16126,32.7
1785433011.709,17:36:51,baseline,5,0.0,5269,16126,32.7
1785433011.709,17:36:51,baseline,6,0.0,5269,16126,32.7
1785433011.709,17:36:51,baseline,7,0.0,5271,16126,32.7
1785433012.709,17:36:52,baseline,0,0.0,5269,16126,32.7
1785433012.709,17:36:52,baseline,1,0.0,5269,16126,32.7
1785433012.709,17:36:52,baseline,2,0.0,5269,16126,32.7
1785433012.709,17:36:52,baseline,3,0.0,5269,16126,32.7
1785433012.709,17:36:52,baseline,4,0.0,5269,16126,32.7
1785433012.709,17:36:52,baseline,5,0.0,5269,16126,32.7
1785433012.709,17:36:52,baseline,6,0.0,5269,16126,32.7
1785433012.709,17:36:52,baseline,7,0.0,5271,16126,32.7
1785433013.709,17:36:53,baseline,0,0.0,5269,16126,32.7
1785433013.709,17:36:53,baseline,1,0.0,5269,16126,32.7
1785433013.709,17:36:53,baseline,2,0.0,5269,16126,32.7
1785433013.709,17:36:53,baseline,3,0.0,5269,16126,32.7
1785433013.709,17:36:53,baseline,4,0.0,5269,16126,32.7
1785433013.709,17:36:53,baseline,5,0.0,5269,16126,32.7
1785433013.709,17:36:53,baseline,6,0.0,5269,16126,32.7
1785433013.709,17:36:53,baseline,7,0.0,5271,16126,32.7
1785433014.709,17:36:54,baseline,0,0.0,5269,16126,32.7
1785433014.709,17:36:54,baseline,1,0.0,5269,16126,32.7
1785433014.709,17:36:54,baseline,2,0.0,5269,16126,32.7
1785433014.709,17:36:54,baseline,3,0.0,5269,16126,32.7
1785433014.709,17:36:54,baseline,4,0.0,5269,16126,32.7
1785433014.709,17:36:54,baseline,5,0.0,5269,16126,32.7
1785433014.709,17:36:54,baseline,6,0.0,5269,16126,32.7
1785433014.709,17:36:54,baseline,7,0.0,5271,16126,32.7
1785433015.71,17:36:55,baseline,0,0.0,5269,16126,32.7
1785433015.71,17:36:55,baseline,1,0.0,5269,16126,32.7
1785433015.71,17:36:55,baseline,2,0.0,5269,16126,32.7
1785433015.71,17:36:55,baseline,3,0.0,5269,16126,32.7
1785433015.71,17:36:55,baseline,4,0.0,5269,16126,32.7
1785433015.71,17:36:55,baseline,5,0.0,5269,16126,32.7
1785433015.71,17:36:55,baseline,6,0.0,5269,16126,32.7
1785433015.71,17:36:55,baseline,7,0.0,5271,16126,32.7
1785433016.71,17:36:56,baseline,0,0.0,5269,16126,32.7
1785433016.71,17:36:56,baseline,1,0.0,5269,16126,32.7
1785433016.71,17:36:56,baseline,2,0.0,5269,16126,32.7
1785433016.71,17:36:56,baseline,3,0.0,5269,16126,32.7
1785433016.71,17:36:56,baseline,4,0.0,5269,16126,32.7
1785433016.71,17:36:56,baseline,5,0.0,5269,16126,32.7
1785433016.71,17:36:56,baseline,6,0.0,5269,16126,32.7
1785433016.71,17:36:56,baseline,7,0.0,5271,16126,32.7
1785433017.71,17:36:57,baseline,0,0.0,5269,16126,32.7
1785433017.71,17:36:57,baseline,1,0.0,5269,16126,32.7
1785433017.71,17:36:57,baseline,2,0.0,5269,16126,32.7
1785433017.71,17:36:57,baseline,3,0.0,5269,16126,32.7
1785433017.71,17:36:57,baseline,4,0.0,5269,16126,32.7
1785433017.71,17:36:57,baseline,5,0.0,5269,16126,32.7
1785433017.71,17:36:57,baseline,6,0.0,5269,16126,32.7
1785433017.71,17:36:57,baseline,7,0.0,5271,16126,32.7
1785433018.71,17:36:58,baseline,0,0.0,5269,16126,32.7
1785433018.71,17:36:58,baseline,1,0.0,5269,16126,32.7
1785433018.71,17:36:58,baseline,2,0.0,5269,16126,32.7
1785433018.71,17:36:58,baseline,3,0.0,5269,16126,32.7
1785433018.71,17:36:58,baseline,4,0.0,5269,16126,32.7
1785433018.71,17:36:58,baseline,5,0.0,5269,16126,32.7
1785433018.71,17:36:58,baseline,6,0.0,5269,16126,32.7
1785433018.71,17:36:58,baseline,7,0.0,5271,16126,32.7
1785433019.71,17:36:59,baseline,0,0.0,5269,16126,32.7
1785433019.71,17:36:59,baseline,1,0.0,5269,16126,32.7
1785433019.71,17:36:59,baseline,2,0.0,5269,16126,32.7
1785433019.71,17:36:59,baseline,3,0.0,5269,16126,32.7
1785433019.71,17:36:59,baseline,4,0.0,5269,16126,32.7
1785433019.71,17:36:59,baseline,5,0.0,5269,16126,32.7
1785433019.71,17:36:59,baseline,6,0.0,5269,16126,32.7
1785433019.71,17:36:59,baseline,7,0.0,5271,16126,32.7
1785433020.71,17:37:00,baseline,0,0.0,5269,16126,32.7
1785433020.71,17:37:00,baseline,1,0.0,5269,16126,32.7
1785433020.71,17:37:00,baseline,2,0.0,5269,16126,32.7
1785433020.71,17:37:00,baseline,3,0.0,5269,16126,32.7
1785433020.71,17:37:00,baseline,4,0.0,5269,16126,32.7
1785433020.71,17:37:00,baseline,5,0.0,5269,16126,32.7
1785433020.71,17:37:00,baseline,6,0.0,5269,16126,32.7
1785433020.71,17:37:00,baseline,7,0.0,5271,16126,32.7
1785433021.71,17:37:01,baseline,0,0.0,5269,16126,32.7
1785433021.71,17:37:01,baseline,1,0.0,5269,16126,32.7
1785433021.71,17:37:01,baseline,2,0.0,5269,16126,32.7
1785433021.71,17:37:01,baseline,3,0.0,5269,16126,32.7
1785433021.71,17:37:01,baseline,4,0.0,5269,16126,32.7
1785433021.71,17:37:01,baseline,5,0.0,5269,16126,32.7
1785433021.71,17:37:01,baseline,6,0.0,5269,16126,32.7
1785433021.71,17:37:01,baseline,7,0.0,5271,16126,32.7
1785433022.711,17:37:02,baseline,0,0.0,5269,16126,32.7
1785433022.711,17:37:02,baseline,1,0.0,5269,16126,32.7
1785433022.711,17:37:02,baseline,2,0.0,5269,16126,32.7
1785433022.711,17:37:02,baseline,3,0.0,5269,16126,32.7
1785433022.711,17:37:02,baseline,4,0.0,5269,16126,32.7
1785433022.711,17:37:02,baseline,5,0.0,5269,16126,32.7
1785433022.711,17:37:02,baseline,6,0.0,5269,16126,32.7
1785433022.711,17:37:02,baseline,7,0.0,5271,16126,32.7
1785433023.711,17:37:03,baseline,0,0.0,5269,16126,32.7
1785433023.711,17:37:03,baseline,1,0.0,5269,16126,32.7
1785433023.711,17:37:03,baseline,2,0.0,5269,16126,32.7
1785433023.711,17:37:03,baseline,3,0.0,5269,16126,32.7
1785433023.711,17:37:03,baseline,4,0.0,5269,16126,32.7
1785433023.711,17:37:03,baseline,5,0.0,5269,16126,32.7
1785433023.711,17:37:03,baseline,6,0.0,5269,16126,32.7
1785433023.711,17:37:03,baseline,7,0.0,5271,16126,32.7
1785433024.711,17:37:04,baseline,0,0.0,5269,16126,32.7
1785433024.711,17:37:04,baseline,1,0.0,5269,16126,32.7
1785433024.711,17:37:04,baseline,2,0.0,5269,16126,32.7
1785433024.711,17:37:04,baseline,3,0.0,5269,16126,32.7
1785433024.711,17:37:04,baseline,4,0.0,5269,16126,32.7
1785433024.711,17:37:04,baseline,5,0.0,5269,16126,32.7
1785433024.711,17:37:04,baseline,6,0.0,5269,16126,32.7
1785433024.711,17:37:04,baseline,7,0.0,5271,16126,32.7
1785433025.711,17:37:05,baseline,0,0.0,5269,16126,32.7
1785433025.711,17:37:05,baseline,1,0.0,5269,16126,32.7
1785433025.711,17:37:05,baseline,2,0.0,5269,16126,32.7
1785433025.711,17:37:05,baseline,3,0.0,5269,16126,32.7
1785433025.711,17:37:05,baseline,4,0.0,5269,16126,32.7
1785433025.711,17:37:05,baseline,5,0.0,5269,16126,32.7
1785433025.711,17:37:05,baseline,6,0.0,5269,16126,32.7
1785433025.711,17:37:05,baseline,7,0.0,5271,16126,32.7
1785433026.711,17:37:06,baseline,0,0.0,5269,16126,32.7
1785433026.711,17:37:06,baseline,1,0.0,5269,16126,32.7
1785433026.711,17:37:06,baseline,2,0.0,5269,16126,32.7
1785433026.711,17:37:06,baseline,3,0.0,5269,16126,32.7
1785433026.711,17:37:06,baseline,4,0.0,5269,16126,32.7
1785433026.711,17:37:06,baseline,5,0.0,5269,16126,32.7
1785433026.711,17:37:06,baseline,6,0.0,5269,16126,32.7
1785433026.711,17:37:06,baseline,7,0.0,5271,16126,32.7
1785433027.711,17:37:07,baseline,0,0.0,5269,16126,32.7
1785433027.711,17:37:07,baseline,1,0.0,5269,16126,32.7
1785433027.711,17:37:07,baseline,2,0.0,5269,16126,32.7
1785433027.711,17:37:07,baseline,3,0.0,5269,16126,32.7
1785433027.711,17:37:07,baseline,4,0.0,5269,16126,32.7
1785433027.711,17:37:07,baseline,5,0.0,5269,16126,32.7
1785433027.711,17:37:07,baseline,6,0.0,5269,16126,32.7
1785433027.711,17:37:07,baseline,7,0.0,5271,16126,32.7
1785433028.711,17:37:08,baseline,0,0.0,5269,16126,32.7
1785433028.711,17:37:08,baseline,1,0.0,5269,16126,32.7
1785433028.711,17:37:08,baseline,2,0.0,5269,16126,32.7
1785433028.711,17:37:08,baseline,3,0.0,5269,16126,32.7
1785433028.711,17:37:08,baseline,4,0.0,5269,16126,32.7
1785433028.711,17:37:08,baseline,5,0.0,5269,16126,32.7
1785433028.711,17:37:08,baseline,6,0.0,5269,16126,32.7
1785433028.711,17:37:08,baseline,7,0.0,5271,16126,32.7
1785433029.712,17:37:09,baseline,0,0.0,5269,16126,32.7
1785433029.712,17:37:09,baseline,1,0.0,5269,16126,32.7
1785433029.712,17:37:09,baseline,2,0.0,5269,16126,32.7
1785433029.712,17:37:09,baseline,3,0.0,5269,16126,32.7
1785433029.712,17:37:09,baseline,4,0.0,5269,16126,32.7
1785433029.712,17:37:09,baseline,5,0.0,5269,16126,32.7
1785433029.712,17:37:09,baseline,6,0.0,5269,16126,32.7
1785433029.712,17:37:09,baseline,7,0.0,5271,16126,32.7
1785433030.712,17:37:10,baseline,0,0.0,5269,16126,32.7
1785433030.712,17:37:10,baseline,1,0.0,5269,16126,32.7
1785433030.712,17:37:10,baseline,2,0.0,5269,16126,32.7
1785433030.712,17:37:10,baseline,3,0.0,5269,16126,32.7
1785433030.712,17:37:10,baseline,4,0.0,5269,16126,32.7
1785433030.712,17:37:10,baseline,5,0.0,5269,16126,32.7
1785433030.712,17:37:10,baseline,6,0.0,5269,16126,32.7
1785433030.712,17:37:10,baseline,7,0.0,5271,16126,32.7
1785433031.712,17:37:11,baseline,0,0.0,5269,16126,32.7
1785433031.712,17:37:11,baseline,1,0.0,5269,16126,32.7
1785433031.712,17:37:11,baseline,2,0.0,5269,16126,32.7
1785433031.712,17:37:11,baseline,3,0.0,5269,16126,32.7
1785433031.712,17:37:11,baseline,4,0.0,5269,16126,32.7
1785433031.712,17:37:11,baseline,5,0.0,5269,16126,32.7
1785433031.712,17:37:11,baseline,6,0.0,5269,16126,32.7
1785433031.712,17:37:11,baseline,7,0.0,5271,16126,32.7
1785433032.712,17:37:12,baseline,0,0.0,5269,16126,32.7
1785433032.712,17:37:12,baseline,1,0.0,5269,16126,32.7
1785433032.712,17:37:12,baseline,2,0.0,5269,16126,32.7
1785433032.712,17:37:12,baseline,3,0.0,5269,16126,32.7
1785433032.712,17:37:12,baseline,4,0.0,5269,16126,32.7
1785433032.712,17:37:12,baseline,5,0.0,5269,16126,32.7
1785433032.712,17:37:12,baseline,6,0.0,5269,16126,32.7
1785433032.712,17:37:12,baseline,7,0.0,5271,16126,32.7
1785433033.712,17:37:13,baseline,0,0.0,5269,16126,32.7
1785433033.712,17:37:13,baseline,1,0.0,5269,16126,32.7
1785433033.712,17:37:13,baseline,2,0.0,5269,16126,32.7
1785433033.712,17:37:13,baseline,3,0.0,5269,16126,32.7
1785433033.712,17:37:13,baseline,4,0.0,5269,16126,32.7
1785433033.712,17:37:13,baseline,5,0.0,5269,16126,32.7
1785433033.712,17:37:13,baseline,6,0.0,5269,16126,32.7
1785433033.712,17:37:13,baseline,7,0.0,5271,16126,32.7
1785433034.712,17:37:14,baseline,0,0.0,5269,16126,32.7
1785433034.712,17:37:14,baseline,1,0.0,5269,16126,32.7
1785433034.712,17:37:14,baseline,2,0.0,5269,16126,32.7
1785433034.712,17:37:14,baseline,3,0.0,5269,16126,32.7
1785433034.712,17:37:14,baseline,4,0.0,5269,16126,32.7
1785433034.712,17:37:14,baseline,5,0.0,5269,16126,32.7
1785433034.712,17:37:14,baseline,6,0.0,5269,16126,32.7
1785433034.712,17:37:14,baseline,7,0.0,5271,16126,32.7
1785433035.712,17:37:15,baseline,0,0.0,5269,16126,32.7
1785433035.712,17:37:15,baseline,1,0.0,5269,16126,32.7
1785433035.712,17:37:15,baseline,2,0.0,5269,16126,32.7
1785433035.712,17:37:15,baseline,3,0.0,5269,16126,32.7
1785433035.712,17:37:15,baseline,4,0.0,5269,16126,32.7
1785433035.712,17:37:15,baseline,5,0.0,5269,16126,32.7
1785433035.712,17:37:15,baseline,6,0.0,5269,16126,32.7
1785433035.712,17:37:15,baseline,7,0.0,5271,16126,32.7
1785433036.713,17:37:16,baseline,0,0.0,5269,16126,32.7
1785433036.713,17:37:16,baseline,1,0.0,5269,16126,32.7
1785433036.713,17:37:16,baseline,2,0.0,5269,16126,32.7
1785433036.713,17:37:16,baseline,3,0.0,5269,16126,32.7
1785433036.713,17:37:16,baseline,4,0.0,5269,16126,32.7
1785433036.713,17:37:16,baseline,5,0.0,5269,16126,32.7
1785433036.713,17:37:16,baseline,6,0.0,5269,16126,32.7
1785433036.713,17:37:16,baseline,7,0.0,5271,16126,32.7
1785433037.713,17:37:17,baseline,0,0.0,5269,16126,32.7
1785433037.713,17:37:17,baseline,1,0.0,5269,16126,32.7
1785433037.713,17:37:17,baseline,2,0.0,5269,16126,32.7
1785433037.713,17:37:17,baseline,3,0.0,5269,16126,32.7
1785433037.713,17:37:17,baseline,4,0.0,5269,16126,32.7
1785433037.713,17:37:17,baseline,5,0.0,5269,16126,32.7
1785433037.713,17:37:17,baseline,6,0.0,5269,16126,32.7
1785433037.713,17:37:17,baseline,7,0.0,5271,16126,32.7
1785433038.713,17:37:18,baseline,0,0.0,5269,16126,32.7
1785433038.713,17:37:18,baseline,1,0.0,5269,16126,32.7
1785433038.713,17:37:18,baseline,2,0.0,5269,16126,32.7
1785433038.713,17:37:18,baseline,3,0.0,5269,16126,32.7
1785433038.713,17:37:18,baseline,4,0.0,5269,16126,32.7
1785433038.713,17:37:18,baseline,5,0.0,5269,16126,32.7
1785433038.713,17:37:18,baseline,6,0.0,5269,16126,32.7
1785433038.713,17:37:18,baseline,7,0.0,5271,16126,32.7
1785433039.713,17:37:19,baseline,0,0.0,5269,16126,32.7
1785433039.713,17:37:19,baseline,1,0.0,5269,16126,32.7
1785433039.713,17:37:19,baseline,2,0.0,5269,16126,32.7
1785433039.713,17:37:19,baseline,3,0.0,5269,16126,32.7
1785433039.713,17:37:19,baseline,4,0.0,5269,16126,32.7
1785433039.713,17:37:19,baseline,5,0.0,5269,16126,32.7
1785433039.713,17:37:19,baseline,6,0.0,5269,16126,32.7
1785433039.713,17:37:19,baseline,7,0.0,5271,16126,32.7
1785433040.713,17:37:20,baseline,0,0.0,5269,16126,32.7
1785433040.713,17:37:20,baseline,1,0.0,5269,16126,32.7
1785433040.713,17:37:20,baseline,2,0.0,5269,16126,32.7
1785433040.713,17:37:20,baseline,3,0.0,5269,16126,32.7
1785433040.713,17:37:20,baseline,4,0.0,5269,16126,32.7
1785433040.713,17:37:20,baseline,5,0.0,5269,16126,32.7
1785433040.713,17:37:20,baseline,6,0.0,5269,16126,32.7
1785433040.713,17:37:20,baseline,7,0.0,5271,16126,32.7
1785433041.713,17:37:21,baseline,0,0.0,5269,16126,32.7
1785433041.713,17:37:21,baseline,1,0.0,5269,16126,32.7
1785433041.713,17:37:21,baseline,2,0.0,5269,16126,32.7
1785433041.713,17:37:21,baseline,3,0.0,5269,16126,32.7
1785433041.713,17:37:21,baseline,4,0.0,5269,16126,32.7
1785433041.713,17:37:21,baseline,5,0.0,5269,16126,32.7
1785433041.713,17:37:21,baseline,6,0.0,5269,16126,32.7
1785433041.713,17:37:21,baseline,7,0.0,5271,16126,32.7
1785433042.713,17:37:22,baseline,0,0.0,5269,16126,32.7
1785433042.713,17:37:22,baseline,1,0.0,5269,16126,32.7
1785433042.713,17:37:22,baseline,2,0.0,5269,16126,32.7
1785433042.713,17:37:22,baseline,3,0.0,5269,16126,32.7
1785433042.713,17:37:22,baseline,4,0.0,5269,16126,32.7
1785433042.713,17:37:22,baseline,5,0.0,5269,16126,32.7
1785433042.713,17:37:22,baseline,6,0.0,5269,16126,32.7
1785433042.713,17:37:22,baseline,7,0.0,5271,16126,32.7
1785433043.713,17:37:23,baseline,0,0.0,5269,16126,32.7
1785433043.713,17:37:23,baseline,1,0.0,5269,16126,32.7
1785433043.713,17:37:23,baseline,2,0.0,5269,16126,32.7
1785433043.713,17:37:23,baseline,3,0.0,5269,16126,32.7
1785433043.713,17:37:23,baseline,4,0.0,5269,16126,32.7
1785433043.713,17:37:23,baseline,5,0.0,5269,16126,32.7
1785433043.713,17:37:23,baseline,6,0.0,5269,16126,32.7
1785433043.713,17:37:23,baseline,7,0.0,5271,16126,32.7
1785433044.714,17:37:24,baseline,0,0.0,5269,16126,32.7
1785433044.714,17:37:24,baseline,1,0.0,5269,16126,32.7
1785433044.714,17:37:24,baseline,2,0.0,5269,16126,32.7
1785433044.714,17:37:24,baseline,3,0.0,5269,16126,32.7
1785433044.714,17:37:24,baseline,4,0.0,5269,16126,32.7
1785433044.714,17:37:24,baseline,5,0.0,5269,16126,32.7
1785433044.714,17:37:24,baseline,6,0.0,5269,16126,32.7
1785433044.714,17:37:24,baseline,7,0.0,5271,16126,32.7
1785433045.714,17:37:25,baseline,0,0.0,5269,16126,32.7
1785433045.714,17:37:25,baseline,1,0.0,5269,16126,32.7
1785433045.714,17:37:25,baseline,2,0.0,5269,16126,32.7
1785433045.714,17:37:25,baseline,3,0.0,5269,16126,32.7
1785433045.714,17:37:25,baseline,4,0.0,5269,16126,32.7
1785433045.714,17:37:25,baseline,5,0.0,5269,16126,32.7
1785433045.714,17:37:25,baseline,6,0.0,5269,16126,32.7
1785433045.714,17:37:25,baseline,7,0.0,5271,16126,32.7
1785433046.714,17:37:26,baseline,0,0.0,5269,16126,32.7
1785433046.714,17:37:26,baseline,1,0.0,5269,16126,32.7
1785433046.714,17:37:26,baseline,2,0.0,5269,16126,32.7
1785433046.714,17:37:26,baseline,3,0.0,5269,16126,32.7
1785433046.714,17:37:26,baseline,4,0.0,5269,16126,32.7
1785433046.714,17:37:26,baseline,5,0.0,5269,16126,32.7
1785433046.714,17:37:26,baseline,6,0.0,5269,16126,32.7
1785433046.714,17:37:26,baseline,7,0.0,5271,16126,32.7
1785433047.714,17:37:27,baseline,0,0.0,5269,16126,32.7
1785433047.714,17:37:27,baseline,1,0.0,5269,16126,32.7
1785433047.714,17:37:27,baseline,2,0.0,5269,16126,32.7
1785433047.714,17:37:27,baseline,3,0.0,5269,16126,32.7
1785433047.714,17:37:27,baseline,4,0.0,5269,16126,32.7
1785433047.714,17:37:27,baseline,5,0.0,5269,16126,32.7
1785433047.714,17:37:27,baseline,6,0.0,5269,16126,32.7
1785433047.714,17:37:27,baseline,7,0.0,5271,16126,32.7
1785433048.714,17:37:28,baseline,0,0.0,5269,16126,32.7
1785433048.714,17:37:28,baseline,1,0.0,5269,16126,32.7
1785433048.714,17:37:28,baseline,2,0.0,5269,16126,32.7
1785433048.714,17:37:28,baseline,3,0.0,5269,16126,32.7
1785433048.714,17:37:28,baseline,4,0.0,5269,16126,32.7
1785433048.714,17:37:28,baseline,5,0.0,5269,16126,32.7
1785433048.714,17:37:28,baseline,6,0.0,5269,16126,32.7
1785433048.714,17:37:28,baseline,7,0.0,5271,16126,32.7
1785433049.714,17:37:29,baseline,0,0.0,5269,16126,32.7
1785433049.714,17:37:29,baseline,1,0.0,5269,16126,32.7
1785433049.714,17:37:29,baseline,2,0.0,5269,16126,32.7
1785433049.714,17:37:29,baseline,3,0.0,5269,16126,32.7
1785433049.714,17:37:29,baseline,4,0.0,5269,16126,32.7
1785433049.714,17:37:29,baseline,5,0.0,5269,16126,32.7
1785433049.714,17:37:29,baseline,6,0.0,5269,16126,32.7
1785433049.714,17:37:29,baseline,7,0.0,5271,16126,32.7
1785433050.714,17:37:30,baseline,0,0.0,5269,16126,32.7
1785433050.714,17:37:30,baseline,1,0.0,5269,16126,32.7
1785433050.714,17:37:30,baseline,2,0.0,5269,16126,32.7
1785433050.714,17:37:30,baseline,3,0.0,5269,16126,32.7
1785433050.714,17:37:30,baseline,4,0.0,5269,16126,32.7
1785433050.714,17:37:30,baseline,5,0.0,5269,16126,32.7
1785433050.714,17:37:30,baseline,6,0.0,5269,16126,32.7
1785433050.714,17:37:30,baseline,7,0.0,5271,16126,32.7
1785433051.715,17:37:31,baseline,0,0.0,5269,16126,32.7
1785433051.715,17:37:31,baseline,1,0.0,5269,16126,32.7
1785433051.715,17:37:31,baseline,2,0.0,5269,16126,32.7
1785433051.715,17:37:31,baseline,3,0.0,5269,16126,32.7
1785433051.715,17:37:31,baseline,4,0.0,5269,16126,32.7
1785433051.715,17:37:31,baseline,5,0.0,5269,16126,32.7
1785433051.715,17:37:31,baseline,6,0.0,5269,16126,32.7
1785433051.715,17:37:31,baseline,7,0.0,5271,16126,32.7
1785433052.715,17:37:32,baseline,0,0.0,5269,16126,32.7
1785433052.715,17:37:32,baseline,1,0.0,5269,16126,32.7
1785433052.715,17:37:32,baseline,2,0.0,5269,16126,32.7
1785433052.715,17:37:32,baseline,3,0.0,5269,16126,32.7
1785433052.715,17:37:32,baseline,4,0.0,5269,16126,32.7
1785433052.715,17:37:32,baseline,5,0.0,5269,16126,32.7
1785433052.715,17:37:32,baseline,6,0.0,5269,16126,32.7
1785433052.715,17:37:32,baseline,7,0.0,5271,16126,32.7
1785433053.715,17:37:33,baseline,0,0.0,5269,16126,32.7
1785433053.715,17:37:33,baseline,1,0.0,5269,16126,32.7
1785433053.715,17:37:33,baseline,2,0.0,5269,16126,32.7
1785433053.715,17:37:33,baseline,3,0.0,5269,16126,32.7
1785433053.715,17:37:33,baseline,4,0.0,5269,16126,32.7
1785433053.715,17:37:33,baseline,5,0.0,5269,16126,32.7
1785433053.715,17:37:33,baseline,6,0.0,5269,16126,32.7
1785433053.715,17:37:33,baseline,7,0.0,5271,16126,32.7
1785433054.715,17:37:34,baseline,0,0.0,5269,16126,32.7
1785433054.715,17:37:34,baseline,1,0.0,5269,16126,32.7
1785433054.715,17:37:34,baseline,2,0.0,5269,16126,32.7
1785433054.715,17:37:34,baseline,3,0.0,5269,16126,32.7
1785433054.715,17:37:34,baseline,4,0.0,5269,16126,32.7
1785433054.715,17:37:34,baseline,5,0.0,5269,16126,32.7
1785433054.715,17:37:34,baseline,6,0.0,5269,16126,32.7
1785433054.715,17:37:34,baseline,7,0.0,5271,16126,32.7
1785433055.715,17:37:35,baseline,0,0.0,5269,16126,32.7
1785433055.715,17:37:35,baseline,1,0.0,5269,16126,32.7
1785433055.715,17:37:35,baseline,2,0.0,5269,16126,32.7
1785433055.715,17:37:35,baseline,3,0.0,5269,16126,32.7
1785433055.715,17:37:35,baseline,4,0.0,5269,16126,32.7
1785433055.715,17:37:35,baseline,5,0.0,5269,16126,32.7
1785433055.715,17:37:35,baseline,6,0.0,5269,16126,32.7
1785433055.715,17:37:35,baseline,7,0.0,5271,16126,32.7
1785433056.715,17:37:36,baseline,0,0.0,5269,16126,32.7
1785433056.715,17:37:36,baseline,1,0.0,5269,16126,32.7
1785433056.715,17:37:36,baseline,2,0.0,5269,16126,32.7
1785433056.715,17:37:36,baseline,3,0.0,5269,16126,32.7
1785433056.715,17:37:36,baseline,4,0.0,5269,16126,32.7
1785433056.715,17:37:36,baseline,5,0.0,5269,16126,32.7
1785433056.715,17:37:36,baseline,6,0.0,5269,16126,32.7
1785433056.715,17:37:36,baseline,7,0.0,5271,16126,32.7
1785433057.715,17:37:37,baseline,0,0.0,5269,16126,32.7
1785433057.715,17:37:37,baseline,1,0.0,5269,16126,32.7
1785433057.715,17:37:37,baseline,2,0.0,5269,16126,32.7
1785433057.715,17:37:37,baseline,3,0.0,5269,16126,32.7
1785433057.715,17:37:37,baseline,4,0.0,5269,16126,32.7
1785433057.715,17:37:37,baseline,5,0.0,5269,16126,32.7
1785433057.715,17:37:37,baseline,6,0.0,5269,16126,32.7
1785433057.715,17:37:37,baseline,7,0.0,5271,16126,32.7
1785433058.716,17:37:38,baseline,0,0.0,5269,16126,32.7
1785433058.716,17:37:38,baseline,1,0.0,5269,16126,32.7
1785433058.716,17:37:38,baseline,2,0.0,5269,16126,32.7
1785433058.716,17:37:38,baseline,3,0.0,5269,16126,32.7
1785433058.716,17:37:38,baseline,4,0.0,5269,16126,32.7
1785433058.716,17:37:38,baseline,5,0.0,5269,16126,32.7
1785433058.716,17:37:38,baseline,6,0.0,5269,16126,32.7
1785433058.716,17:37:38,baseline,7,0.0,5271,16126,32.7
1785433059.716,17:37:39,baseline,0,0.0,5269,16126,32.7
1785433059.716,17:37:39,baseline,1,0.0,5269,16126,32.7
1785433059.716,17:37:39,baseline,2,0.0,5269,16126,32.7
1785433059.716,17:37:39,baseline,3,0.0,5269,16126,32.7
1785433059.716,17:37:39,baseline,4,0.0,5269,16126,32.7
1785433059.716,17:37:39,baseline,5,0.0,5269,16126,32.7
1785433059.716,17:37:39,baseline,6,0.0,5269,16126,32.7
1785433059.716,17:37:39,baseline,7,0.0,5271,16126,32.7
1785433060.716,17:37:40,baseline,0,0.0,5269,16126,32.7
1785433060.716,17:37:40,baseline,1,0.0,5269,16126,32.7
1785433060.716,17:37:40,baseline,2,0.0,5269,16126,32.7
1785433060.716,17:37:40,baseline,3,0.0,5269,16126,32.7
1785433060.716,17:37:40,baseline,4,0.0,5269,16126,32.7
1785433060.716,17:37:40,baseline,5,0.0,5269,16126,32.7
1785433060.716,17:37:40,baseline,6,0.0,5269,16126,32.7
1785433060.716,17:37:40,baseline,7,0.0,5271,16126,32.7
1785433061.716,17:37:41,baseline,0,0.0,5269,16126,32.7
1785433061.716,17:37:41,baseline,1,0.0,5269,16126,32.7
1785433061.716,17:37:41,baseline,2,0.0,5269,16126,32.7
1785433061.716,17:37:41,baseline,3,0.0,5269,16126,32.7
1785433061.716,17:37:41,baseline,4,0.0,5269,16126,32.7
1785433061.716,17:37:41,baseline,5,0.0,5269,16126,32.7
1785433061.716,17:37:41,baseline,6,0.0,5269,16126,32.7
1785433061.716,17:37:41,baseline,7,0.0,5271,16126,32.7
1785433062.716,17:37:42,baseline,0,0.0,5269,16126,32.7
1785433062.716,17:37:42,baseline,1,0.0,5269,16126,32.7
1785433062.716,17:37:42,baseline,2,0.0,5269,16126,32.7
1785433062.716,17:37:42,baseline,3,0.0,5269,16126,32.7
1785433062.716,17:37:42,baseline,4,0.0,5269,16126,32.7
1785433062.716,17:37:42,baseline,5,0.0,5269,16126,32.7
1785433062.716,17:37:42,baseline,6,0.0,5269,16126,32.7
1785433062.716,17:37:42,baseline,7,0.0,5271,16126,32.7
1785433063.716,17:37:43,baseline,0,0.0,5269,16126,32.7
1785433063.716,17:37:43,baseline,1,0.0,5269,16126,32.7
1785433063.716,17:37:43,baseline,2,0.0,5269,16126,32.7
1785433063.716,17:37:43,baseline,3,0.0,5269,16126,32.7
1785433063.716,17:37:43,baseline,4,0.0,5269,16126,32.7
1785433063.716,17:37:43,baseline,5,0.0,5269,16126,32.7
1785433063.716,17:37:43,baseline,6,0.0,5269,16126,32.7
1785433063.716,17:37:43,baseline,7,0.0,5271,16126,32.7
1785433064.716,17:37:44,baseline,0,0.0,5269,16126,32.7
1785433064.716,17:37:44,baseline,1,0.0,5269,16126,32.7
1785433064.716,17:37:44,baseline,2,0.0,5269,16126,32.7
1785433064.716,17:37:44,baseline,3,0.0,5269,16126,32.7
1785433064.716,17:37:44,baseline,4,0.0,5269,16126,32.7
1785433064.716,17:37:44,baseline,5,0.0,5269,16126,32.7
1785433064.716,17:37:44,baseline,6,0.0,5269,16126,32.7
1785433064.716,17:37:44,baseline,7,0.0,5271,16126,32.7
1785433065.717,17:37:45,baseline,0,0.0,5269,16126,32.7
1785433065.717,17:37:45,baseline,1,0.0,5269,16126,32.7
1785433065.717,17:37:45,baseline,2,0.0,5269,16126,32.7
1785433065.717,17:37:45,baseline,3,0.0,5269,16126,32.7
1785433065.717,17:37:45,baseline,4,0.0,5269,16126,32.7
1785433065.717,17:37:45,baseline,5,0.0,5269,16126,32.7
1785433065.717,17:37:45,baseline,6,0.0,5269,16126,32.7
1785433065.717,17:37:45,baseline,7,0.0,5271,16126,32.7
1785433066.717,17:37:46,baseline,0,0.0,5269,16126,32.7
1785433066.717,17:37:46,baseline,1,0.0,5269,16126,32.7
1785433066.717,17:37:46,baseline,2,0.0,5269,16126,32.7
1785433066.717,17:37:46,baseline,3,0.0,5269,16126,32.7
1785433066.717,17:37:46,baseline,4,0.0,5269,16126,32.7
1785433066.717,17:37:46,baseline,5,0.0,5269,16126,32.7
1785433066.717,17:37:46,baseline,6,0.0,5269,16126,32.7
1785433066.717,17:37:46,baseline,7,0.0,5271,16126,32.7
1785433067.717,17:37:47,baseline,0,0.0,5269,16126,32.7
1785433067.717,17:37:47,baseline,1,0.0,5269,16126,32.7
1785433067.717,17:37:47,baseline,2,0.0,5269,16126,32.7
1785433067.717,17:37:47,baseline,3,0.0,5269,16126,32.7
1785433067.717,17:37:47,baseline,4,0.0,5269,16126,32.7
1785433067.717,17:37:47,baseline,5,0.0,5269,16126,32.7
1785433067.717,17:37:47,baseline,6,0.0,5269,16126,32.7
1785433067.717,17:37:47,baseline,7,0.0,5271,16126,32.7
1785433068.717,17:37:48,baseline,0,0.0,5269,16126,32.7
1785433068.717,17:37:48,baseline,1,0.0,5269,16126,32.7
1785433068.717,17:37:48,baseline,2,0.0,5269,16126,32.7
1785433068.717,17:37:48,baseline,3,0.0,5269,16126,32.7
1785433068.717,17:37:48,baseline,4,0.0,5269,16126,32.7
1785433068.717,17:37:48,baseline,5,0.0,5269,16126,32.7
1785433068.717,17:37:48,baseline,6,0.0,5269,16126,32.7
1785433068.717,17:37:48,baseline,7,0.0,5271,16126,32.7
1785433069.717,17:37:49,baseline,0,0.0,5269,16126,32.7
1785433069.717,17:37:49,baseline,1,0.0,5269,16126,32.7
1785433069.717,17:37:49,baseline,2,0.0,5269,16126,32.7
1785433069.717,17:37:49,baseline,3,0.0,5269,16126,32.7
1785433069.717,17:37:49,baseline,4,0.0,5269,16126,32.7
1785433069.717,17:37:49,baseline,5,0.0,5269,16126,32.7
1785433069.717,17:37:49,baseline,6,0.0,5269,16126,32.7
1785433069.717,17:37:49,baseline,7,0.0,5271,16126,32.7
1785433070.717,17:37:50,baseline,0,0.0,5269,16126,32.7
1785433070.717,17:37:50,baseline,1,0.0,5269,16126,32.7
1785433070.717,17:37:50,baseline,2,0.0,5269,16126,32.7
1785433070.717,17:37:50,baseline,3,0.0,5269,16126,32.7
1785433070.717,17:37:50,baseline,4,0.0,5269,16126,32.7
1785433070.717,17:37:50,baseline,5,0.0,5269,16126,32.7
1785433070.717,17:37:50,baseline,6,0.0,5269,16126,32.7
1785433070.717,17:37:50,baseline,7,0.0,5271,16126,32.7
1785433071.717,17:37:51,baseline,0,0.0,5269,16126,32.7
1785433071.717,17:37:51,baseline,1,0.0,5269,16126,32.7
1785433071.717,17:37:51,baseline,2,0.0,5269,16126,32.7
1785433071.717,17:37:51,baseline,3,0.0,5269,16126,32.7
1785433071.717,17:37:51,baseline,4,0.0,5269,16126,32.7
1785433071.717,17:37:51,baseline,5,0.0,5269,16126,32.7
1785433071.717,17:37:51,baseline,6,0.0,5269,16126,32.7
1785433071.717,17:37:51,baseline,7,0.0,5271,16126,32.7
1785433072.718,17:37:52,baseline,0,0.0,5269,16126,32.7
1785433072.718,17:37:52,baseline,1,0.0,5269,16126,32.7
1785433072.718,17:37:52,baseline,2,0.0,5269,16126,32.7
1785433072.718,17:37:52,baseline,3,0.0,5269,16126,32.7
1785433072.718,17:37:52,baseline,4,0.0,5269,16126,32.7
1785433072.718,17:37:52,baseline,5,0.0,5269,16126,32.7
1785433072.718,17:37:52,baseline,6,0.0,5269,16126,32.7
1785433072.718,17:37:52,baseline,7,0.0,5271,16126,32.7
1785433073.718,17:37:53,baseline,0,0.0,5269,16126,32.7
1785433073.718,17:37:53,baseline,1,0.0,5269,16126,32.7
1785433073.718,17:37:53,baseline,2,0.0,5269,16126,32.7
1785433073.718,17:37:53,baseline,3,0.0,5269,16126,32.7
1785433073.718,17:37:53,baseline,4,0.0,5269,16126,32.7
1785433073.718,17:37:53,baseline,5,0.0,5269,16126,32.7
1785433073.718,17:37:53,baseline,6,0.0,5269,16126,32.7
1785433073.718,17:37:53,baseline,7,0.0,5271,16126,32.7
1785433074.718,17:37:54,baseline,0,0.0,5269,16126,32.7
1785433074.718,17:37:54,baseline,1,0.0,5269,16126,32.7
1785433074.718,17:37:54,baseline,2,0.0,5269,16126,32.7
1785433074.718,17:37:54,baseline,3,0.0,5269,16126,32.7
1785433074.718,17:37:54,baseline,4,0.0,5269,16126,32.7
1785433074.718,17:37:54,baseline,5,0.0,5269,16126,32.7
1785433074.718,17:37:54,baseline,6,0.0,5269,16126,32.7
1785433074.718,17:37:54,baseline,7,0.0,5271,16126,32.7
1785433075.718,17:37:55,baseline,0,0.0,5269,16126,32.7
1785433075.718,17:37:55,baseline,1,0.0,5269,16126,32.7
1785433075.718,17:37:55,baseline,2,0.0,5269,16126,32.7
1785433075.718,17:37:55,baseline,3,0.0,5269,16126,32.7
1785433075.718,17:37:55,baseline,4,0.0,5269,16126,32.7
1785433075.718,17:37:55,baseline,5,0.0,5269,16126,32.7
1785433075.718,17:37:55,baseline,6,0.0,5269,16126,32.7
1785433075.718,17:37:55,baseline,7,0.0,5271,16126,32.7
1785433076.718,17:37:56,baseline,0,0.0,5269,16126,32.7
1785433076.718,17:37:56,baseline,1,0.0,5269,16126,32.7
1785433076.718,17:37:56,baseline,2,0.0,5269,16126,32.7
1785433076.718,17:37:56,baseline,3,0.0,5269,16126,32.7
1785433076.718,17:37:56,baseline,4,0.0,5269,16126,32.7
1785433076.718,17:37:56,baseline,5,0.0,5269,16126,32.7
1785433076.718,17:37:56,baseline,6,0.0,5269,16126,32.7
1785433076.718,17:37:56,baseline,7,0.0,5271,16126,32.7
1785433077.718,17:37:57,baseline,0,0.0,5269,16126,32.7
1785433077.718,17:37:57,baseline,1,0.0,5269,16126,32.7
1785433077.718,17:37:57,baseline,2,0.0,5269,16126,32.7
1785433077.718,17:37:57,baseline,3,0.0,5269,16126,32.7
1785433077.718,17:37:57,baseline,4,0.0,5269,16126,32.7
1785433077.718,17:37:57,baseline,5,0.0,5269,16126,32.7
1785433077.718,17:37:57,baseline,6,0.0,5269,16126,32.7
1785433077.718,17:37:57,baseline,7,0.0,5271,16126,32.7
1785433078.718,17:37:58,baseline,0,0.0,5269,16126,32.7
1785433078.718,17:37:58,baseline,1,0.0,5269,16126,32.7
1785433078.718,17:37:58,baseline,2,0.0,5269,16126,32.7
1785433078.718,17:37:58,baseline,3,0.0,5269,16126,32.7
1785433078.718,17:37:58,baseline,4,0.0,5269,16126,32.7
1785433078.718,17:37:58,baseline,5,0.0,5269,16126,32.7
1785433078.718,17:37:58,baseline,6,0.0,5269,16126,32.7
1785433078.718,17:37:58,baseline,7,0.0,5271,16126,32.7
1785433079.719,17:37:59,baseline,0,0.0,5269,16126,32.7
1785433079.719,17:37:59,baseline,1,0.0,5269,16126,32.7
1785433079.719,17:37:59,baseline,2,0.0,5269,16126,32.7
1785433079.719,17:37:59,baseline,3,0.0,5269,16126,32.7
1785433079.719,17:37:59,baseline,4,0.0,5269,16126,32.7
1785433079.719,17:37:59,baseline,5,0.0,5269,16126,32.7
1785433079.719,17:37:59,baseline,6,0.0,5269,16126,32.7
1785433079.719,17:37:59,baseline,7,0.0,5271,16126,32.7
1785433080.719,17:38:00,baseline,0,0.0,5269,16126,32.7
1785433080.719,17:38:00,baseline,1,0.0,5269,16126,32.7
1785433080.719,17:38:00,baseline,2,0.0,5269,16126,32.7
1785433080.719,17:38:00,baseline,3,0.0,5269,16126,32.7
1785433080.719,17:38:00,baseline,4,0.0,5269,16126,32.7
1785433080.719,17:38:00,baseline,5,0.0,5269,16126,32.7
1785433080.719,17:38:00,baseline,6,0.0,5269,16126,32.7
1785433080.719,17:38:00,baseline,7,0.0,5271,16126,32.7
1785433081.719,17:38:01,baseline,0,0.0,5269,16126,32.7
1785433081.719,17:38:01,baseline,1,0.0,5269,16126,32.7
1785433081.719,17:38:01,baseline,2,0.0,5269,16126,32.7
1785433081.719,17:38:01,baseline,3,0.0,5269,16126,32.7
1785433081.719,17:38:01,baseline,4,0.0,5269,16126,32.7
1785433081.719,17:38:01,baseline,5,0.0,5269,16126,32.7
1785433081.719,17:38:01,baseline,6,0.0,5269,16126,32.7
1785433081.719,17:38:01,baseline,7,0.0,5271,16126,32.7
1785433082.719,17:38:02,baseline,0,0.0,5269,16126,32.7
1785433082.719,17:38:02,baseline,1,0.0,5269,16126,32.7
1785433082.719,17:38:02,baseline,2,0.0,5269,16126,32.7
1785433082.719,17:38:02,baseline,3,0.0,5269,16126,32.7
1785433082.719,17:38:02,baseline,4,0.0,5269,16126,32.7
1785433082.719,17:38:02,baseline,5,0.0,5269,16126,32.7
1785433082.719,17:38:02,baseline,6,0.0,5269,16126,32.7
1785433082.719,17:38:02,baseline,7,0.0,5271,16126,32.7
1785433083.719,17:38:03,baseline,0,0.0,5269,16126,32.7
1785433083.719,17:38:03,baseline,1,0.0,5269,16126,32.7
1785433083.719,17:38:03,baseline,2,0.0,5269,16126,32.7
1785433083.719,17:38:03,baseline,3,0.0,5269,16126,32.7
1785433083.719,17:38:03,baseline,4,0.0,5269,16126,32.7
1785433083.719,17:38:03,baseline,5,0.0,5269,16126,32.7
1785433083.719,17:38:03,baseline,6,0.0,5269,16126,32.7
1785433083.719,17:38:03,baseline,7,0.0,5271,16126,32.7
1785433084.719,17:38:04,baseline,0,0.0,5269,16126,32.7
1785433084.719,17:38:04,baseline,1,0.0,5269,16126,32.7
1785433084.719,17:38:04,baseline,2,0.0,5269,16126,32.7
1785433084.719,17:38:04,baseline,3,0.0,5269,16126,32.7
1785433084.719,17:38:04,baseline,4,0.0,5269,16126,32.7
1785433084.719,17:38:04,baseline,5,0.0,5269,16126,32.7
1785433084.719,17:38:04,baseline,6,0.0,5269,16126,32.7
1785433084.719,17:38:04,baseline,7,0.0,5271,16126,32.7
1785433085.719,17:38:05,baseline,0,0.0,5269,16126,32.7
1785433085.719,17:38:05,baseline,1,0.0,5269,16126,32.7
1785433085.719,17:38:05,baseline,2,0.0,5269,16126,32.7
1785433085.719,17:38:05,baseline,3,0.0,5269,16126,32.7
1785433085.719,17:38:05,baseline,4,0.0,5269,16126,32.7
1785433085.719,17:38:05,baseline,5,0.0,5269,16126,32.7
1785433085.719,17:38:05,baseline,6,0.0,5269,16126,32.7
1785433085.719,17:38:05,baseline,7,0.0,5271,16126,32.7
1785433086.72,17:38:06,baseline,0,0.0,5269,16126,32.7
1785433086.72,17:38:06,baseline,1,0.0,5269,16126,32.7
1785433086.72,17:38:06,baseline,2,0.0,5269,16126,32.7
1785433086.72,17:38:06,baseline,3,0.0,5269,16126,32.7
1785433086.72,17:38:06,baseline,4,0.0,5269,16126,32.7
1785433086.72,17:38:06,baseline,5,0.0,5269,16126,32.7
1785433086.72,17:38:06,baseline,6,0.0,5269,16126,32.7
1785433086.72,17:38:06,baseline,7,0.0,5271,16126,32.7
1785433087.72,17:38:07,baseline,0,0.0,5269,16126,32.7
1785433087.72,17:38:07,baseline,1,0.0,5269,16126,32.7
1785433087.72,17:38:07,baseline,2,0.0,5269,16126,32.7
1785433087.72,17:38:07,baseline,3,0.0,5269,16126,32.7
1785433087.72,17:38:07,baseline,4,0.0,5269,16126,32.7
1785433087.72,17:38:07,baseline,5,0.0,5269,16126,32.7
1785433087.72,17:38:07,baseline,6,0.0,5269,16126,32.7
1785433087.72,17:38:07,baseline,7,0.0,5271,16126,32.7
1785433088.72,17:38:08,baseline,0,0.0,5269,16126,32.7
1785433088.72,17:38:08,baseline,1,0.0,5269,16126,32.7
1785433088.72,17:38:08,baseline,2,0.0,5269,16126,32.7
1785433088.72,17:38:08,baseline,3,0.0,5269,16126,32.7
1785433088.72,17:38:08,baseline,4,0.0,5269,16126,32.7
1785433088.72,17:38:08,baseline,5,0.0,5269,16126,32.7
1785433088.72,17:38:08,baseline,6,0.0,5269,16126,32.7
1785433088.72,17:38:08,baseline,7,0.0,5271,16126,32.7
1785433089.72,17:38:09,baseline,0,0.0,5269,16126,32.7
1785433089.72,17:38:09,baseline,1,0.0,5269,16126,32.7
1785433089.72,17:38:09,baseline,2,0.0,5269,16126,32.7
1785433089.72,17:38:09,baseline,3,0.0,5269,16126,32.7
1785433089.72,17:38:09,baseline,4,0.0,5269,16126,32.7
1785433089.72,17:38:09,baseline,5,0.0,5269,16126,32.7
1785433089.72,17:38:09,baseline,6,0.0,5269,16126,32.7
1785433089.72,17:38:09,baseline,7,0.0,5271,16126,32.7
1785433090.72,17:38:10,baseline,0,0.0,5269,16126,32.7
1785433090.72,17:38:10,baseline,1,0.0,5269,16126,32.7
1785433090.72,17:38:10,baseline,2,0.0,5269,16126,32.7
1785433090.72,17:38:10,baseline,3,0.0,5269,16126,32.7
1785433090.72,17:38:10,baseline,4,0.0,5269,16126,32.7
1785433090.72,17:38:10,baseline,5,0.0,5269,16126,32.7
1785433090.72,17:38:10,baseline,6,0.0,5269,16126,32.7
1785433090.72,17:38:10,baseline,7,0.0,5271,16126,32.7
1785433091.72,17:38:11,baseline,0,0.0,5269,16126,32.7
1785433091.72,17:38:11,baseline,1,0.0,5269,16126,32.7
1785433091.72,17:38:11,baseline,2,0.0,5269,16126,32.7
1785433091.72,17:38:11,baseline,3,0.0,5269,16126,32.7
1785433091.72,17:38:11,baseline,4,0.0,5269,16126,32.7
1785433091.72,17:38:11,baseline,5,0.0,5269,16126,32.7
1785433091.72,17:38:11,baseline,6,0.0,5269,16126,32.7
1785433091.72,17:38:11,baseline,7,0.0,5271,16126,32.7
1785433092.72,17:38:12,baseline,0,0.0,5269,16126,32.7
1785433092.72,17:38:12,baseline,1,0.0,5269,16126,32.7
1785433092.72,17:38:12,baseline,2,0.0,5269,16126,32.7
1785433092.72,17:38:12,baseline,3,0.0,5269,16126,32.7
1785433092.72,17:38:12,baseline,4,0.0,5269,16126,32.7
1785433092.72,17:38:12,baseline,5,0.0,5269,16126,32.7
1785433092.72,17:38:12,baseline,6,0.0,5269,16126,32.7
1785433092.72,17:38:12,baseline,7,0.0,5271,16126,32.7
1785433093.721,17:38:13,baseline,0,0.0,5269,16126,32.7
1785433093.721,17:38:13,baseline,1,0.0,5269,16126,32.7
1785433093.721,17:38:13,baseline,2,0.0,5269,16126,32.7
1785433093.721,17:38:13,baseline,3,0.0,5269,16126,32.7
1785433093.721,17:38:13,baseline,4,0.0,5269,16126,32.7
1785433093.721,17:38:13,baseline,5,0.0,5269,16126,32.7
1785433093.721,17:38:13,baseline,6,0.0,5269,16126,32.7
1785433093.721,17:38:13,baseline,7,0.0,5271,16126,32.7
1785433094.721,17:38:14,baseline,0,0.0,5269,16126,32.7
1785433094.721,17:38:14,baseline,1,0.0,5269,16126,32.7
1785433094.721,17:38:14,baseline,2,0.0,5269,16126,32.7
1785433094.721,17:38:14,baseline,3,0.0,5269,16126,32.7
1785433094.721,17:38:14,baseline,4,0.0,5269,16126,32.7
1785433094.721,17:38:14,baseline,5,0.0,5269,16126,32.7
1785433094.721,17:38:14,baseline,6,0.0,5269,16126,32.7
1785433094.721,17:38:14,baseline,7,0.0,5271,16126,32.7
1785433095.721,17:38:15,baseline,0,0.0,5269,16126,32.7
1785433095.721,17:38:15,baseline,1,0.0,5269,16126,32.7
1785433095.721,17:38:15,baseline,2,0.0,5269,16126,32.7
1785433095.721,17:38:15,baseline,3,0.0,5269,16126,32.7
1785433095.721,17:38:15,baseline,4,0.0,5269,16126,32.7
1785433095.721,17:38:15,baseline,5,0.0,5269,16126,32.7
1785433095.721,17:38:15,baseline,6,0.0,5269,16126,32.7
1785433095.721,17:38:15,baseline,7,0.0,5271,16126,32.7
1785433096.721,17:38:16,baseline,0,0.0,5269,16126,32.7
1785433096.721,17:38:16,baseline,1,0.0,5269,16126,32.7
1785433096.721,17:38:16,baseline,2,0.0,5269,16126,32.7
1785433096.721,17:38:16,baseline,3,0.0,5269,16126,32.7
1785433096.721,17:38:16,baseline,4,0.0,5269,16126,32.7
1785433096.721,17:38:16,baseline,5,0.0,5269,16126,32.7
1785433096.721,17:38:16,baseline,6,0.0,5269,16126,32.7
1785433096.721,17:38:16,baseline,7,0.0,5271,16126,32.7
1785433097.721,17:38:17,baseline,0,0.0,5269,16126,32.7
1785433097.721,17:38:17,baseline,1,0.0,5269,16126,32.7
1785433097.721,17:38:17,baseline,2,0.0,5269,16126,32.7
1785433097.721,17:38:17,baseline,3,0.0,5269,16126,32.7
1785433097.721,17:38:17,baseline,4,0.0,5269,16126,32.7
1785433097.721,17:38:17,baseline,5,0.0,5269,16126,32.7
1785433097.721,17:38:17,baseline,6,0.0,5269,16126,32.7
1785433097.721,17:38:17,baseline,7,0.0,5271,16126,32.7
1785433098.721,17:38:18,baseline,0,0.0,5269,16126,32.7
1785433098.721,17:38:18,baseline,1,0.0,5269,16126,32.7
1785433098.721,17:38:18,baseline,2,0.0,5269,16126,32.7
1785433098.721,17:38:18,baseline,3,0.0,5269,16126,32.7
1785433098.721,17:38:18,baseline,4,0.0,5269,16126,32.7
1785433098.721,17:38:18,baseline,5,0.0,5269,16126,32.7
1785433098.721,17:38:18,baseline,6,0.0,5269,16126,32.7
1785433098.721,17:38:18,baseline,7,0.0,5271,16126,32.7
1785433099.721,17:38:19,baseline,0,0.0,5269,16126,32.7
1785433099.721,17:38:19,baseline,1,0.0,5269,16126,32.7
1785433099.721,17:38:19,baseline,2,0.0,5269,16126,32.7
1785433099.721,17:38:19,baseline,3,0.0,5269,16126,32.7
1785433099.721,17:38:19,baseline,4,0.0,5269,16126,32.7
1785433099.721,17:38:19,baseline,5,0.0,5269,16126,32.7
1785433099.721,17:38:19,baseline,6,0.0,5269,16126,32.7
1785433099.721,17:38:19,baseline,7,0.0,5271,16126,32.7
1785433100.722,17:38:20,baseline,0,0.0,5269,16126,32.7
1785433100.722,17:38:20,baseline,1,0.0,5269,16126,32.7
1785433100.722,17:38:20,baseline,2,0.0,5269,16126,32.7
1785433100.722,17:38:20,baseline,3,0.0,5269,16126,32.7
1785433100.722,17:38:20,baseline,4,0.0,5269,16126,32.7
1785433100.722,17:38:20,baseline,5,0.0,5269,16126,32.7
1785433100.722,17:38:20,baseline,6,0.0,5269,16126,32.7
1785433100.722,17:38:20,baseline,7,0.0,5271,16126,32.7
1785433101.722,17:38:21,baseline,0,0.0,5269,16126,32.7
1785433101.722,17:38:21,baseline,1,0.0,5269,16126,32.7
1785433101.722,17:38:21,baseline,2,0.0,5269,16126,32.7
1785433101.722,17:38:21,baseline,3,0.0,5269,16126,32.7
1785433101.722,17:38:21,baseline,4,0.0,5269,16126,32.7
1785433101.722,17:38:21,baseline,5,0.0,5269,16126,32.7
1785433101.722,17:38:21,baseline,6,0.0,5269,16126,32.7
1785433101.722,17:38:21,baseline,7,0.0,5271,16126,32.7
1785433102.722,17:38:22,baseline,0,0.0,5269,16126,32.7
1785433102.722,17:38:22,baseline,1,0.0,5269,16126,32.7
1785433102.722,17:38:22,baseline,2,0.0,5269,16126,32.7
1785433102.722,17:38:22,baseline,3,0.0,5269,16126,32.7
1785433102.722,17:38:22,baseline,4,0.0,5269,16126,32.7
1785433102.722,17:38:22,baseline,5,0.0,5269,16126,32.7
1785433102.722,17:38:22,baseline,6,0.0,5269,16126,32.7
1785433102.722,17:38:22,baseline,7,0.0,5271,16126,32.7
1785433103.722,17:38:23,baseline,0,0.0,5269,16126,32.7
1785433103.722,17:38:23,baseline,1,0.0,5269,16126,32.7
1785433103.722,17:38:23,baseline,2,0.0,5269,16126,32.7
1785433103.722,17:38:23,baseline,3,0.0,5269,16126,32.7
1785433103.722,17:38:23,baseline,4,0.0,5269,16126,32.7
1785433103.722,17:38:23,baseline,5,0.0,5269,16126,32.7
1785433103.722,17:38:23,baseline,6,0.0,5269,16126,32.7
1785433103.722,17:38:23,baseline,7,0.0,5271,16126,32.7
1785433104.722,17:38:24,baseline,0,0.0,5269,16126,32.7
1785433104.722,17:38:24,baseline,1,0.0,5269,16126,32.7
1785433104.722,17:38:24,baseline,2,0.0,5269,16126,32.7
1785433104.722,17:38:24,baseline,3,0.0,5269,16126,32.7
1785433104.722,17:38:24,baseline,4,0.0,5269,16126,32.7
1785433104.722,17:38:24,baseline,5,0.0,5269,16126,32.7
1785433104.722,17:38:24,baseline,6,0.0,5269,16126,32.7
1785433104.722,17:38:24,baseline,7,0.0,5271,16126,32.7
1785433105.722,17:38:25,baseline,0,0.0,5269,16126,32.7
1785433105.722,17:38:25,baseline,1,0.0,5269,16126,32.7
1785433105.722,17:38:25,baseline,2,0.0,5269,16126,32.7
1785433105.722,17:38:25,baseline,3,0.0,5269,16126,32.7
1785433105.722,17:38:25,baseline,4,0.0,5269,16126,32.7
1785433105.722,17:38:25,baseline,5,0.0,5269,16126,32.7
1785433105.722,17:38:25,baseline,6,0.0,5269,16126,32.7
1785433105.722,17:38:25,baseline,7,0.0,5271,16126,32.7
1785433106.722,17:38:26,baseline,0,0.0,5269,16126,32.7
1785433106.722,17:38:26,baseline,1,0.0,5269,16126,32.7
1785433106.722,17:38:26,baseline,2,0.0,5269,16126,32.7
1785433106.722,17:38:26,baseline,3,0.0,5269,16126,32.7
1785433106.722,17:38:26,baseline,4,0.0,5269,16126,32.7
1785433106.722,17:38:26,baseline,5,0.0,5269,16126,32.7
1785433106.722,17:38:26,baseline,6,0.0,5269,16126,32.7
1785433106.722,17:38:26,baseline,7,0.0,5271,16126,32.7
1785433107.722,17:38:27,baseline,0,0.0,5269,16126,32.7
1785433107.722,17:38:27,baseline,1,0.0,5269,16126,32.7
1785433107.722,17:38:27,baseline,2,0.0,5269,16126,32.7
1785433107.722,17:38:27,baseline,3,0.0,5269,16126,32.7
1785433107.722,17:38:27,baseline,4,0.0,5269,16126,32.7
1785433107.722,17:38:27,baseline,5,0.0,5269,16126,32.7
1785433107.722,17:38:27,baseline,6,0.0,5269,16126,32.7
1785433107.722,17:38:27,baseline,7,0.0,5271,16126,32.7
1785433108.723,17:38:28,baseline,0,0.0,5269,16126,32.7
1785433108.723,17:38:28,baseline,1,0.0,5269,16126,32.7
1785433108.723,17:38:28,baseline,2,0.0,5269,16126,32.7
1785433108.723,17:38:28,baseline,3,0.0,5269,16126,32.7
1785433108.723,17:38:28,baseline,4,0.0,5269,16126,32.7
1785433108.723,17:38:28,baseline,5,0.0,5269,16126,32.7
1785433108.723,17:38:28,baseline,6,0.0,5269,16126,32.7
1785433108.723,17:38:28,baseline,7,0.0,5271,16126,32.7
1785433109.723,17:38:29,baseline,0,0.0,5269,16126,32.7
1785433109.723,17:38:29,baseline,1,0.0,5269,16126,32.7
1785433109.723,17:38:29,baseline,2,0.0,5269,16126,32.7
1785433109.723,17:38:29,baseline,3,0.0,5269,16126,32.7
1785433109.723,17:38:29,baseline,4,0.0,5269,16126,32.7
1785433109.723,17:38:29,baseline,5,0.0,5269,16126,32.7
1785433109.723,17:38:29,baseline,6,0.0,5269,16126,32.7
1785433109.723,17:38:29,baseline,7,0.0,5271,16126,32.7
1785433110.723,17:38:30,baseline,0,0.0,5269,16126,32.7
1785433110.723,17:38:30,baseline,1,0.0,5269,16126,32.7
1785433110.723,17:38:30,baseline,2,0.0,5269,16126,32.7
1785433110.723,17:38:30,baseline,3,0.0,5269,16126,32.7
1785433110.723,17:38:30,baseline,4,0.0,5269,16126,32.7
1785433110.723,17:38:30,baseline,5,0.0,5269,16126,32.7
1785433110.723,17:38:30,baseline,6,0.0,5269,16126,32.7
1785433110.723,17:38:30,baseline,7,0.0,5271,16126,32.7
1785433111.723,17:38:31,baseline,0,0.0,5269,16126,32.7
1785433111.723,17:38:31,baseline,1,0.0,5269,16126,32.7
1785433111.723,17:38:31,baseline,2,0.0,5269,16126,32.7
1785433111.723,17:38:31,baseline,3,0.0,5269,16126,32.7
1785433111.723,17:38:31,baseline,4,0.0,5269,16126,32.7
1785433111.723,17:38:31,baseline,5,0.0,5269,16126,32.7
1785433111.723,17:38:31,baseline,6,0.0,5269,16126,32.7
1785433111.723,17:38:31,baseline,7,0.0,5271,16126,32.7
1785433112.723,17:38:32,baseline,0,0.0,5269,16126,32.7
1785433112.723,17:38:32,baseline,1,0.0,5269,16126,32.7
1785433112.723,17:38:32,baseline,2,0.0,5269,16126,32.7
1785433112.723,17:38:32,baseline,3,0.0,5269,16126,32.7
1785433112.723,17:38:32,baseline,4,0.0,5269,16126,32.7
1785433112.723,17:38:32,baseline,5,0.0,5269,16126,32.7
1785433112.723,17:38:32,baseline,6,0.0,5269,16126,32.7
1785433112.723,17:38:32,baseline,7,0.0,5271,16126,32.7
1785433113.723,17:38:33,baseline,0,0.0,5269,16126,32.7
1785433113.723,17:38:33,baseline,1,0.0,5269,16126,32.7
1785433113.723,17:38:33,baseline,2,0.0,5269,16126,32.7
1785433113.723,17:38:33,baseline,3,0.0,5269,16126,32.7
1785433113.723,17:38:33,baseline,4,0.0,5269,16126,32.7
1785433113.723,17:38:33,baseline,5,0.0,5269,16126,32.7
1785433113.723,17:38:33,baseline,6,0.0,5269,16126,32.7
1785433113.723,17:38:33,baseline,7,0.0,5271,16126,32.7
1785433114.723,17:38:34,baseline,0,0.0,5269,16126,32.7
1785433114.723,17:38:34,baseline,1,0.0,5269,16126,32.7
1785433114.723,17:38:34,baseline,2,0.0,5269,16126,32.7
1785433114.723,17:38:34,baseline,3,0.0,5269,16126,32.7
1785433114.723,17:38:34,baseline,4,0.0,5269,16126,32.7
1785433114.723,17:38:34,baseline,5,0.0,5269,16126,32.7
1785433114.723,17:38:34,baseline,6,0.0,5269,16126,32.7
1785433114.723,17:38:34,baseline,7,0.0,5271,16126,32.7
1785433115.724,17:38:35,baseline,0,0.0,5269,16126,32.7
1785433115.724,17:38:35,baseline,1,0.0,5269,16126,32.7
1785433115.724,17:38:35,baseline,2,0.0,5269,16126,32.7
1785433115.724,17:38:35,baseline,3,0.0,5269,16126,32.7
1785433115.724,17:38:35,baseline,4,0.0,5269,16126,32.7
1785433115.724,17:38:35,baseline,5,0.0,5269,16126,32.7
1785433115.724,17:38:35,baseline,6,0.0,5269,16126,32.7
1785433115.724,17:38:35,baseline,7,0.0,5271,16126,32.7
1785433116.724,17:38:36,baseline,0,0.0,5269,16126,32.7
1785433116.724,17:38:36,baseline,1,0.0,5269,16126,32.7
1785433116.724,17:38:36,baseline,2,0.0,5269,16126,32.7
1785433116.724,17:38:36,baseline,3,0.0,5269,16126,32.7
1785433116.724,17:38:36,baseline,4,0.0,5269,16126,32.7
1785433116.724,17:38:36,baseline,5,0.0,5269,16126,32.7
1785433116.724,17:38:36,baseline,6,0.0,5269,16126,32.7
1785433116.724,17:38:36,baseline,7,0.0,5271,16126,32.7
1785433117.724,17:38:37,baseline,0,0.0,5269,16126,32.7
1785433117.724,17:38:37,baseline,1,0.0,5269,16126,32.7
1785433117.724,17:38:37,baseline,2,0.0,5269,16126,32.7
1785433117.724,17:38:37,baseline,3,0.0,5269,16126,32.7
1785433117.724,17:38:37,baseline,4,0.0,5269,16126,32.7
1785433117.724,17:38:37,baseline,5,0.0,5269,16126,32.7
1785433117.724,17:38:37,baseline,6,0.0,5269,16126,32.7
1785433117.724,17:38:37,baseline,7,0.0,5271,16126,32.7
1785433118.724,17:38:38,baseline,0,0.0,5269,16126,32.7
1785433118.724,17:38:38,baseline,1,0.0,5269,16126,32.7
1785433118.724,17:38:38,baseline,2,0.0,5269,16126,32.7
1785433118.724,17:38:38,baseline,3,0.0,5269,16126,32.7
1785433118.724,17:38:38,baseline,4,0.0,5269,16126,32.7
1785433118.724,17:38:38,baseline,5,0.0,5269,16126,32.7
1785433118.724,17:38:38,baseline,6,0.0,5269,16126,32.7
1785433118.724,17:38:38,baseline,7,0.0,5271,16126,32.7
1785433119.724,17:38:39,baseline,0,0.0,5269,16126,32.7
1785433119.724,17:38:39,baseline,1,0.0,5269,16126,32.7
1785433119.724,17:38:39,baseline,2,0.0,5269,16126,32.7
1785433119.724,17:38:39,baseline,3,0.0,5269,16126,32.7
1785433119.724,17:38:39,baseline,4,0.0,5269,16126,32.7
1785433119.724,17:38:39,baseline,5,0.0,5269,16126,32.7
1785433119.724,17:38:39,baseline,6,0.0,5269,16126,32.7
1785433119.724,17:38:39,baseline,7,0.0,5271,16126,32.7
1785433120.724,17:38:40,baseline,0,0.0,5269,16126,32.7
1785433120.724,17:38:40,baseline,1,0.0,5269,16126,32.7
1785433120.724,17:38:40,baseline,2,0.0,5269,16126,32.7
1785433120.724,17:38:40,baseline,3,0.0,5269,16126,32.7
1785433120.724,17:38:40,baseline,4,0.0,5269,16126,32.7
1785433120.724,17:38:40,baseline,5,0.0,5269,16126,32.7
1785433120.724,17:38:40,baseline,6,0.0,5269,16126,32.7
1785433120.724,17:38:40,baseline,7,0.0,5271,16126,32.7
1785433121.724,17:38:41,baseline,0,0.0,5269,16126,32.7
1785433121.724,17:38:41,baseline,1,0.0,5269,16126,32.7
1785433121.724,17:38:41,baseline,2,0.0,5269,16126,32.7
1785433121.724,17:38:41,baseline,3,0.0,5269,16126,32.7
1785433121.724,17:38:41,baseline,4,0.0,5269,16126,32.7
1785433121.724,17:38:41,baseline,5,0.0,5269,16126,32.7
1785433121.724,17:38:41,baseline,6,0.0,5269,16126,32.7
1785433121.724,17:38:41,baseline,7,0.0,5271,16126,32.7
1785433122.725,17:38:42,baseline,0,0.0,5269,16126,32.7
1785433122.725,17:38:42,baseline,1,0.0,5269,16126,32.7
1785433122.725,17:38:42,baseline,2,0.0,5269,16126,32.7
1785433122.725,17:38:42,baseline,3,0.0,5269,16126,32.7
1785433122.725,17:38:42,baseline,4,0.0,5269,16126,32.7
1785433122.725,17:38:42,baseline,5,0.0,5269,16126,32.7
1785433122.725,17:38:42,baseline,6,0.0,5269,16126,32.7
1785433122.725,17:38:42,baseline,7,0.0,5271,16126,32.7
1785433123.725,17:38:43,baseline,0,0.0,5269,16126,32.7
1785433123.725,17:38:43,baseline,1,0.0,5269,16126,32.7
1785433123.725,17:38:43,baseline,2,0.0,5269,16126,32.7
1785433123.725,17:38:43,baseline,3,0.0,5269,16126,32.7
1785433123.725,17:38:43,baseline,4,0.0,5269,16126,32.7
1785433123.725,17:38:43,baseline,5,0.0,5269,16126,32.7
1785433123.725,17:38:43,baseline,6,0.0,5269,16126,32.7
1785433123.725,17:38:43,baseline,7,0.0,5271,16126,32.7
1785433124.725,17:38:44,baseline,0,0.0,5269,16126,32.7
1785433124.725,17:38:44,baseline,1,0.0,5269,16126,32.7
1785433124.725,17:38:44,baseline,2,0.0,5269,16126,32.7
1785433124.725,17:38:44,baseline,3,0.0,5269,16126,32.7
1785433124.725,17:38:44,baseline,4,0.0,5269,16126,32.7
1785433124.725,17:38:44,baseline,5,0.0,5269,16126,32.7
1785433124.725,17:38:44,baseline,6,0.0,5269,16126,32.7
1785433124.725,17:38:44,baseline,7,0.0,5271,16126,32.7
1785433125.725,17:38:45,baseline,0,0.0,5269,16126,32.7
1785433125.725,17:38:45,baseline,1,0.0,5269,16126,32.7
1785433125.725,17:38:45,baseline,2,0.0,5269,16126,32.7
1785433125.725,17:38:45,baseline,3,0.0,5269,16126,32.7
1785433125.725,17:38:45,baseline,4,0.0,5269,16126,32.7
1785433125.725,17:38:45,baseline,5,0.0,5269,16126,32.7
1785433125.725,17:38:45,baseline,6,0.0,5269,16126,32.7
1785433125.725,17:38:45,baseline,7,0.0,5271,16126,32.7
1785433126.725,17:38:46,baseline,0,0.0,5269,16126,32.7
1785433126.725,17:38:46,baseline,1,0.0,5269,16126,32.7
1785433126.725,17:38:46,baseline,2,0.0,5269,16126,32.7
1785433126.725,17:38:46,baseline,3,0.0,5269,16126,32.7
1785433126.725,17:38:46,baseline,4,0.0,5269,16126,32.7
1785433126.725,17:38:46,baseline,5,0.0,5269,16126,32.7
1785433126.725,17:38:46,baseline,6,0.0,5269,16126,32.7
1785433126.725,17:38:46,baseline,7,0.0,5271,16126,32.7
1785433127.725,17:38:47,baseline,0,0.0,5269,16126,32.7
1785433127.725,17:38:47,baseline,1,0.0,5269,16126,32.7
1785433127.725,17:38:47,baseline,2,0.0,5269,16126,32.7
1785433127.725,17:38:47,baseline,3,0.0,5269,16126,32.7
1785433127.725,17:38:47,baseline,4,0.0,5269,16126,32.7
1785433127.725,17:38:47,baseline,5,0.0,5269,16126,32.7
1785433127.725,17:38:47,baseline,6,0.0,5269,16126,32.7
1785433127.725,17:38:47,baseline,7,0.0,5271,16126,32.7
1785433128.726,17:38:48,baseline,0,0.0,5269,16126,32.7
1785433128.726,17:38:48,baseline,1,0.0,5269,16126,32.7
1785433128.726,17:38:48,baseline,2,0.0,5269,16126,32.7
1785433128.726,17:38:48,baseline,3,0.0,5269,16126,32.7
1785433128.726,17:38:48,baseline,4,0.0,5269,16126,32.7
1785433128.726,17:38:48,baseline,5,0.0,5269,16126,32.7
1785433128.726,17:38:48,baseline,6,0.0,5269,16126,32.7
1785433128.726,17:38:48,baseline,7,0.0,5271,16126,32.7
1785433129.726,17:38:49,baseline,0,0.0,5269,16126,32.7
1785433129.726,17:38:49,baseline,1,0.0,5269,16126,32.7
1785433129.726,17:38:49,baseline,2,0.0,5269,16126,32.7
1785433129.726,17:38:49,baseline,3,0.0,5269,16126,32.7
1785433129.726,17:38:49,baseline,4,0.0,5269,16126,32.7
1785433129.726,17:38:49,baseline,5,0.0,5269,16126,32.7
1785433129.726,17:38:49,baseline,6,0.0,5269,16126,32.7
1785433129.726,17:38:49,baseline,7,0.0,5271,16126,32.7
1785433130.726,17:38:50,baseline,0,0.0,5269,16126,32.7
1785433130.726,17:38:50,baseline,1,0.0,5269,16126,32.7
1785433130.726,17:38:50,baseline,2,0.0,5269,16126,32.7
1785433130.726,17:38:50,baseline,3,0.0,5269,16126,32.7
1785433130.726,17:38:50,baseline,4,0.0,5269,16126,32.7
1785433130.726,17:38:50,baseline,5,0.0,5269,16126,32.7
1785433130.726,17:38:50,baseline,6,0.0,5269,16126,32.7
1785433130.726,17:38:50,baseline,7,0.0,5271,16126,32.7
1785433131.726,17:38:51,baseline,0,0.0,5269,16126,32.7
1785433131.726,17:38:51,baseline,1,0.0,5269,16126,32.7
1785433131.726,17:38:51,baseline,2,0.0,5269,16126,32.7
1785433131.726,17:38:51,baseline,3,0.0,5269,16126,32.7
1785433131.726,17:38:51,baseline,4,0.0,5269,16126,32.7
1785433131.726,17:38:51,baseline,5,0.0,5269,16126,32.7
1785433131.726,17:38:51,baseline,6,0.0,5269,16126,32.7
1785433131.726,17:38:51,baseline,7,0.0,5271,16126,32.7
1785433132.726,17:38:52,baseline,0,0.0,5269,16126,32.7
1785433132.726,17:38:52,baseline,1,0.0,5269,16126,32.7
1785433132.726,17:38:52,baseline,2,0.0,5269,16126,32.7
1785433132.726,17:38:52,baseline,3,0.0,5269,16126,32.7
1785433132.726,17:38:52,baseline,4,0.0,5269,16126,32.7
1785433132.726,17:38:52,baseline,5,0.0,5269,16126,32.7
1785433132.726,17:38:52,baseline,6,0.0,5269,16126,32.7
1785433132.726,17:38:52,baseline,7,0.0,5271,16126,32.7
1785433133.726,17:38:53,baseline,0,0.0,5269,16126,32.7
1785433133.726,17:38:53,baseline,1,0.0,5269,16126,32.7
1785433133.726,17:38:53,baseline,2,0.0,5269,16126,32.7
1785433133.726,17:38:53,baseline,3,0.0,5269,16126,32.7
1785433133.726,17:38:53,baseline,4,0.0,5269,16126,32.7
1785433133.726,17:38:53,baseline,5,0.0,5269,16126,32.7
1785433133.726,17:38:53,baseline,6,0.0,5269,16126,32.7
1785433133.726,17:38:53,baseline,7,0.0,5271,16126,32.7
1785433134.726,17:38:54,baseline,0,0.0,5269,16126,32.7
1785433134.726,17:38:54,baseline,1,0.0,5269,16126,32.7
1785433134.726,17:38:54,baseline,2,0.0,5269,16126,32.7
1785433134.726,17:38:54,baseline,3,0.0,5269,16126,32.7
1785433134.726,17:38:54,baseline,4,0.0,5269,16126,32.7
1785433134.726,17:38:54,baseline,5,0.0,5269,16126,32.7
1785433134.726,17:38:54,baseline,6,0.0,5269,16126,32.7
1785433134.726,17:38:54,baseline,7,0.0,5271,16126,32.7
1785433135.727,17:38:55,baseline,0,0.0,5269,16126,32.7
1785433135.727,17:38:55,baseline,1,0.0,5269,16126,32.7
1785433135.727,17:38:55,baseline,2,0.0,5269,16126,32.7
1785433135.727,17:38:55,baseline,3,0.0,5269,16126,32.7
1785433135.727,17:38:55,baseline,4,0.0,5269,16126,32.7
1785433135.727,17:38:55,baseline,5,0.0,5269,16126,32.7
1785433135.727,17:38:55,baseline,6,0.0,5269,16126,32.7
1785433135.727,17:38:55,baseline,7,0.0,5271,16126,32.7
1785433136.727,17:38:56,baseline,0,0.0,5269,16126,32.7
1785433136.727,17:38:56,baseline,1,0.0,5269,16126,32.7
1785433136.727,17:38:56,baseline,2,0.0,5269,16126,32.7
1785433136.727,17:38:56,baseline,3,0.0,5269,16126,32.7
1785433136.727,17:38:56,baseline,4,0.0,5269,16126,32.7
1785433136.727,17:38:56,baseline,5,0.0,5269,16126,32.7
1785433136.727,17:38:56,baseline,6,0.0,5269,16126,32.7
1785433136.727,17:38:56,baseline,7,0.0,5271,16126,32.7
1785433137.727,17:38:57,baseline,0,0.0,5269,16126,32.7
1785433137.727,17:38:57,baseline,1,0.0,5269,16126,32.7
1785433137.727,17:38:57,baseline,2,0.0,5269,16126,32.7
1785433137.727,17:38:57,baseline,3,0.0,5269,16126,32.7
1785433137.727,17:38:57,baseline,4,0.0,5269,16126,32.7
1785433137.727,17:38:57,baseline,5,0.0,5269,16126,32.7
1785433137.727,17:38:57,baseline,6,0.0,5269,16126,32.7
1785433137.727,17:38:57,baseline,7,0.0,5271,16126,32.7
1785433138.727,17:38:58,baseline,0,0.0,5269,16126,32.7
1785433138.727,17:38:58,baseline,1,0.0,5269,16126,32.7
1785433138.727,17:38:58,baseline,2,0.0,5269,16126,32.7
1785433138.727,17:38:58,baseline,3,0.0,5269,16126,32.7
1785433138.727,17:38:58,baseline,4,0.0,5269,16126,32.7
1785433138.727,17:38:58,baseline,5,0.0,5269,16126,32.7
1785433138.727,17:38:58,baseline,6,0.0,5269,16126,32.7
1785433138.727,17:38:58,baseline,7,0.0,5271,16126,32.7
1785433139.727,17:38:59,baseline,0,0.0,5269,16126,32.7
1785433139.727,17:38:59,baseline,1,0.0,5269,16126,32.7
1785433139.727,17:38:59,baseline,2,0.0,5269,16126,32.7
1785433139.727,17:38:59,baseline,3,0.0,5269,16126,32.7
1785433139.727,17:38:59,baseline,4,0.0,5269,16126,32.7
1785433139.727,17:38:59,baseline,5,0.0,5269,16126,32.7
1785433139.727,17:38:59,baseline,6,0.0,5269,16126,32.7
1785433139.727,17:38:59,baseline,7,0.0,5271,16126,32.7
1785433140.728,17:39:00,baseline,0,0.0,5269,16126,32.7
1785433140.728,17:39:00,baseline,1,0.0,5269,16126,32.7
1785433140.728,17:39:00,baseline,2,0.0,5269,16126,32.7
1785433140.728,17:39:00,baseline,3,0.0,5269,16126,32.7
1785433140.728,17:39:00,baseline,4,0.0,5269,16126,32.7
1785433140.728,17:39:00,baseline,5,0.0,5269,16126,32.7
1785433140.728,17:39:00,baseline,6,0.0,5269,16126,32.7
1785433140.728,17:39:00,baseline,7,0.0,5271,16126,32.7
1785433141.728,17:39:01,baseline,0,0.0,5269,16126,32.7
1785433141.728,17:39:01,baseline,1,0.0,5269,16126,32.7
1785433141.728,17:39:01,baseline,2,0.0,5269,16126,32.7
1785433141.728,17:39:01,baseline,3,0.0,5269,16126,32.7
1785433141.728,17:39:01,baseline,4,0.0,5269,16126,32.7
1785433141.728,17:39:01,baseline,5,0.0,5269,16126,32.7
1785433141.728,17:39:01,baseline,6,0.0,5269,16126,32.7
1785433141.728,17:39:01,baseline,7,0.0,5271,16126,32.7
1785433142.728,17:39:02,baseline,0,0.0,5269,16126,32.7
1785433142.728,17:39:02,baseline,1,0.0,5269,16126,32.7
1785433142.728,17:39:02,baseline,2,0.0,5269,16126,32.7
1785433142.728,17:39:02,baseline,3,0.0,5269,16126,32.7
1785433142.728,17:39:02,baseline,4,0.0,5269,16126,32.7
1785433142.728,17:39:02,baseline,5,0.0,5269,16126,32.7
1785433142.728,17:39:02,baseline,6,0.0,5269,16126,32.7
1785433142.728,17:39:02,baseline,7,0.0,5271,16126,32.7
1785433143.728,17:39:03,baseline,0,0.0,5269,16126,32.7
1785433143.728,17:39:03,baseline,1,0.0,5269,16126,32.7
1785433143.728,17:39:03,baseline,2,0.0,5269,16126,32.7
1785433143.728,17:39:03,baseline,3,0.0,5269,16126,32.7
1785433143.728,17:39:03,baseline,4,0.0,5269,16126,32.7
1785433143.728,17:39:03,baseline,5,0.0,5269,16126,32.7
1785433143.728,17:39:03,baseline,6,0.0,5269,16126,32.7
1785433143.728,17:39:03,baseline,7,0.0,5271,16126,32.7
1785433144.728,17:39:04,baseline,0,0.0,5269,16126,32.7
1785433144.728,17:39:04,baseline,1,0.0,5269,16126,32.7
1785433144.728,17:39:04,baseline,2,0.0,5269,16126,32.7
1785433144.728,17:39:04,baseline,3,0.0,5269,16126,32.7
1785433144.728,17:39:04,baseline,4,0.0,5269,16126,32.7
1785433144.728,17:39:04,baseline,5,0.0,5269,16126,32.7
1785433144.728,17:39:04,baseline,6,0.0,5269,16126,32.7
1785433144.728,17:39:04,baseline,7,0.0,5271,16126,32.7
1785433145.728,17:39:05,baseline,0,0.0,5269,16126,32.7
1785433145.728,17:39:05,baseline,1,0.0,5269,16126,32.7
1785433145.728,17:39:05,baseline,2,0.0,5269,16126,32.7
1785433145.728,17:39:05,baseline,3,0.0,5269,16126,32.7
1785433145.728,17:39:05,baseline,4,0.0,5269,16126,32.7
1785433145.728,17:39:05,baseline,5,0.0,5269,16126,32.7
1785433145.728,17:39:05,baseline,6,0.0,5269,16126,32.7
1785433145.728,17:39:05,baseline,7,0.0,5271,16126,32.7
1785433146.728,17:39:06,baseline,0,0.0,5269,16126,32.7
1785433146.728,17:39:06,baseline,1,0.0,5269,16126,32.7
1785433146.728,17:39:06,baseline,2,0.0,5269,16126,32.7
1785433146.728,17:39:06,baseline,3,0.0,5269,16126,32.7
1785433146.728,17:39:06,baseline,4,0.0,5269,16126,32.7
1785433146.728,17:39:06,baseline,5,0.0,5269,16126,32.7
1785433146.728,17:39:06,baseline,6,0.0,5269,16126,32.7
1785433146.728,17:39:06,baseline,7,0.0,5271,16126,32.7
1785433147.728,17:39:07,baseline,0,0.0,5269,16126,32.7
1785433147.728,17:39:07,baseline,1,0.0,5269,16126,32.7
1785433147.728,17:39:07,baseline,2,0.0,5269,16126,32.7
1785433147.728,17:39:07,baseline,3,0.0,5269,16126,32.7
1785433147.728,17:39:07,baseline,4,0.0,5269,16126,32.7
1785433147.728,17:39:07,baseline,5,0.0,5269,16126,32.7
1785433147.728,17:39:07,baseline,6,0.0,5269,16126,32.7
1785433147.728,17:39:07,baseline,7,0.0,5271,16126,32.7
1785433148.728,17:39:08,baseline,0,0.0,5269,16126,32.7
1785433148.728,17:39:08,baseline,1,0.0,5269,16126,32.7
1785433148.728,17:39:08,baseline,2,0.0,5269,16126,32.7
1785433148.728,17:39:08,baseline,3,0.0,5269,16126,32.7
1785433148.728,17:39:08,baseline,4,0.0,5269,16126,32.7
1785433148.728,17:39:08,baseline,5,0.0,5269,16126,32.7
1785433148.728,17:39:08,baseline,6,0.0,5269,16126,32.7
1785433148.728,17:39:08,baseline,7,0.0,5271,16126,32.7
1785433149.729,17:39:09,baseline,0,0.0,5269,16126,32.7
1785433149.729,17:39:09,baseline,1,0.0,5269,16126,32.7
1785433149.729,17:39:09,baseline,2,0.0,5269,16126,32.7
1785433149.729,17:39:09,baseline,3,0.0,5269,16126,32.7
1785433149.729,17:39:09,baseline,4,0.0,5269,16126,32.7
1785433149.729,17:39:09,baseline,5,0.0,5269,16126,32.7
1785433149.729,17:39:09,baseline,6,0.0,5269,16126,32.7
1785433149.729,17:39:09,baseline,7,0.0,5271,16126,32.7
1785433150.729,17:39:10,baseline,0,0.0,5269,16126,32.7
1785433150.729,17:39:10,baseline,1,0.0,5269,16126,32.7
1785433150.729,17:39:10,baseline,2,0.0,5269,16126,32.7
1785433150.729,17:39:10,baseline,3,0.0,5269,16126,32.7
1785433150.729,17:39:10,baseline,4,0.0,5269,16126,32.7
1785433150.729,17:39:10,baseline,5,0.0,5269,16126,32.7
1785433150.729,17:39:10,baseline,6,0.0,5269,16126,32.7
1785433150.729,17:39:10,baseline,7,0.0,5271,16126,32.7
1785433151.729,17:39:11,baseline,0,0.0,5269,16126,32.7
1785433151.729,17:39:11,baseline,1,0.0,5269,16126,32.7
1785433151.729,17:39:11,baseline,2,0.0,5269,16126,32.7
1785433151.729,17:39:11,baseline,3,0.0,5269,16126,32.7
1785433151.729,17:39:11,baseline,4,0.0,5269,16126,32.7
1785433151.729,17:39:11,baseline,5,0.0,5269,16126,32.7
1785433151.729,17:39:11,baseline,6,0.0,5269,16126,32.7
1785433151.729,17:39:11,baseline,7,0.0,5271,16126,32.7
1785433152.729,17:39:12,baseline,0,0.0,5269,16126,32.7
1785433152.729,17:39:12,baseline,1,0.0,5269,16126,32.7
1785433152.729,17:39:12,baseline,2,0.0,5269,16126,32.7
1785433152.729,17:39:12,baseline,3,0.0,5269,16126,32.7
1785433152.729,17:39:12,baseline,4,0.0,5269,16126,32.7
1785433152.729,17:39:12,baseline,5,0.0,5269,16126,32.7
1785433152.729,17:39:12,baseline,6,0.0,5269,16126,32.7
1785433152.729,17:39:12,baseline,7,0.0,5271,16126,32.7
1785433153.729,17:39:13,baseline,0,0.0,5269,16126,32.7
1785433153.729,17:39:13,baseline,1,0.0,5269,16126,32.7
1785433153.729,17:39:13,baseline,2,0.0,5269,16126,32.7
1785433153.729,17:39:13,baseline,3,0.0,5269,16126,32.7
1785433153.729,17:39:13,baseline,4,0.0,5269,16126,32.7
1785433153.729,17:39:13,baseline,5,0.0,5269,16126,32.7
1785433153.729,17:39:13,baseline,6,0.0,5269,16126,32.7
1785433153.729,17:39:13,baseline,7,0.0,5271,16126,32.7
1785433154.729,17:39:14,baseline,0,0.0,5269,16126,32.7
1785433154.729,17:39:14,baseline,1,0.0,5269,16126,32.7
1785433154.729,17:39:14,baseline,2,0.0,5269,16126,32.7
1785433154.729,17:39:14,baseline,3,0.0,5269,16126,32.7
1785433154.729,17:39:14,baseline,4,0.0,5269,16126,32.7
1785433154.729,17:39:14,baseline,5,0.0,5269,16126,32.7
1785433154.729,17:39:14,baseline,6,0.0,5269,16126,32.7
1785433154.729,17:39:14,baseline,7,0.0,5271,16126,32.7
1785433155.729,17:39:15,baseline,0,0.0,5269,16126,32.7
1785433155.729,17:39:15,baseline,1,0.0,5269,16126,32.7
1785433155.729,17:39:15,baseline,2,0.0,5269,16126,32.7
1785433155.729,17:39:15,baseline,3,0.0,5269,16126,32.7
1785433155.729,17:39:15,baseline,4,0.0,5269,16126,32.7
1785433155.729,17:39:15,baseline,5,0.0,5269,16126,32.7
1785433155.729,17:39:15,baseline,6,0.0,5269,16126,32.7
1785433155.729,17:39:15,baseline,7,0.0,5271,16126,32.7
1785433156.729,17:39:16,baseline,0,0.0,5269,16126,32.7
1785433156.729,17:39:16,baseline,1,0.0,5269,16126,32.7
1785433156.729,17:39:16,baseline,2,0.0,5269,16126,32.7
1785433156.729,17:39:16,baseline,3,0.0,5269,16126,32.7
1785433156.729,17:39:16,baseline,4,0.0,5269,16126,32.7
1785433156.729,17:39:16,baseline,5,0.0,5269,16126,32.7
1785433156.729,17:39:16,baseline,6,0.0,5269,16126,32.7
1785433156.729,17:39:16,baseline,7,0.0,5271,16126,32.7
1785433157.73,17:39:17,baseline,0,0.0,5269,16126,32.7
1785433157.73,17:39:17,baseline,1,0.0,5269,16126,32.7
1785433157.73,17:39:17,baseline,2,0.0,5269,16126,32.7
1785433157.73,17:39:17,baseline,3,0.0,5269,16126,32.7
1785433157.73,17:39:17,baseline,4,0.0,5269,16126,32.7
1785433157.73,17:39:17,baseline,5,0.0,5269,16126,32.7
1785433157.73,17:39:17,baseline,6,0.0,5269,16126,32.7
1785433157.73,17:39:17,baseline,7,0.0,5271,16126,32.7
1785433158.73,17:39:18,baseline,0,0.0,5269,16126,32.7
1785433158.73,17:39:18,baseline,1,0.0,5269,16126,32.7
1785433158.73,17:39:18,baseline,2,0.0,5269,16126,32.7
1785433158.73,17:39:18,baseline,3,0.0,5269,16126,32.7
1785433158.73,17:39:18,baseline,4,0.0,5269,16126,32.7
1785433158.73,17:39:18,baseline,5,0.0,5269,16126,32.7
1785433158.73,17:39:18,baseline,6,0.0,5269,16126,32.7
1785433158.73,17:39:18,baseline,7,0.0,5271,16126,32.7
1785433159.73,17:39:19,baseline,0,0.0,5269,16126,32.7
1785433159.73,17:39:19,baseline,1,0.0,5269,16126,32.7
1785433159.73,17:39:19,baseline,2,0.0,5269,16126,32.7
1785433159.73,17:39:19,baseline,3,0.0,5269,16126,32.7
1785433159.73,17:39:19,baseline,4,0.0,5269,16126,32.7
1785433159.73,17:39:19,baseline,5,0.0,5269,16126,32.7
1785433159.73,17:39:19,baseline,6,0.0,5269,16126,32.7
1785433159.73,17:39:19,baseline,7,0.0,5271,16126,32.7
1785433160.73,17:39:20,baseline,0,0.0,5269,16126,32.7
1785433160.73,17:39:20,baseline,1,0.0,5269,16126,32.7
1785433160.73,17:39:20,baseline,2,0.0,5269,16126,32.7
1785433160.73,17:39:20,baseline,3,0.0,5269,16126,32.7
1785433160.73,17:39:20,baseline,4,0.0,5269,16126,32.7
1785433160.73,17:39:20,baseline,5,0.0,5269,16126,32.7
1785433160.73,17:39:20,baseline,6,0.0,5269,16126,32.7
1785433160.73,17:39:20,baseline,7,0.0,5271,16126,32.7
1785433161.73,17:39:21,baseline,0,0.0,5269,16126,32.7
1785433161.73,17:39:21,baseline,1,0.0,5269,16126,32.7
1785433161.73,17:39:21,baseline,2,0.0,5269,16126,32.7
1785433161.73,17:39:21,baseline,3,0.0,5269,16126,32.7
1785433161.73,17:39:21,baseline,4,0.0,5269,16126,32.7
1785433161.73,17:39:21,baseline,5,0.0,5269,16126,32.7
1785433161.73,17:39:21,baseline,6,0.0,5269,16126,32.7
1785433161.73,17:39:21,baseline,7,0.0,5271,16126,32.7
1785433162.73,17:39:22,baseline,0,0.0,5269,16126,32.7
1785433162.73,17:39:22,baseline,1,0.0,5269,16126,32.7
1785433162.73,17:39:22,baseline,2,0.0,5269,16126,32.7
1785433162.73,17:39:22,baseline,3,0.0,5269,16126,32.7
1785433162.73,17:39:22,baseline,4,0.0,5269,16126,32.7
1785433162.73,17:39:22,baseline,5,0.0,5269,16126,32.7
1785433162.73,17:39:22,baseline,6,0.0,5269,16126,32.7
1785433162.73,17:39:22,baseline,7,0.0,5271,16126,32.7
1785433163.73,17:39:23,baseline,0,0.0,5269,16126,32.7
1785433163.73,17:39:23,baseline,1,0.0,5269,16126,32.7
1785433163.73,17:39:23,baseline,2,0.0,5269,16126,32.7
1785433163.73,17:39:23,baseline,3,0.0,5269,16126,32.7
1785433163.73,17:39:23,baseline,4,0.0,5269,16126,32.7
1785433163.73,17:39:23,baseline,5,0.0,5269,16126,32.7
1785433163.73,17:39:23,baseline,6,0.0,5269,16126,32.7
1785433163.73,17:39:23,baseline,7,0.0,5271,16126,32.7
1785433164.731,17:39:24,baseline,0,0.0,5269,16126,32.7
1785433164.731,17:39:24,baseline,1,0.0,5269,16126,32.7
1785433164.731,17:39:24,baseline,2,0.0,5269,16126,32.7
1785433164.731,17:39:24,baseline,3,0.0,5269,16126,32.7
1785433164.731,17:39:24,baseline,4,0.0,5269,16126,32.7
1785433164.731,17:39:24,baseline,5,0.0,5269,16126,32.7
1785433164.731,17:39:24,baseline,6,0.0,5269,16126,32.7
1785433164.731,17:39:24,baseline,7,0.0,5271,16126,32.7
1785433165.731,17:39:25,baseline,0,0.0,5269,16126,32.7
1785433165.731,17:39:25,baseline,1,0.0,5269,16126,32.7
1785433165.731,17:39:25,baseline,2,0.0,5269,16126,32.7
1785433165.731,17:39:25,baseline,3,0.0,5269,16126,32.7
1785433165.731,17:39:25,baseline,4,0.0,5269,16126,32.7
1785433165.731,17:39:25,baseline,5,0.0,5269,16126,32.7
1785433165.731,17:39:25,baseline,6,0.0,5269,16126,32.7
1785433165.731,17:39:25,baseline,7,0.0,5271,16126,32.7
1785433166.731,17:39:26,baseline,0,0.0,5269,16126,32.7
1785433166.731,17:39:26,baseline,1,0.0,5269,16126,32.7
1785433166.731,17:39:26,baseline,2,0.0,5269,16126,32.7
1785433166.731,17:39:26,baseline,3,0.0,5269,16126,32.7
1785433166.731,17:39:26,baseline,4,0.0,5269,16126,32.7
1785433166.731,17:39:26,baseline,5,0.0,5269,16126,32.7
1785433166.731,17:39:26,baseline,6,0.0,5269,16126,32.7
1785433166.731,17:39:26,baseline,7,0.0,5271,16126,32.7
1785433167.731,17:39:27,baseline,0,0.0,5269,16126,32.7
1785433167.731,17:39:27,baseline,1,0.0,5269,16126,32.7
1785433167.731,17:39:27,baseline,2,0.0,5269,16126,32.7
1785433167.731,17:39:27,baseline,3,0.0,5269,16126,32.7
1785433167.731,17:39:27,baseline,4,0.0,5269,16126,32.7
1785433167.731,17:39:27,baseline,5,0.0,5269,16126,32.7
1785433167.731,17:39:27,baseline,6,0.0,5269,16126,32.7
1785433167.731,17:39:27,baseline,7,0.0,5271,16126,32.7
1785433168.731,17:39:28,baseline,0,0.0,5269,16126,32.7
1785433168.731,17:39:28,baseline,1,0.0,5269,16126,32.7
1785433168.731,17:39:28,baseline,2,0.0,5269,16126,32.7
1785433168.731,17:39:28,baseline,3,0.0,5269,16126,32.7
1785433168.731,17:39:28,baseline,4,0.0,5269,16126,32.7
1785433168.731,17:39:28,baseline,5,0.0,5269,16126,32.7
1785433168.731,17:39:28,baseline,6,0.0,5269,16126,32.7
1785433168.731,17:39:28,baseline,7,0.0,5271,16126,32.7
1785433169.731,17:39:29,baseline,0,0.0,5269,16126,32.7
1785433169.731,17:39:29,baseline,1,0.0,5269,16126,32.7
1785433169.731,17:39:29,baseline,2,0.0,5269,16126,32.7
1785433169.731,17:39:29,baseline,3,0.0,5269,16126,32.7
1785433169.731,17:39:29,baseline,4,0.0,5269,16126,32.7
1785433169.731,17:39:29,baseline,5,0.0,5269,16126,32.7
1785433169.731,17:39:29,baseline,6,0.0,5269,16126,32.7
1785433169.731,17:39:29,baseline,7,0.0,5271,16126,32.7
1785433170.731,17:39:30,baseline,0,0.0,5269,16126,32.7
1785433170.731,17:39:30,baseline,1,0.0,5269,16126,32.7
1785433170.731,17:39:30,baseline,2,0.0,5269,16126,32.7
1785433170.731,17:39:30,baseline,3,0.0,5269,16126,32.7
1785433170.731,17:39:30,baseline,4,0.0,5269,16126,32.7
1785433170.731,17:39:30,baseline,5,0.0,5269,16126,32.7
1785433170.731,17:39:30,baseline,6,0.0,5269,16126,32.7
1785433170.731,17:39:30,baseline,7,0.0,5271,16126,32.7
1785433171.732,17:39:31,baseline,0,0.0,5269,16126,32.7
1785433171.732,17:39:31,baseline,1,0.0,5269,16126,32.7
1785433171.732,17:39:31,baseline,2,0.0,5269,16126,32.7
1785433171.732,17:39:31,baseline,3,0.0,5269,16126,32.7
1785433171.732,17:39:31,baseline,4,0.0,5269,16126,32.7
1785433171.732,17:39:31,baseline,5,0.0,5269,16126,32.7
1785433171.732,17:39:31,baseline,6,0.0,5269,16126,32.7
1785433171.732,17:39:31,baseline,7,0.0,5271,16126,32.7
1785433172.732,17:39:32,baseline,0,0.0,5269,16126,32.7
1785433172.732,17:39:32,baseline,1,0.0,5269,16126,32.7
1785433172.732,17:39:32,baseline,2,0.0,5269,16126,32.7
1785433172.732,17:39:32,baseline,3,0.0,5269,16126,32.7
1785433172.732,17:39:32,baseline,4,0.0,5269,16126,32.7
1785433172.732,17:39:32,baseline,5,0.0,5269,16126,32.7
1785433172.732,17:39:32,baseline,6,0.0,5269,16126,32.7
1785433172.732,17:39:32,baseline,7,0.0,5271,16126,32.7
1785433173.732,17:39:33,baseline,0,0.0,5269,16126,32.7
1785433173.732,17:39:33,baseline,1,0.0,5269,16126,32.7
1785433173.732,17:39:33,baseline,2,0.0,5269,16126,32.7
1785433173.732,17:39:33,baseline,3,0.0,5269,16126,32.7
1785433173.732,17:39:33,baseline,4,0.0,5269,16126,32.7
1785433173.732,17:39:33,baseline,5,0.0,5269,16126,32.7
1785433173.732,17:39:33,baseline,6,0.0,5269,16126,32.7
1785433173.732,17:39:33,baseline,7,0.0,5271,16126,32.7
1785433174.732,17:39:34,baseline,0,0.0,5269,16126,32.7
1785433174.732,17:39:34,baseline,1,0.0,5269,16126,32.7
1785433174.732,17:39:34,baseline,2,0.0,5269,16126,32.7
1785433174.732,17:39:34,baseline,3,0.0,5269,16126,32.7
1785433174.732,17:39:34,baseline,4,0.0,5269,16126,32.7
1785433174.732,17:39:34,baseline,5,0.0,5269,16126,32.7
1785433174.732,17:39:34,baseline,6,0.0,5269,16126,32.7
1785433174.732,17:39:34,baseline,7,0.0,5271,16126,32.7
1785433175.732,17:39:35,baseline,0,0.0,5269,16126,32.7
1785433175.732,17:39:35,baseline,1,0.0,5269,16126,32.7
1785433175.732,17:39:35,baseline,2,0.0,5269,16126,32.7
1785433175.732,17:39:35,baseline,3,0.0,5269,16126,32.7
1785433175.732,17:39:35,baseline,4,0.0,5269,16126,32.7
1785433175.732,17:39:35,baseline,5,0.0,5269,16126,32.7
1785433175.732,17:39:35,baseline,6,0.0,5269,16126,32.7
1785433175.732,17:39:35,baseline,7,0.0,5271,16126,32.7
1785433176.732,17:39:36,baseline,0,0.0,5269,16126,32.7
1785433176.732,17:39:36,baseline,1,0.0,5269,16126,32.7
1785433176.732,17:39:36,baseline,2,0.0,5269,16126,32.7
1785433176.732,17:39:36,baseline,3,0.0,5269,16126,32.7
1785433176.732,17:39:36,baseline,4,0.0,5269,16126,32.7
1785433176.732,17:39:36,baseline,5,0.0,5269,16126,32.7
1785433176.732,17:39:36,baseline,6,0.0,5269,16126,32.7
1785433176.732,17:39:36,baseline,7,0.0,5271,16126,32.7
1785433177.732,17:39:37,baseline,0,0.0,5269,16126,32.7
1785433177.732,17:39:37,baseline,1,0.0,5269,16126,32.7
1785433177.732,17:39:37,baseline,2,0.0,5269,16126,32.7
1785433177.732,17:39:37,baseline,3,0.0,5269,16126,32.7
1785433177.732,17:39:37,baseline,4,0.0,5269,16126,32.7
1785433177.732,17:39:37,baseline,5,0.0,5269,16126,32.7
1785433177.732,17:39:37,baseline,6,0.0,5269,16126,32.7
1785433177.732,17:39:37,baseline,7,0.0,5271,16126,32.7
1785433178.732,17:39:38,baseline,0,0.0,5269,16126,32.7
1785433178.732,17:39:38,baseline,1,0.0,5269,16126,32.7
1785433178.732,17:39:38,baseline,2,0.0,5269,16126,32.7
1785433178.732,17:39:38,baseline,3,0.0,5269,16126,32.7
1785433178.732,17:39:38,baseline,4,0.0,5269,16126,32.7
1785433178.732,17:39:38,baseline,5,0.0,5269,16126,32.7
1785433178.732,17:39:38,baseline,6,0.0,5269,16126,32.7
1785433178.732,17:39:38,baseline,7,0.0,5271,16126,32.7
1785433179.733,17:39:39,baseline,0,0.0,5269,16126,32.7
1785433179.733,17:39:39,baseline,1,0.0,5269,16126,32.7
1785433179.733,17:39:39,baseline,2,0.0,5269,16126,32.7
1785433179.733,17:39:39,baseline,3,0.0,5269,16126,32.7
1785433179.733,17:39:39,baseline,4,0.0,5269,16126,32.7
1785433179.733,17:39:39,baseline,5,0.0,5269,16126,32.7
1785433179.733,17:39:39,baseline,6,0.0,5269,16126,32.7
1785433179.733,17:39:39,baseline,7,0.0,5271,16126,32.7
1785433180.733,17:39:40,baseline,0,0.0,5269,16126,32.7
1785433180.733,17:39:40,baseline,1,0.0,5269,16126,32.7
1785433180.733,17:39:40,baseline,2,0.0,5269,16126,32.7
1785433180.733,17:39:40,baseline,3,0.0,5269,16126,32.7
1785433180.733,17:39:40,baseline,4,0.0,5269,16126,32.7
1785433180.733,17:39:40,baseline,5,0.0,5269,16126,32.7
1785433180.733,17:39:40,baseline,6,0.0,5269,16126,32.7
1785433180.733,17:39:40,baseline,7,0.0,5271,16126,32.7
1785433181.733,17:39:41,baseline,0,0.0,5269,16126,32.7
1785433181.733,17:39:41,baseline,1,0.0,5269,16126,32.7
1785433181.733,17:39:41,baseline,2,0.0,5269,16126,32.7
1785433181.733,17:39:41,baseline,3,0.0,5269,16126,32.7
1785433181.733,17:39:41,baseline,4,0.0,5269,16126,32.7
1785433181.733,17:39:41,baseline,5,0.0,5269,16126,32.7
1785433181.733,17:39:41,baseline,6,0.0,5269,16126,32.7
1785433181.733,17:39:41,baseline,7,0.0,5271,16126,32.7
1785433182.733,17:39:42,baseline,0,0.0,5269,16126,32.7
1785433182.733,17:39:42,baseline,1,0.0,5269,16126,32.7
1785433182.733,17:39:42,baseline,2,0.0,5269,16126,32.7
1785433182.733,17:39:42,baseline,3,0.0,5269,16126,32.7
1785433182.733,17:39:42,baseline,4,0.0,5269,16126,32.7
1785433182.733,17:39:42,baseline,5,0.0,5269,16126,32.7
1785433182.733,17:39:42,baseline,6,0.0,5269,16126,32.7
1785433182.733,17:39:42,baseline,7,0.0,5271,16126,32.7
1785433183.733,17:39:43,baseline,0,0.0,5269,16126,32.7
1785433183.733,17:39:43,baseline,1,0.0,5269,16126,32.7
1785433183.733,17:39:43,baseline,2,0.0,5269,16126,32.7
1785433183.733,17:39:43,baseline,3,0.0,5269,16126,32.7
1785433183.733,17:39:43,baseline,4,0.0,5269,16126,32.7
1785433183.733,17:39:43,baseline,5,0.0,5269,16126,32.7
1785433183.733,17:39:43,baseline,6,0.0,5269,16126,32.7
1785433183.733,17:39:43,baseline,7,0.0,5271,16126,32.7
1785433184.733,17:39:44,baseline,0,0.0,5269,16126,32.7
1785433184.733,17:39:44,baseline,1,0.0,5269,16126,32.7
1785433184.733,17:39:44,baseline,2,0.0,5269,16126,32.7
1785433184.733,17:39:44,baseline,3,0.0,5269,16126,32.7
1785433184.733,17:39:44,baseline,4,0.0,5269,16126,32.7
1785433184.733,17:39:44,baseline,5,0.0,5269,16126,32.7
1785433184.733,17:39:44,baseline,6,0.0,5269,16126,32.7
1785433184.733,17:39:44,baseline,7,0.0,5271,16126,32.7
1785433185.733,17:39:45,baseline,0,0.0,5269,16126,32.7
1785433185.733,17:39:45,baseline,1,0.0,5269,16126,32.7
1785433185.733,17:39:45,baseline,2,0.0,5269,16126,32.7
1785433185.733,17:39:45,baseline,3,0.0,5269,16126,32.7
1785433185.733,17:39:45,baseline,4,0.0,5269,16126,32.7
1785433185.733,17:39:45,baseline,5,0.0,5269,16126,32.7
1785433185.733,17:39:45,baseline,6,0.0,5269,16126,32.7
1785433185.733,17:39:45,baseline,7,0.0,5271,16126,32.7
1785433186.733,17:39:46,baseline,0,0.0,5269,16126,32.7
1785433186.733,17:39:46,baseline,1,0.0,5269,16126,32.7
1785433186.733,17:39:46,baseline,2,0.0,5269,16126,32.7
1785433186.733,17:39:46,baseline,3,0.0,5269,16126,32.7
1785433186.733,17:39:46,baseline,4,0.0,5269,16126,32.7
1785433186.733,17:39:46,baseline,5,0.0,5269,16126,32.7
1785433186.733,17:39:46,baseline,6,0.0,5269,16126,32.7
1785433186.733,17:39:46,baseline,7,0.0,5271,16126,32.7
1785433187.734,17:39:47,baseline,0,0.0,5269,16126,32.7
1785433187.734,17:39:47,baseline,1,0.0,5269,16126,32.7
1785433187.734,17:39:47,baseline,2,0.0,5269,16126,32.7
1785433187.734,17:39:47,baseline,3,0.0,5269,16126,32.7
1785433187.734,17:39:47,baseline,4,0.0,5269,16126,32.7
1785433187.734,17:39:47,baseline,5,0.0,5269,16126,32.7
1785433187.734,17:39:47,baseline,6,0.0,5269,16126,32.7
1785433187.734,17:39:47,baseline,7,0.0,5271,16126,32.7
1785433188.734,17:39:48,baseline,0,0.0,5269,16126,32.7
1785433188.734,17:39:48,baseline,1,0.0,5269,16126,32.7
1785433188.734,17:39:48,baseline,2,0.0,5269,16126,32.7
1785433188.734,17:39:48,baseline,3,0.0,5269,16126,32.7
1785433188.734,17:39:48,baseline,4,0.0,5269,16126,32.7
1785433188.734,17:39:48,baseline,5,0.0,5269,16126,32.7
1785433188.734,17:39:48,baseline,6,0.0,5269,16126,32.7
1785433188.734,17:39:48,baseline,7,0.0,5271,16126,32.7
1785433189.734,17:39:49,baseline,0,0.0,5269,16126,32.7
1785433189.734,17:39:49,baseline,1,0.0,5269,16126,32.7
1785433189.734,17:39:49,baseline,2,0.0,5269,16126,32.7
1785433189.734,17:39:49,baseline,3,0.0,5269,16126,32.7
1785433189.734,17:39:49,baseline,4,0.0,5269,16126,32.7
1785433189.734,17:39:49,baseline,5,0.0,5269,16126,32.7
1785433189.734,17:39:49,baseline,6,0.0,5269,16126,32.7
1785433189.734,17:39:49,baseline,7,0.0,5271,16126,32.7
1785433190.734,17:39:50,baseline,0,0.0,5269,16126,32.7
1785433190.734,17:39:50,baseline,1,0.0,5269,16126,32.7
1785433190.734,17:39:50,baseline,2,0.0,5269,16126,32.7
1785433190.734,17:39:50,baseline,3,0.0,5269,16126,32.7
1785433190.734,17:39:50,baseline,4,0.0,5269,16126,32.7
1785433190.734,17:39:50,baseline,5,0.0,5269,16126,32.7
1785433190.734,17:39:50,baseline,6,0.0,5269,16126,32.7
1785433190.734,17:39:50,baseline,7,0.0,5271,16126,32.7
1785433191.734,17:39:51,baseline,0,0.0,5269,16126,32.7
1785433191.734,17:39:51,baseline,1,0.0,5269,16126,32.7
1785433191.734,17:39:51,baseline,2,0.0,5269,16126,32.7
1785433191.734,17:39:51,baseline,3,0.0,5269,16126,32.7
1785433191.734,17:39:51,baseline,4,0.0,5269,16126,32.7
1785433191.734,17:39:51,baseline,5,0.0,5269,16126,32.7
1785433191.734,17:39:51,baseline,6,0.0,5269,16126,32.7
1785433191.734,17:39:51,baseline,7,0.0,5271,16126,32.7
1785433192.734,17:39:52,baseline,0,0.0,5269,16126,32.7
1785433192.734,17:39:52,baseline,1,0.0,5269,16126,32.7
1785433192.734,17:39:52,baseline,2,0.0,5269,16126,32.7
1785433192.734,17:39:52,baseline,3,0.0,5269,16126,32.7
1785433192.734,17:39:52,baseline,4,0.0,5269,16126,32.7
1785433192.734,17:39:52,baseline,5,0.0,5269,16126,32.7
1785433192.734,17:39:52,baseline,6,0.0,5269,16126,32.7
1785433192.734,17:39:52,baseline,7,0.0,5271,16126,32.7
1785433193.734,17:39:53,baseline,0,0.0,5269,16126,32.7
1785433193.734,17:39:53,baseline,1,0.0,5269,16126,32.7
1785433193.734,17:39:53,baseline,2,0.0,5269,16126,32.7
1785433193.734,17:39:53,baseline,3,0.0,5269,16126,32.7
1785433193.734,17:39:53,baseline,4,0.0,5269,16126,32.7
1785433193.734,17:39:53,baseline,5,0.0,5269,16126,32.7
1785433193.734,17:39:53,baseline,6,0.0,5269,16126,32.7
1785433193.734,17:39:53,baseline,7,0.0,5271,16126,32.7
1785433194.735,17:39:54,baseline,0,0.0,5269,16126,32.7
1785433194.735,17:39:54,baseline,1,0.0,5269,16126,32.7
1785433194.735,17:39:54,baseline,2,0.0,5269,16126,32.7
1785433194.735,17:39:54,baseline,3,0.0,5269,16126,32.7
1785433194.735,17:39:54,baseline,4,0.0,5269,16126,32.7
1785433194.735,17:39:54,baseline,5,0.0,5269,16126,32.7
1785433194.735,17:39:54,baseline,6,0.0,5269,16126,32.7
1785433194.735,17:39:54,baseline,7,0.0,5271,16126,32.7
1785433195.735,17:39:55,baseline,0,0.0,5269,16126,32.7
1785433195.735,17:39:55,baseline,1,0.0,5269,16126,32.7
1785433195.735,17:39:55,baseline,2,0.0,5269,16126,32.7
1785433195.735,17:39:55,baseline,3,0.0,5269,16126,32.7
1785433195.735,17:39:55,baseline,4,0.0,5269,16126,32.7
1785433195.735,17:39:55,baseline,5,0.0,5269,16126,32.7
1785433195.735,17:39:55,baseline,6,0.0,5269,16126,32.7
1785433195.735,17:39:55,baseline,7,0.0,5271,16126,32.7
1785433196.735,17:39:56,baseline,0,0.0,5269,16126,32.7
1785433196.735,17:39:56,baseline,1,0.0,5269,16126,32.7
1785433196.735,17:39:56,baseline,2,0.0,5269,16126,32.7
1785433196.735,17:39:56,baseline,3,0.0,5269,16126,32.7
1785433196.735,17:39:56,baseline,4,0.0,5269,16126,32.7
1785433196.735,17:39:56,baseline,5,0.0,5269,16126,32.7
1785433196.735,17:39:56,baseline,6,0.0,5269,16126,32.7
1785433196.735,17:39:56,baseline,7,0.0,5271,16126,32.7
1785433197.735,17:39:57,baseline,0,0.0,5269,16126,32.7
1785433197.735,17:39:57,baseline,1,0.0,5269,16126,32.7
1785433197.735,17:39:57,baseline,2,0.0,5269,16126,32.7
1785433197.735,17:39:57,baseline,3,0.0,5269,16126,32.7
1785433197.735,17:39:57,baseline,4,0.0,5269,16126,32.7
1785433197.735,17:39:57,baseline,5,0.0,5269,16126,32.7
1785433197.735,17:39:57,baseline,6,0.0,5269,16126,32.7
1785433197.735,17:39:57,baseline,7,0.0,5271,16126,32.7
1785433198.735,17:39:58,baseline,0,0.0,5269,16126,32.7
1785433198.735,17:39:58,baseline,1,0.0,5269,16126,32.7
1785433198.735,17:39:58,baseline,2,0.0,5269,16126,32.7
1785433198.735,17:39:58,baseline,3,0.0,5269,16126,32.7
1785433198.735,17:39:58,baseline,4,0.0,5269,16126,32.7
1785433198.735,17:39:58,baseline,5,0.0,5269,16126,32.7
1785433198.735,17:39:58,baseline,6,0.0,5269,16126,32.7
1785433198.735,17:39:58,baseline,7,0.0,5271,16126,32.7
1785433199.735,17:39:59,baseline,0,0.0,5269,16126,32.7
1785433199.735,17:39:59,baseline,1,0.0,5269,16126,32.7
1785433199.735,17:39:59,baseline,2,0.0,5269,16126,32.7
1785433199.735,17:39:59,baseline,3,0.0,5269,16126,32.7
1785433199.735,17:39:59,baseline,4,0.0,5269,16126,32.7
1785433199.735,17:39:59,baseline,5,0.0,5269,16126,32.7
1785433199.735,17:39:59,baseline,6,0.0,5269,16126,32.7
1785433199.735,17:39:59,baseline,7,0.0,5271,16126,32.7
1785433200.735,17:40:00,baseline,0,0.0,5269,16126,32.7
1785433200.735,17:40:00,baseline,1,0.0,5269,16126,32.7
1785433200.735,17:40:00,baseline,2,0.0,5269,16126,32.7
1785433200.735,17:40:00,baseline,3,0.0,5269,16126,32.7
1785433200.735,17:40:00,baseline,4,0.0,5269,16126,32.7
1785433200.735,17:40:00,baseline,5,0.0,5269,16126,32.7
1785433200.735,17:40:00,baseline,6,0.0,5269,16126,32.7
1785433200.735,17:40:00,baseline,7,0.0,5271,16126,32.7
1785433201.735,17:40:01,baseline,0,0.0,5269,16126,32.7
1785433201.735,17:40:01,baseline,1,0.0,5269,16126,32.7
1785433201.735,17:40:01,baseline,2,0.0,5269,16126,32.7
1785433201.735,17:40:01,baseline,3,0.0,5269,16126,32.7
1785433201.735,17:40:01,baseline,4,0.0,5269,16126,32.7
1785433201.735,17:40:01,baseline,5,0.0,5269,16126,32.7
1785433201.735,17:40:01,baseline,6,0.0,5269,16126,32.7
1785433201.735,17:40:01,baseline,7,0.0,5271,16126,32.7
1785433202.736,17:40:02,baseline,0,0.0,5269,16126,32.7
1785433202.736,17:40:02,baseline,1,0.0,5269,16126,32.7
1785433202.736,17:40:02,baseline,2,0.0,5269,16126,32.7
1785433202.736,17:40:02,baseline,3,0.0,5269,16126,32.7
1785433202.736,17:40:02,baseline,4,0.0,5269,16126,32.7
1785433202.736,17:40:02,baseline,5,0.0,5269,16126,32.7
1785433202.736,17:40:02,baseline,6,0.0,5269,16126,32.7
1785433202.736,17:40:02,baseline,7,0.0,5271,16126,32.7
1785433203.736,17:40:03,baseline,0,0.0,5269,16126,32.7
1785433203.736,17:40:03,baseline,1,0.0,5269,16126,32.7
1785433203.736,17:40:03,baseline,2,0.0,5269,16126,32.7
1785433203.736,17:40:03,baseline,3,0.0,5269,16126,32.7
1785433203.736,17:40:03,baseline,4,0.0,5269,16126,32.7
1785433203.736,17:40:03,baseline,5,0.0,5269,16126,32.7
1785433203.736,17:40:03,baseline,6,0.0,5269,16126,32.7
1785433203.736,17:40:03,baseline,7,0.0,5271,16126,32.7
1785433204.736,17:40:04,baseline,0,0.0,5269,16126,32.7
1785433204.736,17:40:04,baseline,1,0.0,5269,16126,32.7
1785433204.736,17:40:04,baseline,2,0.0,5269,16126,32.7
1785433204.736,17:40:04,baseline,3,0.0,5269,16126,32.7
1785433204.736,17:40:04,baseline,4,0.0,5269,16126,32.7
1785433204.736,17:40:04,baseline,5,0.0,5269,16126,32.7
1785433204.736,17:40:04,baseline,6,0.0,5269,16126,32.7
1785433204.736,17:40:04,baseline,7,0.0,5271,16126,32.7
1785433205.736,17:40:05,baseline,0,0.0,5269,16126,32.7
1785433205.736,17:40:05,baseline,1,0.0,5269,16126,32.7
1785433205.736,17:40:05,baseline,2,0.0,5269,16126,32.7
1785433205.736,17:40:05,baseline,3,0.0,5269,16126,32.7
1785433205.736,17:40:05,baseline,4,0.0,5269,16126,32.7
1785433205.736,17:40:05,baseline,5,0.0,5269,16126,32.7
1785433205.736,17:40:05,baseline,6,0.0,5269,16126,32.7
1785433205.736,17:40:05,baseline,7,0.0,5271,16126,32.7
1785433206.736,17:40:06,baseline,0,0.0,5269,16126,32.7
1785433206.736,17:40:06,baseline,1,0.0,5269,16126,32.7
1785433206.736,17:40:06,baseline,2,0.0,5269,16126,32.7
1785433206.736,17:40:06,baseline,3,0.0,5269,16126,32.7
1785433206.736,17:40:06,baseline,4,0.0,5269,16126,32.7
1785433206.736,17:40:06,baseline,5,0.0,5269,16126,32.7
1785433206.736,17:40:06,baseline,6,0.0,5269,16126,32.7
1785433206.736,17:40:06,baseline,7,0.0,5271,16126,32.7
1785433207.736,17:40:07,baseline,0,0.0,5269,16126,32.7
1785433207.736,17:40:07,baseline,1,0.0,5269,16126,32.7
1785433207.736,17:40:07,baseline,2,0.0,5269,16126,32.7
1785433207.736,17:40:07,baseline,3,0.0,5269,16126,32.7
1785433207.736,17:40:07,baseline,4,0.0,5269,16126,32.7
1785433207.736,17:40:07,baseline,5,0.0,5269,16126,32.7
1785433207.736,17:40:07,baseline,6,0.0,5269,16126,32.7
1785433207.736,17:40:07,baseline,7,0.0,5271,16126,32.7
1785433208.737,17:40:08,baseline,0,0.0,5269,16126,32.7
1785433208.737,17:40:08,baseline,1,0.0,5269,16126,32.7
1785433208.737,17:40:08,baseline,2,0.0,5269,16126,32.7
1785433208.737,17:40:08,baseline,3,0.0,5269,16126,32.7
1785433208.737,17:40:08,baseline,4,0.0,5269,16126,32.7
1785433208.737,17:40:08,baseline,5,0.0,5269,16126,32.7
1785433208.737,17:40:08,baseline,6,0.0,5269,16126,32.7
1785433208.737,17:40:08,baseline,7,0.0,5271,16126,32.7
1785433209.737,17:40:09,baseline,0,0.0,5269,16126,32.7
1785433209.737,17:40:09,baseline,1,0.0,5269,16126,32.7
1785433209.737,17:40:09,baseline,2,0.0,5269,16126,32.7
1785433209.737,17:40:09,baseline,3,0.0,5269,16126,32.7
1785433209.737,17:40:09,baseline,4,0.0,5269,16126,32.7
1785433209.737,17:40:09,baseline,5,0.0,5269,16126,32.7
1785433209.737,17:40:09,baseline,6,0.0,5269,16126,32.7
1785433209.737,17:40:09,baseline,7,0.0,5271,16126,32.7
1785433210.737,17:40:10,baseline,0,0.0,5269,16126,32.7
1785433210.737,17:40:10,baseline,1,0.0,5269,16126,32.7
1785433210.737,17:40:10,baseline,2,0.0,5269,16126,32.7
1785433210.737,17:40:10,baseline,3,0.0,5269,16126,32.7
1785433210.737,17:40:10,baseline,4,0.0,5269,16126,32.7
1785433210.737,17:40:10,baseline,5,0.0,5269,16126,32.7
1785433210.737,17:40:10,baseline,6,0.0,5269,16126,32.7
1785433210.737,17:40:10,baseline,7,0.0,5271,16126,32.7
1785433211.737,17:40:11,baseline,0,0.0,5269,16126,32.7
1785433211.737,17:40:11,baseline,1,0.0,5269,16126,32.7
1785433211.737,17:40:11,baseline,2,0.0,5269,16126,32.7
1785433211.737,17:40:11,baseline,3,0.0,5269,16126,32.7
1785433211.737,17:40:11,baseline,4,0.0,5269,16126,32.7
1785433211.737,17:40:11,baseline,5,0.0,5269,16126,32.7
1785433211.737,17:40:11,baseline,6,0.0,5269,16126,32.7
1785433211.737,17:40:11,baseline,7,0.0,5271,16126,32.7
1785433212.737,17:40:12,baseline,0,0.0,5269,16126,32.7
1785433212.737,17:40:12,baseline,1,0.0,5269,16126,32.7
1785433212.737,17:40:12,baseline,2,0.0,5269,16126,32.7
1785433212.737,17:40:12,baseline,3,0.0,5269,16126,32.7
1785433212.737,17:40:12,baseline,4,0.0,5269,16126,32.7
1785433212.737,17:40:12,baseline,5,0.0,5269,16126,32.7
1785433212.737,17:40:12,baseline,6,0.0,5269,16126,32.7
1785433212.737,17:40:12,baseline,7,0.0,5271,16126,32.7
1785433213.737,17:40:13,baseline,0,0.0,5269,16126,32.7
1785433213.737,17:40:13,baseline,1,0.0,5269,16126,32.7
1785433213.737,17:40:13,baseline,2,0.0,5269,16126,32.7
1785433213.737,17:40:13,baseline,3,0.0,5269,16126,32.7
1785433213.737,17:40:13,baseline,4,0.0,5269,16126,32.7
1785433213.737,17:40:13,baseline,5,0.0,5269,16126,32.7
1785433213.737,17:40:13,baseline,6,0.0,5269,16126,32.7
1785433213.737,17:40:13,baseline,7,0.0,5271,16126,32.7
1785433214.738,17:40:14,baseline,0,0.0,5269,16126,32.7
1785433214.738,17:40:14,baseline,1,0.0,5269,16126,32.7
1785433214.738,17:40:14,baseline,2,0.0,5269,16126,32.7
1785433214.738,17:40:14,baseline,3,0.0,5269,16126,32.7
1785433214.738,17:40:14,baseline,4,0.0,5269,16126,32.7
1785433214.738,17:40:14,baseline,5,0.0,5269,16126,32.7
1785433214.738,17:40:14,baseline,6,0.0,5269,16126,32.7
1785433214.738,17:40:14,baseline,7,0.0,5271,16126,32.7
1785433215.738,17:40:15,baseline,0,0.0,5269,16126,32.7
1785433215.738,17:40:15,baseline,1,0.0,5269,16126,32.7
1785433215.738,17:40:15,baseline,2,0.0,5269,16126,32.7
1785433215.738,17:40:15,baseline,3,0.0,5269,16126,32.7
1785433215.738,17:40:15,baseline,4,0.0,5269,16126,32.7
1785433215.738,17:40:15,baseline,5,0.0,5269,16126,32.7
1785433215.738,17:40:15,baseline,6,0.0,5269,16126,32.7
1785433215.738,17:40:15,baseline,7,0.0,5271,16126,32.7
1785433216.738,17:40:16,baseline,0,0.0,5269,16126,32.7
1785433216.738,17:40:16,baseline,1,0.0,5269,16126,32.7
1785433216.738,17:40:16,baseline,2,0.0,5269,16126,32.7
1785433216.738,17:40:16,baseline,3,0.0,5269,16126,32.7
1785433216.738,17:40:16,baseline,4,0.0,5269,16126,32.7
1785433216.738,17:40:16,baseline,5,0.0,5269,16126,32.7
1785433216.738,17:40:16,baseline,6,0.0,5269,16126,32.7
1785433216.738,17:40:16,baseline,7,0.0,5271,16126,32.7
1785433217.738,17:40:17,baseline,0,0.0,5269,16126,32.7
1785433217.738,17:40:17,baseline,1,0.0,5269,16126,32.7
1785433217.738,17:40:17,baseline,2,0.0,5269,16126,32.7
1785433217.738,17:40:17,baseline,3,0.0,5269,16126,32.7
1785433217.738,17:40:17,baseline,4,0.0,5269,16126,32.7
1785433217.738,17:40:17,baseline,5,0.0,5269,16126,32.7
1785433217.738,17:40:17,baseline,6,0.0,5269,16126,32.7
1785433217.738,17:40:17,baseline,7,0.0,5271,16126,32.7
1785433218.738,17:40:18,baseline,0,0.0,5269,16126,32.7
1785433218.738,17:40:18,baseline,1,0.0,5269,16126,32.7
1785433218.738,17:40:18,baseline,2,0.0,5269,16126,32.7
1785433218.738,17:40:18,baseline,3,0.0,5269,16126,32.7
1785433218.738,17:40:18,baseline,4,0.0,5269,16126,32.7
1785433218.738,17:40:18,baseline,5,0.0,5269,16126,32.7
1785433218.738,17:40:18,baseline,6,0.0,5269,16126,32.7
1785433218.738,17:40:18,baseline,7,0.0,5271,16126,32.7
1785433219.738,17:40:19,baseline,0,0.0,5269,16126,32.7
1785433219.738,17:40:19,baseline,1,0.0,5269,16126,32.7
1785433219.738,17:40:19,baseline,2,0.0,5269,16126,32.7
1785433219.738,17:40:19,baseline,3,0.0,5269,16126,32.7
1785433219.738,17:40:19,baseline,4,0.0,5269,16126,32.7
1785433219.738,17:40:19,baseline,5,0.0,5269,16126,32.7
1785433219.738,17:40:19,baseline,6,0.0,5269,16126,32.7
1785433219.738,17:40:19,baseline,7,0.0,5271,16126,32.7
1785433220.738,17:40:20,baseline,0,0.0,5269,16126,32.7
1785433220.738,17:40:20,baseline,1,0.0,5269,16126,32.7
1785433220.738,17:40:20,baseline,2,0.0,5269,16126,32.7
1785433220.738,17:40:20,baseline,3,0.0,5269,16126,32.7
1785433220.738,17:40:20,baseline,4,0.0,5269,16126,32.7
1785433220.738,17:40:20,baseline,5,0.0,5269,16126,32.7
1785433220.738,17:40:20,baseline,6,0.0,5269,16126,32.7
1785433220.738,17:40:20,baseline,7,0.0,5271,16126,32.7
1785433221.738,17:40:21,baseline,0,0.0,5269,16126,32.7
1785433221.738,17:40:21,baseline,1,0.0,5269,16126,32.7
1785433221.738,17:40:21,baseline,2,0.0,5269,16126,32.7
1785433221.738,17:40:21,baseline,3,0.0,5269,16126,32.7
1785433221.738,17:40:21,baseline,4,0.0,5269,16126,32.7
1785433221.738,17:40:21,baseline,5,0.0,5269,16126,32.7
1785433221.738,17:40:21,baseline,6,0.0,5269,16126,32.7
1785433221.738,17:40:21,baseline,7,0.0,5271,16126,32.7
1785433222.739,17:40:22,baseline,0,0.0,5269,16126,32.7
1785433222.739,17:40:22,baseline,1,0.0,5269,16126,32.7
1785433222.739,17:40:22,baseline,2,0.0,5269,16126,32.7
1785433222.739,17:40:22,baseline,3,0.0,5269,16126,32.7
1785433222.739,17:40:22,baseline,4,0.0,5269,16126,32.7
1785433222.739,17:40:22,baseline,5,0.0,5269,16126,32.7
1785433222.739,17:40:22,baseline,6,0.0,5269,16126,32.7
1785433222.739,17:40:22,baseline,7,0.0,5271,16126,32.7
1785433223.739,17:40:23,baseline,0,0.0,5269,16126,32.7
1785433223.739,17:40:23,baseline,1,0.0,5269,16126,32.7
1785433223.739,17:40:23,baseline,2,0.0,5269,16126,32.7
1785433223.739,17:40:23,baseline,3,0.0,5269,16126,32.7
1785433223.739,17:40:23,baseline,4,0.0,5269,16126,32.7
1785433223.739,17:40:23,baseline,5,0.0,5269,16126,32.7
1785433223.739,17:40:23,baseline,6,0.0,5269,16126,32.7
1785433223.739,17:40:23,baseline,7,0.0,5271,16126,32.7
1785433224.739,17:40:24,baseline,0,0.0,5269,16126,32.7
1785433224.739,17:40:24,baseline,1,0.0,5269,16126,32.7
1785433224.739,17:40:24,baseline,2,0.0,5269,16126,32.7
1785433224.739,17:40:24,baseline,3,0.0,5269,16126,32.7
1785433224.739,17:40:24,baseline,4,0.0,5269,16126,32.7
1785433224.739,17:40:24,baseline,5,0.0,5269,16126,32.7
1785433224.739,17:40:24,baseline,6,0.0,5269,16126,32.7
1785433224.739,17:40:24,baseline,7,0.0,5271,16126,32.7
1785433225.739,17:40:25,baseline,0,0.0,5269,16126,32.7
1785433225.739,17:40:25,baseline,1,0.0,5269,16126,32.7
1785433225.739,17:40:25,baseline,2,0.0,5269,16126,32.7
1785433225.739,17:40:25,baseline,3,0.0,5269,16126,32.7
1785433225.739,17:40:25,baseline,4,0.0,5269,16126,32.7
1785433225.739,17:40:25,baseline,5,0.0,5269,16126,32.7
1785433225.739,17:40:25,baseline,6,0.0,5269,16126,32.7
1785433225.739,17:40:25,baseline,7,0.0,5271,16126,32.7
1785433226.739,17:40:26,baseline,0,0.0,5269,16126,32.7
1785433226.739,17:40:26,baseline,1,0.0,5269,16126,32.7
1785433226.739,17:40:26,baseline,2,0.0,5269,16126,32.7
1785433226.739,17:40:26,baseline,3,0.0,5269,16126,32.7
1785433226.739,17:40:26,baseline,4,0.0,5269,16126,32.7
1785433226.739,17:40:26,baseline,5,0.0,5269,16126,32.7
1785433226.739,17:40:26,baseline,6,0.0,5269,16126,32.7
1785433226.739,17:40:26,baseline,7,0.0,5271,16126,32.7
1785433227.739,17:40:27,baseline,0,0.0,5269,16126,32.7
1785433227.739,17:40:27,baseline,1,0.0,5269,16126,32.7
1785433227.739,17:40:27,baseline,2,0.0,5269,16126,32.7
1785433227.739,17:40:27,baseline,3,0.0,5269,16126,32.7
1785433227.739,17:40:27,baseline,4,0.0,5269,16126,32.7
1785433227.739,17:40:27,baseline,5,0.0,5269,16126,32.7
1785433227.739,17:40:27,baseline,6,0.0,5269,16126,32.7
1785433227.739,17:40:27,baseline,7,0.0,5271,16126,32.7
1785433228.739,17:40:28,baseline,0,0.0,5269,16126,32.7
1785433228.739,17:40:28,baseline,1,0.0,5269,16126,32.7
1785433228.739,17:40:28,baseline,2,0.0,5269,16126,32.7
1785433228.739,17:40:28,baseline,3,0.0,5269,16126,32.7
1785433228.739,17:40:28,baseline,4,0.0,5269,16126,32.7
1785433228.739,17:40:28,baseline,5,0.0,5269,16126,32.7
1785433228.739,17:40:28,baseline,6,0.0,5269,16126,32.7
1785433228.739,17:40:28,baseline,7,0.0,5271,16126,32.7
1785433229.74,17:40:29,baseline,0,0.0,5269,16126,32.7
1785433229.74,17:40:29,baseline,1,0.0,5269,16126,32.7
1785433229.74,17:40:29,baseline,2,0.0,5269,16126,32.7
1785433229.74,17:40:29,baseline,3,0.0,5269,16126,32.7
1785433229.74,17:40:29,baseline,4,0.0,5269,16126,32.7
1785433229.74,17:40:29,baseline,5,0.0,5269,16126,32.7
1785433229.74,17:40:29,baseline,6,0.0,5269,16126,32.7
1785433229.74,17:40:29,baseline,7,0.0,5271,16126,32.7
1785433230.74,17:40:30,baseline,0,0.0,5269,16126,32.7
1785433230.74,17:40:30,baseline,1,0.0,5269,16126,32.7
1785433230.74,17:40:30,baseline,2,0.0,5269,16126,32.7
1785433230.74,17:40:30,baseline,3,0.0,5269,16126,32.7
1785433230.74,17:40:30,baseline,4,0.0,5269,16126,32.7
1785433230.74,17:40:30,baseline,5,0.0,5269,16126,32.7
1785433230.74,17:40:30,baseline,6,0.0,5269,16126,32.7
1785433230.74,17:40:30,baseline,7,0.0,5271,16126,32.7
1785433231.74,17:40:31,baseline,0,0.0,5269,16126,32.7
1785433231.74,17:40:31,baseline,1,0.0,5269,16126,32.7
1785433231.74,17:40:31,baseline,2,0.0,5269,16126,32.7
1785433231.74,17:40:31,baseline,3,0.0,5269,16126,32.7
1785433231.74,17:40:31,baseline,4,0.0,5269,16126,32.7
1785433231.74,17:40:31,baseline,5,0.0,5269,16126,32.7
1785433231.74,17:40:31,baseline,6,0.0,5269,16126,32.7
1785433231.74,17:40:31,baseline,7,0.0,5271,16126,32.7
1785433232.74,17:40:32,baseline,0,0.0,5269,16126,32.7
1785433232.74,17:40:32,baseline,1,0.0,5269,16126,32.7
1785433232.74,17:40:32,baseline,2,0.0,5269,16126,32.7
1785433232.74,17:40:32,baseline,3,0.0,5269,16126,32.7
1785433232.74,17:40:32,baseline,4,0.0,5269,16126,32.7
1785433232.74,17:40:32,baseline,5,0.0,5269,16126,32.7
1785433232.74,17:40:32,baseline,6,0.0,5269,16126,32.7
1785433232.74,17:40:32,baseline,7,0.0,5271,16126,32.7
1785433233.74,17:40:33,baseline,0,0.0,5269,16126,32.7
1785433233.74,17:40:33,baseline,1,0.0,5269,16126,32.7
1785433233.74,17:40:33,baseline,2,0.0,5269,16126,32.7
1785433233.74,17:40:33,baseline,3,0.0,5269,16126,32.7
1785433233.74,17:40:33,baseline,4,0.0,5269,16126,32.7
1785433233.74,17:40:33,baseline,5,0.0,5269,16126,32.7
1785433233.74,17:40:33,baseline,6,0.0,5269,16126,32.7
1785433233.74,17:40:33,baseline,7,0.0,5271,16126,32.7
1785433234.74,17:40:34,baseline,0,0.0,5269,16126,32.7
1785433234.74,17:40:34,baseline,1,0.0,5269,16126,32.7
1785433234.74,17:40:34,baseline,2,0.0,5269,16126,32.7
1785433234.74,17:40:34,baseline,3,0.0,5269,16126,32.7
1785433234.74,17:40:34,baseline,4,0.0,5269,16126,32.7
1785433234.74,17:40:34,baseline,5,0.0,5269,16126,32.7
1785433234.74,17:40:34,baseline,6,0.0,5269,16126,32.7
1785433234.74,17:40:34,baseline,7,0.0,5271,16126,32.7
1785433235.74,17:40:35,baseline,0,0.0,5269,16126,32.7
1785433235.74,17:40:35,baseline,1,0.0,5269,16126,32.7
1785433235.74,17:40:35,baseline,2,0.0,5269,16126,32.7
1785433235.74,17:40:35,baseline,3,0.0,5269,16126,32.7
1785433235.74,17:40:35,baseline,4,0.0,5269,16126,32.7
1785433235.74,17:40:35,baseline,5,0.0,5269,16126,32.7
1785433235.74,17:40:35,baseline,6,0.0,5269,16126,32.7
1785433235.74,17:40:35,baseline,7,0.0,5271,16126,32.7
1785433236.741,17:40:36,baseline,0,0.0,5269,16126,32.7
1785433236.741,17:40:36,baseline,1,0.0,5269,16126,32.7
1785433236.741,17:40:36,baseline,2,0.0,5269,16126,32.7
1785433236.741,17:40:36,baseline,3,0.0,5269,16126,32.7
1785433236.741,17:40:36,baseline,4,0.0,5269,16126,32.7
1785433236.741,17:40:36,baseline,5,0.0,5269,16126,32.7
1785433236.741,17:40:36,baseline,6,0.0,5269,16126,32.7
1785433236.741,17:40:36,baseline,7,0.0,5271,16126,32.7
1785433237.741,17:40:37,baseline,0,0.0,5269,16126,32.7
1785433237.741,17:40:37,baseline,1,0.0,5269,16126,32.7
1785433237.741,17:40:37,baseline,2,0.0,5269,16126,32.7
1785433237.741,17:40:37,baseline,3,0.0,5269,16126,32.7
1785433237.741,17:40:37,baseline,4,0.0,5269,16126,32.7
1785433237.741,17:40:37,baseline,5,0.0,5269,16126,32.7
1785433237.741,17:40:37,baseline,6,0.0,5269,16126,32.7
1785433237.741,17:40:37,baseline,7,0.0,5271,16126,32.7
1785433238.741,17:40:38,baseline,0,0.0,5269,16126,32.7
1785433238.741,17:40:38,baseline,1,0.0,5269,16126,32.7
1785433238.741,17:40:38,baseline,2,0.0,5269,16126,32.7
1785433238.741,17:40:38,baseline,3,0.0,5269,16126,32.7
1785433238.741,17:40:38,baseline,4,0.0,5269,16126,32.7
1785433238.741,17:40:38,baseline,5,0.0,5269,16126,32.7
1785433238.741,17:40:38,baseline,6,0.0,5269,16126,32.7
1785433238.741,17:40:38,baseline,7,0.0,5271,16126,32.7
1785433239.741,17:40:39,baseline,0,0.0,5269,16126,32.7
1785433239.741,17:40:39,baseline,1,0.0,5269,16126,32.7
1785433239.741,17:40:39,baseline,2,0.0,5269,16126,32.7
1785433239.741,17:40:39,baseline,3,0.0,5269,16126,32.7
1785433239.741,17:40:39,baseline,4,0.0,5269,16126,32.7
1785433239.741,17:40:39,baseline,5,0.0,5269,16126,32.7
1785433239.741,17:40:39,baseline,6,0.0,5269,16126,32.7
1785433239.741,17:40:39,baseline,7,0.0,5271,16126,32.7
1785433240.741,17:40:40,baseline,0,0.0,5269,16126,32.7
1785433240.741,17:40:40,baseline,1,0.0,5269,16126,32.7
1785433240.741,17:40:40,baseline,2,0.0,5269,16126,32.7
1785433240.741,17:40:40,baseline,3,0.0,5269,16126,32.7
1785433240.741,17:40:40,baseline,4,0.0,5269,16126,32.7
1785433240.741,17:40:40,baseline,5,0.0,5269,16126,32.7
1785433240.741,17:40:40,baseline,6,0.0,5269,16126,32.7
1785433240.741,17:40:40,baseline,7,0.0,5271,16126,32.7
1785433241.741,17:40:41,baseline,0,0.0,5269,16126,32.7
1785433241.741,17:40:41,baseline,1,0.0,5269,16126,32.7
1785433241.741,17:40:41,baseline,2,0.0,5269,16126,32.7
1785433241.741,17:40:41,baseline,3,0.0,5269,16126,32.7
1785433241.741,17:40:41,baseline,4,0.0,5269,16126,32.7
1785433241.741,17:40:41,baseline,5,0.0,5269,16126,32.7
1785433241.741,17:40:41,baseline,6,0.0,5269,16126,32.7
1785433241.741,17:40:41,baseline,7,0.0,5271,16126,32.7
1785433242.742,17:40:42,baseline,0,0.0,5269,16126,32.7
1785433242.742,17:40:42,baseline,1,0.0,5269,16126,32.7
1785433242.742,17:40:42,baseline,2,0.0,5269,16126,32.7
1785433242.742,17:40:42,baseline,3,0.0,5269,16126,32.7
1785433242.742,17:40:42,baseline,4,0.0,5269,16126,32.7
1785433242.742,17:40:42,baseline,5,0.0,5269,16126,32.7
1785433242.742,17:40:42,baseline,6,0.0,5269,16126,32.7
1785433242.742,17:40:42,baseline,7,0.0,5271,16126,32.7
1785433243.742,17:40:43,baseline,0,0.0,5269,16126,32.7
1785433243.742,17:40:43,baseline,1,0.0,5269,16126,32.7
1785433243.742,17:40:43,baseline,2,0.0,5269,16126,32.7
1785433243.742,17:40:43,baseline,3,0.0,5269,16126,32.7
1785433243.742,17:40:43,baseline,4,0.0,5269,16126,32.7
1785433243.742,17:40:43,baseline,5,0.0,5269,16126,32.7
1785433243.742,17:40:43,baseline,6,0.0,5269,16126,32.7
1785433243.742,17:40:43,baseline,7,0.0,5271,16126,32.7
1785433244.742,17:40:44,baseline,0,0.0,5269,16126,32.7
1785433244.742,17:40:44,baseline,1,0.0,5269,16126,32.7
1785433244.742,17:40:44,baseline,2,0.0,5269,16126,32.7
1785433244.742,17:40:44,baseline,3,0.0,5269,16126,32.7
1785433244.742,17:40:44,baseline,4,0.0,5269,16126,32.7
1785433244.742,17:40:44,baseline,5,0.0,5269,16126,32.7
1785433244.742,17:40:44,baseline,6,0.0,5269,16126,32.7
1785433244.742,17:40:44,baseline,7,0.0,5271,16126,32.7
1785433245.742,17:40:45,baseline,0,0.0,5269,16126,32.7
1785433245.742,17:40:45,baseline,1,0.0,5269,16126,32.7
1785433245.742,17:40:45,baseline,2,0.0,5269,16126,32.7
1785433245.742,17:40:45,baseline,3,0.0,5269,16126,32.7
1785433245.742,17:40:45,baseline,4,0.0,5269,16126,32.7
1785433245.742,17:40:45,baseline,5,0.0,5269,16126,32.7
1785433245.742,17:40:45,baseline,6,0.0,5269,16126,32.7
1785433245.742,17:40:45,baseline,7,0.0,5271,16126,32.7
1785433246.742,17:40:46,baseline,0,0.0,5269,16126,32.7
1785433246.742,17:40:46,baseline,1,0.0,5269,16126,32.7
1785433246.742,17:40:46,baseline,2,0.0,5269,16126,32.7
1785433246.742,17:40:46,baseline,3,0.0,5269,16126,32.7
1785433246.742,17:40:46,baseline,4,0.0,5269,16126,32.7
1785433246.742,17:40:46,baseline,5,0.0,5269,16126,32.7
1785433246.742,17:40:46,baseline,6,0.0,5269,16126,32.7
1785433246.742,17:40:46,baseline,7,0.0,5271,16126,32.7
1785433247.742,17:40:47,baseline,0,0.0,5269,16126,32.7
1785433247.742,17:40:47,baseline,1,0.0,5269,16126,32.7
1785433247.742,17:40:47,baseline,2,0.0,5269,16126,32.7
1785433247.742,17:40:47,baseline,3,0.0,5269,16126,32.7
1785433247.742,17:40:47,baseline,4,0.0,5269,16126,32.7
1785433247.742,17:40:47,baseline,5,0.0,5269,16126,32.7
1785433247.742,17:40:47,baseline,6,0.0,5269,16126,32.7
1785433247.742,17:40:47,baseline,7,0.0,5271,16126,32.7
1785433248.742,17:40:48,baseline,0,0.0,5269,16126,32.7
1785433248.742,17:40:48,baseline,1,0.0,5269,16126,32.7
1785433248.742,17:40:48,baseline,2,0.0,5269,16126,32.7
1785433248.742,17:40:48,baseline,3,0.0,5269,16126,32.7
1785433248.742,17:40:48,baseline,4,0.0,5269,16126,32.7
1785433248.742,17:40:48,baseline,5,0.0,5269,16126,32.7
1785433248.742,17:40:48,baseline,6,0.0,5269,16126,32.7
1785433248.742,17:40:48,baseline,7,0.0,5271,16126,32.7
1785433249.742,17:40:49,baseline,0,0.0,5269,16126,32.7
1785433249.742,17:40:49,baseline,1,0.0,5269,16126,32.7
1785433249.742,17:40:49,baseline,2,0.0,5269,16126,32.7
1785433249.742,17:40:49,baseline,3,0.0,5269,16126,32.7
1785433249.742,17:40:49,baseline,4,0.0,5269,16126,32.7
1785433249.742,17:40:49,baseline,5,0.0,5269,16126,32.7
1785433249.742,17:40:49,baseline,6,0.0,5269,16126,32.7
1785433249.742,17:40:49,baseline,7,0.0,5271,16126,32.7
1785433250.743,17:40:50,baseline,0,0.0,5269,16126,32.7
1785433250.743,17:40:50,baseline,1,0.0,5269,16126,32.7
1785433250.743,17:40:50,baseline,2,0.0,5269,16126,32.7
1785433250.743,17:40:50,baseline,3,0.0,5269,16126,32.7
1785433250.743,17:40:50,baseline,4,0.0,5269,16126,32.7
1785433250.743,17:40:50,baseline,5,0.0,5269,16126,32.7
1785433250.743,17:40:50,baseline,6,0.0,5269,16126,32.7
1785433250.743,17:40:50,baseline,7,0.0,5271,16126,32.7
1785433251.743,17:40:51,baseline,0,0.0,5269,16126,32.7
1785433251.743,17:40:51,baseline,1,0.0,5269,16126,32.7
1785433251.743,17:40:51,baseline,2,0.0,5269,16126,32.7
1785433251.743,17:40:51,baseline,3,0.0,5269,16126,32.7
1785433251.743,17:40:51,baseline,4,0.0,5269,16126,32.7
1785433251.743,17:40:51,baseline,5,0.0,5269,16126,32.7
1785433251.743,17:40:51,baseline,6,0.0,5269,16126,32.7
1785433251.743,17:40:51,baseline,7,0.0,5271,16126,32.7
1785433252.743,17:40:52,baseline,0,0.0,5269,16126,32.7
1785433252.743,17:40:52,baseline,1,0.0,5269,16126,32.7
1785433252.743,17:40:52,baseline,2,0.0,5269,16126,32.7
1785433252.743,17:40:52,baseline,3,0.0,5269,16126,32.7
1785433252.743,17:40:52,baseline,4,0.0,5269,16126,32.7
1785433252.743,17:40:52,baseline,5,0.0,5269,16126,32.7
1785433252.743,17:40:52,baseline,6,0.0,5269,16126,32.7
1785433252.743,17:40:52,baseline,7,0.0,5271,16126,32.7
1785433253.743,17:40:53,baseline,0,0.0,5269,16126,32.7
1785433253.743,17:40:53,baseline,1,0.0,5269,16126,32.7
1785433253.743,17:40:53,baseline,2,0.0,5269,16126,32.7
1785433253.743,17:40:53,baseline,3,0.0,5269,16126,32.7
1785433253.743,17:40:53,baseline,4,0.0,5269,16126,32.7
1785433253.743,17:40:53,baseline,5,0.0,5269,16126,32.7
1785433253.743,17:40:53,baseline,6,0.0,5269,16126,32.7
1785433253.743,17:40:53,baseline,7,0.0,5271,16126,32.7
1785433254.743,17:40:54,baseline,0,0.0,5269,16126,32.7
1785433254.743,17:40:54,baseline,1,0.0,5269,16126,32.7
1785433254.743,17:40:54,baseline,2,0.0,5269,16126,32.7
1785433254.743,17:40:54,baseline,3,0.0,5269,16126,32.7
1785433254.743,17:40:54,baseline,4,0.0,5269,16126,32.7
1785433254.743,17:40:54,baseline,5,0.0,5269,16126,32.7
1785433254.743,17:40:54,baseline,6,0.0,5269,16126,32.7
1785433254.743,17:40:54,baseline,7,0.0,5271,16126,32.7
1785433255.743,17:40:55,baseline,0,0.0,5269,16126,32.7
1785433255.743,17:40:55,baseline,1,0.0,5269,16126,32.7
1785433255.743,17:40:55,baseline,2,0.0,5269,16126,32.7
1785433255.743,17:40:55,baseline,3,0.0,5269,16126,32.7
1785433255.743,17:40:55,baseline,4,0.0,5269,16126,32.7
1785433255.743,17:40:55,baseline,5,0.0,5269,16126,32.7
1785433255.743,17:40:55,baseline,6,0.0,5269,16126,32.7
1785433255.743,17:40:55,baseline,7,0.0,5271,16126,32.7
1785433256.743,17:40:56,baseline,0,0.0,5269,16126,32.7
1785433256.743,17:40:56,baseline,1,0.0,5269,16126,32.7
1785433256.743,17:40:56,baseline,2,0.0,5269,16126,32.7
1785433256.743,17:40:56,baseline,3,0.0,5269,16126,32.7
1785433256.743,17:40:56,baseline,4,0.0,5269,16126,32.7
1785433256.743,17:40:56,baseline,5,0.0,5269,16126,32.7
1785433256.743,17:40:56,baseline,6,0.0,5269,16126,32.7
1785433256.743,17:40:56,baseline,7,0.0,5271,16126,32.7
1785433257.744,17:40:57,baseline,0,0.0,5269,16126,32.7
1785433257.744,17:40:57,baseline,1,0.0,5269,16126,32.7
1785433257.744,17:40:57,baseline,2,0.0,5269,16126,32.7
1785433257.744,17:40:57,baseline,3,0.0,5269,16126,32.7
1785433257.744,17:40:57,baseline,4,0.0,5269,16126,32.7
1785433257.744,17:40:57,baseline,5,0.0,5269,16126,32.7
1785433257.744,17:40:57,baseline,6,0.0,5269,16126,32.7
1785433257.744,17:40:57,baseline,7,0.0,5271,16126,32.7
1785433258.744,17:40:58,baseline,0,0.0,5269,16126,32.7
1785433258.744,17:40:58,baseline,1,0.0,5269,16126,32.7
1785433258.744,17:40:58,baseline,2,0.0,5269,16126,32.7
1785433258.744,17:40:58,baseline,3,0.0,5269,16126,32.7
1785433258.744,17:40:58,baseline,4,0.0,5269,16126,32.7
1785433258.744,17:40:58,baseline,5,0.0,5269,16126,32.7
1785433258.744,17:40:58,baseline,6,0.0,5269,16126,32.7
1785433258.744,17:40:58,baseline,7,0.0,5271,16126,32.7
1785433259.744,17:40:59,baseline,0,0.0,5269,16126,32.7
1785433259.744,17:40:59,baseline,1,0.0,5269,16126,32.7
1785433259.744,17:40:59,baseline,2,0.0,5269,16126,32.7
1785433259.744,17:40:59,baseline,3,0.0,5269,16126,32.7
1785433259.744,17:40:59,baseline,4,0.0,5269,16126,32.7
1785433259.744,17:40:59,baseline,5,0.0,5269,16126,32.7
1785433259.744,17:40:59,baseline,6,0.0,5269,16126,32.7
1785433259.744,17:40:59,baseline,7,0.0,5271,16126,32.7
1785433260.744,17:41:00,baseline,0,0.0,5269,16126,32.7
1785433260.744,17:41:00,baseline,1,0.0,5269,16126,32.7
1785433260.744,17:41:00,baseline,2,0.0,5269,16126,32.7
1785433260.744,17:41:00,baseline,3,0.0,5269,16126,32.7
1785433260.744,17:41:00,baseline,4,0.0,5269,16126,32.7
1785433260.744,17:41:00,baseline,5,0.0,5269,16126,32.7
1785433260.744,17:41:00,baseline,6,0.0,5269,16126,32.7
1785433260.744,17:41:00,baseline,7,0.0,5271,16126,32.7
1785433261.744,17:41:01,baseline,0,0.0,5269,16126,32.7
1785433261.744,17:41:01,baseline,1,0.0,5269,16126,32.7
1785433261.744,17:41:01,baseline,2,0.0,5269,16126,32.7
1785433261.744,17:41:01,baseline,3,0.0,5269,16126,32.7
1785433261.744,17:41:01,baseline,4,0.0,5269,16126,32.7
1785433261.744,17:41:01,baseline,5,0.0,5269,16126,32.7
1785433261.744,17:41:01,baseline,6,0.0,5269,16126,32.7
1785433261.744,17:41:01,baseline,7,0.0,5271,16126,32.7
1785433262.744,17:41:02,baseline,0,0.0,5269,16126,32.7
1785433262.744,17:41:02,baseline,1,0.0,5269,16126,32.7
1785433262.744,17:41:02,baseline,2,0.0,5269,16126,32.7
1785433262.744,17:41:02,baseline,3,0.0,5269,16126,32.7
1785433262.744,17:41:02,baseline,4,0.0,5269,16126,32.7
1785433262.744,17:41:02,baseline,5,0.0,5269,16126,32.7
1785433262.744,17:41:02,baseline,6,0.0,5269,16126,32.7
1785433262.744,17:41:02,baseline,7,0.0,5271,16126,32.7
1785433263.744,17:41:03,baseline,0,0.0,5269,16126,32.7
1785433263.744,17:41:03,baseline,1,0.0,5269,16126,32.7
1785433263.744,17:41:03,baseline,2,0.0,5269,16126,32.7
1785433263.744,17:41:03,baseline,3,0.0,5269,16126,32.7
1785433263.744,17:41:03,baseline,4,0.0,5269,16126,32.7
1785433263.744,17:41:03,baseline,5,0.0,5269,16126,32.7
1785433263.744,17:41:03,baseline,6,0.0,5269,16126,32.7
1785433263.744,17:41:03,baseline,7,0.0,5271,16126,32.7
1785433264.745,17:41:04,baseline,0,0.0,5269,16126,32.7
1785433264.745,17:41:04,baseline,1,0.0,5269,16126,32.7
1785433264.745,17:41:04,baseline,2,0.0,5269,16126,32.7
1785433264.745,17:41:04,baseline,3,0.0,5269,16126,32.7
1785433264.745,17:41:04,baseline,4,0.0,5269,16126,32.7
1785433264.745,17:41:04,baseline,5,0.0,5269,16126,32.7
1785433264.745,17:41:04,baseline,6,0.0,5269,16126,32.7
1785433264.745,17:41:04,baseline,7,0.0,5271,16126,32.7
1785433265.745,17:41:05,baseline,0,0.0,5269,16126,32.7
1785433265.745,17:41:05,baseline,1,0.0,5269,16126,32.7
1785433265.745,17:41:05,baseline,2,0.0,5269,16126,32.7
1785433265.745,17:41:05,baseline,3,0.0,5269,16126,32.7
1785433265.745,17:41:05,baseline,4,0.0,5269,16126,32.7
1785433265.745,17:41:05,baseline,5,0.0,5269,16126,32.7
1785433265.745,17:41:05,baseline,6,0.0,5269,16126,32.7
1785433265.745,17:41:05,baseline,7,0.0,5271,16126,32.7
1785433266.745,17:41:06,baseline,0,0.0,5269,16126,32.7
1785433266.745,17:41:06,baseline,1,0.0,5269,16126,32.7
1785433266.745,17:41:06,baseline,2,0.0,5269,16126,32.7
1785433266.745,17:41:06,baseline,3,0.0,5269,16126,32.7
1785433266.745,17:41:06,baseline,4,0.0,5269,16126,32.7
1785433266.745,17:41:06,baseline,5,0.0,5269,16126,32.7
1785433266.745,17:41:06,baseline,6,0.0,5269,16126,32.7
1785433266.745,17:41:06,baseline,7,0.0,5271,16126,32.7
1785433267.745,17:41:07,baseline,0,0.0,5269,16126,32.7
1785433267.745,17:41:07,baseline,1,0.0,5269,16126,32.7
1785433267.745,17:41:07,baseline,2,0.0,5269,16126,32.7
1785433267.745,17:41:07,baseline,3,0.0,5269,16126,32.7
1785433267.745,17:41:07,baseline,4,0.0,5269,16126,32.7
1785433267.745,17:41:07,baseline,5,0.0,5269,16126,32.7
1785433267.745,17:41:07,baseline,6,0.0,5269,16126,32.7
1785433267.745,17:41:07,baseline,7,0.0,5271,16126,32.7
1785433268.745,17:41:08,baseline,0,0.0,5269,16126,32.7
1785433268.745,17:41:08,baseline,1,0.0,5269,16126,32.7
1785433268.745,17:41:08,baseline,2,0.0,5269,16126,32.7
1785433268.745,17:41:08,baseline,3,0.0,5269,16126,32.7
1785433268.745,17:41:08,baseline,4,0.0,5269,16126,32.7
1785433268.745,17:41:08,baseline,5,0.0,5269,16126,32.7
1785433268.745,17:41:08,baseline,6,0.0,5269,16126,32.7
1785433268.745,17:41:08,baseline,7,0.0,5271,16126,32.7
1785433269.745,17:41:09,baseline,0,0.0,5269,16126,32.7
1785433269.745,17:41:09,baseline,1,0.0,5269,16126,32.7
1785433269.745,17:41:09,baseline,2,0.0,5269,16126,32.7
1785433269.745,17:41:09,baseline,3,0.0,5269,16126,32.7
1785433269.745,17:41:09,baseline,4,0.0,5269,16126,32.7
1785433269.745,17:41:09,baseline,5,0.0,5269,16126,32.7
1785433269.745,17:41:09,baseline,6,0.0,5269,16126,32.7
1785433269.745,17:41:09,baseline,7,0.0,5271,16126,32.7
1785433270.745,17:41:10,baseline,0,0.0,5269,16126,32.7
1785433270.745,17:41:10,baseline,1,0.0,5269,16126,32.7
1785433270.745,17:41:10,baseline,2,0.0,5269,16126,32.7
1785433270.745,17:41:10,baseline,3,0.0,5269,16126,32.7
1785433270.745,17:41:10,baseline,4,0.0,5269,16126,32.7
1785433270.745,17:41:10,baseline,5,0.0,5269,16126,32.7
1785433270.745,17:41:10,baseline,6,0.0,5269,16126,32.7
1785433270.745,17:41:10,baseline,7,0.0,5271,16126,32.7
1785433271.746,17:41:11,baseline,0,0.0,5269,16126,32.7
1785433271.746,17:41:11,baseline,1,0.0,5269,16126,32.7
1785433271.746,17:41:11,baseline,2,0.0,5269,16126,32.7
1785433271.746,17:41:11,baseline,3,0.0,5269,16126,32.7
1785433271.746,17:41:11,baseline,4,0.0,5269,16126,32.7
1785433271.746,17:41:11,baseline,5,0.0,5269,16126,32.7
1785433271.746,17:41:11,baseline,6,0.0,5269,16126,32.7
1785433271.746,17:41:11,baseline,7,0.0,5271,16126,32.7
1785433272.746,17:41:12,baseline,0,0.0,5269,16126,32.7
1785433272.746,17:41:12,baseline,1,0.0,5269,16126,32.7
1785433272.746,17:41:12,baseline,2,0.0,5269,16126,32.7
1785433272.746,17:41:12,baseline,3,0.0,5269,16126,32.7
1785433272.746,17:41:12,baseline,4,0.0,5269,16126,32.7
1785433272.746,17:41:12,baseline,5,0.0,5269,16126,32.7
1785433272.746,17:41:12,baseline,6,0.0,5269,16126,32.7
1785433272.746,17:41:12,baseline,7,0.0,5271,16126,32.7
1785433273.746,17:41:13,baseline,0,0.0,5269,16126,32.7
1785433273.746,17:41:13,baseline,1,0.0,5269,16126,32.7
1785433273.746,17:41:13,baseline,2,0.0,5269,16126,32.7
1785433273.746,17:41:13,baseline,3,0.0,5269,16126,32.7
1785433273.746,17:41:13,baseline,4,0.0,5269,16126,32.7
1785433273.746,17:41:13,baseline,5,0.0,5269,16126,32.7
1785433273.746,17:41:13,baseline,6,0.0,5269,16126,32.7
1785433273.746,17:41:13,baseline,7,0.0,5271,16126,32.7
1785433274.746,17:41:14,baseline,0,0.0,5269,16126,32.7
1785433274.746,17:41:14,baseline,1,0.0,5269,16126,32.7
1785433274.746,17:41:14,baseline,2,0.0,5269,16126,32.7
1785433274.746,17:41:14,baseline,3,0.0,5269,16126,32.7
1785433274.746,17:41:14,baseline,4,0.0,5269,16126,32.7
1785433274.746,17:41:14,baseline,5,0.0,5269,16126,32.7
1785433274.746,17:41:14,baseline,6,0.0,5269,16126,32.7
1785433274.746,17:41:14,baseline,7,0.0,5271,16126,32.7
1785433275.746,17:41:15,baseline,0,0.0,5269,16126,32.7
1785433275.746,17:41:15,baseline,1,0.0,5269,16126,32.7
1785433275.746,17:41:15,baseline,2,0.0,5269,16126,32.7
1785433275.746,17:41:15,baseline,3,0.0,5269,16126,32.7
1785433275.746,17:41:15,baseline,4,0.0,5269,16126,32.7
1785433275.746,17:41:15,baseline,5,0.0,5269,16126,32.7
1785433275.746,17:41:15,baseline,6,0.0,5269,16126,32.7
1785433275.746,17:41:15,baseline,7,0.0,5271,16126,32.7
1785433276.746,17:41:16,baseline,0,0.0,5269,16126,32.7
1785433276.746,17:41:16,baseline,1,0.0,5269,16126,32.7
1785433276.746,17:41:16,baseline,2,0.0,5269,16126,32.7
1785433276.746,17:41:16,baseline,3,0.0,5269,16126,32.7
1785433276.746,17:41:16,baseline,4,0.0,5269,16126,32.7
1785433276.746,17:41:16,baseline,5,0.0,5269,16126,32.7
1785433276.746,17:41:16,baseline,6,0.0,5269,16126,32.7
1785433276.746,17:41:16,baseline,7,0.0,5271,16126,32.7
1785433277.746,17:41:17,baseline,0,0.0,5269,16126,32.7
1785433277.746,17:41:17,baseline,1,0.0,5269,16126,32.7
1785433277.746,17:41:17,baseline,2,0.0,5269,16126,32.7
1785433277.746,17:41:17,baseline,3,0.0,5269,16126,32.7
1785433277.746,17:41:17,baseline,4,0.0,5269,16126,32.7
1785433277.746,17:41:17,baseline,5,0.0,5269,16126,32.7
1785433277.746,17:41:17,baseline,6,0.0,5269,16126,32.7
1785433277.746,17:41:17,baseline,7,0.0,5271,16126,32.7
1785433278.747,17:41:18,baseline,0,0.0,5269,16126,32.7
1785433278.747,17:41:18,baseline,1,0.0,5269,16126,32.7
1785433278.747,17:41:18,baseline,2,0.0,5269,16126,32.7
1785433278.747,17:41:18,baseline,3,0.0,5269,16126,32.7
1785433278.747,17:41:18,baseline,4,0.0,5269,16126,32.7
1785433278.747,17:41:18,baseline,5,0.0,5269,16126,32.7
1785433278.747,17:41:18,baseline,6,0.0,5269,16126,32.7
1785433278.747,17:41:18,baseline,7,0.0,5271,16126,32.7
1785433279.747,17:41:19,baseline,0,0.0,5269,16126,32.7
1785433279.747,17:41:19,baseline,1,0.0,5269,16126,32.7
1785433279.747,17:41:19,baseline,2,0.0,5269,16126,32.7
1785433279.747,17:41:19,baseline,3,0.0,5269,16126,32.7
1785433279.747,17:41:19,baseline,4,0.0,5269,16126,32.7
1785433279.747,17:41:19,baseline,5,0.0,5269,16126,32.7
1785433279.747,17:41:19,baseline,6,0.0,5269,16126,32.7
1785433279.747,17:41:19,baseline,7,0.0,5271,16126,32.7
1785433280.747,17:41:20,baseline,0,0.0,5269,16126,32.7
1785433280.747,17:41:20,baseline,1,0.0,5269,16126,32.7
1785433280.747,17:41:20,baseline,2,0.0,5269,16126,32.7
1785433280.747,17:41:20,baseline,3,0.0,5269,16126,32.7
1785433280.747,17:41:20,baseline,4,0.0,5269,16126,32.7
1785433280.747,17:41:20,baseline,5,0.0,5269,16126,32.7
1785433280.747,17:41:20,baseline,6,0.0,5269,16126,32.7
1785433280.747,17:41:20,baseline,7,0.0,5271,16126,32.7
1785433281.747,17:41:21,baseline,0,0.0,5269,16126,32.7
1785433281.747,17:41:21,baseline,1,0.0,5269,16126,32.7
1785433281.747,17:41:21,baseline,2,0.0,5269,16126,32.7
1785433281.747,17:41:21,baseline,3,0.0,5269,16126,32.7
1785433281.747,17:41:21,baseline,4,0.0,5269,16126,32.7
1785433281.747,17:41:21,baseline,5,0.0,5269,16126,32.7
1785433281.747,17:41:21,baseline,6,0.0,5269,16126,32.7
1785433281.747,17:41:21,baseline,7,0.0,5271,16126,32.7
1785433282.747,17:41:22,baseline,0,78.6,5678,16126,35.2
1785433282.747,17:41:22,baseline,1,79.5,5832,16126,36.2
1785433282.747,17:41:22,baseline,2,79.0,5832,16126,36.2
1785433282.747,17:41:22,baseline,3,79.8,5709,16126,35.4
1785433282.747,17:41:22,baseline,4,80.0,5832,16126,36.2
1785433282.747,17:41:22,baseline,5,77.3,5832,16126,36.2
1785433282.747,17:41:22,baseline,6,79.4,5832,16126,36.2
1785433282.747,17:41:22,baseline,7,70.9,6456,16126,40.0
1785433283.747,17:41:23,baseline,0,78.6,5678,16126,35.2
1785433283.747,17:41:23,baseline,1,79.5,5832,16126,36.2
1785433283.747,17:41:23,baseline,2,79.0,5832,16126,36.2
1785433283.747,17:41:23,baseline,3,79.8,5709,16126,35.4
1785433283.747,17:41:23,baseline,4,80.0,5832,16126,36.2
1785433283.747,17:41:23,baseline,5,77.3,5832,16126,36.2
1785433283.747,17:41:23,baseline,6,79.4,5832,16126,36.2
1785433283.747,17:41:23,baseline,7,70.9,6456,16126,40.0
1785433284.747,17:41:24,baseline,0,78.6,5678,16126,35.2
1785433284.747,17:41:24,baseline,1,79.5,5832,16126,36.2
1785433284.747,17:41:24,baseline,2,79.0,5832,16126,36.2
1785433284.747,17:41:24,baseline,3,79.8,5709,16126,35.4
1785433284.747,17:41:24,baseline,4,80.0,5832,16126,36.2
1785433284.747,17:41:24,baseline,5,77.3,5832,16126,36.2
1785433284.747,17:41:24,baseline,6,79.4,5832,16126,36.2
1785433284.747,17:41:24,baseline,7,70.9,6456,16126,40.0
1785433285.747,17:41:25,baseline,0,78.6,5678,16126,35.2
1785433285.747,17:41:25,baseline,1,79.5,5832,16126,36.2
1785433285.747,17:41:25,baseline,2,79.0,5832,16126,36.2
1785433285.747,17:41:25,baseline,3,79.8,5709,16126,35.4
1785433285.747,17:41:25,baseline,4,80.0,5832,16126,36.2
1785433285.747,17:41:25,baseline,5,77.3,5832,16126,36.2
1785433285.747,17:41:25,baseline,6,79.4,5832,16126,36.2
1785433285.747,17:41:25,baseline,7,70.9,6456,16126,40.0
1785433286.747,17:41:26,baseline,0,78.6,5678,16126,35.2
1785433286.747,17:41:26,baseline,1,79.5,5832,16126,36.2
1785433286.747,17:41:26,baseline,2,79.0,5832,16126,36.2
1785433286.747,17:41:26,baseline,3,79.8,5709,16126,35.4
1785433286.747,17:41:26,baseline,4,80.0,5832,16126,36.2
1785433286.747,17:41:26,baseline,5,77.3,5832,16126,36.2
1785433286.747,17:41:26,baseline,6,79.4,5832,16126,36.2
1785433286.747,17:41:26,baseline,7,70.9,6456,16126,40.0
1785433287.747,17:41:27,baseline,0,90.9,5778,16126,35.8
1785433287.747,17:41:27,baseline,1,88.1,5591,16126,34.7
1785433287.747,17:41:27,baseline,2,94.6,5814,16126,36.1
1785433287.747,17:41:27,baseline,3,93.3,5440,16126,33.7
1785433287.747,17:41:27,baseline,4,94.7,5715,16126,35.4
1785433287.747,17:41:27,baseline,5,93.1,5833,16126,36.2
1785433287.747,17:41:27,baseline,6,94.0,5492,16126,34.1
1785433287.747,17:41:27,baseline,7,91.8,5834,16126,36.2
1785433288.748,17:41:28,baseline,0,90.9,5778,16126,35.8
1785433288.748,17:41:28,baseline,1,88.1,5591,16126,34.7
1785433288.748,17:41:28,baseline,2,94.6,5814,16126,36.1
1785433288.748,17:41:28,baseline,3,93.3,5440,16126,33.7
1785433288.748,17:41:28,baseline,4,94.7,5715,16126,35.4
1785433288.748,17:41:28,baseline,5,93.1,5833,16126,36.2
1785433288.748,17:41:28,baseline,6,94.0,5492,16126,34.1
1785433288.748,17:41:28,baseline,7,91.8,5834,16126,36.2
1785433289.748,17:41:29,baseline,0,90.9,5778,16126,35.8
1785433289.748,17:41:29,baseline,1,88.1,5591,16126,34.7
1785433289.748,17:41:29,baseline,2,94.6,5814,16126,36.1
1785433289.748,17:41:29,baseline,3,93.3,5440,16126,33.7
1785433289.748,17:41:29,baseline,4,94.7,5715,16126,35.4
1785433289.748,17:41:29,baseline,5,93.1,5833,16126,36.2
1785433289.748,17:41:29,baseline,6,94.0,5492,16126,34.1
1785433289.748,17:41:29,baseline,7,91.8,5834,16126,36.2
1785433290.748,17:41:30,baseline,0,90.9,5778,16126,35.8
1785433290.748,17:41:30,baseline,1,88.1,5591,16126,34.7
1785433290.748,17:41:30,baseline,2,94.6,5814,16126,36.1
1785433290.748,17:41:30,baseline,3,93.3,5440,16126,33.7
1785433290.748,17:41:30,baseline,4,94.7,5715,16126,35.4
1785433290.748,17:41:30,baseline,5,93.1,5833,16126,36.2
1785433290.748,17:41:30,baseline,6,94.0,5492,16126,34.1
1785433290.748,17:41:30,baseline,7,91.8,5834,16126,36.2
1785433291.748,17:41:31,baseline,0,90.9,5778,16126,35.8
1785433291.748,17:41:31,baseline,1,88.1,5591,16126,34.7
1785433291.748,17:41:31,baseline,2,94.6,5814,16126,36.1
1785433291.748,17:41:31,baseline,3,93.3,5440,16126,33.7
1785433291.748,17:41:31,baseline,4,94.7,5715,16126,35.4
1785433291.748,17:41:31,baseline,5,93.1,5833,16126,36.2
1785433291.748,17:41:31,baseline,6,94.0,5492,16126,34.1
1785433291.748,17:41:31,baseline,7,91.8,5834,16126,36.2
1785433292.748,17:41:32,baseline,0,88.3,6482,16126,40.2
1785433292.748,17:41:32,baseline,1,95.5,6537,16126,40.5
1785433292.748,17:41:32,baseline,2,95.2,6429,16126,39.9
1785433292.748,17:41:32,baseline,3,96.3,6650,16126,41.2
1785433292.748,17:41:32,baseline,4,96.3,6511,16126,40.4
1785433292.748,17:41:32,baseline,5,94.1,6752,16126,41.9
1785433292.748,17:41:32,baseline,6,95.8,6530,16126,40.5
1785433292.748,17:41:32,baseline,7,92.6,6754,16126,41.9
1785433293.748,17:41:33,baseline,0,88.3,6482,16126,40.2
1785433293.748,17:41:33,baseline,1,95.5,6537,16126,40.5
1785433293.748,17:41:33,baseline,2,95.2,6429,16126,39.9
1785433293.748,17:41:33,baseline,3,96.3,6650,16126,41.2
1785433293.748,17:41:33,baseline,4,96.3,6511,16126,40.4
1785433293.748,17:41:33,baseline,5,94.1,6752,16126,41.9
1785433293.748,17:41:33,baseline,6,95.8,6530,16126,40.5
1785433293.748,17:41:33,baseline,7,92.6,6754,16126,41.9
1785433294.748,17:41:34,baseline,0,88.3,6482,16126,40.2
1785433294.748,17:41:34,baseline,1,95.5,6537,16126,40.5
1785433294.748,17:41:34,baseline,2,95.2,6429,16126,39.9
1785433294.748,17:41:34,baseline,3,96.3,6650,16126,41.2
1785433294.748,17:41:34,baseline,4,96.3,6511,16126,40.4
1785433294.748,17:41:34,baseline,5,94.1,6752,16126,41.9
1785433294.748,17:41:34,baseline,6,95.8,6530,16126,40.5
1785433294.748,17:41:34,baseline,7,92.6,6754,16126,41.9
1785433295.748,17:41:35,baseline,0,88.3,6482,16126,40.2
1785433295.748,17:41:35,baseline,1,95.5,6537,16126,40.5
1785433295.748,17:41:35,baseline,2,95.2,6429,16126,39.9
1785433295.748,17:41:35,baseline,3,96.3,6650,16126,41.2
1785433295.748,17:41:35,baseline,4,96.3,6511,16126,40.4
1785433295.748,17:41:35,baseline,5,94.1,6752,16126,41.9
1785433295.748,17:41:35,baseline,6,95.8,6530,16126,40.5
1785433295.748,17:41:35,baseline,7,92.6,6754,16126,41.9
1785433296.749,17:41:36,baseline,0,88.3,6482,16126,40.2
1785433296.749,17:41:36,baseline,1,95.5,6537,16126,40.5
1785433296.749,17:41:36,baseline,2,95.2,6429,16126,39.9
1785433296.749,17:41:36,baseline,3,96.3,6650,16126,41.2
1785433296.749,17:41:36,baseline,4,96.3,6511,16126,40.4
1785433296.749,17:41:36,baseline,5,94.1,6752,16126,41.9
1785433296.749,17:41:36,baseline,6,95.8,6530,16126,40.5
1785433296.749,17:41:36,baseline,7,92.6,6754,16126,41.9
1785433297.749,17:41:37,baseline,0,89.9,8395,16126,52.1
1785433297.749,17:41:37,baseline,1,96.2,8528,16126,52.9
1785433297.749,17:41:37,baseline,2,95.2,8123,16126,50.4
1785433297.749,17:41:37,baseline,3,90.5,8512,16126,52.8
1785433297.749,17:41:37,baseline,4,95.8,8456,16126,52.4
1785433297.749,17:41:37,baseline,5,95.1,8435,16126,52.3
1785433297.749,17:41:37,baseline,6,95.4,8468,16126,52.5
1785433297.749,17:41:37,baseline,7,96.6,8124,16126,50.4
1785433298.749,17:41:38,baseline,0,89.9,8395,16126,52.1
1785433298.749,17:41:38,baseline,1,96.2,8528,16126,52.9
1785433298.749,17:41:38,baseline,2,95.2,8123,16126,50.4
1785433298.749,17:41:38,baseline,3,90.5,8512,16126,52.8
1785433298.749,17:41:38,baseline,4,95.8,8456,16126,52.4
1785433298.749,17:41:38,baseline,5,95.1,8435,16126,52.3
1785433298.749,17:41:38,baseline,6,95.4,8468,16126,52.5
1785433298.749,17:41:38,baseline,7,96.6,8124,16126,50.4
1785433299.749,17:41:39,baseline,0,89.9,8395,16126,52.1
1785433299.749,17:41:39,baseline,1,96.2,8528,16126,52.9
1785433299.749,17:41:39,baseline,2,95.2,8123,16126,50.4
1785433299.749,17:41:39,baseline,3,90.5,8512,16126,52.8
1785433299.749,17:41:39,baseline,4,95.8,8456,16126,52.4
1785433299.749,17:41:39,baseline,5,95.1,8435,16126,52.3
1785433299.749,17:41:39,baseline,6,95.4,8468,16126,52.5
1785433299.749,17:41:39,baseline,7,96.6,8124,16126,50.4
1785433300.749,17:41:40,baseline,0,89.9,8395,16126,52.1
1785433300.749,17:41:40,baseline,1,96.2,8528,16126,52.9
1785433300.749,17:41:40,baseline,2,95.2,8123,16126,50.4
1785433300.749,17:41:40,baseline,3,90.5,8512,16126,52.8
1785433300.749,17:41:40,baseline,4,95.8,8456,16126,52.4
1785433300.749,17:41:40,baseline,5,95.1,8435,16126,52.3
1785433300.749,17:41:40,baseline,6,95.4,8468,16126,52.5
1785433300.749,17:41:40,baseline,7,96.6,8124,16126,50.4
1785433301.749,17:41:41,baseline,0,89.9,8395,16126,52.1
1785433301.749,17:41:41,baseline,1,96.2,8528,16126,52.9
1785433301.749,17:41:41,baseline,2,95.2,8123,16126,50.4
1785433301.749,17:41:41,baseline,3,90.5,8512,16126,52.8
1785433301.749,17:41:41,baseline,4,95.8,8456,16126,52.4
1785433301.749,17:41:41,baseline,5,95.1,8435,16126,52.3
1785433301.749,17:41:41,baseline,6,95.4,8468,16126,52.5
1785433301.749,17:41:41,baseline,7,96.6,8124,16126,50.4
1785433302.749,17:41:42,baseline,0,86.3,7572,16126,47.0
1785433302.749,17:41:42,baseline,1,93.2,7975,16126,49.5
1785433302.749,17:41:42,baseline,2,92.9,8083,16126,50.1
1785433302.749,17:41:42,baseline,3,95.0,9639,16126,59.8
1785433302.749,17:41:42,baseline,4,94.2,9639,16126,59.8
1785433302.749,17:41:42,baseline,5,91.5,7909,16126,49.0
1785433302.749,17:41:42,baseline,6,93.8,7927,16126,49.2
1785433302.749,17:41:42,baseline,7,94.0,12399,16126,76.9
1785433303.749,17:41:43,baseline,0,86.3,7572,16126,47.0
1785433303.749,17:41:43,baseline,1,93.2,7975,16126,49.5
1785433303.749,17:41:43,baseline,2,92.9,8083,16126,50.1
1785433303.749,17:41:43,baseline,3,95.0,9639,16126,59.8
1785433303.749,17:41:43,baseline,4,94.2,9639,16126,59.8
1785433303.749,17:41:43,baseline,5,91.5,7909,16126,49.0
1785433303.749,17:41:43,baseline,6,93.8,7927,16126,49.2
1785433303.749,17:41:43,baseline,7,94.0,12399,16126,76.9
1785433304.75,17:41:44,baseline,0,86.3,7572,16126,47.0
1785433304.75,17:41:44,baseline,1,93.2,7975,16126,49.5
1785433304.75,17:41:44,baseline,2,92.9,8083,16126,50.1
1785433304.75,17:41:44,baseline,3,95.0,9639,16126,59.8
1785433304.75,17:41:44,baseline,4,94.2,9639,16126,59.8
1785433304.75,17:41:44,baseline,5,91.5,7909,16126,49.0
1785433304.75,17:41:44,baseline,6,93.8,7927,16126,49.2
1785433304.75,17:41:44,baseline,7,94.0,12399,16126,76.9
1785433305.75,17:41:45,baseline,0,86.3,7572,16126,47.0
1785433305.75,17:41:45,baseline,1,93.2,7975,16126,49.5
1785433305.75,17:41:45,baseline,2,92.9,8083,16126,50.1
1785433305.75,17:41:45,baseline,3,95.0,9639,16126,59.8
1785433305.75,17:41:45,baseline,4,94.2,9639,16126,59.8
1785433305.75,17:41:45,baseline,5,91.5,7909,16126,49.0
1785433305.75,17:41:45,baseline,6,93.8,7927,16126,49.2
1785433305.75,17:41:45,baseline,7,94.0,12399,16126,76.9
1785433306.75,17:41:46,baseline,0,86.3,7572,16126,47.0
1785433306.75,17:41:46,baseline,1,93.2,7975,16126,49.5
1785433306.75,17:41:46,baseline,2,92.9,8083,16126,50.1
1785433306.75,17:41:46,baseline,3,95.0,9639,16126,59.8
1785433306.75,17:41:46,baseline,4,94.2,9639,16126,59.8
1785433306.75,17:41:46,baseline,5,91.5,7909,16126,49.0
1785433306.75,17:41:46,baseline,6,93.8,7927,16126,49.2
1785433306.75,17:41:46,baseline,7,94.0,12399,16126,76.9
1785433307.75,17:41:47,baseline,0,86.4,7831,16126,48.6
1785433307.75,17:41:47,baseline,1,95.4,7910,16126,49.1
1785433307.75,17:41:47,baseline,2,95.3,7801,16126,48.4
1785433307.75,17:41:47,baseline,3,95.6,7980,16126,49.5
1785433307.75,17:41:47,baseline,4,96.8,7567,16126,46.9
1785433307.75,17:41:47,baseline,5,95.4,7875,16126,48.8
1785433307.75,17:41:47,baseline,6,95.8,7583,16126,47.0
1785433307.75,17:41:47,baseline,7,96.1,7436,16126,46.1
1785433308.75,17:41:48,baseline,0,86.4,7831,16126,48.6
1785433308.75,17:41:48,baseline,1,95.4,7910,16126,49.1
1785433308.75,17:41:48,baseline,2,95.3,7801,16126,48.4
1785433308.75,17:41:48,baseline,3,95.6,7980,16126,49.5
1785433308.75,17:41:48,baseline,4,96.8,7567,16126,46.9
1785433308.75,17:41:48,baseline,5,95.4,7875,16126,48.8
1785433308.75,17:41:48,baseline,6,95.8,7583,16126,47.0
1785433308.75,17:41:48,baseline,7,96.1,7436,16126,46.1
1785433309.75,17:41:49,baseline,0,86.4,7831,16126,48.6
1785433309.75,17:41:49,baseline,1,95.4,7910,16126,49.1
1785433309.75,17:41:49,baseline,2,95.3,7801,16126,48.4
1785433309.75,17:41:49,baseline,3,95.6,7980,16126,49.5
1785433309.75,17:41:49,baseline,4,96.8,7567,16126,46.9
1785433309.75,17:41:49,baseline,5,95.4,7875,16126,48.8
1785433309.75,17:41:49,baseline,6,95.8,7583,16126,47.0
1785433309.75,17:41:49,baseline,7,96.1,7436,16126,46.1
1785433310.75,17:41:50,baseline,0,86.4,7831,16126,48.6
1785433310.75,17:41:50,baseline,1,95.4,7910,16126,49.1
1785433310.75,17:41:50,baseline,2,95.3,7801,16126,48.4
1785433310.75,17:41:50,baseline,3,95.6,7980,16126,49.5
1785433310.75,17:41:50,baseline,4,96.8,7567,16126,46.9
1785433310.75,17:41:50,baseline,5,95.4,7875,16126,48.8
1785433310.75,17:41:50,baseline,6,95.8,7583,16126,47.0
1785433310.75,17:41:50,baseline,7,96.1,7436,16126,46.1
1785433311.75,17:41:51,baseline,0,86.4,7831,16126,48.6
1785433311.75,17:41:51,baseline,1,95.4,7910,16126,49.1
1785433311.75,17:41:51,baseline,2,95.3,7801,16126,48.4
1785433311.75,17:41:51,baseline,3,95.6,7980,16126,49.5
1785433311.75,17:41:51,baseline,4,96.8,7567,16126,46.9
1785433311.75,17:41:51,baseline,5,95.4,7875,16126,48.8
1785433311.75,17:41:51,baseline,6,95.8,7583,16126,47.0
1785433311.75,17:41:51,baseline,7,96.1,7436,16126,46.1
1785433312.751,17:41:52,baseline,0,86.4,8677,16126,53.8
1785433312.751,17:41:52,baseline,1,95.6,9507,16126,59.0
1785433312.751,17:41:52,baseline,2,88.5,9639,16126,59.8
1785433312.751,17:41:52,baseline,3,91.9,9573,16126,59.4
1785433312.751,17:41:52,baseline,4,95.7,9483,16126,58.8
1785433312.751,17:41:52,baseline,5,96.4,9471,16126,58.7
1785433312.751,17:41:52,baseline,6,95.9,9471,16126,58.7
1785433312.751,17:41:52,baseline,7,95.6,9485,16126,58.8
1785433313.751,17:41:53,baseline,0,86.4,8677,16126,53.8
1785433313.751,17:41:53,baseline,1,95.6,9507,16126,59.0
1785433313.751,17:41:53,baseline,2,88.5,9639,16126,59.8
1785433313.751,17:41:53,baseline,3,91.9,9573,16126,59.4
1785433313.751,17:41:53,baseline,4,95.7,9483,16126,58.8
1785433313.751,17:41:53,baseline,5,96.4,9471,16126,58.7
1785433313.751,17:41:53,baseline,6,95.9,9471,16126,58.7
1785433313.751,17:41:53,baseline,7,95.6,9485,16126,58.8
1785433314.751,17:41:54,baseline,0,86.4,8677,16126,53.8
1785433314.751,17:41:54,baseline,1,95.6,9507,16126,59.0
1785433314.751,17:41:54,baseline,2,88.5,9639,16126,59.8
1785433314.751,17:41:54,baseline,3,91.9,9573,16126,59.4
1785433314.751,17:41:54,baseline,4,95.7,9483,16126,58.8
1785433314.751,17:41:54,baseline,5,96.4,9471,16126,58.7
1785433314.751,17:41:54,baseline,6,95.9,9471,16126,58.7
1785433314.751,17:41:54,baseline,7,95.6,9485,16126,58.8
1785433315.751,17:41:55,baseline,0,86.4,8677,16126,53.8
1785433315.751,17:41:55,baseline,1,95.6,9507,16126,59.0
1785433315.751,17:41:55,baseline,2,88.5,9639,16126,59.8
1785433315.751,17:41:55,baseline,3,91.9,9573,16126,59.4
1785433315.751,17:41:55,baseline,4,95.7,9483,16126,58.8
1785433315.751,17:41:55,baseline,5,96.4,9471,16126,58.7
1785433315.751,17:41:55,baseline,6,95.9,9471,16126,58.7
1785433315.751,17:41:55,baseline,7,95.6,9485,16126,58.8
1785433316.751,17:41:56,baseline,0,86.4,8677,16126,53.8
1785433316.751,17:41:56,baseline,1,95.6,9507,16126,59.0
1785433316.751,17:41:56,baseline,2,88.5,9639,16126,59.8
1785433316.751,17:41:56,baseline,3,91.9,9573,16126,59.4
1785433316.751,17:41:56,baseline,4,95.7,9483,16126,58.8
1785433316.751,17:41:56,baseline,5,96.4,9471,16126,58.7
1785433316.751,17:41:56,baseline,6,95.9,9471,16126,58.7
1785433316.751,17:41:56,baseline,7,95.6,9485,16126,58.8
1785433317.751,17:41:57,baseline,0,95.5,6260,16126,38.8
1785433317.751,17:41:57,baseline,1,96.2,6256,16126,38.8
1785433317.751,17:41:57,baseline,2,92.0,6164,16126,38.2
1785433317.751,17:41:57,baseline,3,96.5,6223,16126,38.6
1785433317.751,17:41:57,baseline,4,96.1,6208,16126,38.5
1785433317.751,17:41:57,baseline,5,90.9,6611,16126,41.0
1785433317.751,17:41:57,baseline,6,95.4,6256,16126,38.8
1785433317.751,17:41:57,baseline,7,96.1,6230,16126,38.6
1785433318.751,17:41:58,baseline,0,95.5,6260,16126,38.8
1785433318.751,17:41:58,baseline,1,96.2,6256,16126,38.8
1785433318.751,17:41:58,baseline,2,92.0,6164,16126,38.2
1785433318.751,17:41:58,baseline,3,96.5,6223,16126,38.6
1785433318.751,17:41:58,baseline,4,96.1,6208,16126,38.5
1785433318.751,17:41:58,baseline,5,90.9,6611,16126,41.0
1785433318.751,17:41:58,baseline,6,95.4,6256,16126,38.8
1785433318.751,17:41:58,baseline,7,96.1,6230,16126,38.6
1785433319.751,17:41:59,baseline,0,95.5,6260,16126,38.8
1785433319.751,17:41:59,baseline,1,96.2,6256,16126,38.8
1785433319.751,17:41:59,baseline,2,92.0,6164,16126,38.2
1785433319.751,17:41:59,baseline,3,96.5,6223,16126,38.6
1785433319.751,17:41:59,baseline,4,96.1,6208,16126,38.5
1785433319.751,17:41:59,baseline,5,90.9,6611,16126,41.0
1785433319.751,17:41:59,baseline,6,95.4,6256,16126,38.8
1785433319.751,17:41:59,baseline,7,96.1,6230,16126,38.6
1785433320.751,17:42:00,baseline,0,95.5,6260,16126,38.8
1785433320.751,17:42:00,baseline,1,96.2,6256,16126,38.8
1785433320.751,17:42:00,baseline,2,92.0,6164,16126,38.2
1785433320.751,17:42:00,baseline,3,96.5,6223,16126,38.6
1785433320.751,17:42:00,baseline,4,96.1,6208,16126,38.5
1785433320.751,17:42:00,baseline,5,90.9,6611,16126,41.0
1785433320.751,17:42:00,baseline,6,95.4,6256,16126,38.8
1785433320.751,17:42:00,baseline,7,96.1,6230,16126,38.6
1785433321.751,17:42:01,baseline,0,95.5,6260,16126,38.8
1785433321.751,17:42:01,baseline,1,96.2,6256,16126,38.8
1785433321.751,17:42:01,baseline,2,92.0,6164,16126,38.2
1785433321.751,17:42:01,baseline,3,96.5,6223,16126,38.6
1785433321.751,17:42:01,baseline,4,96.1,6208,16126,38.5
1785433321.751,17:42:01,baseline,5,90.9,6611,16126,41.0
1785433321.751,17:42:01,baseline,6,95.4,6256,16126,38.8
1785433321.751,17:42:01,baseline,7,96.1,6230,16126,38.6
1785433322.752,17:42:02,baseline,0,91.7,8365,16126,51.9
1785433322.752,17:42:02,baseline,1,92.7,8423,16126,52.2
1785433322.752,17:42:02,baseline,2,93.4,8577,16126,53.2
1785433322.752,17:42:02,baseline,3,93.8,8391,16126,52.0
1785433322.752,17:42:02,baseline,4,93.5,8399,16126,52.1
1785433322.752,17:42:02,baseline,5,93.7,8381,16126,52.0
1785433322.752,17:42:02,baseline,6,92.2,8435,16126,52.3
1785433322.752,17:42:02,baseline,7,86.3,8394,16126,52.1
1785433323.752,17:42:03,baseline,0,91.7,8365,16126,51.9
1785433323.752,17:42:03,baseline,1,92.7,8423,16126,52.2
1785433323.752,17:42:03,baseline,2,93.4,8577,16126,53.2
1785433323.752,17:42:03,baseline,3,93.8,8391,16126,52.0
1785433323.752,17:42:03,baseline,4,93.5,8399,16126,52.1
1785433323.752,17:42:03,baseline,5,93.7,8381,16126,52.0
1785433323.752,17:42:03,baseline,6,92.2,8435,16126,52.3
1785433323.752,17:42:03,baseline,7,86.3,8394,16126,52.1
1785433324.752,17:42:04,baseline,0,91.7,8365,16126,51.9
1785433324.752,17:42:04,baseline,1,92.7,8423,16126,52.2
1785433324.752,17:42:04,baseline,2,93.4,8577,16126,53.2
1785433324.752,17:42:04,baseline,3,93.8,8391,16126,52.0
1785433324.752,17:42:04,baseline,4,93.5,8399,16126,52.1
1785433324.752,17:42:04,baseline,5,93.7,8381,16126,52.0
1785433324.752,17:42:04,baseline,6,92.2,8435,16126,52.3
1785433324.752,17:42:04,baseline,7,86.3,8394,16126,52.1
1785433325.752,17:42:05,baseline,0,91.7,8365,16126,51.9
1785433325.752,17:42:05,baseline,1,92.7,8423,16126,52.2
1785433325.752,17:42:05,baseline,2,93.4,8577,16126,53.2
1785433325.752,17:42:05,baseline,3,93.8,8391,16126,52.0
1785433325.752,17:42:05,baseline,4,93.5,8399,16126,52.1
1785433325.752,17:42:05,baseline,5,93.7,8381,16126,52.0
1785433325.752,17:42:05,baseline,6,92.2,8435,16126,52.3
1785433325.752,17:42:05,baseline,7,86.3,8394,16126,52.1
1785433326.752,17:42:06,baseline,0,91.7,8365,16126,51.9
1785433326.752,17:42:06,baseline,1,92.7,8423,16126,52.2
1785433326.752,17:42:06,baseline,2,93.4,8577,16126,53.2
1785433326.752,17:42:06,baseline,3,93.8,8391,16126,52.0
1785433326.752,17:42:06,baseline,4,93.5,8399,16126,52.1
1785433326.752,17:42:06,baseline,5,93.7,8381,16126,52.0
1785433326.752,17:42:06,baseline,6,92.2,8435,16126,52.3
1785433326.752,17:42:06,baseline,7,86.3,8394,16126,52.1
1785433327.752,17:42:07,baseline,0,91.4,8158,16126,50.6
1785433327.752,17:42:07,baseline,1,95.0,8192,16126,50.8
1785433327.752,17:42:07,baseline,2,95.3,8058,16126,50.0
1785433327.752,17:42:07,baseline,3,94.3,8284,16126,51.4
1785433327.752,17:42:07,baseline,4,96.4,8150,16126,50.5
1785433327.752,17:42:07,baseline,5,96.2,7899,16126,49.0
1785433327.752,17:42:07,baseline,6,94.0,8180,16126,50.7
1785433327.752,17:42:07,baseline,7,91.3,8203,16126,50.9
1785433328.752,17:42:08,baseline,0,91.4,8158,16126,50.6
1785433328.752,17:42:08,baseline,1,95.0,8192,16126,50.8
1785433328.752,17:42:08,baseline,2,95.3,8058,16126,50.0
1785433328.752,17:42:08,baseline,3,94.3,8284,16126,51.4
1785433328.752,17:42:08,baseline,4,96.4,8150,16126,50.5
1785433328.752,17:42:08,baseline,5,96.2,7899,16126,49.0
1785433328.752,17:42:08,baseline,6,94.0,8180,16126,50.7
1785433328.752,17:42:08,baseline,7,91.3,8203,16126,50.9
1785433329.752,17:42:09,baseline,0,91.4,8158,16126,50.6
1785433329.752,17:42:09,baseline,1,95.0,8192,16126,50.8
1785433329.752,17:42:09,baseline,2,95.3,8058,16126,50.0
1785433329.752,17:42:09,baseline,3,94.3,8284,16126,51.4
1785433329.752,17:42:09,baseline,4,96.4,8150,16126,50.5
1785433329.752,17:42:09,baseline,5,96.2,7899,16126,49.0
1785433329.752,17:42:09,baseline,6,94.0,8180,16126,50.7
1785433329.752,17:42:09,baseline,7,91.3,8203,16126,50.9
1785433330.753,17:42:10,baseline,0,91.4,8158,16126,50.6
1785433330.753,17:42:10,baseline,1,95.0,8192,16126,50.8
1785433330.753,17:42:10,baseline,2,95.3,8058,16126,50.0
1785433330.753,17:42:10,baseline,3,94.3,8284,16126,51.4
1785433330.753,17:42:10,baseline,4,96.4,8150,16126,50.5
1785433330.753,17:42:10,baseline,5,96.2,7899,16126,49.0
1785433330.753,17:42:10,baseline,6,94.0,8180,16126,50.7
1785433330.753,17:42:10,baseline,7,91.3,8203,16126,50.9
1785433331.753,17:42:11,baseline,0,91.4,8158,16126,50.6
1785433331.753,17:42:11,baseline,1,95.0,8192,16126,50.8
1785433331.753,17:42:11,baseline,2,95.3,8058,16126,50.0
1785433331.753,17:42:11,baseline,3,94.3,8284,16126,51.4
1785433331.753,17:42:11,baseline,4,96.4,8150,16126,50.5
1785433331.753,17:42:11,baseline,5,96.2,7899,16126,49.0
1785433331.753,17:42:11,baseline,6,94.0,8180,16126,50.7
1785433331.753,17:42:11,baseline,7,91.3,8203,16126,50.9
1785433332.753,17:42:12,baseline,0,92.2,7067,16126,43.8
1785433332.753,17:42:12,baseline,1,95.6,7161,16126,44.4
1785433332.753,17:42:12,baseline,2,94.4,7126,16126,44.2
1785433332.753,17:42:12,baseline,3,93.6,7161,16126,44.4
1785433332.753,17:42:12,baseline,4,95.6,7161,16126,44.4
1785433332.753,17:42:12,baseline,5,95.8,7056,16126,43.8
1785433332.753,17:42:12,baseline,6,96.1,7161,16126,44.4
1785433332.753,17:42:12,baseline,7,94.1,6988,16126,43.3
1785433333.753,17:42:13,baseline,0,92.2,7067,16126,43.8
1785433333.753,17:42:13,baseline,1,95.6,7161,16126,44.4
1785433333.753,17:42:13,baseline,2,94.4,7126,16126,44.2
1785433333.753,17:42:13,baseline,3,93.6,7161,16126,44.4
1785433333.753,17:42:13,baseline,4,95.6,7161,16126,44.4
1785433333.753,17:42:13,baseline,5,95.8,7056,16126,43.8
1785433333.753,17:42:13,baseline,6,96.1,7161,16126,44.4
1785433333.753,17:42:13,baseline,7,94.1,6988,16126,43.3
1785433334.753,17:42:14,baseline,0,92.2,7067,16126,43.8
1785433334.753,17:42:14,baseline,1,95.6,7161,16126,44.4
1785433334.753,17:42:14,baseline,2,94.4,7126,16126,44.2
1785433334.753,17:42:14,baseline,3,93.6,7161,16126,44.4
1785433334.753,17:42:14,baseline,4,95.6,7161,16126,44.4
1785433334.753,17:42:14,baseline,5,95.8,7056,16126,43.8
1785433334.753,17:42:14,baseline,6,96.1,7161,16126,44.4
1785433334.753,17:42:14,baseline,7,94.1,6988,16126,43.3
1785433335.753,17:42:15,baseline,0,92.2,7067,16126,43.8
1785433335.753,17:42:15,baseline,1,95.6,7161,16126,44.4
1785433335.753,17:42:15,baseline,2,94.4,7126,16126,44.2
1785433335.753,17:42:15,baseline,3,93.6,7161,16126,44.4
1785433335.753,17:42:15,baseline,4,95.6,7161,16126,44.4
1785433335.753,17:42:15,baseline,5,95.8,7056,16126,43.8
1785433335.753,17:42:15,baseline,6,96.1,7161,16126,44.4
1785433335.753,17:42:15,baseline,7,94.1,6988,16126,43.3
1785433336.753,17:42:16,baseline,0,92.2,7067,16126,43.8
1785433336.753,17:42:16,baseline,1,95.6,7161,16126,44.4
1785433336.753,17:42:16,baseline,2,94.4,7126,16126,44.2
1785433336.753,17:42:16,baseline,3,93.6,7161,16126,44.4
1785433336.753,17:42:16,baseline,4,95.6,7161,16126,44.4
1785433336.753,17:42:16,baseline,5,95.8,7056,16126,43.8
1785433336.753,17:42:16,baseline,6,96.1,7161,16126,44.4
1785433336.753,17:42:16,baseline,7,94.1,6988,16126,43.3
1785433337.753,17:42:17,baseline,0,93.1,7409,16126,45.9
1785433337.753,17:42:17,baseline,1,94.9,7668,16126,47.6
1785433337.753,17:42:17,baseline,2,93.5,7289,16126,45.2
1785433337.753,17:42:17,baseline,3,93.6,7722,16126,47.9
1785433337.753,17:42:17,baseline,4,94.6,7193,16126,44.6
1785433337.753,17:42:17,baseline,5,91.6,8077,16126,50.1
1785433337.753,17:42:17,baseline,6,94.6,7746,16126,48.0
1785433337.753,17:42:17,baseline,7,90.2,7754,16126,48.1
1785433338.753,17:42:18,baseline,0,93.1,7409,16126,45.9
1785433338.753,17:42:18,baseline,1,94.9,7668,16126,47.6
1785433338.753,17:42:18,baseline,2,93.5,7289,16126,45.2
1785433338.753,17:42:18,baseline,3,93.6,7722,16126,47.9
1785433338.753,17:42:18,baseline,4,94.6,7193,16126,44.6
1785433338.753,17:42:18,baseline,5,91.6,8077,16126,50.1
1785433338.753,17:42:18,baseline,6,94.6,7746,16126,48.0
1785433338.753,17:42:18,baseline,7,90.2,7754,16126,48.1
1785433339.754,17:42:19,baseline,0,93.1,7409,16126,45.9
1785433339.754,17:42:19,baseline,1,94.9,7668,16126,47.6
1785433339.754,17:42:19,baseline,2,93.5,7289,16126,45.2
1785433339.754,17:42:19,baseline,3,93.6,7722,16126,47.9
1785433339.754,17:42:19,baseline,4,94.6,7193,16126,44.6
1785433339.754,17:42:19,baseline,5,91.6,8077,16126,50.1
1785433339.754,17:42:19,baseline,6,94.6,7746,16126,48.0
1785433339.754,17:42:19,baseline,7,90.2,7754,16126,48.1
1785433340.754,17:42:20,baseline,0,93.1,7409,16126,45.9
1785433340.754,17:42:20,baseline,1,94.9,7668,16126,47.6
1785433340.754,17:42:20,baseline,2,93.5,7289,16126,45.2
1785433340.754,17:42:20,baseline,3,93.6,7722,16126,47.9
1785433340.754,17:42:20,baseline,4,94.6,7193,16126,44.6
1785433340.754,17:42:20,baseline,5,91.6,8077,16126,50.1
1785433340.754,17:42:20,baseline,6,94.6,7746,16126,48.0
1785433340.754,17:42:20,baseline,7,90.2,7754,16126,48.1
1785433341.754,17:42:21,baseline,0,93.1,7409,16126,45.9
1785433341.754,17:42:21,baseline,1,94.9,7668,16126,47.6
1785433341.754,17:42:21,baseline,2,93.5,7289,16126,45.2
1785433341.754,17:42:21,baseline,3,93.6,7722,16126,47.9
1785433341.754,17:42:21,baseline,4,94.6,7193,16126,44.6
1785433341.754,17:42:21,baseline,5,91.6,8077,16126,50.1
1785433341.754,17:42:21,baseline,6,94.6,7746,16126,48.0
1785433341.754,17:42:21,baseline,7,90.2,7754,16126,48.1
1785433342.754,17:42:22,baseline,0,95.7,7468,16126,46.3
1785433342.754,17:42:22,baseline,1,95.5,7468,16126,46.3
1785433342.754,17:42:22,baseline,2,94.0,7468,16126,46.3
1785433342.754,17:42:22,baseline,3,94.4,7139,16126,44.3
1785433342.754,17:42:22,baseline,4,83.1,7468,16126,46.3
1785433342.754,17:42:22,baseline,5,94.3,7170,16126,44.5
1785433342.754,17:42:22,baseline,6,95.0,7468,16126,46.3
1785433342.754,17:42:22,baseline,7,95.4,7469,16126,46.3
1785433343.754,17:42:23,baseline,0,95.7,7468,16126,46.3
1785433343.754,17:42:23,baseline,1,95.5,7468,16126,46.3
1785433343.754,17:42:23,baseline,2,94.0,7468,16126,46.3
1785433343.754,17:42:23,baseline,3,94.4,7139,16126,44.3
1785433343.754,17:42:23,baseline,4,83.1,7468,16126,46.3
1785433343.754,17:42:23,baseline,5,94.3,7170,16126,44.5
1785433343.754,17:42:23,baseline,6,95.0,7468,16126,46.3
1785433343.754,17:42:23,baseline,7,95.4,7469,16126,46.3
1785433344.754,17:42:24,baseline,0,95.7,7468,16126,46.3
1785433344.754,17:42:24,baseline,1,95.5,7468,16126,46.3
1785433344.754,17:42:24,baseline,2,94.0,7468,16126,46.3
1785433344.754,17:42:24,baseline,3,94.4,7139,16126,44.3
1785433344.754,17:42:24,baseline,4,83.1,7468,16126,46.3
1785433344.754,17:42:24,baseline,5,94.3,7170,16126,44.5
1785433344.754,17:42:24,baseline,6,95.0,7468,16126,46.3
1785433344.754,17:42:24,baseline,7,95.4,7469,16126,46.3
1785433345.754,17:42:25,baseline,0,95.7,7468,16126,46.3
1785433345.754,17:42:25,baseline,1,95.5,7468,16126,46.3
1785433345.754,17:42:25,baseline,2,94.0,7468,16126,46.3
1785433345.754,17:42:25,baseline,3,94.4,7139,16126,44.3
1785433345.754,17:42:25,baseline,4,83.1,7468,16126,46.3
1785433345.754,17:42:25,baseline,5,94.3,7170,16126,44.5
1785433345.754,17:42:25,baseline,6,95.0,7468,16126,46.3
1785433345.754,17:42:25,baseline,7,95.4,7469,16126,46.3
1785433346.754,17:42:26,baseline,0,95.7,7468,16126,46.3
1785433346.754,17:42:26,baseline,1,95.5,7468,16126,46.3
1785433346.754,17:42:26,baseline,2,94.0,7468,16126,46.3
1785433346.754,17:42:26,baseline,3,94.4,7139,16126,44.3
1785433346.754,17:42:26,baseline,4,83.1,7468,16126,46.3
1785433346.754,17:42:26,baseline,5,94.3,7170,16126,44.5
1785433346.754,17:42:26,baseline,6,95.0,7468,16126,46.3
1785433346.754,17:42:26,baseline,7,95.4,7469,16126,46.3
1785433347.754,17:42:27,baseline,0,94.5,7161,16126,44.4
1785433347.754,17:42:27,baseline,1,93.6,7059,16126,43.8
1785433347.754,17:42:27,baseline,2,95.1,7014,16126,43.5
1785433347.754,17:42:27,baseline,3,84.7,6825,16126,42.3
1785433347.754,17:42:27,baseline,4,96.0,6807,16126,42.2
1785433347.754,17:42:27,baseline,5,89.3,6851,16126,42.5
1785433347.754,17:42:27,baseline,6,96.2,7059,16126,43.8
1785433347.754,17:42:27,baseline,7,95.6,6927,16126,43.0
1785433348.755,17:42:28,baseline,0,94.5,7161,16126,44.4
1785433348.755,17:42:28,baseline,1,93.6,7059,16126,43.8
1785433348.755,17:42:28,baseline,2,95.1,7014,16126,43.5
1785433348.755,17:42:28,baseline,3,84.7,6825,16126,42.3
1785433348.755,17:42:28,baseline,4,96.0,6807,16126,42.2
1785433348.755,17:42:28,baseline,5,89.3,6851,16126,42.5
1785433348.755,17:42:28,baseline,6,96.2,7059,16126,43.8
1785433348.755,17:42:28,baseline,7,95.6,6927,16126,43.0
1785433349.755,17:42:29,baseline,0,94.5,7161,16126,44.4
1785433349.755,17:42:29,baseline,1,93.6,7059,16126,43.8
1785433349.755,17:42:29,baseline,2,95.1,7014,16126,43.5
1785433349.755,17:42:29,baseline,3,84.7,6825,16126,42.3
1785433349.755,17:42:29,baseline,4,96.0,6807,16126,42.2
1785433349.755,17:42:29,baseline,5,89.3,6851,16126,42.5
1785433349.755,17:42:29,baseline,6,96.2,7059,16126,43.8
1785433349.755,17:42:29,baseline,7,95.6,6927,16126,43.0
1785433350.755,17:42:30,baseline,0,94.5,7161,16126,44.4
1785433350.755,17:42:30,baseline,1,93.6,7059,16126,43.8
1785433350.755,17:42:30,baseline,2,95.1,7014,16126,43.5
1785433350.755,17:42:30,baseline,3,84.7,6825,16126,42.3
1785433350.755,17:42:30,baseline,4,96.0,6807,16126,42.2
1785433350.755,17:42:30,baseline,5,89.3,6851,16126,42.5
1785433350.755,17:42:30,baseline,6,96.2,7059,16126,43.8
1785433350.755,17:42:30,baseline,7,95.6,6927,16126,43.0
1785433351.755,17:42:31,baseline,0,94.5,7161,16126,44.4
1785433351.755,17:42:31,baseline,1,93.6,7059,16126,43.8
1785433351.755,17:42:31,baseline,2,95.1,7014,16126,43.5
1785433351.755,17:42:31,baseline,3,84.7,6825,16126,42.3
1785433351.755,17:42:31,baseline,4,96.0,6807,16126,42.2
1785433351.755,17:42:31,baseline,5,89.3,6851,16126,42.5
1785433351.755,17:42:31,baseline,6,96.2,7059,16126,43.8
1785433351.755,17:42:31,baseline,7,95.6,6927,16126,43.0
1785433352.755,17:42:32,baseline,0,96.6,8712,16126,54.0
1785433352.755,17:42:32,baseline,1,96.0,8654,16126,53.7
1785433352.755,17:42:32,baseline,2,94.4,8301,16126,51.5
1785433352.755,17:42:32,baseline,3,96.3,8430,16126,52.3
1785433352.755,17:42:32,baseline,4,96.1,8718,16126,54.1
1785433352.755,17:42:32,baseline,5,92.3,8724,16126,54.1
1785433352.755,17:42:32,baseline,6,96.0,8291,16126,51.4
1785433352.755,17:42:32,baseline,7,88.1,8710,16126,54.0
1785433353.756,17:42:33,baseline,0,96.6,8712,16126,54.0
1785433353.756,17:42:33,baseline,1,96.0,8654,16126,53.7
1785433353.756,17:42:33,baseline,2,94.4,8301,16126,51.5
1785433353.756,17:42:33,baseline,3,96.3,8430,16126,52.3
1785433353.756,17:42:33,baseline,4,96.1,8718,16126,54.1
1785433353.756,17:42:33,baseline,5,92.3,8724,16126,54.1
1785433353.756,17:42:33,baseline,6,96.0,8291,16126,51.4
1785433353.756,17:42:33,baseline,7,88.1,8710,16126,54.0
1785433354.756,17:42:34,baseline,0,96.6,8712,16126,54.0
1785433354.756,17:42:34,baseline,1,96.0,8654,16126,53.7
1785433354.756,17:42:34,baseline,2,94.4,8301,16126,51.5
1785433354.756,17:42:34,baseline,3,96.3,8430,16126,52.3
1785433354.756,17:42:34,baseline,4,96.1,8718,16126,54.1
1785433354.756,17:42:34,baseline,5,92.3,8724,16126,54.1
1785433354.756,17:42:34,baseline,6,96.0,8291,16126,51.4
1785433354.756,17:42:34,baseline,7,88.1,8710,16126,54.0
1785433355.756,17:42:35,baseline,0,96.6,8712,16126,54.0
1785433355.756,17:42:35,baseline,1,96.0,8654,16126,53.7
1785433355.756,17:42:35,baseline,2,94.4,8301,16126,51.5
1785433355.756,17:42:35,baseline,3,96.3,8430,16126,52.3
1785433355.756,17:42:35,baseline,4,96.1,8718,16126,54.1
1785433355.756,17:42:35,baseline,5,92.3,8724,16126,54.1
1785433355.756,17:42:35,baseline,6,96.0,8291,16126,51.4
1785433355.756,17:42:35,baseline,7,88.1,8710,16126,54.0
1785433356.756,17:42:36,baseline,0,96.6,8712,16126,54.0
1785433356.756,17:42:36,baseline,1,96.0,8654,16126,53.7
1785433356.756,17:42:36,baseline,2,94.4,8301,16126,51.5
1785433356.756,17:42:36,baseline,3,96.3,8430,16126,52.3
1785433356.756,17:42:36,baseline,4,96.1,8718,16126,54.1
1785433356.756,17:42:36,baseline,5,92.3,8724,16126,54.1
1785433356.756,17:42:36,baseline,6,96.0,8291,16126,51.4
1785433356.756,17:42:36,baseline,7,88.1,8710,16126,54.0
1785433357.756,17:42:37,baseline,0,95.3,6467,16126,40.1
1785433357.756,17:42:37,baseline,1,95.4,6460,16126,40.1
1785433357.756,17:42:37,baseline,2,93.2,6412,16126,39.8
1785433357.756,17:42:37,baseline,3,95.6,6478,16126,40.2
1785433357.756,17:42:37,baseline,4,95.6,6455,16126,40.0
1785433357.756,17:42:37,baseline,5,85.0,6485,16126,40.2
1785433357.756,17:42:37,baseline,6,96.3,6497,16126,40.3
1785433357.756,17:42:37,baseline,7,94.2,6480,16126,40.2
1785433358.756,17:42:38,baseline,0,95.3,6467,16126,40.1
1785433358.756,17:42:38,baseline,1,95.4,6460,16126,40.1
1785433358.756,17:42:38,baseline,2,93.2,6412,16126,39.8
1785433358.756,17:42:38,baseline,3,95.6,6478,16126,40.2
1785433358.756,17:42:38,baseline,4,95.6,6455,16126,40.0
1785433358.756,17:42:38,baseline,5,85.0,6485,16126,40.2
1785433358.756,17:42:38,baseline,6,96.3,6497,16126,40.3
1785433358.756,17:42:38,baseline,7,94.2,6480,16126,40.2
1785433359.757,17:42:39,baseline,0,95.3,6467,16126,40.1
1785433359.757,17:42:39,baseline,1,95.4,6460,16126,40.1
1785433359.757,17:42:39,baseline,2,93.2,6412,16126,39.8
1785433359.757,17:42:39,baseline,3,95.6,6478,16126,40.2
1785433359.757,17:42:39,baseline,4,95.6,6455,16126,40.0
1785433359.757,17:42:39,baseline,5,85.0,6485,16126,40.2
1785433359.757,17:42:39,baseline,6,96.3,6497,16126,40.3
1785433359.757,17:42:39,baseline,7,94.2,6480,16126,40.2
1785433360.757,17:42:40,baseline,0,95.3,6467,16126,40.1
1785433360.757,17:42:40,baseline,1,95.4,6460,16126,40.1
1785433360.757,17:42:40,baseline,2,93.2,6412,16126,39.8
1785433360.757,17:42:40,baseline,3,95.6,6478,16126,40.2
1785433360.757,17:42:40,baseline,4,95.6,6455,16126,40.0
1785433360.757,17:42:40,baseline,5,85.0,6485,16126,40.2
1785433360.757,17:42:40,baseline,6,96.3,6497,16126,40.3
1785433360.757,17:42:40,baseline,7,94.2,6480,16126,40.2
1785433361.757,17:42:41,baseline,0,95.3,6467,16126,40.1
1785433361.757,17:42:41,baseline,1,95.4,6460,16126,40.1
1785433361.757,17:42:41,baseline,2,93.2,6412,16126,39.8
1785433361.757,17:42:41,baseline,3,95.6,6478,16126,40.2
1785433361.757,17:42:41,baseline,4,95.6,6455,16126,40.0
1785433361.757,17:42:41,baseline,5,85.0,6485,16126,40.2
1785433361.757,17:42:41,baseline,6,96.3,6497,16126,40.3
1785433361.757,17:42:41,baseline,7,94.2,6480,16126,40.2
1785433362.757,17:42:42,baseline,0,86.2,6752,16126,41.9
1785433362.757,17:42:42,baseline,1,93.3,6668,16126,41.3
1785433362.757,17:42:42,baseline,2,93.4,6752,16126,41.9
1785433362.757,17:42:42,baseline,3,92.4,6376,16126,39.5
1785433362.757,17:42:42,baseline,4,93.9,6557,16126,40.7
1785433362.757,17:42:42,baseline,5,94.2,6752,16126,41.9
1785433362.757,17:42:42,baseline,6,93.8,6734,16126,41.8
1785433362.757,17:42:42,baseline,7,93.5,6754,16126,41.9
1785433363.757,17:42:43,baseline,0,86.2,6752,16126,41.9
1785433363.757,17:42:43,baseline,1,93.3,6668,16126,41.3
1785433363.757,17:42:43,baseline,2,93.4,6752,16126,41.9
1785433363.757,17:42:43,baseline,3,92.4,6376,16126,39.5
1785433363.757,17:42:43,baseline,4,93.9,6557,16126,40.7
1785433363.757,17:42:43,baseline,5,94.2,6752,16126,41.9
1785433363.757,17:42:43,baseline,6,93.8,6734,16126,41.8
1785433363.757,17:42:43,baseline,7,93.5,6754,16126,41.9
1785433364.757,17:42:44,baseline,0,86.2,6752,16126,41.9
1785433364.757,17:42:44,baseline,1,93.3,6668,16126,41.3
1785433364.757,17:42:44,baseline,2,93.4,6752,16126,41.9
1785433364.757,17:42:44,baseline,3,92.4,6376,16126,39.5
1785433364.757,17:42:44,baseline,4,93.9,6557,16126,40.7
1785433364.757,17:42:44,baseline,5,94.2,6752,16126,41.9
1785433364.757,17:42:44,baseline,6,93.8,6734,16126,41.8
1785433364.757,17:42:44,baseline,7,93.5,6754,16126,41.9
1785433365.757,17:42:45,baseline,0,86.2,6752,16126,41.9
1785433365.757,17:42:45,baseline,1,93.3,6668,16126,41.3
1785433365.757,17:42:45,baseline,2,93.4,6752,16126,41.9
1785433365.757,17:42:45,baseline,3,92.4,6376,16126,39.5
1785433365.757,17:42:45,baseline,4,93.9,6557,16126,40.7
1785433365.757,17:42:45,baseline,5,94.2,6752,16126,41.9
1785433365.757,17:42:45,baseline,6,93.8,6734,16126,41.8
1785433365.757,17:42:45,baseline,7,93.5,6754,16126,41.9
1785433366.757,17:42:46,baseline,0,86.2,6752,16126,41.9
1785433366.757,17:42:46,baseline,1,93.3,6668,16126,41.3
1785433366.757,17:42:46,baseline,2,93.4,6752,16126,41.9
1785433366.757,17:42:46,baseline,3,92.4,6376,16126,39.5
1785433366.757,17:42:46,baseline,4,93.9,6557,16126,40.7
1785433366.757,17:42:46,baseline,5,94.2,6752,16126,41.9
1785433366.757,17:42:46,baseline,6,93.8,6734,16126,41.8
1785433366.757,17:42:46,baseline,7,93.5,6754,16126,41.9
1785433367.758,17:42:47,baseline,0,94.6,11223,16126,69.6
1785433367.758,17:42:47,baseline,1,95.8,11162,16126,69.2
1785433367.758,17:42:47,baseline,2,95.1,11078,16126,68.7
1785433367.758,17:42:47,baseline,3,94.7,11084,16126,68.7
1785433367.758,17:42:47,baseline,4,96.7,11108,16126,68.9
1785433367.758,17:42:47,baseline,5,94.8,11175,16126,69.3
1785433367.758,17:42:47,baseline,6,95.3,11126,16126,69.0
1785433367.758,17:42:47,baseline,7,85.0,11200,16126,69.5
1785433368.758,17:42:48,baseline,0,94.6,11223,16126,69.6
1785433368.758,17:42:48,baseline,1,95.8,11162,16126,69.2
1785433368.758,17:42:48,baseline,2,95.1,11078,16126,68.7
1785433368.758,17:42:48,baseline,3,94.7,11084,16126,68.7
1785433368.758,17:42:48,baseline,4,96.7,11108,16126,68.9
1785433368.758,17:42:48,baseline,5,94.8,11175,16126,69.3
1785433368.758,17:42:48,baseline,6,95.3,11126,16126,69.0
1785433368.758,17:42:48,baseline,7,85.0,11200,16126,69.5
1785433369.758,17:42:49,baseline,0,94.6,11223,16126,69.6
1785433369.758,17:42:49,baseline,1,95.8,11162,16126,69.2
1785433369.758,17:42:49,baseline,2,95.1,11078,16126,68.7
1785433369.758,17:42:49,baseline,3,94.7,11084,16126,68.7
1785433369.758,17:42:49,baseline,4,96.7,11108,16126,68.9
1785433369.758,17:42:49,baseline,5,94.8,11175,16126,69.3
1785433369.758,17:42:49,baseline,6,95.3,11126,16126,69.0
1785433369.758,17:42:49,baseline,7,85.0,11200,16126,69.5
1785433370.758,17:42:50,baseline,0,94.6,11223,16126,69.6
1785433370.758,17:42:50,baseline,1,95.8,11162,16126,69.2
1785433370.758,17:42:50,baseline,2,95.1,11078,16126,68.7
1785433370.758,17:42:50,baseline,3,94.7,11084,16126,68.7
1785433370.758,17:42:50,baseline,4,96.7,11108,16126,68.9
1785433370.758,17:42:50,baseline,5,94.8,11175,16126,69.3
1785433370.758,17:42:50,baseline,6,95.3,11126,16126,69.0
1785433370.758,17:42:50,baseline,7,85.0,11200,16126,69.5
1785433371.758,17:42:51,baseline,0,94.6,11223,16126,69.6
1785433371.758,17:42:51,baseline,1,95.8,11162,16126,69.2
1785433371.758,17:42:51,baseline,2,95.1,11078,16126,68.7
1785433371.758,17:42:51,baseline,3,94.7,11084,16126,68.7
1785433371.758,17:42:51,baseline,4,96.7,11108,16126,68.9
1785433371.758,17:42:51,baseline,5,94.8,11175,16126,69.3
1785433371.758,17:42:51,baseline,6,95.3,11126,16126,69.0
1785433371.758,17:42:51,baseline,7,85.0,11200,16126,69.5
1785433372.758,17:42:52,baseline,0,93.2,5145,16126,31.9
1785433372.758,17:42:52,baseline,1,95.7,6238,16126,38.7
1785433372.758,17:42:52,baseline,2,95.7,5219,16126,32.4
1785433372.758,17:42:52,baseline,3,96.6,5278,16126,32.7
1785433372.758,17:42:52,baseline,4,95.8,6088,16126,37.8
1785433372.758,17:42:52,baseline,5,95.9,5237,16126,32.5
1785433372.758,17:42:52,baseline,6,89.8,6403,16126,39.7
1785433372.758,17:42:52,baseline,7,96.2,5246,16126,32.5
1785433373.758,17:42:53,baseline,0,93.2,5145,16126,31.9
1785433373.758,17:42:53,baseline,1,95.7,6238,16126,38.7
1785433373.758,17:42:53,baseline,2,95.7,5219,16126,32.4
1785433373.758,17:42:53,baseline,3,96.6,5278,16126,32.7
1785433373.758,17:42:53,baseline,4,95.8,6088,16126,37.8
1785433373.758,17:42:53,baseline,5,95.9,5237,16126,32.5
1785433373.758,17:42:53,baseline,6,89.8,6403,16126,39.7
1785433373.758,17:42:53,baseline,7,96.2,5246,16126,32.5
1785433374.758,17:42:54,baseline,0,93.2,5145,16126,31.9
1785433374.758,17:42:54,baseline,1,95.7,6238,16126,38.7
1785433374.758,17:42:54,baseline,2,95.7,5219,16126,32.4
1785433374.758,17:42:54,baseline,3,96.6,5278,16126,32.7
1785433374.758,17:42:54,baseline,4,95.8,6088,16126,37.8
1785433374.758,17:42:54,baseline,5,95.9,5237,16126,32.5
1785433374.758,17:42:54,baseline,6,89.8,6403,16126,39.7
1785433374.758,17:42:54,baseline,7,96.2,5246,16126,32.5
1785433375.759,17:42:55,baseline,0,93.2,5145,16126,31.9
1785433375.759,17:42:55,baseline,1,95.7,6238,16126,38.7
1785433375.759,17:42:55,baseline,2,95.7,5219,16126,32.4
1785433375.759,17:42:55,baseline,3,96.6,5278,16126,32.7
1785433375.759,17:42:55,baseline,4,95.8,6088,16126,37.8
1785433375.759,17:42:55,baseline,5,95.9,5237,16126,32.5
1785433375.759,17:42:55,baseline,6,89.8,6403,16126,39.7
1785433375.759,17:42:55,baseline,7,96.2,5246,16126,32.5
1785433376.759,17:42:56,baseline,0,93.2,5145,16126,31.9
1785433376.759,17:42:56,baseline,1,95.7,6238,16126,38.7
1785433376.759,17:42:56,baseline,2,95.7,5219,16126,32.4
1785433376.759,17:42:56,baseline,3,96.6,5278,16126,32.7
1785433376.759,17:42:56,baseline,4,95.8,6088,16126,37.8
1785433376.759,17:42:56,baseline,5,95.9,5237,16126,32.5
1785433376.759,17:42:56,baseline,6,89.8,6403,16126,39.7
1785433376.759,17:42:56,baseline,7,96.2,5246,16126,32.5
1785433377.759,17:42:57,baseline,0,94.1,6035,16126,37.4
1785433377.759,17:42:57,baseline,1,87.3,5943,16126,36.9
1785433377.759,17:42:57,baseline,2,91.4,6061,16126,37.6
1785433377.759,17:42:57,baseline,3,93.7,6172,16126,38.3
1785433377.759,17:42:57,baseline,4,93.4,6171,16126,38.3
1785433377.759,17:42:57,baseline,5,93.2,6079,16126,37.7
1785433377.759,17:42:57,baseline,6,88.4,5991,16126,37.2
1785433377.759,17:42:57,baseline,7,92.9,6123,16126,38.0
1785433378.759,17:42:58,baseline,0,94.1,6035,16126,37.4
1785433378.759,17:42:58,baseline,1,87.3,5943,16126,36.9
1785433378.759,17:42:58,baseline,2,91.4,6061,16126,37.6
1785433378.759,17:42:58,baseline,3,93.7,6172,16126,38.3
1785433378.759,17:42:58,baseline,4,93.4,6171,16126,38.3
1785433378.759,17:42:58,baseline,5,93.2,6079,16126,37.7
1785433378.759,17:42:58,baseline,6,88.4,5991,16126,37.2
1785433378.759,17:42:58,baseline,7,92.9,6123,16126,38.0
1785433379.759,17:42:59,baseline,0,94.1,6035,16126,37.4
1785433379.759,17:42:59,baseline,1,87.3,5943,16126,36.9
1785433379.759,17:42:59,baseline,2,91.4,6061,16126,37.6
1785433379.759,17:42:59,baseline,3,93.7,6172,16126,38.3
1785433379.759,17:42:59,baseline,4,93.4,6171,16126,38.3
1785433379.759,17:42:59,baseline,5,93.2,6079,16126,37.7
1785433379.759,17:42:59,baseline,6,88.4,5991,16126,37.2
1785433379.759,17:42:59,baseline,7,92.9,6123,16126,38.0
1785433380.759,17:43:00,baseline,0,94.1,6035,16126,37.4
1785433380.759,17:43:00,baseline,1,87.3,5943,16126,36.9
1785433380.759,17:43:00,baseline,2,91.4,6061,16126,37.6
1785433380.759,17:43:00,baseline,3,93.7,6172,16126,38.3
1785433380.759,17:43:00,baseline,4,93.4,6171,16126,38.3
1785433380.759,17:43:00,baseline,5,93.2,6079,16126,37.7
1785433380.759,17:43:00,baseline,6,88.4,5991,16126,37.2
1785433380.759,17:43:00,baseline,7,92.9,6123,16126,38.0
1785433381.759,17:43:01,baseline,0,94.1,6035,16126,37.4
1785433381.759,17:43:01,baseline,1,87.3,5943,16126,36.9
1785433381.759,17:43:01,baseline,2,91.4,6061,16126,37.6
1785433381.759,17:43:01,baseline,3,93.7,6172,16126,38.3
1785433381.759,17:43:01,baseline,4,93.4,6171,16126,38.3
1785433381.759,17:43:01,baseline,5,93.2,6079,16126,37.7
1785433381.759,17:43:01,baseline,6,88.4,5991,16126,37.2
1785433381.759,17:43:01,baseline,7,92.9,6123,16126,38.0
1785433382.759,17:43:02,baseline,0,86.0,6447,16126,40.0
1785433382.759,17:43:02,baseline,1,96.3,6548,16126,40.6
1785433382.759,17:43:02,baseline,2,95.2,6548,16126,40.6
1785433382.759,17:43:02,baseline,3,90.8,6548,16126,40.6
1785433382.759,17:43:02,baseline,4,95.4,6548,16126,40.6
1785433382.759,17:43:02,baseline,5,90.8,6286,16126,39.0
1785433382.759,17:43:02,baseline,6,96.7,6548,16126,40.6
1785433382.759,17:43:02,baseline,7,95.6,6426,16126,39.8
1785433383.759,17:43:03,baseline,0,86.0,6447,16126,40.0
1785433383.759,17:43:03,baseline,1,96.3,6548,16126,40.6
1785433383.759,17:43:03,baseline,2,95.2,6548,16126,40.6
1785433383.759,17:43:03,baseline,3,90.8,6548,16126,40.6
1785433383.759,17:43:03,baseline,4,95.4,6548,16126,40.6
1785433383.759,17:43:03,baseline,5,90.8,6286,16126,39.0
1785433383.759,17:43:03,baseline,6,96.7,6548,16126,40.6
1785433383.759,17:43:03,baseline,7,95.6,6426,16126,39.8
1785433384.76,17:43:04,baseline,0,86.0,6447,16126,40.0
1785433384.76,17:43:04,baseline,1,96.3,6548,16126,40.6
1785433384.76,17:43:04,baseline,2,95.2,6548,16126,40.6
1785433384.76,17:43:04,baseline,3,90.8,6548,16126,40.6
1785433384.76,17:43:04,baseline,4,95.4,6548,16126,40.6
1785433384.76,17:43:04,baseline,5,90.8,6286,16126,39.0
1785433384.76,17:43:04,baseline,6,96.7,6548,16126,40.6
1785433384.76,17:43:04,baseline,7,95.6,6426,16126,39.8
1785433385.76,17:43:05,baseline,0,86.0,6447,16126,40.0
1785433385.76,17:43:05,baseline,1,96.3,6548,16126,40.6
1785433385.76,17:43:05,baseline,2,95.2,6548,16126,40.6
1785433385.76,17:43:05,baseline,3,90.8,6548,16126,40.6
1785433385.76,17:43:05,baseline,4,95.4,6548,16126,40.6
1785433385.76,17:43:05,baseline,5,90.8,6286,16126,39.0
1785433385.76,17:43:05,baseline,6,96.7,6548,16126,40.6
1785433385.76,17:43:05,baseline,7,95.6,6426,16126,39.8
1785433386.76,17:43:06,baseline,0,86.0,6447,16126,40.0
1785433386.76,17:43:06,baseline,1,96.3,6548,16126,40.6
1785433386.76,17:43:06,baseline,2,95.2,6548,16126,40.6
1785433386.76,17:43:06,baseline,3,90.8,6548,16126,40.6
1785433386.76,17:43:06,baseline,4,95.4,6548,16126,40.6
1785433386.76,17:43:06,baseline,5,90.8,6286,16126,39.0
1785433386.76,17:43:06,baseline,6,96.7,6548,16126,40.6
1785433386.76,17:43:06,baseline,7,95.6,6426,16126,39.8
1785433387.76,17:43:07,baseline,0,96.1,6109,16126,37.9
1785433387.76,17:43:07,baseline,1,96.5,6098,16126,37.8
1785433387.76,17:43:07,baseline,2,93.7,6031,16126,37.4
1785433387.76,17:43:07,baseline,3,93.0,6166,16126,38.2
1785433387.76,17:43:07,baseline,4,95.8,6136,16126,38.1
1785433387.76,17:43:07,baseline,5,94.9,6073,16126,37.7
1785433387.76,17:43:07,baseline,6,95.3,6171,16126,38.3
1785433387.76,17:43:07,baseline,7,94.1,6081,16126,37.7
1785433388.76,17:43:08,baseline,0,96.1,6109,16126,37.9
1785433388.76,17:43:08,baseline,1,96.5,6098,16126,37.8
1785433388.76,17:43:08,baseline,2,93.7,6031,16126,37.4
1785433388.76,17:43:08,baseline,3,93.0,6166,16126,38.2
1785433388.76,17:43:08,baseline,4,95.8,6136,16126,38.1
1785433388.76,17:43:08,baseline,5,94.9,6073,16126,37.7
1785433388.76,17:43:08,baseline,6,95.3,6171,16126,38.3
1785433388.76,17:43:08,baseline,7,94.1,6081,16126,37.7
1785433389.76,17:43:09,baseline,0,96.1,6109,16126,37.9
1785433389.76,17:43:09,baseline,1,96.5,6098,16126,37.8
1785433389.76,17:43:09,baseline,2,93.7,6031,16126,37.4
1785433389.76,17:43:09,baseline,3,93.0,6166,16126,38.2
1785433389.76,17:43:09,baseline,4,95.8,6136,16126,38.1
1785433389.76,17:43:09,baseline,5,94.9,6073,16126,37.7
1785433389.76,17:43:09,baseline,6,95.3,6171,16126,38.3
1785433389.76,17:43:09,baseline,7,94.1,6081,16126,37.7
1785433390.76,17:43:10,baseline,0,96.1,6109,16126,37.9
1785433390.76,17:43:10,baseline,1,96.5,6098,16126,37.8
1785433390.76,17:43:10,baseline,2,93.7,6031,16126,37.4
1785433390.76,17:43:10,baseline,3,93.0,6166,16126,38.2
1785433390.76,17:43:10,baseline,4,95.8,6136,16126,38.1
1785433390.76,17:43:10,baseline,5,94.9,6073,16126,37.7
1785433390.76,17:43:10,baseline,6,95.3,6171,16126,38.3
1785433390.76,17:43:10,baseline,7,94.1,6081,16126,37.7
1785433391.76,17:43:11,baseline,0,96.1,6109,16126,37.9
1785433391.76,17:43:11,baseline,1,96.5,6098,16126,37.8
1785433391.76,17:43:11,baseline,2,93.7,6031,16126,37.4
1785433391.76,17:43:11,baseline,3,93.0,6166,16126,38.2
1785433391.76,17:43:11,baseline,4,95.8,6136,16126,38.1
1785433391.76,17:43:11,baseline,5,94.9,6073,16126,37.7
1785433391.76,17:43:11,baseline,6,95.3,6171,16126,38.3
1785433391.76,17:43:11,baseline,7,94.1,6081,16126,37.7
1785433392.761,17:43:12,baseline,0,90.9,7862,16126,48.8
1785433392.761,17:43:12,baseline,1,93.1,8425,16126,52.2
1785433392.761,17:43:12,baseline,2,94.3,8270,16126,51.3
1785433392.761,17:43:12,baseline,3,94.3,8425,16126,52.2
1785433392.761,17:43:12,baseline,4,93.4,8425,16126,52.2
1785433392.761,17:43:12,baseline,5,88.7,8140,16126,50.5
1785433392.761,17:43:12,baseline,6,93.8,8425,16126,52.2
1785433392.761,17:43:12,baseline,7,92.1,7864,16126,48.8
1785433393.761,17:43:13,baseline,0,90.9,7862,16126,48.8
1785433393.761,17:43:13,baseline,1,93.1,8425,16126,52.2
1785433393.761,17:43:13,baseline,2,94.3,8270,16126,51.3
1785433393.761,17:43:13,baseline,3,94.3,8425,16126,52.2
1785433393.761,17:43:13,baseline,4,93.4,8425,16126,52.2
1785433393.761,17:43:13,baseline,5,88.7,8140,16126,50.5
1785433393.761,17:43:13,baseline,6,93.8,8425,16126,52.2
1785433393.761,17:43:13,baseline,7,92.1,7864,16126,48.8
1785433394.761,17:43:14,baseline,0,90.9,7862,16126,48.8
1785433394.761,17:43:14,baseline,1,93.1,8425,16126,52.2
1785433394.761,17:43:14,baseline,2,94.3,8270,16126,51.3
1785433394.761,17:43:14,baseline,3,94.3,8425,16126,52.2
1785433394.761,17:43:14,baseline,4,93.4,8425,16126,52.2
1785433394.761,17:43:14,baseline,5,88.7,8140,16126,50.5
1785433394.761,17:43:14,baseline,6,93.8,8425,16126,52.2
1785433394.761,17:43:14,baseline,7,92.1,7864,16126,48.8
1785433395.761,17:43:15,baseline,0,90.9,7862,16126,48.8
1785433395.761,17:43:15,baseline,1,93.1,8425,16126,52.2
1785433395.761,17:43:15,baseline,2,94.3,8270,16126,51.3
1785433395.761,17:43:15,baseline,3,94.3,8425,16126,52.2
1785433395.761,17:43:15,baseline,4,93.4,8425,16126,52.2
1785433395.761,17:43:15,baseline,5,88.7,8140,16126,50.5
1785433395.761,17:43:15,baseline,6,93.8,8425,16126,52.2
1785433395.761,17:43:15,baseline,7,92.1,7864,16126,48.8
1785433396.761,17:43:16,baseline,0,90.9,7862,16126,48.8
1785433396.761,17:43:16,baseline,1,93.1,8425,16126,52.2
1785433396.761,17:43:16,baseline,2,94.3,8270,16126,51.3
1785433396.761,17:43:16,baseline,3,94.3,8425,16126,52.2
1785433396.761,17:43:16,baseline,4,93.4,8425,16126,52.2
1785433396.761,17:43:16,baseline,5,88.7,8140,16126,50.5
1785433396.761,17:43:16,baseline,6,93.8,8425,16126,52.2
1785433396.761,17:43:16,baseline,7,92.1,7864,16126,48.8
1785433397.761,17:43:17,baseline,0,95.9,8597,16126,53.3
1785433397.761,17:43:17,baseline,1,94.9,8824,16126,54.7
1785433397.761,17:43:17,baseline,2,95.5,8630,16126,53.5
1785433397.761,17:43:17,baseline,3,96.9,8385,16126,52.0
1785433397.761,17:43:17,baseline,4,93.8,8662,16126,53.7
1785433397.761,17:43:17,baseline,5,88.4,8738,16126,54.2
1785433397.761,17:43:17,baseline,6,96.6,8431,16126,52.3
1785433397.761,17:43:17,baseline,7,91.9,8675,16126,53.8
1785433398.761,17:43:18,baseline,0,95.9,8597,16126,53.3
1785433398.761,17:43:18,baseline,1,94.9,8824,16126,54.7
1785433398.761,17:43:18,baseline,2,95.5,8630,16126,53.5
1785433398.761,17:43:18,baseline,3,96.9,8385,16126,52.0
1785433398.761,17:43:18,baseline,4,93.8,8662,16126,53.7
1785433398.761,17:43:18,baseline,5,88.4,8738,16126,54.2
1785433398.761,17:43:18,baseline,6,96.6,8431,16126,52.3
1785433398.761,17:43:18,baseline,7,91.9,8675,16126,53.8
1785433399.761,17:43:19,baseline,0,95.9,8597,16126,53.3
1785433399.761,17:43:19,baseline,1,94.9,8824,16126,54.7
1785433399.761,17:43:19,baseline,2,95.5,8630,16126,53.5
1785433399.761,17:43:19,baseline,3,96.9,8385,16126,52.0
1785433399.761,17:43:19,baseline,4,93.8,8662,16126,53.7
1785433399.761,17:43:19,baseline,5,88.4,8738,16126,54.2
1785433399.761,17:43:19,baseline,6,96.6,8431,16126,52.3
1785433399.761,17:43:19,baseline,7,91.9,8675,16126,53.8
1785433400.761,17:43:20,baseline,0,95.9,8597,16126,53.3
1785433400.761,17:43:20,baseline,1,94.9,8824,16126,54.7
1785433400.761,17:43:20,baseline,2,95.5,8630,16126,53.5
1785433400.761,17:43:20,baseline,3,96.9,8385,16126,52.0
1785433400.761,17:43:20,baseline,4,93.8,8662,16126,53.7
1785433400.761,17:43:20,baseline,5,88.4,8738,16126,54.2
1785433400.761,17:43:20,baseline,6,96.6,8431,16126,52.3
1785433400.761,17:43:20,baseline,7,91.9,8675,16126,53.8
1785433401.762,17:43:21,baseline,0,95.9,8597,16126,53.3
1785433401.762,17:43:21,baseline,1,94.9,8824,16126,54.7
1785433401.762,17:43:21,baseline,2,95.5,8630,16126,53.5
1785433401.762,17:43:21,baseline,3,96.9,8385,16126,52.0
1785433401.762,17:43:21,baseline,4,93.8,8662,16126,53.7
1785433401.762,17:43:21,baseline,5,88.4,8738,16126,54.2
1785433401.762,17:43:21,baseline,6,96.6,8431,16126,52.3
1785433401.762,17:43:21,baseline,7,91.9,8675,16126,53.8
1785433402.762,17:43:22,baseline,0,87.8,8145,16126,50.5
1785433402.762,17:43:22,baseline,1,95.1,7983,16126,49.5
1785433402.762,17:43:22,baseline,2,96.3,7776,16126,48.2
1785433402.762,17:43:22,baseline,3,95.3,7729,16126,47.9
1785433402.762,17:43:22,baseline,4,95.0,7991,16126,49.6
1785433402.762,17:43:22,baseline,5,91.8,7716,16126,47.8
1785433402.762,17:43:22,baseline,6,96.5,7716,16126,47.8
1785433402.762,17:43:22,baseline,7,95.1,7704,16126,47.8
1785433403.762,17:43:23,baseline,0,87.8,8145,16126,50.5
1785433403.762,17:43:23,baseline,1,95.1,7983,16126,49.5
1785433403.762,17:43:23,baseline,2,96.3,7776,16126,48.2
1785433403.762,17:43:23,baseline,3,95.3,7729,16126,47.9
1785433403.762,17:43:23,baseline,4,95.0,7991,16126,49.6
1785433403.762,17:43:23,baseline,5,91.8,7716,16126,47.8
1785433403.762,17:43:23,baseline,6,96.5,7716,16126,47.8
1785433403.762,17:43:23,baseline,7,95.1,7704,16126,47.8
1785433404.762,17:43:24,baseline,0,87.8,8145,16126,50.5
1785433404.762,17:43:24,baseline,1,95.1,7983,16126,49.5
1785433404.762,17:43:24,baseline,2,96.3,7776,16126,48.2
1785433404.762,17:43:24,baseline,3,95.3,7729,16126,47.9
1785433404.762,17:43:24,baseline,4,95.0,7991,16126,49.6
1785433404.762,17:43:24,baseline,5,91.8,7716,16126,47.8
1785433404.762,17:43:24,baseline,6,96.5,7716,16126,47.8
1785433404.762,17:43:24,baseline,7,95.1,7704,16126,47.8
1785433405.762,17:43:25,baseline,0,87.8,8145,16126,50.5
1785433405.762,17:43:25,baseline,1,95.1,7983,16126,49.5
1785433405.762,17:43:25,baseline,2,96.3,7776,16126,48.2
1785433405.762,17:43:25,baseline,3,95.3,7729,16126,47.9
1785433405.762,17:43:25,baseline,4,95.0,7991,16126,49.6
1785433405.762,17:43:25,baseline,5,91.8,7716,16126,47.8
1785433405.762,17:43:25,baseline,6,96.5,7716,16126,47.8
1785433405.762,17:43:25,baseline,7,95.1,7704,16126,47.8
1785433406.762,17:43:26,baseline,0,87.8,8145,16126,50.5
1785433406.762,17:43:26,baseline,1,95.1,7983,16126,49.5
1785433406.762,17:43:26,baseline,2,96.3,7776,16126,48.2
1785433406.762,17:43:26,baseline,3,95.3,7729,16126,47.9
1785433406.762,17:43:26,baseline,4,95.0,7991,16126,49.6
1785433406.762,17:43:26,baseline,5,91.8,7716,16126,47.8
1785433406.762,17:43:26,baseline,6,96.5,7716,16126,47.8
1785433406.762,17:43:26,baseline,7,95.1,7704,16126,47.8
1785433407.762,17:43:27,baseline,0,88.2,7654,16126,47.5
1785433407.762,17:43:27,baseline,1,93.8,7570,16126,46.9
1785433407.762,17:43:27,baseline,2,94.7,7672,16126,47.6
1785433407.762,17:43:27,baseline,3,95.0,7764,16126,48.1
1785433407.762,17:43:27,baseline,4,94.5,7578,16126,47.0
1785433407.762,17:43:27,baseline,5,93.3,7646,16126,47.4
1785433407.762,17:43:27,baseline,6,93.3,7690,16126,47.7
1785433407.762,17:43:27,baseline,7,93.2,7737,16126,48.0
1785433408.762,17:43:28,baseline,0,88.2,7654,16126,47.5
1785433408.762,17:43:28,baseline,1,93.8,7570,16126,46.9
1785433408.762,17:43:28,baseline,2,94.7,7672,16126,47.6
1785433408.762,17:43:28,baseline,3,95.0,7764,16126,48.1
1785433408.762,17:43:28,baseline,4,94.5,7578,16126,47.0
1785433408.762,17:43:28,baseline,5,93.3,7646,16126,47.4
1785433408.762,17:43:28,baseline,6,93.3,7690,16126,47.7
1785433408.762,17:43:28,baseline,7,93.2,7737,16126,48.0
1785433409.762,17:43:29,baseline,0,88.2,7654,16126,47.5
1785433409.762,17:43:29,baseline,1,93.8,7570,16126,46.9
1785433409.762,17:43:29,baseline,2,94.7,7672,16126,47.6
1785433409.762,17:43:29,baseline,3,95.0,7764,16126,48.1
1785433409.762,17:43:29,baseline,4,94.5,7578,16126,47.0
1785433409.762,17:43:29,baseline,5,93.3,7646,16126,47.4
1785433409.762,17:43:29,baseline,6,93.3,7690,16126,47.7
1785433409.762,17:43:29,baseline,7,93.2,7737,16126,48.0
1785433410.763,17:43:30,baseline,0,88.2,7654,16126,47.5
1785433410.763,17:43:30,baseline,1,93.8,7570,16126,46.9
1785433410.763,17:43:30,baseline,2,94.7,7672,16126,47.6
1785433410.763,17:43:30,baseline,3,95.0,7764,16126,48.1
1785433410.763,17:43:30,baseline,4,94.5,7578,16126,47.0
1785433410.763,17:43:30,baseline,5,93.3,7646,16126,47.4
1785433410.763,17:43:30,baseline,6,93.3,7690,16126,47.7
1785433410.763,17:43:30,baseline,7,93.2,7737,16126,48.0
1785433411.763,17:43:31,baseline,0,88.2,7654,16126,47.5
1785433411.763,17:43:31,baseline,1,93.8,7570,16126,46.9
1785433411.763,17:43:31,baseline,2,94.7,7672,16126,47.6
1785433411.763,17:43:31,baseline,3,95.0,7764,16126,48.1
1785433411.763,17:43:31,baseline,4,94.5,7578,16126,47.0
1785433411.763,17:43:31,baseline,5,93.3,7646,16126,47.4
1785433411.763,17:43:31,baseline,6,93.3,7690,16126,47.7
1785433411.763,17:43:31,baseline,7,93.2,7737,16126,48.0
1785433412.763,17:43:32,baseline,0,91.9,5730,16126,35.5
1785433412.763,17:43:32,baseline,1,90.1,5582,16126,34.6
1785433412.763,17:43:32,baseline,2,95.4,5559,16126,34.5
1785433412.763,17:43:32,baseline,3,96.0,5772,16126,35.8
1785433412.763,17:43:32,baseline,4,95.7,5498,16126,34.1
1785433412.763,17:43:32,baseline,5,94.6,5399,16126,33.5
1785433412.763,17:43:32,baseline,6,95.8,5594,16126,34.7
1785433412.763,17:43:32,baseline,7,95.0,5732,16126,35.5
1785433413.763,17:43:33,baseline,0,91.9,5730,16126,35.5
1785433413.763,17:43:33,baseline,1,90.1,5582,16126,34.6
1785433413.763,17:43:33,baseline,2,95.4,5559,16126,34.5
1785433413.763,17:43:33,baseline,3,96.0,5772,16126,35.8
1785433413.763,17:43:33,baseline,4,95.7,5498,16126,34.1
1785433413.763,17:43:33,baseline,5,94.6,5399,16126,33.5
1785433413.763,17:43:33,baseline,6,95.8,5594,16126,34.7
1785433413.763,17:43:33,baseline,7,95.0,5732,16126,35.5
1785433414.763,17:43:34,baseline,0,91.9,5730,16126,35.5
1785433414.763,17:43:34,baseline,1,90.1,5582,16126,34.6
1785433414.763,17:43:34,baseline,2,95.4,5559,16126,34.5
1785433414.763,17:43:34,baseline,3,96.0,5772,16126,35.8
1785433414.763,17:43:34,baseline,4,95.7,5498,16126,34.1
1785433414.763,17:43:34,baseline,5,94.6,5399,16126,33.5
1785433414.763,17:43:34,baseline,6,95.8,5594,16126,34.7
1785433414.763,17:43:34,baseline,7,95.0,5732,16126,35.5
1785433415.763,17:43:35,baseline,0,91.9,5730,16126,35.5
1785433415.763,17:43:35,baseline,1,90.1,5582,16126,34.6
1785433415.763,17:43:35,baseline,2,95.4,5559,16126,34.5
1785433415.763,17:43:35,baseline,3,96.0,5772,16126,35.8
1785433415.763,17:43:35,baseline,4,95.7,5498,16126,34.1
1785433415.763,17:43:35,baseline,5,94.6,5399,16126,33.5
1785433415.763,17:43:35,baseline,6,95.8,5594,16126,34.7
1785433415.763,17:43:35,baseline,7,95.0,5732,16126,35.5
1785433416.763,17:43:36,baseline,0,91.9,5730,16126,35.5
1785433416.763,17:43:36,baseline,1,90.1,5582,16126,34.6
1785433416.763,17:43:36,baseline,2,95.4,5559,16126,34.5
1785433416.763,17:43:36,baseline,3,96.0,5772,16126,35.8
1785433416.763,17:43:36,baseline,4,95.7,5498,16126,34.1
1785433416.763,17:43:36,baseline,5,94.6,5399,16126,33.5
1785433416.763,17:43:36,baseline,6,95.8,5594,16126,34.7
1785433416.763,17:43:36,baseline,7,95.0,5732,16126,35.5
1785433417.763,17:43:37,baseline,0,94.4,6650,16126,41.2
1785433417.763,17:43:37,baseline,1,94.4,6385,16126,39.6
1785433417.763,17:43:37,baseline,2,92.1,6382,16126,39.6
1785433417.763,17:43:37,baseline,3,93.6,6526,16126,40.5
1785433417.763,17:43:37,baseline,4,95.9,6416,16126,39.8
1785433417.763,17:43:37,baseline,5,88.7,6650,16126,41.2
1785433417.763,17:43:37,baseline,6,95.0,6650,16126,41.2
1785433417.763,17:43:37,baseline,7,95.7,6652,16126,41.3
1785433418.764,17:43:38,baseline,0,94.4,6650,16126,41.2
1785433418.764,17:43:38,baseline,1,94.4,6385,16126,39.6
1785433418.764,17:43:38,baseline,2,92.1,6382,16126,39.6
1785433418.764,17:43:38,baseline,3,93.6,6526,16126,40.5
1785433418.764,17:43:38,baseline,4,95.9,6416,16126,39.8
1785433418.764,17:43:38,baseline,5,88.7,6650,16126,41.2
1785433418.764,17:43:38,baseline,6,95.0,6650,16126,41.2
1785433418.764,17:43:38,baseline,7,95.7,6652,16126,41.3
1785433419.764,17:43:39,baseline,0,94.4,6650,16126,41.2
1785433419.764,17:43:39,baseline,1,94.4,6385,16126,39.6
1785433419.764,17:43:39,baseline,2,92.1,6382,16126,39.6
1785433419.764,17:43:39,baseline,3,93.6,6526,16126,40.5
1785433419.764,17:43:39,baseline,4,95.9,6416,16126,39.8
1785433419.764,17:43:39,baseline,5,88.7,6650,16126,41.2
1785433419.764,17:43:39,baseline,6,95.0,6650,16126,41.2
1785433419.764,17:43:39,baseline,7,95.7,6652,16126,41.3
1785433420.764,17:43:40,baseline,0,94.4,6650,16126,41.2
1785433420.764,17:43:40,baseline,1,94.4,6385,16126,39.6
1785433420.764,17:43:40,baseline,2,92.1,6382,16126,39.6
1785433420.764,17:43:40,baseline,3,93.6,6526,16126,40.5
1785433420.764,17:43:40,baseline,4,95.9,6416,16126,39.8
1785433420.764,17:43:40,baseline,5,88.7,6650,16126,41.2
1785433420.764,17:43:40,baseline,6,95.0,6650,16126,41.2
1785433420.764,17:43:40,baseline,7,95.7,6652,16126,41.3
1785433421.764,17:43:41,baseline,0,94.4,6650,16126,41.2
1785433421.764,17:43:41,baseline,1,94.4,6385,16126,39.6
1785433421.764,17:43:41,baseline,2,92.1,6382,16126,39.6
1785433421.764,17:43:41,baseline,3,93.6,6526,16126,40.5
1785433421.764,17:43:41,baseline,4,95.9,6416,16126,39.8
1785433421.764,17:43:41,baseline,5,88.7,6650,16126,41.2
1785433421.764,17:43:41,baseline,6,95.0,6650,16126,41.2
1785433421.764,17:43:41,baseline,7,95.7,6652,16126,41.3
1785433422.764,17:43:42,baseline,0,96.3,5589,16126,34.7
1785433422.764,17:43:42,baseline,1,95.6,6273,16126,38.9
1785433422.764,17:43:42,baseline,2,82.5,5592,16126,34.7
1785433422.764,17:43:42,baseline,3,95.8,5274,16126,32.7
1785433422.764,17:43:42,baseline,4,95.3,5553,16126,34.4
1785433422.764,17:43:42,baseline,5,96.7,5592,16126,34.7
1785433422.764,17:43:42,baseline,6,95.9,5439,16126,33.7
1785433422.764,17:43:42,baseline,7,94.7,5594,16126,34.7
1785433423.764,17:43:43,baseline,0,96.3,5589,16126,34.7
1785433423.764,17:43:43,baseline,1,95.6,6273,16126,38.9
1785433423.764,17:43:43,baseline,2,82.5,5592,16126,34.7
1785433423.764,17:43:43,baseline,3,95.8,5274,16126,32.7
1785433423.764,17:43:43,baseline,4,95.3,5553,16126,34.4
1785433423.764,17:43:43,baseline,5,96.7,5592,16126,34.7
1785433423.764,17:43:43,baseline,6,95.9,5439,16126,33.7
1785433423.764,17:43:43,baseline,7,94.7,5594,16126,34.7
1785433424.764,17:43:44,baseline,0,96.3,5589,16126,34.7
1785433424.764,17:43:44,baseline,1,95.6,6273,16126,38.9
1785433424.764,17:43:44,baseline,2,82.5,5592,16126,34.7
1785433424.764,17:43:44,baseline,3,95.8,5274,16126,32.7
1785433424.764,17:43:44,baseline,4,95.3,5553,16126,34.4
1785433424.764,17:43:44,baseline,5,96.7,5592,16126,34.7
1785433424.764,17:43:44,baseline,6,95.9,5439,16126,33.7
1785433424.764,17:43:44,baseline,7,94.7,5594,16126,34.7
1785433425.764,17:43:45,baseline,0,96.3,5589,16126,34.7
1785433425.764,17:43:45,baseline,1,95.6,6273,16126,38.9
1785433425.764,17:43:45,baseline,2,82.5,5592,16126,34.7
1785433425.764,17:43:45,baseline,3,95.8,5274,16126,32.7
1785433425.764,17:43:45,baseline,4,95.3,5553,16126,34.4
1785433425.764,17:43:45,baseline,5,96.7,5592,16126,34.7
1785433425.764,17:43:45,baseline,6,95.9,5439,16126,33.7
1785433425.764,17:43:45,baseline,7,94.7,5594,16126,34.7
1785433426.765,17:43:46,baseline,0,96.3,5589,16126,34.7
1785433426.765,17:43:46,baseline,1,95.6,6273,16126,38.9
1785433426.765,17:43:46,baseline,2,82.5,5592,16126,34.7
1785433426.765,17:43:46,baseline,3,95.8,5274,16126,32.7
1785433426.765,17:43:46,baseline,4,95.3,5553,16126,34.4
1785433426.765,17:43:46,baseline,5,96.7,5592,16126,34.7
1785433426.765,17:43:46,baseline,6,95.9,5439,16126,33.7
1785433426.765,17:43:46,baseline,7,94.7,5594,16126,34.7
1785433427.765,17:43:47,baseline,0,94.3,9302,16126,57.7
1785433427.765,17:43:47,baseline,1,92.8,9892,16126,61.3
1785433427.765,17:43:47,baseline,2,92.7,9302,16126,57.7
1785433427.765,17:43:47,baseline,3,93.2,9892,16126,61.3
1785433427.765,17:43:47,baseline,4,92.7,9892,16126,61.3
1785433427.765,17:43:47,baseline,5,83.2,8137,16126,50.5
1785433427.765,17:43:47,baseline,6,93.3,9892,16126,61.3
1785433427.765,17:43:47,baseline,7,92.3,9304,16126,57.7
1785433428.765,17:43:48,baseline,0,94.3,9302,16126,57.7
1785433428.765,17:43:48,baseline,1,92.8,9892,16126,61.3
1785433428.765,17:43:48,baseline,2,92.7,9302,16126,57.7
1785433428.765,17:43:48,baseline,3,93.2,9892,16126,61.3
1785433428.765,17:43:48,baseline,4,92.7,9892,16126,61.3
1785433428.765,17:43:48,baseline,5,83.2,8137,16126,50.5
1785433428.765,17:43:48,baseline,6,93.3,9892,16126,61.3
1785433428.765,17:43:48,baseline,7,92.3,9304,16126,57.7
1785433429.765,17:43:49,baseline,0,94.3,9302,16126,57.7
1785433429.765,17:43:49,baseline,1,92.8,9892,16126,61.3
1785433429.765,17:43:49,baseline,2,92.7,9302,16126,57.7
1785433429.765,17:43:49,baseline,3,93.2,9892,16126,61.3
1785433429.765,17:43:49,baseline,4,92.7,9892,16126,61.3
1785433429.765,17:43:49,baseline,5,83.2,8137,16126,50.5
1785433429.765,17:43:49,baseline,6,93.3,9892,16126,61.3
1785433429.765,17:43:49,baseline,7,92.3,9304,16126,57.7
1785433430.765,17:43:50,baseline,0,94.3,9302,16126,57.7
1785433430.765,17:43:50,baseline,1,92.8,9892,16126,61.3
1785433430.765,17:43:50,baseline,2,92.7,9302,16126,57.7
1785433430.765,17:43:50,baseline,3,93.2,9892,16126,61.3
1785433430.765,17:43:50,baseline,4,92.7,9892,16126,61.3
1785433430.765,17:43:50,baseline,5,83.2,8137,16126,50.5
1785433430.765,17:43:50,baseline,6,93.3,9892,16126,61.3
1785433430.765,17:43:50,baseline,7,92.3,9304,16126,57.7
1785433431.765,17:43:51,baseline,0,94.3,9302,16126,57.7
1785433431.765,17:43:51,baseline,1,92.8,9892,16126,61.3
1785433431.765,17:43:51,baseline,2,92.7,9302,16126,57.7
1785433431.765,17:43:51,baseline,3,93.2,9892,16126,61.3
1785433431.765,17:43:51,baseline,4,92.7,9892,16126,61.3
1785433431.765,17:43:51,baseline,5,83.2,8137,16126,50.5
1785433431.765,17:43:51,baseline,6,93.3,9892,16126,61.3
1785433431.765,17:43:51,baseline,7,92.3,9304,16126,57.7
1785433432.765,17:43:52,baseline,0,91.2,8784,16126,54.5
1785433432.765,17:43:52,baseline,1,96.4,8760,16126,54.3
1785433432.765,17:43:52,baseline,2,90.4,8760,16126,54.3
1785433432.765,17:43:52,baseline,3,95.4,8716,16126,54.0
1785433432.765,17:43:52,baseline,4,94.6,8772,16126,54.4
1785433432.765,17:43:52,baseline,5,94.5,8736,16126,54.2
1785433432.765,17:43:52,baseline,6,96.7,8385,16126,52.0
1785433432.765,17:43:52,baseline,7,94.6,8701,16126,54.0
1785433433.765,17:43:53,baseline,0,91.2,8784,16126,54.5
1785433433.765,17:43:53,baseline,1,96.4,8760,16126,54.3
1785433433.765,17:43:53,baseline,2,90.4,8760,16126,54.3
1785433433.765,17:43:53,baseline,3,95.4,8716,16126,54.0
1785433433.765,17:43:53,baseline,4,94.6,8772,16126,54.4
1785433433.765,17:43:53,baseline,5,94.5,8736,16126,54.2
1785433433.765,17:43:53,baseline,6,96.7,8385,16126,52.0
1785433433.765,17:43:53,baseline,7,94.6,8701,16126,54.0
1785433434.765,17:43:54,baseline,0,91.2,8784,16126,54.5
1785433434.765,17:43:54,baseline,1,96.4,8760,16126,54.3
1785433434.765,17:43:54,baseline,2,90.4,8760,16126,54.3
1785433434.765,17:43:54,baseline,3,95.4,8716,16126,54.0
1785433434.765,17:43:54,baseline,4,94.6,8772,16126,54.4
1785433434.765,17:43:54,baseline,5,94.5,8736,16126,54.2
1785433434.765,17:43:54,baseline,6,96.7,8385,16126,52.0
1785433434.765,17:43:54,baseline,7,94.6,8701,16126,54.0
1785433435.766,17:43:55,baseline,0,91.2,8784,16126,54.5
1785433435.766,17:43:55,baseline,1,96.4,8760,16126,54.3
1785433435.766,17:43:55,baseline,2,90.4,8760,16126,54.3
1785433435.766,17:43:55,baseline,3,95.4,8716,16126,54.0
1785433435.766,17:43:55,baseline,4,94.6,8772,16126,54.4
1785433435.766,17:43:55,baseline,5,94.5,8736,16126,54.2
1785433435.766,17:43:55,baseline,6,96.7,8385,16126,52.0
1785433435.766,17:43:55,baseline,7,94.6,8701,16126,54.0
1785433436.766,17:43:56,baseline,0,91.2,8784,16126,54.5
1785433436.766,17:43:56,baseline,1,96.4,8760,16126,54.3
1785433436.766,17:43:56,baseline,2,90.4,8760,16126,54.3
1785433436.766,17:43:56,baseline,3,95.4,8716,16126,54.0
1785433436.766,17:43:56,baseline,4,94.6,8772,16126,54.4
1785433436.766,17:43:56,baseline,5,94.5,8736,16126,54.2
1785433436.766,17:43:56,baseline,6,96.7,8385,16126,52.0
1785433436.766,17:43:56,baseline,7,94.6,8701,16126,54.0
1785433437.766,17:43:57,baseline,0,87.6,6144,16126,38.1
1785433437.766,17:43:57,baseline,1,96.3,6204,16126,38.5
1785433437.766,17:43:57,baseline,2,95.2,6096,16126,37.8
1785433437.766,17:43:57,baseline,3,95.5,6287,16126,39.0
1785433437.766,17:43:57,baseline,4,95.5,6213,16126,38.5
1785433437.766,17:43:57,baseline,5,96.0,6180,16126,38.3
1785433437.766,17:43:57,baseline,6,95.2,6132,16126,38.0
1785433437.766,17:43:57,baseline,7,95.6,6211,16126,38.5
1785433438.766,17:43:58,baseline,0,87.6,6144,16126,38.1
1785433438.766,17:43:58,baseline,1,96.3,6204,16126,38.5
1785433438.766,17:43:58,baseline,2,95.2,6096,16126,37.8
1785433438.766,17:43:58,baseline,3,95.5,6287,16126,39.0
1785433438.766,17:43:58,baseline,4,95.5,6213,16126,38.5
1785433438.766,17:43:58,baseline,5,96.0,6180,16126,38.3
1785433438.766,17:43:58,baseline,6,95.2,6132,16126,38.0
1785433438.766,17:43:58,baseline,7,95.6,6211,16126,38.5
1785433439.766,17:43:59,baseline,0,87.6,6144,16126,38.1
1785433439.766,17:43:59,baseline,1,96.3,6204,16126,38.5
1785433439.766,17:43:59,baseline,2,95.2,6096,16126,37.8
1785433439.766,17:43:59,baseline,3,95.5,6287,16126,39.0
1785433439.766,17:43:59,baseline,4,95.5,6213,16126,38.5
1785433439.766,17:43:59,baseline,5,96.0,6180,16126,38.3
1785433439.766,17:43:59,baseline,6,95.2,6132,16126,38.0
1785433439.766,17:43:59,baseline,7,95.6,6211,16126,38.5
1785433440.766,17:44:00,baseline,0,87.6,6144,16126,38.1
1785433440.766,17:44:00,baseline,1,96.3,6204,16126,38.5
1785433440.766,17:44:00,baseline,2,95.2,6096,16126,37.8
1785433440.766,17:44:00,baseline,3,95.5,6287,16126,39.0
1785433440.766,17:44:00,baseline,4,95.5,6213,16126,38.5
1785433440.766,17:44:00,baseline,5,96.0,6180,16126,38.3
1785433440.766,17:44:00,baseline,6,95.2,6132,16126,38.0
1785433440.766,17:44:00,baseline,7,95.6,6211,16126,38.5
1785433441.766,17:44:01,baseline,0,87.6,6144,16126,38.1
1785433441.766,17:44:01,baseline,1,96.3,6204,16126,38.5
1785433441.766,17:44:01,baseline,2,95.2,6096,16126,37.8
1785433441.766,17:44:01,baseline,3,95.5,6287,16126,39.0
1785433441.766,17:44:01,baseline,4,95.5,6213,16126,38.5
1785433441.766,17:44:01,baseline,5,96.0,6180,16126,38.3
1785433441.766,17:44:01,baseline,6,95.2,6132,16126,38.0
1785433441.766,17:44:01,baseline,7,95.6,6211,16126,38.5
1785433442.766,17:44:02,baseline,0,92.4,6050,16126,37.5
1785433442.766,17:44:02,baseline,1,94.9,6053,16126,37.5
1785433442.766,17:44:02,baseline,2,93.8,6047,16126,37.5
1785433442.766,17:44:02,baseline,3,91.9,6079,16126,37.7
1785433442.766,17:44:02,baseline,4,93.5,6079,16126,37.7
1785433442.766,17:44:02,baseline,5,88.9,6021,16126,37.3
1785433442.766,17:44:02,baseline,6,93.5,6179,16126,38.3
1785433442.766,17:44:02,baseline,7,93.3,6375,16126,39.5
1785433443.767,17:44:03,baseline,0,92.4,6050,16126,37.5
1785433443.767,17:44:03,baseline,1,94.9,6053,16126,37.5
1785433443.767,17:44:03,baseline,2,93.8,6047,16126,37.5
1785433443.767,17:44:03,baseline,3,91.9,6079,16126,37.7
1785433443.767,17:44:03,baseline,4,93.5,6079,16126,37.7
1785433443.767,17:44:03,baseline,5,88.9,6021,16126,37.3
1785433443.767,17:44:03,baseline,6,93.5,6179,16126,38.3
1785433443.767,17:44:03,baseline,7,93.3,6375,16126,39.5
1785433444.767,17:44:04,baseline,0,92.4,6050,16126,37.5
1785433444.767,17:44:04,baseline,1,94.9,6053,16126,37.5
1785433444.767,17:44:04,baseline,2,93.8,6047,16126,37.5
1785433444.767,17:44:04,baseline,3,91.9,6079,16126,37.7
1785433444.767,17:44:04,baseline,4,93.5,6079,16126,37.7
1785433444.767,17:44:04,baseline,5,88.9,6021,16126,37.3
1785433444.767,17:44:04,baseline,6,93.5,6179,16126,38.3
1785433444.767,17:44:04,baseline,7,93.3,6375,16126,39.5
1785433445.767,17:44:05,baseline,0,92.4,6050,16126,37.5
1785433445.767,17:44:05,baseline,1,94.9,6053,16126,37.5
1785433445.767,17:44:05,baseline,2,93.8,6047,16126,37.5
1785433445.767,17:44:05,baseline,3,91.9,6079,16126,37.7
1785433445.767,17:44:05,baseline,4,93.5,6079,16126,37.7
1785433445.767,17:44:05,baseline,5,88.9,6021,16126,37.3
1785433445.767,17:44:05,baseline,6,93.5,6179,16126,38.3
1785433445.767,17:44:05,baseline,7,93.3,6375,16126,39.5
1785433446.767,17:44:06,baseline,0,92.4,6050,16126,37.5
1785433446.767,17:44:06,baseline,1,94.9,6053,16126,37.5
1785433446.767,17:44:06,baseline,2,93.8,6047,16126,37.5
1785433446.767,17:44:06,baseline,3,91.9,6079,16126,37.7
1785433446.767,17:44:06,baseline,4,93.5,6079,16126,37.7
1785433446.767,17:44:06,baseline,5,88.9,6021,16126,37.3
1785433446.767,17:44:06,baseline,6,93.5,6179,16126,38.3
1785433446.767,17:44:06,baseline,7,93.3,6375,16126,39.5
1785433447.767,17:44:07,baseline,0,88.4,6501,16126,40.3
1785433447.767,17:44:07,baseline,1,95.2,6585,16126,40.8
1785433447.767,17:44:07,baseline,2,87.7,6873,16126,42.6
1785433447.767,17:44:07,baseline,3,95.5,6615,16126,41.0
1785433447.767,17:44:07,baseline,4,95.6,6511,16126,40.4
1785433447.767,17:44:07,baseline,5,96.1,6523,16126,40.5
1785433447.767,17:44:07,baseline,6,95.1,6393,16126,39.6
1785433447.767,17:44:07,baseline,7,94.8,6524,16126,40.5
1785433448.767,17:44:08,baseline,0,88.4,6501,16126,40.3
1785433448.767,17:44:08,baseline,1,95.2,6585,16126,40.8
1785433448.767,17:44:08,baseline,2,87.7,6873,16126,42.6
1785433448.767,17:44:08,baseline,3,95.5,6615,16126,41.0
1785433448.767,17:44:08,baseline,4,95.6,6511,16126,40.4
1785433448.767,17:44:08,baseline,5,96.1,6523,16126,40.5
1785433448.767,17:44:08,baseline,6,95.1,6393,16126,39.6
1785433448.767,17:44:08,baseline,7,94.8,6524,16126,40.5
1785433449.767,17:44:09,baseline,0,88.4,6501,16126,40.3
1785433449.767,17:44:09,baseline,1,95.2,6585,16126,40.8
1785433449.767,17:44:09,baseline,2,87.7,6873,16126,42.6
1785433449.767,17:44:09,baseline,3,95.5,6615,16126,41.0
1785433449.767,17:44:09,baseline,4,95.6,6511,16126,40.4
1785433449.767,17:44:09,baseline,5,96.1,6523,16126,40.5
1785433449.767,17:44:09,baseline,6,95.1,6393,16126,39.6
1785433449.767,17:44:09,baseline,7,94.8,6524,16126,40.5
1785433450.767,17:44:10,baseline,0,88.4,6501,16126,40.3
1785433450.767,17:44:10,baseline,1,95.2,6585,16126,40.8
1785433450.767,17:44:10,baseline,2,87.7,6873,16126,42.6
1785433450.767,17:44:10,baseline,3,95.5,6615,16126,41.0
1785433450.767,17:44:10,baseline,4,95.6,6511,16126,40.4
1785433450.767,17:44:10,baseline,5,96.1,6523,16126,40.5
1785433450.767,17:44:10,baseline,6,95.1,6393,16126,39.6
1785433450.767,17:44:10,baseline,7,94.8,6524,16126,40.5
1785433451.767,17:44:11,baseline,0,88.4,6501,16126,40.3
1785433451.767,17:44:11,baseline,1,95.2,6585,16126,40.8
1785433451.767,17:44:11,baseline,2,87.7,6873,16126,42.6
1785433451.767,17:44:11,baseline,3,95.5,6615,16126,41.0
1785433451.767,17:44:11,baseline,4,95.6,6511,16126,40.4
1785433451.767,17:44:11,baseline,5,96.1,6523,16126,40.5
1785433451.767,17:44:11,baseline,6,95.1,6393,16126,39.6
1785433451.767,17:44:11,baseline,7,94.8,6524,16126,40.5
1785433452.768,17:44:12,baseline,0,87.4,6548,16126,40.6
1785433452.768,17:44:12,baseline,1,93.8,6151,16126,38.1
1785433452.768,17:44:12,baseline,2,95.3,6317,16126,39.2
1785433452.768,17:44:12,baseline,3,89.2,6155,16126,38.2
1785433452.768,17:44:12,baseline,4,95.9,6446,16126,40.0
1785433452.768,17:44:12,baseline,5,89.4,6413,16126,39.8
1785433452.768,17:44:12,baseline,6,96.2,6442,16126,39.9
1785433452.768,17:44:12,baseline,7,95.7,6549,16126,40.6
1785433453.768,17:44:13,baseline,0,87.4,6548,16126,40.6
1785433453.768,17:44:13,baseline,1,93.8,6151,16126,38.1
1785433453.768,17:44:13,baseline,2,95.3,6317,16126,39.2
1785433453.768,17:44:13,baseline,3,89.2,6155,16126,38.2
1785433453.768,17:44:13,baseline,4,95.9,6446,16126,40.0
1785433453.768,17:44:13,baseline,5,89.4,6413,16126,39.8
1785433453.768,17:44:13,baseline,6,96.2,6442,16126,39.9
1785433453.768,17:44:13,baseline,7,95.7,6549,16126,40.6
1785433454.768,17:44:14,baseline,0,87.4,6548,16126,40.6
1785433454.768,17:44:14,baseline,1,93.8,6151,16126,38.1
1785433454.768,17:44:14,baseline,2,95.3,6317,16126,39.2
1785433454.768,17:44:14,baseline,3,89.2,6155,16126,38.2
1785433454.768,17:44:14,baseline,4,95.9,6446,16126,40.0
1785433454.768,17:44:14,baseline,5,89.4,6413,16126,39.8
1785433454.768,17:44:14,baseline,6,96.2,6442,16126,39.9
1785433454.768,17:44:14,baseline,7,95.7,6549,16126,40.6
1785433455.768,17:44:15,baseline,0,87.4,6548,16126,40.6
1785433455.768,17:44:15,baseline,1,93.8,6151,16126,38.1
1785433455.768,17:44:15,baseline,2,95.3,6317,16126,39.2
1785433455.768,17:44:15,baseline,3,89.2,6155,16126,38.2
1785433455.768,17:44:15,baseline,4,95.9,6446,16126,40.0
1785433455.768,17:44:15,baseline,5,89.4,6413,16126,39.8
1785433455.768,17:44:15,baseline,6,96.2,6442,16126,39.9
1785433455.768,17:44:15,baseline,7,95.7,6549,16126,40.6
1785433456.768,17:44:16,baseline,0,87.4,6548,16126,40.6
1785433456.768,17:44:16,baseline,1,93.8,6151,16126,38.1
1785433456.768,17:44:16,baseline,2,95.3,6317,16126,39.2
1785433456.768,17:44:16,baseline,3,89.2,6155,16126,38.2
1785433456.768,17:44:16,baseline,4,95.9,6446,16126,40.0
1785433456.768,17:44:16,baseline,5,89.4,6413,16126,39.8
1785433456.768,17:44:16,baseline,6,96.2,6442,16126,39.9
1785433456.768,17:44:16,baseline,7,95.7,6549,16126,40.6
1785433457.768,17:44:17,baseline,0,95.0,7036,16126,43.6
1785433457.768,17:44:17,baseline,1,86.1,6868,16126,42.6
1785433457.768,17:44:17,baseline,2,94.1,6537,16126,40.5
1785433457.768,17:44:17,baseline,3,96.0,6249,16126,38.8
1785433457.768,17:44:17,baseline,4,95.0,6609,16126,41.0
1785433457.768,17:44:17,baseline,5,94.7,6940,16126,43.0
1785433457.768,17:44:17,baseline,6,95.4,7073,16126,43.9
1785433457.768,17:44:17,baseline,7,94.0,6797,16126,42.1
1785433458.768,17:44:18,baseline,0,95.0,7036,16126,43.6
1785433458.768,17:44:18,baseline,1,86.1,6868,16126,42.6
1785433458.768,17:44:18,baseline,2,94.1,6537,16126,40.5
1785433458.768,17:44:18,baseline,3,96.0,6249,16126,38.8
1785433458.768,17:44:18,baseline,4,95.0,6609,16126,41.0
1785433458.768,17:44:18,baseline,5,94.7,6940,16126,43.0
1785433458.768,17:44:18,baseline,6,95.4,7073,16126,43.9
1785433458.768,17:44:18,baseline,7,94.0,6797,16126,42.1
1785433459.768,17:44:19,baseline,0,95.0,7036,16126,43.6
1785433459.768,17:44:19,baseline,1,86.1,6868,16126,42.6
1785433459.768,17:44:19,baseline,2,94.1,6537,16126,40.5
1785433459.768,17:44:19,baseline,3,96.0,6249,16126,38.8
1785433459.768,17:44:19,baseline,4,95.0,6609,16126,41.0
1785433459.768,17:44:19,baseline,5,94.7,6940,16126,43.0
1785433459.768,17:44:19,baseline,6,95.4,7073,16126,43.9
1785433459.768,17:44:19,baseline,7,94.0,6797,16126,42.1
1785433460.769,17:44:20,baseline,0,95.0,7036,16126,43.6
1785433460.769,17:44:20,baseline,1,86.1,6868,16126,42.6
1785433460.769,17:44:20,baseline,2,94.1,6537,16126,40.5
1785433460.769,17:44:20,baseline,3,96.0,6249,16126,38.8
1785433460.769,17:44:20,baseline,4,95.0,6609,16126,41.0
1785433460.769,17:44:20,baseline,5,94.7,6940,16126,43.0
1785433460.769,17:44:20,baseline,6,95.4,7073,16126,43.9
1785433460.769,17:44:20,baseline,7,94.0,6797,16126,42.1
1785433461.769,17:44:21,baseline,0,95.0,7036,16126,43.6
1785433461.769,17:44:21,baseline,1,86.1,6868,16126,42.6
1785433461.769,17:44:21,baseline,2,94.1,6537,16126,40.5
1785433461.769,17:44:21,baseline,3,96.0,6249,16126,38.8
1785433461.769,17:44:21,baseline,4,95.0,6609,16126,41.0
1785433461.769,17:44:21,baseline,5,94.7,6940,16126,43.0
1785433461.769,17:44:21,baseline,6,95.4,7073,16126,43.9
1785433461.769,17:44:21,baseline,7,94.0,6797,16126,42.1
1785433462.769,17:44:22,baseline,0,95.5,6932,16126,43.0
1785433462.769,17:44:22,baseline,1,93.2,7317,16126,45.4
1785433462.769,17:44:22,baseline,2,88.2,7243,16126,44.9
1785433462.769,17:44:22,baseline,3,94.8,6934,16126,43.0
1785433462.769,17:44:22,baseline,4,95.1,7008,16126,43.5
1785433462.769,17:44:22,baseline,5,95.7,6976,16126,43.3
1785433462.769,17:44:22,baseline,6,95.0,6942,16126,43.0
1785433462.769,17:44:22,baseline,7,94.5,6971,16126,43.2
1785433463.769,17:44:23,baseline,0,95.5,6932,16126,43.0
1785433463.769,17:44:23,baseline,1,93.2,7317,16126,45.4
1785433463.769,17:44:23,baseline,2,88.2,7243,16126,44.9
1785433463.769,17:44:23,baseline,3,94.8,6934,16126,43.0
1785433463.769,17:44:23,baseline,4,95.1,7008,16126,43.5
1785433463.769,17:44:23,baseline,5,95.7,6976,16126,43.3
1785433463.769,17:44:23,baseline,6,95.0,6942,16126,43.0
1785433463.769,17:44:23,baseline,7,94.5,6971,16126,43.2
1785433464.769,17:44:24,baseline,0,95.5,6932,16126,43.0
1785433464.769,17:44:24,baseline,1,93.2,7317,16126,45.4
1785433464.769,17:44:24,baseline,2,88.2,7243,16126,44.9
1785433464.769,17:44:24,baseline,3,94.8,6934,16126,43.0
1785433464.769,17:44:24,baseline,4,95.1,7008,16126,43.5
1785433464.769,17:44:24,baseline,5,95.7,6976,16126,43.3
1785433464.769,17:44:24,baseline,6,95.0,6942,16126,43.0
1785433464.769,17:44:24,baseline,7,94.5,6971,16126,43.2
1785433465.769,17:44:25,baseline,0,95.5,6932,16126,43.0
1785433465.769,17:44:25,baseline,1,93.2,7317,16126,45.4
1785433465.769,17:44:25,baseline,2,88.2,7243,16126,44.9
1785433465.769,17:44:25,baseline,3,94.8,6934,16126,43.0
1785433465.769,17:44:25,baseline,4,95.1,7008,16126,43.5
1785433465.769,17:44:25,baseline,5,95.7,6976,16126,43.3
1785433465.769,17:44:25,baseline,6,95.0,6942,16126,43.0
1785433465.769,17:44:25,baseline,7,94.5,6971,16126,43.2
1785433466.769,17:44:26,baseline,0,95.5,6932,16126,43.0
1785433466.769,17:44:26,baseline,1,93.2,7317,16126,45.4
1785433466.769,17:44:26,baseline,2,88.2,7243,16126,44.9
1785433466.769,17:44:26,baseline,3,94.8,6934,16126,43.0
1785433466.769,17:44:26,baseline,4,95.1,7008,16126,43.5
1785433466.769,17:44:26,baseline,5,95.7,6976,16126,43.3
1785433466.769,17:44:26,baseline,6,95.0,6942,16126,43.0
1785433466.769,17:44:26,baseline,7,94.5,6971,16126,43.2
1785433467.769,17:44:27,baseline,0,96.5,8639,16126,53.6
1785433467.769,17:44:27,baseline,1,93.0,8645,16126,53.6
1785433467.769,17:44:27,baseline,2,91.4,8731,16126,54.1
1785433467.769,17:44:27,baseline,3,95.4,8708,16126,54.0
1785433467.769,17:44:27,baseline,4,96.2,8673,16126,53.8
1785433467.769,17:44:27,baseline,5,96.8,8290,16126,51.4
1785433467.769,17:44:27,baseline,6,95.5,8527,16126,52.9
1785433467.769,17:44:27,baseline,7,94.9,8599,16126,53.3
1785433468.769,17:44:28,baseline,0,96.5,8639,16126,53.6
1785433468.769,17:44:28,baseline,1,93.0,8645,16126,53.6
1785433468.769,17:44:28,baseline,2,91.4,8731,16126,54.1
1785433468.769,17:44:28,baseline,3,95.4,8708,16126,54.0
1785433468.769,17:44:28,baseline,4,96.2,8673,16126,53.8
1785433468.769,17:44:28,baseline,5,96.8,8290,16126,51.4
1785433468.769,17:44:28,baseline,6,95.5,8527,16126,52.9
1785433468.769,17:44:28,baseline,7,94.9,8599,16126,53.3
1785433469.769,17:44:29,baseline,0,96.5,8639,16126,53.6
1785433469.769,17:44:29,baseline,1,93.0,8645,16126,53.6
1785433469.769,17:44:29,baseline,2,91.4,8731,16126,54.1
1785433469.769,17:44:29,baseline,3,95.4,8708,16126,54.0
1785433469.769,17:44:29,baseline,4,96.2,8673,16126,53.8
1785433469.769,17:44:29,baseline,5,96.8,8290,16126,51.4
1785433469.769,17:44:29,baseline,6,95.5,8527,16126,52.9
1785433469.769,17:44:29,baseline,7,94.9,8599,16126,53.3
1785433470.77,17:44:30,baseline,0,96.5,8639,16126,53.6
1785433470.77,17:44:30,baseline,1,93.0,8645,16126,53.6
1785433470.77,17:44:30,baseline,2,91.4,8731,16126,54.1
1785433470.77,17:44:30,baseline,3,95.4,8708,16126,54.0
1785433470.77,17:44:30,baseline,4,96.2,8673,16126,53.8
1785433470.77,17:44:30,baseline,5,96.8,8290,16126,51.4
1785433470.77,17:44:30,baseline,6,95.5,8527,16126,52.9
1785433470.77,17:44:30,baseline,7,94.9,8599,16126,53.3
1785433471.77,17:44:31,baseline,0,96.5,8639,16126,53.6
1785433471.77,17:44:31,baseline,1,93.0,8645,16126,53.6
1785433471.77,17:44:31,baseline,2,91.4,8731,16126,54.1
1785433471.77,17:44:31,baseline,3,95.4,8708,16126,54.0
1785433471.77,17:44:31,baseline,4,96.2,8673,16126,53.8
1785433471.77,17:44:31,baseline,5,96.8,8290,16126,51.4
1785433471.77,17:44:31,baseline,6,95.5,8527,16126,52.9
1785433471.77,17:44:31,baseline,7,94.9,8599,16126,53.3
1785433472.77,17:44:32,baseline,0,96.8,6442,16126,39.9
1785433472.77,17:44:32,baseline,1,96.1,6569,16126,40.7
1785433472.77,17:44:32,baseline,2,95.8,6479,16126,40.2
1785433472.77,17:44:32,baseline,3,90.2,6461,16126,40.1
1785433472.77,17:44:32,baseline,4,95.0,6479,16126,40.2
1785433472.77,17:44:32,baseline,5,95.7,6587,16126,40.8
1785433472.77,17:44:32,baseline,6,95.3,6605,16126,41.0
1785433472.77,17:44:32,baseline,7,85.3,6444,16126,40.0
1785433473.77,17:44:33,baseline,0,96.8,6442,16126,39.9
1785433473.77,17:44:33,baseline,1,96.1,6569,16126,40.7
1785433473.77,17:44:33,baseline,2,95.8,6479,16126,40.2
1785433473.77,17:44:33,baseline,3,90.2,6461,16126,40.1
1785433473.77,17:44:33,baseline,4,95.0,6479,16126,40.2
1785433473.77,17:44:33,baseline,5,95.7,6587,16126,40.8
1785433473.77,17:44:33,baseline,6,95.3,6605,16126,41.0
1785433473.77,17:44:33,baseline,7,85.3,6444,16126,40.0
1785433474.77,17:44:34,baseline,0,96.8,6442,16126,39.9
1785433474.77,17:44:34,baseline,1,96.1,6569,16126,40.7
1785433474.77,17:44:34,baseline,2,95.8,6479,16126,40.2
1785433474.77,17:44:34,baseline,3,90.2,6461,16126,40.1
1785433474.77,17:44:34,baseline,4,95.0,6479,16126,40.2
1785433474.77,17:44:34,baseline,5,95.7,6587,16126,40.8
1785433474.77,17:44:34,baseline,6,95.3,6605,16126,41.0
1785433474.77,17:44:34,baseline,7,85.3,6444,16126,40.0
1785433475.77,17:44:35,baseline,0,96.8,6442,16126,39.9
1785433475.77,17:44:35,baseline,1,96.1,6569,16126,40.7
1785433475.77,17:44:35,baseline,2,95.8,6479,16126,40.2
1785433475.77,17:44:35,baseline,3,90.2,6461,16126,40.1
1785433475.77,17:44:35,baseline,4,95.0,6479,16126,40.2
1785433475.77,17:44:35,baseline,5,95.7,6587,16126,40.8
1785433475.77,17:44:35,baseline,6,95.3,6605,16126,41.0
1785433475.77,17:44:35,baseline,7,85.3,6444,16126,40.0
1785433476.77,17:44:36,baseline,0,96.8,6442,16126,39.9
1785433476.77,17:44:36,baseline,1,96.1,6569,16126,40.7
1785433476.77,17:44:36,baseline,2,95.8,6479,16126,40.2
1785433476.77,17:44:36,baseline,3,90.2,6461,16126,40.1
1785433476.77,17:44:36,baseline,4,95.0,6479,16126,40.2
1785433476.77,17:44:36,baseline,5,95.7,6587,16126,40.8
1785433476.77,17:44:36,baseline,6,95.3,6605,16126,41.0
1785433476.77,17:44:36,baseline,7,85.3,6444,16126,40.0
1785433477.77,17:44:37,baseline,0,93.8,7869,16126,48.8
1785433477.77,17:44:37,baseline,1,93.8,7587,16126,47.0
1785433477.77,17:44:37,baseline,2,92.6,7924,16126,49.1
1785433477.77,17:44:37,baseline,3,93.4,7587,16126,47.0
1785433477.77,17:44:37,baseline,4,94.5,7587,16126,47.0
1785433477.77,17:44:37,baseline,5,95.3,7663,16126,47.5
1785433477.77,17:44:37,baseline,6,90.4,7902,16126,49.0
1785433477.77,17:44:37,baseline,7,92.7,7705,16126,47.8
1785433478.771,17:44:38,baseline,0,93.8,7869,16126,48.8
1785433478.771,17:44:38,baseline,1,93.8,7587,16126,47.0
1785433478.771,17:44:38,baseline,2,92.6,7924,16126,49.1
1785433478.771,17:44:38,baseline,3,93.4,7587,16126,47.0
1785433478.771,17:44:38,baseline,4,94.5,7587,16126,47.0
1785433478.771,17:44:38,baseline,5,95.3,7663,16126,47.5
1785433478.771,17:44:38,baseline,6,90.4,7902,16126,49.0
1785433478.771,17:44:38,baseline,7,92.7,7705,16126,47.8
1785433479.771,17:44:39,baseline,0,93.8,7869,16126,48.8
1785433479.771,17:44:39,baseline,1,93.8,7587,16126,47.0
1785433479.771,17:44:39,baseline,2,92.6,7924,16126,49.1
1785433479.771,17:44:39,baseline,3,93.4,7587,16126,47.0
1785433479.771,17:44:39,baseline,4,94.5,7587,16126,47.0
1785433479.771,17:44:39,baseline,5,95.3,7663,16126,47.5
1785433479.771,17:44:39,baseline,6,90.4,7902,16126,49.0
1785433479.771,17:44:39,baseline,7,92.7,7705,16126,47.8
1785433480.771,17:44:40,baseline,0,93.8,7869,16126,48.8
1785433480.771,17:44:40,baseline,1,93.8,7587,16126,47.0
1785433480.771,17:44:40,baseline,2,92.6,7924,16126,49.1
1785433480.771,17:44:40,baseline,3,93.4,7587,16126,47.0
1785433480.771,17:44:40,baseline,4,94.5,7587,16126,47.0
1785433480.771,17:44:40,baseline,5,95.3,7663,16126,47.5
1785433480.771,17:44:40,baseline,6,90.4,7902,16126,49.0
1785433480.771,17:44:40,baseline,7,92.7,7705,16126,47.8
1785433481.771,17:44:41,baseline,0,93.8,7869,16126,48.8
1785433481.771,17:44:41,baseline,1,93.8,7587,16126,47.0
1785433481.771,17:44:41,baseline,2,92.6,7924,16126,49.1
1785433481.771,17:44:41,baseline,3,93.4,7587,16126,47.0
1785433481.771,17:44:41,baseline,4,94.5,7587,16126,47.0
1785433481.771,17:44:41,baseline,5,95.3,7663,16126,47.5
1785433481.771,17:44:41,baseline,6,90.4,7902,16126,49.0
1785433481.771,17:44:41,baseline,7,92.7,7705,16126,47.8
1785433482.771,17:44:42,baseline,0,95.7,9052,16126,56.1
1785433482.771,17:44:42,baseline,1,95.2,8693,16126,53.9
1785433482.771,17:44:42,baseline,2,89.5,8756,16126,54.3
1785433482.771,17:44:42,baseline,3,94.7,8765,16126,54.4
1785433482.771,17:44:42,baseline,4,95.8,8515,16126,52.8
1785433482.771,17:44:42,baseline,5,92.8,8200,16126,50.8
1785433482.771,17:44:42,baseline,6,95.2,7940,16126,49.2
1785433482.771,17:44:42,baseline,7,93.6,8485,16126,52.6
1785433483.771,17:44:43,baseline,0,95.7,9052,16126,56.1
1785433483.771,17:44:43,baseline,1,95.2,8693,16126,53.9
1785433483.771,17:44:43,baseline,2,89.5,8756,16126,54.3
1785433483.771,17:44:43,baseline,3,94.7,8765,16126,54.4
1785433483.771,17:44:43,baseline,4,95.8,8515,16126,52.8
1785433483.771,17:44:43,baseline,5,92.8,8200,16126,50.8
1785433483.771,17:44:43,baseline,6,95.2,7940,16126,49.2
1785433483.771,17:44:43,baseline,7,93.6,8485,16126,52.6
1785433484.771,17:44:44,baseline,0,95.7,9052,16126,56.1
1785433484.771,17:44:44,baseline,1,95.2,8693,16126,53.9
1785433484.771,17:44:44,baseline,2,89.5,8756,16126,54.3
1785433484.771,17:44:44,baseline,3,94.7,8765,16126,54.4
1785433484.771,17:44:44,baseline,4,95.8,8515,16126,52.8
1785433484.771,17:44:44,baseline,5,92.8,8200,16126,50.8
1785433484.771,17:44:44,baseline,6,95.2,7940,16126,49.2
1785433484.771,17:44:44,baseline,7,93.6,8485,16126,52.6
1785433485.771,17:44:45,baseline,0,95.7,9052,16126,56.1
1785433485.771,17:44:45,baseline,1,95.2,8693,16126,53.9
1785433485.771,17:44:45,baseline,2,89.5,8756,16126,54.3
1785433485.771,17:44:45,baseline,3,94.7,8765,16126,54.4
1785433485.771,17:44:45,baseline,4,95.8,8515,16126,52.8
1785433485.771,17:44:45,baseline,5,92.8,8200,16126,50.8
1785433485.771,17:44:45,baseline,6,95.2,7940,16126,49.2
1785433485.771,17:44:45,baseline,7,93.6,8485,16126,52.6
1785433486.772,17:44:46,baseline,0,95.7,9052,16126,56.1
1785433486.772,17:44:46,baseline,1,95.2,8693,16126,53.9
1785433486.772,17:44:46,baseline,2,89.5,8756,16126,54.3
1785433486.772,17:44:46,baseline,3,94.7,8765,16126,54.4
1785433486.772,17:44:46,baseline,4,95.8,8515,16126,52.8
1785433486.772,17:44:46,baseline,5,92.8,8200,16126,50.8
1785433486.772,17:44:46,baseline,6,95.2,7940,16126,49.2
1785433486.772,17:44:46,baseline,7,93.6,8485,16126,52.6
1785433487.772,17:44:47,baseline,0,93.3,5573,16126,34.6
1785433487.772,17:44:47,baseline,1,90.3,6347,16126,39.4
1785433487.772,17:44:47,baseline,2,96.0,5712,16126,35.4
1785433487.772,17:44:47,baseline,3,92.8,5516,16126,34.2
1785433487.772,17:44:47,baseline,4,95.6,5442,16126,33.7
1785433487.772,17:44:47,baseline,5,91.1,5712,16126,35.4
1785433487.772,17:44:47,baseline,6,94.5,5712,16126,35.4
1785433487.772,17:44:47,baseline,7,95.2,5692,16126,35.3
1785433488.772,17:44:48,baseline,0,93.3,5573,16126,34.6
1785433488.772,17:44:48,baseline,1,90.3,6347,16126,39.4
1785433488.772,17:44:48,baseline,2,96.0,5712,16126,35.4
1785433488.772,17:44:48,baseline,3,92.8,5516,16126,34.2
1785433488.772,17:44:48,baseline,4,95.6,5442,16126,33.7
1785433488.772,17:44:48,baseline,5,91.1,5712,16126,35.4
1785433488.772,17:44:48,baseline,6,94.5,5712,16126,35.4
1785433488.772,17:44:48,baseline,7,95.2,5692,16126,35.3
1785433489.772,17:44:49,baseline,0,93.3,5573,16126,34.6
1785433489.772,17:44:49,baseline,1,90.3,6347,16126,39.4
1785433489.772,17:44:49,baseline,2,96.0,5712,16126,35.4
1785433489.772,17:44:49,baseline,3,92.8,5516,16126,34.2
1785433489.772,17:44:49,baseline,4,95.6,5442,16126,33.7
1785433489.772,17:44:49,baseline,5,91.1,5712,16126,35.4
1785433489.772,17:44:49,baseline,6,94.5,5712,16126,35.4
1785433489.772,17:44:49,baseline,7,95.2,5692,16126,35.3
1785433490.772,17:44:50,baseline,0,93.3,5573,16126,34.6
1785433490.772,17:44:50,baseline,1,90.3,6347,16126,39.4
1785433490.772,17:44:50,baseline,2,96.0,5712,16126,35.4
1785433490.772,17:44:50,baseline,3,92.8,5516,16126,34.2
1785433490.772,17:44:50,baseline,4,95.6,5442,16126,33.7
1785433490.772,17:44:50,baseline,5,91.1,5712,16126,35.4
1785433490.772,17:44:50,baseline,6,94.5,5712,16126,35.4
1785433490.772,17:44:50,baseline,7,95.2,5692,16126,35.3
1785433491.772,17:44:51,baseline,0,93.3,5573,16126,34.6
1785433491.772,17:44:51,baseline,1,90.3,6347,16126,39.4
1785433491.772,17:44:51,baseline,2,96.0,5712,16126,35.4
1785433491.772,17:44:51,baseline,3,92.8,5516,16126,34.2
1785433491.772,17:44:51,baseline,4,95.6,5442,16126,33.7
1785433491.772,17:44:51,baseline,5,91.1,5712,16126,35.4
1785433491.772,17:44:51,baseline,6,94.5,5712,16126,35.4
1785433491.772,17:44:51,baseline,7,95.2,5692,16126,35.3
1785433492.772,17:44:52,baseline,0,93.7,6650,16126,41.2
1785433492.772,17:44:52,baseline,1,85.9,6526,16126,40.5
1785433492.772,17:44:52,baseline,2,93.3,6351,16126,39.4
1785433492.772,17:44:52,baseline,3,93.3,6482,16126,40.2
1785433492.772,17:44:52,baseline,4,93.6,6285,16126,39.0
1785433492.772,17:44:52,baseline,5,94.4,6414,16126,39.8
1785433492.772,17:44:52,baseline,6,93.1,6550,16126,40.6
1785433492.772,17:44:52,baseline,7,94.5,6652,16126,41.3
1785433493.772,17:44:53,baseline,0,93.7,6650,16126,41.2
1785433493.772,17:44:53,baseline,1,85.9,6526,16126,40.5
1785433493.772,17:44:53,baseline,2,93.3,6351,16126,39.4
1785433493.772,17:44:53,baseline,3,93.3,6482,16126,40.2
1785433493.772,17:44:53,baseline,4,93.6,6285,16126,39.0
1785433493.772,17:44:53,baseline,5,94.4,6414,16126,39.8
1785433493.772,17:44:53,baseline,6,93.1,6550,16126,40.6
1785433493.772,17:44:53,baseline,7,94.5,6652,16126,41.3
1785433494.773,17:44:54,baseline,0,93.7,6650,16126,41.2
1785433494.773,17:44:54,baseline,1,85.9,6526,16126,40.5
1785433494.773,17:44:54,baseline,2,93.3,6351,16126,39.4
1785433494.773,17:44:54,baseline,3,93.3,6482,16126,40.2
1785433494.773,17:44:54,baseline,4,93.6,6285,16126,39.0
1785433494.773,17:44:54,baseline,5,94.4,6414,16126,39.8
1785433494.773,17:44:54,baseline,6,93.1,6550,16126,40.6
1785433494.773,17:44:54,baseline,7,94.5,6652,16126,41.3
1785433495.773,17:44:55,baseline,0,93.7,6650,16126,41.2
1785433495.773,17:44:55,baseline,1,85.9,6526,16126,40.5
1785433495.773,17:44:55,baseline,2,93.3,6351,16126,39.4
1785433495.773,17:44:55,baseline,3,93.3,6482,16126,40.2
1785433495.773,17:44:55,baseline,4,93.6,6285,16126,39.0
1785433495.773,17:44:55,baseline,5,94.4,6414,16126,39.8
1785433495.773,17:44:55,baseline,6,93.1,6550,16126,40.6
1785433495.773,17:44:55,baseline,7,94.5,6652,16126,41.3
1785433496.773,17:44:56,baseline,0,93.7,6650,16126,41.2
1785433496.773,17:44:56,baseline,1,85.9,6526,16126,40.5
1785433496.773,17:44:56,baseline,2,93.3,6351,16126,39.4
1785433496.773,17:44:56,baseline,3,93.3,6482,16126,40.2
1785433496.773,17:44:56,baseline,4,93.6,6285,16126,39.0
1785433496.773,17:44:56,baseline,5,94.4,6414,16126,39.8
1785433496.773,17:44:56,baseline,6,93.1,6550,16126,40.6
1785433496.773,17:44:56,baseline,7,94.5,6652,16126,41.3
1785433497.773,17:44:57,baseline,0,92.6,7813,16126,48.4
1785433497.773,17:44:57,baseline,1,96.0,7880,16126,48.9
1785433497.773,17:44:57,baseline,2,94.8,7855,16126,48.7
1785433497.773,17:44:57,baseline,3,93.2,7605,16126,47.2
1785433497.773,17:44:57,baseline,4,96.3,7633,16126,47.3
1785433497.773,17:44:57,baseline,5,94.8,7953,16126,49.3
1785433497.773,17:44:57,baseline,6,94.4,7860,16126,48.7
1785433497.773,17:44:57,baseline,7,95.3,7763,16126,48.1
1785433498.773,17:44:58,baseline,0,92.6,7813,16126,48.4
1785433498.773,17:44:58,baseline,1,96.0,7880,16126,48.9
1785433498.773,17:44:58,baseline,2,94.8,7855,16126,48.7
1785433498.773,17:44:58,baseline,3,93.2,7605,16126,47.2
1785433498.773,17:44:58,baseline,4,96.3,7633,16126,47.3
1785433498.773,17:44:58,baseline,5,94.8,7953,16126,49.3
1785433498.773,17:44:58,baseline,6,94.4,7860,16126,48.7
1785433498.773,17:44:58,baseline,7,95.3,7763,16126,48.1
1785433499.773,17:44:59,baseline,0,92.6,7813,16126,48.4
1785433499.773,17:44:59,baseline,1,96.0,7880,16126,48.9
1785433499.773,17:44:59,baseline,2,94.8,7855,16126,48.7
1785433499.773,17:44:59,baseline,3,93.2,7605,16126,47.2
1785433499.773,17:44:59,baseline,4,96.3,7633,16126,47.3
1785433499.773,17:44:59,baseline,5,94.8,7953,16126,49.3
1785433499.773,17:44:59,baseline,6,94.4,7860,16126,48.7
1785433499.773,17:44:59,baseline,7,95.3,7763,16126,48.1
1785433500.773,17:45:00,baseline,0,92.6,7813,16126,48.4
1785433500.773,17:45:00,baseline,1,96.0,7880,16126,48.9
1785433500.773,17:45:00,baseline,2,94.8,7855,16126,48.7
1785433500.773,17:45:00,baseline,3,93.2,7605,16126,47.2
1785433500.773,17:45:00,baseline,4,96.3,7633,16126,47.3
1785433500.773,17:45:00,baseline,5,94.8,7953,16126,49.3
1785433500.773,17:45:00,baseline,6,94.4,7860,16126,48.7
1785433500.773,17:45:00,baseline,7,95.3,7763,16126,48.1
1785433501.773,17:45:01,baseline,0,92.6,7813,16126,48.4
1785433501.773,17:45:01,baseline,1,96.0,7880,16126,48.9
1785433501.773,17:45:01,baseline,2,94.8,7855,16126,48.7
1785433501.773,17:45:01,baseline,3,93.2,7605,16126,47.2
1785433501.773,17:45:01,baseline,4,96.3,7633,16126,47.3
1785433501.773,17:45:01,baseline,5,94.8,7953,16126,49.3
1785433501.773,17:45:01,baseline,6,94.4,7860,16126,48.7
1785433501.773,17:45:01,baseline,7,95.3,7763,16126,48.1
1785433502.773,17:45:02,baseline,0,94.1,6168,16126,38.2
1785433502.773,17:45:02,baseline,1,96.0,6092,16126,37.8
1785433502.773,17:45:02,baseline,2,96.6,6168,16126,38.2
1785433502.773,17:45:02,baseline,3,96.6,6190,16126,38.4
1785433502.773,17:45:02,baseline,4,95.3,6260,16126,38.8
1785433502.773,17:45:02,baseline,5,95.2,6168,16126,38.2
1785433502.773,17:45:02,baseline,6,95.6,6108,16126,37.9
1785433502.773,17:45:02,baseline,7,88.8,6104,16126,37.9
1785433503.774,17:45:03,baseline,0,94.1,6168,16126,38.2
1785433503.774,17:45:03,baseline,1,96.0,6092,16126,37.8
1785433503.774,17:45:03,baseline,2,96.6,6168,16126,38.2
1785433503.774,17:45:03,baseline,3,96.6,6190,16126,38.4
1785433503.774,17:45:03,baseline,4,95.3,6260,16126,38.8
1785433503.774,17:45:03,baseline,5,95.2,6168,16126,38.2
1785433503.774,17:45:03,baseline,6,95.6,6108,16126,37.9
1785433503.774,17:45:03,baseline,7,88.8,6104,16126,37.9
1785433504.774,17:45:04,baseline,0,94.1,6168,16126,38.2
1785433504.774,17:45:04,baseline,1,96.0,6092,16126,37.8
1785433504.774,17:45:04,baseline,2,96.6,6168,16126,38.2
1785433504.774,17:45:04,baseline,3,96.6,6190,16126,38.4
1785433504.774,17:45:04,baseline,4,95.3,6260,16126,38.8
1785433504.774,17:45:04,baseline,5,95.2,6168,16126,38.2
1785433504.774,17:45:04,baseline,6,95.6,6108,16126,37.9
1785433504.774,17:45:04,baseline,7,88.8,6104,16126,37.9
1785433505.774,17:45:05,baseline,0,94.1,6168,16126,38.2
1785433505.774,17:45:05,baseline,1,96.0,6092,16126,37.8
1785433505.774,17:45:05,baseline,2,96.6,6168,16126,38.2
1785433505.774,17:45:05,baseline,3,96.6,6190,16126,38.4
1785433505.774,17:45:05,baseline,4,95.3,6260,16126,38.8
1785433505.774,17:45:05,baseline,5,95.2,6168,16126,38.2
1785433505.774,17:45:05,baseline,6,95.6,6108,16126,37.9
1785433505.774,17:45:05,baseline,7,88.8,6104,16126,37.9
1785433506.774,17:45:06,baseline,0,94.1,6168,16126,38.2
1785433506.774,17:45:06,baseline,1,96.0,6092,16126,37.8
1785433506.774,17:45:06,baseline,2,96.6,6168,16126,38.2
1785433506.774,17:45:06,baseline,3,96.6,6190,16126,38.4
1785433506.774,17:45:06,baseline,4,95.3,6260,16126,38.8
1785433506.774,17:45:06,baseline,5,95.2,6168,16126,38.2
1785433506.774,17:45:06,baseline,6,95.6,6108,16126,37.9
1785433506.774,17:45:06,baseline,7,88.8,6104,16126,37.9
1785433507.774,17:45:07,baseline,0,87.4,8808,16126,54.6
1785433507.774,17:45:07,baseline,1,91.3,8796,16126,54.5
1785433507.774,17:45:07,baseline,2,91.3,8766,16126,54.4
1785433507.774,17:45:07,baseline,3,91.6,12865,16126,79.8
1785433507.774,17:45:07,baseline,4,92.4,8772,16126,54.4
1785433507.774,17:45:07,baseline,5,91.9,8826,16126,54.7
1785433507.774,17:45:07,baseline,6,92.4,8808,16126,54.6
1785433507.774,17:45:07,baseline,7,89.1,8809,16126,54.6
1785433508.774,17:45:08,baseline,0,87.4,8808,16126,54.6
1785433508.774,17:45:08,baseline,1,91.3,8796,16126,54.5
1785433508.774,17:45:08,baseline,2,91.3,8766,16126,54.4
1785433508.774,17:45:08,baseline,3,91.6,12865,16126,79.8
1785433508.774,17:45:08,baseline,4,92.4,8772,16126,54.4
1785433508.774,17:45:08,baseline,5,91.9,8826,16126,54.7
1785433508.774,17:45:08,baseline,6,92.4,8808,16126,54.6
1785433508.774,17:45:08,baseline,7,89.1,8809,16126,54.6
1785433509.774,17:45:09,baseline,0,87.4,8808,16126,54.6
1785433509.774,17:45:09,baseline,1,91.3,8796,16126,54.5
1785433509.774,17:45:09,baseline,2,91.3,8766,16126,54.4
1785433509.774,17:45:09,baseline,3,91.6,12865,16126,79.8
1785433509.774,17:45:09,baseline,4,92.4,8772,16126,54.4
1785433509.774,17:45:09,baseline,5,91.9,8826,16126,54.7
1785433509.774,17:45:09,baseline,6,92.4,8808,16126,54.6
1785433509.774,17:45:09,baseline,7,89.1,8809,16126,54.6
1785433510.774,17:45:10,baseline,0,87.4,8808,16126,54.6
1785433510.774,17:45:10,baseline,1,91.3,8796,16126,54.5
1785433510.774,17:45:10,baseline,2,91.3,8766,16126,54.4
1785433510.774,17:45:10,baseline,3,91.6,12865,16126,79.8
1785433510.774,17:45:10,baseline,4,92.4,8772,16126,54.4
1785433510.774,17:45:10,baseline,5,91.9,8826,16126,54.7
1785433510.774,17:45:10,baseline,6,92.4,8808,16126,54.6
1785433510.774,17:45:10,baseline,7,89.1,8809,16126,54.6
1785433511.775,17:45:11,baseline,0,87.4,8808,16126,54.6
1785433511.775,17:45:11,baseline,1,91.3,8796,16126,54.5
1785433511.775,17:45:11,baseline,2,91.3,8766,16126,54.4
1785433511.775,17:45:11,baseline,3,91.6,12865,16126,79.8
1785433511.775,17:45:11,baseline,4,92.4,8772,16126,54.4
1785433511.775,17:45:11,baseline,5,91.9,8826,16126,54.7
1785433511.775,17:45:11,baseline,6,92.4,8808,16126,54.6
1785433511.775,17:45:11,baseline,7,89.1,8809,16126,54.6
1785433512.775,17:45:12,baseline,0,96.9,12889,16126,79.9
1785433512.775,17:45:12,baseline,1,98.3,9567,16126,59.3
1785433512.775,17:45:12,baseline,2,93.0,8707,16126,54.0
1785433512.775,17:45:12,baseline,3,93.6,9615,16126,59.6
1785433512.775,17:45:12,baseline,4,91.8,9639,16126,59.8
1785433512.775,17:45:12,baseline,5,95.2,8737,16126,54.2
1785433512.775,17:45:12,baseline,6,94.8,9573,16126,59.4
1785433512.775,17:45:12,baseline,7,89.8,8672,16126,53.8
1785433513.775,17:45:13,baseline,0,96.9,12889,16126,79.9
1785433513.775,17:45:13,baseline,1,98.3,9567,16126,59.3
1785433513.775,17:45:13,baseline,2,93.0,8707,16126,54.0
1785433513.775,17:45:13,baseline,3,93.6,9615,16126,59.6
1785433513.775,17:45:13,baseline,4,91.8,9639,16126,59.8
1785433513.775,17:45:13,baseline,5,95.2,8737,16126,54.2
1785433513.775,17:45:13,baseline,6,94.8,9573,16126,59.4
1785433513.775,17:45:13,baseline,7,89.8,8672,16126,53.8
1785433514.775,17:45:14,baseline,0,96.9,12889,16126,79.9
1785433514.775,17:45:14,baseline,1,98.3,9567,16126,59.3
1785433514.775,17:45:14,baseline,2,93.0,8707,16126,54.0
1785433514.775,17:45:14,baseline,3,93.6,9615,16126,59.6
1785433514.775,17:45:14,baseline,4,91.8,9639,16126,59.8
1785433514.775,17:45:14,baseline,5,95.2,8737,16126,54.2
1785433514.775,17:45:14,baseline,6,94.8,9573,16126,59.4
1785433514.775,17:45:14,baseline,7,89.8,8672,16126,53.8
1785433515.775,17:45:15,baseline,0,96.9,12889,16126,79.9
1785433515.775,17:45:15,baseline,1,98.3,9567,16126,59.3
1785433515.775,17:45:15,baseline,2,93.0,8707,16126,54.0
1785433515.775,17:45:15,baseline,3,93.6,9615,16126,59.6
1785433515.775,17:45:15,baseline,4,91.8,9639,16126,59.8
1785433515.775,17:45:15,baseline,5,95.2,8737,16126,54.2
1785433515.775,17:45:15,baseline,6,94.8,9573,16126,59.4
1785433515.775,17:45:15,baseline,7,89.8,8672,16126,53.8
1785433516.775,17:45:16,baseline,0,96.9,12889,16126,79.9
1785433516.775,17:45:16,baseline,1,98.3,9567,16126,59.3
1785433516.775,17:45:16,baseline,2,93.0,8707,16126,54.0
1785433516.775,17:45:16,baseline,3,93.6,9615,16126,59.6
1785433516.775,17:45:16,baseline,4,91.8,9639,16126,59.8
1785433516.775,17:45:16,baseline,5,95.2,8737,16126,54.2
1785433516.775,17:45:16,baseline,6,94.8,9573,16126,59.4
1785433516.775,17:45:16,baseline,7,89.8,8672,16126,53.8
1785433517.775,17:45:17,baseline,0,96.4,6255,16126,38.8
1785433517.775,17:45:17,baseline,1,95.8,6173,16126,38.3
1785433517.775,17:45:17,baseline,2,94.4,6257,16126,38.8
1785433517.775,17:45:17,baseline,3,91.1,6257,16126,38.8
1785433517.775,17:45:17,baseline,4,95.3,6199,16126,38.4
1785433517.775,17:45:17,baseline,5,92.2,6287,16126,39.0
1785433517.775,17:45:17,baseline,6,95.5,6173,16126,38.3
1785433517.775,17:45:17,baseline,7,94.8,6280,16126,38.9
1785433518.775,17:45:18,baseline,0,96.4,6255,16126,38.8
1785433518.775,17:45:18,baseline,1,95.8,6173,16126,38.3
1785433518.775,17:45:18,baseline,2,94.4,6257,16126,38.8
1785433518.775,17:45:18,baseline,3,91.1,6257,16126,38.8
1785433518.775,17:45:18,baseline,4,95.3,6199,16126,38.4
1785433518.775,17:45:18,baseline,5,92.2,6287,16126,39.0
1785433518.775,17:45:18,baseline,6,95.5,6173,16126,38.3
1785433518.775,17:45:18,baseline,7,94.8,6280,16126,38.9
1785433519.775,17:45:19,baseline,0,96.4,6255,16126,38.8
1785433519.775,17:45:19,baseline,1,95.8,6173,16126,38.3
1785433519.775,17:45:19,baseline,2,94.4,6257,16126,38.8
1785433519.775,17:45:19,baseline,3,91.1,6257,16126,38.8
1785433519.775,17:45:19,baseline,4,95.3,6199,16126,38.4
1785433519.775,17:45:19,baseline,5,92.2,6287,16126,39.0
1785433519.775,17:45:19,baseline,6,95.5,6173,16126,38.3
1785433519.775,17:45:19,baseline,7,94.8,6280,16126,38.9
1785433520.776,17:45:20,baseline,0,96.4,6255,16126,38.8
1785433520.776,17:45:20,baseline,1,95.8,6173,16126,38.3
1785433520.776,17:45:20,baseline,2,94.4,6257,16126,38.8
1785433520.776,17:45:20,baseline,3,91.1,6257,16126,38.8
1785433520.776,17:45:20,baseline,4,95.3,6199,16126,38.4
1785433520.776,17:45:20,baseline,5,92.2,6287,16126,39.0
1785433520.776,17:45:20,baseline,6,95.5,6173,16126,38.3
1785433520.776,17:45:20,baseline,7,94.8,6280,16126,38.9
1785433521.776,17:45:21,baseline,0,96.4,6255,16126,38.8
1785433521.776,17:45:21,baseline,1,95.8,6173,16126,38.3
1785433521.776,17:45:21,baseline,2,94.4,6257,16126,38.8
1785433521.776,17:45:21,baseline,3,91.1,6257,16126,38.8
1785433521.776,17:45:21,baseline,4,95.3,6199,16126,38.4
1785433521.776,17:45:21,baseline,5,92.2,6287,16126,39.0
1785433521.776,17:45:21,baseline,6,95.5,6173,16126,38.3
1785433521.776,17:45:21,baseline,7,94.8,6280,16126,38.9
1785433522.776,17:45:22,baseline,0,94.0,6181,16126,38.3
1785433522.776,17:45:22,baseline,1,93.9,6092,16126,37.8
1785433522.776,17:45:22,baseline,2,96.2,5444,16126,33.8
1785433522.776,17:45:22,baseline,3,94.0,5303,16126,32.9
1785433522.776,17:45:22,baseline,4,95.5,5239,16126,32.5
1785433522.776,17:45:22,baseline,5,86.3,6220,16126,38.6
1785433522.776,17:45:22,baseline,6,95.2,6363,16126,39.5
1785433522.776,17:45:22,baseline,7,95.2,5368,16126,33.3
1785433523.776,17:45:23,baseline,0,94.0,6181,16126,38.3
1785433523.776,17:45:23,baseline,1,93.9,6092,16126,37.8
1785433523.776,17:45:23,baseline,2,96.2,5444,16126,33.8
1785433523.776,17:45:23,baseline,3,94.0,5303,16126,32.9
1785433523.776,17:45:23,baseline,4,95.5,5239,16126,32.5
1785433523.776,17:45:23,baseline,5,86.3,6220,16126,38.6
1785433523.776,17:45:23,baseline,6,95.2,6363,16126,39.5
1785433523.776,17:45:23,baseline,7,95.2,5368,16126,33.3
1785433524.776,17:45:24,baseline,0,94.0,6181,16126,38.3
1785433524.776,17:45:24,baseline,1,93.9,6092,16126,37.8
1785433524.776,17:45:24,baseline,2,96.2,5444,16126,33.8
1785433524.776,17:45:24,baseline,3,94.0,5303,16126,32.9
1785433524.776,17:45:24,baseline,4,95.5,5239,16126,32.5
1785433524.776,17:45:24,baseline,5,86.3,6220,16126,38.6
1785433524.776,17:45:24,baseline,6,95.2,6363,16126,39.5
1785433524.776,17:45:24,baseline,7,95.2,5368,16126,33.3
1785433525.776,17:45:25,baseline,0,94.0,6181,16126,38.3
1785433525.776,17:45:25,baseline,1,93.9,6092,16126,37.8
1785433525.776,17:45:25,baseline,2,96.2,5444,16126,33.8
1785433525.776,17:45:25,baseline,3,94.0,5303,16126,32.9
1785433525.776,17:45:25,baseline,4,95.5,5239,16126,32.5
1785433525.776,17:45:25,baseline,5,86.3,6220,16126,38.6
1785433525.776,17:45:25,baseline,6,95.2,6363,16126,39.5
1785433525.776,17:45:25,baseline,7,95.2,5368,16126,33.3
1785433526.776,17:45:26,baseline,0,94.0,6181,16126,38.3
1785433526.776,17:45:26,baseline,1,93.9,6092,16126,37.8
1785433526.776,17:45:26,baseline,2,96.2,5444,16126,33.8
1785433526.776,17:45:26,baseline,3,94.0,5303,16126,32.9
1785433526.776,17:45:26,baseline,4,95.5,5239,16126,32.5
1785433526.776,17:45:26,baseline,5,86.3,6220,16126,38.6
1785433526.776,17:45:26,baseline,6,95.2,6363,16126,39.5
1785433526.776,17:45:26,baseline,7,95.2,5368,16126,33.3
1785433527.776,17:45:27,baseline,0,73.7,5282,16126,32.8
1785433527.776,17:45:27,baseline,1,69.7,5282,16126,32.8
1785433527.776,17:45:27,baseline,2,68.7,5282,16126,32.8
1785433527.776,17:45:27,baseline,3,71.6,5270,16126,32.7
1785433527.776,17:45:27,baseline,4,76.5,5270,16126,32.7
1785433527.776,17:45:27,baseline,5,76.2,5282,16126,32.8
1785433527.776,17:45:27,baseline,6,76.1,5282,16126,32.8
1785433527.776,17:45:27,baseline,7,70.9,5283,16126,32.8
1785433528.777,17:45:28,baseline,0,73.7,5282,16126,32.8
1785433528.777,17:45:28,baseline,1,69.7,5282,16126,32.8
1785433528.777,17:45:28,baseline,2,68.7,5282,16126,32.8
1785433528.777,17:45:28,baseline,3,71.6,5270,16126,32.7
1785433528.777,17:45:28,baseline,4,76.5,5270,16126,32.7
1785433528.777,17:45:28,baseline,5,76.2,5282,16126,32.8
1785433528.777,17:45:28,baseline,6,76.1,5282,16126,32.8
1785433528.777,17:45:28,baseline,7,70.9,5283,16126,32.8
1785433529.777,17:45:29,baseline,0,73.7,5282,16126,32.8
1785433529.777,17:45:29,baseline,1,69.7,5282,16126,32.8
1785433529.777,17:45:29,baseline,2,68.7,5282,16126,32.8
1785433529.777,17:45:29,baseline,3,71.6,5270,16126,32.7
1785433529.777,17:45:29,baseline,4,76.5,5270,16126,32.7
1785433529.777,17:45:29,baseline,5,76.2,5282,16126,32.8
1785433529.777,17:45:29,baseline,6,76.1,5282,16126,32.8
1785433529.777,17:45:29,baseline,7,70.9,5283,16126,32.8
1785433530.777,17:45:30,baseline,0,73.7,5282,16126,32.8
1785433530.777,17:45:30,baseline,1,69.7,5282,16126,32.8
1785433530.777,17:45:30,baseline,2,68.7,5282,16126,32.8
1785433530.777,17:45:30,baseline,3,71.6,5270,16126,32.7
1785433530.777,17:45:30,baseline,4,76.5,5270,16126,32.7
1785433530.777,17:45:30,baseline,5,76.2,5282,16126,32.8
1785433530.777,17:45:30,baseline,6,76.1,5282,16126,32.8
1785433530.777,17:45:30,baseline,7,70.9,5283,16126,32.8
1785433531.777,17:45:31,baseline,0,73.7,5282,16126,32.8
1785433531.777,17:45:31,baseline,1,69.7,5282,16126,32.8
1785433531.777,17:45:31,baseline,2,68.7,5282,16126,32.8
1785433531.777,17:45:31,baseline,3,71.6,5270,16126,32.7
1785433531.777,17:45:31,baseline,4,76.5,5270,16126,32.7
1785433531.777,17:45:31,baseline,5,76.2,5282,16126,32.8
1785433531.777,17:45:31,baseline,6,76.1,5282,16126,32.8
1785433531.777,17:45:31,baseline,7,70.9,5283,16126,32.8
1785433532.777,17:45:32,baseline,0,14.7,5270,16126,32.7
1785433532.777,17:45:32,baseline,1,3.4,5270,16126,32.7
1785433532.777,17:45:32,baseline,2,3.7,5270,16126,32.7
1785433532.777,17:45:32,baseline,3,6.0,5270,16126,32.7
1785433532.777,17:45:32,baseline,4,15.0,5270,16126,32.7
1785433532.777,17:45:32,baseline,5,9.9,5270,16126,32.7
1785433532.777,17:45:32,baseline,6,10.6,5270,16126,32.7
1785433532.777,17:45:32,baseline,7,7.8,5271,16126,32.7
1785433533.777,17:45:33,baseline,0,14.7,5270,16126,32.7
1785433533.777,17:45:33,baseline,1,3.4,5270,16126,32.7
1785433533.777,17:45:33,baseline,2,3.7,5270,16126,32.7
1785433533.777,17:45:33,baseline,3,6.0,5270,16126,32.7
1785433533.777,17:45:33,baseline,4,15.0,5270,16126,32.7
1785433533.777,17:45:33,baseline,5,9.9,5270,16126,32.7
1785433533.777,17:45:33,baseline,6,10.6,5270,16126,32.7
1785433533.777,17:45:33,baseline,7,7.8,5271,16126,32.7
1785433534.777,17:45:34,baseline,0,14.7,5270,16126,32.7
1785433534.777,17:45:34,baseline,1,3.4,5270,16126,32.7
1785433534.777,17:45:34,baseline,2,3.7,5270,16126,32.7
1785433534.777,17:45:34,baseline,3,6.0,5270,16126,32.7
1785433534.777,17:45:34,baseline,4,15.0,5270,16126,32.7
1785433534.777,17:45:34,baseline,5,9.9,5270,16126,32.7
1785433534.777,17:45:34,baseline,6,10.6,5270,16126,32.7
1785433534.777,17:45:34,baseline,7,7.8,5271,16126,32.7
1785433535.777,17:45:35,baseline,0,14.7,5270,16126,32.7
1785433535.777,17:45:35,baseline,1,3.4,5270,16126,32.7
1785433535.777,17:45:35,baseline,2,3.7,5270,16126,32.7
1785433535.777,17:45:35,baseline,3,6.0,5270,16126,32.7
1785433535.777,17:45:35,baseline,4,15.0,5270,16126,32.7
1785433535.777,17:45:35,baseline,5,9.9,5270,16126,32.7
1785433535.777,17:45:35,baseline,6,10.6,5270,16126,32.7
1785433535.777,17:45:35,baseline,7,7.8,5271,16126,32.7
1785433536.778,17:45:36,baseline,0,14.7,5270,16126,32.7
1785433536.778,17:45:36,baseline,1,3.4,5270,16126,32.7
1785433536.778,17:45:36,baseline,2,3.7,5270,16126,32.7
1785433536.778,17:45:36,baseline,3,6.0,5270,16126,32.7
1785433536.778,17:45:36,baseline,4,15.0,5270,16126,32.7
1785433536.778,17:45:36,baseline,5,9.9,5270,16126,32.7
1785433536.778,17:45:36,baseline,6,10.6,5270,16126,32.7
1785433536.778,17:45:36,baseline,7,7.8,5271,16126,32.7
1785433537.778,17:45:37,baseline,0,0.0,5270,16126,32.7
1785433537.778,17:45:37,baseline,1,0.0,5270,16126,32.7
1785433537.778,17:45:37,baseline,2,0.0,5270,16126,32.7
1785433537.778,17:45:37,baseline,3,0.0,5270,16126,32.7
1785433537.778,17:45:37,baseline,4,0.0,5270,16126,32.7
1785433537.778,17:45:37,baseline,5,0.0,5270,16126,32.7
1785433537.778,17:45:37,baseline,6,0.0,5270,16126,32.7
1785433537.778,17:45:37,baseline,7,0.0,5271,16126,32.7
1785433538.778,17:45:38,baseline,0,0.0,5270,16126,32.7
1785433538.778,17:45:38,baseline,1,0.0,5270,16126,32.7
1785433538.778,17:45:38,baseline,2,0.0,5270,16126,32.7
1785433538.778,17:45:38,baseline,3,0.0,5270,16126,32.7
1785433538.778,17:45:38,baseline,4,0.0,5270,16126,32.7
1785433538.778,17:45:38,baseline,5,0.0,5270,16126,32.7
1785433538.778,17:45:38,baseline,6,0.0,5270,16126,32.7
1785433538.778,17:45:38,baseline,7,0.0,5271,16126,32.7
1785433539.778,17:45:39,baseline,0,0.0,5270,16126,32.7
1785433539.778,17:45:39,baseline,1,0.0,5270,16126,32.7
1785433539.778,17:45:39,baseline,2,0.0,5270,16126,32.7
1785433539.778,17:45:39,baseline,3,0.0,5270,16126,32.7
1785433539.778,17:45:39,baseline,4,0.0,5270,16126,32.7
1785433539.778,17:45:39,baseline,5,0.0,5270,16126,32.7
1785433539.778,17:45:39,baseline,6,0.0,5270,16126,32.7
1785433539.778,17:45:39,baseline,7,0.0,5271,16126,32.7
1785433540.778,17:45:40,baseline,0,0.0,5270,16126,32.7
1785433540.778,17:45:40,baseline,1,0.0,5270,16126,32.7
1785433540.778,17:45:40,baseline,2,0.0,5270,16126,32.7
1785433540.778,17:45:40,baseline,3,0.0,5270,16126,32.7
1785433540.778,17:45:40,baseline,4,0.0,5270,16126,32.7
1785433540.778,17:45:40,baseline,5,0.0,5270,16126,32.7
1785433540.778,17:45:40,baseline,6,0.0,5270,16126,32.7
1785433540.778,17:45:40,baseline,7,0.0,5271,16126,32.7
1785433541.778,17:45:41,baseline,0,0.0,5270,16126,32.7
1785433541.778,17:45:41,baseline,1,0.0,5270,16126,32.7
1785433541.778,17:45:41,baseline,2,0.0,5270,16126,32.7
1785433541.778,17:45:41,baseline,3,0.0,5270,16126,32.7
1785433541.778,17:45:41,baseline,4,0.0,5270,16126,32.7
1785433541.778,17:45:41,baseline,5,0.0,5270,16126,32.7
1785433541.778,17:45:41,baseline,6,0.0,5270,16126,32.7
1785433541.778,17:45:41,baseline,7,0.0,5271,16126,32.7
1785433542.778,17:45:42,baseline,0,0.0,5270,16126,32.7
1785433542.778,17:45:42,baseline,1,0.0,5270,16126,32.7
1785433542.778,17:45:42,baseline,2,0.0,5270,16126,32.7
1785433542.778,17:45:42,baseline,3,0.0,5270,16126,32.7
1785433542.778,17:45:42,baseline,4,0.0,5270,16126,32.7
1785433542.778,17:45:42,baseline,5,0.0,5270,16126,32.7
1785433542.778,17:45:42,baseline,6,0.0,5270,16126,32.7
1785433542.778,17:45:42,baseline,7,0.0,5271,16126,32.7
1785433543.778,17:45:43,baseline,0,0.0,5270,16126,32.7
1785433543.778,17:45:43,baseline,1,0.0,5270,16126,32.7
1785433543.778,17:45:43,baseline,2,0.0,5270,16126,32.7
1785433543.778,17:45:43,baseline,3,0.0,5270,16126,32.7
1785433543.778,17:45:43,baseline,4,0.0,5270,16126,32.7
1785433543.778,17:45:43,baseline,5,0.0,5270,16126,32.7
1785433543.778,17:45:43,baseline,6,0.0,5270,16126,32.7
1785433543.778,17:45:43,baseline,7,0.0,5271,16126,32.7
1785433544.779,17:45:44,baseline,0,0.0,5270,16126,32.7
1785433544.779,17:45:44,baseline,1,0.0,5270,16126,32.7
1785433544.779,17:45:44,baseline,2,0.0,5270,16126,32.7
1785433544.779,17:45:44,baseline,3,0.0,5270,16126,32.7
1785433544.779,17:45:44,baseline,4,0.0,5270,16126,32.7
1785433544.779,17:45:44,baseline,5,0.0,5270,16126,32.7
1785433544.779,17:45:44,baseline,6,0.0,5270,16126,32.7
1785433544.779,17:45:44,baseline,7,0.0,5271,16126,32.7
1785433545.779,17:45:45,baseline,0,0.0,5270,16126,32.7
1785433545.779,17:45:45,baseline,1,0.0,5270,16126,32.7
1785433545.779,17:45:45,baseline,2,0.0,5270,16126,32.7
1785433545.779,17:45:45,baseline,3,0.0,5270,16126,32.7
1785433545.779,17:45:45,baseline,4,0.0,5270,16126,32.7
1785433545.779,17:45:45,baseline,5,0.0,5270,16126,32.7
1785433545.779,17:45:45,baseline,6,0.0,5270,16126,32.7
1785433545.779,17:45:45,baseline,7,0.0,5271,16126,32.7
1785433546.779,17:45:46,baseline,0,0.0,5270,16126,32.7
1785433546.779,17:45:46,baseline,1,0.0,5270,16126,32.7
1785433546.779,17:45:46,baseline,2,0.0,5270,16126,32.7
1785433546.779,17:45:46,baseline,3,0.0,5270,16126,32.7
1785433546.779,17:45:46,baseline,4,0.0,5270,16126,32.7
1785433546.779,17:45:46,baseline,5,0.0,5270,16126,32.7
1785433546.779,17:45:46,baseline,6,0.0,5270,16126,32.7
1785433546.779,17:45:46,baseline,7,0.0,5271,16126,32.7
1785433547.779,17:45:47,baseline,0,0.0,5270,16126,32.7
1785433547.779,17:45:47,baseline,1,0.0,5270,16126,32.7
1785433547.779,17:45:47,baseline,2,0.0,5270,16126,32.7
1785433547.779,17:45:47,baseline,3,0.0,5270,16126,32.7
1785433547.779,17:45:47,baseline,4,0.0,5270,16126,32.7
1785433547.779,17:45:47,baseline,5,0.0,5270,16126,32.7
1785433547.779,17:45:47,baseline,6,0.0,5270,16126,32.7
1785433547.779,17:45:47,baseline,7,0.0,5271,16126,32.7
1785433548.779,17:45:48,baseline,0,0.0,5270,16126,32.7
1785433548.779,17:45:48,baseline,1,0.0,5270,16126,32.7
1785433548.779,17:45:48,baseline,2,0.0,5270,16126,32.7
1785433548.779,17:45:48,baseline,3,0.0,5270,16126,32.7
1785433548.779,17:45:48,baseline,4,0.0,5270,16126,32.7
1785433548.779,17:45:48,baseline,5,0.0,5270,16126,32.7
1785433548.779,17:45:48,baseline,6,0.0,5270,16126,32.7
1785433548.779,17:45:48,baseline,7,0.0,5271,16126,32.7
1785433549.779,17:45:49,baseline,0,0.0,5270,16126,32.7
1785433549.779,17:45:49,baseline,1,0.0,5270,16126,32.7
1785433549.779,17:45:49,baseline,2,0.0,5270,16126,32.7
1785433549.779,17:45:49,baseline,3,0.0,5270,16126,32.7
1785433549.779,17:45:49,baseline,4,0.0,5270,16126,32.7
1785433549.779,17:45:49,baseline,5,0.0,5270,16126,32.7
1785433549.779,17:45:49,baseline,6,0.0,5270,16126,32.7
1785433549.779,17:45:49,baseline,7,0.0,5271,16126,32.7
1785433550.779,17:45:50,baseline,0,0.0,5270,16126,32.7
1785433550.779,17:45:50,baseline,1,0.0,5270,16126,32.7
1785433550.779,17:45:50,baseline,2,0.0,5270,16126,32.7
1785433550.779,17:45:50,baseline,3,0.0,5270,16126,32.7
1785433550.779,17:45:50,baseline,4,0.0,5270,16126,32.7
1785433550.779,17:45:50,baseline,5,0.0,5270,16126,32.7
1785433550.779,17:45:50,baseline,6,0.0,5270,16126,32.7
1785433550.779,17:45:50,baseline,7,0.0,5271,16126,32.7
1785433551.779,17:45:51,baseline,0,0.0,5270,16126,32.7
1785433551.779,17:45:51,baseline,1,0.0,5270,16126,32.7
1785433551.779,17:45:51,baseline,2,0.0,5270,16126,32.7
1785433551.779,17:45:51,baseline,3,0.0,5270,16126,32.7
1785433551.779,17:45:51,baseline,4,0.0,5270,16126,32.7
1785433551.779,17:45:51,baseline,5,0.0,5270,16126,32.7
1785433551.779,17:45:51,baseline,6,0.0,5270,16126,32.7
1785433551.779,17:45:51,baseline,7,0.0,5271,16126,32.7
1785433552.78,17:45:52,baseline,0,0.0,5270,16126,32.7
1785433552.78,17:45:52,baseline,1,0.0,5270,16126,32.7
1785433552.78,17:45:52,baseline,2,0.0,5270,16126,32.7
1785433552.78,17:45:52,baseline,3,0.0,5270,16126,32.7
1785433552.78,17:45:52,baseline,4,0.0,5270,16126,32.7
1785433552.78,17:45:52,baseline,5,0.0,5270,16126,32.7
1785433552.78,17:45:52,baseline,6,0.0,5270,16126,32.7
1785433552.78,17:45:52,baseline,7,0.0,5271,16126,32.7
1785433553.78,17:45:53,baseline,0,0.0,5270,16126,32.7
1785433553.78,17:45:53,baseline,1,0.0,5270,16126,32.7
1785433553.78,17:45:53,baseline,2,0.0,5270,16126,32.7
1785433553.78,17:45:53,baseline,3,0.0,5270,16126,32.7
1785433553.78,17:45:53,baseline,4,0.0,5270,16126,32.7
1785433553.78,17:45:53,baseline,5,0.0,5270,16126,32.7
1785433553.78,17:45:53,baseline,6,0.0,5270,16126,32.7
1785433553.78,17:45:53,baseline,7,0.0,5271,16126,32.7
1785433554.78,17:45:54,baseline,0,0.0,5270,16126,32.7
1785433554.78,17:45:54,baseline,1,0.0,5270,16126,32.7
1785433554.78,17:45:54,baseline,2,0.0,5270,16126,32.7
1785433554.78,17:45:54,baseline,3,0.0,5270,16126,32.7
1785433554.78,17:45:54,baseline,4,0.0,5270,16126,32.7
1785433554.78,17:45:54,baseline,5,0.0,5270,16126,32.7
1785433554.78,17:45:54,baseline,6,0.0,5270,16126,32.7
1785433554.78,17:45:54,baseline,7,0.0,5271,16126,32.7
1785433555.78,17:45:55,baseline,0,0.0,5270,16126,32.7
1785433555.78,17:45:55,baseline,1,0.0,5270,16126,32.7
1785433555.78,17:45:55,baseline,2,0.0,5270,16126,32.7
1785433555.78,17:45:55,baseline,3,0.0,5270,16126,32.7
1785433555.78,17:45:55,baseline,4,0.0,5270,16126,32.7
1785433555.78,17:45:55,baseline,5,0.0,5270,16126,32.7
1785433555.78,17:45:55,baseline,6,0.0,5270,16126,32.7
1785433555.78,17:45:55,baseline,7,0.0,5271,16126,32.7
1785433556.78,17:45:56,baseline,0,0.0,5270,16126,32.7
1785433556.78,17:45:56,baseline,1,0.0,5270,16126,32.7
1785433556.78,17:45:56,baseline,2,0.0,5270,16126,32.7
1785433556.78,17:45:56,baseline,3,0.0,5270,16126,32.7
1785433556.78,17:45:56,baseline,4,0.0,5270,16126,32.7
1785433556.78,17:45:56,baseline,5,0.0,5270,16126,32.7
1785433556.78,17:45:56,baseline,6,0.0,5270,16126,32.7
1785433556.78,17:45:56,baseline,7,0.0,5271,16126,32.7
1785433557.78,17:45:57,baseline,0,0.0,5270,16126,32.7
1785433557.78,17:45:57,baseline,1,0.0,5270,16126,32.7
1785433557.78,17:45:57,baseline,2,0.0,5270,16126,32.7
1785433557.78,17:45:57,baseline,3,0.0,5270,16126,32.7
1785433557.78,17:45:57,baseline,4,0.0,5270,16126,32.7
1785433557.78,17:45:57,baseline,5,0.0,5270,16126,32.7
1785433557.78,17:45:57,baseline,6,0.0,5270,16126,32.7
1785433557.78,17:45:57,baseline,7,0.0,5271,16126,32.7
1785433558.78,17:45:58,baseline,0,0.0,5270,16126,32.7
1785433558.78,17:45:58,baseline,1,0.0,5270,16126,32.7
1785433558.78,17:45:58,baseline,2,0.0,5270,16126,32.7
1785433558.78,17:45:58,baseline,3,0.0,5270,16126,32.7
1785433558.78,17:45:58,baseline,4,0.0,5270,16126,32.7
1785433558.78,17:45:58,baseline,5,0.0,5270,16126,32.7
1785433558.78,17:45:58,baseline,6,0.0,5270,16126,32.7
1785433558.78,17:45:58,baseline,7,0.0,5271,16126,32.7
1785433559.781,17:45:59,baseline,0,0.0,5270,16126,32.7
1785433559.781,17:45:59,baseline,1,0.0,5270,16126,32.7
1785433559.781,17:45:59,baseline,2,0.0,5270,16126,32.7
1785433559.781,17:45:59,baseline,3,0.0,5270,16126,32.7
1785433559.781,17:45:59,baseline,4,0.0,5270,16126,32.7
1785433559.781,17:45:59,baseline,5,0.0,5270,16126,32.7
1785433559.781,17:45:59,baseline,6,0.0,5270,16126,32.7
1785433559.781,17:45:59,baseline,7,0.0,5271,16126,32.7
1785433560.781,17:46:00,baseline,0,0.0,5270,16126,32.7
1785433560.781,17:46:00,baseline,1,0.0,5270,16126,32.7
1785433560.781,17:46:00,baseline,2,0.0,5270,16126,32.7
1785433560.781,17:46:00,baseline,3,0.0,5270,16126,32.7
1785433560.781,17:46:00,baseline,4,0.0,5270,16126,32.7
1785433560.781,17:46:00,baseline,5,0.0,5270,16126,32.7
1785433560.781,17:46:00,baseline,6,0.0,5270,16126,32.7
1785433560.781,17:46:00,baseline,7,0.0,5271,16126,32.7
1785433561.781,17:46:01,baseline,0,0.0,5270,16126,32.7
1785433561.781,17:46:01,baseline,1,0.0,5270,16126,32.7
1785433561.781,17:46:01,baseline,2,0.0,5270,16126,32.7
1785433561.781,17:46:01,baseline,3,0.0,5270,16126,32.7
1785433561.781,17:46:01,baseline,4,0.0,5270,16126,32.7
1785433561.781,17:46:01,baseline,5,0.0,5270,16126,32.7
1785433561.781,17:46:01,baseline,6,0.0,5270,16126,32.7
1785433561.781,17:46:01,baseline,7,0.0,5271,16126,32.7
1785433562.781,17:46:02,baseline,0,0.0,5270,16126,32.7
1785433562.781,17:46:02,baseline,1,0.0,5270,16126,32.7
1785433562.781,17:46:02,baseline,2,0.0,5270,16126,32.7
1785433562.781,17:46:02,baseline,3,0.0,5270,16126,32.7
1785433562.781,17:46:02,baseline,4,0.0,5270,16126,32.7
1785433562.781,17:46:02,baseline,5,0.0,5270,16126,32.7
1785433562.781,17:46:02,baseline,6,0.0,5270,16126,32.7
1785433562.781,17:46:02,baseline,7,0.0,5271,16126,32.7
1785433563.781,17:46:03,baseline,0,0.0,5270,16126,32.7
1785433563.781,17:46:03,baseline,1,0.0,5270,16126,32.7
1785433563.781,17:46:03,baseline,2,0.0,5270,16126,32.7
1785433563.781,17:46:03,baseline,3,0.0,5270,16126,32.7
1785433563.781,17:46:03,baseline,4,0.0,5270,16126,32.7
1785433563.781,17:46:03,baseline,5,0.0,5270,16126,32.7
1785433563.781,17:46:03,baseline,6,0.0,5270,16126,32.7
1785433563.781,17:46:03,baseline,7,0.0,5271,16126,32.7
1785433564.781,17:46:04,baseline,0,0.0,5270,16126,32.7
1785433564.781,17:46:04,baseline,1,0.0,5270,16126,32.7
1785433564.781,17:46:04,baseline,2,0.0,5270,16126,32.7
1785433564.781,17:46:04,baseline,3,0.0,5270,16126,32.7
1785433564.781,17:46:04,baseline,4,0.0,5270,16126,32.7
1785433564.781,17:46:04,baseline,5,0.0,5270,16126,32.7
1785433564.781,17:46:04,baseline,6,0.0,5270,16126,32.7
1785433564.781,17:46:04,baseline,7,0.0,5271,16126,32.7
1785433565.781,17:46:05,baseline,0,0.0,5270,16126,32.7
1785433565.781,17:46:05,baseline,1,0.0,5270,16126,32.7
1785433565.781,17:46:05,baseline,2,0.0,5270,16126,32.7
1785433565.781,17:46:05,baseline,3,0.0,5270,16126,32.7
1785433565.781,17:46:05,baseline,4,0.0,5270,16126,32.7
1785433565.781,17:46:05,baseline,5,0.0,5270,16126,32.7
1785433565.781,17:46:05,baseline,6,0.0,5270,16126,32.7
1785433565.781,17:46:05,baseline,7,0.0,5271,16126,32.7
1785433566.782,17:46:06,baseline,0,0.0,5270,16126,32.7
1785433566.782,17:46:06,baseline,1,0.0,5270,16126,32.7
1785433566.782,17:46:06,baseline,2,0.0,5270,16126,32.7
1785433566.782,17:46:06,baseline,3,0.0,5270,16126,32.7
1785433566.782,17:46:06,baseline,4,0.0,5270,16126,32.7
1785433566.782,17:46:06,baseline,5,0.0,5270,16126,32.7
1785433566.782,17:46:06,baseline,6,0.0,5270,16126,32.7
1785433566.782,17:46:06,baseline,7,0.0,5271,16126,32.7
1785433567.782,17:46:07,baseline,0,0.0,5270,16126,32.7
1785433567.782,17:46:07,baseline,1,0.0,5270,16126,32.7
1785433567.782,17:46:07,baseline,2,0.0,5270,16126,32.7
1785433567.782,17:46:07,baseline,3,0.0,5270,16126,32.7
1785433567.782,17:46:07,baseline,4,0.0,5270,16126,32.7
1785433567.782,17:46:07,baseline,5,0.0,5270,16126,32.7
1785433567.782,17:46:07,baseline,6,0.0,5270,16126,32.7
1785433567.782,17:46:07,baseline,7,0.0,5271,16126,32.7
1785433568.782,17:46:08,baseline,0,0.0,5270,16126,32.7
1785433568.782,17:46:08,baseline,1,0.0,5270,16126,32.7
1785433568.782,17:46:08,baseline,2,0.0,5270,16126,32.7
1785433568.782,17:46:08,baseline,3,0.0,5270,16126,32.7
1785433568.782,17:46:08,baseline,4,0.0,5270,16126,32.7
1785433568.782,17:46:08,baseline,5,0.0,5270,16126,32.7
1785433568.782,17:46:08,baseline,6,0.0,5270,16126,32.7
1785433568.782,17:46:08,baseline,7,0.0,5271,16126,32.7
1785433569.782,17:46:09,baseline,0,0.0,5270,16126,32.7
1785433569.782,17:46:09,baseline,1,0.0,5270,16126,32.7
1785433569.782,17:46:09,baseline,2,0.0,5270,16126,32.7
1785433569.782,17:46:09,baseline,3,0.0,5270,16126,32.7
1785433569.782,17:46:09,baseline,4,0.0,5270,16126,32.7
1785433569.782,17:46:09,baseline,5,0.0,5270,16126,32.7
1785433569.782,17:46:09,baseline,6,0.0,5270,16126,32.7
1785433569.782,17:46:09,baseline,7,0.0,5271,16126,32.7
1785433570.782,17:46:10,baseline,0,0.0,5270,16126,32.7
1785433570.782,17:46:10,baseline,1,0.0,5270,16126,32.7
1785433570.782,17:46:10,baseline,2,0.0,5270,16126,32.7
1785433570.782,17:46:10,baseline,3,0.0,5270,16126,32.7
1785433570.782,17:46:10,baseline,4,0.0,5270,16126,32.7
1785433570.782,17:46:10,baseline,5,0.0,5270,16126,32.7
1785433570.782,17:46:10,baseline,6,0.0,5270,16126,32.7
1785433570.782,17:46:10,baseline,7,0.0,5271,16126,32.7
1785433571.782,17:46:11,baseline,0,0.0,5270,16126,32.7
1785433571.782,17:46:11,baseline,1,0.0,5270,16126,32.7
1785433571.782,17:46:11,baseline,2,0.0,5270,16126,32.7
1785433571.782,17:46:11,baseline,3,0.0,5270,16126,32.7
1785433571.782,17:46:11,baseline,4,0.0,5270,16126,32.7
1785433571.782,17:46:11,baseline,5,0.0,5270,16126,32.7
1785433571.782,17:46:11,baseline,6,0.0,5270,16126,32.7
1785433571.782,17:46:11,baseline,7,0.0,5271,16126,32.7
1785433572.782,17:46:12,baseline,0,0.0,5270,16126,32.7
1785433572.782,17:46:12,baseline,1,0.0,5270,16126,32.7
1785433572.782,17:46:12,baseline,2,0.0,5270,16126,32.7
1785433572.782,17:46:12,baseline,3,0.0,5270,16126,32.7
1785433572.782,17:46:12,baseline,4,0.0,5270,16126,32.7
1785433572.782,17:46:12,baseline,5,0.0,5270,16126,32.7
1785433572.782,17:46:12,baseline,6,0.0,5270,16126,32.7
1785433572.782,17:46:12,baseline,7,0.0,5271,16126,32.7
1785433573.782,17:46:13,baseline,0,0.0,5270,16126,32.7
1785433573.782,17:46:13,baseline,1,0.0,5270,16126,32.7
1785433573.782,17:46:13,baseline,2,0.0,5270,16126,32.7
1785433573.782,17:46:13,baseline,3,0.0,5270,16126,32.7
1785433573.782,17:46:13,baseline,4,0.0,5270,16126,32.7
1785433573.782,17:46:13,baseline,5,0.0,5270,16126,32.7
1785433573.782,17:46:13,baseline,6,0.0,5270,16126,32.7
1785433573.782,17:46:13,baseline,7,0.0,5271,16126,32.7
1785433574.783,17:46:14,baseline,0,0.0,5270,16126,32.7
1785433574.783,17:46:14,baseline,1,0.0,5270,16126,32.7
1785433574.783,17:46:14,baseline,2,0.0,5270,16126,32.7
1785433574.783,17:46:14,baseline,3,0.0,5270,16126,32.7
1785433574.783,17:46:14,baseline,4,0.0,5270,16126,32.7
1785433574.783,17:46:14,baseline,5,0.0,5270,16126,32.7
1785433574.783,17:46:14,baseline,6,0.0,5270,16126,32.7
1785433574.783,17:46:14,baseline,7,0.0,5271,16126,32.7
1785433575.783,17:46:15,baseline,0,0.0,5270,16126,32.7
1785433575.783,17:46:15,baseline,1,0.0,5270,16126,32.7
1785433575.783,17:46:15,baseline,2,0.0,5270,16126,32.7
1785433575.783,17:46:15,baseline,3,0.0,5270,16126,32.7
1785433575.783,17:46:15,baseline,4,0.0,5270,16126,32.7
1785433575.783,17:46:15,baseline,5,0.0,5270,16126,32.7
1785433575.783,17:46:15,baseline,6,0.0,5270,16126,32.7
1785433575.783,17:46:15,baseline,7,0.0,5271,16126,32.7
1785433576.783,17:46:16,baseline,0,0.0,5270,16126,32.7
1785433576.783,17:46:16,baseline,1,0.0,5270,16126,32.7
1785433576.783,17:46:16,baseline,2,0.0,5270,16126,32.7
1785433576.783,17:46:16,baseline,3,0.0,5270,16126,32.7
1785433576.783,17:46:16,baseline,4,0.0,5270,16126,32.7
1785433576.783,17:46:16,baseline,5,0.0,5270,16126,32.7
1785433576.783,17:46:16,baseline,6,0.0,5270,16126,32.7
1785433576.783,17:46:16,baseline,7,0.0,5271,16126,32.7
1785433577.783,17:46:17,baseline,0,0.0,5270,16126,32.7
1785433577.783,17:46:17,baseline,1,0.0,5270,16126,32.7
1785433577.783,17:46:17,baseline,2,0.0,5270,16126,32.7
1785433577.783,17:46:17,baseline,3,0.0,5270,16126,32.7
1785433577.783,17:46:17,baseline,4,0.0,5270,16126,32.7
1785433577.783,17:46:17,baseline,5,0.0,5270,16126,32.7
1785433577.783,17:46:17,baseline,6,0.0,5270,16126,32.7
1785433577.783,17:46:17,baseline,7,0.0,5271,16126,32.7
1785433578.783,17:46:18,baseline,0,0.0,5270,16126,32.7
1785433578.783,17:46:18,baseline,1,0.0,5270,16126,32.7
1785433578.783,17:46:18,baseline,2,0.0,5270,16126,32.7
1785433578.783,17:46:18,baseline,3,0.0,5270,16126,32.7
1785433578.783,17:46:18,baseline,4,0.0,5270,16126,32.7
1785433578.783,17:46:18,baseline,5,0.0,5270,16126,32.7
1785433578.783,17:46:18,baseline,6,0.0,5270,16126,32.7
1785433578.783,17:46:18,baseline,7,0.0,5271,16126,32.7
1785433579.783,17:46:19,baseline,0,0.0,5270,16126,32.7
1785433579.783,17:46:19,baseline,1,0.0,5270,16126,32.7
1785433579.783,17:46:19,baseline,2,0.0,5270,16126,32.7
1785433579.783,17:46:19,baseline,3,0.0,5270,16126,32.7
1785433579.783,17:46:19,baseline,4,0.0,5270,16126,32.7
1785433579.783,17:46:19,baseline,5,0.0,5270,16126,32.7
1785433579.783,17:46:19,baseline,6,0.0,5270,16126,32.7
1785433579.783,17:46:19,baseline,7,0.0,5271,16126,32.7
1785433580.783,17:46:20,baseline,0,0.0,5270,16126,32.7
1785433580.783,17:46:20,baseline,1,0.0,5270,16126,32.7
1785433580.783,17:46:20,baseline,2,0.0,5270,16126,32.7
1785433580.783,17:46:20,baseline,3,0.0,5270,16126,32.7
1785433580.783,17:46:20,baseline,4,0.0,5270,16126,32.7
1785433580.783,17:46:20,baseline,5,0.0,5270,16126,32.7
1785433580.783,17:46:20,baseline,6,0.0,5270,16126,32.7
1785433580.783,17:46:20,baseline,7,0.0,5271,16126,32.7
1785433581.784,17:46:21,baseline,0,0.0,5270,16126,32.7
1785433581.784,17:46:21,baseline,1,0.0,5270,16126,32.7
1785433581.784,17:46:21,baseline,2,0.0,5270,16126,32.7
1785433581.784,17:46:21,baseline,3,0.0,5270,16126,32.7
1785433581.784,17:46:21,baseline,4,0.0,5270,16126,32.7
1785433581.784,17:46:21,baseline,5,0.0,5270,16126,32.7
1785433581.784,17:46:21,baseline,6,0.0,5270,16126,32.7
1785433581.784,17:46:21,baseline,7,0.0,5271,16126,32.7
1785433582.784,17:46:22,baseline,0,0.0,5270,16126,32.7
1785433582.784,17:46:22,baseline,1,0.0,5270,16126,32.7
1785433582.784,17:46:22,baseline,2,0.0,5270,16126,32.7
1785433582.784,17:46:22,baseline,3,0.0,5270,16126,32.7
1785433582.784,17:46:22,baseline,4,0.0,5270,16126,32.7
1785433582.784,17:46:22,baseline,5,0.0,5270,16126,32.7
1785433582.784,17:46:22,baseline,6,0.0,5270,16126,32.7
1785433582.784,17:46:22,baseline,7,0.0,5271,16126,32.7
1785433583.784,17:46:23,baseline,0,0.0,5270,16126,32.7
1785433583.784,17:46:23,baseline,1,0.0,5270,16126,32.7
1785433583.784,17:46:23,baseline,2,0.0,5270,16126,32.7
1785433583.784,17:46:23,baseline,3,0.0,5270,16126,32.7
1785433583.784,17:46:23,baseline,4,0.0,5270,16126,32.7
1785433583.784,17:46:23,baseline,5,0.0,5270,16126,32.7
1785433583.784,17:46:23,baseline,6,0.0,5270,16126,32.7
1785433583.784,17:46:23,baseline,7,0.0,5271,16126,32.7
1785433584.784,17:46:24,baseline,0,0.0,5270,16126,32.7
1785433584.784,17:46:24,baseline,1,0.0,5270,16126,32.7
1785433584.784,17:46:24,baseline,2,0.0,5270,16126,32.7
1785433584.784,17:46:24,baseline,3,0.0,5270,16126,32.7
1785433584.784,17:46:24,baseline,4,0.0,5270,16126,32.7
1785433584.784,17:46:24,baseline,5,0.0,5270,16126,32.7
1785433584.784,17:46:24,baseline,6,0.0,5270,16126,32.7
1785433584.784,17:46:24,baseline,7,0.0,5271,16126,32.7
1785433585.784,17:46:25,baseline,0,0.0,5270,16126,32.7
1785433585.784,17:46:25,baseline,1,0.0,5270,16126,32.7
1785433585.784,17:46:25,baseline,2,0.0,5270,16126,32.7
1785433585.784,17:46:25,baseline,3,0.0,5270,16126,32.7
1785433585.784,17:46:25,baseline,4,0.0,5270,16126,32.7
1785433585.784,17:46:25,baseline,5,0.0,5270,16126,32.7
1785433585.784,17:46:25,baseline,6,0.0,5270,16126,32.7
1785433585.784,17:46:25,baseline,7,0.0,5271,16126,32.7
1785433586.784,17:46:26,baseline,0,0.0,5270,16126,32.7
1785433586.784,17:46:26,baseline,1,0.0,5270,16126,32.7
1785433586.784,17:46:26,baseline,2,0.0,5270,16126,32.7
1785433586.784,17:46:26,baseline,3,0.0,5270,16126,32.7
1785433586.784,17:46:26,baseline,4,0.0,5270,16126,32.7
1785433586.784,17:46:26,baseline,5,0.0,5270,16126,32.7
1785433586.784,17:46:26,baseline,6,0.0,5270,16126,32.7
1785433586.784,17:46:26,baseline,7,0.0,5271,16126,32.7
1785433587.784,17:46:27,baseline,0,0.0,5270,16126,32.7
1785433587.784,17:46:27,baseline,1,0.0,5270,16126,32.7
1785433587.784,17:46:27,baseline,2,0.0,5270,16126,32.7
1785433587.784,17:46:27,baseline,3,0.0,5270,16126,32.7
1785433587.784,17:46:27,baseline,4,0.0,5270,16126,32.7
1785433587.784,17:46:27,baseline,5,0.0,5270,16126,32.7
1785433587.784,17:46:27,baseline,6,0.0,5270,16126,32.7
1785433587.784,17:46:27,baseline,7,0.0,5271,16126,32.7
1785433588.784,17:46:28,baseline,0,0.0,5270,16126,32.7
1785433588.784,17:46:28,baseline,1,0.0,5270,16126,32.7
1785433588.784,17:46:28,baseline,2,0.0,5270,16126,32.7
1785433588.784,17:46:28,baseline,3,0.0,5270,16126,32.7
1785433588.784,17:46:28,baseline,4,0.0,5270,16126,32.7
1785433588.784,17:46:28,baseline,5,0.0,5270,16126,32.7
1785433588.784,17:46:28,baseline,6,0.0,5270,16126,32.7
1785433588.784,17:46:28,baseline,7,0.0,5271,16126,32.7
1785433589.785,17:46:29,baseline,0,0.0,5270,16126,32.7
1785433589.785,17:46:29,baseline,1,0.0,5270,16126,32.7
1785433589.785,17:46:29,baseline,2,0.0,5270,16126,32.7
1785433589.785,17:46:29,baseline,3,0.0,5270,16126,32.7
1785433589.785,17:46:29,baseline,4,0.0,5270,16126,32.7
1785433589.785,17:46:29,baseline,5,0.0,5270,16126,32.7
1785433589.785,17:46:29,baseline,6,0.0,5270,16126,32.7
1785433589.785,17:46:29,baseline,7,0.0,5271,16126,32.7
1785433590.785,17:46:30,baseline,0,0.0,5270,16126,32.7
1785433590.785,17:46:30,baseline,1,0.0,5270,16126,32.7
1785433590.785,17:46:30,baseline,2,0.0,5270,16126,32.7
1785433590.785,17:46:30,baseline,3,0.0,5270,16126,32.7
1785433590.785,17:46:30,baseline,4,0.0,5270,16126,32.7
1785433590.785,17:46:30,baseline,5,0.0,5270,16126,32.7
1785433590.785,17:46:30,baseline,6,0.0,5270,16126,32.7
1785433590.785,17:46:30,baseline,7,0.0,5271,16126,32.7
1785433591.785,17:46:31,baseline,0,0.0,5270,16126,32.7
1785433591.785,17:46:31,baseline,1,0.0,5270,16126,32.7
1785433591.785,17:46:31,baseline,2,0.0,5270,16126,32.7
1785433591.785,17:46:31,baseline,3,0.0,5270,16126,32.7
1785433591.785,17:46:31,baseline,4,0.0,5270,16126,32.7
1785433591.785,17:46:31,baseline,5,0.0,5270,16126,32.7
1785433591.785,17:46:31,baseline,6,0.0,5270,16126,32.7
1785433591.785,17:46:31,baseline,7,0.0,5271,16126,32.7
1785433592.785,17:46:32,baseline,0,0.0,5270,16126,32.7
1785433592.785,17:46:32,baseline,1,0.0,5270,16126,32.7
1785433592.785,17:46:32,baseline,2,0.0,5270,16126,32.7
1785433592.785,17:46:32,baseline,3,0.0,5270,16126,32.7
1785433592.785,17:46:32,baseline,4,0.0,5270,16126,32.7
1785433592.785,17:46:32,baseline,5,0.0,5270,16126,32.7
1785433592.785,17:46:32,baseline,6,0.0,5270,16126,32.7
1785433592.785,17:46:32,baseline,7,0.0,5271,16126,32.7
1785433593.785,17:46:33,baseline,0,0.0,5270,16126,32.7
1785433593.785,17:46:33,baseline,1,0.0,5270,16126,32.7
1785433593.785,17:46:33,baseline,2,0.0,5270,16126,32.7
1785433593.785,17:46:33,baseline,3,0.0,5270,16126,32.7
1785433593.785,17:46:33,baseline,4,0.0,5270,16126,32.7
1785433593.785,17:46:33,baseline,5,0.0,5270,16126,32.7
1785433593.785,17:46:33,baseline,6,0.0,5270,16126,32.7
1785433593.785,17:46:33,baseline,7,0.0,5271,16126,32.7
1785433594.785,17:46:34,baseline,0,0.0,5270,16126,32.7
1785433594.785,17:46:34,baseline,1,0.0,5270,16126,32.7
1785433594.785,17:46:34,baseline,2,0.0,5270,16126,32.7
1785433594.785,17:46:34,baseline,3,0.0,5270,16126,32.7
1785433594.785,17:46:34,baseline,4,0.0,5270,16126,32.7
1785433594.785,17:46:34,baseline,5,0.0,5270,16126,32.7
1785433594.785,17:46:34,baseline,6,0.0,5270,16126,32.7
1785433594.785,17:46:34,baseline,7,0.0,5271,16126,32.7
1785433595.785,17:46:35,baseline,0,0.0,5270,16126,32.7
1785433595.785,17:46:35,baseline,1,0.0,5270,16126,32.7
1785433595.785,17:46:35,baseline,2,0.0,5270,16126,32.7
1785433595.785,17:46:35,baseline,3,0.0,5270,16126,32.7
1785433595.785,17:46:35,baseline,4,0.0,5270,16126,32.7
1785433595.785,17:46:35,baseline,5,0.0,5270,16126,32.7
1785433595.785,17:46:35,baseline,6,0.0,5270,16126,32.7
1785433595.785,17:46:35,baseline,7,0.0,5271,16126,32.7
1785433596.786,17:46:36,baseline,0,0.0,5270,16126,32.7
1785433596.786,17:46:36,baseline,1,0.0,5270,16126,32.7
1785433596.786,17:46:36,baseline,2,0.0,5270,16126,32.7
1785433596.786,17:46:36,baseline,3,0.0,5270,16126,32.7
1785433596.786,17:46:36,baseline,4,0.0,5270,16126,32.7
1785433596.786,17:46:36,baseline,5,0.0,5270,16126,32.7
1785433596.786,17:46:36,baseline,6,0.0,5270,16126,32.7
1785433596.786,17:46:36,baseline,7,0.0,5271,16126,32.7
1785433597.786,17:46:37,baseline,0,0.0,5270,16126,32.7
1785433597.786,17:46:37,baseline,1,0.0,5270,16126,32.7
1785433597.786,17:46:37,baseline,2,0.0,5270,16126,32.7
1785433597.786,17:46:37,baseline,3,0.0,5270,16126,32.7
1785433597.786,17:46:37,baseline,4,0.0,5270,16126,32.7
1785433597.786,17:46:37,baseline,5,0.0,5270,16126,32.7
1785433597.786,17:46:37,baseline,6,0.0,5270,16126,32.7
1785433597.786,17:46:37,baseline,7,0.0,5271,16126,32.7
1785433598.786,17:46:38,baseline,0,0.0,5270,16126,32.7
1785433598.786,17:46:38,baseline,1,0.0,5270,16126,32.7
1785433598.786,17:46:38,baseline,2,0.0,5270,16126,32.7
1785433598.786,17:46:38,baseline,3,0.0,5270,16126,32.7
1785433598.786,17:46:38,baseline,4,0.0,5270,16126,32.7
1785433598.786,17:46:38,baseline,5,0.0,5270,16126,32.7
1785433598.786,17:46:38,baseline,6,0.0,5270,16126,32.7
1785433598.786,17:46:38,baseline,7,0.0,5271,16126,32.7
1785433599.786,17:46:39,baseline,0,0.0,5270,16126,32.7
1785433599.786,17:46:39,baseline,1,0.0,5270,16126,32.7
1785433599.786,17:46:39,baseline,2,0.0,5270,16126,32.7
1785433599.786,17:46:39,baseline,3,0.0,5270,16126,32.7
1785433599.786,17:46:39,baseline,4,0.0,5270,16126,32.7
1785433599.786,17:46:39,baseline,5,0.0,5270,16126,32.7
1785433599.786,17:46:39,baseline,6,0.0,5270,16126,32.7
1785433599.786,17:46:39,baseline,7,0.0,5271,16126,32.7
1785433600.786,17:46:40,baseline,0,0.0,5270,16126,32.7
1785433600.786,17:46:40,baseline,1,0.0,5270,16126,32.7
1785433600.786,17:46:40,baseline,2,0.0,5270,16126,32.7
1785433600.786,17:46:40,baseline,3,0.0,5270,16126,32.7
1785433600.786,17:46:40,baseline,4,0.0,5270,16126,32.7
1785433600.786,17:46:40,baseline,5,0.0,5270,16126,32.7
1785433600.786,17:46:40,baseline,6,0.0,5270,16126,32.7
1785433600.786,17:46:40,baseline,7,0.0,5271,16126,32.7
1785433601.787,17:46:41,baseline,0,0.0,5270,16126,32.7
1785433601.787,17:46:41,baseline,1,0.0,5270,16126,32.7
1785433601.787,17:46:41,baseline,2,0.0,5270,16126,32.7
1785433601.787,17:46:41,baseline,3,0.0,5270,16126,32.7
1785433601.787,17:46:41,baseline,4,0.0,5270,16126,32.7
1785433601.787,17:46:41,baseline,5,0.0,5270,16126,32.7
1785433601.787,17:46:41,baseline,6,0.0,5270,16126,32.7
1785433601.787,17:46:41,baseline,7,0.0,5271,16126,32.7
1785433602.787,17:46:42,baseline,0,0.0,5270,16126,32.7
1785433602.787,17:46:42,baseline,1,0.0,5270,16126,32.7
1785433602.787,17:46:42,baseline,2,0.0,5270,16126,32.7
1785433602.787,17:46:42,baseline,3,0.0,5270,16126,32.7
1785433602.787,17:46:42,baseline,4,0.0,5270,16126,32.7
1785433602.787,17:46:42,baseline,5,0.0,5270,16126,32.7
1785433602.787,17:46:42,baseline,6,0.0,5270,16126,32.7
1785433602.787,17:46:42,baseline,7,0.0,5271,16126,32.7
1785433603.787,17:46:43,baseline,0,0.0,5270,16126,32.7
1785433603.787,17:46:43,baseline,1,0.0,5270,16126,32.7
1785433603.787,17:46:43,baseline,2,0.0,5270,16126,32.7
1785433603.787,17:46:43,baseline,3,0.0,5270,16126,32.7
1785433603.787,17:46:43,baseline,4,0.0,5270,16126,32.7
1785433603.787,17:46:43,baseline,5,0.0,5270,16126,32.7
1785433603.787,17:46:43,baseline,6,0.0,5270,16126,32.7
1785433603.787,17:46:43,baseline,7,0.0,5271,16126,32.7
1785433604.787,17:46:44,baseline,0,0.0,5270,16126,32.7
1785433604.787,17:46:44,baseline,1,0.0,5270,16126,32.7
1785433604.787,17:46:44,baseline,2,0.0,5270,16126,32.7
1785433604.787,17:46:44,baseline,3,0.0,5270,16126,32.7
1785433604.787,17:46:44,baseline,4,0.0,5270,16126,32.7
1785433604.787,17:46:44,baseline,5,0.0,5270,16126,32.7
1785433604.787,17:46:44,baseline,6,0.0,5270,16126,32.7
1785433604.787,17:46:44,baseline,7,0.0,5271,16126,32.7
1785433605.787,17:46:45,baseline,0,0.0,5270,16126,32.7
1785433605.787,17:46:45,baseline,1,0.0,5270,16126,32.7
1785433605.787,17:46:45,baseline,2,0.0,5270,16126,32.7
1785433605.787,17:46:45,baseline,3,0.0,5270,16126,32.7
1785433605.787,17:46:45,baseline,4,0.0,5270,16126,32.7
1785433605.787,17:46:45,baseline,5,0.0,5270,16126,32.7
1785433605.787,17:46:45,baseline,6,0.0,5270,16126,32.7
1785433605.787,17:46:45,baseline,7,0.0,5271,16126,32.7
1785433606.787,17:46:46,baseline,0,0.0,5270,16126,32.7
1785433606.787,17:46:46,baseline,1,0.0,5270,16126,32.7
1785433606.787,17:46:46,baseline,2,0.0,5270,16126,32.7
1785433606.787,17:46:46,baseline,3,0.0,5270,16126,32.7
1785433606.787,17:46:46,baseline,4,0.0,5270,16126,32.7
1785433606.787,17:46:46,baseline,5,0.0,5270,16126,32.7
1785433606.787,17:46:46,baseline,6,0.0,5270,16126,32.7
1785433606.787,17:46:46,baseline,7,0.0,5271,16126,32.7
1785433607.787,17:46:47,baseline,0,0.0,5270,16126,32.7
1785433607.787,17:46:47,baseline,1,0.0,5270,16126,32.7
1785433607.787,17:46:47,baseline,2,0.0,5270,16126,32.7
1785433607.787,17:46:47,baseline,3,0.0,5270,16126,32.7
1785433607.787,17:46:47,baseline,4,0.0,5270,16126,32.7
1785433607.787,17:46:47,baseline,5,0.0,5270,16126,32.7
1785433607.787,17:46:47,baseline,6,0.0,5270,16126,32.7
1785433607.787,17:46:47,baseline,7,0.0,5271,16126,32.7
1785433608.787,17:46:48,baseline,0,0.0,5270,16126,32.7
1785433608.787,17:46:48,baseline,1,0.0,5270,16126,32.7
1785433608.787,17:46:48,baseline,2,0.0,5270,16126,32.7
1785433608.787,17:46:48,baseline,3,0.0,5270,16126,32.7
1785433608.787,17:46:48,baseline,4,0.0,5270,16126,32.7
1785433608.787,17:46:48,baseline,5,0.0,5270,16126,32.7
1785433608.787,17:46:48,baseline,6,0.0,5270,16126,32.7
1785433608.787,17:46:48,baseline,7,0.0,5271,16126,32.7
1785433609.788,17:46:49,baseline,0,0.0,5270,16126,32.7
1785433609.788,17:46:49,baseline,1,0.0,5270,16126,32.7
1785433609.788,17:46:49,baseline,2,0.0,5270,16126,32.7
1785433609.788,17:46:49,baseline,3,0.0,5270,16126,32.7
1785433609.788,17:46:49,baseline,4,0.0,5270,16126,32.7
1785433609.788,17:46:49,baseline,5,0.0,5270,16126,32.7
1785433609.788,17:46:49,baseline,6,0.0,5270,16126,32.7
1785433609.788,17:46:49,baseline,7,0.0,5271,16126,32.7
1785433610.788,17:46:50,baseline,0,0.0,5270,16126,32.7
1785433610.788,17:46:50,baseline,1,0.0,5270,16126,32.7
1785433610.788,17:46:50,baseline,2,0.0,5270,16126,32.7
1785433610.788,17:46:50,baseline,3,0.0,5270,16126,32.7
1785433610.788,17:46:50,baseline,4,0.0,5270,16126,32.7
1785433610.788,17:46:50,baseline,5,0.0,5270,16126,32.7
1785433610.788,17:46:50,baseline,6,0.0,5270,16126,32.7
1785433610.788,17:46:50,baseline,7,0.0,5271,16126,32.7
1785433611.788,17:46:51,baseline,0,0.0,5270,16126,32.7
1785433611.788,17:46:51,baseline,1,0.0,5270,16126,32.7
1785433611.788,17:46:51,baseline,2,0.0,5270,16126,32.7
1785433611.788,17:46:51,baseline,3,0.0,5270,16126,32.7
1785433611.788,17:46:51,baseline,4,0.0,5270,16126,32.7
1785433611.788,17:46:51,baseline,5,0.0,5270,16126,32.7
1785433611.788,17:46:51,baseline,6,0.0,5270,16126,32.7
1785433611.788,17:46:51,baseline,7,0.0,5271,16126,32.7
1785433612.788,17:46:52,baseline,0,0.0,5270,16126,32.7
1785433612.788,17:46:52,baseline,1,0.0,5270,16126,32.7
1785433612.788,17:46:52,baseline,2,0.0,5270,16126,32.7
1785433612.788,17:46:52,baseline,3,0.0,5270,16126,32.7
1785433612.788,17:46:52,baseline,4,0.0,5270,16126,32.7
1785433612.788,17:46:52,baseline,5,0.0,5270,16126,32.7
1785433612.788,17:46:52,baseline,6,0.0,5270,16126,32.7
1785433612.788,17:46:52,baseline,7,0.0,5271,16126,32.7
1785433613.788,17:46:53,baseline,0,0.0,5270,16126,32.7
1785433613.788,17:46:53,baseline,1,0.0,5270,16126,32.7
1785433613.788,17:46:53,baseline,2,0.0,5270,16126,32.7
1785433613.788,17:46:53,baseline,3,0.0,5270,16126,32.7
1785433613.788,17:46:53,baseline,4,0.0,5270,16126,32.7
1785433613.788,17:46:53,baseline,5,0.0,5270,16126,32.7
1785433613.788,17:46:53,baseline,6,0.0,5270,16126,32.7
1785433613.788,17:46:53,baseline,7,0.0,5271,16126,32.7
1785433614.788,17:46:54,baseline,0,0.0,5270,16126,32.7
1785433614.788,17:46:54,baseline,1,0.0,5270,16126,32.7
1785433614.788,17:46:54,baseline,2,0.0,5270,16126,32.7
1785433614.788,17:46:54,baseline,3,0.0,5270,16126,32.7
1785433614.788,17:46:54,baseline,4,0.0,5270,16126,32.7
1785433614.788,17:46:54,baseline,5,0.0,5270,16126,32.7
1785433614.788,17:46:54,baseline,6,0.0,5270,16126,32.7
1785433614.788,17:46:54,baseline,7,0.0,5271,16126,32.7
1785433615.788,17:46:55,baseline,0,0.0,5270,16126,32.7
1785433615.788,17:46:55,baseline,1,0.0,5270,16126,32.7
1785433615.788,17:46:55,baseline,2,0.0,5270,16126,32.7
1785433615.788,17:46:55,baseline,3,0.0,5270,16126,32.7
1785433615.788,17:46:55,baseline,4,0.0,5270,16126,32.7
1785433615.788,17:46:55,baseline,5,0.0,5270,16126,32.7
1785433615.788,17:46:55,baseline,6,0.0,5270,16126,32.7
1785433615.788,17:46:55,baseline,7,0.0,5271,16126,32.7
1785433616.789,17:46:56,baseline,0,0.0,5270,16126,32.7
1785433616.789,17:46:56,baseline,1,0.0,5270,16126,32.7
1785433616.789,17:46:56,baseline,2,0.0,5270,16126,32.7
1785433616.789,17:46:56,baseline,3,0.0,5270,16126,32.7
1785433616.789,17:46:56,baseline,4,0.0,5270,16126,32.7
1785433616.789,17:46:56,baseline,5,0.0,5270,16126,32.7
1785433616.789,17:46:56,baseline,6,0.0,5270,16126,32.7
1785433616.789,17:46:56,baseline,7,0.0,5271,16126,32.7
1785433617.789,17:46:57,baseline,0,0.0,5270,16126,32.7
1785433617.789,17:46:57,baseline,1,0.0,5270,16126,32.7
1785433617.789,17:46:57,baseline,2,0.0,5270,16126,32.7
1785433617.789,17:46:57,baseline,3,0.0,5270,16126,32.7
1785433617.789,17:46:57,baseline,4,0.0,5270,16126,32.7
1785433617.789,17:46:57,baseline,5,0.0,5270,16126,32.7
1785433617.789,17:46:57,baseline,6,0.0,5270,16126,32.7
1785433617.789,17:46:57,baseline,7,0.0,5271,16126,32.7
1785433618.789,17:46:58,baseline,0,0.0,5270,16126,32.7
1785433618.789,17:46:58,baseline,1,0.0,5270,16126,32.7
1785433618.789,17:46:58,baseline,2,0.0,5270,16126,32.7
1785433618.789,17:46:58,baseline,3,0.0,5270,16126,32.7
1785433618.789,17:46:58,baseline,4,0.0,5270,16126,32.7
1785433618.789,17:46:58,baseline,5,0.0,5270,16126,32.7
1785433618.789,17:46:58,baseline,6,0.0,5270,16126,32.7
1785433618.789,17:46:58,baseline,7,0.0,5271,16126,32.7
1785433619.789,17:46:59,baseline,0,0.0,5270,16126,32.7
1785433619.789,17:46:59,baseline,1,0.0,5270,16126,32.7
1785433619.789,17:46:59,baseline,2,0.0,5270,16126,32.7
1785433619.789,17:46:59,baseline,3,0.0,5270,16126,32.7
1785433619.789,17:46:59,baseline,4,0.0,5270,16126,32.7
1785433619.789,17:46:59,baseline,5,0.0,5270,16126,32.7
1785433619.789,17:46:59,baseline,6,0.0,5270,16126,32.7
1785433619.789,17:46:59,baseline,7,0.0,5271,16126,32.7
1785433620.789,17:47:00,baseline,0,0.0,5270,16126,32.7
1785433620.789,17:47:00,baseline,1,0.0,5270,16126,32.7
1785433620.789,17:47:00,baseline,2,0.0,5270,16126,32.7
1785433620.789,17:47:00,baseline,3,0.0,5270,16126,32.7
1785433620.789,17:47:00,baseline,4,0.0,5270,16126,32.7
1785433620.789,17:47:00,baseline,5,0.0,5270,16126,32.7
1785433620.789,17:47:00,baseline,6,0.0,5270,16126,32.7
1785433620.789,17:47:00,baseline,7,0.0,5271,16126,32.7
1785433621.789,17:47:01,baseline,0,0.0,5270,16126,32.7
1785433621.789,17:47:01,baseline,1,0.0,5270,16126,32.7
1785433621.789,17:47:01,baseline,2,0.0,5270,16126,32.7
1785433621.789,17:47:01,baseline,3,0.0,5270,16126,32.7
1785433621.789,17:47:01,baseline,4,0.0,5270,16126,32.7
1785433621.789,17:47:01,baseline,5,0.0,5270,16126,32.7
1785433621.789,17:47:01,baseline,6,0.0,5270,16126,32.7
1785433621.789,17:47:01,baseline,7,0.0,5271,16126,32.7
1785433622.789,17:47:02,baseline,0,0.0,5270,16126,32.7
1785433622.789,17:47:02,baseline,1,0.0,5270,16126,32.7
1785433622.789,17:47:02,baseline,2,0.0,5270,16126,32.7
1785433622.789,17:47:02,baseline,3,0.0,5270,16126,32.7
1785433622.789,17:47:02,baseline,4,0.0,5270,16126,32.7
1785433622.789,17:47:02,baseline,5,0.0,5270,16126,32.7
1785433622.789,17:47:02,baseline,6,0.0,5270,16126,32.7
1785433622.789,17:47:02,baseline,7,0.0,5271,16126,32.7
1785433623.789,17:47:03,baseline,0,0.0,5270,16126,32.7
1785433623.789,17:47:03,baseline,1,0.0,5270,16126,32.7
1785433623.789,17:47:03,baseline,2,0.0,5270,16126,32.7
1785433623.789,17:47:03,baseline,3,0.0,5270,16126,32.7
1785433623.789,17:47:03,baseline,4,0.0,5270,16126,32.7
1785433623.789,17:47:03,baseline,5,0.0,5270,16126,32.7
1785433623.789,17:47:03,baseline,6,0.0,5270,16126,32.7
1785433623.789,17:47:03,baseline,7,0.0,5271,16126,32.7
1785433624.79,17:47:04,baseline,0,0.0,5270,16126,32.7
1785433624.79,17:47:04,baseline,1,0.0,5270,16126,32.7
1785433624.79,17:47:04,baseline,2,0.0,5270,16126,32.7
1785433624.79,17:47:04,baseline,3,0.0,5270,16126,32.7
1785433624.79,17:47:04,baseline,4,0.0,5270,16126,32.7
1785433624.79,17:47:04,baseline,5,0.0,5270,16126,32.7
1785433624.79,17:47:04,baseline,6,0.0,5270,16126,32.7
1785433624.79,17:47:04,baseline,7,0.0,5271,16126,32.7
1785433625.79,17:47:05,baseline,0,0.0,5270,16126,32.7
1785433625.79,17:47:05,baseline,1,0.0,5270,16126,32.7
1785433625.79,17:47:05,baseline,2,0.0,5270,16126,32.7
1785433625.79,17:47:05,baseline,3,0.0,5270,16126,32.7
1785433625.79,17:47:05,baseline,4,0.0,5270,16126,32.7
1785433625.79,17:47:05,baseline,5,0.0,5270,16126,32.7
1785433625.79,17:47:05,baseline,6,0.0,5270,16126,32.7
1785433625.79,17:47:05,baseline,7,0.0,5271,16126,32.7
1785433626.79,17:47:06,baseline,0,0.0,5270,16126,32.7
1785433626.79,17:47:06,baseline,1,0.0,5270,16126,32.7
1785433626.79,17:47:06,baseline,2,0.0,5270,16126,32.7
1785433626.79,17:47:06,baseline,3,0.0,5270,16126,32.7
1785433626.79,17:47:06,baseline,4,0.0,5270,16126,32.7
1785433626.79,17:47:06,baseline,5,0.0,5270,16126,32.7
1785433626.79,17:47:06,baseline,6,0.0,5270,16126,32.7
1785433626.79,17:47:06,baseline,7,0.0,5271,16126,32.7
1785433627.79,17:47:07,baseline,0,0.0,5270,16126,32.7
1785433627.79,17:47:07,baseline,1,0.0,5270,16126,32.7
1785433627.79,17:47:07,baseline,2,0.0,5270,16126,32.7
1785433627.79,17:47:07,baseline,3,0.0,5270,16126,32.7
1785433627.79,17:47:07,baseline,4,0.0,5270,16126,32.7
1785433627.79,17:47:07,baseline,5,0.0,5270,16126,32.7
1785433627.79,17:47:07,baseline,6,0.0,5270,16126,32.7
1785433627.79,17:47:07,baseline,7,0.0,5271,16126,32.7
1785433628.79,17:47:08,baseline,0,0.0,5270,16126,32.7
1785433628.79,17:47:08,baseline,1,0.0,5270,16126,32.7
1785433628.79,17:47:08,baseline,2,0.0,5270,16126,32.7
1785433628.79,17:47:08,baseline,3,0.0,5270,16126,32.7
1785433628.79,17:47:08,baseline,4,0.0,5270,16126,32.7
1785433628.79,17:47:08,baseline,5,0.0,5270,16126,32.7
1785433628.79,17:47:08,baseline,6,0.0,5270,16126,32.7
1785433628.79,17:47:08,baseline,7,0.0,5271,16126,32.7
1785433629.79,17:47:09,baseline,0,0.0,5270,16126,32.7
1785433629.79,17:47:09,baseline,1,0.0,5270,16126,32.7
1785433629.79,17:47:09,baseline,2,0.0,5270,16126,32.7
1785433629.79,17:47:09,baseline,3,0.0,5270,16126,32.7
1785433629.79,17:47:09,baseline,4,0.0,5270,16126,32.7
1785433629.79,17:47:09,baseline,5,0.0,5270,16126,32.7
1785433629.79,17:47:09,baseline,6,0.0,5270,16126,32.7
1785433629.79,17:47:09,baseline,7,0.0,5271,16126,32.7
1785433630.791,17:47:10,baseline,0,0.0,5270,16126,32.7
1785433630.791,17:47:10,baseline,1,0.0,5270,16126,32.7
1785433630.791,17:47:10,baseline,2,0.0,5270,16126,32.7
1785433630.791,17:47:10,baseline,3,0.0,5270,16126,32.7
1785433630.791,17:47:10,baseline,4,0.0,5270,16126,32.7
1785433630.791,17:47:10,baseline,5,0.0,5270,16126,32.7
1785433630.791,17:47:10,baseline,6,0.0,5270,16126,32.7
1785433630.791,17:47:10,baseline,7,0.0,5271,16126,32.7
1785433631.791,17:47:11,baseline,0,0.0,5270,16126,32.7
1785433631.791,17:47:11,baseline,1,0.0,5270,16126,32.7
1785433631.791,17:47:11,baseline,2,0.0,5270,16126,32.7
1785433631.791,17:47:11,baseline,3,0.0,5270,16126,32.7
1785433631.791,17:47:11,baseline,4,0.0,5270,16126,32.7
1785433631.791,17:47:11,baseline,5,0.0,5270,16126,32.7
1785433631.791,17:47:11,baseline,6,0.0,5270,16126,32.7
1785433631.791,17:47:11,baseline,7,0.0,5271,16126,32.7
1785433632.791,17:47:12,baseline,0,0.0,5270,16126,32.7
1785433632.791,17:47:12,baseline,1,0.0,5270,16126,32.7
1785433632.791,17:47:12,baseline,2,0.0,5270,16126,32.7
1785433632.791,17:47:12,baseline,3,0.0,5270,16126,32.7
1785433632.791,17:47:12,baseline,4,0.0,5270,16126,32.7
1785433632.791,17:47:12,baseline,5,0.0,5270,16126,32.7
1785433632.791,17:47:12,baseline,6,0.0,5270,16126,32.7
1785433632.791,17:47:12,baseline,7,0.0,5271,16126,32.7
1785433633.791,17:47:13,baseline,0,0.0,5270,16126,32.7
1785433633.791,17:47:13,baseline,1,0.0,5270,16126,32.7
1785433633.791,17:47:13,baseline,2,0.0,5270,16126,32.7
1785433633.791,17:47:13,baseline,3,0.0,5270,16126,32.7
1785433633.791,17:47:13,baseline,4,0.0,5270,16126,32.7
1785433633.791,17:47:13,baseline,5,0.0,5270,16126,32.7
1785433633.791,17:47:13,baseline,6,0.0,5270,16126,32.7
1785433633.791,17:47:13,baseline,7,0.0,5271,16126,32.7
1785433634.791,17:47:14,baseline,0,0.0,5270,16126,32.7
1785433634.791,17:47:14,baseline,1,0.0,5270,16126,32.7
1785433634.791,17:47:14,baseline,2,0.0,5270,16126,32.7
1785433634.791,17:47:14,baseline,3,0.0,5270,16126,32.7
1785433634.791,17:47:14,baseline,4,0.0,5270,16126,32.7
1785433634.791,17:47:14,baseline,5,0.0,5270,16126,32.7
1785433634.791,17:47:14,baseline,6,0.0,5270,16126,32.7
1785433634.791,17:47:14,baseline,7,0.0,5271,16126,32.7
1785433635.791,17:47:15,baseline,0,0.0,5270,16126,32.7
1785433635.791,17:47:15,baseline,1,0.0,5270,16126,32.7
1785433635.791,17:47:15,baseline,2,0.0,5270,16126,32.7
1785433635.791,17:47:15,baseline,3,0.0,5270,16126,32.7
1785433635.791,17:47:15,baseline,4,0.0,5270,16126,32.7
1785433635.791,17:47:15,baseline,5,0.0,5270,16126,32.7
1785433635.791,17:47:15,baseline,6,0.0,5270,16126,32.7
1785433635.791,17:47:15,baseline,7,0.0,5271,16126,32.7
1785433636.791,17:47:16,baseline,0,0.0,5270,16126,32.7
1785433636.791,17:47:16,baseline,1,0.0,5270,16126,32.7
1785433636.791,17:47:16,baseline,2,0.0,5270,16126,32.7
1785433636.791,17:47:16,baseline,3,0.0,5270,16126,32.7
1785433636.791,17:47:16,baseline,4,0.0,5270,16126,32.7
1785433636.791,17:47:16,baseline,5,0.0,5270,16126,32.7
1785433636.791,17:47:16,baseline,6,0.0,5270,16126,32.7
1785433636.791,17:47:16,baseline,7,0.0,5271,16126,32.7
1785433637.792,17:47:17,baseline,0,0.0,5270,16126,32.7
1785433637.792,17:47:17,baseline,1,0.0,5270,16126,32.7
1785433637.792,17:47:17,baseline,2,0.0,5270,16126,32.7
1785433637.792,17:47:17,baseline,3,0.0,5270,16126,32.7
1785433637.792,17:47:17,baseline,4,0.0,5270,16126,32.7
1785433637.792,17:47:17,baseline,5,0.0,5270,16126,32.7
1785433637.792,17:47:17,baseline,6,0.0,5270,16126,32.7
1785433637.792,17:47:17,baseline,7,0.0,5271,16126,32.7
1785433638.792,17:47:18,baseline,0,0.0,5270,16126,32.7
1785433638.792,17:47:18,baseline,1,0.0,5270,16126,32.7
1785433638.792,17:47:18,baseline,2,0.0,5270,16126,32.7
1785433638.792,17:47:18,baseline,3,0.0,5270,16126,32.7
1785433638.792,17:47:18,baseline,4,0.0,5270,16126,32.7
1785433638.792,17:47:18,baseline,5,0.0,5270,16126,32.7
1785433638.792,17:47:18,baseline,6,0.0,5270,16126,32.7
1785433638.792,17:47:18,baseline,7,0.0,5271,16126,32.7
1785433639.792,17:47:19,baseline,0,0.0,5270,16126,32.7
1785433639.792,17:47:19,baseline,1,0.0,5270,16126,32.7
1785433639.792,17:47:19,baseline,2,0.0,5270,16126,32.7
1785433639.792,17:47:19,baseline,3,0.0,5270,16126,32.7
1785433639.792,17:47:19,baseline,4,0.0,5270,16126,32.7
1785433639.792,17:47:19,baseline,5,0.0,5270,16126,32.7
1785433639.792,17:47:19,baseline,6,0.0,5270,16126,32.7
1785433639.792,17:47:19,baseline,7,0.0,5271,16126,32.7
1785433640.792,17:47:20,baseline,0,0.0,5270,16126,32.7
1785433640.792,17:47:20,baseline,1,0.0,5270,16126,32.7
1785433640.792,17:47:20,baseline,2,0.0,5270,16126,32.7
1785433640.792,17:47:20,baseline,3,0.0,5270,16126,32.7
1785433640.792,17:47:20,baseline,4,0.0,5270,16126,32.7
1785433640.792,17:47:20,baseline,5,0.0,5270,16126,32.7
1785433640.792,17:47:20,baseline,6,0.0,5270,16126,32.7
1785433640.792,17:47:20,baseline,7,0.0,5271,16126,32.7
1785433641.792,17:47:21,baseline,0,0.0,5270,16126,32.7
1785433641.792,17:47:21,baseline,1,0.0,5270,16126,32.7
1785433641.792,17:47:21,baseline,2,0.0,5270,16126,32.7
1785433641.792,17:47:21,baseline,3,0.0,5270,16126,32.7
1785433641.792,17:47:21,baseline,4,0.0,5270,16126,32.7
1785433641.792,17:47:21,baseline,5,0.0,5270,16126,32.7
1785433641.792,17:47:21,baseline,6,0.0,5270,16126,32.7
1785433641.792,17:47:21,baseline,7,0.0,5271,16126,32.7
1785433642.792,17:47:22,baseline,0,0.0,5270,16126,32.7
1785433642.792,17:47:22,baseline,1,0.0,5270,16126,32.7
1785433642.792,17:47:22,baseline,2,0.0,5270,16126,32.7
1785433642.792,17:47:22,baseline,3,0.0,5270,16126,32.7
1785433642.792,17:47:22,baseline,4,0.0,5270,16126,32.7
1785433642.792,17:47:22,baseline,5,0.0,5270,16126,32.7
1785433642.792,17:47:22,baseline,6,0.0,5270,16126,32.7
1785433642.792,17:47:22,baseline,7,0.0,5271,16126,32.7
1785433643.792,17:47:23,baseline,0,0.0,5270,16126,32.7
1785433643.792,17:47:23,baseline,1,0.0,5270,16126,32.7
1785433643.792,17:47:23,baseline,2,0.0,5270,16126,32.7
1785433643.792,17:47:23,baseline,3,0.0,5270,16126,32.7
1785433643.792,17:47:23,baseline,4,0.0,5270,16126,32.7
1785433643.792,17:47:23,baseline,5,0.0,5270,16126,32.7
1785433643.792,17:47:23,baseline,6,0.0,5270,16126,32.7
1785433643.792,17:47:23,baseline,7,0.0,5271,16126,32.7
1785433644.792,17:47:24,baseline,0,0.0,5270,16126,32.7
1785433644.792,17:47:24,baseline,1,0.0,5270,16126,32.7
1785433644.792,17:47:24,baseline,2,0.0,5270,16126,32.7
1785433644.792,17:47:24,baseline,3,0.0,5270,16126,32.7
1785433644.792,17:47:24,baseline,4,0.0,5270,16126,32.7
1785433644.792,17:47:24,baseline,5,0.0,5270,16126,32.7
1785433644.792,17:47:24,baseline,6,0.0,5270,16126,32.7
1785433644.792,17:47:24,baseline,7,0.0,5271,16126,32.7
1785433645.793,17:47:25,baseline,0,0.0,5270,16126,32.7
1785433645.793,17:47:25,baseline,1,0.0,5270,16126,32.7
1785433645.793,17:47:25,baseline,2,0.0,5270,16126,32.7
1785433645.793,17:47:25,baseline,3,0.0,5270,16126,32.7
1785433645.793,17:47:25,baseline,4,0.0,5270,16126,32.7
1785433645.793,17:47:25,baseline,5,0.0,5270,16126,32.7
1785433645.793,17:47:25,baseline,6,0.0,5270,16126,32.7
1785433645.793,17:47:25,baseline,7,0.0,5271,16126,32.7
1785433646.793,17:47:26,baseline,0,0.0,5270,16126,32.7
1785433646.793,17:47:26,baseline,1,0.0,5270,16126,32.7
1785433646.793,17:47:26,baseline,2,0.0,5270,16126,32.7
1785433646.793,17:47:26,baseline,3,0.0,5270,16126,32.7
1785433646.793,17:47:26,baseline,4,0.0,5270,16126,32.7
1785433646.793,17:47:26,baseline,5,0.0,5270,16126,32.7
1785433646.793,17:47:26,baseline,6,0.0,5270,16126,32.7
1785433646.793,17:47:26,baseline,7,0.0,5271,16126,32.7
1785433647.793,17:47:27,baseline,0,0.0,5270,16126,32.7
1785433647.793,17:47:27,baseline,1,0.0,5270,16126,32.7
1785433647.793,17:47:27,baseline,2,0.0,5270,16126,32.7
1785433647.793,17:47:27,baseline,3,0.0,5270,16126,32.7
1785433647.793,17:47:27,baseline,4,0.0,5270,16126,32.7
1785433647.793,17:47:27,baseline,5,0.0,5270,16126,32.7
1785433647.793,17:47:27,baseline,6,0.0,5270,16126,32.7
1785433647.793,17:47:27,baseline,7,0.0,5271,16126,32.7
1785433648.793,17:47:28,baseline,0,0.0,5270,16126,32.7
1785433648.793,17:47:28,baseline,1,0.0,5270,16126,32.7
1785433648.793,17:47:28,baseline,2,0.0,5270,16126,32.7
1785433648.793,17:47:28,baseline,3,0.0,5270,16126,32.7
1785433648.793,17:47:28,baseline,4,0.0,5270,16126,32.7
1785433648.793,17:47:28,baseline,5,0.0,5270,16126,32.7
1785433648.793,17:47:28,baseline,6,0.0,5270,16126,32.7
1785433648.793,17:47:28,baseline,7,0.0,5271,16126,32.7
1785433649.793,17:47:29,baseline,0,0.0,5270,16126,32.7
1785433649.793,17:47:29,baseline,1,0.0,5270,16126,32.7
1785433649.793,17:47:29,baseline,2,0.0,5270,16126,32.7
1785433649.793,17:47:29,baseline,3,0.0,5270,16126,32.7
1785433649.793,17:47:29,baseline,4,0.0,5270,16126,32.7
1785433649.793,17:47:29,baseline,5,0.0,5270,16126,32.7
1785433649.793,17:47:29,baseline,6,0.0,5270,16126,32.7
1785433649.793,17:47:29,baseline,7,0.0,5271,16126,32.7
1785433650.793,17:47:30,baseline,0,0.0,5270,16126,32.7
1785433650.793,17:47:30,baseline,1,0.0,5270,16126,32.7
1785433650.793,17:47:30,baseline,2,0.0,5270,16126,32.7
1785433650.793,17:47:30,baseline,3,0.0,5270,16126,32.7
1785433650.793,17:47:30,baseline,4,0.0,5270,16126,32.7
1785433650.793,17:47:30,baseline,5,0.0,5270,16126,32.7
1785433650.793,17:47:30,baseline,6,0.0,5270,16126,32.7
1785433650.793,17:47:30,baseline,7,0.0,5271,16126,32.7
1785433651.793,17:47:31,baseline,0,0.0,5270,16126,32.7
1785433651.793,17:47:31,baseline,1,0.0,5270,16126,32.7
1785433651.793,17:47:31,baseline,2,0.0,5270,16126,32.7
1785433651.793,17:47:31,baseline,3,0.0,5270,16126,32.7
1785433651.793,17:47:31,baseline,4,0.0,5270,16126,32.7
1785433651.793,17:47:31,baseline,5,0.0,5270,16126,32.7
1785433651.793,17:47:31,baseline,6,0.0,5270,16126,32.7
1785433651.793,17:47:31,baseline,7,0.0,5271,16126,32.7
1785433652.794,17:47:32,baseline,0,0.0,5270,16126,32.7
1785433652.794,17:47:32,baseline,1,0.0,5270,16126,32.7
1785433652.794,17:47:32,baseline,2,0.0,5270,16126,32.7
1785433652.794,17:47:32,baseline,3,0.0,5270,16126,32.7
1785433652.794,17:47:32,baseline,4,0.0,5270,16126,32.7
1785433652.794,17:47:32,baseline,5,0.0,5270,16126,32.7
1785433652.794,17:47:32,baseline,6,0.0,5270,16126,32.7
1785433652.794,17:47:32,baseline,7,0.0,5271,16126,32.7
1785433653.794,17:47:33,baseline,0,0.0,5270,16126,32.7
1785433653.794,17:47:33,baseline,1,0.0,5270,16126,32.7
1785433653.794,17:47:33,baseline,2,0.0,5270,16126,32.7
1785433653.794,17:47:33,baseline,3,0.0,5270,16126,32.7
1785433653.794,17:47:33,baseline,4,0.0,5270,16126,32.7
1785433653.794,17:47:33,baseline,5,0.0,5270,16126,32.7
1785433653.794,17:47:33,baseline,6,0.0,5270,16126,32.7
1785433653.794,17:47:33,baseline,7,0.0,5271,16126,32.7
1785433654.794,17:47:34,baseline,0,0.0,5270,16126,32.7
1785433654.794,17:47:34,baseline,1,0.0,5270,16126,32.7
1785433654.794,17:47:34,baseline,2,0.0,5270,16126,32.7
1785433654.794,17:47:34,baseline,3,0.0,5270,16126,32.7
1785433654.794,17:47:34,baseline,4,0.0,5270,16126,32.7
1785433654.794,17:47:34,baseline,5,0.0,5270,16126,32.7
1785433654.794,17:47:34,baseline,6,0.0,5270,16126,32.7
1785433654.794,17:47:34,baseline,7,0.0,5271,16126,32.7
1785433655.794,17:47:35,baseline,0,0.0,5270,16126,32.7
1785433655.794,17:47:35,baseline,1,0.0,5270,16126,32.7
1785433655.794,17:47:35,baseline,2,0.0,5270,16126,32.7
1785433655.794,17:47:35,baseline,3,0.0,5270,16126,32.7
1785433655.794,17:47:35,baseline,4,0.0,5270,16126,32.7
1785433655.794,17:47:35,baseline,5,0.0,5270,16126,32.7
1785433655.794,17:47:35,baseline,6,0.0,5270,16126,32.7
1785433655.794,17:47:35,baseline,7,0.0,5271,16126,32.7
1785433656.794,17:47:36,baseline,0,0.0,5270,16126,32.7
1785433656.794,17:47:36,baseline,1,0.0,5270,16126,32.7
1785433656.794,17:47:36,baseline,2,0.0,5270,16126,32.7
1785433656.794,17:47:36,baseline,3,0.0,5270,16126,32.7
1785433656.794,17:47:36,baseline,4,0.0,5270,16126,32.7
1785433656.794,17:47:36,baseline,5,0.0,5270,16126,32.7
1785433656.794,17:47:36,baseline,6,0.0,5270,16126,32.7
1785433656.794,17:47:36,baseline,7,0.0,5271,16126,32.7
1785433657.795,17:47:37,baseline,0,0.0,5270,16126,32.7
1785433657.795,17:47:37,baseline,1,0.0,5270,16126,32.7
1785433657.795,17:47:37,baseline,2,0.0,5270,16126,32.7
1785433657.795,17:47:37,baseline,3,0.0,5270,16126,32.7
1785433657.795,17:47:37,baseline,4,0.0,5270,16126,32.7
1785433657.795,17:47:37,baseline,5,0.0,5270,16126,32.7
1785433657.795,17:47:37,baseline,6,0.0,5270,16126,32.7
1785433657.795,17:47:37,baseline,7,0.0,5271,16126,32.7
1785433658.795,17:47:38,baseline,0,0.0,5270,16126,32.7
1785433658.795,17:47:38,baseline,1,0.0,5270,16126,32.7
1785433658.795,17:47:38,baseline,2,0.0,5270,16126,32.7
1785433658.795,17:47:38,baseline,3,0.0,5270,16126,32.7
1785433658.795,17:47:38,baseline,4,0.0,5270,16126,32.7
1785433658.795,17:47:38,baseline,5,0.0,5270,16126,32.7
1785433658.795,17:47:38,baseline,6,0.0,5270,16126,32.7
1785433658.795,17:47:38,baseline,7,0.0,5271,16126,32.7
1785433659.795,17:47:39,baseline,0,0.0,5270,16126,32.7
1785433659.795,17:47:39,baseline,1,0.0,5270,16126,32.7
1785433659.795,17:47:39,baseline,2,0.0,5270,16126,32.7
1785433659.795,17:47:39,baseline,3,0.0,5270,16126,32.7
1785433659.795,17:47:39,baseline,4,0.0,5270,16126,32.7
1785433659.795,17:47:39,baseline,5,0.0,5270,16126,32.7
1785433659.795,17:47:39,baseline,6,0.0,5270,16126,32.7
1785433659.795,17:47:39,baseline,7,0.0,5271,16126,32.7
1785433660.795,17:47:40,baseline,0,0.0,5270,16126,32.7
1785433660.795,17:47:40,baseline,1,0.0,5270,16126,32.7
1785433660.795,17:47:40,baseline,2,0.0,5270,16126,32.7
1785433660.795,17:47:40,baseline,3,0.0,5270,16126,32.7
1785433660.795,17:47:40,baseline,4,0.0,5270,16126,32.7
1785433660.795,17:47:40,baseline,5,0.0,5270,16126,32.7
1785433660.795,17:47:40,baseline,6,0.0,5270,16126,32.7
1785433660.795,17:47:40,baseline,7,0.0,5271,16126,32.7
1785433661.795,17:47:41,baseline,0,0.0,5270,16126,32.7
1785433661.795,17:47:41,baseline,1,0.0,5270,16126,32.7
1785433661.795,17:47:41,baseline,2,0.0,5270,16126,32.7
1785433661.795,17:47:41,baseline,3,0.0,5270,16126,32.7
1785433661.795,17:47:41,baseline,4,0.0,5270,16126,32.7
1785433661.795,17:47:41,baseline,5,0.0,5270,16126,32.7
1785433661.795,17:47:41,baseline,6,0.0,5270,16126,32.7
1785433661.795,17:47:41,baseline,7,0.0,5271,16126,32.7
1785433662.795,17:47:42,baseline,0,0.0,5270,16126,32.7
1785433662.795,17:47:42,baseline,1,0.0,5270,16126,32.7
1785433662.795,17:47:42,baseline,2,0.0,5270,16126,32.7
1785433662.795,17:47:42,baseline,3,0.0,5270,16126,32.7
1785433662.795,17:47:42,baseline,4,0.0,5270,16126,32.7
1785433662.795,17:47:42,baseline,5,0.0,5270,16126,32.7
1785433662.795,17:47:42,baseline,6,0.0,5270,16126,32.7
1785433662.795,17:47:42,baseline,7,0.0,5271,16126,32.7
1785433663.795,17:47:43,baseline,0,0.0,5270,16126,32.7
1785433663.795,17:47:43,baseline,1,0.0,5270,16126,32.7
1785433663.795,17:47:43,baseline,2,0.0,5270,16126,32.7
1785433663.795,17:47:43,baseline,3,0.0,5270,16126,32.7
1785433663.795,17:47:43,baseline,4,0.0,5270,16126,32.7
1785433663.795,17:47:43,baseline,5,0.0,5270,16126,32.7
1785433663.795,17:47:43,baseline,6,0.0,5270,16126,32.7
1785433663.795,17:47:43,baseline,7,0.0,5271,16126,32.7
1785433664.796,17:47:44,baseline,0,0.0,5270,16126,32.7
1785433664.796,17:47:44,baseline,1,0.0,5270,16126,32.7
1785433664.796,17:47:44,baseline,2,0.0,5270,16126,32.7
1785433664.796,17:47:44,baseline,3,0.0,5270,16126,32.7
1785433664.796,17:47:44,baseline,4,0.0,5270,16126,32.7
1785433664.796,17:47:44,baseline,5,0.0,5270,16126,32.7
1785433664.796,17:47:44,baseline,6,0.0,5270,16126,32.7
1785433664.796,17:47:44,baseline,7,0.0,5271,16126,32.7
1785433665.796,17:47:45,baseline,0,0.0,5270,16126,32.7
1785433665.796,17:47:45,baseline,1,0.0,5270,16126,32.7
1785433665.796,17:47:45,baseline,2,0.0,5270,16126,32.7
1785433665.796,17:47:45,baseline,3,0.0,5270,16126,32.7
1785433665.796,17:47:45,baseline,4,0.0,5270,16126,32.7
1785433665.796,17:47:45,baseline,5,0.0,5270,16126,32.7
1785433665.796,17:47:45,baseline,6,0.0,5270,16126,32.7
1785433665.796,17:47:45,baseline,7,0.0,5271,16126,32.7
1785433666.796,17:47:46,baseline,0,0.0,5270,16126,32.7
1785433666.796,17:47:46,baseline,1,0.0,5270,16126,32.7
1785433666.796,17:47:46,baseline,2,0.0,5270,16126,32.7
1785433666.796,17:47:46,baseline,3,0.0,5270,16126,32.7
1785433666.796,17:47:46,baseline,4,0.0,5270,16126,32.7
1785433666.796,17:47:46,baseline,5,0.0,5270,16126,32.7
1785433666.796,17:47:46,baseline,6,0.0,5270,16126,32.7
1785433666.796,17:47:46,baseline,7,0.0,5271,16126,32.7
1785433667.796,17:47:47,baseline,0,0.0,5270,16126,32.7
1785433667.796,17:47:47,baseline,1,0.0,5270,16126,32.7
1785433667.796,17:47:47,baseline,2,0.0,5270,16126,32.7
1785433667.796,17:47:47,baseline,3,0.0,5270,16126,32.7
1785433667.796,17:47:47,baseline,4,0.0,5270,16126,32.7
1785433667.796,17:47:47,baseline,5,0.0,5270,16126,32.7
1785433667.796,17:47:47,baseline,6,0.0,5270,16126,32.7
1785433667.796,17:47:47,baseline,7,0.0,5271,16126,32.7
1785433668.796,17:47:48,baseline,0,0.0,5270,16126,32.7
1785433668.796,17:47:48,baseline,1,0.0,5270,16126,32.7
1785433668.796,17:47:48,baseline,2,0.0,5270,16126,32.7
1785433668.796,17:47:48,baseline,3,0.0,5270,16126,32.7
1785433668.796,17:47:48,baseline,4,0.0,5270,16126,32.7
1785433668.796,17:47:48,baseline,5,0.0,5270,16126,32.7
1785433668.796,17:47:48,baseline,6,0.0,5270,16126,32.7
1785433668.796,17:47:48,baseline,7,0.0,5271,16126,32.7
1785433669.796,17:47:49,baseline,0,0.0,5270,16126,32.7
1785433669.796,17:47:49,baseline,1,0.0,5270,16126,32.7
1785433669.796,17:47:49,baseline,2,0.0,5270,16126,32.7
1785433669.796,17:47:49,baseline,3,0.0,5270,16126,32.7
1785433669.796,17:47:49,baseline,4,0.0,5270,16126,32.7
1785433669.796,17:47:49,baseline,5,0.0,5270,16126,32.7
1785433669.796,17:47:49,baseline,6,0.0,5270,16126,32.7
1785433669.796,17:47:49,baseline,7,0.0,5271,16126,32.7
1785433670.796,17:47:50,baseline,0,0.0,5270,16126,32.7
1785433670.796,17:47:50,baseline,1,0.0,5270,16126,32.7
1785433670.796,17:47:50,baseline,2,0.0,5270,16126,32.7
1785433670.796,17:47:50,baseline,3,0.0,5270,16126,32.7
1785433670.796,17:47:50,baseline,4,0.0,5270,16126,32.7
1785433670.796,17:47:50,baseline,5,0.0,5270,16126,32.7
1785433670.796,17:47:50,baseline,6,0.0,5270,16126,32.7
1785433670.796,17:47:50,baseline,7,0.0,5271,16126,32.7
1785433671.797,17:47:51,baseline,0,0.0,5270,16126,32.7
1785433671.797,17:47:51,baseline,1,0.0,5270,16126,32.7
1785433671.797,17:47:51,baseline,2,0.0,5270,16126,32.7
1785433671.797,17:47:51,baseline,3,0.0,5270,16126,32.7
1785433671.797,17:47:51,baseline,4,0.0,5270,16126,32.7
1785433671.797,17:47:51,baseline,5,0.0,5270,16126,32.7
1785433671.797,17:47:51,baseline,6,0.0,5270,16126,32.7
1785433671.797,17:47:51,baseline,7,0.0,5271,16126,32.7
1785433672.797,17:47:52,baseline,0,0.0,5270,16126,32.7
1785433672.797,17:47:52,baseline,1,0.0,5270,16126,32.7
1785433672.797,17:47:52,baseline,2,0.0,5270,16126,32.7
1785433672.797,17:47:52,baseline,3,0.0,5270,16126,32.7
1785433672.797,17:47:52,baseline,4,0.0,5270,16126,32.7
1785433672.797,17:47:52,baseline,5,0.0,5270,16126,32.7
1785433672.797,17:47:52,baseline,6,0.0,5270,16126,32.7
1785433672.797,17:47:52,baseline,7,0.0,5271,16126,32.7
1785433673.797,17:47:53,baseline,0,0.0,5270,16126,32.7
1785433673.797,17:47:53,baseline,1,0.0,5270,16126,32.7
1785433673.797,17:47:53,baseline,2,0.0,5270,16126,32.7
1785433673.797,17:47:53,baseline,3,0.0,5270,16126,32.7
1785433673.797,17:47:53,baseline,4,0.0,5270,16126,32.7
1785433673.797,17:47:53,baseline,5,0.0,5270,16126,32.7
1785433673.797,17:47:53,baseline,6,0.0,5270,16126,32.7
1785433673.797,17:47:53,baseline,7,0.0,5271,16126,32.7
1785433674.797,17:47:54,baseline,0,0.0,5270,16126,32.7
1785433674.797,17:47:54,baseline,1,0.0,5270,16126,32.7
1785433674.797,17:47:54,baseline,2,0.0,5270,16126,32.7
1785433674.797,17:47:54,baseline,3,0.0,5270,16126,32.7
1785433674.797,17:47:54,baseline,4,0.0,5270,16126,32.7
1785433674.797,17:47:54,baseline,5,0.0,5270,16126,32.7
1785433674.797,17:47:54,baseline,6,0.0,5270,16126,32.7
1785433674.797,17:47:54,baseline,7,0.0,5271,16126,32.7
1785433675.797,17:47:55,baseline,0,0.0,5270,16126,32.7
1785433675.797,17:47:55,baseline,1,0.0,5270,16126,32.7
1785433675.797,17:47:55,baseline,2,0.0,5270,16126,32.7
1785433675.797,17:47:55,baseline,3,0.0,5270,16126,32.7
1785433675.797,17:47:55,baseline,4,0.0,5270,16126,32.7
1785433675.797,17:47:55,baseline,5,0.0,5270,16126,32.7
1785433675.797,17:47:55,baseline,6,0.0,5270,16126,32.7
1785433675.797,17:47:55,baseline,7,0.0,5271,16126,32.7
1785433676.797,17:47:56,baseline,0,0.0,5270,16126,32.7
1785433676.797,17:47:56,baseline,1,0.0,5270,16126,32.7
1785433676.797,17:47:56,baseline,2,0.0,5270,16126,32.7
1785433676.797,17:47:56,baseline,3,0.0,5270,16126,32.7
1785433676.797,17:47:56,baseline,4,0.0,5270,16126,32.7
1785433676.797,17:47:56,baseline,5,0.0,5270,16126,32.7
1785433676.797,17:47:56,baseline,6,0.0,5270,16126,32.7
1785433676.797,17:47:56,baseline,7,0.0,5271,16126,32.7
1785433677.798,17:47:57,baseline,0,0.0,5270,16126,32.7
1785433677.798,17:47:57,baseline,1,0.0,5270,16126,32.7
1785433677.798,17:47:57,baseline,2,0.0,5270,16126,32.7
1785433677.798,17:47:57,baseline,3,0.0,5270,16126,32.7
1785433677.798,17:47:57,baseline,4,0.0,5270,16126,32.7
1785433677.798,17:47:57,baseline,5,0.0,5270,16126,32.7
1785433677.798,17:47:57,baseline,6,0.0,5270,16126,32.7
1785433677.798,17:47:57,baseline,7,0.0,5271,16126,32.7
1785433678.798,17:47:58,baseline,0,0.0,5270,16126,32.7
1785433678.798,17:47:58,baseline,1,0.0,5270,16126,32.7
1785433678.798,17:47:58,baseline,2,0.0,5270,16126,32.7
1785433678.798,17:47:58,baseline,3,0.0,5270,16126,32.7
1785433678.798,17:47:58,baseline,4,0.0,5270,16126,32.7
1785433678.798,17:47:58,baseline,5,0.0,5270,16126,32.7
1785433678.798,17:47:58,baseline,6,0.0,5270,16126,32.7
1785433678.798,17:47:58,baseline,7,0.0,5271,16126,32.7
1785433679.798,17:47:59,baseline,0,0.0,5270,16126,32.7
1785433679.798,17:47:59,baseline,1,0.0,5270,16126,32.7
1785433679.798,17:47:59,baseline,2,0.0,5270,16126,32.7
1785433679.798,17:47:59,baseline,3,0.0,5270,16126,32.7
1785433679.798,17:47:59,baseline,4,0.0,5270,16126,32.7
1785433679.798,17:47:59,baseline,5,0.0,5270,16126,32.7
1785433679.798,17:47:59,baseline,6,0.0,5270,16126,32.7
1785433679.798,17:47:59,baseline,7,0.0,5271,16126,32.7
1785433680.798,17:48:00,baseline,0,0.0,5270,16126,32.7
1785433680.798,17:48:00,baseline,1,0.0,5270,16126,32.7
1785433680.798,17:48:00,baseline,2,0.0,5270,16126,32.7
1785433680.798,17:48:00,baseline,3,0.0,5270,16126,32.7
1785433680.798,17:48:00,baseline,4,0.0,5270,16126,32.7
1785433680.798,17:48:00,baseline,5,0.0,5270,16126,32.7
1785433680.798,17:48:00,baseline,6,0.0,5270,16126,32.7
1785433680.798,17:48:00,baseline,7,0.0,5271,16126,32.7
1785433681.798,17:48:01,baseline,0,0.0,5270,16126,32.7
1785433681.798,17:48:01,baseline,1,0.0,5270,16126,32.7
1785433681.798,17:48:01,baseline,2,0.0,5270,16126,32.7
1785433681.798,17:48:01,baseline,3,0.0,5270,16126,32.7
1785433681.798,17:48:01,baseline,4,0.0,5270,16126,32.7
1785433681.798,17:48:01,baseline,5,0.0,5270,16126,32.7
1785433681.798,17:48:01,baseline,6,0.0,5270,16126,32.7
1785433681.798,17:48:01,baseline,7,0.0,5271,16126,32.7
1785433682.798,17:48:02,baseline,0,0.0,5270,16126,32.7
1785433682.798,17:48:02,baseline,1,0.0,5270,16126,32.7
1785433682.798,17:48:02,baseline,2,0.0,5270,16126,32.7
1785433682.798,17:48:02,baseline,3,0.0,5270,16126,32.7
1785433682.798,17:48:02,baseline,4,0.0,5270,16126,32.7
1785433682.798,17:48:02,baseline,5,0.0,5270,16126,32.7
1785433682.798,17:48:02,baseline,6,0.0,5270,16126,32.7
1785433682.798,17:48:02,baseline,7,0.0,5271,16126,32.7
1785433683.798,17:48:03,baseline,0,0.0,5270,16126,32.7
1785433683.798,17:48:03,baseline,1,0.0,5270,16126,32.7
1785433683.798,17:48:03,baseline,2,0.0,5270,16126,32.7
1785433683.798,17:48:03,baseline,3,0.0,5270,16126,32.7
1785433683.798,17:48:03,baseline,4,0.0,5270,16126,32.7
1785433683.798,17:48:03,baseline,5,0.0,5270,16126,32.7
1785433683.798,17:48:03,baseline,6,0.0,5270,16126,32.7
1785433683.798,17:48:03,baseline,7,0.0,5271,16126,32.7
1785433684.798,17:48:04,baseline,0,0.0,5270,16126,32.7
1785433684.798,17:48:04,baseline,1,0.0,5270,16126,32.7
1785433684.798,17:48:04,baseline,2,0.0,5270,16126,32.7
1785433684.798,17:48:04,baseline,3,0.0,5270,16126,32.7
1785433684.798,17:48:04,baseline,4,0.0,5270,16126,32.7
1785433684.798,17:48:04,baseline,5,0.0,5270,16126,32.7
1785433684.798,17:48:04,baseline,6,0.0,5270,16126,32.7
1785433684.798,17:48:04,baseline,7,0.0,5271,16126,32.7
1785433685.799,17:48:05,baseline,0,0.0,5270,16126,32.7
1785433685.799,17:48:05,baseline,1,0.0,5270,16126,32.7
1785433685.799,17:48:05,baseline,2,0.0,5270,16126,32.7
1785433685.799,17:48:05,baseline,3,0.0,5270,16126,32.7
1785433685.799,17:48:05,baseline,4,0.0,5270,16126,32.7
1785433685.799,17:48:05,baseline,5,0.0,5270,16126,32.7
1785433685.799,17:48:05,baseline,6,0.0,5270,16126,32.7
1785433685.799,17:48:05,baseline,7,0.0,5271,16126,32.7
1785433686.799,17:48:06,baseline,0,0.0,5270,16126,32.7
1785433686.799,17:48:06,baseline,1,0.0,5270,16126,32.7
1785433686.799,17:48:06,baseline,2,0.0,5270,16126,32.7
1785433686.799,17:48:06,baseline,3,0.0,5270,16126,32.7
1785433686.799,17:48:06,baseline,4,0.0,5270,16126,32.7
1785433686.799,17:48:06,baseline,5,0.0,5270,16126,32.7
1785433686.799,17:48:06,baseline,6,0.0,5270,16126,32.7
1785433686.799,17:48:06,baseline,7,0.0,5271,16126,32.7
1785433687.799,17:48:07,baseline,0,0.0,5270,16126,32.7
1785433687.799,17:48:07,baseline,1,0.0,5270,16126,32.7
1785433687.799,17:48:07,baseline,2,0.0,5270,16126,32.7
1785433687.799,17:48:07,baseline,3,0.0,5270,16126,32.7
1785433687.799,17:48:07,baseline,4,0.0,5270,16126,32.7
1785433687.799,17:48:07,baseline,5,0.0,5270,16126,32.7
1785433687.799,17:48:07,baseline,6,0.0,5270,16126,32.7
1785433687.799,17:48:07,baseline,7,0.0,5271,16126,32.7
1785433688.799,17:48:08,baseline,0,0.0,5270,16126,32.7
1785433688.799,17:48:08,baseline,1,0.0,5270,16126,32.7
1785433688.799,17:48:08,baseline,2,0.0,5270,16126,32.7
1785433688.799,17:48:08,baseline,3,0.0,5270,16126,32.7
1785433688.799,17:48:08,baseline,4,0.0,5270,16126,32.7
1785433688.799,17:48:08,baseline,5,0.0,5270,16126,32.7
1785433688.799,17:48:08,baseline,6,0.0,5270,16126,32.7
1785433688.799,17:48:08,baseline,7,0.0,5271,16126,32.7
1785433689.799,17:48:09,baseline,0,0.0,5270,16126,32.7
1785433689.799,17:48:09,baseline,1,0.0,5270,16126,32.7
1785433689.799,17:48:09,baseline,2,0.0,5270,16126,32.7
1785433689.799,17:48:09,baseline,3,0.0,5270,16126,32.7
1785433689.799,17:48:09,baseline,4,0.0,5270,16126,32.7
1785433689.799,17:48:09,baseline,5,0.0,5270,16126,32.7
1785433689.799,17:48:09,baseline,6,0.0,5270,16126,32.7
1785433689.799,17:48:09,baseline,7,0.0,5271,16126,32.7
1785433690.799,17:48:10,baseline,0,0.0,5270,16126,32.7
1785433690.799,17:48:10,baseline,1,0.0,5270,16126,32.7
1785433690.799,17:48:10,baseline,2,0.0,5270,16126,32.7
1785433690.799,17:48:10,baseline,3,0.0,5270,16126,32.7
1785433690.799,17:48:10,baseline,4,0.0,5270,16126,32.7
1785433690.799,17:48:10,baseline,5,0.0,5270,16126,32.7
1785433690.799,17:48:10,baseline,6,0.0,5270,16126,32.7
1785433690.799,17:48:10,baseline,7,0.0,5271,16126,32.7
1785433691.799,17:48:11,baseline,0,0.0,5270,16126,32.7
1785433691.799,17:48:11,baseline,1,0.0,5270,16126,32.7
1785433691.799,17:48:11,baseline,2,0.0,5270,16126,32.7
1785433691.799,17:48:11,baseline,3,0.0,5270,16126,32.7
1785433691.799,17:48:11,baseline,4,0.0,5270,16126,32.7
1785433691.799,17:48:11,baseline,5,0.0,5270,16126,32.7
1785433691.799,17:48:11,baseline,6,0.0,5270,16126,32.7
1785433691.799,17:48:11,baseline,7,0.0,5271,16126,32.7
1785433692.8,17:48:12,baseline,0,0.0,5270,16126,32.7
1785433692.8,17:48:12,baseline,1,0.0,5270,16126,32.7
1785433692.8,17:48:12,baseline,2,0.0,5270,16126,32.7
1785433692.8,17:48:12,baseline,3,0.0,5270,16126,32.7
1785433692.8,17:48:12,baseline,4,0.0,5270,16126,32.7
1785433692.8,17:48:12,baseline,5,0.0,5270,16126,32.7
1785433692.8,17:48:12,baseline,6,0.0,5270,16126,32.7
1785433692.8,17:48:12,baseline,7,0.0,5271,16126,32.7
1785433693.8,17:48:13,baseline,0,0.0,5270,16126,32.7
1785433693.8,17:48:13,baseline,1,0.0,5270,16126,32.7
1785433693.8,17:48:13,baseline,2,0.0,5270,16126,32.7
1785433693.8,17:48:13,baseline,3,0.0,5270,16126,32.7
1785433693.8,17:48:13,baseline,4,0.0,5270,16126,32.7
1785433693.8,17:48:13,baseline,5,0.0,5270,16126,32.7
1785433693.8,17:48:13,baseline,6,0.0,5270,16126,32.7
1785433693.8,17:48:13,baseline,7,0.0,5271,16126,32.7
1785433694.8,17:48:14,baseline,0,0.0,5270,16126,32.7
1785433694.8,17:48:14,baseline,1,0.0,5270,16126,32.7
1785433694.8,17:48:14,baseline,2,0.0,5270,16126,32.7
1785433694.8,17:48:14,baseline,3,0.0,5270,16126,32.7
1785433694.8,17:48:14,baseline,4,0.0,5270,16126,32.7
1785433694.8,17:48:14,baseline,5,0.0,5270,16126,32.7
1785433694.8,17:48:14,baseline,6,0.0,5270,16126,32.7
1785433694.8,17:48:14,baseline,7,0.0,5271,16126,32.7
1785433695.8,17:48:15,baseline,0,0.0,5270,16126,32.7
1785433695.8,17:48:15,baseline,1,0.0,5270,16126,32.7
1785433695.8,17:48:15,baseline,2,0.0,5270,16126,32.7
1785433695.8,17:48:15,baseline,3,0.0,5270,16126,32.7
1785433695.8,17:48:15,baseline,4,0.0,5270,16126,32.7
1785433695.8,17:48:15,baseline,5,0.0,5270,16126,32.7
1785433695.8,17:48:15,baseline,6,0.0,5270,16126,32.7
1785433695.8,17:48:15,baseline,7,0.0,5271,16126,32.7
1785433696.8,17:48:16,baseline,0,0.0,5270,16126,32.7
1785433696.8,17:48:16,baseline,1,0.0,5270,16126,32.7
1785433696.8,17:48:16,baseline,2,0.0,5270,16126,32.7
1785433696.8,17:48:16,baseline,3,0.0,5270,16126,32.7
1785433696.8,17:48:16,baseline,4,0.0,5270,16126,32.7
1785433696.8,17:48:16,baseline,5,0.0,5270,16126,32.7
1785433696.8,17:48:16,baseline,6,0.0,5270,16126,32.7
1785433696.8,17:48:16,baseline,7,0.0,5271,16126,32.7
1785433697.8,17:48:17,baseline,0,0.0,5270,16126,32.7
1785433697.8,17:48:17,baseline,1,0.0,5270,16126,32.7
1785433697.8,17:48:17,baseline,2,0.0,5270,16126,32.7
1785433697.8,17:48:17,baseline,3,0.0,5270,16126,32.7
1785433697.8,17:48:17,baseline,4,0.0,5270,16126,32.7
1785433697.8,17:48:17,baseline,5,0.0,5270,16126,32.7
1785433697.8,17:48:17,baseline,6,0.0,5270,16126,32.7
1785433697.8,17:48:17,baseline,7,0.0,5271,16126,32.7
1785433698.8,17:48:18,baseline,0,0.0,5270,16126,32.7
1785433698.8,17:48:18,baseline,1,0.0,5270,16126,32.7
1785433698.8,17:48:18,baseline,2,0.0,5270,16126,32.7
1785433698.8,17:48:18,baseline,3,0.0,5270,16126,32.7
1785433698.8,17:48:18,baseline,4,0.0,5270,16126,32.7
1785433698.8,17:48:18,baseline,5,0.0,5270,16126,32.7
1785433698.8,17:48:18,baseline,6,0.0,5270,16126,32.7
1785433698.8,17:48:18,baseline,7,0.0,5271,16126,32.7
1785433699.8,17:48:19,baseline,0,0.0,5270,16126,32.7
1785433699.8,17:48:19,baseline,1,0.0,5270,16126,32.7
1785433699.8,17:48:19,baseline,2,0.0,5270,16126,32.7
1785433699.8,17:48:19,baseline,3,0.0,5270,16126,32.7
1785433699.8,17:48:19,baseline,4,0.0,5270,16126,32.7
1785433699.8,17:48:19,baseline,5,0.0,5270,16126,32.7
1785433699.8,17:48:19,baseline,6,0.0,5270,16126,32.7
1785433699.8,17:48:19,baseline,7,0.0,5271,16126,32.7
1785433700.801,17:48:20,baseline,0,0.0,5270,16126,32.7
1785433700.801,17:48:20,baseline,1,0.0,5270,16126,32.7
1785433700.801,17:48:20,baseline,2,0.0,5270,16126,32.7
1785433700.801,17:48:20,baseline,3,0.0,5270,16126,32.7
1785433700.801,17:48:20,baseline,4,0.0,5270,16126,32.7
1785433700.801,17:48:20,baseline,5,0.0,5270,16126,32.7
1785433700.801,17:48:20,baseline,6,0.0,5270,16126,32.7
1785433700.801,17:48:20,baseline,7,0.0,5271,16126,32.7
1785433701.801,17:48:21,baseline,0,0.0,5270,16126,32.7
1785433701.801,17:48:21,baseline,1,0.0,5270,16126,32.7
1785433701.801,17:48:21,baseline,2,0.0,5270,16126,32.7
1785433701.801,17:48:21,baseline,3,0.0,5270,16126,32.7
1785433701.801,17:48:21,baseline,4,0.0,5270,16126,32.7
1785433701.801,17:48:21,baseline,5,0.0,5270,16126,32.7
1785433701.801,17:48:21,baseline,6,0.0,5270,16126,32.7
1785433701.801,17:48:21,baseline,7,0.0,5271,16126,32.7
1785433702.801,17:48:22,baseline,0,0.0,5270,16126,32.7
1785433702.801,17:48:22,baseline,1,0.0,5270,16126,32.7
1785433702.801,17:48:22,baseline,2,0.0,5270,16126,32.7
1785433702.801,17:48:22,baseline,3,0.0,5270,16126,32.7
1785433702.801,17:48:22,baseline,4,0.0,5270,16126,32.7
1785433702.801,17:48:22,baseline,5,0.0,5270,16126,32.7
1785433702.801,17:48:22,baseline,6,0.0,5270,16126,32.7
1785433702.801,17:48:22,baseline,7,0.0,5271,16126,32.7
1785433703.801,17:48:23,baseline,0,0.0,5270,16126,32.7
1785433703.801,17:48:23,baseline,1,0.0,5270,16126,32.7
1785433703.801,17:48:23,baseline,2,0.0,5270,16126,32.7
1785433703.801,17:48:23,baseline,3,0.0,5270,16126,32.7
1785433703.801,17:48:23,baseline,4,0.0,5270,16126,32.7
1785433703.801,17:48:23,baseline,5,0.0,5270,16126,32.7
1785433703.801,17:48:23,baseline,6,0.0,5270,16126,32.7
1785433703.801,17:48:23,baseline,7,0.0,5271,16126,32.7
1785433704.801,17:48:24,baseline,0,0.0,5270,16126,32.7
1785433704.801,17:48:24,baseline,1,0.0,5270,16126,32.7
1785433704.801,17:48:24,baseline,2,0.0,5270,16126,32.7
1785433704.801,17:48:24,baseline,3,0.0,5270,16126,32.7
1785433704.801,17:48:24,baseline,4,0.0,5270,16126,32.7
1785433704.801,17:48:24,baseline,5,0.0,5270,16126,32.7
1785433704.801,17:48:24,baseline,6,0.0,5270,16126,32.7
1785433704.801,17:48:24,baseline,7,0.0,5271,16126,32.7
1785433705.801,17:48:25,baseline,0,0.0,5270,16126,32.7
1785433705.801,17:48:25,baseline,1,0.0,5270,16126,32.7
1785433705.801,17:48:25,baseline,2,0.0,5270,16126,32.7
1785433705.801,17:48:25,baseline,3,0.0,5270,16126,32.7
1785433705.801,17:48:25,baseline,4,0.0,5270,16126,32.7
1785433705.801,17:48:25,baseline,5,0.0,5270,16126,32.7
1785433705.801,17:48:25,baseline,6,0.0,5270,16126,32.7
1785433705.801,17:48:25,baseline,7,0.0,5271,16126,32.7
1785433706.801,17:48:26,baseline,0,0.0,5270,16126,32.7
1785433706.801,17:48:26,baseline,1,0.0,5270,16126,32.7
1785433706.801,17:48:26,baseline,2,0.0,5270,16126,32.7
1785433706.801,17:48:26,baseline,3,0.0,5270,16126,32.7
1785433706.801,17:48:26,baseline,4,0.0,5270,16126,32.7
1785433706.801,17:48:26,baseline,5,0.0,5270,16126,32.7
1785433706.801,17:48:26,baseline,6,0.0,5270,16126,32.7
1785433706.801,17:48:26,baseline,7,0.0,5271,16126,32.7
1785433707.802,17:48:27,baseline,0,0.0,5270,16126,32.7
1785433707.802,17:48:27,baseline,1,0.0,5270,16126,32.7
1785433707.802,17:48:27,baseline,2,0.0,5270,16126,32.7
1785433707.802,17:48:27,baseline,3,0.0,5270,16126,32.7
1785433707.802,17:48:27,baseline,4,0.0,5270,16126,32.7
1785433707.802,17:48:27,baseline,5,0.0,5270,16126,32.7
1785433707.802,17:48:27,baseline,6,0.0,5270,16126,32.7
1785433707.802,17:48:27,baseline,7,0.0,5271,16126,32.7
1785433708.802,17:48:28,baseline,0,0.0,5270,16126,32.7
1785433708.802,17:48:28,baseline,1,0.0,5270,16126,32.7
1785433708.802,17:48:28,baseline,2,0.0,5270,16126,32.7
1785433708.802,17:48:28,baseline,3,0.0,5270,16126,32.7
1785433708.802,17:48:28,baseline,4,0.0,5270,16126,32.7
1785433708.802,17:48:28,baseline,5,0.0,5270,16126,32.7
1785433708.802,17:48:28,baseline,6,0.0,5270,16126,32.7
1785433708.802,17:48:28,baseline,7,0.0,5271,16126,32.7
1785433709.802,17:48:29,baseline,0,0.0,5270,16126,32.7
1785433709.802,17:48:29,baseline,1,0.0,5270,16126,32.7
1785433709.802,17:48:29,baseline,2,0.0,5270,16126,32.7
1785433709.802,17:48:29,baseline,3,0.0,5270,16126,32.7
1785433709.802,17:48:29,baseline,4,0.0,5270,16126,32.7
1785433709.802,17:48:29,baseline,5,0.0,5270,16126,32.7
1785433709.802,17:48:29,baseline,6,0.0,5270,16126,32.7
1785433709.802,17:48:29,baseline,7,0.0,5271,16126,32.7
1785433710.802,17:48:30,baseline,0,0.0,5270,16126,32.7
1785433710.802,17:48:30,baseline,1,0.0,5270,16126,32.7
1785433710.802,17:48:30,baseline,2,0.0,5270,16126,32.7
1785433710.802,17:48:30,baseline,3,0.0,5270,16126,32.7
1785433710.802,17:48:30,baseline,4,0.0,5270,16126,32.7
1785433710.802,17:48:30,baseline,5,0.0,5270,16126,32.7
1785433710.802,17:48:30,baseline,6,0.0,5270,16126,32.7
1785433710.802,17:48:30,baseline,7,0.0,5271,16126,32.7
1785433711.802,17:48:31,baseline,0,0.0,5270,16126,32.7
1785433711.802,17:48:31,baseline,1,0.0,5270,16126,32.7
1785433711.802,17:48:31,baseline,2,0.0,5270,16126,32.7
1785433711.802,17:48:31,baseline,3,0.0,5270,16126,32.7
1785433711.802,17:48:31,baseline,4,0.0,5270,16126,32.7
1785433711.802,17:48:31,baseline,5,0.0,5270,16126,32.7
1785433711.802,17:48:31,baseline,6,0.0,5270,16126,32.7
1785433711.802,17:48:31,baseline,7,0.0,5271,16126,32.7
1785433712.802,17:48:32,baseline,0,0.0,5270,16126,32.7
1785433712.802,17:48:32,baseline,1,0.0,5270,16126,32.7
1785433712.802,17:48:32,baseline,2,0.0,5270,16126,32.7
1785433712.802,17:48:32,baseline,3,0.0,5270,16126,32.7
1785433712.802,17:48:32,baseline,4,0.0,5270,16126,32.7
1785433712.802,17:48:32,baseline,5,0.0,5270,16126,32.7
1785433712.802,17:48:32,baseline,6,0.0,5270,16126,32.7
1785433712.802,17:48:32,baseline,7,0.0,5271,16126,32.7
1785433713.802,17:48:33,baseline,0,0.0,5270,16126,32.7
1785433713.802,17:48:33,baseline,1,0.0,5270,16126,32.7
1785433713.802,17:48:33,baseline,2,0.0,5270,16126,32.7
1785433713.802,17:48:33,baseline,3,0.0,5270,16126,32.7
1785433713.802,17:48:33,baseline,4,0.0,5270,16126,32.7
1785433713.802,17:48:33,baseline,5,0.0,5270,16126,32.7
1785433713.802,17:48:33,baseline,6,0.0,5270,16126,32.7
1785433713.802,17:48:33,baseline,7,0.0,5271,16126,32.7
1785433714.803,17:48:34,baseline,0,0.0,5270,16126,32.7
1785433714.803,17:48:34,baseline,1,0.0,5270,16126,32.7
1785433714.803,17:48:34,baseline,2,0.0,5270,16126,32.7
1785433714.803,17:48:34,baseline,3,0.0,5270,16126,32.7
1785433714.803,17:48:34,baseline,4,0.0,5270,16126,32.7
1785433714.803,17:48:34,baseline,5,0.0,5270,16126,32.7
1785433714.803,17:48:34,baseline,6,0.0,5270,16126,32.7
1785433714.803,17:48:34,baseline,7,0.0,5271,16126,32.7
1785433715.803,17:48:35,baseline,0,0.0,5270,16126,32.7
1785433715.803,17:48:35,baseline,1,0.0,5270,16126,32.7
1785433715.803,17:48:35,baseline,2,0.0,5270,16126,32.7
1785433715.803,17:48:35,baseline,3,0.0,5270,16126,32.7
1785433715.803,17:48:35,baseline,4,0.0,5270,16126,32.7
1785433715.803,17:48:35,baseline,5,0.0,5270,16126,32.7
1785433715.803,17:48:35,baseline,6,0.0,5270,16126,32.7
1785433715.803,17:48:35,baseline,7,0.0,5271,16126,32.7
1785433716.803,17:48:36,baseline,0,0.0,5270,16126,32.7
1785433716.803,17:48:36,baseline,1,0.0,5270,16126,32.7
1785433716.803,17:48:36,baseline,2,0.0,5270,16126,32.7
1785433716.803,17:48:36,baseline,3,0.0,5270,16126,32.7
1785433716.803,17:48:36,baseline,4,0.0,5270,16126,32.7
1785433716.803,17:48:36,baseline,5,0.0,5270,16126,32.7
1785433716.803,17:48:36,baseline,6,0.0,5270,16126,32.7
1785433716.803,17:48:36,baseline,7,0.0,5271,16126,32.7
1785433717.803,17:48:37,baseline,0,0.0,5270,16126,32.7
1785433717.803,17:48:37,baseline,1,0.0,5270,16126,32.7
1785433717.803,17:48:37,baseline,2,0.0,5270,16126,32.7
1785433717.803,17:48:37,baseline,3,0.0,5270,16126,32.7
1785433717.803,17:48:37,baseline,4,0.0,5270,16126,32.7
1785433717.803,17:48:37,baseline,5,0.0,5270,16126,32.7
1785433717.803,17:48:37,baseline,6,0.0,5270,16126,32.7
1785433717.803,17:48:37,baseline,7,0.0,5271,16126,32.7
1785433718.803,17:48:38,baseline,0,0.0,5270,16126,32.7
1785433718.803,17:48:38,baseline,1,0.0,5270,16126,32.7
1785433718.803,17:48:38,baseline,2,0.0,5270,16126,32.7
1785433718.803,17:48:38,baseline,3,0.0,5270,16126,32.7
1785433718.803,17:48:38,baseline,4,0.0,5270,16126,32.7
1785433718.803,17:48:38,baseline,5,0.0,5270,16126,32.7
1785433718.803,17:48:38,baseline,6,0.0,5270,16126,32.7
1785433718.803,17:48:38,baseline,7,0.0,5271,16126,32.7
1785433719.803,17:48:39,baseline,0,0.0,5270,16126,32.7
1785433719.803,17:48:39,baseline,1,0.0,5270,16126,32.7
1785433719.803,17:48:39,baseline,2,0.0,5270,16126,32.7
1785433719.803,17:48:39,baseline,3,0.0,5270,16126,32.7
1785433719.803,17:48:39,baseline,4,0.0,5270,16126,32.7
1785433719.803,17:48:39,baseline,5,0.0,5270,16126,32.7
1785433719.803,17:48:39,baseline,6,0.0,5270,16126,32.7
1785433719.803,17:48:39,baseline,7,0.0,5271,16126,32.7
1785433720.803,17:48:40,baseline,0,0.0,5270,16126,32.7
1785433720.803,17:48:40,baseline,1,0.0,5270,16126,32.7
1785433720.803,17:48:40,baseline,2,0.0,5270,16126,32.7
1785433720.803,17:48:40,baseline,3,0.0,5270,16126,32.7
1785433720.803,17:48:40,baseline,4,0.0,5270,16126,32.7
1785433720.803,17:48:40,baseline,5,0.0,5270,16126,32.7
1785433720.803,17:48:40,baseline,6,0.0,5270,16126,32.7
1785433720.803,17:48:40,baseline,7,0.0,5271,16126,32.7
1785433721.804,17:48:41,baseline,0,0.0,5270,16126,32.7
1785433721.804,17:48:41,baseline,1,0.0,5270,16126,32.7
1785433721.804,17:48:41,baseline,2,0.0,5270,16126,32.7
1785433721.804,17:48:41,baseline,3,0.0,5270,16126,32.7
1785433721.804,17:48:41,baseline,4,0.0,5270,16126,32.7
1785433721.804,17:48:41,baseline,5,0.0,5270,16126,32.7
1785433721.804,17:48:41,baseline,6,0.0,5270,16126,32.7
1785433721.804,17:48:41,baseline,7,0.0,5271,16126,32.7
1785433722.804,17:48:42,baseline,0,0.0,5270,16126,32.7
1785433722.804,17:48:42,baseline,1,0.0,5270,16126,32.7
1785433722.804,17:48:42,baseline,2,0.0,5270,16126,32.7
1785433722.804,17:48:42,baseline,3,0.0,5270,16126,32.7
1785433722.804,17:48:42,baseline,4,0.0,5270,16126,32.7
1785433722.804,17:48:42,baseline,5,0.0,5270,16126,32.7
1785433722.804,17:48:42,baseline,6,0.0,5270,16126,32.7
1785433722.804,17:48:42,baseline,7,0.0,5271,16126,32.7
1785433723.804,17:48:43,baseline,0,0.0,5270,16126,32.7
1785433723.804,17:48:43,baseline,1,0.0,5270,16126,32.7
1785433723.804,17:48:43,baseline,2,0.0,5270,16126,32.7
1785433723.804,17:48:43,baseline,3,0.0,5270,16126,32.7
1785433723.804,17:48:43,baseline,4,0.0,5270,16126,32.7
1785433723.804,17:48:43,baseline,5,0.0,5270,16126,32.7
1785433723.804,17:48:43,baseline,6,0.0,5270,16126,32.7
1785433723.804,17:48:43,baseline,7,0.0,5271,16126,32.7
1785433724.804,17:48:44,baseline,0,0.0,5270,16126,32.7
1785433724.804,17:48:44,baseline,1,0.0,5270,16126,32.7
1785433724.804,17:48:44,baseline,2,0.0,5270,16126,32.7
1785433724.804,17:48:44,baseline,3,0.0,5270,16126,32.7
1785433724.804,17:48:44,baseline,4,0.0,5270,16126,32.7
1785433724.804,17:48:44,baseline,5,0.0,5270,16126,32.7
1785433724.804,17:48:44,baseline,6,0.0,5270,16126,32.7
1785433724.804,17:48:44,baseline,7,0.0,5271,16126,32.7
1785433725.804,17:48:45,baseline,0,0.0,5270,16126,32.7
1785433725.804,17:48:45,baseline,1,0.0,5270,16126,32.7
1785433725.804,17:48:45,baseline,2,0.0,5270,16126,32.7
1785433725.804,17:48:45,baseline,3,0.0,5270,16126,32.7
1785433725.804,17:48:45,baseline,4,0.0,5270,16126,32.7
1785433725.804,17:48:45,baseline,5,0.0,5270,16126,32.7
1785433725.804,17:48:45,baseline,6,0.0,5270,16126,32.7
1785433725.804,17:48:45,baseline,7,0.0,5271,16126,32.7
1785433726.804,17:48:46,baseline,0,0.0,5270,16126,32.7
1785433726.804,17:48:46,baseline,1,0.0,5270,16126,32.7
1785433726.804,17:48:46,baseline,2,0.0,5270,16126,32.7
1785433726.804,17:48:46,baseline,3,0.0,5270,16126,32.7
1785433726.804,17:48:46,baseline,4,0.0,5270,16126,32.7
1785433726.804,17:48:46,baseline,5,0.0,5270,16126,32.7
1785433726.804,17:48:46,baseline,6,0.0,5270,16126,32.7
1785433726.804,17:48:46,baseline,7,0.0,5271,16126,32.7
1785433727.804,17:48:47,baseline,0,0.0,5270,16126,32.7
1785433727.804,17:48:47,baseline,1,0.0,5270,16126,32.7
1785433727.804,17:48:47,baseline,2,0.0,5270,16126,32.7
1785433727.804,17:48:47,baseline,3,0.0,5270,16126,32.7
1785433727.804,17:48:47,baseline,4,0.0,5270,16126,32.7
1785433727.804,17:48:47,baseline,5,0.0,5270,16126,32.7
1785433727.804,17:48:47,baseline,6,0.0,5270,16126,32.7
1785433727.804,17:48:47,baseline,7,0.0,5271,16126,32.7
1785433728.804,17:48:48,baseline,0,0.0,5270,16126,32.7
1785433728.804,17:48:48,baseline,1,0.0,5270,16126,32.7
1785433728.804,17:48:48,baseline,2,0.0,5270,16126,32.7
1785433728.804,17:48:48,baseline,3,0.0,5270,16126,32.7
1785433728.804,17:48:48,baseline,4,0.0,5270,16126,32.7
1785433728.804,17:48:48,baseline,5,0.0,5270,16126,32.7
1785433728.804,17:48:48,baseline,6,0.0,5270,16126,32.7
1785433728.804,17:48:48,baseline,7,0.0,5271,16126,32.7
1785433729.805,17:48:49,baseline,0,0.0,5270,16126,32.7
1785433729.805,17:48:49,baseline,1,0.0,5270,16126,32.7
1785433729.805,17:48:49,baseline,2,0.0,5270,16126,32.7
1785433729.805,17:48:49,baseline,3,0.0,5270,16126,32.7
1785433729.805,17:48:49,baseline,4,0.0,5270,16126,32.7
1785433729.805,17:48:49,baseline,5,0.0,5270,16126,32.7
1785433729.805,17:48:49,baseline,6,0.0,5270,16126,32.7
1785433729.805,17:48:49,baseline,7,0.0,5271,16126,32.7
1785433730.805,17:48:50,baseline,0,0.0,5270,16126,32.7
1785433730.805,17:48:50,baseline,1,0.0,5270,16126,32.7
1785433730.805,17:48:50,baseline,2,0.0,5270,16126,32.7
1785433730.805,17:48:50,baseline,3,0.0,5270,16126,32.7
1785433730.805,17:48:50,baseline,4,0.0,5270,16126,32.7
1785433730.805,17:48:50,baseline,5,0.0,5270,16126,32.7
1785433730.805,17:48:50,baseline,6,0.0,5270,16126,32.7
1785433730.805,17:48:50,baseline,7,0.0,5271,16126,32.7
1785433731.805,17:48:51,baseline,0,0.0,5270,16126,32.7
1785433731.805,17:48:51,baseline,1,0.0,5270,16126,32.7
1785433731.805,17:48:51,baseline,2,0.0,5270,16126,32.7
1785433731.805,17:48:51,baseline,3,0.0,5270,16126,32.7
1785433731.805,17:48:51,baseline,4,0.0,5270,16126,32.7
1785433731.805,17:48:51,baseline,5,0.0,5270,16126,32.7
1785433731.805,17:48:51,baseline,6,0.0,5270,16126,32.7
1785433731.805,17:48:51,baseline,7,0.0,5271,16126,32.7
1785433732.805,17:48:52,baseline,0,0.0,5270,16126,32.7
1785433732.805,17:48:52,baseline,1,0.0,5270,16126,32.7
1785433732.805,17:48:52,baseline,2,0.0,5270,16126,32.7
1785433732.805,17:48:52,baseline,3,0.0,5270,16126,32.7
1785433732.805,17:48:52,baseline,4,0.0,5270,16126,32.7
1785433732.805,17:48:52,baseline,5,0.0,5270,16126,32.7
1785433732.805,17:48:52,baseline,6,0.0,5270,16126,32.7
1785433732.805,17:48:52,baseline,7,0.0,5271,16126,32.7
1785433733.805,17:48:53,baseline,0,0.0,5270,16126,32.7
1785433733.805,17:48:53,baseline,1,0.0,5270,16126,32.7
1785433733.805,17:48:53,baseline,2,0.0,5270,16126,32.7
1785433733.805,17:48:53,baseline,3,0.0,5270,16126,32.7
1785433733.805,17:48:53,baseline,4,0.0,5270,16126,32.7
1785433733.805,17:48:53,baseline,5,0.0,5270,16126,32.7
1785433733.805,17:48:53,baseline,6,0.0,5270,16126,32.7
1785433733.805,17:48:53,baseline,7,0.0,5271,16126,32.7
1785433734.805,17:48:54,baseline,0,0.0,5270,16126,32.7
1785433734.805,17:48:54,baseline,1,0.0,5270,16126,32.7
1785433734.805,17:48:54,baseline,2,0.0,5270,16126,32.7
1785433734.805,17:48:54,baseline,3,0.0,5270,16126,32.7
1785433734.805,17:48:54,baseline,4,0.0,5270,16126,32.7
1785433734.805,17:48:54,baseline,5,0.0,5270,16126,32.7
1785433734.805,17:48:54,baseline,6,0.0,5270,16126,32.7
1785433734.805,17:48:54,baseline,7,0.0,5271,16126,32.7
1785433735.805,17:48:55,baseline,0,0.0,5270,16126,32.7
1785433735.805,17:48:55,baseline,1,0.0,5270,16126,32.7
1785433735.805,17:48:55,baseline,2,0.0,5270,16126,32.7
1785433735.805,17:48:55,baseline,3,0.0,5270,16126,32.7
1785433735.805,17:48:55,baseline,4,0.0,5270,16126,32.7
1785433735.805,17:48:55,baseline,5,0.0,5270,16126,32.7
1785433735.805,17:48:55,baseline,6,0.0,5270,16126,32.7
1785433735.805,17:48:55,baseline,7,0.0,5271,16126,32.7
1785433736.805,17:48:56,baseline,0,0.0,5270,16126,32.7
1785433736.805,17:48:56,baseline,1,0.0,5270,16126,32.7
1785433736.805,17:48:56,baseline,2,0.0,5270,16126,32.7
1785433736.805,17:48:56,baseline,3,0.0,5270,16126,32.7
1785433736.805,17:48:56,baseline,4,0.0,5270,16126,32.7
1785433736.805,17:48:56,baseline,5,0.0,5270,16126,32.7
1785433736.805,17:48:56,baseline,6,0.0,5270,16126,32.7
1785433736.805,17:48:56,baseline,7,0.0,5271,16126,32.7
1785433737.806,17:48:57,baseline,0,0.0,5270,16126,32.7
1785433737.806,17:48:57,baseline,1,0.0,5270,16126,32.7
1785433737.806,17:48:57,baseline,2,0.0,5270,16126,32.7
1785433737.806,17:48:57,baseline,3,0.0,5270,16126,32.7
1785433737.806,17:48:57,baseline,4,0.0,5270,16126,32.7
1785433737.806,17:48:57,baseline,5,0.0,5270,16126,32.7
1785433737.806,17:48:57,baseline,6,0.0,5270,16126,32.7
1785433737.806,17:48:57,baseline,7,0.0,5271,16126,32.7
1785433738.806,17:48:58,baseline,0,0.0,5270,16126,32.7
1785433738.806,17:48:58,baseline,1,0.0,5270,16126,32.7
1785433738.806,17:48:58,baseline,2,0.0,5270,16126,32.7
1785433738.806,17:48:58,baseline,3,0.0,5270,16126,32.7
1785433738.806,17:48:58,baseline,4,0.0,5270,16126,32.7
1785433738.806,17:48:58,baseline,5,0.0,5270,16126,32.7
1785433738.806,17:48:58,baseline,6,0.0,5270,16126,32.7
1785433738.806,17:48:58,baseline,7,0.0,5271,16126,32.7
1785433739.806,17:48:59,baseline,0,0.0,5270,16126,32.7
1785433739.806,17:48:59,baseline,1,0.0,5270,16126,32.7
1785433739.806,17:48:59,baseline,2,0.0,5270,16126,32.7
1785433739.806,17:48:59,baseline,3,0.0,5270,16126,32.7
1785433739.806,17:48:59,baseline,4,0.0,5270,16126,32.7
1785433739.806,17:48:59,baseline,5,0.0,5270,16126,32.7
1785433739.806,17:48:59,baseline,6,0.0,5270,16126,32.7
1785433739.806,17:48:59,baseline,7,0.0,5271,16126,32.7
1785433740.806,17:49:00,baseline,0,0.0,5270,16126,32.7
1785433740.806,17:49:00,baseline,1,0.0,5270,16126,32.7
1785433740.806,17:49:00,baseline,2,0.0,5270,16126,32.7
1785433740.806,17:49:00,baseline,3,0.0,5270,16126,32.7
1785433740.806,17:49:00,baseline,4,0.0,5270,16126,32.7
1785433740.806,17:49:00,baseline,5,0.0,5270,16126,32.7
1785433740.806,17:49:00,baseline,6,0.0,5270,16126,32.7
1785433740.806,17:49:00,baseline,7,0.0,5271,16126,32.7
1785433741.806,17:49:01,baseline,0,0.0,5270,16126,32.7
1785433741.806,17:49:01,baseline,1,0.0,5270,16126,32.7
1785433741.806,17:49:01,baseline,2,0.0,5270,16126,32.7
1785433741.806,17:49:01,baseline,3,0.0,5270,16126,32.7
1785433741.806,17:49:01,baseline,4,0.0,5270,16126,32.7
1785433741.806,17:49:01,baseline,5,0.0,5270,16126,32.7
1785433741.806,17:49:01,baseline,6,0.0,5270,16126,32.7
1785433741.806,17:49:01,baseline,7,0.0,5271,16126,32.7
1785433742.806,17:49:02,baseline,0,0.0,5270,16126,32.7
1785433742.806,17:49:02,baseline,1,0.0,5270,16126,32.7
1785433742.806,17:49:02,baseline,2,0.0,5270,16126,32.7
1785433742.806,17:49:02,baseline,3,0.0,5270,16126,32.7
1785433742.806,17:49:02,baseline,4,0.0,5270,16126,32.7
1785433742.806,17:49:02,baseline,5,0.0,5270,16126,32.7
1785433742.806,17:49:02,baseline,6,0.0,5270,16126,32.7
1785433742.806,17:49:02,baseline,7,0.0,5271,16126,32.7
1785433743.806,17:49:03,baseline,0,0.0,5270,16126,32.7
1785433743.806,17:49:03,baseline,1,0.0,5270,16126,32.7
1785433743.806,17:49:03,baseline,2,0.0,5270,16126,32.7
1785433743.806,17:49:03,baseline,3,0.0,5270,16126,32.7
1785433743.806,17:49:03,baseline,4,0.0,5270,16126,32.7
1785433743.806,17:49:03,baseline,5,0.0,5270,16126,32.7
1785433743.806,17:49:03,baseline,6,0.0,5270,16126,32.7
1785433743.806,17:49:03,baseline,7,0.0,5271,16126,32.7
1785433744.807,17:49:04,baseline,0,0.0,5270,16126,32.7
1785433744.807,17:49:04,baseline,1,0.0,5270,16126,32.7
1785433744.807,17:49:04,baseline,2,0.0,5270,16126,32.7
1785433744.807,17:49:04,baseline,3,0.0,5270,16126,32.7
1785433744.807,17:49:04,baseline,4,0.0,5270,16126,32.7
1785433744.807,17:49:04,baseline,5,0.0,5270,16126,32.7
1785433744.807,17:49:04,baseline,6,0.0,5270,16126,32.7
1785433744.807,17:49:04,baseline,7,0.0,5271,16126,32.7
1785433745.807,17:49:05,baseline,0,0.0,5270,16126,32.7
1785433745.807,17:49:05,baseline,1,0.0,5270,16126,32.7
1785433745.807,17:49:05,baseline,2,0.0,5270,16126,32.7
1785433745.807,17:49:05,baseline,3,0.0,5270,16126,32.7
1785433745.807,17:49:05,baseline,4,0.0,5270,16126,32.7
1785433745.807,17:49:05,baseline,5,0.0,5270,16126,32.7
1785433745.807,17:49:05,baseline,6,0.0,5270,16126,32.7
1785433745.807,17:49:05,baseline,7,0.0,5271,16126,32.7
1785433746.807,17:49:06,baseline,0,0.0,5270,16126,32.7
1785433746.807,17:49:06,baseline,1,0.0,5270,16126,32.7
1785433746.807,17:49:06,baseline,2,0.0,5270,16126,32.7
1785433746.807,17:49:06,baseline,3,0.0,5270,16126,32.7
1785433746.807,17:49:06,baseline,4,0.0,5270,16126,32.7
1785433746.807,17:49:06,baseline,5,0.0,5270,16126,32.7
1785433746.807,17:49:06,baseline,6,0.0,5270,16126,32.7
1785433746.807,17:49:06,baseline,7,0.0,5271,16126,32.7
1785433747.807,17:49:07,baseline,0,0.0,5270,16126,32.7
1785433747.807,17:49:07,baseline,1,0.0,5270,16126,32.7
1785433747.807,17:49:07,baseline,2,0.0,5270,16126,32.7
1785433747.807,17:49:07,baseline,3,0.0,5270,16126,32.7
1785433747.807,17:49:07,baseline,4,0.0,5270,16126,32.7
1785433747.807,17:49:07,baseline,5,0.0,5270,16126,32.7
1785433747.807,17:49:07,baseline,6,0.0,5270,16126,32.7
1785433747.807,17:49:07,baseline,7,0.0,5271,16126,32.7
1785433748.807,17:49:08,baseline,0,0.0,5270,16126,32.7
1785433748.807,17:49:08,baseline,1,0.0,5270,16126,32.7
1785433748.807,17:49:08,baseline,2,0.0,5270,16126,32.7
1785433748.807,17:49:08,baseline,3,0.0,5270,16126,32.7
1785433748.807,17:49:08,baseline,4,0.0,5270,16126,32.7
1785433748.807,17:49:08,baseline,5,0.0,5270,16126,32.7
1785433748.807,17:49:08,baseline,6,0.0,5270,16126,32.7
1785433748.807,17:49:08,baseline,7,0.0,5271,16126,32.7
1785433749.807,17:49:09,baseline,0,0.0,5270,16126,32.7
1785433749.807,17:49:09,baseline,1,0.0,5270,16126,32.7
1785433749.807,17:49:09,baseline,2,0.0,5270,16126,32.7
1785433749.807,17:49:09,baseline,3,0.0,5270,16126,32.7
1785433749.807,17:49:09,baseline,4,0.0,5270,16126,32.7
1785433749.807,17:49:09,baseline,5,0.0,5270,16126,32.7
1785433749.807,17:49:09,baseline,6,0.0,5270,16126,32.7
1785433749.807,17:49:09,baseline,7,0.0,5271,16126,32.7
1785433750.807,17:49:10,baseline,0,0.0,5270,16126,32.7
1785433750.807,17:49:10,baseline,1,0.0,5270,16126,32.7
1785433750.807,17:49:10,baseline,2,0.0,5270,16126,32.7
1785433750.807,17:49:10,baseline,3,0.0,5270,16126,32.7
1785433750.807,17:49:10,baseline,4,0.0,5270,16126,32.7
1785433750.807,17:49:10,baseline,5,0.0,5270,16126,32.7
1785433750.807,17:49:10,baseline,6,0.0,5270,16126,32.7
1785433750.807,17:49:10,baseline,7,0.0,5271,16126,32.7
1785433751.808,17:49:11,baseline,0,0.0,5270,16126,32.7
1785433751.808,17:49:11,baseline,1,0.0,5270,16126,32.7
1785433751.808,17:49:11,baseline,2,0.0,5270,16126,32.7
1785433751.808,17:49:11,baseline,3,0.0,5270,16126,32.7
1785433751.808,17:49:11,baseline,4,0.0,5270,16126,32.7
1785433751.808,17:49:11,baseline,5,0.0,5270,16126,32.7
1785433751.808,17:49:11,baseline,6,0.0,5270,16126,32.7
1785433751.808,17:49:11,baseline,7,0.0,5271,16126,32.7
1785433752.808,17:49:12,baseline,0,0.0,5270,16126,32.7
1785433752.808,17:49:12,baseline,1,0.0,5270,16126,32.7
1785433752.808,17:49:12,baseline,2,0.0,5270,16126,32.7
1785433752.808,17:49:12,baseline,3,0.0,5270,16126,32.7
1785433752.808,17:49:12,baseline,4,0.0,5270,16126,32.7
1785433752.808,17:49:12,baseline,5,0.0,5270,16126,32.7
1785433752.808,17:49:12,baseline,6,0.0,5270,16126,32.7
1785433752.808,17:49:12,baseline,7,0.0,5271,16126,32.7
