ts,wall,phase,chip,duty_cycle_pct,mem_used_mib,mem_total_mib,mem_pct
1785432443.64,17:27:23,baseline,0,0.0,0,16126,0.0
1785432443.64,17:27:23,baseline,1,0.0,0,16126,0.0
1785432443.64,17:27:23,baseline,2,0.0,0,16126,0.0
1785432443.64,17:27:23,baseline,3,0.0,0,16126,0.0
1785432443.64,17:27:23,baseline,4,0.0,0,16126,0.0
1785432443.64,17:27:23,baseline,5,0.0,0,16126,0.0
1785432443.64,17:27:23,baseline,6,0.0,0,16126,0.0
1785432443.64,17:27:23,baseline,7,0.0,0,16126,0.0
1785432444.64,17:27:24,baseline,0,0.0,0,16126,0.0
1785432444.64,17:27:24,baseline,1,0.0,0,16126,0.0
1785432444.64,17:27:24,baseline,2,0.0,0,16126,0.0
1785432444.64,17:27:24,baseline,3,0.0,0,16126,0.0
1785432444.64,17:27:24,baseline,4,0.0,0,16126,0.0
1785432444.64,17:27:24,baseline,5,0.0,0,16126,0.0
1785432444.64,17:27:24,baseline,6,0.0,0,16126,0.0
1785432444.64,17:27:24,baseline,7,0.0,0,16126,0.0
1785432445.64,17:27:25,baseline,0,17.0,292,16126,1.8
1785432445.64,17:27:25,baseline,1,17.3,292,16126,1.8
1785432445.64,17:27:25,baseline,2,16.3,292,16126,1.8
1785432445.64,17:27:25,baseline,3,17.2,292,16126,1.8
1785432445.64,17:27:25,baseline,4,16.7,292,16126,1.8
1785432445.64,17:27:25,baseline,5,17.2,293,16126,1.8
1785432445.64,17:27:25,baseline,6,4.3,293,16126,1.8
1785432445.64,17:27:25,baseline,7,17.0,292,16126,1.8
1785432446.64,17:27:26,baseline,0,17.0,292,16126,1.8
1785432446.64,17:27:26,baseline,1,17.3,292,16126,1.8
1785432446.64,17:27:26,baseline,2,16.3,292,16126,1.8
1785432446.64,17:27:26,baseline,3,17.2,292,16126,1.8
1785432446.64,17:27:26,baseline,4,16.7,292,16126,1.8
1785432446.64,17:27:26,baseline,5,17.2,293,16126,1.8
1785432446.64,17:27:26,baseline,6,4.3,293,16126,1.8
1785432446.64,17:27:26,baseline,7,17.0,292,16126,1.8
1785432447.64,17:27:27,baseline,0,17.0,292,16126,1.8
1785432447.64,17:27:27,baseline,1,17.3,292,16126,1.8
1785432447.64,17:27:27,baseline,2,16.3,292,16126,1.8
1785432447.64,17:27:27,baseline,3,17.2,292,16126,1.8
1785432447.64,17:27:27,baseline,4,16.7,292,16126,1.8
1785432447.64,17:27:27,baseline,5,17.2,293,16126,1.8
1785432447.64,17:27:27,baseline,6,4.3,293,16126,1.8
1785432447.64,17:27:27,baseline,7,17.0,292,16126,1.8
1785432448.64,17:27:28,baseline,0,17.0,292,16126,1.8
1785432448.64,17:27:28,baseline,1,17.3,292,16126,1.8
1785432448.64,17:27:28,baseline,2,16.3,292,16126,1.8
1785432448.64,17:27:28,baseline,3,17.2,292,16126,1.8
1785432448.64,17:27:28,baseline,4,16.7,292,16126,1.8
1785432448.64,17:27:28,baseline,5,17.2,293,16126,1.8
1785432448.64,17:27:28,baseline,6,4.3,293,16126,1.8
1785432448.64,17:27:28,baseline,7,17.0,292,16126,1.8
1785432449.64,17:27:29,baseline,0,17.0,292,16126,1.8
1785432449.64,17:27:29,baseline,1,17.3,292,16126,1.8
1785432449.64,17:27:29,baseline,2,16.3,292,16126,1.8
1785432449.64,17:27:29,baseline,3,17.2,292,16126,1.8
1785432449.64,17:27:29,baseline,4,16.7,292,16126,1.8
1785432449.64,17:27:29,baseline,5,17.2,293,16126,1.8
1785432449.64,17:27:29,baseline,6,4.3,293,16126,1.8
1785432449.64,17:27:29,baseline,7,17.0,292,16126,1.8
1785432450.64,17:27:30,baseline,0,12.5,9452,16126,58.6
1785432450.64,17:27:30,baseline,1,15.9,9452,16126,58.6
1785432450.64,17:27:30,baseline,2,14.7,9452,16126,58.6
1785432450.64,17:27:30,baseline,3,9.7,9452,16126,58.6
1785432450.64,17:27:30,baseline,4,14.6,9452,16126,58.6
1785432450.64,17:27:30,baseline,5,15.1,9452,16126,58.6
1785432450.64,17:27:30,baseline,6,16.0,9454,16126,58.6
1785432450.64,17:27:30,baseline,7,17.3,9452,16126,58.6
1785432451.641,17:27:31,baseline,0,12.5,9452,16126,58.6
1785432451.641,17:27:31,baseline,1,15.9,9452,16126,58.6
1785432451.641,17:27:31,baseline,2,14.7,9452,16126,58.6
1785432451.641,17:27:31,baseline,3,9.7,9452,16126,58.6
1785432451.641,17:27:31,baseline,4,14.6,9452,16126,58.6
1785432451.641,17:27:31,baseline,5,15.1,9452,16126,58.6
1785432451.641,17:27:31,baseline,6,16.0,9454,16126,58.6
1785432451.641,17:27:31,baseline,7,17.3,9452,16126,58.6
1785432452.641,17:27:32,baseline,0,12.5,9452,16126,58.6
1785432452.641,17:27:32,baseline,1,15.9,9452,16126,58.6
1785432452.641,17:27:32,baseline,2,14.7,9452,16126,58.6
1785432452.641,17:27:32,baseline,3,9.7,9452,16126,58.6
1785432452.641,17:27:32,baseline,4,14.6,9452,16126,58.6
1785432452.641,17:27:32,baseline,5,15.1,9452,16126,58.6
1785432452.641,17:27:32,baseline,6,16.0,9454,16126,58.6
1785432452.641,17:27:32,baseline,7,17.3,9452,16126,58.6
1785432453.641,17:27:33,baseline,0,12.5,9452,16126,58.6
1785432453.641,17:27:33,baseline,1,15.9,9452,16126,58.6
1785432453.641,17:27:33,baseline,2,14.7,9452,16126,58.6
1785432453.641,17:27:33,baseline,3,9.7,9452,16126,58.6
1785432453.641,17:27:33,baseline,4,14.6,9452,16126,58.6
1785432453.641,17:27:33,baseline,5,15.1,9452,16126,58.6
1785432453.641,17:27:33,baseline,6,16.0,9454,16126,58.6
1785432453.641,17:27:33,baseline,7,17.3,9452,16126,58.6
1785432454.641,17:27:34,baseline,0,12.5,9452,16126,58.6
1785432454.641,17:27:34,baseline,1,15.9,9452,16126,58.6
1785432454.641,17:27:34,baseline,2,14.7,9452,16126,58.6
1785432454.641,17:27:34,baseline,3,9.7,9452,16126,58.6
1785432454.641,17:27:34,baseline,4,14.6,9452,16126,58.6
1785432454.641,17:27:34,baseline,5,15.1,9452,16126,58.6
1785432454.641,17:27:34,baseline,6,16.0,9454,16126,58.6
1785432454.641,17:27:34,baseline,7,17.3,9452,16126,58.6
1785432455.641,17:27:35,baseline,0,39.1,10298,16126,63.9
1785432455.641,17:27:35,baseline,1,39.4,10298,16126,63.9
1785432455.641,17:27:35,baseline,2,38.9,10298,16126,63.9
1785432455.641,17:27:35,baseline,3,38.7,10298,16126,63.9
1785432455.641,17:27:35,baseline,4,38.9,10298,16126,63.9
1785432455.641,17:27:35,baseline,5,38.4,10298,16126,63.9
1785432455.641,17:27:35,baseline,6,38.8,10299,16126,63.9
1785432455.641,17:27:35,baseline,7,39.2,10298,16126,63.9
1785432456.641,17:27:36,baseline,0,39.1,10298,16126,63.9
1785432456.641,17:27:36,baseline,1,39.4,10298,16126,63.9
1785432456.641,17:27:36,baseline,2,38.9,10298,16126,63.9
1785432456.641,17:27:36,baseline,3,38.7,10298,16126,63.9
1785432456.641,17:27:36,baseline,4,38.9,10298,16126,63.9
1785432456.641,17:27:36,baseline,5,38.4,10298,16126,63.9
1785432456.641,17:27:36,baseline,6,38.8,10299,16126,63.9
1785432456.641,17:27:36,baseline,7,39.2,10298,16126,63.9
1785432457.641,17:27:37,baseline,0,39.1,10298,16126,63.9
1785432457.641,17:27:37,baseline,1,39.4,10298,16126,63.9
1785432457.641,17:27:37,baseline,2,38.9,10298,16126,63.9
1785432457.641,17:27:37,baseline,3,38.7,10298,16126,63.9
1785432457.641,17:27:37,baseline,4,38.9,10298,16126,63.9
1785432457.641,17:27:37,baseline,5,38.4,10298,16126,63.9
1785432457.641,17:27:37,baseline,6,38.8,10299,16126,63.9
1785432457.641,17:27:37,baseline,7,39.2,10298,16126,63.9
1785432458.641,17:27:38,baseline,0,39.1,10298,16126,63.9
1785432458.641,17:27:38,baseline,1,39.4,10298,16126,63.9
1785432458.641,17:27:38,baseline,2,38.9,10298,16126,63.9
1785432458.641,17:27:38,baseline,3,38.7,10298,16126,63.9
1785432458.641,17:27:38,baseline,4,38.9,10298,16126,63.9
1785432458.641,17:27:38,baseline,5,38.4,10298,16126,63.9
1785432458.641,17:27:38,baseline,6,38.8,10299,16126,63.9
1785432458.641,17:27:38,baseline,7,39.2,10298,16126,63.9
1785432459.642,17:27:39,baseline,0,39.1,10298,16126,63.9
1785432459.642,17:27:39,baseline,1,39.4,10298,16126,63.9
1785432459.642,17:27:39,baseline,2,38.9,10298,16126,63.9
1785432459.642,17:27:39,baseline,3,38.7,10298,16126,63.9
1785432459.642,17:27:39,baseline,4,38.9,10298,16126,63.9
1785432459.642,17:27:39,baseline,5,38.4,10298,16126,63.9
1785432459.642,17:27:39,baseline,6,38.8,10299,16126,63.9
1785432459.642,17:27:39,baseline,7,39.2,10298,16126,63.9
1785432460.642,17:27:40,baseline,0,97.2,10445,16126,64.8
1785432460.642,17:27:40,baseline,1,97.1,10445,16126,64.8
1785432460.642,17:27:40,baseline,2,97.2,10445,16126,64.8
1785432460.642,17:27:40,baseline,3,97.2,10445,16126,64.8
1785432460.642,17:27:40,baseline,4,96.9,10445,16126,64.8
1785432460.642,17:27:40,baseline,5,97.1,10445,16126,64.8
1785432460.642,17:27:40,baseline,6,97.3,10447,16126,64.8
1785432460.642,17:27:40,baseline,7,97.3,10445,16126,64.8
1785432461.642,17:27:41,baseline,0,97.2,10445,16126,64.8
1785432461.642,17:27:41,baseline,1,97.1,10445,16126,64.8
1785432461.642,17:27:41,baseline,2,97.2,10445,16126,64.8
1785432461.642,17:27:41,baseline,3,97.2,10445,16126,64.8
1785432461.642,17:27:41,baseline,4,96.9,10445,16126,64.8
1785432461.642,17:27:41,baseline,5,97.1,10445,16126,64.8
1785432461.642,17:27:41,baseline,6,97.3,10447,16126,64.8
1785432461.642,17:27:41,baseline,7,97.3,10445,16126,64.8
1785432462.642,17:27:42,baseline,0,97.2,10445,16126,64.8
1785432462.642,17:27:42,baseline,1,97.1,10445,16126,64.8
1785432462.642,17:27:42,baseline,2,97.2,10445,16126,64.8
1785432462.642,17:27:42,baseline,3,97.2,10445,16126,64.8
1785432462.642,17:27:42,baseline,4,96.9,10445,16126,64.8
1785432462.642,17:27:42,baseline,5,97.1,10445,16126,64.8
1785432462.642,17:27:42,baseline,6,97.3,10447,16126,64.8
1785432462.642,17:27:42,baseline,7,97.3,10445,16126,64.8
1785432463.642,17:27:43,baseline,0,97.2,10445,16126,64.8
1785432463.642,17:27:43,baseline,1,97.1,10445,16126,64.8
1785432463.642,17:27:43,baseline,2,97.2,10445,16126,64.8
1785432463.642,17:27:43,baseline,3,97.2,10445,16126,64.8
1785432463.642,17:27:43,baseline,4,96.9,10445,16126,64.8
1785432463.642,17:27:43,baseline,5,97.1,10445,16126,64.8
1785432463.642,17:27:43,baseline,6,97.3,10447,16126,64.8
1785432463.642,17:27:43,baseline,7,97.3,10445,16126,64.8
1785432464.642,17:27:44,baseline,0,97.2,10445,16126,64.8
1785432464.642,17:27:44,baseline,1,97.1,10445,16126,64.8
1785432464.642,17:27:44,baseline,2,97.2,10445,16126,64.8
1785432464.642,17:27:44,baseline,3,97.2,10445,16126,64.8
1785432464.642,17:27:44,baseline,4,96.9,10445,16126,64.8
1785432464.642,17:27:44,baseline,5,97.1,10445,16126,64.8
1785432464.642,17:27:44,baseline,6,97.3,10447,16126,64.8
1785432464.642,17:27:44,baseline,7,97.3,10445,16126,64.8
1785432465.642,17:27:45,baseline,0,100.0,8253,16126,51.2
1785432465.642,17:27:45,baseline,1,100.0,8157,16126,50.6
1785432465.642,17:27:45,baseline,2,100.0,8189,16126,50.8
1785432465.642,17:27:45,baseline,3,100.0,8221,16126,51.0
1785432465.642,17:27:45,baseline,4,100.0,8205,16126,50.9
1785432465.642,17:27:45,baseline,5,100.0,8317,16126,51.6
1785432465.642,17:27:45,baseline,6,100.0,8398,16126,52.1
1785432465.642,17:27:45,baseline,7,100.0,8269,16126,51.3
1785432466.642,17:27:46,baseline,0,100.0,8253,16126,51.2
1785432466.642,17:27:46,baseline,1,100.0,8157,16126,50.6
1785432466.642,17:27:46,baseline,2,100.0,8189,16126,50.8
1785432466.642,17:27:46,baseline,3,100.0,8221,16126,51.0
1785432466.642,17:27:46,baseline,4,100.0,8205,16126,50.9
1785432466.642,17:27:46,baseline,5,100.0,8317,16126,51.6
1785432466.642,17:27:46,baseline,6,100.0,8398,16126,52.1
1785432466.642,17:27:46,baseline,7,100.0,8269,16126,51.3
1785432467.643,17:27:47,baseline,0,100.0,8253,16126,51.2
1785432467.643,17:27:47,baseline,1,100.0,8157,16126,50.6
1785432467.643,17:27:47,baseline,2,100.0,8189,16126,50.8
1785432467.643,17:27:47,baseline,3,100.0,8221,16126,51.0
1785432467.643,17:27:47,baseline,4,100.0,8205,16126,50.9
1785432467.643,17:27:47,baseline,5,100.0,8317,16126,51.6
1785432467.643,17:27:47,baseline,6,100.0,8398,16126,52.1
1785432467.643,17:27:47,baseline,7,100.0,8269,16126,51.3
1785432468.643,17:27:48,baseline,0,100.0,8253,16126,51.2
1785432468.643,17:27:48,baseline,1,100.0,8157,16126,50.6
1785432468.643,17:27:48,baseline,2,100.0,8189,16126,50.8
1785432468.643,17:27:48,baseline,3,100.0,8221,16126,51.0
1785432468.643,17:27:48,baseline,4,100.0,8205,16126,50.9
1785432468.643,17:27:48,baseline,5,100.0,8317,16126,51.6
1785432468.643,17:27:48,baseline,6,100.0,8398,16126,52.1
1785432468.643,17:27:48,baseline,7,100.0,8269,16126,51.3
1785432469.643,17:27:49,baseline,0,100.0,8253,16126,51.2
1785432469.643,17:27:49,baseline,1,100.0,8157,16126,50.6
1785432469.643,17:27:49,baseline,2,100.0,8189,16126,50.8
1785432469.643,17:27:49,baseline,3,100.0,8221,16126,51.0
1785432469.643,17:27:49,baseline,4,100.0,8205,16126,50.9
1785432469.643,17:27:49,baseline,5,100.0,8317,16126,51.6
1785432469.643,17:27:49,baseline,6,100.0,8398,16126,52.1
1785432469.643,17:27:49,baseline,7,100.0,8269,16126,51.3
1785432470.643,17:27:50,baseline,0,98.7,10463,16126,64.9
1785432470.643,17:27:50,baseline,1,98.4,10463,16126,64.9
1785432470.643,17:27:50,baseline,2,98.0,10463,16126,64.9
1785432470.643,17:27:50,baseline,3,98.6,10463,16126,64.9
1785432470.643,17:27:50,baseline,4,98.2,10463,16126,64.9
1785432470.643,17:27:50,baseline,5,98.0,10463,16126,64.9
1785432470.643,17:27:50,baseline,6,98.3,10464,16126,64.9
1785432470.643,17:27:50,baseline,7,98.7,10463,16126,64.9
1785432471.643,17:27:51,baseline,0,98.7,10463,16126,64.9
1785432471.643,17:27:51,baseline,1,98.4,10463,16126,64.9
1785432471.643,17:27:51,baseline,2,98.0,10463,16126,64.9
1785432471.643,17:27:51,baseline,3,98.6,10463,16126,64.9
1785432471.643,17:27:51,baseline,4,98.2,10463,16126,64.9
1785432471.643,17:27:51,baseline,5,98.0,10463,16126,64.9
1785432471.643,17:27:51,baseline,6,98.3,10464,16126,64.9
1785432471.643,17:27:51,baseline,7,98.7,10463,16126,64.9
1785432472.643,17:27:52,baseline,0,98.7,10463,16126,64.9
1785432472.643,17:27:52,baseline,1,98.4,10463,16126,64.9
1785432472.643,17:27:52,baseline,2,98.0,10463,16126,64.9
1785432472.643,17:27:52,baseline,3,98.6,10463,16126,64.9
1785432472.643,17:27:52,baseline,4,98.2,10463,16126,64.9
1785432472.643,17:27:52,baseline,5,98.0,10463,16126,64.9
1785432472.643,17:27:52,baseline,6,98.3,10464,16126,64.9
1785432472.643,17:27:52,baseline,7,98.7,10463,16126,64.9
1785432473.643,17:27:53,baseline,0,98.7,10463,16126,64.9
1785432473.643,17:27:53,baseline,1,98.4,10463,16126,64.9
1785432473.643,17:27:53,baseline,2,98.0,10463,16126,64.9
1785432473.643,17:27:53,baseline,3,98.6,10463,16126,64.9
1785432473.643,17:27:53,baseline,4,98.2,10463,16126,64.9
1785432473.643,17:27:53,baseline,5,98.0,10463,16126,64.9
1785432473.643,17:27:53,baseline,6,98.3,10464,16126,64.9
1785432473.643,17:27:53,baseline,7,98.7,10463,16126,64.9
1785432474.643,17:27:54,baseline,0,98.7,10463,16126,64.9
1785432474.643,17:27:54,baseline,1,98.4,10463,16126,64.9
1785432474.643,17:27:54,baseline,2,98.0,10463,16126,64.9
1785432474.643,17:27:54,baseline,3,98.6,10463,16126,64.9
1785432474.643,17:27:54,baseline,4,98.2,10463,16126,64.9
1785432474.643,17:27:54,baseline,5,98.0,10463,16126,64.9
1785432474.643,17:27:54,baseline,6,98.3,10464,16126,64.9
1785432474.643,17:27:54,baseline,7,98.7,10463,16126,64.9
1785432475.644,17:27:55,baseline,0,99.4,8303,16126,51.5
1785432475.644,17:27:55,baseline,1,99.4,8350,16126,51.8
1785432475.644,17:27:55,baseline,2,99.7,8206,16126,50.9
1785432475.644,17:27:55,baseline,3,99.6,8318,16126,51.6
1785432475.644,17:27:55,baseline,4,99.4,8206,16126,50.9
1785432475.644,17:27:55,baseline,5,99.5,8303,16126,51.5
1785432475.644,17:27:55,baseline,6,99.3,8289,16126,51.4
1785432475.644,17:27:55,baseline,7,99.4,8303,16126,51.5
1785432476.644,17:27:56,baseline,0,99.4,8303,16126,51.5
1785432476.644,17:27:56,baseline,1,99.4,8350,16126,51.8
1785432476.644,17:27:56,baseline,2,99.7,8206,16126,50.9
1785432476.644,17:27:56,baseline,3,99.6,8318,16126,51.6
1785432476.644,17:27:56,baseline,4,99.4,8206,16126,50.9
1785432476.644,17:27:56,baseline,5,99.5,8303,16126,51.5
1785432476.644,17:27:56,baseline,6,99.3,8289,16126,51.4
1785432476.644,17:27:56,baseline,7,99.4,8303,16126,51.5
1785432477.644,17:27:57,baseline,0,99.4,8303,16126,51.5
1785432477.644,17:27:57,baseline,1,99.4,8350,16126,51.8
1785432477.644,17:27:57,baseline,2,99.7,8206,16126,50.9
1785432477.644,17:27:57,baseline,3,99.6,8318,16126,51.6
1785432477.644,17:27:57,baseline,4,99.4,8206,16126,50.9
1785432477.644,17:27:57,baseline,5,99.5,8303,16126,51.5
1785432477.644,17:27:57,baseline,6,99.3,8289,16126,51.4
1785432477.644,17:27:57,baseline,7,99.4,8303,16126,51.5
1785432478.644,17:27:58,baseline,0,99.4,8303,16126,51.5
1785432478.644,17:27:58,baseline,1,99.4,8350,16126,51.8
1785432478.644,17:27:58,baseline,2,99.7,8206,16126,50.9
1785432478.644,17:27:58,baseline,3,99.6,8318,16126,51.6
1785432478.644,17:27:58,baseline,4,99.4,8206,16126,50.9
1785432478.644,17:27:58,baseline,5,99.5,8303,16126,51.5
1785432478.644,17:27:58,baseline,6,99.3,8289,16126,51.4
1785432478.644,17:27:58,baseline,7,99.4,8303,16126,51.5
1785432479.644,17:27:59,baseline,0,99.4,8303,16126,51.5
1785432479.644,17:27:59,baseline,1,99.4,8350,16126,51.8
1785432479.644,17:27:59,baseline,2,99.7,8206,16126,50.9
1785432479.644,17:27:59,baseline,3,99.6,8318,16126,51.6
1785432479.644,17:27:59,baseline,4,99.4,8206,16126,50.9
1785432479.644,17:27:59,baseline,5,99.5,8303,16126,51.5
1785432479.644,17:27:59,baseline,6,99.3,8289,16126,51.4
1785432479.644,17:27:59,baseline,7,99.4,8303,16126,51.5
1785432480.644,17:28:00,baseline,0,95.9,10341,16126,64.1
1785432480.644,17:28:00,baseline,1,95.9,10341,16126,64.1
1785432480.644,17:28:00,baseline,2,96.4,10341,16126,64.1
1785432480.644,17:28:00,baseline,3,96.4,10341,16126,64.1
1785432480.644,17:28:00,baseline,4,95.8,10341,16126,64.1
1785432480.644,17:28:00,baseline,5,96.2,10341,16126,64.1
1785432480.644,17:28:00,baseline,6,96.1,10342,16126,64.1
1785432480.644,17:28:00,baseline,7,96.3,10341,16126,64.1
1785432481.644,17:28:01,baseline,0,95.9,10341,16126,64.1
1785432481.644,17:28:01,baseline,1,95.9,10341,16126,64.1
1785432481.644,17:28:01,baseline,2,96.4,10341,16126,64.1
1785432481.644,17:28:01,baseline,3,96.4,10341,16126,64.1
1785432481.644,17:28:01,baseline,4,95.8,10341,16126,64.1
1785432481.644,17:28:01,baseline,5,96.2,10341,16126,64.1
1785432481.644,17:28:01,baseline,6,96.1,10342,16126,64.1
1785432481.644,17:28:01,baseline,7,96.3,10341,16126,64.1
1785432482.644,17:28:02,baseline,0,95.9,10341,16126,64.1
1785432482.644,17:28:02,baseline,1,95.9,10341,16126,64.1
1785432482.644,17:28:02,baseline,2,96.4,10341,16126,64.1
1785432482.644,17:28:02,baseline,3,96.4,10341,16126,64.1
1785432482.644,17:28:02,baseline,4,95.8,10341,16126,64.1
1785432482.644,17:28:02,baseline,5,96.2,10341,16126,64.1
1785432482.644,17:28:02,baseline,6,96.1,10342,16126,64.1
1785432482.644,17:28:02,baseline,7,96.3,10341,16126,64.1
1785432483.644,17:28:03,baseline,0,95.9,10341,16126,64.1
1785432483.644,17:28:03,baseline,1,95.9,10341,16126,64.1
1785432483.644,17:28:03,baseline,2,96.4,10341,16126,64.1
1785432483.644,17:28:03,baseline,3,96.4,10341,16126,64.1
1785432483.644,17:28:03,baseline,4,95.8,10341,16126,64.1
1785432483.644,17:28:03,baseline,5,96.2,10341,16126,64.1
1785432483.644,17:28:03,baseline,6,96.1,10342,16126,64.1
1785432483.644,17:28:03,baseline,7,96.3,10341,16126,64.1
1785432484.645,17:28:04,baseline,0,95.9,10341,16126,64.1
1785432484.645,17:28:04,baseline,1,95.9,10341,16126,64.1
1785432484.645,17:28:04,baseline,2,96.4,10341,16126,64.1
1785432484.645,17:28:04,baseline,3,96.4,10341,16126,64.1
1785432484.645,17:28:04,baseline,4,95.8,10341,16126,64.1
1785432484.645,17:28:04,baseline,5,96.2,10341,16126,64.1
1785432484.645,17:28:04,baseline,6,96.1,10342,16126,64.1
1785432484.645,17:28:04,baseline,7,96.3,10341,16126,64.1
1785432485.645,17:28:05,baseline,0,100.0,8464,16126,52.5
1785432485.645,17:28:05,baseline,1,100.0,8272,16126,51.3
1785432485.645,17:28:05,baseline,2,100.0,8432,16126,52.3
1785432485.645,17:28:05,baseline,3,100.0,8288,16126,51.4
1785432485.645,17:28:05,baseline,4,100.0,8336,16126,51.7
1785432485.645,17:28:05,baseline,5,100.0,8528,16126,52.9
1785432485.645,17:28:05,baseline,6,100.0,8305,16126,51.5
1785432485.645,17:28:05,baseline,7,100.0,8400,16126,52.1
1785432486.645,17:28:06,baseline,0,100.0,8464,16126,52.5
1785432486.645,17:28:06,baseline,1,100.0,8272,16126,51.3
1785432486.645,17:28:06,baseline,2,100.0,8432,16126,52.3
1785432486.645,17:28:06,baseline,3,100.0,8288,16126,51.4
1785432486.645,17:28:06,baseline,4,100.0,8336,16126,51.7
1785432486.645,17:28:06,baseline,5,100.0,8528,16126,52.9
1785432486.645,17:28:06,baseline,6,100.0,8305,16126,51.5
1785432486.645,17:28:06,baseline,7,100.0,8400,16126,52.1
1785432487.645,17:28:07,baseline,0,100.0,8464,16126,52.5
1785432487.645,17:28:07,baseline,1,100.0,8272,16126,51.3
1785432487.645,17:28:07,baseline,2,100.0,8432,16126,52.3
1785432487.645,17:28:07,baseline,3,100.0,8288,16126,51.4
1785432487.645,17:28:07,baseline,4,100.0,8336,16126,51.7
1785432487.645,17:28:07,baseline,5,100.0,8528,16126,52.9
1785432487.645,17:28:07,baseline,6,100.0,8305,16126,51.5
1785432487.645,17:28:07,baseline,7,100.0,8400,16126,52.1
1785432488.645,17:28:08,baseline,0,100.0,8464,16126,52.5
1785432488.645,17:28:08,baseline,1,100.0,8272,16126,51.3
1785432488.645,17:28:08,baseline,2,100.0,8432,16126,52.3
1785432488.645,17:28:08,baseline,3,100.0,8288,16126,51.4
1785432488.645,17:28:08,baseline,4,100.0,8336,16126,51.7
1785432488.645,17:28:08,baseline,5,100.0,8528,16126,52.9
1785432488.645,17:28:08,baseline,6,100.0,8305,16126,51.5
1785432488.645,17:28:08,baseline,7,100.0,8400,16126,52.1
1785432489.645,17:28:09,baseline,0,100.0,8464,16126,52.5
1785432489.645,17:28:09,baseline,1,100.0,8272,16126,51.3
1785432489.645,17:28:09,baseline,2,100.0,8432,16126,52.3
1785432489.645,17:28:09,baseline,3,100.0,8288,16126,51.4
1785432489.645,17:28:09,baseline,4,100.0,8336,16126,51.7
1785432489.645,17:28:09,baseline,5,100.0,8528,16126,52.9
1785432489.645,17:28:09,baseline,6,100.0,8305,16126,51.5
1785432489.645,17:28:09,baseline,7,100.0,8400,16126,52.1
1785432490.645,17:28:10,baseline,0,98.5,10358,16126,64.2
1785432490.645,17:28:10,baseline,1,98.6,10358,16126,64.2
1785432490.645,17:28:10,baseline,2,97.8,10358,16126,64.2
1785432490.645,17:28:10,baseline,3,98.4,10358,16126,64.2
1785432490.645,17:28:10,baseline,4,98.5,10358,16126,64.2
1785432490.645,17:28:10,baseline,5,98.5,10358,16126,64.2
1785432490.645,17:28:10,baseline,6,98.2,10360,16126,64.2
1785432490.645,17:28:10,baseline,7,98.2,10358,16126,64.2
1785432491.645,17:28:11,baseline,0,98.5,10358,16126,64.2
1785432491.645,17:28:11,baseline,1,98.6,10358,16126,64.2
1785432491.645,17:28:11,baseline,2,97.8,10358,16126,64.2
1785432491.645,17:28:11,baseline,3,98.4,10358,16126,64.2
1785432491.645,17:28:11,baseline,4,98.5,10358,16126,64.2
1785432491.645,17:28:11,baseline,5,98.5,10358,16126,64.2
1785432491.645,17:28:11,baseline,6,98.2,10360,16126,64.2
1785432491.645,17:28:11,baseline,7,98.2,10358,16126,64.2
1785432492.645,17:28:12,baseline,0,98.5,10358,16126,64.2
1785432492.645,17:28:12,baseline,1,98.6,10358,16126,64.2
1785432492.645,17:28:12,baseline,2,97.8,10358,16126,64.2
1785432492.645,17:28:12,baseline,3,98.4,10358,16126,64.2
1785432492.645,17:28:12,baseline,4,98.5,10358,16126,64.2
1785432492.645,17:28:12,baseline,5,98.5,10358,16126,64.2
1785432492.645,17:28:12,baseline,6,98.2,10360,16126,64.2
1785432492.645,17:28:12,baseline,7,98.2,10358,16126,64.2
1785432493.646,17:28:13,baseline,0,98.5,10358,16126,64.2
1785432493.646,17:28:13,baseline,1,98.6,10358,16126,64.2
1785432493.646,17:28:13,baseline,2,97.8,10358,16126,64.2
1785432493.646,17:28:13,baseline,3,98.4,10358,16126,64.2
1785432493.646,17:28:13,baseline,4,98.5,10358,16126,64.2
1785432493.646,17:28:13,baseline,5,98.5,10358,16126,64.2
1785432493.646,17:28:13,baseline,6,98.2,10360,16126,64.2
1785432493.646,17:28:13,baseline,7,98.2,10358,16126,64.2
1785432494.646,17:28:14,baseline,0,98.5,10358,16126,64.2
1785432494.646,17:28:14,baseline,1,98.6,10358,16126,64.2
1785432494.646,17:28:14,baseline,2,97.8,10358,16126,64.2
1785432494.646,17:28:14,baseline,3,98.4,10358,16126,64.2
1785432494.646,17:28:14,baseline,4,98.5,10358,16126,64.2
1785432494.646,17:28:14,baseline,5,98.5,10358,16126,64.2
1785432494.646,17:28:14,baseline,6,98.2,10360,16126,64.2
1785432494.646,17:28:14,baseline,7,98.2,10358,16126,64.2
1785432495.646,17:28:15,baseline,0,100.0,8273,16126,51.3
1785432495.646,17:28:15,baseline,1,99.9,8241,16126,51.1
1785432495.646,17:28:15,baseline,2,99.9,8273,16126,51.3
1785432495.646,17:28:15,baseline,3,100.0,8369,16126,51.9
1785432495.646,17:28:15,baseline,4,100.0,8290,16126,51.4
1785432495.646,17:28:15,baseline,5,100.0,8273,16126,51.3
1785432495.646,17:28:15,baseline,6,100.0,8339,16126,51.7
1785432495.646,17:28:15,baseline,7,100.0,8257,16126,51.2
1785432496.646,17:28:16,baseline,0,100.0,8273,16126,51.3
1785432496.646,17:28:16,baseline,1,99.9,8241,16126,51.1
1785432496.646,17:28:16,baseline,2,99.9,8273,16126,51.3
1785432496.646,17:28:16,baseline,3,100.0,8369,16126,51.9
1785432496.646,17:28:16,baseline,4,100.0,8290,16126,51.4
1785432496.646,17:28:16,baseline,5,100.0,8273,16126,51.3
1785432496.646,17:28:16,baseline,6,100.0,8339,16126,51.7
1785432496.646,17:28:16,baseline,7,100.0,8257,16126,51.2
1785432497.646,17:28:17,baseline,0,100.0,8273,16126,51.3
1785432497.646,17:28:17,baseline,1,99.9,8241,16126,51.1
1785432497.646,17:28:17,baseline,2,99.9,8273,16126,51.3
1785432497.646,17:28:17,baseline,3,100.0,8369,16126,51.9
1785432497.646,17:28:17,baseline,4,100.0,8290,16126,51.4
1785432497.646,17:28:17,baseline,5,100.0,8273,16126,51.3
1785432497.646,17:28:17,baseline,6,100.0,8339,16126,51.7
1785432497.646,17:28:17,baseline,7,100.0,8257,16126,51.2
1785432498.646,17:28:18,baseline,0,100.0,8273,16126,51.3
1785432498.646,17:28:18,baseline,1,99.9,8241,16126,51.1
1785432498.646,17:28:18,baseline,2,99.9,8273,16126,51.3
1785432498.646,17:28:18,baseline,3,100.0,8369,16126,51.9
1785432498.646,17:28:18,baseline,4,100.0,8290,16126,51.4
1785432498.646,17:28:18,baseline,5,100.0,8273,16126,51.3
1785432498.646,17:28:18,baseline,6,100.0,8339,16126,51.7
1785432498.646,17:28:18,baseline,7,100.0,8257,16126,51.2
1785432499.646,17:28:19,baseline,0,100.0,8273,16126,51.3
1785432499.646,17:28:19,baseline,1,99.9,8241,16126,51.1
1785432499.646,17:28:19,baseline,2,99.9,8273,16126,51.3
1785432499.646,17:28:19,baseline,3,100.0,8369,16126,51.9
1785432499.646,17:28:19,baseline,4,100.0,8290,16126,51.4
1785432499.646,17:28:19,baseline,5,100.0,8273,16126,51.3
1785432499.646,17:28:19,baseline,6,100.0,8339,16126,51.7
1785432499.646,17:28:19,baseline,7,100.0,8257,16126,51.2
1785432500.646,17:28:20,baseline,0,98.3,10376,16126,64.3
1785432500.646,17:28:20,baseline,1,98.1,10376,16126,64.3
1785432500.646,17:28:20,baseline,2,98.1,10376,16126,64.3
1785432500.646,17:28:20,baseline,3,98.5,10376,16126,64.3
1785432500.646,17:28:20,baseline,4,97.9,10376,16126,64.3
1785432500.646,17:28:20,baseline,5,98.7,10375,16126,64.3
1785432500.646,17:28:20,baseline,6,98.4,10377,16126,64.3
1785432500.646,17:28:20,baseline,7,98.2,10376,16126,64.3
1785432501.647,17:28:21,baseline,0,98.3,10376,16126,64.3
1785432501.647,17:28:21,baseline,1,98.1,10376,16126,64.3
1785432501.647,17:28:21,baseline,2,98.1,10376,16126,64.3
1785432501.647,17:28:21,baseline,3,98.5,10376,16126,64.3
1785432501.647,17:28:21,baseline,4,97.9,10376,16126,64.3
1785432501.647,17:28:21,baseline,5,98.7,10375,16126,64.3
1785432501.647,17:28:21,baseline,6,98.4,10377,16126,64.3
1785432501.647,17:28:21,baseline,7,98.2,10376,16126,64.3
1785432502.647,17:28:22,baseline,0,98.3,10376,16126,64.3
1785432502.647,17:28:22,baseline,1,98.1,10376,16126,64.3
1785432502.647,17:28:22,baseline,2,98.1,10376,16126,64.3
1785432502.647,17:28:22,baseline,3,98.5,10376,16126,64.3
1785432502.647,17:28:22,baseline,4,97.9,10376,16126,64.3
1785432502.647,17:28:22,baseline,5,98.7,10375,16126,64.3
1785432502.647,17:28:22,baseline,6,98.4,10377,16126,64.3
1785432502.647,17:28:22,baseline,7,98.2,10376,16126,64.3
1785432503.647,17:28:23,baseline,0,98.3,10376,16126,64.3
1785432503.647,17:28:23,baseline,1,98.1,10376,16126,64.3
1785432503.647,17:28:23,baseline,2,98.1,10376,16126,64.3
1785432503.647,17:28:23,baseline,3,98.5,10376,16126,64.3
1785432503.647,17:28:23,baseline,4,97.9,10376,16126,64.3
1785432503.647,17:28:23,baseline,5,98.7,10375,16126,64.3
1785432503.647,17:28:23,baseline,6,98.4,10377,16126,64.3
1785432503.647,17:28:23,baseline,7,98.2,10376,16126,64.3
1785432504.647,17:28:24,baseline,0,98.3,10376,16126,64.3
1785432504.647,17:28:24,baseline,1,98.1,10376,16126,64.3
1785432504.647,17:28:24,baseline,2,98.1,10376,16126,64.3
1785432504.647,17:28:24,baseline,3,98.5,10376,16126,64.3
1785432504.647,17:28:24,baseline,4,97.9,10376,16126,64.3
1785432504.647,17:28:24,baseline,5,98.7,10375,16126,64.3
1785432504.647,17:28:24,baseline,6,98.4,10377,16126,64.3
1785432504.647,17:28:24,baseline,7,98.2,10376,16126,64.3
1785432505.647,17:28:25,baseline,0,96.7,10523,16126,65.3
1785432505.647,17:28:25,baseline,1,96.7,10523,16126,65.3
1785432505.647,17:28:25,baseline,2,96.8,10523,16126,65.3
1785432505.647,17:28:25,baseline,3,96.7,10523,16126,65.3
1785432505.647,17:28:25,baseline,4,96.9,10523,16126,65.3
1785432505.647,17:28:25,baseline,5,96.7,10523,16126,65.3
1785432505.647,17:28:25,baseline,6,96.7,10525,16126,65.3
1785432505.647,17:28:25,baseline,7,96.6,10523,16126,65.3
1785432506.647,17:28:26,baseline,0,96.7,10523,16126,65.3
1785432506.647,17:28:26,baseline,1,96.7,10523,16126,65.3
1785432506.647,17:28:26,baseline,2,96.8,10523,16126,65.3
1785432506.647,17:28:26,baseline,3,96.7,10523,16126,65.3
1785432506.647,17:28:26,baseline,4,96.9,10523,16126,65.3
1785432506.647,17:28:26,baseline,5,96.7,10523,16126,65.3
1785432506.647,17:28:26,baseline,6,96.7,10525,16126,65.3
1785432506.647,17:28:26,baseline,7,96.6,10523,16126,65.3
1785432507.647,17:28:27,baseline,0,96.7,10523,16126,65.3
1785432507.647,17:28:27,baseline,1,96.7,10523,16126,65.3
1785432507.647,17:28:27,baseline,2,96.8,10523,16126,65.3
1785432507.647,17:28:27,baseline,3,96.7,10523,16126,65.3
1785432507.647,17:28:27,baseline,4,96.9,10523,16126,65.3
1785432507.647,17:28:27,baseline,5,96.7,10523,16126,65.3
1785432507.647,17:28:27,baseline,6,96.7,10525,16126,65.3
1785432507.647,17:28:27,baseline,7,96.6,10523,16126,65.3
1785432508.647,17:28:28,baseline,0,96.7,10523,16126,65.3
1785432508.647,17:28:28,baseline,1,96.7,10523,16126,65.3
1785432508.647,17:28:28,baseline,2,96.8,10523,16126,65.3
1785432508.647,17:28:28,baseline,3,96.7,10523,16126,65.3
1785432508.647,17:28:28,baseline,4,96.9,10523,16126,65.3
1785432508.647,17:28:28,baseline,5,96.7,10523,16126,65.3
1785432508.647,17:28:28,baseline,6,96.7,10525,16126,65.3
1785432508.647,17:28:28,baseline,7,96.6,10523,16126,65.3
1785432509.647,17:28:29,baseline,0,96.7,10523,16126,65.3
1785432509.647,17:28:29,baseline,1,96.7,10523,16126,65.3
1785432509.647,17:28:29,baseline,2,96.8,10523,16126,65.3
1785432509.647,17:28:29,baseline,3,96.7,10523,16126,65.3
1785432509.647,17:28:29,baseline,4,96.9,10523,16126,65.3
1785432509.647,17:28:29,baseline,5,96.7,10523,16126,65.3
1785432509.647,17:28:29,baseline,6,96.7,10525,16126,65.3
1785432509.647,17:28:29,baseline,7,96.6,10523,16126,65.3
1785432510.648,17:28:30,baseline,0,100.0,8251,16126,51.2
1785432510.648,17:28:30,baseline,1,100.0,8395,16126,52.1
1785432510.648,17:28:30,baseline,2,100.0,10611,16126,65.8
1785432510.648,17:28:30,baseline,3,100.0,8251,16126,51.2
1785432510.648,17:28:30,baseline,4,100.0,10611,16126,65.8
1785432510.648,17:28:30,baseline,5,100.0,8267,16126,51.3
1785432510.648,17:28:30,baseline,6,100.0,8428,16126,52.3
1785432510.648,17:28:30,baseline,7,100.0,8395,16126,52.1
1785432511.648,17:28:31,baseline,0,100.0,8251,16126,51.2
1785432511.648,17:28:31,baseline,1,100.0,8395,16126,52.1
1785432511.648,17:28:31,baseline,2,100.0,10611,16126,65.8
1785432511.648,17:28:31,baseline,3,100.0,8251,16126,51.2
1785432511.648,17:28:31,baseline,4,100.0,10611,16126,65.8
1785432511.648,17:28:31,baseline,5,100.0,8267,16126,51.3
1785432511.648,17:28:31,baseline,6,100.0,8428,16126,52.3
1785432511.648,17:28:31,baseline,7,100.0,8395,16126,52.1
1785432512.648,17:28:32,baseline,0,100.0,8251,16126,51.2
1785432512.648,17:28:32,baseline,1,100.0,8395,16126,52.1
1785432512.648,17:28:32,baseline,2,100.0,10611,16126,65.8
1785432512.648,17:28:32,baseline,3,100.0,8251,16126,51.2
1785432512.648,17:28:32,baseline,4,100.0,10611,16126,65.8
1785432512.648,17:28:32,baseline,5,100.0,8267,16126,51.3
1785432512.648,17:28:32,baseline,6,100.0,8428,16126,52.3
1785432512.648,17:28:32,baseline,7,100.0,8395,16126,52.1
1785432513.648,17:28:33,baseline,0,100.0,8251,16126,51.2
1785432513.648,17:28:33,baseline,1,100.0,8395,16126,52.1
1785432513.648,17:28:33,baseline,2,100.0,10611,16126,65.8
1785432513.648,17:28:33,baseline,3,100.0,8251,16126,51.2
1785432513.648,17:28:33,baseline,4,100.0,10611,16126,65.8
1785432513.648,17:28:33,baseline,5,100.0,8267,16126,51.3
1785432513.648,17:28:33,baseline,6,100.0,8428,16126,52.3
1785432513.648,17:28:33,baseline,7,100.0,8395,16126,52.1
1785432514.648,17:28:34,baseline,0,100.0,8251,16126,51.2
1785432514.648,17:28:34,baseline,1,100.0,8395,16126,52.1
1785432514.648,17:28:34,baseline,2,100.0,10611,16126,65.8
1785432514.648,17:28:34,baseline,3,100.0,8251,16126,51.2
1785432514.648,17:28:34,baseline,4,100.0,10611,16126,65.8
1785432514.648,17:28:34,baseline,5,100.0,8267,16126,51.3
1785432514.648,17:28:34,baseline,6,100.0,8428,16126,52.3
1785432514.648,17:28:34,baseline,7,100.0,8395,16126,52.1
1785432515.648,17:28:35,baseline,0,98.8,10541,16126,65.4
1785432515.648,17:28:35,baseline,1,98.4,10541,16126,65.4
1785432515.648,17:28:35,baseline,2,98.1,10541,16126,65.4
1785432515.648,17:28:35,baseline,3,98.4,10541,16126,65.4
1785432515.648,17:28:35,baseline,4,98.1,10541,16126,65.4
1785432515.648,17:28:35,baseline,5,98.2,10541,16126,65.4
1785432515.648,17:28:35,baseline,6,98.2,10542,16126,65.4
1785432515.648,17:28:35,baseline,7,98.5,10541,16126,65.4
1785432516.648,17:28:36,baseline,0,98.8,10541,16126,65.4
1785432516.648,17:28:36,baseline,1,98.4,10541,16126,65.4
1785432516.648,17:28:36,baseline,2,98.1,10541,16126,65.4
1785432516.648,17:28:36,baseline,3,98.4,10541,16126,65.4
1785432516.648,17:28:36,baseline,4,98.1,10541,16126,65.4
1785432516.648,17:28:36,baseline,5,98.2,10541,16126,65.4
1785432516.648,17:28:36,baseline,6,98.2,10542,16126,65.4
1785432516.648,17:28:36,baseline,7,98.5,10541,16126,65.4
1785432517.648,17:28:37,baseline,0,98.8,10541,16126,65.4
1785432517.648,17:28:37,baseline,1,98.4,10541,16126,65.4
1785432517.648,17:28:37,baseline,2,98.1,10541,16126,65.4
1785432517.648,17:28:37,baseline,3,98.4,10541,16126,65.4
1785432517.648,17:28:37,baseline,4,98.1,10541,16126,65.4
1785432517.648,17:28:37,baseline,5,98.2,10541,16126,65.4
1785432517.648,17:28:37,baseline,6,98.2,10542,16126,65.4
1785432517.648,17:28:37,baseline,7,98.5,10541,16126,65.4
1785432518.648,17:28:38,baseline,0,98.8,10541,16126,65.4
1785432518.648,17:28:38,baseline,1,98.4,10541,16126,65.4
1785432518.648,17:28:38,baseline,2,98.1,10541,16126,65.4
1785432518.648,17:28:38,baseline,3,98.4,10541,16126,65.4
1785432518.648,17:28:38,baseline,4,98.1,10541,16126,65.4
1785432518.648,17:28:38,baseline,5,98.2,10541,16126,65.4
1785432518.648,17:28:38,baseline,6,98.2,10542,16126,65.4
1785432518.648,17:28:38,baseline,7,98.5,10541,16126,65.4
1785432519.649,17:28:39,baseline,0,98.8,10541,16126,65.4
1785432519.649,17:28:39,baseline,1,98.4,10541,16126,65.4
1785432519.649,17:28:39,baseline,2,98.1,10541,16126,65.4
1785432519.649,17:28:39,baseline,3,98.4,10541,16126,65.4
1785432519.649,17:28:39,baseline,4,98.1,10541,16126,65.4
1785432519.649,17:28:39,baseline,5,98.2,10541,16126,65.4
1785432519.649,17:28:39,baseline,6,98.2,10542,16126,65.4
1785432519.649,17:28:39,baseline,7,98.5,10541,16126,65.4
1785432520.649,17:28:40,baseline,0,100.0,8381,16126,52.0
1785432520.649,17:28:40,baseline,1,99.6,8381,16126,52.0
1785432520.649,17:28:40,baseline,2,99.7,8284,16126,51.4
1785432520.649,17:28:40,baseline,3,99.9,8396,16126,52.1
1785432520.649,17:28:40,baseline,4,99.9,8316,16126,51.6
1785432520.649,17:28:40,baseline,5,100.0,8317,16126,51.6
1785432520.649,17:28:40,baseline,6,99.6,8334,16126,51.7
1785432520.649,17:28:40,baseline,7,100.0,8316,16126,51.6
1785432521.649,17:28:41,baseline,0,100.0,8381,16126,52.0
1785432521.649,17:28:41,baseline,1,99.6,8381,16126,52.0
1785432521.649,17:28:41,baseline,2,99.7,8284,16126,51.4
1785432521.649,17:28:41,baseline,3,99.9,8396,16126,52.1
1785432521.649,17:28:41,baseline,4,99.9,8316,16126,51.6
1785432521.649,17:28:41,baseline,5,100.0,8317,16126,51.6
1785432521.649,17:28:41,baseline,6,99.6,8334,16126,51.7
1785432521.649,17:28:41,baseline,7,100.0,8316,16126,51.6
1785432522.649,17:28:42,baseline,0,100.0,8381,16126,52.0
1785432522.649,17:28:42,baseline,1,99.6,8381,16126,52.0
1785432522.649,17:28:42,baseline,2,99.7,8284,16126,51.4
1785432522.649,17:28:42,baseline,3,99.9,8396,16126,52.1
1785432522.649,17:28:42,baseline,4,99.9,8316,16126,51.6
1785432522.649,17:28:42,baseline,5,100.0,8317,16126,51.6
1785432522.649,17:28:42,baseline,6,99.6,8334,16126,51.7
1785432522.649,17:28:42,baseline,7,100.0,8316,16126,51.6
1785432523.649,17:28:43,baseline,0,100.0,8381,16126,52.0
1785432523.649,17:28:43,baseline,1,99.6,8381,16126,52.0
1785432523.649,17:28:43,baseline,2,99.7,8284,16126,51.4
1785432523.649,17:28:43,baseline,3,99.9,8396,16126,52.1
1785432523.649,17:28:43,baseline,4,99.9,8316,16126,51.6
1785432523.649,17:28:43,baseline,5,100.0,8317,16126,51.6
1785432523.649,17:28:43,baseline,6,99.6,8334,16126,51.7
1785432523.649,17:28:43,baseline,7,100.0,8316,16126,51.6
1785432524.649,17:28:44,baseline,0,100.0,8381,16126,52.0
1785432524.649,17:28:44,baseline,1,99.6,8381,16126,52.0
1785432524.649,17:28:44,baseline,2,99.7,8284,16126,51.4
1785432524.649,17:28:44,baseline,3,99.9,8396,16126,52.1
1785432524.649,17:28:44,baseline,4,99.9,8316,16126,51.6
1785432524.649,17:28:44,baseline,5,100.0,8317,16126,51.6
1785432524.649,17:28:44,baseline,6,99.6,8334,16126,51.7
1785432524.649,17:28:44,baseline,7,100.0,8316,16126,51.6
1785432525.649,17:28:45,baseline,0,98.8,10558,16126,65.5
1785432525.649,17:28:45,baseline,1,98.4,10558,16126,65.5
1785432525.649,17:28:45,baseline,2,97.9,10558,16126,65.5
1785432525.649,17:28:45,baseline,3,97.9,10558,16126,65.5
1785432525.649,17:28:45,baseline,4,98.1,10558,16126,65.5
1785432525.649,17:28:45,baseline,5,98.2,10558,16126,65.5
1785432525.649,17:28:45,baseline,6,98.4,10559,16126,65.5
1785432525.649,17:28:45,baseline,7,98.6,10558,16126,65.5
1785432526.649,17:28:46,baseline,0,98.8,10558,16126,65.5
1785432526.649,17:28:46,baseline,1,98.4,10558,16126,65.5
1785432526.649,17:28:46,baseline,2,97.9,10558,16126,65.5
1785432526.649,17:28:46,baseline,3,97.9,10558,16126,65.5
1785432526.649,17:28:46,baseline,4,98.1,10558,16126,65.5
1785432526.649,17:28:46,baseline,5,98.2,10558,16126,65.5
1785432526.649,17:28:46,baseline,6,98.4,10559,16126,65.5
1785432526.649,17:28:46,baseline,7,98.6,10558,16126,65.5
1785432527.649,17:28:47,baseline,0,98.8,10558,16126,65.5
1785432527.649,17:28:47,baseline,1,98.4,10558,16126,65.5
1785432527.649,17:28:47,baseline,2,97.9,10558,16126,65.5
1785432527.649,17:28:47,baseline,3,97.9,10558,16126,65.5
1785432527.649,17:28:47,baseline,4,98.1,10558,16126,65.5
1785432527.649,17:28:47,baseline,5,98.2,10558,16126,65.5
1785432527.649,17:28:47,baseline,6,98.4,10559,16126,65.5
1785432527.649,17:28:47,baseline,7,98.6,10558,16126,65.5
1785432528.65,17:28:48,baseline,0,98.8,10558,16126,65.5
1785432528.65,17:28:48,baseline,1,98.4,10558,16126,65.5
1785432528.65,17:28:48,baseline,2,97.9,10558,16126,65.5
1785432528.65,17:28:48,baseline,3,97.9,10558,16126,65.5
1785432528.65,17:28:48,baseline,4,98.1,10558,16126,65.5
1785432528.65,17:28:48,baseline,5,98.2,10558,16126,65.5
1785432528.65,17:28:48,baseline,6,98.4,10559,16126,65.5
1785432528.65,17:28:48,baseline,7,98.6,10558,16126,65.5
1785432529.65,17:28:49,baseline,0,98.8,10558,16126,65.5
1785432529.65,17:28:49,baseline,1,98.4,10558,16126,65.5
1785432529.65,17:28:49,baseline,2,97.9,10558,16126,65.5
1785432529.65,17:28:49,baseline,3,97.9,10558,16126,65.5
1785432529.65,17:28:49,baseline,4,98.1,10558,16126,65.5
1785432529.65,17:28:49,baseline,5,98.2,10558,16126,65.5
1785432529.65,17:28:49,baseline,6,98.4,10559,16126,65.5
1785432529.65,17:28:49,baseline,7,98.6,10558,16126,65.5
1785432530.65,17:28:50,baseline,0,98.9,8606,16126,53.4
1785432530.65,17:28:50,baseline,1,98.9,8446,16126,52.4
1785432530.65,17:28:50,baseline,2,98.8,8414,16126,52.2
1785432530.65,17:28:50,baseline,3,99.0,8383,16126,52.0
1785432530.65,17:28:50,baseline,4,98.8,8430,16126,52.3
1785432530.65,17:28:50,baseline,5,99.2,8542,16126,53.0
1785432530.65,17:28:50,baseline,6,98.5,8431,16126,52.3
1785432530.65,17:28:50,baseline,7,99.1,8542,16126,53.0
1785432531.65,17:28:51,baseline,0,98.9,8606,16126,53.4
1785432531.65,17:28:51,baseline,1,98.9,8446,16126,52.4
1785432531.65,17:28:51,baseline,2,98.8,8414,16126,52.2
1785432531.65,17:28:51,baseline,3,99.0,8383,16126,52.0
1785432531.65,17:28:51,baseline,4,98.8,8430,16126,52.3
1785432531.65,17:28:51,baseline,5,99.2,8542,16126,53.0
1785432531.65,17:28:51,baseline,6,98.5,8431,16126,52.3
1785432531.65,17:28:51,baseline,7,99.1,8542,16126,53.0
1785432532.65,17:28:52,baseline,0,98.9,8606,16126,53.4
1785432532.65,17:28:52,baseline,1,98.9,8446,16126,52.4
1785432532.65,17:28:52,baseline,2,98.8,8414,16126,52.2
1785432532.65,17:28:52,baseline,3,99.0,8383,16126,52.0
1785432532.65,17:28:52,baseline,4,98.8,8430,16126,52.3
1785432532.65,17:28:52,baseline,5,99.2,8542,16126,53.0
1785432532.65,17:28:52,baseline,6,98.5,8431,16126,52.3
1785432532.65,17:28:52,baseline,7,99.1,8542,16126,53.0
1785432533.65,17:28:53,baseline,0,98.9,8606,16126,53.4
1785432533.65,17:28:53,baseline,1,98.9,8446,16126,52.4
1785432533.65,17:28:53,baseline,2,98.8,8414,16126,52.2
1785432533.65,17:28:53,baseline,3,99.0,8383,16126,52.0
1785432533.65,17:28:53,baseline,4,98.8,8430,16126,52.3
1785432533.65,17:28:53,baseline,5,99.2,8542,16126,53.0
1785432533.65,17:28:53,baseline,6,98.5,8431,16126,52.3
1785432533.65,17:28:53,baseline,7,99.1,8542,16126,53.0
1785432534.65,17:28:54,baseline,0,98.9,8606,16126,53.4
1785432534.65,17:28:54,baseline,1,98.9,8446,16126,52.4
1785432534.65,17:28:54,baseline,2,98.8,8414,16126,52.2
1785432534.65,17:28:54,baseline,3,99.0,8383,16126,52.0
1785432534.65,17:28:54,baseline,4,98.8,8430,16126,52.3
1785432534.65,17:28:54,baseline,5,99.2,8542,16126,53.0
1785432534.65,17:28:54,baseline,6,98.5,8431,16126,52.3
1785432534.65,17:28:54,baseline,7,99.1,8542,16126,53.0
1785432535.65,17:28:55,baseline,0,96.6,10436,16126,64.7
1785432535.65,17:28:55,baseline,1,96.9,10436,16126,64.7
1785432535.65,17:28:55,baseline,2,96.7,10436,16126,64.7
1785432535.65,17:28:55,baseline,3,96.9,10436,16126,64.7
1785432535.65,17:28:55,baseline,4,96.6,10436,16126,64.7
1785432535.65,17:28:55,baseline,5,96.6,10436,16126,64.7
1785432535.65,17:28:55,baseline,6,96.2,10437,16126,64.7
1785432535.65,17:28:55,baseline,7,97.1,10436,16126,64.7
1785432536.651,17:28:56,baseline,0,96.6,10436,16126,64.7
1785432536.651,17:28:56,baseline,1,96.9,10436,16126,64.7
1785432536.651,17:28:56,baseline,2,96.7,10436,16126,64.7
1785432536.651,17:28:56,baseline,3,96.9,10436,16126,64.7
1785432536.651,17:28:56,baseline,4,96.6,10436,16126,64.7
1785432536.651,17:28:56,baseline,5,96.6,10436,16126,64.7
1785432536.651,17:28:56,baseline,6,96.2,10437,16126,64.7
1785432536.651,17:28:56,baseline,7,97.1,10436,16126,64.7
1785432537.651,17:28:57,baseline,0,96.6,10436,16126,64.7
1785432537.651,17:28:57,baseline,1,96.9,10436,16126,64.7
1785432537.651,17:28:57,baseline,2,96.7,10436,16126,64.7
1785432537.651,17:28:57,baseline,3,96.9,10436,16126,64.7
1785432537.651,17:28:57,baseline,4,96.6,10436,16126,64.7
1785432537.651,17:28:57,baseline,5,96.6,10436,16126,64.7
1785432537.651,17:28:57,baseline,6,96.2,10437,16126,64.7
1785432537.651,17:28:57,baseline,7,97.1,10436,16126,64.7
1785432538.651,17:28:58,baseline,0,96.6,10436,16126,64.7
1785432538.651,17:28:58,baseline,1,96.9,10436,16126,64.7
1785432538.651,17:28:58,baseline,2,96.7,10436,16126,64.7
1785432538.651,17:28:58,baseline,3,96.9,10436,16126,64.7
1785432538.651,17:28:58,baseline,4,96.6,10436,16126,64.7
1785432538.651,17:28:58,baseline,5,96.6,10436,16126,64.7
1785432538.651,17:28:58,baseline,6,96.2,10437,16126,64.7
1785432538.651,17:28:58,baseline,7,97.1,10436,16126,64.7
1785432539.651,17:28:59,baseline,0,96.6,10436,16126,64.7
1785432539.651,17:28:59,baseline,1,96.9,10436,16126,64.7
1785432539.651,17:28:59,baseline,2,96.7,10436,16126,64.7
1785432539.651,17:28:59,baseline,3,96.9,10436,16126,64.7
1785432539.651,17:28:59,baseline,4,96.6,10436,16126,64.7
1785432539.651,17:28:59,baseline,5,96.6,10436,16126,64.7
1785432539.651,17:28:59,baseline,6,96.2,10437,16126,64.7
1785432539.651,17:28:59,baseline,7,97.1,10436,16126,64.7
1785432540.651,17:29:00,baseline,0,100.0,8400,16126,52.1
1785432540.651,17:29:00,baseline,1,100.0,8303,16126,51.5
1785432540.651,17:29:00,baseline,2,100.0,8367,16126,51.9
1785432540.651,17:29:00,baseline,3,100.0,8447,16126,52.4
1785432540.651,17:29:00,baseline,4,100.0,8431,16126,52.3
1785432540.651,17:29:00,baseline,5,99.9,8351,16126,51.8
1785432540.651,17:29:00,baseline,6,100.0,8417,16126,52.2
1785432540.651,17:29:00,baseline,7,100.0,8303,16126,51.5
1785432541.651,17:29:01,baseline,0,100.0,8400,16126,52.1
1785432541.651,17:29:01,baseline,1,100.0,8303,16126,51.5
1785432541.651,17:29:01,baseline,2,100.0,8367,16126,51.9
1785432541.651,17:29:01,baseline,3,100.0,8447,16126,52.4
1785432541.651,17:29:01,baseline,4,100.0,8431,16126,52.3
1785432541.651,17:29:01,baseline,5,99.9,8351,16126,51.8
1785432541.651,17:29:01,baseline,6,100.0,8417,16126,52.2
1785432541.651,17:29:01,baseline,7,100.0,8303,16126,51.5
1785432542.651,17:29:02,baseline,0,100.0,8400,16126,52.1
1785432542.651,17:29:02,baseline,1,100.0,8303,16126,51.5
1785432542.651,17:29:02,baseline,2,100.0,8367,16126,51.9
1785432542.651,17:29:02,baseline,3,100.0,8447,16126,52.4
1785432542.651,17:29:02,baseline,4,100.0,8431,16126,52.3
1785432542.651,17:29:02,baseline,5,99.9,8351,16126,51.8
1785432542.651,17:29:02,baseline,6,100.0,8417,16126,52.2
1785432542.651,17:29:02,baseline,7,100.0,8303,16126,51.5
1785432543.651,17:29:03,baseline,0,100.0,8400,16126,52.1
1785432543.651,17:29:03,baseline,1,100.0,8303,16126,51.5
1785432543.651,17:29:03,baseline,2,100.0,8367,16126,51.9
1785432543.651,17:29:03,baseline,3,100.0,8447,16126,52.4
1785432543.651,17:29:03,baseline,4,100.0,8431,16126,52.3
1785432543.651,17:29:03,baseline,5,99.9,8351,16126,51.8
1785432543.651,17:29:03,baseline,6,100.0,8417,16126,52.2
1785432543.651,17:29:03,baseline,7,100.0,8303,16126,51.5
1785432544.652,17:29:04,baseline,0,100.0,8400,16126,52.1
1785432544.652,17:29:04,baseline,1,100.0,8303,16126,51.5
1785432544.652,17:29:04,baseline,2,100.0,8367,16126,51.9
1785432544.652,17:29:04,baseline,3,100.0,8447,16126,52.4
1785432544.652,17:29:04,baseline,4,100.0,8431,16126,52.3
1785432544.652,17:29:04,baseline,5,99.9,8351,16126,51.8
1785432544.652,17:29:04,baseline,6,100.0,8417,16126,52.2
1785432544.652,17:29:04,baseline,7,100.0,8303,16126,51.5
1785432545.652,17:29:05,baseline,0,98.3,10453,16126,64.8
1785432545.652,17:29:05,baseline,1,97.8,10453,16126,64.8
1785432545.652,17:29:05,baseline,2,98.1,10453,16126,64.8
1785432545.652,17:29:05,baseline,3,98.0,10453,16126,64.8
1785432545.652,17:29:05,baseline,4,98.1,10453,16126,64.8
1785432545.652,17:29:05,baseline,5,97.5,10453,16126,64.8
1785432545.652,17:29:05,baseline,6,98.9,10455,16126,64.8
1785432545.652,17:29:05,baseline,7,98.1,10453,16126,64.8
1785432546.652,17:29:06,baseline,0,98.3,10453,16126,64.8
1785432546.652,17:29:06,baseline,1,97.8,10453,16126,64.8
1785432546.652,17:29:06,baseline,2,98.1,10453,16126,64.8
1785432546.652,17:29:06,baseline,3,98.0,10453,16126,64.8
1785432546.652,17:29:06,baseline,4,98.1,10453,16126,64.8
1785432546.652,17:29:06,baseline,5,97.5,10453,16126,64.8
1785432546.652,17:29:06,baseline,6,98.9,10455,16126,64.8
1785432546.652,17:29:06,baseline,7,98.1,10453,16126,64.8
1785432547.652,17:29:07,baseline,0,98.3,10453,16126,64.8
1785432547.652,17:29:07,baseline,1,97.8,10453,16126,64.8
1785432547.652,17:29:07,baseline,2,98.1,10453,16126,64.8
1785432547.652,17:29:07,baseline,3,98.0,10453,16126,64.8
1785432547.652,17:29:07,baseline,4,98.1,10453,16126,64.8
1785432547.652,17:29:07,baseline,5,97.5,10453,16126,64.8
1785432547.652,17:29:07,baseline,6,98.9,10455,16126,64.8
1785432547.652,17:29:07,baseline,7,98.1,10453,16126,64.8
1785432548.652,17:29:08,baseline,0,98.3,10453,16126,64.8
1785432548.652,17:29:08,baseline,1,97.8,10453,16126,64.8
1785432548.652,17:29:08,baseline,2,98.1,10453,16126,64.8
1785432548.652,17:29:08,baseline,3,98.0,10453,16126,64.8
1785432548.652,17:29:08,baseline,4,98.1,10453,16126,64.8
1785432548.652,17:29:08,baseline,5,97.5,10453,16126,64.8
1785432548.652,17:29:08,baseline,6,98.9,10455,16126,64.8
1785432548.652,17:29:08,baseline,7,98.1,10453,16126,64.8
1785432549.652,17:29:09,baseline,0,98.3,10453,16126,64.8
1785432549.652,17:29:09,baseline,1,97.8,10453,16126,64.8
1785432549.652,17:29:09,baseline,2,98.1,10453,16126,64.8
1785432549.652,17:29:09,baseline,3,98.0,10453,16126,64.8
1785432549.652,17:29:09,baseline,4,98.1,10453,16126,64.8
1785432549.652,17:29:09,baseline,5,97.5,10453,16126,64.8
1785432549.652,17:29:09,baseline,6,98.9,10455,16126,64.8
1785432549.652,17:29:09,baseline,7,98.1,10453,16126,64.8
1785432550.652,17:29:10,baseline,0,100.0,8321,16126,51.6
1785432550.652,17:29:10,baseline,1,99.8,8337,16126,51.7
1785432550.652,17:29:10,baseline,2,99.3,8465,16126,52.5
1785432550.652,17:29:10,baseline,3,99.4,8433,16126,52.3
1785432550.652,17:29:10,baseline,4,99.5,8465,16126,52.5
1785432550.652,17:29:10,baseline,5,99.3,8305,16126,51.5
1785432550.652,17:29:10,baseline,6,99.2,8546,16126,53.0
1785432550.652,17:29:10,baseline,7,100.0,8433,16126,52.3
1785432551.652,17:29:11,baseline,0,100.0,8321,16126,51.6
1785432551.652,17:29:11,baseline,1,99.8,8337,16126,51.7
1785432551.652,17:29:11,baseline,2,99.3,8465,16126,52.5
1785432551.652,17:29:11,baseline,3,99.4,8433,16126,52.3
1785432551.652,17:29:11,baseline,4,99.5,8465,16126,52.5
1785432551.652,17:29:11,baseline,5,99.3,8305,16126,51.5
1785432551.652,17:29:11,baseline,6,99.2,8546,16126,53.0
1785432551.652,17:29:11,baseline,7,100.0,8433,16126,52.3
1785432552.652,17:29:12,baseline,0,100.0,8321,16126,51.6
1785432552.652,17:29:12,baseline,1,99.8,8337,16126,51.7
1785432552.652,17:29:12,baseline,2,99.3,8465,16126,52.5
1785432552.652,17:29:12,baseline,3,99.4,8433,16126,52.3
1785432552.652,17:29:12,baseline,4,99.5,8465,16126,52.5
1785432552.652,17:29:12,baseline,5,99.3,8305,16126,51.5
1785432552.652,17:29:12,baseline,6,99.2,8546,16126,53.0
1785432552.652,17:29:12,baseline,7,100.0,8433,16126,52.3
1785432553.652,17:29:13,baseline,0,100.0,8321,16126,51.6
1785432553.652,17:29:13,baseline,1,99.8,8337,16126,51.7
1785432553.652,17:29:13,baseline,2,99.3,8465,16126,52.5
1785432553.652,17:29:13,baseline,3,99.4,8433,16126,52.3
1785432553.652,17:29:13,baseline,4,99.5,8465,16126,52.5
1785432553.652,17:29:13,baseline,5,99.3,8305,16126,51.5
1785432553.652,17:29:13,baseline,6,99.2,8546,16126,53.0
1785432553.652,17:29:13,baseline,7,100.0,8433,16126,52.3
1785432554.653,17:29:14,baseline,0,100.0,8321,16126,51.6
1785432554.653,17:29:14,baseline,1,99.8,8337,16126,51.7
1785432554.653,17:29:14,baseline,2,99.3,8465,16126,52.5
1785432554.653,17:29:14,baseline,3,99.4,8433,16126,52.3
1785432554.653,17:29:14,baseline,4,99.5,8465,16126,52.5
1785432554.653,17:29:14,baseline,5,99.3,8305,16126,51.5
1785432554.653,17:29:14,baseline,6,99.2,8546,16126,53.0
1785432554.653,17:29:14,baseline,7,100.0,8433,16126,52.3
1785432555.653,17:29:15,baseline,0,98.5,10471,16126,64.9
1785432555.653,17:29:15,baseline,1,98.2,10471,16126,64.9
1785432555.653,17:29:15,baseline,2,98.1,10471,16126,64.9
1785432555.653,17:29:15,baseline,3,98.1,10471,16126,64.9
1785432555.653,17:29:15,baseline,4,98.0,10471,16126,64.9
1785432555.653,17:29:15,baseline,5,98.3,10471,16126,64.9
1785432555.653,17:29:15,baseline,6,98.3,10472,16126,64.9
1785432555.653,17:29:15,baseline,7,98.1,10471,16126,64.9
1785432556.653,17:29:16,baseline,0,98.5,10471,16126,64.9
1785432556.653,17:29:16,baseline,1,98.2,10471,16126,64.9
1785432556.653,17:29:16,baseline,2,98.1,10471,16126,64.9
1785432556.653,17:29:16,baseline,3,98.1,10471,16126,64.9
1785432556.653,17:29:16,baseline,4,98.0,10471,16126,64.9
1785432556.653,17:29:16,baseline,5,98.3,10471,16126,64.9
1785432556.653,17:29:16,baseline,6,98.3,10472,16126,64.9
1785432556.653,17:29:16,baseline,7,98.1,10471,16126,64.9
1785432557.653,17:29:17,baseline,0,98.5,10471,16126,64.9
1785432557.653,17:29:17,baseline,1,98.2,10471,16126,64.9
1785432557.653,17:29:17,baseline,2,98.1,10471,16126,64.9
1785432557.653,17:29:17,baseline,3,98.1,10471,16126,64.9
1785432557.653,17:29:17,baseline,4,98.0,10471,16126,64.9
1785432557.653,17:29:17,baseline,5,98.3,10471,16126,64.9
1785432557.653,17:29:17,baseline,6,98.3,10472,16126,64.9
1785432557.653,17:29:17,baseline,7,98.1,10471,16126,64.9
1785432558.653,17:29:18,baseline,0,98.5,10471,16126,64.9
1785432558.653,17:29:18,baseline,1,98.2,10471,16126,64.9
1785432558.653,17:29:18,baseline,2,98.1,10471,16126,64.9
1785432558.653,17:29:18,baseline,3,98.1,10471,16126,64.9
1785432558.653,17:29:18,baseline,4,98.0,10471,16126,64.9
1785432558.653,17:29:18,baseline,5,98.3,10471,16126,64.9
1785432558.653,17:29:18,baseline,6,98.3,10472,16126,64.9
1785432558.653,17:29:18,baseline,7,98.1,10471,16126,64.9
1785432559.653,17:29:19,baseline,0,98.5,10471,16126,64.9
1785432559.653,17:29:19,baseline,1,98.2,10471,16126,64.9
1785432559.653,17:29:19,baseline,2,98.1,10471,16126,64.9
1785432559.653,17:29:19,baseline,3,98.1,10471,16126,64.9
1785432559.653,17:29:19,baseline,4,98.0,10471,16126,64.9
1785432559.653,17:29:19,baseline,5,98.3,10471,16126,64.9
1785432559.653,17:29:19,baseline,6,98.3,10472,16126,64.9
1785432559.653,17:29:19,baseline,7,98.1,10471,16126,64.9
1785432560.653,17:29:20,baseline,0,97.2,10619,16126,65.9
1785432560.653,17:29:20,baseline,1,97.2,10619,16126,65.9
1785432560.653,17:29:20,baseline,2,97.2,10619,16126,65.9
1785432560.653,17:29:20,baseline,3,97.1,10619,16126,65.9
1785432560.653,17:29:20,baseline,4,96.5,10619,16126,65.9
1785432560.653,17:29:20,baseline,5,96.8,10619,16126,65.9
1785432560.653,17:29:20,baseline,6,97.3,10620,16126,65.9
1785432560.653,17:29:20,baseline,7,96.8,10619,16126,65.9
1785432561.653,17:29:21,baseline,0,97.2,10619,16126,65.9
1785432561.653,17:29:21,baseline,1,97.2,10619,16126,65.9
1785432561.653,17:29:21,baseline,2,97.2,10619,16126,65.9
1785432561.653,17:29:21,baseline,3,97.1,10619,16126,65.9
1785432561.653,17:29:21,baseline,4,96.5,10619,16126,65.9
1785432561.653,17:29:21,baseline,5,96.8,10619,16126,65.9
1785432561.653,17:29:21,baseline,6,97.3,10620,16126,65.9
1785432561.653,17:29:21,baseline,7,96.8,10619,16126,65.9
1785432562.654,17:29:22,baseline,0,97.2,10619,16126,65.9
1785432562.654,17:29:22,baseline,1,97.2,10619,16126,65.9
1785432562.654,17:29:22,baseline,2,97.2,10619,16126,65.9
1785432562.654,17:29:22,baseline,3,97.1,10619,16126,65.9
1785432562.654,17:29:22,baseline,4,96.5,10619,16126,65.9
1785432562.654,17:29:22,baseline,5,96.8,10619,16126,65.9
1785432562.654,17:29:22,baseline,6,97.3,10620,16126,65.9
1785432562.654,17:29:22,baseline,7,96.8,10619,16126,65.9
1785432563.654,17:29:23,baseline,0,97.2,10619,16126,65.9
1785432563.654,17:29:23,baseline,1,97.2,10619,16126,65.9
1785432563.654,17:29:23,baseline,2,97.2,10619,16126,65.9
1785432563.654,17:29:23,baseline,3,97.1,10619,16126,65.9
1785432563.654,17:29:23,baseline,4,96.5,10619,16126,65.9
1785432563.654,17:29:23,baseline,5,96.8,10619,16126,65.9
1785432563.654,17:29:23,baseline,6,97.3,10620,16126,65.9
1785432563.654,17:29:23,baseline,7,96.8,10619,16126,65.9
1785432564.654,17:29:24,baseline,0,97.2,10619,16126,65.9
1785432564.654,17:29:24,baseline,1,97.2,10619,16126,65.9
1785432564.654,17:29:24,baseline,2,97.2,10619,16126,65.9
1785432564.654,17:29:24,baseline,3,97.1,10619,16126,65.9
1785432564.654,17:29:24,baseline,4,96.5,10619,16126,65.9
1785432564.654,17:29:24,baseline,5,96.8,10619,16126,65.9
1785432564.654,17:29:24,baseline,6,97.3,10620,16126,65.9
1785432564.654,17:29:24,baseline,7,96.8,10619,16126,65.9
1785432565.654,17:29:25,baseline,0,100.0,8442,16126,52.4
1785432565.654,17:29:25,baseline,1,100.0,8362,16126,51.9
1785432565.654,17:29:25,baseline,2,100.0,8394,16126,52.1
1785432565.654,17:29:25,baseline,3,100.0,8459,16126,52.5
1785432565.654,17:29:25,baseline,4,100.0,8490,16126,52.6
1785432565.654,17:29:25,baseline,5,100.0,8346,16126,51.8
1785432565.654,17:29:25,baseline,6,100.0,8572,16126,53.2
1785432565.654,17:29:25,baseline,7,100.0,8395,16126,52.1
1785432566.654,17:29:26,baseline,0,100.0,8442,16126,52.4
1785432566.654,17:29:26,baseline,1,100.0,8362,16126,51.9
1785432566.654,17:29:26,baseline,2,100.0,8394,16126,52.1
1785432566.654,17:29:26,baseline,3,100.0,8459,16126,52.5
1785432566.654,17:29:26,baseline,4,100.0,8490,16126,52.6
1785432566.654,17:29:26,baseline,5,100.0,8346,16126,51.8
1785432566.654,17:29:26,baseline,6,100.0,8572,16126,53.2
1785432566.654,17:29:26,baseline,7,100.0,8395,16126,52.1
1785432567.654,17:29:27,baseline,0,100.0,8442,16126,52.4
1785432567.654,17:29:27,baseline,1,100.0,8362,16126,51.9
1785432567.654,17:29:27,baseline,2,100.0,8394,16126,52.1
1785432567.654,17:29:27,baseline,3,100.0,8459,16126,52.5
1785432567.654,17:29:27,baseline,4,100.0,8490,16126,52.6
1785432567.654,17:29:27,baseline,5,100.0,8346,16126,51.8
1785432567.654,17:29:27,baseline,6,100.0,8572,16126,53.2
1785432567.654,17:29:27,baseline,7,100.0,8395,16126,52.1
1785432568.654,17:29:28,baseline,0,100.0,8442,16126,52.4
1785432568.654,17:29:28,baseline,1,100.0,8362,16126,51.9
1785432568.654,17:29:28,baseline,2,100.0,8394,16126,52.1
1785432568.654,17:29:28,baseline,3,100.0,8459,16126,52.5
1785432568.654,17:29:28,baseline,4,100.0,8490,16126,52.6
1785432568.654,17:29:28,baseline,5,100.0,8346,16126,51.8
1785432568.654,17:29:28,baseline,6,100.0,8572,16126,53.2
1785432568.654,17:29:28,baseline,7,100.0,8395,16126,52.1
1785432569.654,17:29:29,baseline,0,100.0,8442,16126,52.4
1785432569.654,17:29:29,baseline,1,100.0,8362,16126,51.9
1785432569.654,17:29:29,baseline,2,100.0,8394,16126,52.1
1785432569.654,17:29:29,baseline,3,100.0,8459,16126,52.5
1785432569.654,17:29:29,baseline,4,100.0,8490,16126,52.6
1785432569.654,17:29:29,baseline,5,100.0,8346,16126,51.8
1785432569.654,17:29:29,baseline,6,100.0,8572,16126,53.2
1785432569.654,17:29:29,baseline,7,100.0,8395,16126,52.1
1785432570.654,17:29:30,baseline,0,98.0,10636,16126,66.0
1785432570.654,17:29:30,baseline,1,98.2,10636,16126,66.0
1785432570.654,17:29:30,baseline,2,98.0,10636,16126,66.0
1785432570.654,17:29:30,baseline,3,98.5,10636,16126,66.0
1785432570.654,17:29:30,baseline,4,98.5,10636,16126,66.0
1785432570.654,17:29:30,baseline,5,97.6,10636,16126,66.0
1785432570.654,17:29:30,baseline,6,98.8,10637,16126,66.0
1785432570.654,17:29:30,baseline,7,97.6,10636,16126,66.0
1785432571.655,17:29:31,baseline,0,98.0,10636,16126,66.0
1785432571.655,17:29:31,baseline,1,98.2,10636,16126,66.0
1785432571.655,17:29:31,baseline,2,98.0,10636,16126,66.0
1785432571.655,17:29:31,baseline,3,98.5,10636,16126,66.0
1785432571.655,17:29:31,baseline,4,98.5,10636,16126,66.0
1785432571.655,17:29:31,baseline,5,97.6,10636,16126,66.0
1785432571.655,17:29:31,baseline,6,98.8,10637,16126,66.0
1785432571.655,17:29:31,baseline,7,97.6,10636,16126,66.0
1785432572.655,17:29:32,baseline,0,98.0,10636,16126,66.0
1785432572.655,17:29:32,baseline,1,98.2,10636,16126,66.0
1785432572.655,17:29:32,baseline,2,98.0,10636,16126,66.0
1785432572.655,17:29:32,baseline,3,98.5,10636,16126,66.0
1785432572.655,17:29:32,baseline,4,98.5,10636,16126,66.0
1785432572.655,17:29:32,baseline,5,97.6,10636,16126,66.0
1785432572.655,17:29:32,baseline,6,98.8,10637,16126,66.0
1785432572.655,17:29:32,baseline,7,97.6,10636,16126,66.0
1785432573.655,17:29:33,baseline,0,98.0,10636,16126,66.0
1785432573.655,17:29:33,baseline,1,98.2,10636,16126,66.0
1785432573.655,17:29:33,baseline,2,98.0,10636,16126,66.0
1785432573.655,17:29:33,baseline,3,98.5,10636,16126,66.0
1785432573.655,17:29:33,baseline,4,98.5,10636,16126,66.0
1785432573.655,17:29:33,baseline,5,97.6,10636,16126,66.0
1785432573.655,17:29:33,baseline,6,98.8,10637,16126,66.0
1785432573.655,17:29:33,baseline,7,97.6,10636,16126,66.0
1785432574.655,17:29:34,baseline,0,98.0,10636,16126,66.0
1785432574.655,17:29:34,baseline,1,98.2,10636,16126,66.0
1785432574.655,17:29:34,baseline,2,98.0,10636,16126,66.0
1785432574.655,17:29:34,baseline,3,98.5,10636,16126,66.0
1785432574.655,17:29:34,baseline,4,98.5,10636,16126,66.0
1785432574.655,17:29:34,baseline,5,97.6,10636,16126,66.0
1785432574.655,17:29:34,baseline,6,98.8,10637,16126,66.0
1785432574.655,17:29:34,baseline,7,97.6,10636,16126,66.0
1785432575.655,17:29:35,baseline,0,99.4,8524,16126,52.9
1785432575.655,17:29:35,baseline,1,99.4,8588,16126,53.3
1785432575.655,17:29:35,baseline,2,99.6,8476,16126,52.6
1785432575.655,17:29:35,baseline,3,99.4,8620,16126,53.5
1785432575.655,17:29:35,baseline,4,99.3,8476,16126,52.6
1785432575.655,17:29:35,baseline,5,98.7,8508,16126,52.8
1785432575.655,17:29:35,baseline,6,99.5,8446,16126,52.4
1785432575.655,17:29:35,baseline,7,99.3,8508,16126,52.8
1785432576.655,17:29:36,baseline,0,99.4,8524,16126,52.9
1785432576.655,17:29:36,baseline,1,99.4,8588,16126,53.3
1785432576.655,17:29:36,baseline,2,99.6,8476,16126,52.6
1785432576.655,17:29:36,baseline,3,99.4,8620,16126,53.5
1785432576.655,17:29:36,baseline,4,99.3,8476,16126,52.6
1785432576.655,17:29:36,baseline,5,98.7,8508,16126,52.8
1785432576.655,17:29:36,baseline,6,99.5,8446,16126,52.4
1785432576.655,17:29:36,baseline,7,99.3,8508,16126,52.8
1785432577.655,17:29:37,baseline,0,99.4,8524,16126,52.9
1785432577.655,17:29:37,baseline,1,99.4,8588,16126,53.3
1785432577.655,17:29:37,baseline,2,99.6,8476,16126,52.6
1785432577.655,17:29:37,baseline,3,99.4,8620,16126,53.5
1785432577.655,17:29:37,baseline,4,99.3,8476,16126,52.6
1785432577.655,17:29:37,baseline,5,98.7,8508,16126,52.8
1785432577.655,17:29:37,baseline,6,99.5,8446,16126,52.4
1785432577.655,17:29:37,baseline,7,99.3,8508,16126,52.8
1785432578.655,17:29:38,baseline,0,99.4,8524,16126,52.9
1785432578.655,17:29:38,baseline,1,99.4,8588,16126,53.3
1785432578.655,17:29:38,baseline,2,99.6,8476,16126,52.6
1785432578.655,17:29:38,baseline,3,99.4,8620,16126,53.5
1785432578.655,17:29:38,baseline,4,99.3,8476,16126,52.6
1785432578.655,17:29:38,baseline,5,98.7,8508,16126,52.8
1785432578.655,17:29:38,baseline,6,99.5,8446,16126,52.4
1785432578.655,17:29:38,baseline,7,99.3,8508,16126,52.8
1785432579.656,17:29:39,baseline,0,99.4,8524,16126,52.9
1785432579.656,17:29:39,baseline,1,99.4,8588,16126,53.3
1785432579.656,17:29:39,baseline,2,99.6,8476,16126,52.6
1785432579.656,17:29:39,baseline,3,99.4,8620,16126,53.5
1785432579.656,17:29:39,baseline,4,99.3,8476,16126,52.6
1785432579.656,17:29:39,baseline,5,98.7,8508,16126,52.8
1785432579.656,17:29:39,baseline,6,99.5,8446,16126,52.4
1785432579.656,17:29:39,baseline,7,99.3,8508,16126,52.8
1785432580.656,17:29:40,baseline,0,96.2,10514,16126,65.2
1785432580.656,17:29:40,baseline,1,96.2,10514,16126,65.2
1785432580.656,17:29:40,baseline,2,96.2,10514,16126,65.2
1785432580.656,17:29:40,baseline,3,96.2,10514,16126,65.2
1785432580.656,17:29:40,baseline,4,96.0,10514,16126,65.2
1785432580.656,17:29:40,baseline,5,95.9,10514,16126,65.2
1785432580.656,17:29:40,baseline,6,96.2,10515,16126,65.2
1785432580.656,17:29:40,baseline,7,96.6,10514,16126,65.2
1785432581.656,17:29:41,baseline,0,96.2,10514,16126,65.2
1785432581.656,17:29:41,baseline,1,96.2,10514,16126,65.2
1785432581.656,17:29:41,baseline,2,96.2,10514,16126,65.2
1785432581.656,17:29:41,baseline,3,96.2,10514,16126,65.2
1785432581.656,17:29:41,baseline,4,96.0,10514,16126,65.2
1785432581.656,17:29:41,baseline,5,95.9,10514,16126,65.2
1785432581.656,17:29:41,baseline,6,96.2,10515,16126,65.2
1785432581.656,17:29:41,baseline,7,96.6,10514,16126,65.2
1785432582.656,17:29:42,baseline,0,96.2,10514,16126,65.2
1785432582.656,17:29:42,baseline,1,96.2,10514,16126,65.2
1785432582.656,17:29:42,baseline,2,96.2,10514,16126,65.2
1785432582.656,17:29:42,baseline,3,96.2,10514,16126,65.2
1785432582.656,17:29:42,baseline,4,96.0,10514,16126,65.2
1785432582.656,17:29:42,baseline,5,95.9,10514,16126,65.2
1785432582.656,17:29:42,baseline,6,96.2,10515,16126,65.2
1785432582.656,17:29:42,baseline,7,96.6,10514,16126,65.2
1785432583.656,17:29:43,baseline,0,96.2,10514,16126,65.2
1785432583.656,17:29:43,baseline,1,96.2,10514,16126,65.2
1785432583.656,17:29:43,baseline,2,96.2,10514,16126,65.2
1785432583.656,17:29:43,baseline,3,96.2,10514,16126,65.2
1785432583.656,17:29:43,baseline,4,96.0,10514,16126,65.2
1785432583.656,17:29:43,baseline,5,95.9,10514,16126,65.2
1785432583.656,17:29:43,baseline,6,96.2,10515,16126,65.2
1785432583.656,17:29:43,baseline,7,96.6,10514,16126,65.2
1785432584.656,17:29:44,baseline,0,96.2,10514,16126,65.2
1785432584.656,17:29:44,baseline,1,96.2,10514,16126,65.2
1785432584.656,17:29:44,baseline,2,96.2,10514,16126,65.2
1785432584.656,17:29:44,baseline,3,96.2,10514,16126,65.2
1785432584.656,17:29:44,baseline,4,96.0,10514,16126,65.2
1785432584.656,17:29:44,baseline,5,95.9,10514,16126,65.2
1785432584.656,17:29:44,baseline,6,96.2,10515,16126,65.2
1785432584.656,17:29:44,baseline,7,96.6,10514,16126,65.2
1785432585.656,17:29:45,baseline,0,100.0,8478,16126,52.6
1785432585.656,17:29:45,baseline,1,100.0,8413,16126,52.2
1785432585.656,17:29:45,baseline,2,100.0,8573,16126,53.2
1785432585.656,17:29:45,baseline,3,100.0,8525,16126,52.9
1785432585.656,17:29:45,baseline,4,100.0,8493,16126,52.7
1785432585.656,17:29:45,baseline,5,100.0,8462,16126,52.5
1785432585.656,17:29:45,baseline,6,100.0,8431,16126,52.3
1785432585.656,17:29:45,baseline,7,100.0,8381,16126,52.0
1785432586.656,17:29:46,baseline,0,100.0,8478,16126,52.6
1785432586.656,17:29:46,baseline,1,100.0,8413,16126,52.2
1785432586.656,17:29:46,baseline,2,100.0,8573,16126,53.2
1785432586.656,17:29:46,baseline,3,100.0,8525,16126,52.9
1785432586.656,17:29:46,baseline,4,100.0,8493,16126,52.7
1785432586.656,17:29:46,baseline,5,100.0,8462,16126,52.5
1785432586.656,17:29:46,baseline,6,100.0,8431,16126,52.3
1785432586.656,17:29:46,baseline,7,100.0,8381,16126,52.0
1785432587.657,17:29:47,baseline,0,100.0,8478,16126,52.6
1785432587.657,17:29:47,baseline,1,100.0,8413,16126,52.2
1785432587.657,17:29:47,baseline,2,100.0,8573,16126,53.2
1785432587.657,17:29:47,baseline,3,100.0,8525,16126,52.9
1785432587.657,17:29:47,baseline,4,100.0,8493,16126,52.7
1785432587.657,17:29:47,baseline,5,100.0,8462,16126,52.5
1785432587.657,17:29:47,baseline,6,100.0,8431,16126,52.3
1785432587.657,17:29:47,baseline,7,100.0,8381,16126,52.0
1785432588.657,17:29:48,baseline,0,100.0,8478,16126,52.6
1785432588.657,17:29:48,baseline,1,100.0,8413,16126,52.2
1785432588.657,17:29:48,baseline,2,100.0,8573,16126,53.2
1785432588.657,17:29:48,baseline,3,100.0,8525,16126,52.9
1785432588.657,17:29:48,baseline,4,100.0,8493,16126,52.7
1785432588.657,17:29:48,baseline,5,100.0,8462,16126,52.5
1785432588.657,17:29:48,baseline,6,100.0,8431,16126,52.3
1785432588.657,17:29:48,baseline,7,100.0,8381,16126,52.0
1785432589.657,17:29:49,baseline,0,100.0,8478,16126,52.6
1785432589.657,17:29:49,baseline,1,100.0,8413,16126,52.2
1785432589.657,17:29:49,baseline,2,100.0,8573,16126,53.2
1785432589.657,17:29:49,baseline,3,100.0,8525,16126,52.9
1785432589.657,17:29:49,baseline,4,100.0,8493,16126,52.7
1785432589.657,17:29:49,baseline,5,100.0,8462,16126,52.5
1785432589.657,17:29:49,baseline,6,100.0,8431,16126,52.3
1785432589.657,17:29:49,baseline,7,100.0,8381,16126,52.0
1785432590.657,17:29:50,baseline,0,90.5,8435,16126,52.3
1785432590.657,17:29:50,baseline,1,89.9,8387,16126,52.0
1785432590.657,17:29:50,baseline,2,93.4,8484,16126,52.6
1785432590.657,17:29:50,baseline,3,90.6,10668,16126,66.2
1785432590.657,17:29:50,baseline,4,93.3,8484,16126,52.6
1785432590.657,17:29:50,baseline,5,91.1,8435,16126,52.3
1785432590.657,17:29:50,baseline,6,90.4,10669,16126,66.2
1785432590.657,17:29:50,baseline,7,90.4,8387,16126,52.0
1785432591.657,17:29:51,baseline,0,90.5,8435,16126,52.3
1785432591.657,17:29:51,baseline,1,89.9,8387,16126,52.0
1785432591.657,17:29:51,baseline,2,93.4,8484,16126,52.6
1785432591.657,17:29:51,baseline,3,90.6,10668,16126,66.2
1785432591.657,17:29:51,baseline,4,93.3,8484,16126,52.6
1785432591.657,17:29:51,baseline,5,91.1,8435,16126,52.3
1785432591.657,17:29:51,baseline,6,90.4,10669,16126,66.2
1785432591.657,17:29:51,baseline,7,90.4,8387,16126,52.0
1785432592.657,17:29:52,baseline,0,90.5,8435,16126,52.3
1785432592.657,17:29:52,baseline,1,89.9,8387,16126,52.0
1785432592.657,17:29:52,baseline,2,93.4,8484,16126,52.6
1785432592.657,17:29:52,baseline,3,90.6,10668,16126,66.2
1785432592.657,17:29:52,baseline,4,93.3,8484,16126,52.6
1785432592.657,17:29:52,baseline,5,91.1,8435,16126,52.3
1785432592.657,17:29:52,baseline,6,90.4,10669,16126,66.2
1785432592.657,17:29:52,baseline,7,90.4,8387,16126,52.0
1785432593.657,17:29:53,baseline,0,90.5,8435,16126,52.3
1785432593.657,17:29:53,baseline,1,89.9,8387,16126,52.0
1785432593.657,17:29:53,baseline,2,93.4,8484,16126,52.6
1785432593.657,17:29:53,baseline,3,90.6,10668,16126,66.2
1785432593.657,17:29:53,baseline,4,93.3,8484,16126,52.6
1785432593.657,17:29:53,baseline,5,91.1,8435,16126,52.3
1785432593.657,17:29:53,baseline,6,90.4,10669,16126,66.2
1785432593.657,17:29:53,baseline,7,90.4,8387,16126,52.0
1785432594.657,17:29:54,baseline,0,90.5,8435,16126,52.3
1785432594.657,17:29:54,baseline,1,89.9,8387,16126,52.0
1785432594.657,17:29:54,baseline,2,93.4,8484,16126,52.6
1785432594.657,17:29:54,baseline,3,90.6,10668,16126,66.2
1785432594.657,17:29:54,baseline,4,93.3,8484,16126,52.6
1785432594.657,17:29:54,baseline,5,91.1,8435,16126,52.3
1785432594.657,17:29:54,baseline,6,90.4,10669,16126,66.2
1785432594.657,17:29:54,baseline,7,90.4,8387,16126,52.0
1785432595.657,17:29:55,baseline,0,100.0,10528,16126,65.3
1785432595.657,17:29:55,baseline,1,100.0,10528,16126,65.3
1785432595.657,17:29:55,baseline,2,98.3,10528,16126,65.3
1785432595.657,17:29:55,baseline,3,100.0,10528,16126,65.3
1785432595.657,17:29:55,baseline,4,98.6,10528,16126,65.3
1785432595.657,17:29:55,baseline,5,100.0,10528,16126,65.3
1785432595.657,17:29:55,baseline,6,100.0,10497,16126,65.1
1785432595.657,17:29:55,baseline,7,100.0,10528,16126,65.3
1785432596.658,17:29:56,baseline,0,100.0,10528,16126,65.3
1785432596.658,17:29:56,baseline,1,100.0,10528,16126,65.3
1785432596.658,17:29:56,baseline,2,98.3,10528,16126,65.3
1785432596.658,17:29:56,baseline,3,100.0,10528,16126,65.3
1785432596.658,17:29:56,baseline,4,98.6,10528,16126,65.3
1785432596.658,17:29:56,baseline,5,100.0,10528,16126,65.3
1785432596.658,17:29:56,baseline,6,100.0,10497,16126,65.1
1785432596.658,17:29:56,baseline,7,100.0,10528,16126,65.3
1785432597.658,17:29:57,baseline,0,100.0,10528,16126,65.3
1785432597.658,17:29:57,baseline,1,100.0,10528,16126,65.3
1785432597.658,17:29:57,baseline,2,98.3,10528,16126,65.3
1785432597.658,17:29:57,baseline,3,100.0,10528,16126,65.3
1785432597.658,17:29:57,baseline,4,98.6,10528,16126,65.3
1785432597.658,17:29:57,baseline,5,100.0,10528,16126,65.3
1785432597.658,17:29:57,baseline,6,100.0,10497,16126,65.1
1785432597.658,17:29:57,baseline,7,100.0,10528,16126,65.3
1785432598.658,17:29:58,baseline,0,100.0,10528,16126,65.3
1785432598.658,17:29:58,baseline,1,100.0,10528,16126,65.3
1785432598.658,17:29:58,baseline,2,98.3,10528,16126,65.3
1785432598.658,17:29:58,baseline,3,100.0,10528,16126,65.3
1785432598.658,17:29:58,baseline,4,98.6,10528,16126,65.3
1785432598.658,17:29:58,baseline,5,100.0,10528,16126,65.3
1785432598.658,17:29:58,baseline,6,100.0,10497,16126,65.1
1785432598.658,17:29:58,baseline,7,100.0,10528,16126,65.3
1785432599.658,17:29:59,baseline,0,100.0,10528,16126,65.3
1785432599.658,17:29:59,baseline,1,100.0,10528,16126,65.3
1785432599.658,17:29:59,baseline,2,98.3,10528,16126,65.3
1785432599.658,17:29:59,baseline,3,100.0,10528,16126,65.3
1785432599.658,17:29:59,baseline,4,98.6,10528,16126,65.3
1785432599.658,17:29:59,baseline,5,100.0,10528,16126,65.3
1785432599.658,17:29:59,baseline,6,100.0,10497,16126,65.1
1785432599.658,17:29:59,baseline,7,100.0,10528,16126,65.3
1785432600.658,17:30:00,baseline,0,98.1,10668,16126,66.2
1785432600.658,17:30:00,baseline,1,97.3,10668,16126,66.2
1785432600.658,17:30:00,baseline,2,96.9,10668,16126,66.2
1785432600.658,17:30:00,baseline,3,98.1,10668,16126,66.2
1785432600.658,17:30:00,baseline,4,97.4,10668,16126,66.2
1785432600.658,17:30:00,baseline,5,98.2,10668,16126,66.2
1785432600.658,17:30:00,baseline,6,98.0,10669,16126,66.2
1785432600.658,17:30:00,baseline,7,98.4,10668,16126,66.2
1785432601.658,17:30:01,baseline,0,98.1,10668,16126,66.2
1785432601.658,17:30:01,baseline,1,97.3,10668,16126,66.2
1785432601.658,17:30:01,baseline,2,96.9,10668,16126,66.2
1785432601.658,17:30:01,baseline,3,98.1,10668,16126,66.2
1785432601.658,17:30:01,baseline,4,97.4,10668,16126,66.2
1785432601.658,17:30:01,baseline,5,98.2,10668,16126,66.2
1785432601.658,17:30:01,baseline,6,98.0,10669,16126,66.2
1785432601.658,17:30:01,baseline,7,98.4,10668,16126,66.2
1785432602.658,17:30:02,baseline,0,98.1,10668,16126,66.2
1785432602.658,17:30:02,baseline,1,97.3,10668,16126,66.2
1785432602.658,17:30:02,baseline,2,96.9,10668,16126,66.2
1785432602.658,17:30:02,baseline,3,98.1,10668,16126,66.2
1785432602.658,17:30:02,baseline,4,97.4,10668,16126,66.2
1785432602.658,17:30:02,baseline,5,98.2,10668,16126,66.2
1785432602.658,17:30:02,baseline,6,98.0,10669,16126,66.2
1785432602.658,17:30:02,baseline,7,98.4,10668,16126,66.2
1785432603.658,17:30:03,baseline,0,98.1,10668,16126,66.2
1785432603.658,17:30:03,baseline,1,97.3,10668,16126,66.2
1785432603.658,17:30:03,baseline,2,96.9,10668,16126,66.2
1785432603.658,17:30:03,baseline,3,98.1,10668,16126,66.2
1785432603.658,17:30:03,baseline,4,97.4,10668,16126,66.2
1785432603.658,17:30:03,baseline,5,98.2,10668,16126,66.2
1785432603.658,17:30:03,baseline,6,98.0,10669,16126,66.2
1785432603.658,17:30:03,baseline,7,98.4,10668,16126,66.2
1785432604.659,17:30:04,baseline,0,98.1,10668,16126,66.2
1785432604.659,17:30:04,baseline,1,97.3,10668,16126,66.2
1785432604.659,17:30:04,baseline,2,96.9,10668,16126,66.2
1785432604.659,17:30:04,baseline,3,98.1,10668,16126,66.2
1785432604.659,17:30:04,baseline,4,97.4,10668,16126,66.2
1785432604.659,17:30:04,baseline,5,98.2,10668,16126,66.2
1785432604.659,17:30:04,baseline,6,98.0,10669,16126,66.2
1785432604.659,17:30:04,baseline,7,98.4,10668,16126,66.2
1785432605.659,17:30:05,baseline,0,100.0,8484,16126,52.6
1785432605.659,17:30:05,baseline,1,100.0,8419,16126,52.2
1785432605.659,17:30:05,baseline,2,100.0,8547,16126,53.0
1785432605.659,17:30:05,baseline,3,99.4,8435,16126,52.3
1785432605.659,17:30:05,baseline,4,100.0,8483,16126,52.6
1785432605.659,17:30:05,baseline,5,100.0,8451,16126,52.4
1785432605.659,17:30:05,baseline,6,100.0,8437,16126,52.3
1785432605.659,17:30:05,baseline,7,100.0,8435,16126,52.3
1785432606.659,17:30:06,baseline,0,100.0,8484,16126,52.6
1785432606.659,17:30:06,baseline,1,100.0,8419,16126,52.2
1785432606.659,17:30:06,baseline,2,100.0,8547,16126,53.0
1785432606.659,17:30:06,baseline,3,99.4,8435,16126,52.3
1785432606.659,17:30:06,baseline,4,100.0,8483,16126,52.6
1785432606.659,17:30:06,baseline,5,100.0,8451,16126,52.4
1785432606.659,17:30:06,baseline,6,100.0,8437,16126,52.3
1785432606.659,17:30:06,baseline,7,100.0,8435,16126,52.3
1785432607.66,17:30:07,baseline,0,100.0,8484,16126,52.6
1785432607.66,17:30:07,baseline,1,100.0,8419,16126,52.2
1785432607.66,17:30:07,baseline,2,100.0,8547,16126,53.0
1785432607.66,17:30:07,baseline,3,99.4,8435,16126,52.3
1785432607.66,17:30:07,baseline,4,100.0,8483,16126,52.6
1785432607.66,17:30:07,baseline,5,100.0,8451,16126,52.4
1785432607.66,17:30:07,baseline,6,100.0,8437,16126,52.3
1785432607.66,17:30:07,baseline,7,100.0,8435,16126,52.3
1785432608.66,17:30:08,baseline,0,100.0,8484,16126,52.6
1785432608.66,17:30:08,baseline,1,100.0,8419,16126,52.2
1785432608.66,17:30:08,baseline,2,100.0,8547,16126,53.0
1785432608.66,17:30:08,baseline,3,99.4,8435,16126,52.3
1785432608.66,17:30:08,baseline,4,100.0,8483,16126,52.6
1785432608.66,17:30:08,baseline,5,100.0,8451,16126,52.4
1785432608.66,17:30:08,baseline,6,100.0,8437,16126,52.3
1785432608.66,17:30:08,baseline,7,100.0,8435,16126,52.3
1785432609.66,17:30:09,baseline,0,100.0,8484,16126,52.6
1785432609.66,17:30:09,baseline,1,100.0,8419,16126,52.2
1785432609.66,17:30:09,baseline,2,100.0,8547,16126,53.0
1785432609.66,17:30:09,baseline,3,99.4,8435,16126,52.3
1785432609.66,17:30:09,baseline,4,100.0,8483,16126,52.6
1785432609.66,17:30:09,baseline,5,100.0,8451,16126,52.4
1785432609.66,17:30:09,baseline,6,100.0,8437,16126,52.3
1785432609.66,17:30:09,baseline,7,100.0,8435,16126,52.3
1785432610.66,17:30:10,baseline,0,98.2,10668,16126,66.2
1785432610.66,17:30:10,baseline,1,98.8,10668,16126,66.2
1785432610.66,17:30:10,baseline,2,98.3,10668,16126,66.2
1785432610.66,17:30:10,baseline,3,97.6,10668,16126,66.2
1785432610.66,17:30:10,baseline,4,98.4,10668,16126,66.2
1785432610.66,17:30:10,baseline,5,98.1,10668,16126,66.2
1785432610.66,17:30:10,baseline,6,98.2,10669,16126,66.2
1785432610.66,17:30:10,baseline,7,98.1,10668,16126,66.2
1785432611.66,17:30:11,baseline,0,98.2,10668,16126,66.2
1785432611.66,17:30:11,baseline,1,98.8,10668,16126,66.2
1785432611.66,17:30:11,baseline,2,98.3,10668,16126,66.2
1785432611.66,17:30:11,baseline,3,97.6,10668,16126,66.2
1785432611.66,17:30:11,baseline,4,98.4,10668,16126,66.2
1785432611.66,17:30:11,baseline,5,98.1,10668,16126,66.2
1785432611.66,17:30:11,baseline,6,98.2,10669,16126,66.2
1785432611.66,17:30:11,baseline,7,98.1,10668,16126,66.2
1785432612.66,17:30:12,baseline,0,98.2,10668,16126,66.2
1785432612.66,17:30:12,baseline,1,98.8,10668,16126,66.2
1785432612.66,17:30:12,baseline,2,98.3,10668,16126,66.2
1785432612.66,17:30:12,baseline,3,97.6,10668,16126,66.2
1785432612.66,17:30:12,baseline,4,98.4,10668,16126,66.2
1785432612.66,17:30:12,baseline,5,98.1,10668,16126,66.2
1785432612.66,17:30:12,baseline,6,98.2,10669,16126,66.2
1785432612.66,17:30:12,baseline,7,98.1,10668,16126,66.2
1785432613.66,17:30:13,baseline,0,98.2,10668,16126,66.2
1785432613.66,17:30:13,baseline,1,98.8,10668,16126,66.2
1785432613.66,17:30:13,baseline,2,98.3,10668,16126,66.2
1785432613.66,17:30:13,baseline,3,97.6,10668,16126,66.2
1785432613.66,17:30:13,baseline,4,98.4,10668,16126,66.2
1785432613.66,17:30:13,baseline,5,98.1,10668,16126,66.2
1785432613.66,17:30:13,baseline,6,98.2,10669,16126,66.2
1785432613.66,17:30:13,baseline,7,98.1,10668,16126,66.2
1785432614.66,17:30:14,baseline,0,98.2,10668,16126,66.2
1785432614.66,17:30:14,baseline,1,98.8,10668,16126,66.2
1785432614.66,17:30:14,baseline,2,98.3,10668,16126,66.2
1785432614.66,17:30:14,baseline,3,97.6,10668,16126,66.2
1785432614.66,17:30:14,baseline,4,98.4,10668,16126,66.2
1785432614.66,17:30:14,baseline,5,98.1,10668,16126,66.2
1785432614.66,17:30:14,baseline,6,98.2,10669,16126,66.2
1785432614.66,17:30:14,baseline,7,98.1,10668,16126,66.2
1785432615.661,17:30:15,baseline,0,99.2,8531,16126,52.9
1785432615.661,17:30:15,baseline,1,99.3,8435,16126,52.3
1785432615.661,17:30:15,baseline,2,99.3,8403,16126,52.1
1785432615.661,17:30:15,baseline,3,98.5,8500,16126,52.7
1785432615.661,17:30:15,baseline,4,99.1,8451,16126,52.4
1785432615.661,17:30:15,baseline,5,99.1,8531,16126,52.9
1785432615.661,17:30:15,baseline,6,99.0,8517,16126,52.8
1785432615.661,17:30:15,baseline,7,99.2,8387,16126,52.0
1785432616.661,17:30:16,baseline,0,99.2,8531,16126,52.9
1785432616.661,17:30:16,baseline,1,99.3,8435,16126,52.3
1785432616.661,17:30:16,baseline,2,99.3,8403,16126,52.1
1785432616.661,17:30:16,baseline,3,98.5,8500,16126,52.7
1785432616.661,17:30:16,baseline,4,99.1,8451,16126,52.4
1785432616.661,17:30:16,baseline,5,99.1,8531,16126,52.9
1785432616.661,17:30:16,baseline,6,99.0,8517,16126,52.8
1785432616.661,17:30:16,baseline,7,99.2,8387,16126,52.0
1785432617.661,17:30:17,baseline,0,99.2,8531,16126,52.9
1785432617.661,17:30:17,baseline,1,99.3,8435,16126,52.3
1785432617.661,17:30:17,baseline,2,99.3,8403,16126,52.1
1785432617.661,17:30:17,baseline,3,98.5,8500,16126,52.7
1785432617.661,17:30:17,baseline,4,99.1,8451,16126,52.4
1785432617.661,17:30:17,baseline,5,99.1,8531,16126,52.9
1785432617.661,17:30:17,baseline,6,99.0,8517,16126,52.8
1785432617.661,17:30:17,baseline,7,99.2,8387,16126,52.0
1785432618.661,17:30:18,baseline,0,99.2,8531,16126,52.9
1785432618.661,17:30:18,baseline,1,99.3,8435,16126,52.3
1785432618.661,17:30:18,baseline,2,99.3,8403,16126,52.1
1785432618.661,17:30:18,baseline,3,98.5,8500,16126,52.7
1785432618.661,17:30:18,baseline,4,99.1,8451,16126,52.4
1785432618.661,17:30:18,baseline,5,99.1,8531,16126,52.9
1785432618.661,17:30:18,baseline,6,99.0,8517,16126,52.8
1785432618.661,17:30:18,baseline,7,99.2,8387,16126,52.0
1785432619.661,17:30:19,baseline,0,99.2,8531,16126,52.9
1785432619.661,17:30:19,baseline,1,99.3,8435,16126,52.3
1785432619.661,17:30:19,baseline,2,99.3,8403,16126,52.1
1785432619.661,17:30:19,baseline,3,98.5,8500,16126,52.7
1785432619.661,17:30:19,baseline,4,99.1,8451,16126,52.4
1785432619.661,17:30:19,baseline,5,99.1,8531,16126,52.9
1785432619.661,17:30:19,baseline,6,99.0,8517,16126,52.8
1785432619.661,17:30:19,baseline,7,99.2,8387,16126,52.0
1785432620.661,17:30:20,baseline,0,96.3,10528,16126,65.3
1785432620.661,17:30:20,baseline,1,96.3,10528,16126,65.3
1785432620.661,17:30:20,baseline,2,96.6,10528,16126,65.3
1785432620.661,17:30:20,baseline,3,96.5,10528,16126,65.3
1785432620.661,17:30:20,baseline,4,96.3,10528,16126,65.3
1785432620.661,17:30:20,baseline,5,96.5,10528,16126,65.3
1785432620.661,17:30:20,baseline,6,96.4,10530,16126,65.3
1785432620.661,17:30:20,baseline,7,96.5,10528,16126,65.3
1785432621.661,17:30:21,baseline,0,96.3,10528,16126,65.3
1785432621.661,17:30:21,baseline,1,96.3,10528,16126,65.3
1785432621.661,17:30:21,baseline,2,96.6,10528,16126,65.3
1785432621.661,17:30:21,baseline,3,96.5,10528,16126,65.3
1785432621.661,17:30:21,baseline,4,96.3,10528,16126,65.3
1785432621.661,17:30:21,baseline,5,96.5,10528,16126,65.3
1785432621.661,17:30:21,baseline,6,96.4,10530,16126,65.3
1785432621.661,17:30:21,baseline,7,96.5,10528,16126,65.3
1785432622.662,17:30:22,baseline,0,96.3,10528,16126,65.3
1785432622.662,17:30:22,baseline,1,96.3,10528,16126,65.3
1785432622.662,17:30:22,baseline,2,96.6,10528,16126,65.3
1785432622.662,17:30:22,baseline,3,96.5,10528,16126,65.3
1785432622.662,17:30:22,baseline,4,96.3,10528,16126,65.3
1785432622.662,17:30:22,baseline,5,96.5,10528,16126,65.3
1785432622.662,17:30:22,baseline,6,96.4,10530,16126,65.3
1785432622.662,17:30:22,baseline,7,96.5,10528,16126,65.3
1785432623.662,17:30:23,baseline,0,96.3,10528,16126,65.3
1785432623.662,17:30:23,baseline,1,96.3,10528,16126,65.3
1785432623.662,17:30:23,baseline,2,96.6,10528,16126,65.3
1785432623.662,17:30:23,baseline,3,96.5,10528,16126,65.3
1785432623.662,17:30:23,baseline,4,96.3,10528,16126,65.3
1785432623.662,17:30:23,baseline,5,96.5,10528,16126,65.3
1785432623.662,17:30:23,baseline,6,96.4,10530,16126,65.3
1785432623.662,17:30:23,baseline,7,96.5,10528,16126,65.3
1785432624.662,17:30:24,baseline,0,96.3,10528,16126,65.3
1785432624.662,17:30:24,baseline,1,96.3,10528,16126,65.3
1785432624.662,17:30:24,baseline,2,96.6,10528,16126,65.3
1785432624.662,17:30:24,baseline,3,96.5,10528,16126,65.3
1785432624.662,17:30:24,baseline,4,96.3,10528,16126,65.3
1785432624.662,17:30:24,baseline,5,96.5,10528,16126,65.3
1785432624.662,17:30:24,baseline,6,96.4,10530,16126,65.3
1785432624.662,17:30:24,baseline,7,96.5,10528,16126,65.3
1785432625.662,17:30:25,baseline,0,100.0,8500,16126,52.7
1785432625.662,17:30:25,baseline,1,100.0,8500,16126,52.7
1785432625.662,17:30:25,baseline,2,100.0,8403,16126,52.1
1785432625.662,17:30:25,baseline,3,100.0,8515,16126,52.8
1785432625.662,17:30:25,baseline,4,99.6,8500,16126,52.7
1785432625.662,17:30:25,baseline,5,100.0,8500,16126,52.7
1785432625.662,17:30:25,baseline,6,100.0,8453,16126,52.4
1785432625.662,17:30:25,baseline,7,100.0,8515,16126,52.8
1785432626.662,17:30:26,baseline,0,100.0,8500,16126,52.7
1785432626.662,17:30:26,baseline,1,100.0,8500,16126,52.7
1785432626.662,17:30:26,baseline,2,100.0,8403,16126,52.1
1785432626.662,17:30:26,baseline,3,100.0,8515,16126,52.8
1785432626.662,17:30:26,baseline,4,99.6,8500,16126,52.7
1785432626.662,17:30:26,baseline,5,100.0,8500,16126,52.7
1785432626.662,17:30:26,baseline,6,100.0,8453,16126,52.4
1785432626.662,17:30:26,baseline,7,100.0,8515,16126,52.8
1785432627.662,17:30:27,baseline,0,100.0,8500,16126,52.7
1785432627.662,17:30:27,baseline,1,100.0,8500,16126,52.7
1785432627.662,17:30:27,baseline,2,100.0,8403,16126,52.1
1785432627.662,17:30:27,baseline,3,100.0,8515,16126,52.8
1785432627.662,17:30:27,baseline,4,99.6,8500,16126,52.7
1785432627.662,17:30:27,baseline,5,100.0,8500,16126,52.7
1785432627.662,17:30:27,baseline,6,100.0,8453,16126,52.4
1785432627.662,17:30:27,baseline,7,100.0,8515,16126,52.8
1785432628.662,17:30:28,baseline,0,100.0,8500,16126,52.7
1785432628.662,17:30:28,baseline,1,100.0,8500,16126,52.7
1785432628.662,17:30:28,baseline,2,100.0,8403,16126,52.1
1785432628.662,17:30:28,baseline,3,100.0,8515,16126,52.8
1785432628.662,17:30:28,baseline,4,99.6,8500,16126,52.7
1785432628.662,17:30:28,baseline,5,100.0,8500,16126,52.7
1785432628.662,17:30:28,baseline,6,100.0,8453,16126,52.4
1785432628.662,17:30:28,baseline,7,100.0,8515,16126,52.8
1785432629.662,17:30:29,baseline,0,100.0,8500,16126,52.7
1785432629.662,17:30:29,baseline,1,100.0,8500,16126,52.7
1785432629.662,17:30:29,baseline,2,100.0,8403,16126,52.1
1785432629.662,17:30:29,baseline,3,100.0,8515,16126,52.8
1785432629.662,17:30:29,baseline,4,99.6,8500,16126,52.7
1785432629.662,17:30:29,baseline,5,100.0,8500,16126,52.7
1785432629.662,17:30:29,baseline,6,100.0,8453,16126,52.4
1785432629.662,17:30:29,baseline,7,100.0,8515,16126,52.8
1785432630.662,17:30:30,baseline,0,97.9,10528,16126,65.3
1785432630.662,17:30:30,baseline,1,97.9,10528,16126,65.3
1785432630.662,17:30:30,baseline,2,98.6,10528,16126,65.3
1785432630.662,17:30:30,baseline,3,98.8,10528,16126,65.3
1785432630.662,17:30:30,baseline,4,96.7,10528,16126,65.3
1785432630.662,17:30:30,baseline,5,98.9,10528,16126,65.3
1785432630.662,17:30:30,baseline,6,98.7,10530,16126,65.3
1785432630.662,17:30:30,baseline,7,98.3,10528,16126,65.3
1785432631.663,17:30:31,baseline,0,97.9,10528,16126,65.3
1785432631.663,17:30:31,baseline,1,97.9,10528,16126,65.3
1785432631.663,17:30:31,baseline,2,98.6,10528,16126,65.3
1785432631.663,17:30:31,baseline,3,98.8,10528,16126,65.3
1785432631.663,17:30:31,baseline,4,96.7,10528,16126,65.3
1785432631.663,17:30:31,baseline,5,98.9,10528,16126,65.3
1785432631.663,17:30:31,baseline,6,98.7,10530,16126,65.3
1785432631.663,17:30:31,baseline,7,98.3,10528,16126,65.3
1785432632.663,17:30:32,baseline,0,97.9,10528,16126,65.3
1785432632.663,17:30:32,baseline,1,97.9,10528,16126,65.3
1785432632.663,17:30:32,baseline,2,98.6,10528,16126,65.3
1785432632.663,17:30:32,baseline,3,98.8,10528,16126,65.3
1785432632.663,17:30:32,baseline,4,96.7,10528,16126,65.3
1785432632.663,17:30:32,baseline,5,98.9,10528,16126,65.3
1785432632.663,17:30:32,baseline,6,98.7,10530,16126,65.3
1785432632.663,17:30:32,baseline,7,98.3,10528,16126,65.3
1785432633.663,17:30:33,baseline,0,97.9,10528,16126,65.3
1785432633.663,17:30:33,baseline,1,97.9,10528,16126,65.3
1785432633.663,17:30:33,baseline,2,98.6,10528,16126,65.3
1785432633.663,17:30:33,baseline,3,98.8,10528,16126,65.3
1785432633.663,17:30:33,baseline,4,96.7,10528,16126,65.3
1785432633.663,17:30:33,baseline,5,98.9,10528,16126,65.3
1785432633.663,17:30:33,baseline,6,98.7,10530,16126,65.3
1785432633.663,17:30:33,baseline,7,98.3,10528,16126,65.3
1785432634.663,17:30:34,baseline,0,97.9,10528,16126,65.3
1785432634.663,17:30:34,baseline,1,97.9,10528,16126,65.3
1785432634.663,17:30:34,baseline,2,98.6,10528,16126,65.3
1785432634.663,17:30:34,baseline,3,98.8,10528,16126,65.3
1785432634.663,17:30:34,baseline,4,96.7,10528,16126,65.3
1785432634.663,17:30:34,baseline,5,98.9,10528,16126,65.3
1785432634.663,17:30:34,baseline,6,98.7,10530,16126,65.3
1785432634.663,17:30:34,baseline,7,98.3,10528,16126,65.3
1785432635.663,17:30:35,baseline,0,100.0,8643,16126,53.6
1785432635.663,17:30:35,baseline,1,99.8,8467,16126,52.5
1785432635.663,17:30:35,baseline,2,100.0,8611,16126,53.4
1785432635.663,17:30:35,baseline,3,99.6,8468,16126,52.5
1785432635.663,17:30:35,baseline,4,99.9,8675,16126,53.8
1785432635.663,17:30:35,baseline,5,99.5,8707,16126,54.0
1785432635.663,17:30:35,baseline,6,99.9,8437,16126,52.3
1785432635.663,17:30:35,baseline,7,99.4,8515,16126,52.8
1785432636.663,17:30:36,baseline,0,100.0,8643,16126,53.6
1785432636.663,17:30:36,baseline,1,99.8,8467,16126,52.5
1785432636.663,17:30:36,baseline,2,100.0,8611,16126,53.4
1785432636.663,17:30:36,baseline,3,99.6,8468,16126,52.5
1785432636.663,17:30:36,baseline,4,99.9,8675,16126,53.8
1785432636.663,17:30:36,baseline,5,99.5,8707,16126,54.0
1785432636.663,17:30:36,baseline,6,99.9,8437,16126,52.3
1785432636.663,17:30:36,baseline,7,99.4,8515,16126,52.8
1785432637.663,17:30:37,baseline,0,100.0,8643,16126,53.6
1785432637.663,17:30:37,baseline,1,99.8,8467,16126,52.5
1785432637.663,17:30:37,baseline,2,100.0,8611,16126,53.4
1785432637.663,17:30:37,baseline,3,99.6,8468,16126,52.5
1785432637.663,17:30:37,baseline,4,99.9,8675,16126,53.8
1785432637.663,17:30:37,baseline,5,99.5,8707,16126,54.0
1785432637.663,17:30:37,baseline,6,99.9,8437,16126,52.3
1785432637.663,17:30:37,baseline,7,99.4,8515,16126,52.8
1785432638.663,17:30:38,baseline,0,100.0,8643,16126,53.6
1785432638.663,17:30:38,baseline,1,99.8,8467,16126,52.5
1785432638.663,17:30:38,baseline,2,100.0,8611,16126,53.4
1785432638.663,17:30:38,baseline,3,99.6,8468,16126,52.5
1785432638.663,17:30:38,baseline,4,99.9,8675,16126,53.8
1785432638.663,17:30:38,baseline,5,99.5,8707,16126,54.0
1785432638.663,17:30:38,baseline,6,99.9,8437,16126,52.3
1785432638.663,17:30:38,baseline,7,99.4,8515,16126,52.8
1785432639.664,17:30:39,baseline,0,100.0,8643,16126,53.6
1785432639.664,17:30:39,baseline,1,99.8,8467,16126,52.5
1785432639.664,17:30:39,baseline,2,100.0,8611,16126,53.4
1785432639.664,17:30:39,baseline,3,99.6,8468,16126,52.5
1785432639.664,17:30:39,baseline,4,99.9,8675,16126,53.8
1785432639.664,17:30:39,baseline,5,99.5,8707,16126,54.0
1785432639.664,17:30:39,baseline,6,99.9,8437,16126,52.3
1785432639.664,17:30:39,baseline,7,99.4,8515,16126,52.8
1785432640.664,17:30:40,baseline,0,98.5,10528,16126,65.3
1785432640.664,17:30:40,baseline,1,98.6,10528,16126,65.3
1785432640.664,17:30:40,baseline,2,98.8,10528,16126,65.3
1785432640.664,17:30:40,baseline,3,98.2,10528,16126,65.3
1785432640.664,17:30:40,baseline,4,98.3,10528,16126,65.3
1785432640.664,17:30:40,baseline,5,98.3,10528,16126,65.3
1785432640.664,17:30:40,baseline,6,98.5,10530,16126,65.3
1785432640.664,17:30:40,baseline,7,98.4,10528,16126,65.3
1785432641.664,17:30:41,baseline,0,98.5,10528,16126,65.3
1785432641.664,17:30:41,baseline,1,98.6,10528,16126,65.3
1785432641.664,17:30:41,baseline,2,98.8,10528,16126,65.3
1785432641.664,17:30:41,baseline,3,98.2,10528,16126,65.3
1785432641.664,17:30:41,baseline,4,98.3,10528,16126,65.3
1785432641.664,17:30:41,baseline,5,98.3,10528,16126,65.3
1785432641.664,17:30:41,baseline,6,98.5,10530,16126,65.3
1785432641.664,17:30:41,baseline,7,98.4,10528,16126,65.3
1785432642.664,17:30:42,baseline,0,98.5,10528,16126,65.3
1785432642.664,17:30:42,baseline,1,98.6,10528,16126,65.3
1785432642.664,17:30:42,baseline,2,98.8,10528,16126,65.3
1785432642.664,17:30:42,baseline,3,98.2,10528,16126,65.3
1785432642.664,17:30:42,baseline,4,98.3,10528,16126,65.3
1785432642.664,17:30:42,baseline,5,98.3,10528,16126,65.3
1785432642.664,17:30:42,baseline,6,98.5,10530,16126,65.3
1785432642.664,17:30:42,baseline,7,98.4,10528,16126,65.3
1785432643.664,17:30:43,baseline,0,98.5,10528,16126,65.3
1785432643.664,17:30:43,baseline,1,98.6,10528,16126,65.3
1785432643.664,17:30:43,baseline,2,98.8,10528,16126,65.3
1785432643.664,17:30:43,baseline,3,98.2,10528,16126,65.3
1785432643.664,17:30:43,baseline,4,98.3,10528,16126,65.3
1785432643.664,17:30:43,baseline,5,98.3,10528,16126,65.3
1785432643.664,17:30:43,baseline,6,98.5,10530,16126,65.3
1785432643.664,17:30:43,baseline,7,98.4,10528,16126,65.3
1785432644.664,17:30:44,baseline,0,98.5,10528,16126,65.3
1785432644.664,17:30:44,baseline,1,98.6,10528,16126,65.3
1785432644.664,17:30:44,baseline,2,98.8,10528,16126,65.3
1785432644.664,17:30:44,baseline,3,98.2,10528,16126,65.3
1785432644.664,17:30:44,baseline,4,98.3,10528,16126,65.3
1785432644.664,17:30:44,baseline,5,98.3,10528,16126,65.3
1785432644.664,17:30:44,baseline,6,98.5,10530,16126,65.3
1785432644.664,17:30:44,baseline,7,98.4,10528,16126,65.3
1785432645.664,17:30:45,baseline,0,96.8,10668,16126,66.2
1785432645.664,17:30:45,baseline,1,96.7,10668,16126,66.2
1785432645.664,17:30:45,baseline,2,96.6,10668,16126,66.2
1785432645.664,17:30:45,baseline,3,96.8,10668,16126,66.2
1785432645.664,17:30:45,baseline,4,96.5,10668,16126,66.2
1785432645.664,17:30:45,baseline,5,96.4,10668,16126,66.2
1785432645.664,17:30:45,baseline,6,96.4,10669,16126,66.2
1785432645.664,17:30:45,baseline,7,96.8,10668,16126,66.2
1785432646.664,17:30:46,baseline,0,96.8,10668,16126,66.2
1785432646.664,17:30:46,baseline,1,96.7,10668,16126,66.2
1785432646.664,17:30:46,baseline,2,96.6,10668,16126,66.2
1785432646.664,17:30:46,baseline,3,96.8,10668,16126,66.2
1785432646.664,17:30:46,baseline,4,96.5,10668,16126,66.2
1785432646.664,17:30:46,baseline,5,96.4,10668,16126,66.2
1785432646.664,17:30:46,baseline,6,96.4,10669,16126,66.2
1785432646.664,17:30:46,baseline,7,96.8,10668,16126,66.2
1785432647.664,17:30:47,baseline,0,96.8,10668,16126,66.2
1785432647.664,17:30:47,baseline,1,96.7,10668,16126,66.2
1785432647.664,17:30:47,baseline,2,96.6,10668,16126,66.2
1785432647.664,17:30:47,baseline,3,96.8,10668,16126,66.2
1785432647.664,17:30:47,baseline,4,96.5,10668,16126,66.2
1785432647.664,17:30:47,baseline,5,96.4,10668,16126,66.2
1785432647.664,17:30:47,baseline,6,96.4,10669,16126,66.2
1785432647.664,17:30:47,baseline,7,96.8,10668,16126,66.2
1785432648.665,17:30:48,baseline,0,96.8,10668,16126,66.2
1785432648.665,17:30:48,baseline,1,96.7,10668,16126,66.2
1785432648.665,17:30:48,baseline,2,96.6,10668,16126,66.2
1785432648.665,17:30:48,baseline,3,96.8,10668,16126,66.2
1785432648.665,17:30:48,baseline,4,96.5,10668,16126,66.2
1785432648.665,17:30:48,baseline,5,96.4,10668,16126,66.2
1785432648.665,17:30:48,baseline,6,96.4,10669,16126,66.2
1785432648.665,17:30:48,baseline,7,96.8,10668,16126,66.2
1785432649.665,17:30:49,baseline,0,96.8,10668,16126,66.2
1785432649.665,17:30:49,baseline,1,96.7,10668,16126,66.2
1785432649.665,17:30:49,baseline,2,96.6,10668,16126,66.2
1785432649.665,17:30:49,baseline,3,96.8,10668,16126,66.2
1785432649.665,17:30:49,baseline,4,96.5,10668,16126,66.2
1785432649.665,17:30:49,baseline,5,96.4,10668,16126,66.2
1785432649.665,17:30:49,baseline,6,96.4,10669,16126,66.2
1785432649.665,17:30:49,baseline,7,96.8,10668,16126,66.2
1785432650.665,17:30:50,baseline,0,100.0,8611,16126,53.4
1785432650.665,17:30:50,baseline,1,100.0,8643,16126,53.6
1785432650.665,17:30:50,baseline,2,100.0,8547,16126,53.0
1785432650.665,17:30:50,baseline,3,100.0,8484,16126,52.6
1785432650.665,17:30:50,baseline,4,100.0,8515,16126,52.8
1785432650.665,17:30:50,baseline,5,100.0,8611,16126,53.4
1785432650.665,17:30:50,baseline,6,100.0,8469,16126,52.5
1785432650.665,17:30:50,baseline,7,100.0,8579,16126,53.2
1785432651.665,17:30:51,baseline,0,100.0,8611,16126,53.4
1785432651.665,17:30:51,baseline,1,100.0,8643,16126,53.6
1785432651.665,17:30:51,baseline,2,100.0,8547,16126,53.0
1785432651.665,17:30:51,baseline,3,100.0,8484,16126,52.6
1785432651.665,17:30:51,baseline,4,100.0,8515,16126,52.8
1785432651.665,17:30:51,baseline,5,100.0,8611,16126,53.4
1785432651.665,17:30:51,baseline,6,100.0,8469,16126,52.5
1785432651.665,17:30:51,baseline,7,100.0,8579,16126,53.2
1785432652.665,17:30:52,baseline,0,100.0,8611,16126,53.4
1785432652.665,17:30:52,baseline,1,100.0,8643,16126,53.6
1785432652.665,17:30:52,baseline,2,100.0,8547,16126,53.0
1785432652.665,17:30:52,baseline,3,100.0,8484,16126,52.6
1785432652.665,17:30:52,baseline,4,100.0,8515,16126,52.8
1785432652.665,17:30:52,baseline,5,100.0,8611,16126,53.4
1785432652.665,17:30:52,baseline,6,100.0,8469,16126,52.5
1785432652.665,17:30:52,baseline,7,100.0,8579,16126,53.2
1785432653.665,17:30:53,baseline,0,100.0,8611,16126,53.4
1785432653.665,17:30:53,baseline,1,100.0,8643,16126,53.6
1785432653.665,17:30:53,baseline,2,100.0,8547,16126,53.0
1785432653.665,17:30:53,baseline,3,100.0,8484,16126,52.6
1785432653.665,17:30:53,baseline,4,100.0,8515,16126,52.8
1785432653.665,17:30:53,baseline,5,100.0,8611,16126,53.4
1785432653.665,17:30:53,baseline,6,100.0,8469,16126,52.5
1785432653.665,17:30:53,baseline,7,100.0,8579,16126,53.2
1785432654.665,17:30:54,baseline,0,100.0,8611,16126,53.4
1785432654.665,17:30:54,baseline,1,100.0,8643,16126,53.6
1785432654.665,17:30:54,baseline,2,100.0,8547,16126,53.0
1785432654.665,17:30:54,baseline,3,100.0,8484,16126,52.6
1785432654.665,17:30:54,baseline,4,100.0,8515,16126,52.8
1785432654.665,17:30:54,baseline,5,100.0,8611,16126,53.4
1785432654.665,17:30:54,baseline,6,100.0,8469,16126,52.5
1785432654.665,17:30:54,baseline,7,100.0,8579,16126,53.2
1785432655.665,17:30:55,baseline,0,97.7,10668,16126,66.2
1785432655.665,17:30:55,baseline,1,98.3,10668,16126,66.2
1785432655.665,17:30:55,baseline,2,98.6,10668,16126,66.2
1785432655.665,17:30:55,baseline,3,98.6,10668,16126,66.2
1785432655.665,17:30:55,baseline,4,97.6,10668,16126,66.2
1785432655.665,17:30:55,baseline,5,97.3,10668,16126,66.2
1785432655.665,17:30:55,baseline,6,98.5,10669,16126,66.2
1785432655.665,17:30:55,baseline,7,98.4,10668,16126,66.2
1785432656.665,17:30:56,baseline,0,97.7,10668,16126,66.2
1785432656.665,17:30:56,baseline,1,98.3,10668,16126,66.2
1785432656.665,17:30:56,baseline,2,98.6,10668,16126,66.2
1785432656.665,17:30:56,baseline,3,98.6,10668,16126,66.2
1785432656.665,17:30:56,baseline,4,97.6,10668,16126,66.2
1785432656.665,17:30:56,baseline,5,97.3,10668,16126,66.2
1785432656.665,17:30:56,baseline,6,98.5,10669,16126,66.2
1785432656.665,17:30:56,baseline,7,98.4,10668,16126,66.2
1785432657.666,17:30:57,baseline,0,97.7,10668,16126,66.2
1785432657.666,17:30:57,baseline,1,98.3,10668,16126,66.2
1785432657.666,17:30:57,baseline,2,98.6,10668,16126,66.2
1785432657.666,17:30:57,baseline,3,98.6,10668,16126,66.2
1785432657.666,17:30:57,baseline,4,97.6,10668,16126,66.2
1785432657.666,17:30:57,baseline,5,97.3,10668,16126,66.2
1785432657.666,17:30:57,baseline,6,98.5,10669,16126,66.2
1785432657.666,17:30:57,baseline,7,98.4,10668,16126,66.2
1785432658.666,17:30:58,baseline,0,97.7,10668,16126,66.2
1785432658.666,17:30:58,baseline,1,98.3,10668,16126,66.2
1785432658.666,17:30:58,baseline,2,98.6,10668,16126,66.2
1785432658.666,17:30:58,baseline,3,98.6,10668,16126,66.2
1785432658.666,17:30:58,baseline,4,97.6,10668,16126,66.2
1785432658.666,17:30:58,baseline,5,97.3,10668,16126,66.2
1785432658.666,17:30:58,baseline,6,98.5,10669,16126,66.2
1785432658.666,17:30:58,baseline,7,98.4,10668,16126,66.2
1785432659.666,17:30:59,baseline,0,97.7,10668,16126,66.2
1785432659.666,17:30:59,baseline,1,98.3,10668,16126,66.2
1785432659.666,17:30:59,baseline,2,98.6,10668,16126,66.2
1785432659.666,17:30:59,baseline,3,98.6,10668,16126,66.2
1785432659.666,17:30:59,baseline,4,97.6,10668,16126,66.2
1785432659.666,17:30:59,baseline,5,97.3,10668,16126,66.2
1785432659.666,17:30:59,baseline,6,98.5,10669,16126,66.2
1785432659.666,17:30:59,baseline,7,98.4,10668,16126,66.2
1785432660.666,17:31:00,baseline,0,100.0,8452,16126,52.4
1785432660.666,17:31:00,baseline,1,99.8,8435,16126,52.3
1785432660.666,17:31:00,baseline,2,99.8,8643,16126,53.6
1785432660.666,17:31:00,baseline,3,99.6,8515,16126,52.8
1785432660.666,17:31:00,baseline,4,99.6,8499,16126,52.7
1785432660.666,17:31:00,baseline,5,99.6,8452,16126,52.4
1785432660.666,17:31:00,baseline,6,99.3,8405,16126,52.1
1785432660.666,17:31:00,baseline,7,99.8,8435,16126,52.3
1785432661.666,17:31:01,baseline,0,100.0,8452,16126,52.4
1785432661.666,17:31:01,baseline,1,99.8,8435,16126,52.3
1785432661.666,17:31:01,baseline,2,99.8,8643,16126,53.6
1785432661.666,17:31:01,baseline,3,99.6,8515,16126,52.8
1785432661.666,17:31:01,baseline,4,99.6,8499,16126,52.7
1785432661.666,17:31:01,baseline,5,99.6,8452,16126,52.4
1785432661.666,17:31:01,baseline,6,99.3,8405,16126,52.1
1785432661.666,17:31:01,baseline,7,99.8,8435,16126,52.3
1785432662.666,17:31:02,baseline,0,100.0,8452,16126,52.4
1785432662.666,17:31:02,baseline,1,99.8,8435,16126,52.3
1785432662.666,17:31:02,baseline,2,99.8,8643,16126,53.6
1785432662.666,17:31:02,baseline,3,99.6,8515,16126,52.8
1785432662.666,17:31:02,baseline,4,99.6,8499,16126,52.7
1785432662.666,17:31:02,baseline,5,99.6,8452,16126,52.4
1785432662.666,17:31:02,baseline,6,99.3,8405,16126,52.1
1785432662.666,17:31:02,baseline,7,99.8,8435,16126,52.3
1785432663.666,17:31:03,baseline,0,100.0,8452,16126,52.4
1785432663.666,17:31:03,baseline,1,99.8,8435,16126,52.3
1785432663.666,17:31:03,baseline,2,99.8,8643,16126,53.6
1785432663.666,17:31:03,baseline,3,99.6,8515,16126,52.8
1785432663.666,17:31:03,baseline,4,99.6,8499,16126,52.7
1785432663.666,17:31:03,baseline,5,99.6,8452,16126,52.4
1785432663.666,17:31:03,baseline,6,99.3,8405,16126,52.1
1785432663.666,17:31:03,baseline,7,99.8,8435,16126,52.3
1785432664.666,17:31:04,baseline,0,100.0,8452,16126,52.4
1785432664.666,17:31:04,baseline,1,99.8,8435,16126,52.3
1785432664.666,17:31:04,baseline,2,99.8,8643,16126,53.6
1785432664.666,17:31:04,baseline,3,99.6,8515,16126,52.8
1785432664.666,17:31:04,baseline,4,99.6,8499,16126,52.7
1785432664.666,17:31:04,baseline,5,99.6,8452,16126,52.4
1785432664.666,17:31:04,baseline,6,99.3,8405,16126,52.1
1785432664.666,17:31:04,baseline,7,99.8,8435,16126,52.3
1785432665.666,17:31:05,baseline,0,99.1,10668,16126,66.2
1785432665.666,17:31:05,baseline,1,98.4,10668,16126,66.2
1785432665.666,17:31:05,baseline,2,99.0,10668,16126,66.2
1785432665.666,17:31:05,baseline,3,98.6,10668,16126,66.2
1785432665.666,17:31:05,baseline,4,98.4,10668,16126,66.2
1785432665.666,17:31:05,baseline,5,98.6,10668,16126,66.2
1785432665.666,17:31:05,baseline,6,98.1,10621,16126,65.9
1785432665.666,17:31:05,baseline,7,98.9,10668,16126,66.2
1785432666.667,17:31:06,baseline,0,99.1,10668,16126,66.2
1785432666.667,17:31:06,baseline,1,98.4,10668,16126,66.2
1785432666.667,17:31:06,baseline,2,99.0,10668,16126,66.2
1785432666.667,17:31:06,baseline,3,98.6,10668,16126,66.2
1785432666.667,17:31:06,baseline,4,98.4,10668,16126,66.2
1785432666.667,17:31:06,baseline,5,98.6,10668,16126,66.2
1785432666.667,17:31:06,baseline,6,98.1,10621,16126,65.9
1785432666.667,17:31:06,baseline,7,98.9,10668,16126,66.2
1785432667.667,17:31:07,baseline,0,99.1,10668,16126,66.2
1785432667.667,17:31:07,baseline,1,98.4,10668,16126,66.2
1785432667.667,17:31:07,baseline,2,99.0,10668,16126,66.2
1785432667.667,17:31:07,baseline,3,98.6,10668,16126,66.2
1785432667.667,17:31:07,baseline,4,98.4,10668,16126,66.2
1785432667.667,17:31:07,baseline,5,98.6,10668,16126,66.2
1785432667.667,17:31:07,baseline,6,98.1,10621,16126,65.9
1785432667.667,17:31:07,baseline,7,98.9,10668,16126,66.2
1785432668.667,17:31:08,baseline,0,99.1,10668,16126,66.2
1785432668.667,17:31:08,baseline,1,98.4,10668,16126,66.2
1785432668.667,17:31:08,baseline,2,99.0,10668,16126,66.2
1785432668.667,17:31:08,baseline,3,98.6,10668,16126,66.2
1785432668.667,17:31:08,baseline,4,98.4,10668,16126,66.2
1785432668.667,17:31:08,baseline,5,98.6,10668,16126,66.2
1785432668.667,17:31:08,baseline,6,98.1,10621,16126,65.9
1785432668.667,17:31:08,baseline,7,98.9,10668,16126,66.2
1785432669.667,17:31:09,baseline,0,99.1,10668,16126,66.2
1785432669.667,17:31:09,baseline,1,98.4,10668,16126,66.2
1785432669.667,17:31:09,baseline,2,99.0,10668,16126,66.2
1785432669.667,17:31:09,baseline,3,98.6,10668,16126,66.2
1785432669.667,17:31:09,baseline,4,98.4,10668,16126,66.2
1785432669.667,17:31:09,baseline,5,98.6,10668,16126,66.2
1785432669.667,17:31:09,baseline,6,98.1,10621,16126,65.9
1785432669.667,17:31:09,baseline,7,98.9,10668,16126,66.2
1785432670.667,17:31:10,baseline,0,98.9,8483,16126,52.6
1785432670.667,17:31:10,baseline,1,98.4,8387,16126,52.0
1785432670.667,17:31:10,baseline,2,98.9,8435,16126,52.3
1785432670.667,17:31:10,baseline,3,98.7,8500,16126,52.7
1785432670.667,17:31:10,baseline,4,98.5,8483,16126,52.6
1785432670.667,17:31:10,baseline,5,98.5,8339,16126,51.7
1785432670.667,17:31:10,baseline,6,98.7,8613,16126,53.4
1785432670.667,17:31:10,baseline,7,98.9,8403,16126,52.1
1785432671.667,17:31:11,baseline,0,98.9,8483,16126,52.6
1785432671.667,17:31:11,baseline,1,98.4,8387,16126,52.0
1785432671.667,17:31:11,baseline,2,98.9,8435,16126,52.3
1785432671.667,17:31:11,baseline,3,98.7,8500,16126,52.7
1785432671.667,17:31:11,baseline,4,98.5,8483,16126,52.6
1785432671.667,17:31:11,baseline,5,98.5,8339,16126,51.7
1785432671.667,17:31:11,baseline,6,98.7,8613,16126,53.4
1785432671.667,17:31:11,baseline,7,98.9,8403,16126,52.1
1785432672.667,17:31:12,baseline,0,98.9,8483,16126,52.6
1785432672.667,17:31:12,baseline,1,98.4,8387,16126,52.0
1785432672.667,17:31:12,baseline,2,98.9,8435,16126,52.3
1785432672.667,17:31:12,baseline,3,98.7,8500,16126,52.7
1785432672.667,17:31:12,baseline,4,98.5,8483,16126,52.6
1785432672.667,17:31:12,baseline,5,98.5,8339,16126,51.7
1785432672.667,17:31:12,baseline,6,98.7,8613,16126,53.4
1785432672.667,17:31:12,baseline,7,98.9,8403,16126,52.1
1785432673.667,17:31:13,baseline,0,98.9,8483,16126,52.6
1785432673.667,17:31:13,baseline,1,98.4,8387,16126,52.0
1785432673.667,17:31:13,baseline,2,98.9,8435,16126,52.3
1785432673.667,17:31:13,baseline,3,98.7,8500,16126,52.7
1785432673.667,17:31:13,baseline,4,98.5,8483,16126,52.6
1785432673.667,17:31:13,baseline,5,98.5,8339,16126,51.7
1785432673.667,17:31:13,baseline,6,98.7,8613,16126,53.4
1785432673.667,17:31:13,baseline,7,98.9,8403,16126,52.1
1785432674.667,17:31:14,baseline,0,98.9,8483,16126,52.6
1785432674.667,17:31:14,baseline,1,98.4,8387,16126,52.0
1785432674.667,17:31:14,baseline,2,98.9,8435,16126,52.3
1785432674.667,17:31:14,baseline,3,98.7,8500,16126,52.7
1785432674.667,17:31:14,baseline,4,98.5,8483,16126,52.6
1785432674.667,17:31:14,baseline,5,98.5,8339,16126,51.7
1785432674.667,17:31:14,baseline,6,98.7,8613,16126,53.4
1785432674.667,17:31:14,baseline,7,98.9,8403,16126,52.1
1785432675.668,17:31:15,baseline,0,96.9,10528,16126,65.3
1785432675.668,17:31:15,baseline,1,97.1,10528,16126,65.3
1785432675.668,17:31:15,baseline,2,96.9,10528,16126,65.3
1785432675.668,17:31:15,baseline,3,96.8,10528,16126,65.3
1785432675.668,17:31:15,baseline,4,96.9,10528,16126,65.3
1785432675.668,17:31:15,baseline,5,96.9,10528,16126,65.3
1785432675.668,17:31:15,baseline,6,96.9,10530,16126,65.3
1785432675.668,17:31:15,baseline,7,97.2,10528,16126,65.3
1785432676.668,17:31:16,baseline,0,96.9,10528,16126,65.3
1785432676.668,17:31:16,baseline,1,97.1,10528,16126,65.3
1785432676.668,17:31:16,baseline,2,96.9,10528,16126,65.3
1785432676.668,17:31:16,baseline,3,96.8,10528,16126,65.3
1785432676.668,17:31:16,baseline,4,96.9,10528,16126,65.3
1785432676.668,17:31:16,baseline,5,96.9,10528,16126,65.3
1785432676.668,17:31:16,baseline,6,96.9,10530,16126,65.3
1785432676.668,17:31:16,baseline,7,97.2,10528,16126,65.3
1785432677.668,17:31:17,baseline,0,96.9,10528,16126,65.3
1785432677.668,17:31:17,baseline,1,97.1,10528,16126,65.3
1785432677.668,17:31:17,baseline,2,96.9,10528,16126,65.3
1785432677.668,17:31:17,baseline,3,96.8,10528,16126,65.3
1785432677.668,17:31:17,baseline,4,96.9,10528,16126,65.3
1785432677.668,17:31:17,baseline,5,96.9,10528,16126,65.3
1785432677.668,17:31:17,baseline,6,96.9,10530,16126,65.3
1785432677.668,17:31:17,baseline,7,97.2,10528,16126,65.3
1785432678.668,17:31:18,baseline,0,96.9,10528,16126,65.3
1785432678.668,17:31:18,baseline,1,97.1,10528,16126,65.3
1785432678.668,17:31:18,baseline,2,96.9,10528,16126,65.3
1785432678.668,17:31:18,baseline,3,96.8,10528,16126,65.3
1785432678.668,17:31:18,baseline,4,96.9,10528,16126,65.3
1785432678.668,17:31:18,baseline,5,96.9,10528,16126,65.3
1785432678.668,17:31:18,baseline,6,96.9,10530,16126,65.3
1785432678.668,17:31:18,baseline,7,97.2,10528,16126,65.3
1785432679.668,17:31:19,baseline,0,96.9,10528,16126,65.3
1785432679.668,17:31:19,baseline,1,97.1,10528,16126,65.3
1785432679.668,17:31:19,baseline,2,96.9,10528,16126,65.3
1785432679.668,17:31:19,baseline,3,96.8,10528,16126,65.3
1785432679.668,17:31:19,baseline,4,96.9,10528,16126,65.3
1785432679.668,17:31:19,baseline,5,96.9,10528,16126,65.3
1785432679.668,17:31:19,baseline,6,96.9,10530,16126,65.3
1785432679.668,17:31:19,baseline,7,97.2,10528,16126,65.3
1785432680.668,17:31:20,baseline,0,100.0,8531,16126,52.9
1785432680.668,17:31:20,baseline,1,100.0,8611,16126,53.4
1785432680.668,17:31:20,baseline,2,100.0,8515,16126,52.8
1785432680.668,17:31:20,baseline,3,100.0,8499,16126,52.7
1785432680.668,17:31:20,baseline,4,100.0,8563,16126,53.1
1785432680.668,17:31:20,baseline,5,100.0,8563,16126,53.1
1785432680.668,17:31:20,baseline,6,100.0,8389,16126,52.0
1785432680.668,17:31:20,baseline,7,100.0,8643,16126,53.6
1785432681.668,17:31:21,baseline,0,100.0,8531,16126,52.9
1785432681.668,17:31:21,baseline,1,100.0,8611,16126,53.4
1785432681.668,17:31:21,baseline,2,100.0,8515,16126,52.8
1785432681.668,17:31:21,baseline,3,100.0,8499,16126,52.7
1785432681.668,17:31:21,baseline,4,100.0,8563,16126,53.1
1785432681.668,17:31:21,baseline,5,100.0,8563,16126,53.1
1785432681.668,17:31:21,baseline,6,100.0,8389,16126,52.0
1785432681.668,17:31:21,baseline,7,100.0,8643,16126,53.6
1785432682.668,17:31:22,baseline,0,100.0,8531,16126,52.9
1785432682.668,17:31:22,baseline,1,100.0,8611,16126,53.4
1785432682.668,17:31:22,baseline,2,100.0,8515,16126,52.8
1785432682.668,17:31:22,baseline,3,100.0,8499,16126,52.7
1785432682.668,17:31:22,baseline,4,100.0,8563,16126,53.1
1785432682.668,17:31:22,baseline,5,100.0,8563,16126,53.1
1785432682.668,17:31:22,baseline,6,100.0,8389,16126,52.0
1785432682.668,17:31:22,baseline,7,100.0,8643,16126,53.6
1785432683.668,17:31:23,baseline,0,100.0,8531,16126,52.9
1785432683.668,17:31:23,baseline,1,100.0,8611,16126,53.4
1785432683.668,17:31:23,baseline,2,100.0,8515,16126,52.8
1785432683.668,17:31:23,baseline,3,100.0,8499,16126,52.7
1785432683.668,17:31:23,baseline,4,100.0,8563,16126,53.1
1785432683.668,17:31:23,baseline,5,100.0,8563,16126,53.1
1785432683.668,17:31:23,baseline,6,100.0,8389,16126,52.0
1785432683.668,17:31:23,baseline,7,100.0,8643,16126,53.6
1785432684.669,17:31:24,baseline,0,100.0,8531,16126,52.9
1785432684.669,17:31:24,baseline,1,100.0,8611,16126,53.4
1785432684.669,17:31:24,baseline,2,100.0,8515,16126,52.8
1785432684.669,17:31:24,baseline,3,100.0,8499,16126,52.7
1785432684.669,17:31:24,baseline,4,100.0,8563,16126,53.1
1785432684.669,17:31:24,baseline,5,100.0,8563,16126,53.1
1785432684.669,17:31:24,baseline,6,100.0,8389,16126,52.0
1785432684.669,17:31:24,baseline,7,100.0,8643,16126,53.6
1785432685.669,17:31:25,baseline,0,98.5,10528,16126,65.3
1785432685.669,17:31:25,baseline,1,98.9,10528,16126,65.3
1785432685.669,17:31:25,baseline,2,98.3,10528,16126,65.3
1785432685.669,17:31:25,baseline,3,98.1,10528,16126,65.3
1785432685.669,17:31:25,baseline,4,97.8,10528,16126,65.3
1785432685.669,17:31:25,baseline,5,98.1,10528,16126,65.3
1785432685.669,17:31:25,baseline,6,98.6,10530,16126,65.3
1785432685.669,17:31:25,baseline,7,99.1,10528,16126,65.3
1785432686.669,17:31:26,baseline,0,98.5,10528,16126,65.3
1785432686.669,17:31:26,baseline,1,98.9,10528,16126,65.3
1785432686.669,17:31:26,baseline,2,98.3,10528,16126,65.3
1785432686.669,17:31:26,baseline,3,98.1,10528,16126,65.3
1785432686.669,17:31:26,baseline,4,97.8,10528,16126,65.3
1785432686.669,17:31:26,baseline,5,98.1,10528,16126,65.3
1785432686.669,17:31:26,baseline,6,98.6,10530,16126,65.3
1785432686.669,17:31:26,baseline,7,99.1,10528,16126,65.3
1785432687.669,17:31:27,baseline,0,98.5,10528,16126,65.3
1785432687.669,17:31:27,baseline,1,98.9,10528,16126,65.3
1785432687.669,17:31:27,baseline,2,98.3,10528,16126,65.3
1785432687.669,17:31:27,baseline,3,98.1,10528,16126,65.3
1785432687.669,17:31:27,baseline,4,97.8,10528,16126,65.3
1785432687.669,17:31:27,baseline,5,98.1,10528,16126,65.3
1785432687.669,17:31:27,baseline,6,98.6,10530,16126,65.3
1785432687.669,17:31:27,baseline,7,99.1,10528,16126,65.3
1785432688.669,17:31:28,baseline,0,98.5,10528,16126,65.3
1785432688.669,17:31:28,baseline,1,98.9,10528,16126,65.3
1785432688.669,17:31:28,baseline,2,98.3,10528,16126,65.3
1785432688.669,17:31:28,baseline,3,98.1,10528,16126,65.3
1785432688.669,17:31:28,baseline,4,97.8,10528,16126,65.3
1785432688.669,17:31:28,baseline,5,98.1,10528,16126,65.3
1785432688.669,17:31:28,baseline,6,98.6,10530,16126,65.3
1785432688.669,17:31:28,baseline,7,99.1,10528,16126,65.3
1785432689.669,17:31:29,baseline,0,98.5,10528,16126,65.3
1785432689.669,17:31:29,baseline,1,98.9,10528,16126,65.3
1785432689.669,17:31:29,baseline,2,98.3,10528,16126,65.3
1785432689.669,17:31:29,baseline,3,98.1,10528,16126,65.3
1785432689.669,17:31:29,baseline,4,97.8,10528,16126,65.3
1785432689.669,17:31:29,baseline,5,98.1,10528,16126,65.3
1785432689.669,17:31:29,baseline,6,98.6,10530,16126,65.3
1785432689.669,17:31:29,baseline,7,99.1,10528,16126,65.3
1785432690.669,17:31:30,baseline,0,99.1,8484,16126,52.6
1785432690.669,17:31:30,baseline,1,99.5,8451,16126,52.4
1785432690.669,17:31:30,baseline,2,99.2,8483,16126,52.6
1785432690.669,17:31:30,baseline,3,96.4,8339,16126,51.7
1785432690.669,17:31:30,baseline,4,99.6,8419,16126,52.2
1785432690.669,17:31:30,baseline,5,99.8,8436,16126,52.3
1785432690.669,17:31:30,baseline,6,96.7,10669,16126,66.2
1785432690.669,17:31:30,baseline,7,96.8,8387,16126,52.0
1785432691.669,17:31:31,baseline,0,99.1,8484,16126,52.6
1785432691.669,17:31:31,baseline,1,99.5,8451,16126,52.4
1785432691.669,17:31:31,baseline,2,99.2,8483,16126,52.6
1785432691.669,17:31:31,baseline,3,96.4,8339,16126,51.7
1785432691.669,17:31:31,baseline,4,99.6,8419,16126,52.2
1785432691.669,17:31:31,baseline,5,99.8,8436,16126,52.3
1785432691.669,17:31:31,baseline,6,96.7,10669,16126,66.2
1785432691.669,17:31:31,baseline,7,96.8,8387,16126,52.0
1785432692.67,17:31:32,baseline,0,99.1,8484,16126,52.6
1785432692.67,17:31:32,baseline,1,99.5,8451,16126,52.4
1785432692.67,17:31:32,baseline,2,99.2,8483,16126,52.6
1785432692.67,17:31:32,baseline,3,96.4,8339,16126,51.7
1785432692.67,17:31:32,baseline,4,99.6,8419,16126,52.2
1785432692.67,17:31:32,baseline,5,99.8,8436,16126,52.3
1785432692.67,17:31:32,baseline,6,96.7,10669,16126,66.2
1785432692.67,17:31:32,baseline,7,96.8,8387,16126,52.0
1785432693.67,17:31:33,baseline,0,99.1,8484,16126,52.6
1785432693.67,17:31:33,baseline,1,99.5,8451,16126,52.4
1785432693.67,17:31:33,baseline,2,99.2,8483,16126,52.6
1785432693.67,17:31:33,baseline,3,96.4,8339,16126,51.7
1785432693.67,17:31:33,baseline,4,99.6,8419,16126,52.2
1785432693.67,17:31:33,baseline,5,99.8,8436,16126,52.3
1785432693.67,17:31:33,baseline,6,96.7,10669,16126,66.2
1785432693.67,17:31:33,baseline,7,96.8,8387,16126,52.0
1785432694.67,17:31:34,baseline,0,99.1,8484,16126,52.6
1785432694.67,17:31:34,baseline,1,99.5,8451,16126,52.4
1785432694.67,17:31:34,baseline,2,99.2,8483,16126,52.6
1785432694.67,17:31:34,baseline,3,96.4,8339,16126,51.7
1785432694.67,17:31:34,baseline,4,99.6,8419,16126,52.2
1785432694.67,17:31:34,baseline,5,99.8,8436,16126,52.3
1785432694.67,17:31:34,baseline,6,96.7,10669,16126,66.2
1785432694.67,17:31:34,baseline,7,96.8,8387,16126,52.0
1785432695.67,17:31:35,baseline,0,98.2,10528,16126,65.3
1785432695.67,17:31:35,baseline,1,98.8,10528,16126,65.3
1785432695.67,17:31:35,baseline,2,98.3,10528,16126,65.3
1785432695.67,17:31:35,baseline,3,100.0,10496,16126,65.1
1785432695.67,17:31:35,baseline,4,98.4,10528,16126,65.3
1785432695.67,17:31:35,baseline,5,98.4,10528,16126,65.3
1785432695.67,17:31:35,baseline,6,100.0,10545,16126,65.4
1785432695.67,17:31:35,baseline,7,100.0,10528,16126,65.3
1785432696.67,17:31:36,baseline,0,98.2,10528,16126,65.3
1785432696.67,17:31:36,baseline,1,98.8,10528,16126,65.3
1785432696.67,17:31:36,baseline,2,98.3,10528,16126,65.3
1785432696.67,17:31:36,baseline,3,100.0,10496,16126,65.1
1785432696.67,17:31:36,baseline,4,98.4,10528,16126,65.3
1785432696.67,17:31:36,baseline,5,98.4,10528,16126,65.3
1785432696.67,17:31:36,baseline,6,100.0,10545,16126,65.4
1785432696.67,17:31:36,baseline,7,100.0,10528,16126,65.3
1785432697.67,17:31:37,baseline,0,98.2,10528,16126,65.3
1785432697.67,17:31:37,baseline,1,98.8,10528,16126,65.3
1785432697.67,17:31:37,baseline,2,98.3,10528,16126,65.3
1785432697.67,17:31:37,baseline,3,100.0,10496,16126,65.1
1785432697.67,17:31:37,baseline,4,98.4,10528,16126,65.3
1785432697.67,17:31:37,baseline,5,98.4,10528,16126,65.3
1785432697.67,17:31:37,baseline,6,100.0,10545,16126,65.4
1785432697.67,17:31:37,baseline,7,100.0,10528,16126,65.3
1785432698.67,17:31:38,baseline,0,98.2,10528,16126,65.3
1785432698.67,17:31:38,baseline,1,98.8,10528,16126,65.3
1785432698.67,17:31:38,baseline,2,98.3,10528,16126,65.3
1785432698.67,17:31:38,baseline,3,100.0,10496,16126,65.1
1785432698.67,17:31:38,baseline,4,98.4,10528,16126,65.3
1785432698.67,17:31:38,baseline,5,98.4,10528,16126,65.3
1785432698.67,17:31:38,baseline,6,100.0,10545,16126,65.4
1785432698.67,17:31:38,baseline,7,100.0,10528,16126,65.3
1785432699.67,17:31:39,baseline,0,98.2,10528,16126,65.3
1785432699.67,17:31:39,baseline,1,98.8,10528,16126,65.3
1785432699.67,17:31:39,baseline,2,98.3,10528,16126,65.3
1785432699.67,17:31:39,baseline,3,100.0,10496,16126,65.1
1785432699.67,17:31:39,baseline,4,98.4,10528,16126,65.3
1785432699.67,17:31:39,baseline,5,98.4,10528,16126,65.3
1785432699.67,17:31:39,baseline,6,100.0,10545,16126,65.4
1785432699.67,17:31:39,baseline,7,100.0,10528,16126,65.3
1785432700.67,17:31:40,baseline,0,96.8,10668,16126,66.2
1785432700.67,17:31:40,baseline,1,97.1,10668,16126,66.2
1785432700.67,17:31:40,baseline,2,97.1,10668,16126,66.2
1785432700.67,17:31:40,baseline,3,97.8,10668,16126,66.2
1785432700.67,17:31:40,baseline,4,97.0,10668,16126,66.2
1785432700.67,17:31:40,baseline,5,97.1,10668,16126,66.2
1785432700.67,17:31:40,baseline,6,97.7,10669,16126,66.2
1785432700.67,17:31:40,baseline,7,98.4,10668,16126,66.2
1785432701.671,17:31:41,baseline,0,96.8,10668,16126,66.2
1785432701.671,17:31:41,baseline,1,97.1,10668,16126,66.2
1785432701.671,17:31:41,baseline,2,97.1,10668,16126,66.2
1785432701.671,17:31:41,baseline,3,97.8,10668,16126,66.2
1785432701.671,17:31:41,baseline,4,97.0,10668,16126,66.2
1785432701.671,17:31:41,baseline,5,97.1,10668,16126,66.2
1785432701.671,17:31:41,baseline,6,97.7,10669,16126,66.2
1785432701.671,17:31:41,baseline,7,98.4,10668,16126,66.2
1785432702.671,17:31:42,baseline,0,96.8,10668,16126,66.2
1785432702.671,17:31:42,baseline,1,97.1,10668,16126,66.2
1785432702.671,17:31:42,baseline,2,97.1,10668,16126,66.2
1785432702.671,17:31:42,baseline,3,97.8,10668,16126,66.2
1785432702.671,17:31:42,baseline,4,97.0,10668,16126,66.2
1785432702.671,17:31:42,baseline,5,97.1,10668,16126,66.2
1785432702.671,17:31:42,baseline,6,97.7,10669,16126,66.2
1785432702.671,17:31:42,baseline,7,98.4,10668,16126,66.2
1785432703.671,17:31:43,baseline,0,96.8,10668,16126,66.2
1785432703.671,17:31:43,baseline,1,97.1,10668,16126,66.2
1785432703.671,17:31:43,baseline,2,97.1,10668,16126,66.2
1785432703.671,17:31:43,baseline,3,97.8,10668,16126,66.2
1785432703.671,17:31:43,baseline,4,97.0,10668,16126,66.2
1785432703.671,17:31:43,baseline,5,97.1,10668,16126,66.2
1785432703.671,17:31:43,baseline,6,97.7,10669,16126,66.2
1785432703.671,17:31:43,baseline,7,98.4,10668,16126,66.2
1785432704.671,17:31:44,baseline,0,96.8,10668,16126,66.2
1785432704.671,17:31:44,baseline,1,97.1,10668,16126,66.2
1785432704.671,17:31:44,baseline,2,97.1,10668,16126,66.2
1785432704.671,17:31:44,baseline,3,97.8,10668,16126,66.2
1785432704.671,17:31:44,baseline,4,97.0,10668,16126,66.2
1785432704.671,17:31:44,baseline,5,97.1,10668,16126,66.2
1785432704.671,17:31:44,baseline,6,97.7,10669,16126,66.2
1785432704.671,17:31:44,baseline,7,98.4,10668,16126,66.2
1785432705.671,17:31:45,baseline,0,100.0,8531,16126,52.9
1785432705.671,17:31:45,baseline,1,100.0,8435,16126,52.3
1785432705.671,17:31:45,baseline,2,100.0,8419,16126,52.2
1785432705.671,17:31:45,baseline,3,100.0,8436,16126,52.3
1785432705.671,17:31:45,baseline,4,99.9,8435,16126,52.3
1785432705.671,17:31:45,baseline,5,100.0,8435,16126,52.3
1785432705.671,17:31:45,baseline,6,100.0,8549,16126,53.0
1785432705.671,17:31:45,baseline,7,99.9,8403,16126,52.1
1785432706.671,17:31:46,baseline,0,100.0,8531,16126,52.9
1785432706.671,17:31:46,baseline,1,100.0,8435,16126,52.3
1785432706.671,17:31:46,baseline,2,100.0,8419,16126,52.2
1785432706.671,17:31:46,baseline,3,100.0,8436,16126,52.3
1785432706.671,17:31:46,baseline,4,99.9,8435,16126,52.3
1785432706.671,17:31:46,baseline,5,100.0,8435,16126,52.3
1785432706.671,17:31:46,baseline,6,100.0,8549,16126,53.0
1785432706.671,17:31:46,baseline,7,99.9,8403,16126,52.1
1785432707.671,17:31:47,baseline,0,100.0,8531,16126,52.9
1785432707.671,17:31:47,baseline,1,100.0,8435,16126,52.3
1785432707.671,17:31:47,baseline,2,100.0,8419,16126,52.2
1785432707.671,17:31:47,baseline,3,100.0,8436,16126,52.3
1785432707.671,17:31:47,baseline,4,99.9,8435,16126,52.3
1785432707.671,17:31:47,baseline,5,100.0,8435,16126,52.3
1785432707.671,17:31:47,baseline,6,100.0,8549,16126,53.0
1785432707.671,17:31:47,baseline,7,99.9,8403,16126,52.1
1785432708.671,17:31:48,baseline,0,100.0,8531,16126,52.9
1785432708.671,17:31:48,baseline,1,100.0,8435,16126,52.3
1785432708.671,17:31:48,baseline,2,100.0,8419,16126,52.2
1785432708.671,17:31:48,baseline,3,100.0,8436,16126,52.3
1785432708.671,17:31:48,baseline,4,99.9,8435,16126,52.3
1785432708.671,17:31:48,baseline,5,100.0,8435,16126,52.3
1785432708.671,17:31:48,baseline,6,100.0,8549,16126,53.0
1785432708.671,17:31:48,baseline,7,99.9,8403,16126,52.1
1785432709.672,17:31:49,baseline,0,100.0,8531,16126,52.9
1785432709.672,17:31:49,baseline,1,100.0,8435,16126,52.3
1785432709.672,17:31:49,baseline,2,100.0,8419,16126,52.2
1785432709.672,17:31:49,baseline,3,100.0,8436,16126,52.3
1785432709.672,17:31:49,baseline,4,99.9,8435,16126,52.3
1785432709.672,17:31:49,baseline,5,100.0,8435,16126,52.3
1785432709.672,17:31:49,baseline,6,100.0,8549,16126,53.0
1785432709.672,17:31:49,baseline,7,99.9,8403,16126,52.1
1785432710.672,17:31:50,baseline,0,98.6,10668,16126,66.2
1785432710.672,17:31:50,baseline,1,98.9,10668,16126,66.2
1785432710.672,17:31:50,baseline,2,98.1,10668,16126,66.2
1785432710.672,17:31:50,baseline,3,98.1,10668,16126,66.2
1785432710.672,17:31:50,baseline,4,98.1,10668,16126,66.2
1785432710.672,17:31:50,baseline,5,98.1,10668,16126,66.2
1785432710.672,17:31:50,baseline,6,99.2,10669,16126,66.2
1785432710.672,17:31:50,baseline,7,98.1,10668,16126,66.2
1785432711.672,17:31:51,baseline,0,98.6,10668,16126,66.2
1785432711.672,17:31:51,baseline,1,98.9,10668,16126,66.2
1785432711.672,17:31:51,baseline,2,98.1,10668,16126,66.2
1785432711.672,17:31:51,baseline,3,98.1,10668,16126,66.2
1785432711.672,17:31:51,baseline,4,98.1,10668,16126,66.2
1785432711.672,17:31:51,baseline,5,98.1,10668,16126,66.2
1785432711.672,17:31:51,baseline,6,99.2,10669,16126,66.2
1785432711.672,17:31:51,baseline,7,98.1,10668,16126,66.2
1785432712.672,17:31:52,baseline,0,98.6,10668,16126,66.2
1785432712.672,17:31:52,baseline,1,98.9,10668,16126,66.2
1785432712.672,17:31:52,baseline,2,98.1,10668,16126,66.2
1785432712.672,17:31:52,baseline,3,98.1,10668,16126,66.2
1785432712.672,17:31:52,baseline,4,98.1,10668,16126,66.2
1785432712.672,17:31:52,baseline,5,98.1,10668,16126,66.2
1785432712.672,17:31:52,baseline,6,99.2,10669,16126,66.2
1785432712.672,17:31:52,baseline,7,98.1,10668,16126,66.2
1785432713.672,17:31:53,baseline,0,98.6,10668,16126,66.2
1785432713.672,17:31:53,baseline,1,98.9,10668,16126,66.2
1785432713.672,17:31:53,baseline,2,98.1,10668,16126,66.2
1785432713.672,17:31:53,baseline,3,98.1,10668,16126,66.2
1785432713.672,17:31:53,baseline,4,98.1,10668,16126,66.2
1785432713.672,17:31:53,baseline,5,98.1,10668,16126,66.2
1785432713.672,17:31:53,baseline,6,99.2,10669,16126,66.2
1785432713.672,17:31:53,baseline,7,98.1,10668,16126,66.2
1785432714.672,17:31:54,baseline,0,98.6,10668,16126,66.2
1785432714.672,17:31:54,baseline,1,98.9,10668,16126,66.2
1785432714.672,17:31:54,baseline,2,98.1,10668,16126,66.2
1785432714.672,17:31:54,baseline,3,98.1,10668,16126,66.2
1785432714.672,17:31:54,baseline,4,98.1,10668,16126,66.2
1785432714.672,17:31:54,baseline,5,98.1,10668,16126,66.2
1785432714.672,17:31:54,baseline,6,99.2,10669,16126,66.2
1785432714.672,17:31:54,baseline,7,98.1,10668,16126,66.2
1785432715.672,17:31:55,baseline,0,99.0,8643,16126,53.6
1785432715.672,17:31:55,baseline,1,99.2,8452,16126,52.4
1785432715.672,17:31:55,baseline,2,99.2,8707,16126,54.0
1785432715.672,17:31:55,baseline,3,99.0,8435,16126,52.3
1785432715.672,17:31:55,baseline,4,99.0,8643,16126,53.6
1785432715.672,17:31:55,baseline,5,99.7,8643,16126,53.6
1785432715.672,17:31:55,baseline,6,99.0,8437,16126,52.3
1785432715.672,17:31:55,baseline,7,98.8,8484,16126,52.6
1785432716.672,17:31:56,baseline,0,99.0,8643,16126,53.6
1785432716.672,17:31:56,baseline,1,99.2,8452,16126,52.4
1785432716.672,17:31:56,baseline,2,99.2,8707,16126,54.0
1785432716.672,17:31:56,baseline,3,99.0,8435,16126,52.3
1785432716.672,17:31:56,baseline,4,99.0,8643,16126,53.6
1785432716.672,17:31:56,baseline,5,99.7,8643,16126,53.6
1785432716.672,17:31:56,baseline,6,99.0,8437,16126,52.3
1785432716.672,17:31:56,baseline,7,98.8,8484,16126,52.6
1785432717.673,17:31:57,baseline,0,99.0,8643,16126,53.6
1785432717.673,17:31:57,baseline,1,99.2,8452,16126,52.4
1785432717.673,17:31:57,baseline,2,99.2,8707,16126,54.0
1785432717.673,17:31:57,baseline,3,99.0,8435,16126,52.3
1785432717.673,17:31:57,baseline,4,99.0,8643,16126,53.6
1785432717.673,17:31:57,baseline,5,99.7,8643,16126,53.6
1785432717.673,17:31:57,baseline,6,99.0,8437,16126,52.3
1785432717.673,17:31:57,baseline,7,98.8,8484,16126,52.6
1785432718.673,17:31:58,baseline,0,99.0,8643,16126,53.6
1785432718.673,17:31:58,baseline,1,99.2,8452,16126,52.4
1785432718.673,17:31:58,baseline,2,99.2,8707,16126,54.0
1785432718.673,17:31:58,baseline,3,99.0,8435,16126,52.3
1785432718.673,17:31:58,baseline,4,99.0,8643,16126,53.6
1785432718.673,17:31:58,baseline,5,99.7,8643,16126,53.6
1785432718.673,17:31:58,baseline,6,99.0,8437,16126,52.3
1785432718.673,17:31:58,baseline,7,98.8,8484,16126,52.6
1785432719.673,17:31:59,baseline,0,99.0,8643,16126,53.6
1785432719.673,17:31:59,baseline,1,99.2,8452,16126,52.4
1785432719.673,17:31:59,baseline,2,99.2,8707,16126,54.0
1785432719.673,17:31:59,baseline,3,99.0,8435,16126,52.3
1785432719.673,17:31:59,baseline,4,99.0,8643,16126,53.6
1785432719.673,17:31:59,baseline,5,99.7,8643,16126,53.6
1785432719.673,17:31:59,baseline,6,99.0,8437,16126,52.3
1785432719.673,17:31:59,baseline,7,98.8,8484,16126,52.6
1785432720.673,17:32:00,baseline,0,97.1,10528,16126,65.3
1785432720.673,17:32:00,baseline,1,97.2,10528,16126,65.3
1785432720.673,17:32:00,baseline,2,97.6,10528,16126,65.3
1785432720.673,17:32:00,baseline,3,97.4,10528,16126,65.3
1785432720.673,17:32:00,baseline,4,97.2,10528,16126,65.3
1785432720.673,17:32:00,baseline,5,97.2,10528,16126,65.3
1785432720.673,17:32:00,baseline,6,97.2,10530,16126,65.3
1785432720.673,17:32:00,baseline,7,97.4,10528,16126,65.3
1785432721.673,17:32:01,baseline,0,97.1,10528,16126,65.3
1785432721.673,17:32:01,baseline,1,97.2,10528,16126,65.3
1785432721.673,17:32:01,baseline,2,97.6,10528,16126,65.3
1785432721.673,17:32:01,baseline,3,97.4,10528,16126,65.3
1785432721.673,17:32:01,baseline,4,97.2,10528,16126,65.3
1785432721.673,17:32:01,baseline,5,97.2,10528,16126,65.3
1785432721.673,17:32:01,baseline,6,97.2,10530,16126,65.3
1785432721.673,17:32:01,baseline,7,97.4,10528,16126,65.3
1785432722.673,17:32:02,baseline,0,97.1,10528,16126,65.3
1785432722.673,17:32:02,baseline,1,97.2,10528,16126,65.3
1785432722.673,17:32:02,baseline,2,97.6,10528,16126,65.3
1785432722.673,17:32:02,baseline,3,97.4,10528,16126,65.3
1785432722.673,17:32:02,baseline,4,97.2,10528,16126,65.3
1785432722.673,17:32:02,baseline,5,97.2,10528,16126,65.3
1785432722.673,17:32:02,baseline,6,97.2,10530,16126,65.3
1785432722.673,17:32:02,baseline,7,97.4,10528,16126,65.3
1785432723.673,17:32:03,baseline,0,97.1,10528,16126,65.3
1785432723.673,17:32:03,baseline,1,97.2,10528,16126,65.3
1785432723.673,17:32:03,baseline,2,97.6,10528,16126,65.3
1785432723.673,17:32:03,baseline,3,97.4,10528,16126,65.3
1785432723.673,17:32:03,baseline,4,97.2,10528,16126,65.3
1785432723.673,17:32:03,baseline,5,97.2,10528,16126,65.3
1785432723.673,17:32:03,baseline,6,97.2,10530,16126,65.3
1785432723.673,17:32:03,baseline,7,97.4,10528,16126,65.3
1785432724.673,17:32:04,baseline,0,97.1,10528,16126,65.3
1785432724.673,17:32:04,baseline,1,97.2,10528,16126,65.3
1785432724.673,17:32:04,baseline,2,97.6,10528,16126,65.3
1785432724.673,17:32:04,baseline,3,97.4,10528,16126,65.3
1785432724.673,17:32:04,baseline,4,97.2,10528,16126,65.3
1785432724.673,17:32:04,baseline,5,97.2,10528,16126,65.3
1785432724.673,17:32:04,baseline,6,97.2,10530,16126,65.3
1785432724.673,17:32:04,baseline,7,97.4,10528,16126,65.3
1785432725.674,17:32:05,baseline,0,78.3,7314,16126,45.4
1785432725.674,17:32:05,baseline,1,78.3,7314,16126,45.4
1785432725.674,17:32:05,baseline,2,78.8,7314,16126,45.4
1785432725.674,17:32:05,baseline,3,78.4,7314,16126,45.4
1785432725.674,17:32:05,baseline,4,78.4,7314,16126,45.4
1785432725.674,17:32:05,baseline,5,78.2,7314,16126,45.4
1785432725.674,17:32:05,baseline,6,78.1,7315,16126,45.4
1785432725.674,17:32:05,baseline,7,78.5,7314,16126,45.4
1785432726.674,17:32:06,baseline,0,78.3,7314,16126,45.4
1785432726.674,17:32:06,baseline,1,78.3,7314,16126,45.4
1785432726.674,17:32:06,baseline,2,78.8,7314,16126,45.4
1785432726.674,17:32:06,baseline,3,78.4,7314,16126,45.4
1785432726.674,17:32:06,baseline,4,78.4,7314,16126,45.4
1785432726.674,17:32:06,baseline,5,78.2,7314,16126,45.4
1785432726.674,17:32:06,baseline,6,78.1,7315,16126,45.4
1785432726.674,17:32:06,baseline,7,78.5,7314,16126,45.4
1785432727.674,17:32:07,baseline,0,78.3,7314,16126,45.4
1785432727.674,17:32:07,baseline,1,78.3,7314,16126,45.4
1785432727.674,17:32:07,baseline,2,78.8,7314,16126,45.4
1785432727.674,17:32:07,baseline,3,78.4,7314,16126,45.4
1785432727.674,17:32:07,baseline,4,78.4,7314,16126,45.4
1785432727.674,17:32:07,baseline,5,78.2,7314,16126,45.4
1785432727.674,17:32:07,baseline,6,78.1,7315,16126,45.4
1785432727.674,17:32:07,baseline,7,78.5,7314,16126,45.4
1785432728.674,17:32:08,baseline,0,78.3,7314,16126,45.4
1785432728.674,17:32:08,baseline,1,78.3,7314,16126,45.4
1785432728.674,17:32:08,baseline,2,78.8,7314,16126,45.4
1785432728.674,17:32:08,baseline,3,78.4,7314,16126,45.4
1785432728.674,17:32:08,baseline,4,78.4,7314,16126,45.4
1785432728.674,17:32:08,baseline,5,78.2,7314,16126,45.4
1785432728.674,17:32:08,baseline,6,78.1,7315,16126,45.4
1785432728.674,17:32:08,baseline,7,78.5,7314,16126,45.4
1785432729.674,17:32:09,baseline,0,78.3,7314,16126,45.4
1785432729.674,17:32:09,baseline,1,78.3,7314,16126,45.4
1785432729.674,17:32:09,baseline,2,78.8,7314,16126,45.4
1785432729.674,17:32:09,baseline,3,78.4,7314,16126,45.4
1785432729.674,17:32:09,baseline,4,78.4,7314,16126,45.4
1785432729.674,17:32:09,baseline,5,78.2,7314,16126,45.4
1785432729.674,17:32:09,baseline,6,78.1,7315,16126,45.4
1785432729.674,17:32:09,baseline,7,78.5,7314,16126,45.4
1785432730.674,17:32:10,baseline,0,0.0,7314,16126,45.4
1785432730.674,17:32:10,baseline,1,0.0,7314,16126,45.4
1785432730.674,17:32:10,baseline,2,0.0,7314,16126,45.4
1785432730.674,17:32:10,baseline,3,0.0,7314,16126,45.4
1785432730.674,17:32:10,baseline,4,0.0,7314,16126,45.4
1785432730.674,17:32:10,baseline,5,0.0,7314,16126,45.4
1785432730.674,17:32:10,baseline,6,0.0,7315,16126,45.4
1785432730.674,17:32:10,baseline,7,0.0,7314,16126,45.4
1785432731.674,17:32:11,baseline,0,0.0,7314,16126,45.4
1785432731.674,17:32:11,baseline,1,0.0,7314,16126,45.4
1785432731.674,17:32:11,baseline,2,0.0,7314,16126,45.4
1785432731.674,17:32:11,baseline,3,0.0,7314,16126,45.4
1785432731.674,17:32:11,baseline,4,0.0,7314,16126,45.4
1785432731.674,17:32:11,baseline,5,0.0,7314,16126,45.4
1785432731.674,17:32:11,baseline,6,0.0,7315,16126,45.4
1785432731.674,17:32:11,baseline,7,0.0,7314,16126,45.4
1785432732.674,17:32:12,baseline,0,0.0,7314,16126,45.4
1785432732.674,17:32:12,baseline,1,0.0,7314,16126,45.4
1785432732.674,17:32:12,baseline,2,0.0,7314,16126,45.4
1785432732.674,17:32:12,baseline,3,0.0,7314,16126,45.4
1785432732.674,17:32:12,baseline,4,0.0,7314,16126,45.4
1785432732.674,17:32:12,baseline,5,0.0,7314,16126,45.4
1785432732.674,17:32:12,baseline,6,0.0,7315,16126,45.4
1785432732.674,17:32:12,baseline,7,0.0,7314,16126,45.4
1785432733.675,17:32:13,baseline,0,0.0,7314,16126,45.4
1785432733.675,17:32:13,baseline,1,0.0,7314,16126,45.4
1785432733.675,17:32:13,baseline,2,0.0,7314,16126,45.4
1785432733.675,17:32:13,baseline,3,0.0,7314,16126,45.4
1785432733.675,17:32:13,baseline,4,0.0,7314,16126,45.4
1785432733.675,17:32:13,baseline,5,0.0,7314,16126,45.4
1785432733.675,17:32:13,baseline,6,0.0,7315,16126,45.4
1785432733.675,17:32:13,baseline,7,0.0,7314,16126,45.4
1785432734.675,17:32:14,baseline,0,0.0,7314,16126,45.4
1785432734.675,17:32:14,baseline,1,0.0,7314,16126,45.4
1785432734.675,17:32:14,baseline,2,0.0,7314,16126,45.4
1785432734.675,17:32:14,baseline,3,0.0,7314,16126,45.4
1785432734.675,17:32:14,baseline,4,0.0,7314,16126,45.4
1785432734.675,17:32:14,baseline,5,0.0,7314,16126,45.4
1785432734.675,17:32:14,baseline,6,0.0,7315,16126,45.4
1785432734.675,17:32:14,baseline,7,0.0,7314,16126,45.4
1785432735.675,17:32:15,baseline,0,0.0,7314,16126,45.4
1785432735.675,17:32:15,baseline,1,0.0,7314,16126,45.4
1785432735.675,17:32:15,baseline,2,0.0,7314,16126,45.4
1785432735.675,17:32:15,baseline,3,0.0,7314,16126,45.4
1785432735.675,17:32:15,baseline,4,0.0,7314,16126,45.4
1785432735.675,17:32:15,baseline,5,0.0,7314,16126,45.4
1785432735.675,17:32:15,baseline,6,0.0,7315,16126,45.4
1785432735.675,17:32:15,baseline,7,0.0,7314,16126,45.4
1785432736.675,17:32:16,baseline,0,0.0,7314,16126,45.4
1785432736.675,17:32:16,baseline,1,0.0,7314,16126,45.4
1785432736.675,17:32:16,baseline,2,0.0,7314,16126,45.4
1785432736.675,17:32:16,baseline,3,0.0,7314,16126,45.4
1785432736.675,17:32:16,baseline,4,0.0,7314,16126,45.4
1785432736.675,17:32:16,baseline,5,0.0,7314,16126,45.4
1785432736.675,17:32:16,baseline,6,0.0,7315,16126,45.4
1785432736.675,17:32:16,baseline,7,0.0,7314,16126,45.4
1785432737.675,17:32:17,baseline,0,0.0,7314,16126,45.4
1785432737.675,17:32:17,baseline,1,0.0,7314,16126,45.4
1785432737.675,17:32:17,baseline,2,0.0,7314,16126,45.4
1785432737.675,17:32:17,baseline,3,0.0,7314,16126,45.4
1785432737.675,17:32:17,baseline,4,0.0,7314,16126,45.4
1785432737.675,17:32:17,baseline,5,0.0,7314,16126,45.4
1785432737.675,17:32:17,baseline,6,0.0,7315,16126,45.4
1785432737.675,17:32:17,baseline,7,0.0,7314,16126,45.4
1785432738.675,17:32:18,baseline,0,0.0,7314,16126,45.4
1785432738.675,17:32:18,baseline,1,0.0,7314,16126,45.4
1785432738.675,17:32:18,baseline,2,0.0,7314,16126,45.4
1785432738.675,17:32:18,baseline,3,0.0,7314,16126,45.4
1785432738.675,17:32:18,baseline,4,0.0,7314,16126,45.4
1785432738.675,17:32:18,baseline,5,0.0,7314,16126,45.4
1785432738.675,17:32:18,baseline,6,0.0,7315,16126,45.4
1785432738.675,17:32:18,baseline,7,0.0,7314,16126,45.4
1785432739.675,17:32:19,baseline,0,0.0,7314,16126,45.4
1785432739.675,17:32:19,baseline,1,0.0,7314,16126,45.4
1785432739.675,17:32:19,baseline,2,0.0,7314,16126,45.4
1785432739.675,17:32:19,baseline,3,0.0,7314,16126,45.4
1785432739.675,17:32:19,baseline,4,0.0,7314,16126,45.4
1785432739.675,17:32:19,baseline,5,0.0,7314,16126,45.4
1785432739.675,17:32:19,baseline,6,0.0,7315,16126,45.4
1785432739.675,17:32:19,baseline,7,0.0,7314,16126,45.4
1785432740.675,17:32:20,baseline,0,0.0,7314,16126,45.4
1785432740.675,17:32:20,baseline,1,0.0,7314,16126,45.4
1785432740.675,17:32:20,baseline,2,0.0,7314,16126,45.4
1785432740.675,17:32:20,baseline,3,0.0,7314,16126,45.4
1785432740.675,17:32:20,baseline,4,0.0,7314,16126,45.4
1785432740.675,17:32:20,baseline,5,0.0,7314,16126,45.4
1785432740.675,17:32:20,baseline,6,0.0,7315,16126,45.4
1785432740.675,17:32:20,baseline,7,0.0,7314,16126,45.4
1785432741.676,17:32:21,baseline,0,0.0,7314,16126,45.4
1785432741.676,17:32:21,baseline,1,0.0,7314,16126,45.4
1785432741.676,17:32:21,baseline,2,0.0,7314,16126,45.4
1785432741.676,17:32:21,baseline,3,0.0,7314,16126,45.4
1785432741.676,17:32:21,baseline,4,0.0,7314,16126,45.4
1785432741.676,17:32:21,baseline,5,0.0,7314,16126,45.4
1785432741.676,17:32:21,baseline,6,0.0,7315,16126,45.4
1785432741.676,17:32:21,baseline,7,0.0,7314,16126,45.4
1785432742.676,17:32:22,baseline,0,0.0,7314,16126,45.4
1785432742.676,17:32:22,baseline,1,0.0,7314,16126,45.4
1785432742.676,17:32:22,baseline,2,0.0,7314,16126,45.4
1785432742.676,17:32:22,baseline,3,0.0,7314,16126,45.4
1785432742.676,17:32:22,baseline,4,0.0,7314,16126,45.4
1785432742.676,17:32:22,baseline,5,0.0,7314,16126,45.4
1785432742.676,17:32:22,baseline,6,0.0,7315,16126,45.4
1785432742.676,17:32:22,baseline,7,0.0,7314,16126,45.4
1785432743.676,17:32:23,baseline,0,0.0,7314,16126,45.4
1785432743.676,17:32:23,baseline,1,0.0,7314,16126,45.4
1785432743.676,17:32:23,baseline,2,0.0,7314,16126,45.4
1785432743.676,17:32:23,baseline,3,0.0,7314,16126,45.4
1785432743.676,17:32:23,baseline,4,0.0,7314,16126,45.4
1785432743.676,17:32:23,baseline,5,0.0,7314,16126,45.4
1785432743.676,17:32:23,baseline,6,0.0,7315,16126,45.4
1785432743.676,17:32:23,baseline,7,0.0,7314,16126,45.4
1785432744.676,17:32:24,baseline,0,0.0,7314,16126,45.4
1785432744.676,17:32:24,baseline,1,0.0,7314,16126,45.4
1785432744.676,17:32:24,baseline,2,0.0,7314,16126,45.4
1785432744.676,17:32:24,baseline,3,0.0,7314,16126,45.4
1785432744.676,17:32:24,baseline,4,0.0,7314,16126,45.4
1785432744.676,17:32:24,baseline,5,0.0,7314,16126,45.4
1785432744.676,17:32:24,baseline,6,0.0,7315,16126,45.4
1785432744.676,17:32:24,baseline,7,0.0,7314,16126,45.4
1785432745.676,17:32:25,baseline,0,0.0,7314,16126,45.4
1785432745.676,17:32:25,baseline,1,0.0,7314,16126,45.4
1785432745.676,17:32:25,baseline,2,0.0,7314,16126,45.4
1785432745.676,17:32:25,baseline,3,0.0,7314,16126,45.4
1785432745.676,17:32:25,baseline,4,0.0,7314,16126,45.4
1785432745.676,17:32:25,baseline,5,0.0,7314,16126,45.4
1785432745.676,17:32:25,baseline,6,0.0,7315,16126,45.4
1785432745.676,17:32:25,baseline,7,0.0,7314,16126,45.4
1785432746.676,17:32:26,baseline,0,0.0,7314,16126,45.4
1785432746.676,17:32:26,baseline,1,0.0,7314,16126,45.4
1785432746.676,17:32:26,baseline,2,0.0,7314,16126,45.4
1785432746.676,17:32:26,baseline,3,0.0,7314,16126,45.4
1785432746.676,17:32:26,baseline,4,0.0,7314,16126,45.4
1785432746.676,17:32:26,baseline,5,0.0,7314,16126,45.4
1785432746.676,17:32:26,baseline,6,0.0,7315,16126,45.4
1785432746.676,17:32:26,baseline,7,0.0,7314,16126,45.4
1785432747.676,17:32:27,baseline,0,0.0,7314,16126,45.4
1785432747.676,17:32:27,baseline,1,0.0,7314,16126,45.4
1785432747.676,17:32:27,baseline,2,0.0,7314,16126,45.4
1785432747.676,17:32:27,baseline,3,0.0,7314,16126,45.4
1785432747.676,17:32:27,baseline,4,0.0,7314,16126,45.4
1785432747.676,17:32:27,baseline,5,0.0,7314,16126,45.4
1785432747.676,17:32:27,baseline,6,0.0,7315,16126,45.4
1785432747.676,17:32:27,baseline,7,0.0,7314,16126,45.4
1785432748.677,17:32:28,baseline,0,0.0,7314,16126,45.4
1785432748.677,17:32:28,baseline,1,0.0,7314,16126,45.4
1785432748.677,17:32:28,baseline,2,0.0,7314,16126,45.4
1785432748.677,17:32:28,baseline,3,0.0,7314,16126,45.4
1785432748.677,17:32:28,baseline,4,0.0,7314,16126,45.4
1785432748.677,17:32:28,baseline,5,0.0,7314,16126,45.4
1785432748.677,17:32:28,baseline,6,0.0,7315,16126,45.4
1785432748.677,17:32:28,baseline,7,0.0,7314,16126,45.4
1785432749.677,17:32:29,baseline,0,0.0,7314,16126,45.4
1785432749.677,17:32:29,baseline,1,0.0,7314,16126,45.4
1785432749.677,17:32:29,baseline,2,0.0,7314,16126,45.4
1785432749.677,17:32:29,baseline,3,0.0,7314,16126,45.4
1785432749.677,17:32:29,baseline,4,0.0,7314,16126,45.4
1785432749.677,17:32:29,baseline,5,0.0,7314,16126,45.4
1785432749.677,17:32:29,baseline,6,0.0,7315,16126,45.4
1785432749.677,17:32:29,baseline,7,0.0,7314,16126,45.4
1785432750.677,17:32:30,baseline,0,0.0,7314,16126,45.4
1785432750.677,17:32:30,baseline,1,0.0,7314,16126,45.4
1785432750.677,17:32:30,baseline,2,0.0,7314,16126,45.4
1785432750.677,17:32:30,baseline,3,0.0,7314,16126,45.4
1785432750.677,17:32:30,baseline,4,0.0,7314,16126,45.4
1785432750.677,17:32:30,baseline,5,0.0,7314,16126,45.4
1785432750.677,17:32:30,baseline,6,0.0,7315,16126,45.4
1785432750.677,17:32:30,baseline,7,0.0,7314,16126,45.4
1785432751.677,17:32:31,baseline,0,0.0,7314,16126,45.4
1785432751.677,17:32:31,baseline,1,0.0,7314,16126,45.4
1785432751.677,17:32:31,baseline,2,0.0,7314,16126,45.4
1785432751.677,17:32:31,baseline,3,0.0,7314,16126,45.4
1785432751.677,17:32:31,baseline,4,0.0,7314,16126,45.4
1785432751.677,17:32:31,baseline,5,0.0,7314,16126,45.4
1785432751.677,17:32:31,baseline,6,0.0,7315,16126,45.4
1785432751.677,17:32:31,baseline,7,0.0,7314,16126,45.4
1785432752.677,17:32:32,baseline,0,0.0,7314,16126,45.4
1785432752.677,17:32:32,baseline,1,0.0,7314,16126,45.4
1785432752.677,17:32:32,baseline,2,0.0,7314,16126,45.4
1785432752.677,17:32:32,baseline,3,0.0,7314,16126,45.4
1785432752.677,17:32:32,baseline,4,0.0,7314,16126,45.4
1785432752.677,17:32:32,baseline,5,0.0,7314,16126,45.4
1785432752.677,17:32:32,baseline,6,0.0,7315,16126,45.4
1785432752.677,17:32:32,baseline,7,0.0,7314,16126,45.4
1785432753.677,17:32:33,baseline,0,0.0,7314,16126,45.4
1785432753.677,17:32:33,baseline,1,0.0,7314,16126,45.4
1785432753.677,17:32:33,baseline,2,0.0,7314,16126,45.4
1785432753.677,17:32:33,baseline,3,0.0,7314,16126,45.4
1785432753.677,17:32:33,baseline,4,0.0,7314,16126,45.4
1785432753.677,17:32:33,baseline,5,0.0,7314,16126,45.4
1785432753.677,17:32:33,baseline,6,0.0,7315,16126,45.4
1785432753.677,17:32:33,baseline,7,0.0,7314,16126,45.4
1785432754.677,17:32:34,baseline,0,0.0,7314,16126,45.4
1785432754.677,17:32:34,baseline,1,0.0,7314,16126,45.4
1785432754.677,17:32:34,baseline,2,0.0,7314,16126,45.4
1785432754.677,17:32:34,baseline,3,0.0,7314,16126,45.4
1785432754.677,17:32:34,baseline,4,0.0,7314,16126,45.4
1785432754.677,17:32:34,baseline,5,0.0,7314,16126,45.4
1785432754.677,17:32:34,baseline,6,0.0,7315,16126,45.4
1785432754.677,17:32:34,baseline,7,0.0,7314,16126,45.4
1785432755.677,17:32:35,baseline,0,0.0,7314,16126,45.4
1785432755.677,17:32:35,baseline,1,0.0,7314,16126,45.4
1785432755.677,17:32:35,baseline,2,0.0,7314,16126,45.4
1785432755.677,17:32:35,baseline,3,0.0,7314,16126,45.4
1785432755.677,17:32:35,baseline,4,0.0,7314,16126,45.4
1785432755.677,17:32:35,baseline,5,0.0,7314,16126,45.4
1785432755.677,17:32:35,baseline,6,0.0,7315,16126,45.4
1785432755.677,17:32:35,baseline,7,0.0,7314,16126,45.4
1785432756.678,17:32:36,baseline,0,0.0,7314,16126,45.4
1785432756.678,17:32:36,baseline,1,0.0,7314,16126,45.4
1785432756.678,17:32:36,baseline,2,0.0,7314,16126,45.4
1785432756.678,17:32:36,baseline,3,0.0,7314,16126,45.4
1785432756.678,17:32:36,baseline,4,0.0,7314,16126,45.4
1785432756.678,17:32:36,baseline,5,0.0,7314,16126,45.4
1785432756.678,17:32:36,baseline,6,0.0,7315,16126,45.4
1785432756.678,17:32:36,baseline,7,0.0,7314,16126,45.4
1785432757.678,17:32:37,baseline,0,0.0,7314,16126,45.4
1785432757.678,17:32:37,baseline,1,0.0,7314,16126,45.4
1785432757.678,17:32:37,baseline,2,0.0,7314,16126,45.4
1785432757.678,17:32:37,baseline,3,0.0,7314,16126,45.4
1785432757.678,17:32:37,baseline,4,0.0,7314,16126,45.4
1785432757.678,17:32:37,baseline,5,0.0,7314,16126,45.4
1785432757.678,17:32:37,baseline,6,0.0,7315,16126,45.4
1785432757.678,17:32:37,baseline,7,0.0,7314,16126,45.4
1785432758.678,17:32:38,baseline,0,0.0,7314,16126,45.4
1785432758.678,17:32:38,baseline,1,0.0,7314,16126,45.4
1785432758.678,17:32:38,baseline,2,0.0,7314,16126,45.4
1785432758.678,17:32:38,baseline,3,0.0,7314,16126,45.4
1785432758.678,17:32:38,baseline,4,0.0,7314,16126,45.4
1785432758.678,17:32:38,baseline,5,0.0,7314,16126,45.4
1785432758.678,17:32:38,baseline,6,0.0,7315,16126,45.4
1785432758.678,17:32:38,baseline,7,0.0,7314,16126,45.4
1785432759.678,17:32:39,baseline,0,0.0,7314,16126,45.4
1785432759.678,17:32:39,baseline,1,0.0,7314,16126,45.4
1785432759.678,17:32:39,baseline,2,0.0,7314,16126,45.4
1785432759.678,17:32:39,baseline,3,0.0,7314,16126,45.4
1785432759.678,17:32:39,baseline,4,0.0,7314,16126,45.4
1785432759.678,17:32:39,baseline,5,0.0,7314,16126,45.4
1785432759.678,17:32:39,baseline,6,0.0,7315,16126,45.4
1785432759.678,17:32:39,baseline,7,0.0,7314,16126,45.4
1785432760.678,17:32:40,baseline,0,0.0,7314,16126,45.4
1785432760.678,17:32:40,baseline,1,0.0,7314,16126,45.4
1785432760.678,17:32:40,baseline,2,0.0,7314,16126,45.4
1785432760.678,17:32:40,baseline,3,0.0,7314,16126,45.4
1785432760.678,17:32:40,baseline,4,0.0,7314,16126,45.4
1785432760.678,17:32:40,baseline,5,0.0,7314,16126,45.4
1785432760.678,17:32:40,baseline,6,0.0,7315,16126,45.4
1785432760.678,17:32:40,baseline,7,0.0,7314,16126,45.4
1785432761.678,17:32:41,baseline,0,0.0,7314,16126,45.4
1785432761.678,17:32:41,baseline,1,0.0,7314,16126,45.4
1785432761.678,17:32:41,baseline,2,0.0,7314,16126,45.4
1785432761.678,17:32:41,baseline,3,0.0,7314,16126,45.4
1785432761.678,17:32:41,baseline,4,0.0,7314,16126,45.4
1785432761.678,17:32:41,baseline,5,0.0,7314,16126,45.4
1785432761.678,17:32:41,baseline,6,0.0,7315,16126,45.4
1785432761.678,17:32:41,baseline,7,0.0,7314,16126,45.4
1785432762.678,17:32:42,baseline,0,0.0,7314,16126,45.4
1785432762.678,17:32:42,baseline,1,0.0,7314,16126,45.4
1785432762.678,17:32:42,baseline,2,0.0,7314,16126,45.4
1785432762.678,17:32:42,baseline,3,0.0,7314,16126,45.4
1785432762.678,17:32:42,baseline,4,0.0,7314,16126,45.4
1785432762.678,17:32:42,baseline,5,0.0,7314,16126,45.4
1785432762.678,17:32:42,baseline,6,0.0,7315,16126,45.4
1785432762.678,17:32:42,baseline,7,0.0,7314,16126,45.4
1785432763.679,17:32:43,baseline,0,0.0,7314,16126,45.4
1785432763.679,17:32:43,baseline,1,0.0,7314,16126,45.4
1785432763.679,17:32:43,baseline,2,0.0,7314,16126,45.4
1785432763.679,17:32:43,baseline,3,0.0,7314,16126,45.4
1785432763.679,17:32:43,baseline,4,0.0,7314,16126,45.4
1785432763.679,17:32:43,baseline,5,0.0,7314,16126,45.4
1785432763.679,17:32:43,baseline,6,0.0,7315,16126,45.4
1785432763.679,17:32:43,baseline,7,0.0,7314,16126,45.4
1785432764.679,17:32:44,baseline,0,0.0,7314,16126,45.4
1785432764.679,17:32:44,baseline,1,0.0,7314,16126,45.4
1785432764.679,17:32:44,baseline,2,0.0,7314,16126,45.4
1785432764.679,17:32:44,baseline,3,0.0,7314,16126,45.4
1785432764.679,17:32:44,baseline,4,0.0,7314,16126,45.4
1785432764.679,17:32:44,baseline,5,0.0,7314,16126,45.4
1785432764.679,17:32:44,baseline,6,0.0,7315,16126,45.4
1785432764.679,17:32:44,baseline,7,0.0,7314,16126,45.4
1785432765.679,17:32:45,baseline,0,0.0,7314,16126,45.4
1785432765.679,17:32:45,baseline,1,0.0,7314,16126,45.4
1785432765.679,17:32:45,baseline,2,0.0,7314,16126,45.4
1785432765.679,17:32:45,baseline,3,0.0,7314,16126,45.4
1785432765.679,17:32:45,baseline,4,0.0,7314,16126,45.4
1785432765.679,17:32:45,baseline,5,0.0,7314,16126,45.4
1785432765.679,17:32:45,baseline,6,0.0,7315,16126,45.4
1785432765.679,17:32:45,baseline,7,0.0,7314,16126,45.4
1785432766.679,17:32:46,baseline,0,0.0,7314,16126,45.4
1785432766.679,17:32:46,baseline,1,0.0,7314,16126,45.4
1785432766.679,17:32:46,baseline,2,0.0,7314,16126,45.4
1785432766.679,17:32:46,baseline,3,0.0,7314,16126,45.4
1785432766.679,17:32:46,baseline,4,0.0,7314,16126,45.4
1785432766.679,17:32:46,baseline,5,0.0,7314,16126,45.4
1785432766.679,17:32:46,baseline,6,0.0,7315,16126,45.4
1785432766.679,17:32:46,baseline,7,0.0,7314,16126,45.4
1785432767.679,17:32:47,baseline,0,0.0,7314,16126,45.4
1785432767.679,17:32:47,baseline,1,0.0,7314,16126,45.4
1785432767.679,17:32:47,baseline,2,0.0,7314,16126,45.4
1785432767.679,17:32:47,baseline,3,0.0,7314,16126,45.4
1785432767.679,17:32:47,baseline,4,0.0,7314,16126,45.4
1785432767.679,17:32:47,baseline,5,0.0,7314,16126,45.4
1785432767.679,17:32:47,baseline,6,0.0,7315,16126,45.4
1785432767.679,17:32:47,baseline,7,0.0,7314,16126,45.4
1785432768.679,17:32:48,baseline,0,0.0,7314,16126,45.4
1785432768.679,17:32:48,baseline,1,0.0,7314,16126,45.4
1785432768.679,17:32:48,baseline,2,0.0,7314,16126,45.4
1785432768.679,17:32:48,baseline,3,0.0,7314,16126,45.4
1785432768.679,17:32:48,baseline,4,0.0,7314,16126,45.4
1785432768.679,17:32:48,baseline,5,0.0,7314,16126,45.4
1785432768.679,17:32:48,baseline,6,0.0,7315,16126,45.4
1785432768.679,17:32:48,baseline,7,0.0,7314,16126,45.4
1785432769.679,17:32:49,baseline,0,0.0,7314,16126,45.4
1785432769.679,17:32:49,baseline,1,0.0,7314,16126,45.4
1785432769.679,17:32:49,baseline,2,0.0,7314,16126,45.4
1785432769.679,17:32:49,baseline,3,0.0,7314,16126,45.4
1785432769.679,17:32:49,baseline,4,0.0,7314,16126,45.4
1785432769.679,17:32:49,baseline,5,0.0,7314,16126,45.4
1785432769.679,17:32:49,baseline,6,0.0,7315,16126,45.4
1785432769.679,17:32:49,baseline,7,0.0,7314,16126,45.4
1785432770.679,17:32:50,baseline,0,0.0,7314,16126,45.4
1785432770.679,17:32:50,baseline,1,0.0,7314,16126,45.4
1785432770.679,17:32:50,baseline,2,0.0,7314,16126,45.4
1785432770.679,17:32:50,baseline,3,0.0,7314,16126,45.4
1785432770.679,17:32:50,baseline,4,0.0,7314,16126,45.4
1785432770.679,17:32:50,baseline,5,0.0,7314,16126,45.4
1785432770.679,17:32:50,baseline,6,0.0,7315,16126,45.4
1785432770.679,17:32:50,baseline,7,0.0,7314,16126,45.4
1785432771.68,17:32:51,baseline,0,0.0,7314,16126,45.4
1785432771.68,17:32:51,baseline,1,0.0,7314,16126,45.4
1785432771.68,17:32:51,baseline,2,0.0,7314,16126,45.4
1785432771.68,17:32:51,baseline,3,0.0,7314,16126,45.4
1785432771.68,17:32:51,baseline,4,0.0,7314,16126,45.4
1785432771.68,17:32:51,baseline,5,0.0,7314,16126,45.4
1785432771.68,17:32:51,baseline,6,0.0,7315,16126,45.4
1785432771.68,17:32:51,baseline,7,0.0,7314,16126,45.4
1785432772.68,17:32:52,baseline,0,0.0,7314,16126,45.4
1785432772.68,17:32:52,baseline,1,0.0,7314,16126,45.4
1785432772.68,17:32:52,baseline,2,0.0,7314,16126,45.4
1785432772.68,17:32:52,baseline,3,0.0,7314,16126,45.4
1785432772.68,17:32:52,baseline,4,0.0,7314,16126,45.4
1785432772.68,17:32:52,baseline,5,0.0,7314,16126,45.4
1785432772.68,17:32:52,baseline,6,0.0,7315,16126,45.4
1785432772.68,17:32:52,baseline,7,0.0,7314,16126,45.4
1785432773.68,17:32:53,baseline,0,0.0,7314,16126,45.4
1785432773.68,17:32:53,baseline,1,0.0,7314,16126,45.4
1785432773.68,17:32:53,baseline,2,0.0,7314,16126,45.4
1785432773.68,17:32:53,baseline,3,0.0,7314,16126,45.4
1785432773.68,17:32:53,baseline,4,0.0,7314,16126,45.4
1785432773.68,17:32:53,baseline,5,0.0,7314,16126,45.4
1785432773.68,17:32:53,baseline,6,0.0,7315,16126,45.4
1785432773.68,17:32:53,baseline,7,0.0,7314,16126,45.4
1785432774.68,17:32:54,baseline,0,0.0,7314,16126,45.4
1785432774.68,17:32:54,baseline,1,0.0,7314,16126,45.4
1785432774.68,17:32:54,baseline,2,0.0,7314,16126,45.4
1785432774.68,17:32:54,baseline,3,0.0,7314,16126,45.4
1785432774.68,17:32:54,baseline,4,0.0,7314,16126,45.4
1785432774.68,17:32:54,baseline,5,0.0,7314,16126,45.4
1785432774.68,17:32:54,baseline,6,0.0,7315,16126,45.4
1785432774.68,17:32:54,baseline,7,0.0,7314,16126,45.4
1785432775.68,17:32:55,baseline,0,0.0,7314,16126,45.4
1785432775.68,17:32:55,baseline,1,0.0,7314,16126,45.4
1785432775.68,17:32:55,baseline,2,0.0,7314,16126,45.4
1785432775.68,17:32:55,baseline,3,0.0,7314,16126,45.4
1785432775.68,17:32:55,baseline,4,0.0,7314,16126,45.4
1785432775.68,17:32:55,baseline,5,0.0,7314,16126,45.4
1785432775.68,17:32:55,baseline,6,0.0,7315,16126,45.4
1785432775.68,17:32:55,baseline,7,0.0,7314,16126,45.4
1785432776.68,17:32:56,baseline,0,0.0,7314,16126,45.4
1785432776.68,17:32:56,baseline,1,0.0,7314,16126,45.4
1785432776.68,17:32:56,baseline,2,0.0,7314,16126,45.4
1785432776.68,17:32:56,baseline,3,0.0,7314,16126,45.4
1785432776.68,17:32:56,baseline,4,0.0,7314,16126,45.4
1785432776.68,17:32:56,baseline,5,0.0,7314,16126,45.4
1785432776.68,17:32:56,baseline,6,0.0,7315,16126,45.4
1785432776.68,17:32:56,baseline,7,0.0,7314,16126,45.4
1785432777.68,17:32:57,baseline,0,0.0,7314,16126,45.4
1785432777.68,17:32:57,baseline,1,0.0,7314,16126,45.4
1785432777.68,17:32:57,baseline,2,0.0,7314,16126,45.4
1785432777.68,17:32:57,baseline,3,0.0,7314,16126,45.4
1785432777.68,17:32:57,baseline,4,0.0,7314,16126,45.4
1785432777.68,17:32:57,baseline,5,0.0,7314,16126,45.4
1785432777.68,17:32:57,baseline,6,0.0,7315,16126,45.4
1785432777.68,17:32:57,baseline,7,0.0,7314,16126,45.4
1785432778.68,17:32:58,baseline,0,0.0,7314,16126,45.4
1785432778.68,17:32:58,baseline,1,0.0,7314,16126,45.4
1785432778.68,17:32:58,baseline,2,0.0,7314,16126,45.4
1785432778.68,17:32:58,baseline,3,0.0,7314,16126,45.4
1785432778.68,17:32:58,baseline,4,0.0,7314,16126,45.4
1785432778.68,17:32:58,baseline,5,0.0,7314,16126,45.4
1785432778.68,17:32:58,baseline,6,0.0,7315,16126,45.4
1785432778.68,17:32:58,baseline,7,0.0,7314,16126,45.4
1785432779.68,17:32:59,baseline,0,0.0,7314,16126,45.4
1785432779.68,17:32:59,baseline,1,0.0,7314,16126,45.4
1785432779.68,17:32:59,baseline,2,0.0,7314,16126,45.4
1785432779.68,17:32:59,baseline,3,0.0,7314,16126,45.4
1785432779.68,17:32:59,baseline,4,0.0,7314,16126,45.4
1785432779.68,17:32:59,baseline,5,0.0,7314,16126,45.4
1785432779.68,17:32:59,baseline,6,0.0,7315,16126,45.4
1785432779.68,17:32:59,baseline,7,0.0,7314,16126,45.4
1785432780.681,17:33:00,baseline,0,0.0,7314,16126,45.4
1785432780.681,17:33:00,baseline,1,0.0,7314,16126,45.4
1785432780.681,17:33:00,baseline,2,0.0,7314,16126,45.4
1785432780.681,17:33:00,baseline,3,0.0,7314,16126,45.4
1785432780.681,17:33:00,baseline,4,0.0,7314,16126,45.4
1785432780.681,17:33:00,baseline,5,0.0,7314,16126,45.4
1785432780.681,17:33:00,baseline,6,0.0,7315,16126,45.4
1785432780.681,17:33:00,baseline,7,0.0,7314,16126,45.4
1785432781.681,17:33:01,baseline,0,0.0,7314,16126,45.4
1785432781.681,17:33:01,baseline,1,0.0,7314,16126,45.4
1785432781.681,17:33:01,baseline,2,0.0,7314,16126,45.4
1785432781.681,17:33:01,baseline,3,0.0,7314,16126,45.4
1785432781.681,17:33:01,baseline,4,0.0,7314,16126,45.4
1785432781.681,17:33:01,baseline,5,0.0,7314,16126,45.4
1785432781.681,17:33:01,baseline,6,0.0,7315,16126,45.4
1785432781.681,17:33:01,baseline,7,0.0,7314,16126,45.4
1785432782.681,17:33:02,baseline,0,0.0,7314,16126,45.4
1785432782.681,17:33:02,baseline,1,0.0,7314,16126,45.4
1785432782.681,17:33:02,baseline,2,0.0,7314,16126,45.4
1785432782.681,17:33:02,baseline,3,0.0,7314,16126,45.4
1785432782.681,17:33:02,baseline,4,0.0,7314,16126,45.4
1785432782.681,17:33:02,baseline,5,0.0,7314,16126,45.4
1785432782.681,17:33:02,baseline,6,0.0,7315,16126,45.4
1785432782.681,17:33:02,baseline,7,0.0,7314,16126,45.4
1785432783.681,17:33:03,baseline,0,0.0,7314,16126,45.4
1785432783.681,17:33:03,baseline,1,0.0,7314,16126,45.4
1785432783.681,17:33:03,baseline,2,0.0,7314,16126,45.4
1785432783.681,17:33:03,baseline,3,0.0,7314,16126,45.4
1785432783.681,17:33:03,baseline,4,0.0,7314,16126,45.4
1785432783.681,17:33:03,baseline,5,0.0,7314,16126,45.4
1785432783.681,17:33:03,baseline,6,0.0,7315,16126,45.4
1785432783.681,17:33:03,baseline,7,0.0,7314,16126,45.4
1785432784.681,17:33:04,baseline,0,0.0,7314,16126,45.4
1785432784.681,17:33:04,baseline,1,0.0,7314,16126,45.4
1785432784.681,17:33:04,baseline,2,0.0,7314,16126,45.4
1785432784.681,17:33:04,baseline,3,0.0,7314,16126,45.4
1785432784.681,17:33:04,baseline,4,0.0,7314,16126,45.4
1785432784.681,17:33:04,baseline,5,0.0,7314,16126,45.4
1785432784.681,17:33:04,baseline,6,0.0,7315,16126,45.4
1785432784.681,17:33:04,baseline,7,0.0,7314,16126,45.4
1785432785.681,17:33:05,baseline,0,0.0,7314,16126,45.4
1785432785.681,17:33:05,baseline,1,0.0,7314,16126,45.4
1785432785.681,17:33:05,baseline,2,0.0,7314,16126,45.4
1785432785.681,17:33:05,baseline,3,0.0,7314,16126,45.4
1785432785.681,17:33:05,baseline,4,0.0,7314,16126,45.4
1785432785.681,17:33:05,baseline,5,0.0,7314,16126,45.4
1785432785.681,17:33:05,baseline,6,0.0,7315,16126,45.4
1785432785.681,17:33:05,baseline,7,0.0,7314,16126,45.4
1785432786.681,17:33:06,baseline,0,0.0,7314,16126,45.4
1785432786.681,17:33:06,baseline,1,0.0,7314,16126,45.4
1785432786.681,17:33:06,baseline,2,0.0,7314,16126,45.4
1785432786.681,17:33:06,baseline,3,0.0,7314,16126,45.4
1785432786.681,17:33:06,baseline,4,0.0,7314,16126,45.4
1785432786.681,17:33:06,baseline,5,0.0,7314,16126,45.4
1785432786.681,17:33:06,baseline,6,0.0,7315,16126,45.4
1785432786.681,17:33:06,baseline,7,0.0,7314,16126,45.4
1785432787.681,17:33:07,baseline,0,0.0,7314,16126,45.4
1785432787.681,17:33:07,baseline,1,0.0,7314,16126,45.4
1785432787.681,17:33:07,baseline,2,0.0,7314,16126,45.4
1785432787.681,17:33:07,baseline,3,0.0,7314,16126,45.4
1785432787.681,17:33:07,baseline,4,0.0,7314,16126,45.4
1785432787.681,17:33:07,baseline,5,0.0,7314,16126,45.4
1785432787.681,17:33:07,baseline,6,0.0,7315,16126,45.4
1785432787.681,17:33:07,baseline,7,0.0,7314,16126,45.4
1785432788.682,17:33:08,baseline,0,0.0,7314,16126,45.4
1785432788.682,17:33:08,baseline,1,0.0,7314,16126,45.4
1785432788.682,17:33:08,baseline,2,0.0,7314,16126,45.4
1785432788.682,17:33:08,baseline,3,0.0,7314,16126,45.4
1785432788.682,17:33:08,baseline,4,0.0,7314,16126,45.4
1785432788.682,17:33:08,baseline,5,0.0,7314,16126,45.4
1785432788.682,17:33:08,baseline,6,0.0,7315,16126,45.4
1785432788.682,17:33:08,baseline,7,0.0,7314,16126,45.4
1785432789.682,17:33:09,baseline,0,0.0,7314,16126,45.4
1785432789.682,17:33:09,baseline,1,0.0,7314,16126,45.4
1785432789.682,17:33:09,baseline,2,0.0,7314,16126,45.4
1785432789.682,17:33:09,baseline,3,0.0,7314,16126,45.4
1785432789.682,17:33:09,baseline,4,0.0,7314,16126,45.4
1785432789.682,17:33:09,baseline,5,0.0,7314,16126,45.4
1785432789.682,17:33:09,baseline,6,0.0,7315,16126,45.4
1785432789.682,17:33:09,baseline,7,0.0,7314,16126,45.4
1785432790.682,17:33:10,baseline,0,0.0,7314,16126,45.4
1785432790.682,17:33:10,baseline,1,0.0,7314,16126,45.4
1785432790.682,17:33:10,baseline,2,0.0,7314,16126,45.4
1785432790.682,17:33:10,baseline,3,0.0,7314,16126,45.4
1785432790.682,17:33:10,baseline,4,0.0,7314,16126,45.4
1785432790.682,17:33:10,baseline,5,0.0,7314,16126,45.4
1785432790.682,17:33:10,baseline,6,0.0,7315,16126,45.4
1785432790.682,17:33:10,baseline,7,0.0,7314,16126,45.4
1785432791.682,17:33:11,baseline,0,0.0,7314,16126,45.4
1785432791.682,17:33:11,baseline,1,0.0,7314,16126,45.4
1785432791.682,17:33:11,baseline,2,0.0,7314,16126,45.4
1785432791.682,17:33:11,baseline,3,0.0,7314,16126,45.4
1785432791.682,17:33:11,baseline,4,0.0,7314,16126,45.4
1785432791.682,17:33:11,baseline,5,0.0,7314,16126,45.4
1785432791.682,17:33:11,baseline,6,0.0,7315,16126,45.4
1785432791.682,17:33:11,baseline,7,0.0,7314,16126,45.4
1785432792.682,17:33:12,baseline,0,0.0,7314,16126,45.4
1785432792.682,17:33:12,baseline,1,0.0,7314,16126,45.4
1785432792.682,17:33:12,baseline,2,0.0,7314,16126,45.4
1785432792.682,17:33:12,baseline,3,0.0,7314,16126,45.4
1785432792.682,17:33:12,baseline,4,0.0,7314,16126,45.4
1785432792.682,17:33:12,baseline,5,0.0,7314,16126,45.4
1785432792.682,17:33:12,baseline,6,0.0,7315,16126,45.4
1785432792.682,17:33:12,baseline,7,0.0,7314,16126,45.4
1785432793.682,17:33:13,baseline,0,0.0,7314,16126,45.4
1785432793.682,17:33:13,baseline,1,0.0,7314,16126,45.4
1785432793.682,17:33:13,baseline,2,0.0,7314,16126,45.4
1785432793.682,17:33:13,baseline,3,0.0,7314,16126,45.4
1785432793.682,17:33:13,baseline,4,0.0,7314,16126,45.4
1785432793.682,17:33:13,baseline,5,0.0,7314,16126,45.4
1785432793.682,17:33:13,baseline,6,0.0,7315,16126,45.4
1785432793.682,17:33:13,baseline,7,0.0,7314,16126,45.4
1785432794.682,17:33:14,baseline,0,0.0,7314,16126,45.4
1785432794.682,17:33:14,baseline,1,0.0,7314,16126,45.4
1785432794.682,17:33:14,baseline,2,0.0,7314,16126,45.4
1785432794.682,17:33:14,baseline,3,0.0,7314,16126,45.4
1785432794.682,17:33:14,baseline,4,0.0,7314,16126,45.4
1785432794.682,17:33:14,baseline,5,0.0,7314,16126,45.4
1785432794.682,17:33:14,baseline,6,0.0,7315,16126,45.4
1785432794.682,17:33:14,baseline,7,0.0,7314,16126,45.4
1785432795.683,17:33:15,baseline,0,0.0,7314,16126,45.4
1785432795.683,17:33:15,baseline,1,0.0,7314,16126,45.4
1785432795.683,17:33:15,baseline,2,0.0,7314,16126,45.4
1785432795.683,17:33:15,baseline,3,0.0,7314,16126,45.4
1785432795.683,17:33:15,baseline,4,0.0,7314,16126,45.4
1785432795.683,17:33:15,baseline,5,0.0,7314,16126,45.4
1785432795.683,17:33:15,baseline,6,0.0,7315,16126,45.4
1785432795.683,17:33:15,baseline,7,0.0,7314,16126,45.4
1785432796.683,17:33:16,baseline,0,0.0,7314,16126,45.4
1785432796.683,17:33:16,baseline,1,0.0,7314,16126,45.4
1785432796.683,17:33:16,baseline,2,0.0,7314,16126,45.4
1785432796.683,17:33:16,baseline,3,0.0,7314,16126,45.4
1785432796.683,17:33:16,baseline,4,0.0,7314,16126,45.4
1785432796.683,17:33:16,baseline,5,0.0,7314,16126,45.4
1785432796.683,17:33:16,baseline,6,0.0,7315,16126,45.4
1785432796.683,17:33:16,baseline,7,0.0,7314,16126,45.4
1785432797.683,17:33:17,baseline,0,0.0,7314,16126,45.4
1785432797.683,17:33:17,baseline,1,0.0,7314,16126,45.4
1785432797.683,17:33:17,baseline,2,0.0,7314,16126,45.4
1785432797.683,17:33:17,baseline,3,0.0,7314,16126,45.4
1785432797.683,17:33:17,baseline,4,0.0,7314,16126,45.4
1785432797.683,17:33:17,baseline,5,0.0,7314,16126,45.4
1785432797.683,17:33:17,baseline,6,0.0,7315,16126,45.4
1785432797.683,17:33:17,baseline,7,0.0,7314,16126,45.4
1785432798.683,17:33:18,baseline,0,0.0,7314,16126,45.4
1785432798.683,17:33:18,baseline,1,0.0,7314,16126,45.4
1785432798.683,17:33:18,baseline,2,0.0,7314,16126,45.4
1785432798.683,17:33:18,baseline,3,0.0,7314,16126,45.4
1785432798.683,17:33:18,baseline,4,0.0,7314,16126,45.4
1785432798.683,17:33:18,baseline,5,0.0,7314,16126,45.4
1785432798.683,17:33:18,baseline,6,0.0,7315,16126,45.4
1785432798.683,17:33:18,baseline,7,0.0,7314,16126,45.4
1785432799.683,17:33:19,baseline,0,0.0,7314,16126,45.4
1785432799.683,17:33:19,baseline,1,0.0,7314,16126,45.4
1785432799.683,17:33:19,baseline,2,0.0,7314,16126,45.4
1785432799.683,17:33:19,baseline,3,0.0,7314,16126,45.4
1785432799.683,17:33:19,baseline,4,0.0,7314,16126,45.4
1785432799.683,17:33:19,baseline,5,0.0,7314,16126,45.4
1785432799.683,17:33:19,baseline,6,0.0,7315,16126,45.4
1785432799.683,17:33:19,baseline,7,0.0,7314,16126,45.4
1785432800.683,17:33:20,baseline,0,0.0,7314,16126,45.4
1785432800.683,17:33:20,baseline,1,0.0,7314,16126,45.4
1785432800.683,17:33:20,baseline,2,0.0,7314,16126,45.4
1785432800.683,17:33:20,baseline,3,0.0,7314,16126,45.4
1785432800.683,17:33:20,baseline,4,0.0,7314,16126,45.4
1785432800.683,17:33:20,baseline,5,0.0,7314,16126,45.4
1785432800.683,17:33:20,baseline,6,0.0,7315,16126,45.4
1785432800.683,17:33:20,baseline,7,0.0,7314,16126,45.4
1785432801.683,17:33:21,baseline,0,0.0,7314,16126,45.4
1785432801.683,17:33:21,baseline,1,0.0,7314,16126,45.4
1785432801.683,17:33:21,baseline,2,0.0,7314,16126,45.4
1785432801.683,17:33:21,baseline,3,0.0,7314,16126,45.4
1785432801.683,17:33:21,baseline,4,0.0,7314,16126,45.4
1785432801.683,17:33:21,baseline,5,0.0,7314,16126,45.4
1785432801.683,17:33:21,baseline,6,0.0,7315,16126,45.4
1785432801.683,17:33:21,baseline,7,0.0,7314,16126,45.4
1785432802.684,17:33:22,baseline,0,0.0,7314,16126,45.4
1785432802.684,17:33:22,baseline,1,0.0,7314,16126,45.4
1785432802.684,17:33:22,baseline,2,0.0,7314,16126,45.4
1785432802.684,17:33:22,baseline,3,0.0,7314,16126,45.4
1785432802.684,17:33:22,baseline,4,0.0,7314,16126,45.4
1785432802.684,17:33:22,baseline,5,0.0,7314,16126,45.4
1785432802.684,17:33:22,baseline,6,0.0,7315,16126,45.4
1785432802.684,17:33:22,baseline,7,0.0,7314,16126,45.4
1785432803.684,17:33:23,baseline,0,0.0,7314,16126,45.4
1785432803.684,17:33:23,baseline,1,0.0,7314,16126,45.4
1785432803.684,17:33:23,baseline,2,0.0,7314,16126,45.4
1785432803.684,17:33:23,baseline,3,0.0,7314,16126,45.4
1785432803.684,17:33:23,baseline,4,0.0,7314,16126,45.4
1785432803.684,17:33:23,baseline,5,0.0,7314,16126,45.4
1785432803.684,17:33:23,baseline,6,0.0,7315,16126,45.4
1785432803.684,17:33:23,baseline,7,0.0,7314,16126,45.4
1785432804.684,17:33:24,baseline,0,0.0,7314,16126,45.4
1785432804.684,17:33:24,baseline,1,0.0,7314,16126,45.4
1785432804.684,17:33:24,baseline,2,0.0,7314,16126,45.4
1785432804.684,17:33:24,baseline,3,0.0,7314,16126,45.4
1785432804.684,17:33:24,baseline,4,0.0,7314,16126,45.4
1785432804.684,17:33:24,baseline,5,0.0,7314,16126,45.4
1785432804.684,17:33:24,baseline,6,0.0,7315,16126,45.4
1785432804.684,17:33:24,baseline,7,0.0,7314,16126,45.4
1785432805.684,17:33:25,baseline,0,0.0,7314,16126,45.4
1785432805.684,17:33:25,baseline,1,0.0,7314,16126,45.4
1785432805.684,17:33:25,baseline,2,0.0,7314,16126,45.4
1785432805.684,17:33:25,baseline,3,0.0,7314,16126,45.4
1785432805.684,17:33:25,baseline,4,0.0,7314,16126,45.4
1785432805.684,17:33:25,baseline,5,0.0,7314,16126,45.4
1785432805.684,17:33:25,baseline,6,0.0,7315,16126,45.4
1785432805.684,17:33:25,baseline,7,0.0,7314,16126,45.4
1785432806.684,17:33:26,baseline,0,0.0,7314,16126,45.4
1785432806.684,17:33:26,baseline,1,0.0,7314,16126,45.4
1785432806.684,17:33:26,baseline,2,0.0,7314,16126,45.4
1785432806.684,17:33:26,baseline,3,0.0,7314,16126,45.4
1785432806.684,17:33:26,baseline,4,0.0,7314,16126,45.4
1785432806.684,17:33:26,baseline,5,0.0,7314,16126,45.4
1785432806.684,17:33:26,baseline,6,0.0,7315,16126,45.4
1785432806.684,17:33:26,baseline,7,0.0,7314,16126,45.4
1785432807.684,17:33:27,baseline,0,0.0,7314,16126,45.4
1785432807.684,17:33:27,baseline,1,0.0,7314,16126,45.4
1785432807.684,17:33:27,baseline,2,0.0,7314,16126,45.4
1785432807.684,17:33:27,baseline,3,0.0,7314,16126,45.4
1785432807.684,17:33:27,baseline,4,0.0,7314,16126,45.4
1785432807.684,17:33:27,baseline,5,0.0,7314,16126,45.4
1785432807.684,17:33:27,baseline,6,0.0,7315,16126,45.4
1785432807.684,17:33:27,baseline,7,0.0,7314,16126,45.4
1785432808.684,17:33:28,baseline,0,0.0,7314,16126,45.4
1785432808.684,17:33:28,baseline,1,0.0,7314,16126,45.4
1785432808.684,17:33:28,baseline,2,0.0,7314,16126,45.4
1785432808.684,17:33:28,baseline,3,0.0,7314,16126,45.4
1785432808.684,17:33:28,baseline,4,0.0,7314,16126,45.4
1785432808.684,17:33:28,baseline,5,0.0,7314,16126,45.4
1785432808.684,17:33:28,baseline,6,0.0,7315,16126,45.4
1785432808.684,17:33:28,baseline,7,0.0,7314,16126,45.4
1785432809.685,17:33:29,baseline,0,0.0,7314,16126,45.4
1785432809.685,17:33:29,baseline,1,0.0,7314,16126,45.4
1785432809.685,17:33:29,baseline,2,0.0,7314,16126,45.4
1785432809.685,17:33:29,baseline,3,0.0,7314,16126,45.4
1785432809.685,17:33:29,baseline,4,0.0,7314,16126,45.4
1785432809.685,17:33:29,baseline,5,0.0,7314,16126,45.4
1785432809.685,17:33:29,baseline,6,0.0,7315,16126,45.4
1785432809.685,17:33:29,baseline,7,0.0,7314,16126,45.4
1785432810.685,17:33:30,baseline,0,0.0,7314,16126,45.4
1785432810.685,17:33:30,baseline,1,0.0,7314,16126,45.4
1785432810.685,17:33:30,baseline,2,0.0,7314,16126,45.4
1785432810.685,17:33:30,baseline,3,0.0,7314,16126,45.4
1785432810.685,17:33:30,baseline,4,0.0,7314,16126,45.4
1785432810.685,17:33:30,baseline,5,0.0,7314,16126,45.4
1785432810.685,17:33:30,baseline,6,0.0,7315,16126,45.4
1785432810.685,17:33:30,baseline,7,0.0,7314,16126,45.4
1785432811.685,17:33:31,baseline,0,0.0,7314,16126,45.4
1785432811.685,17:33:31,baseline,1,0.0,7314,16126,45.4
1785432811.685,17:33:31,baseline,2,0.0,7314,16126,45.4
1785432811.685,17:33:31,baseline,3,0.0,7314,16126,45.4
1785432811.685,17:33:31,baseline,4,0.0,7314,16126,45.4
1785432811.685,17:33:31,baseline,5,0.0,7314,16126,45.4
1785432811.685,17:33:31,baseline,6,0.0,7315,16126,45.4
1785432811.685,17:33:31,baseline,7,0.0,7314,16126,45.4
1785432812.685,17:33:32,baseline,0,0.0,7314,16126,45.4
1785432812.685,17:33:32,baseline,1,0.0,7314,16126,45.4
1785432812.685,17:33:32,baseline,2,0.0,7314,16126,45.4
1785432812.685,17:33:32,baseline,3,0.0,7314,16126,45.4
1785432812.685,17:33:32,baseline,4,0.0,7314,16126,45.4
1785432812.685,17:33:32,baseline,5,0.0,7314,16126,45.4
1785432812.685,17:33:32,baseline,6,0.0,7315,16126,45.4
1785432812.685,17:33:32,baseline,7,0.0,7314,16126,45.4
1785432813.685,17:33:33,baseline,0,0.0,7314,16126,45.4
1785432813.685,17:33:33,baseline,1,0.0,7314,16126,45.4
1785432813.685,17:33:33,baseline,2,0.0,7314,16126,45.4
1785432813.685,17:33:33,baseline,3,0.0,7314,16126,45.4
1785432813.685,17:33:33,baseline,4,0.0,7314,16126,45.4
1785432813.685,17:33:33,baseline,5,0.0,7314,16126,45.4
1785432813.685,17:33:33,baseline,6,0.0,7315,16126,45.4
1785432813.685,17:33:33,baseline,7,0.0,7314,16126,45.4
1785432814.685,17:33:34,baseline,0,0.0,7314,16126,45.4
1785432814.685,17:33:34,baseline,1,0.0,7314,16126,45.4
1785432814.685,17:33:34,baseline,2,0.0,7314,16126,45.4
1785432814.685,17:33:34,baseline,3,0.0,7314,16126,45.4
1785432814.685,17:33:34,baseline,4,0.0,7314,16126,45.4
1785432814.685,17:33:34,baseline,5,0.0,7314,16126,45.4
1785432814.685,17:33:34,baseline,6,0.0,7315,16126,45.4
1785432814.685,17:33:34,baseline,7,0.0,7314,16126,45.4
1785432815.685,17:33:35,baseline,0,0.0,7314,16126,45.4
1785432815.685,17:33:35,baseline,1,0.0,7314,16126,45.4
1785432815.685,17:33:35,baseline,2,0.0,7314,16126,45.4
1785432815.685,17:33:35,baseline,3,0.0,7314,16126,45.4
1785432815.685,17:33:35,baseline,4,0.0,7314,16126,45.4
1785432815.685,17:33:35,baseline,5,0.0,7314,16126,45.4
1785432815.685,17:33:35,baseline,6,0.0,7315,16126,45.4
1785432815.685,17:33:35,baseline,7,0.0,7314,16126,45.4
1785432816.686,17:33:36,baseline,0,0.0,7314,16126,45.4
1785432816.686,17:33:36,baseline,1,0.0,7314,16126,45.4
1785432816.686,17:33:36,baseline,2,0.0,7314,16126,45.4
1785432816.686,17:33:36,baseline,3,0.0,7314,16126,45.4
1785432816.686,17:33:36,baseline,4,0.0,7314,16126,45.4
1785432816.686,17:33:36,baseline,5,0.0,7314,16126,45.4
1785432816.686,17:33:36,baseline,6,0.0,7315,16126,45.4
1785432816.686,17:33:36,baseline,7,0.0,7314,16126,45.4
1785432817.686,17:33:37,baseline,0,0.0,7314,16126,45.4
1785432817.686,17:33:37,baseline,1,0.0,7314,16126,45.4
1785432817.686,17:33:37,baseline,2,0.0,7314,16126,45.4
1785432817.686,17:33:37,baseline,3,0.0,7314,16126,45.4
1785432817.686,17:33:37,baseline,4,0.0,7314,16126,45.4
1785432817.686,17:33:37,baseline,5,0.0,7314,16126,45.4
1785432817.686,17:33:37,baseline,6,0.0,7315,16126,45.4
1785432817.686,17:33:37,baseline,7,0.0,7314,16126,45.4
1785432818.686,17:33:38,baseline,0,0.0,7314,16126,45.4
1785432818.686,17:33:38,baseline,1,0.0,7314,16126,45.4
1785432818.686,17:33:38,baseline,2,0.0,7314,16126,45.4
1785432818.686,17:33:38,baseline,3,0.0,7314,16126,45.4
1785432818.686,17:33:38,baseline,4,0.0,7314,16126,45.4
1785432818.686,17:33:38,baseline,5,0.0,7314,16126,45.4
1785432818.686,17:33:38,baseline,6,0.0,7315,16126,45.4
1785432818.686,17:33:38,baseline,7,0.0,7314,16126,45.4
1785432819.686,17:33:39,baseline,0,0.0,7314,16126,45.4
1785432819.686,17:33:39,baseline,1,0.0,7314,16126,45.4
1785432819.686,17:33:39,baseline,2,0.0,7314,16126,45.4
1785432819.686,17:33:39,baseline,3,0.0,7314,16126,45.4
1785432819.686,17:33:39,baseline,4,0.0,7314,16126,45.4
1785432819.686,17:33:39,baseline,5,0.0,7314,16126,45.4
1785432819.686,17:33:39,baseline,6,0.0,7315,16126,45.4
1785432819.686,17:33:39,baseline,7,0.0,7314,16126,45.4
1785432820.686,17:33:40,baseline,0,0.0,7314,16126,45.4
1785432820.686,17:33:40,baseline,1,0.0,7314,16126,45.4
1785432820.686,17:33:40,baseline,2,0.0,7314,16126,45.4
1785432820.686,17:33:40,baseline,3,0.0,7314,16126,45.4
1785432820.686,17:33:40,baseline,4,0.0,7314,16126,45.4
1785432820.686,17:33:40,baseline,5,0.0,7314,16126,45.4
1785432820.686,17:33:40,baseline,6,0.0,7315,16126,45.4
1785432820.686,17:33:40,baseline,7,0.0,7314,16126,45.4
1785432821.686,17:33:41,baseline,0,0.0,7314,16126,45.4
1785432821.686,17:33:41,baseline,1,0.0,7314,16126,45.4
1785432821.686,17:33:41,baseline,2,0.0,7314,16126,45.4
1785432821.686,17:33:41,baseline,3,0.0,7314,16126,45.4
1785432821.686,17:33:41,baseline,4,0.0,7314,16126,45.4
1785432821.686,17:33:41,baseline,5,0.0,7314,16126,45.4
1785432821.686,17:33:41,baseline,6,0.0,7315,16126,45.4
1785432821.686,17:33:41,baseline,7,0.0,7314,16126,45.4
1785432822.686,17:33:42,baseline,0,0.0,7314,16126,45.4
1785432822.686,17:33:42,baseline,1,0.0,7314,16126,45.4
1785432822.686,17:33:42,baseline,2,0.0,7314,16126,45.4
1785432822.686,17:33:42,baseline,3,0.0,7314,16126,45.4
1785432822.686,17:33:42,baseline,4,0.0,7314,16126,45.4
1785432822.686,17:33:42,baseline,5,0.0,7314,16126,45.4
1785432822.686,17:33:42,baseline,6,0.0,7315,16126,45.4
1785432822.686,17:33:42,baseline,7,0.0,7314,16126,45.4
1785432823.686,17:33:43,baseline,0,0.0,7314,16126,45.4
1785432823.686,17:33:43,baseline,1,0.0,7314,16126,45.4
1785432823.686,17:33:43,baseline,2,0.0,7314,16126,45.4
1785432823.686,17:33:43,baseline,3,0.0,7314,16126,45.4
1785432823.686,17:33:43,baseline,4,0.0,7314,16126,45.4
1785432823.686,17:33:43,baseline,5,0.0,7314,16126,45.4
1785432823.686,17:33:43,baseline,6,0.0,7315,16126,45.4
1785432823.686,17:33:43,baseline,7,0.0,7314,16126,45.4
1785432824.687,17:33:44,baseline,0,0.0,7314,16126,45.4
1785432824.687,17:33:44,baseline,1,0.0,7314,16126,45.4
1785432824.687,17:33:44,baseline,2,0.0,7314,16126,45.4
1785432824.687,17:33:44,baseline,3,0.0,7314,16126,45.4
1785432824.687,17:33:44,baseline,4,0.0,7314,16126,45.4
1785432824.687,17:33:44,baseline,5,0.0,7314,16126,45.4
1785432824.687,17:33:44,baseline,6,0.0,7315,16126,45.4
1785432824.687,17:33:44,baseline,7,0.0,7314,16126,45.4
1785432825.687,17:33:45,baseline,0,0.0,7314,16126,45.4
1785432825.687,17:33:45,baseline,1,0.0,7314,16126,45.4
1785432825.687,17:33:45,baseline,2,0.0,7314,16126,45.4
1785432825.687,17:33:45,baseline,3,0.0,7314,16126,45.4
1785432825.687,17:33:45,baseline,4,0.0,7314,16126,45.4
1785432825.687,17:33:45,baseline,5,0.0,7314,16126,45.4
1785432825.687,17:33:45,baseline,6,0.0,7315,16126,45.4
1785432825.687,17:33:45,baseline,7,0.0,7314,16126,45.4
1785432826.687,17:33:46,baseline,0,0.0,7314,16126,45.4
1785432826.687,17:33:46,baseline,1,0.0,7314,16126,45.4
1785432826.687,17:33:46,baseline,2,0.0,7314,16126,45.4
1785432826.687,17:33:46,baseline,3,0.0,7314,16126,45.4
1785432826.687,17:33:46,baseline,4,0.0,7314,16126,45.4
1785432826.687,17:33:46,baseline,5,0.0,7314,16126,45.4
1785432826.687,17:33:46,baseline,6,0.0,7315,16126,45.4
1785432826.687,17:33:46,baseline,7,0.0,7314,16126,45.4
1785432827.687,17:33:47,baseline,0,0.0,7314,16126,45.4
1785432827.687,17:33:47,baseline,1,0.0,7314,16126,45.4
1785432827.687,17:33:47,baseline,2,0.0,7314,16126,45.4
1785432827.687,17:33:47,baseline,3,0.0,7314,16126,45.4
1785432827.687,17:33:47,baseline,4,0.0,7314,16126,45.4
1785432827.687,17:33:47,baseline,5,0.0,7314,16126,45.4
1785432827.687,17:33:47,baseline,6,0.0,7315,16126,45.4
1785432827.687,17:33:47,baseline,7,0.0,7314,16126,45.4
1785432828.687,17:33:48,baseline,0,0.0,7314,16126,45.4
1785432828.687,17:33:48,baseline,1,0.0,7314,16126,45.4
1785432828.687,17:33:48,baseline,2,0.0,7314,16126,45.4
1785432828.687,17:33:48,baseline,3,0.0,7314,16126,45.4
1785432828.687,17:33:48,baseline,4,0.0,7314,16126,45.4
1785432828.687,17:33:48,baseline,5,0.0,7314,16126,45.4
1785432828.687,17:33:48,baseline,6,0.0,7315,16126,45.4
1785432828.687,17:33:48,baseline,7,0.0,7314,16126,45.4
1785432829.687,17:33:49,baseline,0,0.0,7314,16126,45.4
1785432829.687,17:33:49,baseline,1,0.0,7314,16126,45.4
1785432829.687,17:33:49,baseline,2,0.0,7314,16126,45.4
1785432829.687,17:33:49,baseline,3,0.0,7314,16126,45.4
1785432829.687,17:33:49,baseline,4,0.0,7314,16126,45.4
1785432829.687,17:33:49,baseline,5,0.0,7314,16126,45.4
1785432829.687,17:33:49,baseline,6,0.0,7315,16126,45.4
1785432829.687,17:33:49,baseline,7,0.0,7314,16126,45.4
1785432830.687,17:33:50,baseline,0,0.0,7314,16126,45.4
1785432830.687,17:33:50,baseline,1,0.0,7314,16126,45.4
1785432830.687,17:33:50,baseline,2,0.0,7314,16126,45.4
1785432830.687,17:33:50,baseline,3,0.0,7314,16126,45.4
1785432830.687,17:33:50,baseline,4,0.0,7314,16126,45.4
1785432830.687,17:33:50,baseline,5,0.0,7314,16126,45.4
1785432830.687,17:33:50,baseline,6,0.0,7315,16126,45.4
1785432830.687,17:33:50,baseline,7,0.0,7314,16126,45.4
1785432831.688,17:33:51,baseline,0,0.0,7314,16126,45.4
1785432831.688,17:33:51,baseline,1,0.0,7314,16126,45.4
1785432831.688,17:33:51,baseline,2,0.0,7314,16126,45.4
1785432831.688,17:33:51,baseline,3,0.0,7314,16126,45.4
1785432831.688,17:33:51,baseline,4,0.0,7314,16126,45.4
1785432831.688,17:33:51,baseline,5,0.0,7314,16126,45.4
1785432831.688,17:33:51,baseline,6,0.0,7315,16126,45.4
1785432831.688,17:33:51,baseline,7,0.0,7314,16126,45.4
1785432832.688,17:33:52,baseline,0,0.0,7314,16126,45.4
1785432832.688,17:33:52,baseline,1,0.0,7314,16126,45.4
1785432832.688,17:33:52,baseline,2,0.0,7314,16126,45.4
1785432832.688,17:33:52,baseline,3,0.0,7314,16126,45.4
1785432832.688,17:33:52,baseline,4,0.0,7314,16126,45.4
1785432832.688,17:33:52,baseline,5,0.0,7314,16126,45.4
1785432832.688,17:33:52,baseline,6,0.0,7315,16126,45.4
1785432832.688,17:33:52,baseline,7,0.0,7314,16126,45.4
1785432833.688,17:33:53,baseline,0,0.0,7314,16126,45.4
1785432833.688,17:33:53,baseline,1,0.0,7314,16126,45.4
1785432833.688,17:33:53,baseline,2,0.0,7314,16126,45.4
1785432833.688,17:33:53,baseline,3,0.0,7314,16126,45.4
1785432833.688,17:33:53,baseline,4,0.0,7314,16126,45.4
1785432833.688,17:33:53,baseline,5,0.0,7314,16126,45.4
1785432833.688,17:33:53,baseline,6,0.0,7315,16126,45.4
1785432833.688,17:33:53,baseline,7,0.0,7314,16126,45.4
1785432834.688,17:33:54,baseline,0,0.0,7314,16126,45.4
1785432834.688,17:33:54,baseline,1,0.0,7314,16126,45.4
1785432834.688,17:33:54,baseline,2,0.0,7314,16126,45.4
1785432834.688,17:33:54,baseline,3,0.0,7314,16126,45.4
1785432834.688,17:33:54,baseline,4,0.0,7314,16126,45.4
1785432834.688,17:33:54,baseline,5,0.0,7314,16126,45.4
1785432834.688,17:33:54,baseline,6,0.0,7315,16126,45.4
1785432834.688,17:33:54,baseline,7,0.0,7314,16126,45.4
1785432835.688,17:33:55,baseline,0,0.0,7314,16126,45.4
1785432835.688,17:33:55,baseline,1,0.0,7314,16126,45.4
1785432835.688,17:33:55,baseline,2,0.0,7314,16126,45.4
1785432835.688,17:33:55,baseline,3,0.0,7314,16126,45.4
1785432835.688,17:33:55,baseline,4,0.0,7314,16126,45.4
1785432835.688,17:33:55,baseline,5,0.0,7314,16126,45.4
1785432835.688,17:33:55,baseline,6,0.0,7315,16126,45.4
1785432835.688,17:33:55,baseline,7,0.0,7314,16126,45.4
1785432836.688,17:33:56,baseline,0,0.0,7314,16126,45.4
1785432836.688,17:33:56,baseline,1,0.0,7314,16126,45.4
1785432836.688,17:33:56,baseline,2,0.0,7314,16126,45.4
1785432836.688,17:33:56,baseline,3,0.0,7314,16126,45.4
1785432836.688,17:33:56,baseline,4,0.0,7314,16126,45.4
1785432836.688,17:33:56,baseline,5,0.0,7314,16126,45.4
1785432836.688,17:33:56,baseline,6,0.0,7315,16126,45.4
1785432836.688,17:33:56,baseline,7,0.0,7314,16126,45.4
1785432837.688,17:33:57,baseline,0,0.0,7314,16126,45.4
1785432837.688,17:33:57,baseline,1,0.0,7314,16126,45.4
1785432837.688,17:33:57,baseline,2,0.0,7314,16126,45.4
1785432837.688,17:33:57,baseline,3,0.0,7314,16126,45.4
1785432837.688,17:33:57,baseline,4,0.0,7314,16126,45.4
1785432837.688,17:33:57,baseline,5,0.0,7314,16126,45.4
1785432837.688,17:33:57,baseline,6,0.0,7315,16126,45.4
1785432837.688,17:33:57,baseline,7,0.0,7314,16126,45.4
1785432838.688,17:33:58,baseline,0,0.0,7314,16126,45.4
1785432838.688,17:33:58,baseline,1,0.0,7314,16126,45.4
1785432838.688,17:33:58,baseline,2,0.0,7314,16126,45.4
1785432838.688,17:33:58,baseline,3,0.0,7314,16126,45.4
1785432838.688,17:33:58,baseline,4,0.0,7314,16126,45.4
1785432838.688,17:33:58,baseline,5,0.0,7314,16126,45.4
1785432838.688,17:33:58,baseline,6,0.0,7315,16126,45.4
1785432838.688,17:33:58,baseline,7,0.0,7314,16126,45.4
1785432839.689,17:33:59,baseline,0,0.0,7314,16126,45.4
1785432839.689,17:33:59,baseline,1,0.0,7314,16126,45.4
1785432839.689,17:33:59,baseline,2,0.0,7314,16126,45.4
1785432839.689,17:33:59,baseline,3,0.0,7314,16126,45.4
1785432839.689,17:33:59,baseline,4,0.0,7314,16126,45.4
1785432839.689,17:33:59,baseline,5,0.0,7314,16126,45.4
1785432839.689,17:33:59,baseline,6,0.0,7315,16126,45.4
1785432839.689,17:33:59,baseline,7,0.0,7314,16126,45.4
1785432840.689,17:34:00,baseline,0,0.0,7314,16126,45.4
1785432840.689,17:34:00,baseline,1,0.0,7314,16126,45.4
1785432840.689,17:34:00,baseline,2,0.0,7314,16126,45.4
1785432840.689,17:34:00,baseline,3,0.0,7314,16126,45.4
1785432840.689,17:34:00,baseline,4,0.0,7314,16126,45.4
1785432840.689,17:34:00,baseline,5,0.0,7314,16126,45.4
1785432840.689,17:34:00,baseline,6,0.0,7315,16126,45.4
1785432840.689,17:34:00,baseline,7,0.0,7314,16126,45.4
1785432841.689,17:34:01,baseline,0,0.0,7314,16126,45.4
1785432841.689,17:34:01,baseline,1,0.0,7314,16126,45.4
1785432841.689,17:34:01,baseline,2,0.0,7314,16126,45.4
1785432841.689,17:34:01,baseline,3,0.0,7314,16126,45.4
1785432841.689,17:34:01,baseline,4,0.0,7314,16126,45.4
1785432841.689,17:34:01,baseline,5,0.0,7314,16126,45.4
1785432841.689,17:34:01,baseline,6,0.0,7315,16126,45.4
1785432841.689,17:34:01,baseline,7,0.0,7314,16126,45.4
1785432842.689,17:34:02,baseline,0,0.0,7314,16126,45.4
1785432842.689,17:34:02,baseline,1,0.0,7314,16126,45.4
1785432842.689,17:34:02,baseline,2,0.0,7314,16126,45.4
1785432842.689,17:34:02,baseline,3,0.0,7314,16126,45.4
1785432842.689,17:34:02,baseline,4,0.0,7314,16126,45.4
1785432842.689,17:34:02,baseline,5,0.0,7314,16126,45.4
1785432842.689,17:34:02,baseline,6,0.0,7315,16126,45.4
1785432842.689,17:34:02,baseline,7,0.0,7314,16126,45.4
1785432843.689,17:34:03,baseline,0,0.0,7314,16126,45.4
1785432843.689,17:34:03,baseline,1,0.0,7314,16126,45.4
1785432843.689,17:34:03,baseline,2,0.0,7314,16126,45.4
1785432843.689,17:34:03,baseline,3,0.0,7314,16126,45.4
1785432843.689,17:34:03,baseline,4,0.0,7314,16126,45.4
1785432843.689,17:34:03,baseline,5,0.0,7314,16126,45.4
1785432843.689,17:34:03,baseline,6,0.0,7315,16126,45.4
1785432843.689,17:34:03,baseline,7,0.0,7314,16126,45.4
1785432844.689,17:34:04,baseline,0,0.0,7314,16126,45.4
1785432844.689,17:34:04,baseline,1,0.0,7314,16126,45.4
1785432844.689,17:34:04,baseline,2,0.0,7314,16126,45.4
1785432844.689,17:34:04,baseline,3,0.0,7314,16126,45.4
1785432844.689,17:34:04,baseline,4,0.0,7314,16126,45.4
1785432844.689,17:34:04,baseline,5,0.0,7314,16126,45.4
1785432844.689,17:34:04,baseline,6,0.0,7315,16126,45.4
1785432844.689,17:34:04,baseline,7,0.0,7314,16126,45.4
1785432845.689,17:34:05,baseline,0,0.0,7314,16126,45.4
1785432845.689,17:34:05,baseline,1,0.0,7314,16126,45.4
1785432845.689,17:34:05,baseline,2,0.0,7314,16126,45.4
1785432845.689,17:34:05,baseline,3,0.0,7314,16126,45.4
1785432845.689,17:34:05,baseline,4,0.0,7314,16126,45.4
1785432845.689,17:34:05,baseline,5,0.0,7314,16126,45.4
1785432845.689,17:34:05,baseline,6,0.0,7315,16126,45.4
1785432845.689,17:34:05,baseline,7,0.0,7314,16126,45.4
1785432846.689,17:34:06,baseline,0,0.0,7314,16126,45.4
1785432846.689,17:34:06,baseline,1,0.0,7314,16126,45.4
1785432846.689,17:34:06,baseline,2,0.0,7314,16126,45.4
1785432846.689,17:34:06,baseline,3,0.0,7314,16126,45.4
1785432846.689,17:34:06,baseline,4,0.0,7314,16126,45.4
1785432846.689,17:34:06,baseline,5,0.0,7314,16126,45.4
1785432846.689,17:34:06,baseline,6,0.0,7315,16126,45.4
1785432846.689,17:34:06,baseline,7,0.0,7314,16126,45.4
1785432847.69,17:34:07,baseline,0,0.0,7314,16126,45.4
1785432847.69,17:34:07,baseline,1,0.0,7314,16126,45.4
1785432847.69,17:34:07,baseline,2,0.0,7314,16126,45.4
1785432847.69,17:34:07,baseline,3,0.0,7314,16126,45.4
1785432847.69,17:34:07,baseline,4,0.0,7314,16126,45.4
1785432847.69,17:34:07,baseline,5,0.0,7314,16126,45.4
1785432847.69,17:34:07,baseline,6,0.0,7315,16126,45.4
1785432847.69,17:34:07,baseline,7,0.0,7314,16126,45.4
1785432848.69,17:34:08,baseline,0,0.0,7314,16126,45.4
1785432848.69,17:34:08,baseline,1,0.0,7314,16126,45.4
1785432848.69,17:34:08,baseline,2,0.0,7314,16126,45.4
1785432848.69,17:34:08,baseline,3,0.0,7314,16126,45.4
1785432848.69,17:34:08,baseline,4,0.0,7314,16126,45.4
1785432848.69,17:34:08,baseline,5,0.0,7314,16126,45.4
1785432848.69,17:34:08,baseline,6,0.0,7315,16126,45.4
1785432848.69,17:34:08,baseline,7,0.0,7314,16126,45.4
1785432849.69,17:34:09,baseline,0,0.0,7314,16126,45.4
1785432849.69,17:34:09,baseline,1,0.0,7314,16126,45.4
1785432849.69,17:34:09,baseline,2,0.0,7314,16126,45.4
1785432849.69,17:34:09,baseline,3,0.0,7314,16126,45.4
1785432849.69,17:34:09,baseline,4,0.0,7314,16126,45.4
1785432849.69,17:34:09,baseline,5,0.0,7314,16126,45.4
1785432849.69,17:34:09,baseline,6,0.0,7315,16126,45.4
1785432849.69,17:34:09,baseline,7,0.0,7314,16126,45.4
1785432850.69,17:34:10,baseline,0,0.0,7314,16126,45.4
1785432850.69,17:34:10,baseline,1,0.0,7314,16126,45.4
1785432850.69,17:34:10,baseline,2,0.0,7314,16126,45.4
1785432850.69,17:34:10,baseline,3,0.0,7314,16126,45.4
1785432850.69,17:34:10,baseline,4,0.0,7314,16126,45.4
1785432850.69,17:34:10,baseline,5,0.0,7314,16126,45.4
1785432850.69,17:34:10,baseline,6,0.0,7315,16126,45.4
1785432850.69,17:34:10,baseline,7,0.0,7314,16126,45.4
1785432851.69,17:34:11,baseline,0,0.0,7314,16126,45.4
1785432851.69,17:34:11,baseline,1,0.0,7314,16126,45.4
1785432851.69,17:34:11,baseline,2,0.0,7314,16126,45.4
1785432851.69,17:34:11,baseline,3,0.0,7314,16126,45.4
1785432851.69,17:34:11,baseline,4,0.0,7314,16126,45.4
1785432851.69,17:34:11,baseline,5,0.0,7314,16126,45.4
1785432851.69,17:34:11,baseline,6,0.0,7315,16126,45.4
1785432851.69,17:34:11,baseline,7,0.0,7314,16126,45.4
1785432852.69,17:34:12,baseline,0,0.0,7314,16126,45.4
1785432852.69,17:34:12,baseline,1,0.0,7314,16126,45.4
1785432852.69,17:34:12,baseline,2,0.0,7314,16126,45.4
1785432852.69,17:34:12,baseline,3,0.0,7314,16126,45.4
1785432852.69,17:34:12,baseline,4,0.0,7314,16126,45.4
1785432852.69,17:34:12,baseline,5,0.0,7314,16126,45.4
1785432852.69,17:34:12,baseline,6,0.0,7315,16126,45.4
1785432852.69,17:34:12,baseline,7,0.0,7314,16126,45.4
1785432853.69,17:34:13,baseline,0,0.0,7314,16126,45.4
1785432853.69,17:34:13,baseline,1,0.0,7314,16126,45.4
1785432853.69,17:34:13,baseline,2,0.0,7314,16126,45.4
1785432853.69,17:34:13,baseline,3,0.0,7314,16126,45.4
1785432853.69,17:34:13,baseline,4,0.0,7314,16126,45.4
1785432853.69,17:34:13,baseline,5,0.0,7314,16126,45.4
1785432853.69,17:34:13,baseline,6,0.0,7315,16126,45.4
1785432853.69,17:34:13,baseline,7,0.0,7314,16126,45.4
1785432854.691,17:34:14,baseline,0,0.0,7314,16126,45.4
1785432854.691,17:34:14,baseline,1,0.0,7314,16126,45.4
1785432854.691,17:34:14,baseline,2,0.0,7314,16126,45.4
1785432854.691,17:34:14,baseline,3,0.0,7314,16126,45.4
1785432854.691,17:34:14,baseline,4,0.0,7314,16126,45.4
1785432854.691,17:34:14,baseline,5,0.0,7314,16126,45.4
1785432854.691,17:34:14,baseline,6,0.0,7315,16126,45.4
1785432854.691,17:34:14,baseline,7,0.0,7314,16126,45.4
1785432855.691,17:34:15,baseline,0,0.0,7314,16126,45.4
1785432855.691,17:34:15,baseline,1,0.0,7314,16126,45.4
1785432855.691,17:34:15,baseline,2,0.0,7314,16126,45.4
1785432855.691,17:34:15,baseline,3,0.0,7314,16126,45.4
1785432855.691,17:34:15,baseline,4,0.0,7314,16126,45.4
1785432855.691,17:34:15,baseline,5,0.0,7314,16126,45.4
1785432855.691,17:34:15,baseline,6,0.0,7315,16126,45.4
1785432855.691,17:34:15,baseline,7,0.0,7314,16126,45.4
1785432856.691,17:34:16,baseline,0,0.0,7314,16126,45.4
1785432856.691,17:34:16,baseline,1,0.0,7314,16126,45.4
1785432856.691,17:34:16,baseline,2,0.0,7314,16126,45.4
1785432856.691,17:34:16,baseline,3,0.0,7314,16126,45.4
1785432856.691,17:34:16,baseline,4,0.0,7314,16126,45.4
1785432856.691,17:34:16,baseline,5,0.0,7314,16126,45.4
1785432856.691,17:34:16,baseline,6,0.0,7315,16126,45.4
1785432856.691,17:34:16,baseline,7,0.0,7314,16126,45.4
1785432857.691,17:34:17,baseline,0,0.0,7314,16126,45.4
1785432857.691,17:34:17,baseline,1,0.0,7314,16126,45.4
1785432857.691,17:34:17,baseline,2,0.0,7314,16126,45.4
1785432857.691,17:34:17,baseline,3,0.0,7314,16126,45.4
1785432857.691,17:34:17,baseline,4,0.0,7314,16126,45.4
1785432857.691,17:34:17,baseline,5,0.0,7314,16126,45.4
1785432857.691,17:34:17,baseline,6,0.0,7315,16126,45.4
1785432857.691,17:34:17,baseline,7,0.0,7314,16126,45.4
1785432858.691,17:34:18,baseline,0,0.0,7314,16126,45.4
1785432858.691,17:34:18,baseline,1,0.0,7314,16126,45.4
1785432858.691,17:34:18,baseline,2,0.0,7314,16126,45.4
1785432858.691,17:34:18,baseline,3,0.0,7314,16126,45.4
1785432858.691,17:34:18,baseline,4,0.0,7314,16126,45.4
1785432858.691,17:34:18,baseline,5,0.0,7314,16126,45.4
1785432858.691,17:34:18,baseline,6,0.0,7315,16126,45.4
1785432858.691,17:34:18,baseline,7,0.0,7314,16126,45.4
1785432859.691,17:34:19,baseline,0,0.0,7314,16126,45.4
1785432859.691,17:34:19,baseline,1,0.0,7314,16126,45.4
1785432859.691,17:34:19,baseline,2,0.0,7314,16126,45.4
1785432859.691,17:34:19,baseline,3,0.0,7314,16126,45.4
1785432859.691,17:34:19,baseline,4,0.0,7314,16126,45.4
1785432859.691,17:34:19,baseline,5,0.0,7314,16126,45.4
1785432859.691,17:34:19,baseline,6,0.0,7315,16126,45.4
1785432859.691,17:34:19,baseline,7,0.0,7314,16126,45.4
1785432860.691,17:34:20,baseline,0,0.0,7314,16126,45.4
1785432860.691,17:34:20,baseline,1,0.0,7314,16126,45.4
1785432860.691,17:34:20,baseline,2,0.0,7314,16126,45.4
1785432860.691,17:34:20,baseline,3,0.0,7314,16126,45.4
1785432860.691,17:34:20,baseline,4,0.0,7314,16126,45.4
1785432860.691,17:34:20,baseline,5,0.0,7314,16126,45.4
1785432860.691,17:34:20,baseline,6,0.0,7315,16126,45.4
1785432860.691,17:34:20,baseline,7,0.0,7314,16126,45.4
1785432861.691,17:34:21,baseline,0,0.0,7314,16126,45.4
1785432861.691,17:34:21,baseline,1,0.0,7314,16126,45.4
1785432861.691,17:34:21,baseline,2,0.0,7314,16126,45.4
1785432861.691,17:34:21,baseline,3,0.0,7314,16126,45.4
1785432861.691,17:34:21,baseline,4,0.0,7314,16126,45.4
1785432861.691,17:34:21,baseline,5,0.0,7314,16126,45.4
1785432861.691,17:34:21,baseline,6,0.0,7315,16126,45.4
1785432861.691,17:34:21,baseline,7,0.0,7314,16126,45.4
1785432862.692,17:34:22,baseline,0,0.0,7314,16126,45.4
1785432862.692,17:34:22,baseline,1,0.0,7314,16126,45.4
1785432862.692,17:34:22,baseline,2,0.0,7314,16126,45.4
1785432862.692,17:34:22,baseline,3,0.0,7314,16126,45.4
1785432862.692,17:34:22,baseline,4,0.0,7314,16126,45.4
1785432862.692,17:34:22,baseline,5,0.0,7314,16126,45.4
1785432862.692,17:34:22,baseline,6,0.0,7315,16126,45.4
1785432862.692,17:34:22,baseline,7,0.0,7314,16126,45.4
1785432863.692,17:34:23,baseline,0,0.0,7314,16126,45.4
1785432863.692,17:34:23,baseline,1,0.0,7314,16126,45.4
1785432863.692,17:34:23,baseline,2,0.0,7314,16126,45.4
1785432863.692,17:34:23,baseline,3,0.0,7314,16126,45.4
1785432863.692,17:34:23,baseline,4,0.0,7314,16126,45.4
1785432863.692,17:34:23,baseline,5,0.0,7314,16126,45.4
1785432863.692,17:34:23,baseline,6,0.0,7315,16126,45.4
1785432863.692,17:34:23,baseline,7,0.0,7314,16126,45.4
1785432864.692,17:34:24,baseline,0,0.0,7314,16126,45.4
1785432864.692,17:34:24,baseline,1,0.0,7314,16126,45.4
1785432864.692,17:34:24,baseline,2,0.0,7314,16126,45.4
1785432864.692,17:34:24,baseline,3,0.0,7314,16126,45.4
1785432864.692,17:34:24,baseline,4,0.0,7314,16126,45.4
1785432864.692,17:34:24,baseline,5,0.0,7314,16126,45.4
1785432864.692,17:34:24,baseline,6,0.0,7315,16126,45.4
1785432864.692,17:34:24,baseline,7,0.0,7314,16126,45.4
1785432865.692,17:34:25,baseline,0,0.0,7314,16126,45.4
1785432865.692,17:34:25,baseline,1,0.0,7314,16126,45.4
1785432865.692,17:34:25,baseline,2,0.0,7314,16126,45.4
1785432865.692,17:34:25,baseline,3,0.0,7314,16126,45.4
1785432865.692,17:34:25,baseline,4,0.0,7314,16126,45.4
1785432865.692,17:34:25,baseline,5,0.0,7314,16126,45.4
1785432865.692,17:34:25,baseline,6,0.0,7315,16126,45.4
1785432865.692,17:34:25,baseline,7,0.0,7314,16126,45.4
1785432866.692,17:34:26,baseline,0,0.0,7314,16126,45.4
1785432866.692,17:34:26,baseline,1,0.0,7314,16126,45.4
1785432866.692,17:34:26,baseline,2,0.0,7314,16126,45.4
1785432866.692,17:34:26,baseline,3,0.0,7314,16126,45.4
1785432866.692,17:34:26,baseline,4,0.0,7314,16126,45.4
1785432866.692,17:34:26,baseline,5,0.0,7314,16126,45.4
1785432866.692,17:34:26,baseline,6,0.0,7315,16126,45.4
1785432866.692,17:34:26,baseline,7,0.0,7314,16126,45.4
1785432867.692,17:34:27,baseline,0,0.0,7314,16126,45.4
1785432867.692,17:34:27,baseline,1,0.0,7314,16126,45.4
1785432867.692,17:34:27,baseline,2,0.0,7314,16126,45.4
1785432867.692,17:34:27,baseline,3,0.0,7314,16126,45.4
1785432867.692,17:34:27,baseline,4,0.0,7314,16126,45.4
1785432867.692,17:34:27,baseline,5,0.0,7314,16126,45.4
1785432867.692,17:34:27,baseline,6,0.0,7315,16126,45.4
1785432867.692,17:34:27,baseline,7,0.0,7314,16126,45.4
1785432868.692,17:34:28,baseline,0,0.0,7314,16126,45.4
1785432868.692,17:34:28,baseline,1,0.0,7314,16126,45.4
1785432868.692,17:34:28,baseline,2,0.0,7314,16126,45.4
1785432868.692,17:34:28,baseline,3,0.0,7314,16126,45.4
1785432868.692,17:34:28,baseline,4,0.0,7314,16126,45.4
1785432868.692,17:34:28,baseline,5,0.0,7314,16126,45.4
1785432868.692,17:34:28,baseline,6,0.0,7315,16126,45.4
1785432868.692,17:34:28,baseline,7,0.0,7314,16126,45.4
1785432869.693,17:34:29,baseline,0,0.0,7314,16126,45.4
1785432869.693,17:34:29,baseline,1,0.0,7314,16126,45.4
1785432869.693,17:34:29,baseline,2,0.0,7314,16126,45.4
1785432869.693,17:34:29,baseline,3,0.0,7314,16126,45.4
1785432869.693,17:34:29,baseline,4,0.0,7314,16126,45.4
1785432869.693,17:34:29,baseline,5,0.0,7314,16126,45.4
1785432869.693,17:34:29,baseline,6,0.0,7315,16126,45.4
1785432869.693,17:34:29,baseline,7,0.0,7314,16126,45.4
1785432870.693,17:34:30,baseline,0,0.0,7314,16126,45.4
1785432870.693,17:34:30,baseline,1,0.0,7314,16126,45.4
1785432870.693,17:34:30,baseline,2,0.0,7314,16126,45.4
1785432870.693,17:34:30,baseline,3,0.0,7314,16126,45.4
1785432870.693,17:34:30,baseline,4,0.0,7314,16126,45.4
1785432870.693,17:34:30,baseline,5,0.0,7314,16126,45.4
1785432870.693,17:34:30,baseline,6,0.0,7315,16126,45.4
1785432870.693,17:34:30,baseline,7,0.0,7314,16126,45.4
1785432871.693,17:34:31,baseline,0,0.0,7314,16126,45.4
1785432871.693,17:34:31,baseline,1,0.0,7314,16126,45.4
1785432871.693,17:34:31,baseline,2,0.0,7314,16126,45.4
1785432871.693,17:34:31,baseline,3,0.0,7314,16126,45.4
1785432871.693,17:34:31,baseline,4,0.0,7314,16126,45.4
1785432871.693,17:34:31,baseline,5,0.0,7314,16126,45.4
1785432871.693,17:34:31,baseline,6,0.0,7315,16126,45.4
1785432871.693,17:34:31,baseline,7,0.0,7314,16126,45.4
1785432872.693,17:34:32,baseline,0,0.0,7314,16126,45.4
1785432872.693,17:34:32,baseline,1,0.0,7314,16126,45.4
1785432872.693,17:34:32,baseline,2,0.0,7314,16126,45.4
1785432872.693,17:34:32,baseline,3,0.0,7314,16126,45.4
1785432872.693,17:34:32,baseline,4,0.0,7314,16126,45.4
1785432872.693,17:34:32,baseline,5,0.0,7314,16126,45.4
1785432872.693,17:34:32,baseline,6,0.0,7315,16126,45.4
1785432872.693,17:34:32,baseline,7,0.0,7314,16126,45.4
1785432873.693,17:34:33,baseline,0,0.0,7314,16126,45.4
1785432873.693,17:34:33,baseline,1,0.0,7314,16126,45.4
1785432873.693,17:34:33,baseline,2,0.0,7314,16126,45.4
1785432873.693,17:34:33,baseline,3,0.0,7314,16126,45.4
1785432873.693,17:34:33,baseline,4,0.0,7314,16126,45.4
1785432873.693,17:34:33,baseline,5,0.0,7314,16126,45.4
1785432873.693,17:34:33,baseline,6,0.0,7315,16126,45.4
1785432873.693,17:34:33,baseline,7,0.0,7314,16126,45.4
1785432874.693,17:34:34,baseline,0,0.0,7314,16126,45.4
1785432874.693,17:34:34,baseline,1,0.0,7314,16126,45.4
1785432874.693,17:34:34,baseline,2,0.0,7314,16126,45.4
1785432874.693,17:34:34,baseline,3,0.0,7314,16126,45.4
1785432874.693,17:34:34,baseline,4,0.0,7314,16126,45.4
1785432874.693,17:34:34,baseline,5,0.0,7314,16126,45.4
1785432874.693,17:34:34,baseline,6,0.0,7315,16126,45.4
1785432874.693,17:34:34,baseline,7,0.0,7314,16126,45.4
1785432875.693,17:34:35,baseline,0,0.0,7314,16126,45.4
1785432875.693,17:34:35,baseline,1,0.0,7314,16126,45.4
1785432875.693,17:34:35,baseline,2,0.0,7314,16126,45.4
1785432875.693,17:34:35,baseline,3,0.0,7314,16126,45.4
1785432875.693,17:34:35,baseline,4,0.0,7314,16126,45.4
1785432875.693,17:34:35,baseline,5,0.0,7314,16126,45.4
1785432875.693,17:34:35,baseline,6,0.0,7315,16126,45.4
1785432875.693,17:34:35,baseline,7,0.0,7314,16126,45.4
1785432876.693,17:34:36,baseline,0,0.0,7314,16126,45.4
1785432876.693,17:34:36,baseline,1,0.0,7314,16126,45.4
1785432876.693,17:34:36,baseline,2,0.0,7314,16126,45.4
1785432876.693,17:34:36,baseline,3,0.0,7314,16126,45.4
1785432876.693,17:34:36,baseline,4,0.0,7314,16126,45.4
1785432876.693,17:34:36,baseline,5,0.0,7314,16126,45.4
1785432876.693,17:34:36,baseline,6,0.0,7315,16126,45.4
1785432876.693,17:34:36,baseline,7,0.0,7314,16126,45.4
1785432877.694,17:34:37,baseline,0,0.0,7314,16126,45.4
1785432877.694,17:34:37,baseline,1,0.0,7314,16126,45.4
1785432877.694,17:34:37,baseline,2,0.0,7314,16126,45.4
1785432877.694,17:34:37,baseline,3,0.0,7314,16126,45.4
1785432877.694,17:34:37,baseline,4,0.0,7314,16126,45.4
1785432877.694,17:34:37,baseline,5,0.0,7314,16126,45.4
1785432877.694,17:34:37,baseline,6,0.0,7315,16126,45.4
1785432877.694,17:34:37,baseline,7,0.0,7314,16126,45.4
1785432878.694,17:34:38,baseline,0,0.0,7314,16126,45.4
1785432878.694,17:34:38,baseline,1,0.0,7314,16126,45.4
1785432878.694,17:34:38,baseline,2,0.0,7314,16126,45.4
1785432878.694,17:34:38,baseline,3,0.0,7314,16126,45.4
1785432878.694,17:34:38,baseline,4,0.0,7314,16126,45.4
1785432878.694,17:34:38,baseline,5,0.0,7314,16126,45.4
1785432878.694,17:34:38,baseline,6,0.0,7315,16126,45.4
1785432878.694,17:34:38,baseline,7,0.0,7314,16126,45.4
1785432879.694,17:34:39,baseline,0,0.0,7314,16126,45.4
1785432879.694,17:34:39,baseline,1,0.0,7314,16126,45.4
1785432879.694,17:34:39,baseline,2,0.0,7314,16126,45.4
1785432879.694,17:34:39,baseline,3,0.0,7314,16126,45.4
1785432879.694,17:34:39,baseline,4,0.0,7314,16126,45.4
1785432879.694,17:34:39,baseline,5,0.0,7314,16126,45.4
1785432879.694,17:34:39,baseline,6,0.0,7315,16126,45.4
1785432879.694,17:34:39,baseline,7,0.0,7314,16126,45.4
1785432880.694,17:34:40,baseline,0,0.0,7314,16126,45.4
1785432880.694,17:34:40,baseline,1,0.0,7314,16126,45.4
1785432880.694,17:34:40,baseline,2,0.0,7314,16126,45.4
1785432880.694,17:34:40,baseline,3,0.0,7314,16126,45.4
1785432880.694,17:34:40,baseline,4,0.0,7314,16126,45.4
1785432880.694,17:34:40,baseline,5,0.0,7314,16126,45.4
1785432880.694,17:34:40,baseline,6,0.0,7315,16126,45.4
1785432880.694,17:34:40,baseline,7,0.0,7314,16126,45.4
1785432881.694,17:34:41,baseline,0,0.0,7314,16126,45.4
1785432881.694,17:34:41,baseline,1,0.0,7314,16126,45.4
1785432881.694,17:34:41,baseline,2,0.0,7314,16126,45.4
1785432881.694,17:34:41,baseline,3,0.0,7314,16126,45.4
1785432881.694,17:34:41,baseline,4,0.0,7314,16126,45.4
1785432881.694,17:34:41,baseline,5,0.0,7314,16126,45.4
1785432881.694,17:34:41,baseline,6,0.0,7315,16126,45.4
1785432881.694,17:34:41,baseline,7,0.0,7314,16126,45.4
1785432882.694,17:34:42,baseline,0,0.0,7314,16126,45.4
1785432882.694,17:34:42,baseline,1,0.0,7314,16126,45.4
1785432882.694,17:34:42,baseline,2,0.0,7314,16126,45.4
1785432882.694,17:34:42,baseline,3,0.0,7314,16126,45.4
1785432882.694,17:34:42,baseline,4,0.0,7314,16126,45.4
1785432882.694,17:34:42,baseline,5,0.0,7314,16126,45.4
1785432882.694,17:34:42,baseline,6,0.0,7315,16126,45.4
1785432882.694,17:34:42,baseline,7,0.0,7314,16126,45.4
1785432883.694,17:34:43,baseline,0,0.0,7314,16126,45.4
1785432883.694,17:34:43,baseline,1,0.0,7314,16126,45.4
1785432883.694,17:34:43,baseline,2,0.0,7314,16126,45.4
1785432883.694,17:34:43,baseline,3,0.0,7314,16126,45.4
1785432883.694,17:34:43,baseline,4,0.0,7314,16126,45.4
1785432883.694,17:34:43,baseline,5,0.0,7314,16126,45.4
1785432883.694,17:34:43,baseline,6,0.0,7315,16126,45.4
1785432883.694,17:34:43,baseline,7,0.0,7314,16126,45.4
1785432884.694,17:34:44,baseline,0,0.0,7314,16126,45.4
1785432884.694,17:34:44,baseline,1,0.0,7314,16126,45.4
1785432884.694,17:34:44,baseline,2,0.0,7314,16126,45.4
1785432884.694,17:34:44,baseline,3,0.0,7314,16126,45.4
1785432884.694,17:34:44,baseline,4,0.0,7314,16126,45.4
1785432884.694,17:34:44,baseline,5,0.0,7314,16126,45.4
1785432884.694,17:34:44,baseline,6,0.0,7315,16126,45.4
1785432884.694,17:34:44,baseline,7,0.0,7314,16126,45.4
1785432885.694,17:34:45,baseline,0,0.0,7314,16126,45.4
1785432885.694,17:34:45,baseline,1,0.0,7314,16126,45.4
1785432885.694,17:34:45,baseline,2,0.0,7314,16126,45.4
1785432885.694,17:34:45,baseline,3,0.0,7314,16126,45.4
1785432885.694,17:34:45,baseline,4,0.0,7314,16126,45.4
1785432885.694,17:34:45,baseline,5,0.0,7314,16126,45.4
1785432885.694,17:34:45,baseline,6,0.0,7315,16126,45.4
1785432885.694,17:34:45,baseline,7,0.0,7314,16126,45.4
1785432886.695,17:34:46,baseline,0,0.0,7314,16126,45.4
1785432886.695,17:34:46,baseline,1,0.0,7314,16126,45.4
1785432886.695,17:34:46,baseline,2,0.0,7314,16126,45.4
1785432886.695,17:34:46,baseline,3,0.0,7314,16126,45.4
1785432886.695,17:34:46,baseline,4,0.0,7314,16126,45.4
1785432886.695,17:34:46,baseline,5,0.0,7314,16126,45.4
1785432886.695,17:34:46,baseline,6,0.0,7315,16126,45.4
1785432886.695,17:34:46,baseline,7,0.0,7314,16126,45.4
1785432887.695,17:34:47,baseline,0,0.0,7314,16126,45.4
1785432887.695,17:34:47,baseline,1,0.0,7314,16126,45.4
1785432887.695,17:34:47,baseline,2,0.0,7314,16126,45.4
1785432887.695,17:34:47,baseline,3,0.0,7314,16126,45.4
1785432887.695,17:34:47,baseline,4,0.0,7314,16126,45.4
1785432887.695,17:34:47,baseline,5,0.0,7314,16126,45.4
1785432887.695,17:34:47,baseline,6,0.0,7315,16126,45.4
1785432887.695,17:34:47,baseline,7,0.0,7314,16126,45.4
1785432888.695,17:34:48,baseline,0,0.0,7314,16126,45.4
1785432888.695,17:34:48,baseline,1,0.0,7314,16126,45.4
1785432888.695,17:34:48,baseline,2,0.0,7314,16126,45.4
1785432888.695,17:34:48,baseline,3,0.0,7314,16126,45.4
1785432888.695,17:34:48,baseline,4,0.0,7314,16126,45.4
1785432888.695,17:34:48,baseline,5,0.0,7314,16126,45.4
1785432888.695,17:34:48,baseline,6,0.0,7315,16126,45.4
1785432888.695,17:34:48,baseline,7,0.0,7314,16126,45.4
1785432889.695,17:34:49,baseline,0,0.0,7314,16126,45.4
1785432889.695,17:34:49,baseline,1,0.0,7314,16126,45.4
1785432889.695,17:34:49,baseline,2,0.0,7314,16126,45.4
1785432889.695,17:34:49,baseline,3,0.0,7314,16126,45.4
1785432889.695,17:34:49,baseline,4,0.0,7314,16126,45.4
1785432889.695,17:34:49,baseline,5,0.0,7314,16126,45.4
1785432889.695,17:34:49,baseline,6,0.0,7315,16126,45.4
1785432889.695,17:34:49,baseline,7,0.0,7314,16126,45.4
1785432890.695,17:34:50,baseline,0,0.0,7314,16126,45.4
1785432890.695,17:34:50,baseline,1,0.0,7314,16126,45.4
1785432890.695,17:34:50,baseline,2,0.0,7314,16126,45.4
1785432890.695,17:34:50,baseline,3,0.0,7314,16126,45.4
1785432890.695,17:34:50,baseline,4,0.0,7314,16126,45.4
1785432890.695,17:34:50,baseline,5,0.0,7314,16126,45.4
1785432890.695,17:34:50,baseline,6,0.0,7315,16126,45.4
1785432890.695,17:34:50,baseline,7,0.0,7314,16126,45.4
1785432891.695,17:34:51,baseline,0,0.0,7314,16126,45.4
1785432891.695,17:34:51,baseline,1,0.0,7314,16126,45.4
1785432891.695,17:34:51,baseline,2,0.0,7314,16126,45.4
1785432891.695,17:34:51,baseline,3,0.0,7314,16126,45.4
1785432891.695,17:34:51,baseline,4,0.0,7314,16126,45.4
1785432891.695,17:34:51,baseline,5,0.0,7314,16126,45.4
1785432891.695,17:34:51,baseline,6,0.0,7315,16126,45.4
1785432891.695,17:34:51,baseline,7,0.0,7314,16126,45.4
1785432892.695,17:34:52,baseline,0,0.0,7314,16126,45.4
1785432892.695,17:34:52,baseline,1,0.0,7314,16126,45.4
1785432892.695,17:34:52,baseline,2,0.0,7314,16126,45.4
1785432892.695,17:34:52,baseline,3,0.0,7314,16126,45.4
1785432892.695,17:34:52,baseline,4,0.0,7314,16126,45.4
1785432892.695,17:34:52,baseline,5,0.0,7314,16126,45.4
1785432892.695,17:34:52,baseline,6,0.0,7315,16126,45.4
1785432892.695,17:34:52,baseline,7,0.0,7314,16126,45.4
1785432893.696,17:34:53,baseline,0,0.0,7314,16126,45.4
1785432893.696,17:34:53,baseline,1,0.0,7314,16126,45.4
1785432893.696,17:34:53,baseline,2,0.0,7314,16126,45.4
1785432893.696,17:34:53,baseline,3,0.0,7314,16126,45.4
1785432893.696,17:34:53,baseline,4,0.0,7314,16126,45.4
1785432893.696,17:34:53,baseline,5,0.0,7314,16126,45.4
1785432893.696,17:34:53,baseline,6,0.0,7315,16126,45.4
1785432893.696,17:34:53,baseline,7,0.0,7314,16126,45.4
1785432894.696,17:34:54,baseline,0,0.0,7314,16126,45.4
1785432894.696,17:34:54,baseline,1,0.0,7314,16126,45.4
1785432894.696,17:34:54,baseline,2,0.0,7314,16126,45.4
1785432894.696,17:34:54,baseline,3,0.0,7314,16126,45.4
1785432894.696,17:34:54,baseline,4,0.0,7314,16126,45.4
1785432894.696,17:34:54,baseline,5,0.0,7314,16126,45.4
1785432894.696,17:34:54,baseline,6,0.0,7315,16126,45.4
1785432894.696,17:34:54,baseline,7,0.0,7314,16126,45.4
1785432895.696,17:34:55,baseline,0,0.0,7314,16126,45.4
1785432895.696,17:34:55,baseline,1,0.0,7314,16126,45.4
1785432895.696,17:34:55,baseline,2,0.0,7314,16126,45.4
1785432895.696,17:34:55,baseline,3,0.0,7314,16126,45.4
1785432895.696,17:34:55,baseline,4,0.0,7314,16126,45.4
1785432895.696,17:34:55,baseline,5,0.0,7314,16126,45.4
1785432895.696,17:34:55,baseline,6,0.0,7315,16126,45.4
1785432895.696,17:34:55,baseline,7,0.0,7314,16126,45.4
1785432896.696,17:34:56,baseline,0,0.0,7314,16126,45.4
1785432896.696,17:34:56,baseline,1,0.0,7314,16126,45.4
1785432896.696,17:34:56,baseline,2,0.0,7314,16126,45.4
1785432896.696,17:34:56,baseline,3,0.0,7314,16126,45.4
1785432896.696,17:34:56,baseline,4,0.0,7314,16126,45.4
1785432896.696,17:34:56,baseline,5,0.0,7314,16126,45.4
1785432896.696,17:34:56,baseline,6,0.0,7315,16126,45.4
1785432896.696,17:34:56,baseline,7,0.0,7314,16126,45.4
1785432897.696,17:34:57,baseline,0,0.0,7314,16126,45.4
1785432897.696,17:34:57,baseline,1,0.0,7314,16126,45.4
1785432897.696,17:34:57,baseline,2,0.0,7314,16126,45.4
1785432897.696,17:34:57,baseline,3,0.0,7314,16126,45.4
1785432897.696,17:34:57,baseline,4,0.0,7314,16126,45.4
1785432897.696,17:34:57,baseline,5,0.0,7314,16126,45.4
1785432897.696,17:34:57,baseline,6,0.0,7315,16126,45.4
1785432897.696,17:34:57,baseline,7,0.0,7314,16126,45.4
1785432898.696,17:34:58,baseline,0,0.0,7314,16126,45.4
1785432898.696,17:34:58,baseline,1,0.0,7314,16126,45.4
1785432898.696,17:34:58,baseline,2,0.0,7314,16126,45.4
1785432898.696,17:34:58,baseline,3,0.0,7314,16126,45.4
1785432898.696,17:34:58,baseline,4,0.0,7314,16126,45.4
1785432898.696,17:34:58,baseline,5,0.0,7314,16126,45.4
1785432898.696,17:34:58,baseline,6,0.0,7315,16126,45.4
1785432898.696,17:34:58,baseline,7,0.0,7314,16126,45.4
1785432899.697,17:34:59,baseline,0,0.0,7314,16126,45.4
1785432899.697,17:34:59,baseline,1,0.0,7314,16126,45.4
1785432899.697,17:34:59,baseline,2,0.0,7314,16126,45.4
1785432899.697,17:34:59,baseline,3,0.0,7314,16126,45.4
1785432899.697,17:34:59,baseline,4,0.0,7314,16126,45.4
1785432899.697,17:34:59,baseline,5,0.0,7314,16126,45.4
1785432899.697,17:34:59,baseline,6,0.0,7315,16126,45.4
1785432899.697,17:34:59,baseline,7,0.0,7314,16126,45.4
1785432900.697,17:35:00,baseline,0,0.0,7314,16126,45.4
1785432900.697,17:35:00,baseline,1,0.0,7314,16126,45.4
1785432900.697,17:35:00,baseline,2,0.0,7314,16126,45.4
1785432900.697,17:35:00,baseline,3,0.0,7314,16126,45.4
1785432900.697,17:35:00,baseline,4,0.0,7314,16126,45.4
1785432900.697,17:35:00,baseline,5,0.0,7314,16126,45.4
1785432900.697,17:35:00,baseline,6,0.0,7315,16126,45.4
1785432900.697,17:35:00,baseline,7,0.0,7314,16126,45.4
1785432901.697,17:35:01,baseline,0,0.0,7314,16126,45.4
1785432901.697,17:35:01,baseline,1,0.0,7314,16126,45.4
1785432901.697,17:35:01,baseline,2,0.0,7314,16126,45.4
1785432901.697,17:35:01,baseline,3,0.0,7314,16126,45.4
1785432901.697,17:35:01,baseline,4,0.0,7314,16126,45.4
1785432901.697,17:35:01,baseline,5,0.0,7314,16126,45.4
1785432901.697,17:35:01,baseline,6,0.0,7315,16126,45.4
1785432901.697,17:35:01,baseline,7,0.0,7314,16126,45.4
1785432902.697,17:35:02,baseline,0,0.0,7314,16126,45.4
1785432902.697,17:35:02,baseline,1,0.0,7314,16126,45.4
1785432902.697,17:35:02,baseline,2,0.0,7314,16126,45.4
1785432902.697,17:35:02,baseline,3,0.0,7314,16126,45.4
1785432902.697,17:35:02,baseline,4,0.0,7314,16126,45.4
1785432902.697,17:35:02,baseline,5,0.0,7314,16126,45.4
1785432902.697,17:35:02,baseline,6,0.0,7315,16126,45.4
1785432902.697,17:35:02,baseline,7,0.0,7314,16126,45.4
1785432903.697,17:35:03,baseline,0,0.0,7314,16126,45.4
1785432903.697,17:35:03,baseline,1,0.0,7314,16126,45.4
1785432903.697,17:35:03,baseline,2,0.0,7314,16126,45.4
1785432903.697,17:35:03,baseline,3,0.0,7314,16126,45.4
1785432903.697,17:35:03,baseline,4,0.0,7314,16126,45.4
1785432903.697,17:35:03,baseline,5,0.0,7314,16126,45.4
1785432903.697,17:35:03,baseline,6,0.0,7315,16126,45.4
1785432903.697,17:35:03,baseline,7,0.0,7314,16126,45.4
1785432904.697,17:35:04,baseline,0,0.0,7314,16126,45.4
1785432904.697,17:35:04,baseline,1,0.0,7314,16126,45.4
1785432904.697,17:35:04,baseline,2,0.0,7314,16126,45.4
1785432904.697,17:35:04,baseline,3,0.0,7314,16126,45.4
1785432904.697,17:35:04,baseline,4,0.0,7314,16126,45.4
1785432904.697,17:35:04,baseline,5,0.0,7314,16126,45.4
1785432904.697,17:35:04,baseline,6,0.0,7315,16126,45.4
1785432904.697,17:35:04,baseline,7,0.0,7314,16126,45.4
1785432905.697,17:35:05,baseline,0,0.0,7314,16126,45.4
1785432905.697,17:35:05,baseline,1,0.0,7314,16126,45.4
1785432905.697,17:35:05,baseline,2,0.0,7314,16126,45.4
1785432905.697,17:35:05,baseline,3,0.0,7314,16126,45.4
1785432905.697,17:35:05,baseline,4,0.0,7314,16126,45.4
1785432905.697,17:35:05,baseline,5,0.0,7314,16126,45.4
1785432905.697,17:35:05,baseline,6,0.0,7315,16126,45.4
1785432905.697,17:35:05,baseline,7,0.0,7314,16126,45.4
1785432906.697,17:35:06,baseline,0,0.0,7314,16126,45.4
1785432906.697,17:35:06,baseline,1,0.0,7314,16126,45.4
1785432906.697,17:35:06,baseline,2,0.0,7314,16126,45.4
1785432906.697,17:35:06,baseline,3,0.0,7314,16126,45.4
1785432906.697,17:35:06,baseline,4,0.0,7314,16126,45.4
1785432906.697,17:35:06,baseline,5,0.0,7314,16126,45.4
1785432906.697,17:35:06,baseline,6,0.0,7315,16126,45.4
1785432906.697,17:35:06,baseline,7,0.0,7314,16126,45.4
1785432907.698,17:35:07,baseline,0,0.0,7314,16126,45.4
1785432907.698,17:35:07,baseline,1,0.0,7314,16126,45.4
1785432907.698,17:35:07,baseline,2,0.0,7314,16126,45.4
1785432907.698,17:35:07,baseline,3,0.0,7314,16126,45.4
1785432907.698,17:35:07,baseline,4,0.0,7314,16126,45.4
1785432907.698,17:35:07,baseline,5,0.0,7314,16126,45.4
1785432907.698,17:35:07,baseline,6,0.0,7315,16126,45.4
1785432907.698,17:35:07,baseline,7,0.0,7314,16126,45.4
1785432908.698,17:35:08,baseline,0,0.0,7314,16126,45.4
1785432908.698,17:35:08,baseline,1,0.0,7314,16126,45.4
1785432908.698,17:35:08,baseline,2,0.0,7314,16126,45.4
1785432908.698,17:35:08,baseline,3,0.0,7314,16126,45.4
1785432908.698,17:35:08,baseline,4,0.0,7314,16126,45.4
1785432908.698,17:35:08,baseline,5,0.0,7314,16126,45.4
1785432908.698,17:35:08,baseline,6,0.0,7315,16126,45.4
1785432908.698,17:35:08,baseline,7,0.0,7314,16126,45.4
1785432909.698,17:35:09,baseline,0,0.0,7314,16126,45.4
1785432909.698,17:35:09,baseline,1,0.0,7314,16126,45.4
1785432909.698,17:35:09,baseline,2,0.0,7314,16126,45.4
1785432909.698,17:35:09,baseline,3,0.0,7314,16126,45.4
1785432909.698,17:35:09,baseline,4,0.0,7314,16126,45.4
1785432909.698,17:35:09,baseline,5,0.0,7314,16126,45.4
1785432909.698,17:35:09,baseline,6,0.0,7315,16126,45.4
1785432909.698,17:35:09,baseline,7,0.0,7314,16126,45.4
1785432910.698,17:35:10,baseline,0,0.0,7314,16126,45.4
1785432910.698,17:35:10,baseline,1,0.0,7314,16126,45.4
1785432910.698,17:35:10,baseline,2,0.0,7314,16126,45.4
1785432910.698,17:35:10,baseline,3,0.0,7314,16126,45.4
1785432910.698,17:35:10,baseline,4,0.0,7314,16126,45.4
1785432910.698,17:35:10,baseline,5,0.0,7314,16126,45.4
1785432910.698,17:35:10,baseline,6,0.0,7315,16126,45.4
1785432910.698,17:35:10,baseline,7,0.0,7314,16126,45.4
1785432911.698,17:35:11,baseline,0,0.0,7314,16126,45.4
1785432911.698,17:35:11,baseline,1,0.0,7314,16126,45.4
1785432911.698,17:35:11,baseline,2,0.0,7314,16126,45.4
1785432911.698,17:35:11,baseline,3,0.0,7314,16126,45.4
1785432911.698,17:35:11,baseline,4,0.0,7314,16126,45.4
1785432911.698,17:35:11,baseline,5,0.0,7314,16126,45.4
1785432911.698,17:35:11,baseline,6,0.0,7315,16126,45.4
1785432911.698,17:35:11,baseline,7,0.0,7314,16126,45.4
1785432912.698,17:35:12,baseline,0,0.0,7314,16126,45.4
1785432912.698,17:35:12,baseline,1,0.0,7314,16126,45.4
1785432912.698,17:35:12,baseline,2,0.0,7314,16126,45.4
1785432912.698,17:35:12,baseline,3,0.0,7314,16126,45.4
1785432912.698,17:35:12,baseline,4,0.0,7314,16126,45.4
1785432912.698,17:35:12,baseline,5,0.0,7314,16126,45.4
1785432912.698,17:35:12,baseline,6,0.0,7315,16126,45.4
1785432912.698,17:35:12,baseline,7,0.0,7314,16126,45.4
1785432913.698,17:35:13,baseline,0,0.0,7314,16126,45.4
1785432913.698,17:35:13,baseline,1,0.0,7314,16126,45.4
1785432913.698,17:35:13,baseline,2,0.0,7314,16126,45.4
1785432913.698,17:35:13,baseline,3,0.0,7314,16126,45.4
1785432913.698,17:35:13,baseline,4,0.0,7314,16126,45.4
1785432913.698,17:35:13,baseline,5,0.0,7314,16126,45.4
1785432913.698,17:35:13,baseline,6,0.0,7315,16126,45.4
1785432913.698,17:35:13,baseline,7,0.0,7314,16126,45.4
1785432914.699,17:35:14,baseline,0,0.0,7314,16126,45.4
1785432914.699,17:35:14,baseline,1,0.0,7314,16126,45.4
1785432914.699,17:35:14,baseline,2,0.0,7314,16126,45.4
1785432914.699,17:35:14,baseline,3,0.0,7314,16126,45.4
1785432914.699,17:35:14,baseline,4,0.0,7314,16126,45.4
1785432914.699,17:35:14,baseline,5,0.0,7314,16126,45.4
1785432914.699,17:35:14,baseline,6,0.0,7315,16126,45.4
1785432914.699,17:35:14,baseline,7,0.0,7314,16126,45.4
1785432915.699,17:35:15,baseline,0,0.0,7314,16126,45.4
1785432915.699,17:35:15,baseline,1,0.0,7314,16126,45.4
1785432915.699,17:35:15,baseline,2,0.0,7314,16126,45.4
1785432915.699,17:35:15,baseline,3,0.0,7314,16126,45.4
1785432915.699,17:35:15,baseline,4,0.0,7314,16126,45.4
1785432915.699,17:35:15,baseline,5,0.0,7314,16126,45.4
1785432915.699,17:35:15,baseline,6,0.0,7315,16126,45.4
1785432915.699,17:35:15,baseline,7,0.0,7314,16126,45.4
1785432916.699,17:35:16,baseline,0,0.0,7314,16126,45.4
1785432916.699,17:35:16,baseline,1,0.0,7314,16126,45.4
1785432916.699,17:35:16,baseline,2,0.0,7314,16126,45.4
1785432916.699,17:35:16,baseline,3,0.0,7314,16126,45.4
1785432916.699,17:35:16,baseline,4,0.0,7314,16126,45.4
1785432916.699,17:35:16,baseline,5,0.0,7314,16126,45.4
1785432916.699,17:35:16,baseline,6,0.0,7315,16126,45.4
1785432916.699,17:35:16,baseline,7,0.0,7314,16126,45.4
1785432917.699,17:35:17,baseline,0,0.0,7314,16126,45.4
1785432917.699,17:35:17,baseline,1,0.0,7314,16126,45.4
1785432917.699,17:35:17,baseline,2,0.0,7314,16126,45.4
1785432917.699,17:35:17,baseline,3,0.0,7314,16126,45.4
1785432917.699,17:35:17,baseline,4,0.0,7314,16126,45.4
1785432917.699,17:35:17,baseline,5,0.0,7314,16126,45.4
1785432917.699,17:35:17,baseline,6,0.0,7315,16126,45.4
1785432917.699,17:35:17,baseline,7,0.0,7314,16126,45.4
1785432918.699,17:35:18,baseline,0,0.0,7314,16126,45.4
1785432918.699,17:35:18,baseline,1,0.0,7314,16126,45.4
1785432918.699,17:35:18,baseline,2,0.0,7314,16126,45.4
1785432918.699,17:35:18,baseline,3,0.0,7314,16126,45.4
1785432918.699,17:35:18,baseline,4,0.0,7314,16126,45.4
1785432918.699,17:35:18,baseline,5,0.0,7314,16126,45.4
1785432918.699,17:35:18,baseline,6,0.0,7315,16126,45.4
1785432918.699,17:35:18,baseline,7,0.0,7314,16126,45.4
1785432919.699,17:35:19,baseline,0,0.0,7314,16126,45.4
1785432919.699,17:35:19,baseline,1,0.0,7314,16126,45.4
1785432919.699,17:35:19,baseline,2,0.0,7314,16126,45.4
1785432919.699,17:35:19,baseline,3,0.0,7314,16126,45.4
1785432919.699,17:35:19,baseline,4,0.0,7314,16126,45.4
1785432919.699,17:35:19,baseline,5,0.0,7314,16126,45.4
1785432919.699,17:35:19,baseline,6,0.0,7315,16126,45.4
1785432919.699,17:35:19,baseline,7,0.0,7314,16126,45.4
1785432920.699,17:35:20,baseline,0,0.0,7314,16126,45.4
1785432920.699,17:35:20,baseline,1,0.0,7314,16126,45.4
1785432920.699,17:35:20,baseline,2,0.0,7314,16126,45.4
1785432920.699,17:35:20,baseline,3,0.0,7314,16126,45.4
1785432920.699,17:35:20,baseline,4,0.0,7314,16126,45.4
1785432920.699,17:35:20,baseline,5,0.0,7314,16126,45.4
1785432920.699,17:35:20,baseline,6,0.0,7315,16126,45.4
1785432920.699,17:35:20,baseline,7,0.0,7314,16126,45.4
1785432921.7,17:35:21,baseline,0,0.0,7314,16126,45.4
1785432921.7,17:35:21,baseline,1,0.0,7314,16126,45.4
1785432921.7,17:35:21,baseline,2,0.0,7314,16126,45.4
1785432921.7,17:35:21,baseline,3,0.0,7314,16126,45.4
1785432921.7,17:35:21,baseline,4,0.0,7314,16126,45.4
1785432921.7,17:35:21,baseline,5,0.0,7314,16126,45.4
1785432921.7,17:35:21,baseline,6,0.0,7315,16126,45.4
1785432921.7,17:35:21,baseline,7,0.0,7314,16126,45.4
1785432922.7,17:35:22,baseline,0,0.0,7314,16126,45.4
1785432922.7,17:35:22,baseline,1,0.0,7314,16126,45.4
1785432922.7,17:35:22,baseline,2,0.0,7314,16126,45.4
1785432922.7,17:35:22,baseline,3,0.0,7314,16126,45.4
1785432922.7,17:35:22,baseline,4,0.0,7314,16126,45.4
1785432922.7,17:35:22,baseline,5,0.0,7314,16126,45.4
1785432922.7,17:35:22,baseline,6,0.0,7315,16126,45.4
1785432922.7,17:35:22,baseline,7,0.0,7314,16126,45.4
1785432923.7,17:35:23,baseline,0,0.0,7314,16126,45.4
1785432923.7,17:35:23,baseline,1,0.0,7314,16126,45.4
1785432923.7,17:35:23,baseline,2,0.0,7314,16126,45.4
1785432923.7,17:35:23,baseline,3,0.0,7314,16126,45.4
1785432923.7,17:35:23,baseline,4,0.0,7314,16126,45.4
1785432923.7,17:35:23,baseline,5,0.0,7314,16126,45.4
1785432923.7,17:35:23,baseline,6,0.0,7315,16126,45.4
1785432923.7,17:35:23,baseline,7,0.0,7314,16126,45.4
1785432924.7,17:35:24,baseline,0,0.0,7314,16126,45.4
1785432924.7,17:35:24,baseline,1,0.0,7314,16126,45.4
1785432924.7,17:35:24,baseline,2,0.0,7314,16126,45.4
1785432924.7,17:35:24,baseline,3,0.0,7314,16126,45.4
1785432924.7,17:35:24,baseline,4,0.0,7314,16126,45.4
1785432924.7,17:35:24,baseline,5,0.0,7314,16126,45.4
1785432924.7,17:35:24,baseline,6,0.0,7315,16126,45.4
1785432924.7,17:35:24,baseline,7,0.0,7314,16126,45.4
1785432925.7,17:35:25,baseline,0,0.0,7314,16126,45.4
1785432925.7,17:35:25,baseline,1,0.0,7314,16126,45.4
1785432925.7,17:35:25,baseline,2,0.0,7314,16126,45.4
1785432925.7,17:35:25,baseline,3,0.0,7314,16126,45.4
1785432925.7,17:35:25,baseline,4,0.0,7314,16126,45.4
1785432925.7,17:35:25,baseline,5,0.0,7314,16126,45.4
1785432925.7,17:35:25,baseline,6,0.0,7315,16126,45.4
1785432925.7,17:35:25,baseline,7,0.0,7314,16126,45.4
1785432926.7,17:35:26,baseline,0,0.0,7314,16126,45.4
1785432926.7,17:35:26,baseline,1,0.0,7314,16126,45.4
1785432926.7,17:35:26,baseline,2,0.0,7314,16126,45.4
1785432926.7,17:35:26,baseline,3,0.0,7314,16126,45.4
1785432926.7,17:35:26,baseline,4,0.0,7314,16126,45.4
1785432926.7,17:35:26,baseline,5,0.0,7314,16126,45.4
1785432926.7,17:35:26,baseline,6,0.0,7315,16126,45.4
1785432926.7,17:35:26,baseline,7,0.0,7314,16126,45.4
1785432927.7,17:35:27,baseline,0,0.0,7314,16126,45.4
1785432927.7,17:35:27,baseline,1,0.0,7314,16126,45.4
1785432927.7,17:35:27,baseline,2,0.0,7314,16126,45.4
1785432927.7,17:35:27,baseline,3,0.0,7314,16126,45.4
1785432927.7,17:35:27,baseline,4,0.0,7314,16126,45.4
1785432927.7,17:35:27,baseline,5,0.0,7314,16126,45.4
1785432927.7,17:35:27,baseline,6,0.0,7315,16126,45.4
1785432927.7,17:35:27,baseline,7,0.0,7314,16126,45.4
1785432928.701,17:35:28,baseline,0,0.0,7314,16126,45.4
1785432928.701,17:35:28,baseline,1,0.0,7314,16126,45.4
1785432928.701,17:35:28,baseline,2,0.0,7314,16126,45.4
1785432928.701,17:35:28,baseline,3,0.0,7314,16126,45.4
1785432928.701,17:35:28,baseline,4,0.0,7314,16126,45.4
1785432928.701,17:35:28,baseline,5,0.0,7314,16126,45.4
1785432928.701,17:35:28,baseline,6,0.0,7315,16126,45.4
1785432928.701,17:35:28,baseline,7,0.0,7314,16126,45.4
1785432929.701,17:35:29,baseline,0,0.0,7314,16126,45.4
1785432929.701,17:35:29,baseline,1,0.0,7314,16126,45.4
1785432929.701,17:35:29,baseline,2,0.0,7314,16126,45.4
1785432929.701,17:35:29,baseline,3,0.0,7314,16126,45.4
1785432929.701,17:35:29,baseline,4,0.0,7314,16126,45.4
1785432929.701,17:35:29,baseline,5,0.0,7314,16126,45.4
1785432929.701,17:35:29,baseline,6,0.0,7315,16126,45.4
1785432929.701,17:35:29,baseline,7,0.0,7314,16126,45.4
1785432930.701,17:35:30,baseline,0,0.0,7314,16126,45.4
1785432930.701,17:35:30,baseline,1,0.0,7314,16126,45.4
1785432930.701,17:35:30,baseline,2,0.0,7314,16126,45.4
1785432930.701,17:35:30,baseline,3,0.0,7314,16126,45.4
1785432930.701,17:35:30,baseline,4,0.0,7314,16126,45.4
1785432930.701,17:35:30,baseline,5,0.0,7314,16126,45.4
1785432930.701,17:35:30,baseline,6,0.0,7315,16126,45.4
1785432930.701,17:35:30,baseline,7,0.0,7314,16126,45.4
1785432931.701,17:35:31,baseline,0,0.0,7314,16126,45.4
1785432931.701,17:35:31,baseline,1,0.0,7314,16126,45.4
1785432931.701,17:35:31,baseline,2,0.0,7314,16126,45.4
1785432931.701,17:35:31,baseline,3,0.0,7314,16126,45.4
1785432931.701,17:35:31,baseline,4,0.0,7314,16126,45.4
1785432931.701,17:35:31,baseline,5,0.0,7314,16126,45.4
1785432931.701,17:35:31,baseline,6,0.0,7315,16126,45.4
1785432931.701,17:35:31,baseline,7,0.0,7314,16126,45.4
1785432932.701,17:35:32,baseline,0,0.0,7314,16126,45.4
1785432932.701,17:35:32,baseline,1,0.0,7314,16126,45.4
1785432932.701,17:35:32,baseline,2,0.0,7314,16126,45.4
1785432932.701,17:35:32,baseline,3,0.0,7314,16126,45.4
1785432932.701,17:35:32,baseline,4,0.0,7314,16126,45.4
1785432932.701,17:35:32,baseline,5,0.0,7314,16126,45.4
1785432932.701,17:35:32,baseline,6,0.0,7315,16126,45.4
1785432932.701,17:35:32,baseline,7,0.0,7314,16126,45.4
1785432933.701,17:35:33,baseline,0,0.0,7314,16126,45.4
1785432933.701,17:35:33,baseline,1,0.0,7314,16126,45.4
1785432933.701,17:35:33,baseline,2,0.0,7314,16126,45.4
1785432933.701,17:35:33,baseline,3,0.0,7314,16126,45.4
1785432933.701,17:35:33,baseline,4,0.0,7314,16126,45.4
1785432933.701,17:35:33,baseline,5,0.0,7314,16126,45.4
1785432933.701,17:35:33,baseline,6,0.0,7315,16126,45.4
1785432933.701,17:35:33,baseline,7,0.0,7314,16126,45.4
1785432934.701,17:35:34,baseline,0,0.0,7314,16126,45.4
1785432934.701,17:35:34,baseline,1,0.0,7314,16126,45.4
1785432934.701,17:35:34,baseline,2,0.0,7314,16126,45.4
1785432934.701,17:35:34,baseline,3,0.0,7314,16126,45.4
1785432934.701,17:35:34,baseline,4,0.0,7314,16126,45.4
1785432934.701,17:35:34,baseline,5,0.0,7314,16126,45.4
1785432934.701,17:35:34,baseline,6,0.0,7315,16126,45.4
1785432934.701,17:35:34,baseline,7,0.0,7314,16126,45.4
1785432935.702,17:35:35,baseline,0,0.0,7314,16126,45.4
1785432935.702,17:35:35,baseline,1,0.0,7314,16126,45.4
1785432935.702,17:35:35,baseline,2,0.0,7314,16126,45.4
1785432935.702,17:35:35,baseline,3,0.0,7314,16126,45.4
1785432935.702,17:35:35,baseline,4,0.0,7314,16126,45.4
1785432935.702,17:35:35,baseline,5,0.0,7314,16126,45.4
1785432935.702,17:35:35,baseline,6,0.0,7315,16126,45.4
1785432935.702,17:35:35,baseline,7,0.0,7314,16126,45.4
1785432936.702,17:35:36,baseline,0,0.0,7314,16126,45.4
1785432936.702,17:35:36,baseline,1,0.0,7314,16126,45.4
1785432936.702,17:35:36,baseline,2,0.0,7314,16126,45.4
1785432936.702,17:35:36,baseline,3,0.0,7314,16126,45.4
1785432936.702,17:35:36,baseline,4,0.0,7314,16126,45.4
1785432936.702,17:35:36,baseline,5,0.0,7314,16126,45.4
1785432936.702,17:35:36,baseline,6,0.0,7315,16126,45.4
1785432936.702,17:35:36,baseline,7,0.0,7314,16126,45.4
1785432937.702,17:35:37,baseline,0,0.0,7314,16126,45.4
1785432937.702,17:35:37,baseline,1,0.0,7314,16126,45.4
1785432937.702,17:35:37,baseline,2,0.0,7314,16126,45.4
1785432937.702,17:35:37,baseline,3,0.0,7314,16126,45.4
1785432937.702,17:35:37,baseline,4,0.0,7314,16126,45.4
1785432937.702,17:35:37,baseline,5,0.0,7314,16126,45.4
1785432937.702,17:35:37,baseline,6,0.0,7315,16126,45.4
1785432937.702,17:35:37,baseline,7,0.0,7314,16126,45.4
1785432938.702,17:35:38,baseline,0,0.0,7314,16126,45.4
1785432938.702,17:35:38,baseline,1,0.0,7314,16126,45.4
1785432938.702,17:35:38,baseline,2,0.0,7314,16126,45.4
1785432938.702,17:35:38,baseline,3,0.0,7314,16126,45.4
1785432938.702,17:35:38,baseline,4,0.0,7314,16126,45.4
1785432938.702,17:35:38,baseline,5,0.0,7314,16126,45.4
1785432938.702,17:35:38,baseline,6,0.0,7315,16126,45.4
1785432938.702,17:35:38,baseline,7,0.0,7314,16126,45.4
1785432939.702,17:35:39,baseline,0,0.0,7314,16126,45.4
1785432939.702,17:35:39,baseline,1,0.0,7314,16126,45.4
1785432939.702,17:35:39,baseline,2,0.0,7314,16126,45.4
1785432939.702,17:35:39,baseline,3,0.0,7314,16126,45.4
1785432939.702,17:35:39,baseline,4,0.0,7314,16126,45.4
1785432939.702,17:35:39,baseline,5,0.0,7314,16126,45.4
1785432939.702,17:35:39,baseline,6,0.0,7315,16126,45.4
1785432939.702,17:35:39,baseline,7,0.0,7314,16126,45.4
1785432940.702,17:35:40,baseline,0,0.0,7314,16126,45.4
1785432940.702,17:35:40,baseline,1,0.0,7314,16126,45.4
1785432940.702,17:35:40,baseline,2,0.0,7314,16126,45.4
1785432940.702,17:35:40,baseline,3,0.0,7314,16126,45.4
1785432940.702,17:35:40,baseline,4,0.0,7314,16126,45.4
1785432940.702,17:35:40,baseline,5,0.0,7314,16126,45.4
1785432940.702,17:35:40,baseline,6,0.0,7315,16126,45.4
1785432940.702,17:35:40,baseline,7,0.0,7314,16126,45.4
1785432941.702,17:35:41,baseline,0,0.0,7314,16126,45.4
1785432941.702,17:35:41,baseline,1,0.0,7314,16126,45.4
1785432941.702,17:35:41,baseline,2,0.0,7314,16126,45.4
1785432941.702,17:35:41,baseline,3,0.0,7314,16126,45.4
1785432941.702,17:35:41,baseline,4,0.0,7314,16126,45.4
1785432941.702,17:35:41,baseline,5,0.0,7314,16126,45.4
1785432941.702,17:35:41,baseline,6,0.0,7315,16126,45.4
1785432941.702,17:35:41,baseline,7,0.0,7314,16126,45.4
1785432942.702,17:35:42,baseline,0,0.0,7314,16126,45.4
1785432942.702,17:35:42,baseline,1,0.0,7314,16126,45.4
1785432942.702,17:35:42,baseline,2,0.0,7314,16126,45.4
1785432942.702,17:35:42,baseline,3,0.0,7314,16126,45.4
1785432942.702,17:35:42,baseline,4,0.0,7314,16126,45.4
1785432942.702,17:35:42,baseline,5,0.0,7314,16126,45.4
1785432942.702,17:35:42,baseline,6,0.0,7315,16126,45.4
1785432942.702,17:35:42,baseline,7,0.0,7314,16126,45.4
1785432943.703,17:35:43,baseline,0,0.0,7314,16126,45.4
1785432943.703,17:35:43,baseline,1,0.0,7314,16126,45.4
1785432943.703,17:35:43,baseline,2,0.0,7314,16126,45.4
1785432943.703,17:35:43,baseline,3,0.0,7314,16126,45.4
1785432943.703,17:35:43,baseline,4,0.0,7314,16126,45.4
1785432943.703,17:35:43,baseline,5,0.0,7314,16126,45.4
1785432943.703,17:35:43,baseline,6,0.0,7315,16126,45.4
1785432943.703,17:35:43,baseline,7,0.0,7314,16126,45.4
1785432944.703,17:35:44,baseline,0,0.0,7314,16126,45.4
1785432944.703,17:35:44,baseline,1,0.0,7314,16126,45.4
1785432944.703,17:35:44,baseline,2,0.0,7314,16126,45.4
1785432944.703,17:35:44,baseline,3,0.0,7314,16126,45.4
1785432944.703,17:35:44,baseline,4,0.0,7314,16126,45.4
1785432944.703,17:35:44,baseline,5,0.0,7314,16126,45.4
1785432944.703,17:35:44,baseline,6,0.0,7315,16126,45.4
1785432944.703,17:35:44,baseline,7,0.0,7314,16126,45.4
1785432945.703,17:35:45,baseline,0,0.0,7314,16126,45.4
1785432945.703,17:35:45,baseline,1,0.0,7314,16126,45.4
1785432945.703,17:35:45,baseline,2,0.0,7314,16126,45.4
1785432945.703,17:35:45,baseline,3,0.0,7314,16126,45.4
1785432945.703,17:35:45,baseline,4,0.0,7314,16126,45.4
1785432945.703,17:35:45,baseline,5,0.0,7314,16126,45.4
1785432945.703,17:35:45,baseline,6,0.0,7315,16126,45.4
1785432945.703,17:35:45,baseline,7,0.0,7314,16126,45.4
1785432946.703,17:35:46,baseline,0,0.0,7314,16126,45.4
1785432946.703,17:35:46,baseline,1,0.0,7314,16126,45.4
1785432946.703,17:35:46,baseline,2,0.0,7314,16126,45.4
1785432946.703,17:35:46,baseline,3,0.0,7314,16126,45.4
1785432946.703,17:35:46,baseline,4,0.0,7314,16126,45.4
1785432946.703,17:35:46,baseline,5,0.0,7314,16126,45.4
1785432946.703,17:35:46,baseline,6,0.0,7315,16126,45.4
1785432946.703,17:35:46,baseline,7,0.0,7314,16126,45.4
1785432947.703,17:35:47,baseline,0,0.0,7314,16126,45.4
1785432947.703,17:35:47,baseline,1,0.0,7314,16126,45.4
1785432947.703,17:35:47,baseline,2,0.0,7314,16126,45.4
1785432947.703,17:35:47,baseline,3,0.0,7314,16126,45.4
1785432947.703,17:35:47,baseline,4,0.0,7314,16126,45.4
1785432947.703,17:35:47,baseline,5,0.0,7314,16126,45.4
1785432947.703,17:35:47,baseline,6,0.0,7315,16126,45.4
1785432947.703,17:35:47,baseline,7,0.0,7314,16126,45.4
1785432948.703,17:35:48,baseline,0,0.0,7314,16126,45.4
1785432948.703,17:35:48,baseline,1,0.0,7314,16126,45.4
1785432948.703,17:35:48,baseline,2,0.0,7314,16126,45.4
1785432948.703,17:35:48,baseline,3,0.0,7314,16126,45.4
1785432948.703,17:35:48,baseline,4,0.0,7314,16126,45.4
1785432948.703,17:35:48,baseline,5,0.0,7314,16126,45.4
1785432948.703,17:35:48,baseline,6,0.0,7315,16126,45.4
1785432948.703,17:35:48,baseline,7,0.0,7314,16126,45.4
1785432949.703,17:35:49,baseline,0,0.0,7314,16126,45.4
1785432949.703,17:35:49,baseline,1,0.0,7314,16126,45.4
1785432949.703,17:35:49,baseline,2,0.0,7314,16126,45.4
1785432949.703,17:35:49,baseline,3,0.0,7314,16126,45.4
1785432949.703,17:35:49,baseline,4,0.0,7314,16126,45.4
1785432949.703,17:35:49,baseline,5,0.0,7314,16126,45.4
1785432949.703,17:35:49,baseline,6,0.0,7315,16126,45.4
1785432949.703,17:35:49,baseline,7,0.0,7314,16126,45.4
1785432950.704,17:35:50,baseline,0,0.0,7314,16126,45.4
1785432950.704,17:35:50,baseline,1,0.0,7314,16126,45.4
1785432950.704,17:35:50,baseline,2,0.0,7314,16126,45.4
1785432950.704,17:35:50,baseline,3,0.0,7314,16126,45.4
1785432950.704,17:35:50,baseline,4,0.0,7314,16126,45.4
1785432950.704,17:35:50,baseline,5,0.0,7314,16126,45.4
1785432950.704,17:35:50,baseline,6,0.0,7315,16126,45.4
1785432950.704,17:35:50,baseline,7,0.0,7314,16126,45.4
1785432951.704,17:35:51,baseline,0,0.0,7314,16126,45.4
1785432951.704,17:35:51,baseline,1,0.0,7314,16126,45.4
1785432951.704,17:35:51,baseline,2,0.0,7314,16126,45.4
1785432951.704,17:35:51,baseline,3,0.0,7314,16126,45.4
1785432951.704,17:35:51,baseline,4,0.0,7314,16126,45.4
1785432951.704,17:35:51,baseline,5,0.0,7314,16126,45.4
1785432951.704,17:35:51,baseline,6,0.0,7315,16126,45.4
1785432951.704,17:35:51,baseline,7,0.0,7314,16126,45.4
1785432952.704,17:35:52,baseline,0,0.0,7314,16126,45.4
1785432952.704,17:35:52,baseline,1,0.0,7314,16126,45.4
1785432952.704,17:35:52,baseline,2,0.0,7314,16126,45.4
1785432952.704,17:35:52,baseline,3,0.0,7314,16126,45.4
1785432952.704,17:35:52,baseline,4,0.0,7314,16126,45.4
1785432952.704,17:35:52,baseline,5,0.0,7314,16126,45.4
1785432952.704,17:35:52,baseline,6,0.0,7315,16126,45.4
1785432952.704,17:35:52,baseline,7,0.0,7314,16126,45.4
1785432953.704,17:35:53,baseline,0,0.0,7314,16126,45.4
1785432953.704,17:35:53,baseline,1,0.0,7314,16126,45.4
1785432953.704,17:35:53,baseline,2,0.0,7314,16126,45.4
1785432953.704,17:35:53,baseline,3,0.0,7314,16126,45.4
1785432953.704,17:35:53,baseline,4,0.0,7314,16126,45.4
1785432953.704,17:35:53,baseline,5,0.0,7314,16126,45.4
1785432953.704,17:35:53,baseline,6,0.0,7315,16126,45.4
1785432953.704,17:35:53,baseline,7,0.0,7314,16126,45.4
1785432954.704,17:35:54,baseline,0,0.0,7314,16126,45.4
1785432954.704,17:35:54,baseline,1,0.0,7314,16126,45.4
1785432954.704,17:35:54,baseline,2,0.0,7314,16126,45.4
1785432954.704,17:35:54,baseline,3,0.0,7314,16126,45.4
1785432954.704,17:35:54,baseline,4,0.0,7314,16126,45.4
1785432954.704,17:35:54,baseline,5,0.0,7314,16126,45.4
1785432954.704,17:35:54,baseline,6,0.0,7315,16126,45.4
1785432954.704,17:35:54,baseline,7,0.0,7314,16126,45.4
1785432955.704,17:35:55,baseline,0,0.0,7314,16126,45.4
1785432955.704,17:35:55,baseline,1,0.0,7314,16126,45.4
1785432955.704,17:35:55,baseline,2,0.0,7314,16126,45.4
1785432955.704,17:35:55,baseline,3,0.0,7314,16126,45.4
1785432955.704,17:35:55,baseline,4,0.0,7314,16126,45.4
1785432955.704,17:35:55,baseline,5,0.0,7314,16126,45.4
1785432955.704,17:35:55,baseline,6,0.0,7315,16126,45.4
1785432955.704,17:35:55,baseline,7,0.0,7314,16126,45.4
1785432956.704,17:35:56,baseline,0,0.0,7314,16126,45.4
1785432956.704,17:35:56,baseline,1,0.0,7314,16126,45.4
1785432956.704,17:35:56,baseline,2,0.0,7314,16126,45.4
1785432956.704,17:35:56,baseline,3,0.0,7314,16126,45.4
1785432956.704,17:35:56,baseline,4,0.0,7314,16126,45.4
1785432956.704,17:35:56,baseline,5,0.0,7314,16126,45.4
1785432956.704,17:35:56,baseline,6,0.0,7315,16126,45.4
1785432956.704,17:35:56,baseline,7,0.0,7314,16126,45.4
1785432957.705,17:35:57,baseline,0,0.0,7314,16126,45.4
1785432957.705,17:35:57,baseline,1,0.0,7314,16126,45.4
1785432957.705,17:35:57,baseline,2,0.0,7314,16126,45.4
1785432957.705,17:35:57,baseline,3,0.0,7314,16126,45.4
1785432957.705,17:35:57,baseline,4,0.0,7314,16126,45.4
1785432957.705,17:35:57,baseline,5,0.0,7314,16126,45.4
1785432957.705,17:35:57,baseline,6,0.0,7315,16126,45.4
1785432957.705,17:35:57,baseline,7,0.0,7314,16126,45.4
1785432958.705,17:35:58,baseline,0,0.0,7314,16126,45.4
1785432958.705,17:35:58,baseline,1,0.0,7314,16126,45.4
1785432958.705,17:35:58,baseline,2,0.0,7314,16126,45.4
1785432958.705,17:35:58,baseline,3,0.0,7314,16126,45.4
1785432958.705,17:35:58,baseline,4,0.0,7314,16126,45.4
1785432958.705,17:35:58,baseline,5,0.0,7314,16126,45.4
1785432958.705,17:35:58,baseline,6,0.0,7315,16126,45.4
1785432958.705,17:35:58,baseline,7,0.0,7314,16126,45.4
1785432959.705,17:35:59,baseline,0,0.0,7314,16126,45.4
1785432959.705,17:35:59,baseline,1,0.0,7314,16126,45.4
1785432959.705,17:35:59,baseline,2,0.0,7314,16126,45.4
1785432959.705,17:35:59,baseline,3,0.0,7314,16126,45.4
1785432959.705,17:35:59,baseline,4,0.0,7314,16126,45.4
1785432959.705,17:35:59,baseline,5,0.0,7314,16126,45.4
1785432959.705,17:35:59,baseline,6,0.0,7315,16126,45.4
1785432959.705,17:35:59,baseline,7,0.0,7314,16126,45.4
1785432960.705,17:36:00,baseline,0,0.0,7314,16126,45.4
1785432960.705,17:36:00,baseline,1,0.0,7314,16126,45.4
1785432960.705,17:36:00,baseline,2,0.0,7314,16126,45.4
1785432960.705,17:36:00,baseline,3,0.0,7314,16126,45.4
1785432960.705,17:36:00,baseline,4,0.0,7314,16126,45.4
1785432960.705,17:36:00,baseline,5,0.0,7314,16126,45.4
1785432960.705,17:36:00,baseline,6,0.0,7315,16126,45.4
1785432960.705,17:36:00,baseline,7,0.0,7314,16126,45.4
1785432961.705,17:36:01,baseline,0,0.0,7314,16126,45.4
1785432961.705,17:36:01,baseline,1,0.0,7314,16126,45.4
1785432961.705,17:36:01,baseline,2,0.0,7314,16126,45.4
1785432961.705,17:36:01,baseline,3,0.0,7314,16126,45.4
1785432961.705,17:36:01,baseline,4,0.0,7314,16126,45.4
1785432961.705,17:36:01,baseline,5,0.0,7314,16126,45.4
1785432961.705,17:36:01,baseline,6,0.0,7315,16126,45.4
1785432961.705,17:36:01,baseline,7,0.0,7314,16126,45.4
1785432962.705,17:36:02,baseline,0,0.0,7314,16126,45.4
1785432962.705,17:36:02,baseline,1,0.0,7314,16126,45.4
1785432962.705,17:36:02,baseline,2,0.0,7314,16126,45.4
1785432962.705,17:36:02,baseline,3,0.0,7314,16126,45.4
1785432962.705,17:36:02,baseline,4,0.0,7314,16126,45.4
1785432962.705,17:36:02,baseline,5,0.0,7314,16126,45.4
1785432962.705,17:36:02,baseline,6,0.0,7315,16126,45.4
1785432962.705,17:36:02,baseline,7,0.0,7314,16126,45.4
1785432963.705,17:36:03,baseline,0,0.0,7314,16126,45.4
1785432963.705,17:36:03,baseline,1,0.0,7314,16126,45.4
1785432963.705,17:36:03,baseline,2,0.0,7314,16126,45.4
1785432963.705,17:36:03,baseline,3,0.0,7314,16126,45.4
1785432963.705,17:36:03,baseline,4,0.0,7314,16126,45.4
1785432963.705,17:36:03,baseline,5,0.0,7314,16126,45.4
1785432963.705,17:36:03,baseline,6,0.0,7315,16126,45.4
1785432963.705,17:36:03,baseline,7,0.0,7314,16126,45.4
1785432964.705,17:36:04,baseline,0,0.0,7314,16126,45.4
1785432964.705,17:36:04,baseline,1,0.0,7314,16126,45.4
1785432964.705,17:36:04,baseline,2,0.0,7314,16126,45.4
1785432964.705,17:36:04,baseline,3,0.0,7314,16126,45.4
1785432964.705,17:36:04,baseline,4,0.0,7314,16126,45.4
1785432964.705,17:36:04,baseline,5,0.0,7314,16126,45.4
1785432964.705,17:36:04,baseline,6,0.0,7315,16126,45.4
1785432964.705,17:36:04,baseline,7,0.0,7314,16126,45.4
1785432965.706,17:36:05,baseline,0,0.0,7314,16126,45.4
1785432965.706,17:36:05,baseline,1,0.0,7314,16126,45.4
1785432965.706,17:36:05,baseline,2,0.0,7314,16126,45.4
1785432965.706,17:36:05,baseline,3,0.0,7314,16126,45.4
1785432965.706,17:36:05,baseline,4,0.0,7314,16126,45.4
1785432965.706,17:36:05,baseline,5,0.0,7314,16126,45.4
1785432965.706,17:36:05,baseline,6,0.0,7315,16126,45.4
1785432965.706,17:36:05,baseline,7,0.0,7314,16126,45.4
1785432966.706,17:36:06,baseline,0,0.0,7314,16126,45.4
1785432966.706,17:36:06,baseline,1,0.0,7314,16126,45.4
1785432966.706,17:36:06,baseline,2,0.0,7314,16126,45.4
1785432966.706,17:36:06,baseline,3,0.0,7314,16126,45.4
1785432966.706,17:36:06,baseline,4,0.0,7314,16126,45.4
1785432966.706,17:36:06,baseline,5,0.0,7314,16126,45.4
1785432966.706,17:36:06,baseline,6,0.0,7315,16126,45.4
1785432966.706,17:36:06,baseline,7,0.0,7314,16126,45.4
1785432967.706,17:36:07,baseline,0,0.0,7314,16126,45.4
1785432967.706,17:36:07,baseline,1,0.0,7314,16126,45.4
1785432967.706,17:36:07,baseline,2,0.0,7314,16126,45.4
1785432967.706,17:36:07,baseline,3,0.0,7314,16126,45.4
1785432967.706,17:36:07,baseline,4,0.0,7314,16126,45.4
1785432967.706,17:36:07,baseline,5,0.0,7314,16126,45.4
1785432967.706,17:36:07,baseline,6,0.0,7315,16126,45.4
1785432967.706,17:36:07,baseline,7,0.0,7314,16126,45.4
1785432968.706,17:36:08,baseline,0,0.0,7314,16126,45.4
1785432968.706,17:36:08,baseline,1,0.0,7314,16126,45.4
1785432968.706,17:36:08,baseline,2,0.0,7314,16126,45.4
1785432968.706,17:36:08,baseline,3,0.0,7314,16126,45.4
1785432968.706,17:36:08,baseline,4,0.0,7314,16126,45.4
1785432968.706,17:36:08,baseline,5,0.0,7314,16126,45.4
1785432968.706,17:36:08,baseline,6,0.0,7315,16126,45.4
1785432968.706,17:36:08,baseline,7,0.0,7314,16126,45.4
1785432969.706,17:36:09,baseline,0,0.0,7314,16126,45.4
1785432969.706,17:36:09,baseline,1,0.0,7314,16126,45.4
1785432969.706,17:36:09,baseline,2,0.0,7314,16126,45.4
1785432969.706,17:36:09,baseline,3,0.0,7314,16126,45.4
1785432969.706,17:36:09,baseline,4,0.0,7314,16126,45.4
1785432969.706,17:36:09,baseline,5,0.0,7314,16126,45.4
1785432969.706,17:36:09,baseline,6,0.0,7315,16126,45.4
1785432969.706,17:36:09,baseline,7,0.0,7314,16126,45.4
1785432970.706,17:36:10,baseline,0,0.0,7314,16126,45.4
1785432970.706,17:36:10,baseline,1,0.0,7314,16126,45.4
1785432970.706,17:36:10,baseline,2,0.0,7314,16126,45.4
1785432970.706,17:36:10,baseline,3,0.0,7314,16126,45.4
1785432970.706,17:36:10,baseline,4,0.0,7314,16126,45.4
1785432970.706,17:36:10,baseline,5,0.0,7314,16126,45.4
1785432970.706,17:36:10,baseline,6,0.0,7315,16126,45.4
1785432970.706,17:36:10,baseline,7,0.0,7314,16126,45.4
1785432971.707,17:36:11,baseline,0,0.0,7314,16126,45.4
1785432971.707,17:36:11,baseline,1,0.0,7314,16126,45.4
1785432971.707,17:36:11,baseline,2,0.0,7314,16126,45.4
1785432971.707,17:36:11,baseline,3,0.0,7314,16126,45.4
1785432971.707,17:36:11,baseline,4,0.0,7314,16126,45.4
1785432971.707,17:36:11,baseline,5,0.0,7314,16126,45.4
1785432971.707,17:36:11,baseline,6,0.0,7315,16126,45.4
1785432971.707,17:36:11,baseline,7,0.0,7314,16126,45.4
1785432972.707,17:36:12,baseline,0,0.0,7314,16126,45.4
1785432972.707,17:36:12,baseline,1,0.0,7314,16126,45.4
1785432972.707,17:36:12,baseline,2,0.0,7314,16126,45.4
1785432972.707,17:36:12,baseline,3,0.0,7314,16126,45.4
1785432972.707,17:36:12,baseline,4,0.0,7314,16126,45.4
1785432972.707,17:36:12,baseline,5,0.0,7314,16126,45.4
1785432972.707,17:36:12,baseline,6,0.0,7315,16126,45.4
1785432972.707,17:36:12,baseline,7,0.0,7314,16126,45.4
1785432973.707,17:36:13,baseline,0,0.0,7314,16126,45.4
1785432973.707,17:36:13,baseline,1,0.0,7314,16126,45.4
1785432973.707,17:36:13,baseline,2,0.0,7314,16126,45.4
1785432973.707,17:36:13,baseline,3,0.0,7314,16126,45.4
1785432973.707,17:36:13,baseline,4,0.0,7314,16126,45.4
1785432973.707,17:36:13,baseline,5,0.0,7314,16126,45.4
1785432973.707,17:36:13,baseline,6,0.0,7315,16126,45.4
1785432973.707,17:36:13,baseline,7,0.0,7314,16126,45.4
1785432974.707,17:36:14,baseline,0,0.0,7314,16126,45.4
1785432974.707,17:36:14,baseline,1,0.0,7314,16126,45.4
1785432974.707,17:36:14,baseline,2,0.0,7314,16126,45.4
1785432974.707,17:36:14,baseline,3,0.0,7314,16126,45.4
1785432974.707,17:36:14,baseline,4,0.0,7314,16126,45.4
1785432974.707,17:36:14,baseline,5,0.0,7314,16126,45.4
1785432974.707,17:36:14,baseline,6,0.0,7315,16126,45.4
1785432974.707,17:36:14,baseline,7,0.0,7314,16126,45.4
1785432975.707,17:36:15,baseline,0,0.0,7314,16126,45.4
1785432975.707,17:36:15,baseline,1,0.0,7314,16126,45.4
1785432975.707,17:36:15,baseline,2,0.0,7314,16126,45.4
1785432975.707,17:36:15,baseline,3,0.0,7314,16126,45.4
1785432975.707,17:36:15,baseline,4,0.0,7314,16126,45.4
1785432975.707,17:36:15,baseline,5,0.0,7314,16126,45.4
1785432975.707,17:36:15,baseline,6,0.0,7315,16126,45.4
1785432975.707,17:36:15,baseline,7,0.0,7314,16126,45.4
1785432976.707,17:36:16,baseline,0,0.0,7314,16126,45.4
1785432976.707,17:36:16,baseline,1,0.0,7314,16126,45.4
1785432976.707,17:36:16,baseline,2,0.0,7314,16126,45.4
1785432976.707,17:36:16,baseline,3,0.0,7314,16126,45.4
1785432976.707,17:36:16,baseline,4,0.0,7314,16126,45.4
1785432976.707,17:36:16,baseline,5,0.0,7314,16126,45.4
1785432976.707,17:36:16,baseline,6,0.0,7315,16126,45.4
1785432976.707,17:36:16,baseline,7,0.0,7314,16126,45.4
1785432977.707,17:36:17,baseline,0,0.0,7314,16126,45.4
1785432977.707,17:36:17,baseline,1,0.0,7314,16126,45.4
1785432977.707,17:36:17,baseline,2,0.0,7314,16126,45.4
1785432977.707,17:36:17,baseline,3,0.0,7314,16126,45.4
1785432977.707,17:36:17,baseline,4,0.0,7314,16126,45.4
1785432977.707,17:36:17,baseline,5,0.0,7314,16126,45.4
1785432977.707,17:36:17,baseline,6,0.0,7315,16126,45.4
1785432977.707,17:36:17,baseline,7,0.0,7314,16126,45.4
1785432978.707,17:36:18,baseline,0,0.0,7314,16126,45.4
1785432978.707,17:36:18,baseline,1,0.0,7314,16126,45.4
1785432978.707,17:36:18,baseline,2,0.0,7314,16126,45.4
1785432978.707,17:36:18,baseline,3,0.0,7314,16126,45.4
1785432978.707,17:36:18,baseline,4,0.0,7314,16126,45.4
1785432978.707,17:36:18,baseline,5,0.0,7314,16126,45.4
1785432978.707,17:36:18,baseline,6,0.0,7315,16126,45.4
1785432978.707,17:36:18,baseline,7,0.0,7314,16126,45.4
1785432979.708,17:36:19,baseline,0,0.0,7314,16126,45.4
1785432979.708,17:36:19,baseline,1,0.0,7314,16126,45.4
1785432979.708,17:36:19,baseline,2,0.0,7314,16126,45.4
1785432979.708,17:36:19,baseline,3,0.0,7314,16126,45.4
1785432979.708,17:36:19,baseline,4,0.0,7314,16126,45.4
1785432979.708,17:36:19,baseline,5,0.0,7314,16126,45.4
1785432979.708,17:36:19,baseline,6,0.0,7315,16126,45.4
1785432979.708,17:36:19,baseline,7,0.0,7314,16126,45.4
1785432980.708,17:36:20,baseline,0,0.0,7314,16126,45.4
1785432980.708,17:36:20,baseline,1,0.0,7314,16126,45.4
1785432980.708,17:36:20,baseline,2,0.0,7314,16126,45.4
1785432980.708,17:36:20,baseline,3,0.0,7314,16126,45.4
1785432980.708,17:36:20,baseline,4,0.0,7314,16126,45.4
1785432980.708,17:36:20,baseline,5,0.0,7314,16126,45.4
1785432980.708,17:36:20,baseline,6,0.0,7315,16126,45.4
1785432980.708,17:36:20,baseline,7,0.0,7314,16126,45.4
1785432981.708,17:36:21,baseline,0,0.0,7314,16126,45.4
1785432981.708,17:36:21,baseline,1,0.0,7314,16126,45.4
1785432981.708,17:36:21,baseline,2,0.0,7314,16126,45.4
1785432981.708,17:36:21,baseline,3,0.0,7314,16126,45.4
1785432981.708,17:36:21,baseline,4,0.0,7314,16126,45.4
1785432981.708,17:36:21,baseline,5,0.0,7314,16126,45.4
1785432981.708,17:36:21,baseline,6,0.0,7315,16126,45.4
1785432981.708,17:36:21,baseline,7,0.0,7314,16126,45.4
1785432982.708,17:36:22,baseline,0,0.0,7314,16126,45.4
1785432982.708,17:36:22,baseline,1,0.0,7314,16126,45.4
1785432982.708,17:36:22,baseline,2,0.0,7314,16126,45.4
1785432982.708,17:36:22,baseline,3,0.0,7314,16126,45.4
1785432982.708,17:36:22,baseline,4,0.0,7314,16126,45.4
1785432982.708,17:36:22,baseline,5,0.0,7314,16126,45.4
1785432982.708,17:36:22,baseline,6,0.0,7315,16126,45.4
1785432982.708,17:36:22,baseline,7,0.0,7314,16126,45.4
1785432983.708,17:36:23,baseline,0,0.0,7314,16126,45.4
1785432983.708,17:36:23,baseline,1,0.0,7314,16126,45.4
1785432983.708,17:36:23,baseline,2,0.0,7314,16126,45.4
1785432983.708,17:36:23,baseline,3,0.0,7314,16126,45.4
1785432983.708,17:36:23,baseline,4,0.0,7314,16126,45.4
1785432983.708,17:36:23,baseline,5,0.0,7314,16126,45.4
1785432983.708,17:36:23,baseline,6,0.0,7315,16126,45.4
1785432983.708,17:36:23,baseline,7,0.0,7314,16126,45.4
1785432984.708,17:36:24,baseline,0,0.0,7314,16126,45.4
1785432984.708,17:36:24,baseline,1,0.0,7314,16126,45.4
1785432984.708,17:36:24,baseline,2,0.0,7314,16126,45.4
1785432984.708,17:36:24,baseline,3,0.0,7314,16126,45.4
1785432984.708,17:36:24,baseline,4,0.0,7314,16126,45.4
1785432984.708,17:36:24,baseline,5,0.0,7314,16126,45.4
1785432984.708,17:36:24,baseline,6,0.0,7315,16126,45.4
1785432984.708,17:36:24,baseline,7,0.0,7314,16126,45.4
1785432985.708,17:36:25,baseline,0,0.0,7314,16126,45.4
1785432985.708,17:36:25,baseline,1,0.0,7314,16126,45.4
1785432985.708,17:36:25,baseline,2,0.0,7314,16126,45.4
1785432985.708,17:36:25,baseline,3,0.0,7314,16126,45.4
1785432985.708,17:36:25,baseline,4,0.0,7314,16126,45.4
1785432985.708,17:36:25,baseline,5,0.0,7314,16126,45.4
1785432985.708,17:36:25,baseline,6,0.0,7315,16126,45.4
1785432985.708,17:36:25,baseline,7,0.0,7314,16126,45.4
1785432986.709,17:36:26,baseline,0,0.0,7314,16126,45.4
1785432986.709,17:36:26,baseline,1,0.0,7314,16126,45.4
1785432986.709,17:36:26,baseline,2,0.0,7314,16126,45.4
1785432986.709,17:36:26,baseline,3,0.0,7314,16126,45.4
1785432986.709,17:36:26,baseline,4,0.0,7314,16126,45.4
1785432986.709,17:36:26,baseline,5,0.0,7314,16126,45.4
1785432986.709,17:36:26,baseline,6,0.0,7315,16126,45.4
1785432986.709,17:36:26,baseline,7,0.0,7314,16126,45.4
1785432987.709,17:36:27,baseline,0,0.0,7314,16126,45.4
1785432987.709,17:36:27,baseline,1,0.0,7314,16126,45.4
1785432987.709,17:36:27,baseline,2,0.0,7314,16126,45.4
1785432987.709,17:36:27,baseline,3,0.0,7314,16126,45.4
1785432987.709,17:36:27,baseline,4,0.0,7314,16126,45.4
1785432987.709,17:36:27,baseline,5,0.0,7314,16126,45.4
1785432987.709,17:36:27,baseline,6,0.0,7315,16126,45.4
1785432987.709,17:36:27,baseline,7,0.0,7314,16126,45.4
1785432988.709,17:36:28,baseline,0,0.0,7314,16126,45.4
1785432988.709,17:36:28,baseline,1,0.0,7314,16126,45.4
1785432988.709,17:36:28,baseline,2,0.0,7314,16126,45.4
1785432988.709,17:36:28,baseline,3,0.0,7314,16126,45.4
1785432988.709,17:36:28,baseline,4,0.0,7314,16126,45.4
1785432988.709,17:36:28,baseline,5,0.0,7314,16126,45.4
1785432988.709,17:36:28,baseline,6,0.0,7315,16126,45.4
1785432988.709,17:36:28,baseline,7,0.0,7314,16126,45.4
1785432989.709,17:36:29,baseline,0,0.0,7314,16126,45.4
1785432989.709,17:36:29,baseline,1,0.0,7314,16126,45.4
1785432989.709,17:36:29,baseline,2,0.0,7314,16126,45.4
1785432989.709,17:36:29,baseline,3,0.0,7314,16126,45.4
1785432989.709,17:36:29,baseline,4,0.0,7314,16126,45.4
1785432989.709,17:36:29,baseline,5,0.0,7314,16126,45.4
1785432989.709,17:36:29,baseline,6,0.0,7315,16126,45.4
1785432989.709,17:36:29,baseline,7,0.0,7314,16126,45.4
1785432990.709,17:36:30,baseline,0,0.0,7314,16126,45.4
1785432990.709,17:36:30,baseline,1,0.0,7314,16126,45.4
1785432990.709,17:36:30,baseline,2,0.0,7314,16126,45.4
1785432990.709,17:36:30,baseline,3,0.0,7314,16126,45.4
1785432990.709,17:36:30,baseline,4,0.0,7314,16126,45.4
1785432990.709,17:36:30,baseline,5,0.0,7314,16126,45.4
1785432990.709,17:36:30,baseline,6,0.0,7315,16126,45.4
1785432990.709,17:36:30,baseline,7,0.0,7314,16126,45.4
1785432991.709,17:36:31,baseline,0,0.0,7314,16126,45.4
1785432991.709,17:36:31,baseline,1,0.0,7314,16126,45.4
1785432991.709,17:36:31,baseline,2,0.0,7314,16126,45.4
1785432991.709,17:36:31,baseline,3,0.0,7314,16126,45.4
1785432991.709,17:36:31,baseline,4,0.0,7314,16126,45.4
1785432991.709,17:36:31,baseline,5,0.0,7314,16126,45.4
1785432991.709,17:36:31,baseline,6,0.0,7315,16126,45.4
1785432991.709,17:36:31,baseline,7,0.0,7314,16126,45.4
1785432992.709,17:36:32,baseline,0,0.0,7314,16126,45.4
1785432992.709,17:36:32,baseline,1,0.0,7314,16126,45.4
1785432992.709,17:36:32,baseline,2,0.0,7314,16126,45.4
1785432992.709,17:36:32,baseline,3,0.0,7314,16126,45.4
1785432992.709,17:36:32,baseline,4,0.0,7314,16126,45.4
1785432992.709,17:36:32,baseline,5,0.0,7314,16126,45.4
1785432992.709,17:36:32,baseline,6,0.0,7315,16126,45.4
1785432992.709,17:36:32,baseline,7,0.0,7314,16126,45.4
1785432993.71,17:36:33,baseline,0,0.0,7314,16126,45.4
1785432993.71,17:36:33,baseline,1,0.0,7314,16126,45.4
1785432993.71,17:36:33,baseline,2,0.0,7314,16126,45.4
1785432993.71,17:36:33,baseline,3,0.0,7314,16126,45.4
1785432993.71,17:36:33,baseline,4,0.0,7314,16126,45.4
1785432993.71,17:36:33,baseline,5,0.0,7314,16126,45.4
1785432993.71,17:36:33,baseline,6,0.0,7315,16126,45.4
1785432993.71,17:36:33,baseline,7,0.0,7314,16126,45.4
1785432994.71,17:36:34,baseline,0,0.0,7314,16126,45.4
1785432994.71,17:36:34,baseline,1,0.0,7314,16126,45.4
1785432994.71,17:36:34,baseline,2,0.0,7314,16126,45.4
1785432994.71,17:36:34,baseline,3,0.0,7314,16126,45.4
1785432994.71,17:36:34,baseline,4,0.0,7314,16126,45.4
1785432994.71,17:36:34,baseline,5,0.0,7314,16126,45.4
1785432994.71,17:36:34,baseline,6,0.0,7315,16126,45.4
1785432994.71,17:36:34,baseline,7,0.0,7314,16126,45.4
1785432995.71,17:36:35,baseline,0,0.0,7314,16126,45.4
1785432995.71,17:36:35,baseline,1,0.0,7314,16126,45.4
1785432995.71,17:36:35,baseline,2,0.0,7314,16126,45.4
1785432995.71,17:36:35,baseline,3,0.0,7314,16126,45.4
1785432995.71,17:36:35,baseline,4,0.0,7314,16126,45.4
1785432995.71,17:36:35,baseline,5,0.0,7314,16126,45.4
1785432995.71,17:36:35,baseline,6,0.0,7315,16126,45.4
1785432995.71,17:36:35,baseline,7,0.0,7314,16126,45.4
1785432996.71,17:36:36,baseline,0,0.0,7314,16126,45.4
1785432996.71,17:36:36,baseline,1,0.0,7314,16126,45.4
1785432996.71,17:36:36,baseline,2,0.0,7314,16126,45.4
1785432996.71,17:36:36,baseline,3,0.0,7314,16126,45.4
1785432996.71,17:36:36,baseline,4,0.0,7314,16126,45.4
1785432996.71,17:36:36,baseline,5,0.0,7314,16126,45.4
1785432996.71,17:36:36,baseline,6,0.0,7315,16126,45.4
1785432996.71,17:36:36,baseline,7,0.0,7314,16126,45.4
1785432997.71,17:36:37,baseline,0,0.0,7314,16126,45.4
1785432997.71,17:36:37,baseline,1,0.0,7314,16126,45.4
1785432997.71,17:36:37,baseline,2,0.0,7314,16126,45.4
1785432997.71,17:36:37,baseline,3,0.0,7314,16126,45.4
1785432997.71,17:36:37,baseline,4,0.0,7314,16126,45.4
1785432997.71,17:36:37,baseline,5,0.0,7314,16126,45.4
1785432997.71,17:36:37,baseline,6,0.0,7315,16126,45.4
1785432997.71,17:36:37,baseline,7,0.0,7314,16126,45.4
1785432998.71,17:36:38,baseline,0,0.0,7314,16126,45.4
1785432998.71,17:36:38,baseline,1,0.0,7314,16126,45.4
1785432998.71,17:36:38,baseline,2,0.0,7314,16126,45.4
1785432998.71,17:36:38,baseline,3,0.0,7314,16126,45.4
1785432998.71,17:36:38,baseline,4,0.0,7314,16126,45.4
1785432998.71,17:36:38,baseline,5,0.0,7314,16126,45.4
1785432998.71,17:36:38,baseline,6,0.0,7315,16126,45.4
1785432998.71,17:36:38,baseline,7,0.0,7314,16126,45.4
1785432999.71,17:36:39,baseline,0,0.0,7314,16126,45.4
1785432999.71,17:36:39,baseline,1,0.0,7314,16126,45.4
1785432999.71,17:36:39,baseline,2,0.0,7314,16126,45.4
1785432999.71,17:36:39,baseline,3,0.0,7314,16126,45.4
1785432999.71,17:36:39,baseline,4,0.0,7314,16126,45.4
1785432999.71,17:36:39,baseline,5,0.0,7314,16126,45.4
1785432999.71,17:36:39,baseline,6,0.0,7315,16126,45.4
1785432999.71,17:36:39,baseline,7,0.0,7314,16126,45.4
1785433000.71,17:36:40,baseline,0,0.0,7314,16126,45.4
1785433000.71,17:36:40,baseline,1,0.0,7314,16126,45.4
1785433000.71,17:36:40,baseline,2,0.0,7314,16126,45.4
1785433000.71,17:36:40,baseline,3,0.0,7314,16126,45.4
1785433000.71,17:36:40,baseline,4,0.0,7314,16126,45.4
1785433000.71,17:36:40,baseline,5,0.0,7314,16126,45.4
1785433000.71,17:36:40,baseline,6,0.0,7315,16126,45.4
1785433000.71,17:36:40,baseline,7,0.0,7314,16126,45.4
1785433001.711,17:36:41,baseline,0,0.0,7314,16126,45.4
1785433001.711,17:36:41,baseline,1,0.0,7314,16126,45.4
1785433001.711,17:36:41,baseline,2,0.0,7314,16126,45.4
1785433001.711,17:36:41,baseline,3,0.0,7314,16126,45.4
1785433001.711,17:36:41,baseline,4,0.0,7314,16126,45.4
1785433001.711,17:36:41,baseline,5,0.0,7314,16126,45.4
1785433001.711,17:36:41,baseline,6,0.0,7315,16126,45.4
1785433001.711,17:36:41,baseline,7,0.0,7314,16126,45.4
1785433002.711,17:36:42,baseline,0,0.0,7314,16126,45.4
1785433002.711,17:36:42,baseline,1,0.0,7314,16126,45.4
1785433002.711,17:36:42,baseline,2,0.0,7314,16126,45.4
1785433002.711,17:36:42,baseline,3,0.0,7314,16126,45.4
1785433002.711,17:36:42,baseline,4,0.0,7314,16126,45.4
1785433002.711,17:36:42,baseline,5,0.0,7314,16126,45.4
1785433002.711,17:36:42,baseline,6,0.0,7315,16126,45.4
1785433002.711,17:36:42,baseline,7,0.0,7314,16126,45.4
1785433003.711,17:36:43,baseline,0,0.0,7314,16126,45.4
1785433003.711,17:36:43,baseline,1,0.0,7314,16126,45.4
1785433003.711,17:36:43,baseline,2,0.0,7314,16126,45.4
1785433003.711,17:36:43,baseline,3,0.0,7314,16126,45.4
1785433003.711,17:36:43,baseline,4,0.0,7314,16126,45.4
1785433003.711,17:36:43,baseline,5,0.0,7314,16126,45.4
1785433003.711,17:36:43,baseline,6,0.0,7315,16126,45.4
1785433003.711,17:36:43,baseline,7,0.0,7314,16126,45.4
1785433004.711,17:36:44,baseline,0,0.0,7314,16126,45.4
1785433004.711,17:36:44,baseline,1,0.0,7314,16126,45.4
1785433004.711,17:36:44,baseline,2,0.0,7314,16126,45.4
1785433004.711,17:36:44,baseline,3,0.0,7314,16126,45.4
1785433004.711,17:36:44,baseline,4,0.0,7314,16126,45.4
1785433004.711,17:36:44,baseline,5,0.0,7314,16126,45.4
1785433004.711,17:36:44,baseline,6,0.0,7315,16126,45.4
1785433004.711,17:36:44,baseline,7,0.0,7314,16126,45.4
1785433005.711,17:36:45,baseline,0,50.2,6210,16126,38.5
1785433005.711,17:36:45,baseline,1,46.0,7086,16126,43.9
1785433005.711,17:36:45,baseline,2,49.8,7088,16126,44.0
1785433005.711,17:36:45,baseline,3,49.5,6499,16126,40.3
1785433005.711,17:36:45,baseline,4,40.5,6501,16126,40.3
1785433005.711,17:36:45,baseline,5,51.3,6210,16126,38.5
1785433005.711,17:36:45,baseline,6,9.8,6401,16126,39.7
1785433005.711,17:36:45,baseline,7,50.4,6507,16126,40.4
1785433006.711,17:36:46,baseline,0,50.2,6210,16126,38.5
1785433006.711,17:36:46,baseline,1,46.0,7086,16126,43.9
1785433006.711,17:36:46,baseline,2,49.8,7088,16126,44.0
1785433006.711,17:36:46,baseline,3,49.5,6499,16126,40.3
1785433006.711,17:36:46,baseline,4,40.5,6501,16126,40.3
1785433006.711,17:36:46,baseline,5,51.3,6210,16126,38.5
1785433006.711,17:36:46,baseline,6,9.8,6401,16126,39.7
1785433006.711,17:36:46,baseline,7,50.4,6507,16126,40.4
1785433007.711,17:36:47,baseline,0,50.2,6210,16126,38.5
1785433007.711,17:36:47,baseline,1,46.0,7086,16126,43.9
1785433007.711,17:36:47,baseline,2,49.8,7088,16126,44.0
1785433007.711,17:36:47,baseline,3,49.5,6499,16126,40.3
1785433007.711,17:36:47,baseline,4,40.5,6501,16126,40.3
1785433007.711,17:36:47,baseline,5,51.3,6210,16126,38.5
1785433007.711,17:36:47,baseline,6,9.8,6401,16126,39.7
1785433007.711,17:36:47,baseline,7,50.4,6507,16126,40.4
1785433008.711,17:36:48,baseline,0,50.2,6210,16126,38.5
1785433008.711,17:36:48,baseline,1,46.0,7086,16126,43.9
1785433008.711,17:36:48,baseline,2,49.8,7088,16126,44.0
1785433008.711,17:36:48,baseline,3,49.5,6499,16126,40.3
1785433008.711,17:36:48,baseline,4,40.5,6501,16126,40.3
1785433008.711,17:36:48,baseline,5,51.3,6210,16126,38.5
1785433008.711,17:36:48,baseline,6,9.8,6401,16126,39.7
1785433008.711,17:36:48,baseline,7,50.4,6507,16126,40.4
1785433009.711,17:36:49,baseline,0,50.2,6210,16126,38.5
1785433009.711,17:36:49,baseline,1,46.0,7086,16126,43.9
1785433009.711,17:36:49,baseline,2,49.8,7088,16126,44.0
1785433009.711,17:36:49,baseline,3,49.5,6499,16126,40.3
1785433009.711,17:36:49,baseline,4,40.5,6501,16126,40.3
1785433009.711,17:36:49,baseline,5,51.3,6210,16126,38.5
1785433009.711,17:36:49,baseline,6,9.8,6401,16126,39.7
1785433009.711,17:36:49,baseline,7,50.4,6507,16126,40.4
1785433010.712,17:36:50,baseline,0,98.4,10743,16126,66.6
1785433010.712,17:36:50,baseline,1,99.0,10743,16126,66.6
1785433010.712,17:36:50,baseline,2,97.5,10743,16126,66.6
1785433010.712,17:36:50,baseline,3,98.2,10743,16126,66.6
1785433010.712,17:36:50,baseline,4,98.0,10743,16126,66.6
1785433010.712,17:36:50,baseline,5,98.1,10743,16126,66.6
1785433010.712,17:36:50,baseline,6,73.7,10744,16126,66.6
1785433010.712,17:36:50,baseline,7,98.1,10743,16126,66.6
1785433011.712,17:36:51,baseline,0,98.4,10743,16126,66.6
1785433011.712,17:36:51,baseline,1,99.0,10743,16126,66.6
1785433011.712,17:36:51,baseline,2,97.5,10743,16126,66.6
1785433011.712,17:36:51,baseline,3,98.2,10743,16126,66.6
1785433011.712,17:36:51,baseline,4,98.0,10743,16126,66.6
1785433011.712,17:36:51,baseline,5,98.1,10743,16126,66.6
1785433011.712,17:36:51,baseline,6,73.7,10744,16126,66.6
1785433011.712,17:36:51,baseline,7,98.1,10743,16126,66.6
1785433012.712,17:36:52,baseline,0,98.4,10743,16126,66.6
1785433012.712,17:36:52,baseline,1,99.0,10743,16126,66.6
1785433012.712,17:36:52,baseline,2,97.5,10743,16126,66.6
1785433012.712,17:36:52,baseline,3,98.2,10743,16126,66.6
1785433012.712,17:36:52,baseline,4,98.0,10743,16126,66.6
1785433012.712,17:36:52,baseline,5,98.1,10743,16126,66.6
1785433012.712,17:36:52,baseline,6,73.7,10744,16126,66.6
1785433012.712,17:36:52,baseline,7,98.1,10743,16126,66.6
1785433013.712,17:36:53,baseline,0,98.4,10743,16126,66.6
1785433013.712,17:36:53,baseline,1,99.0,10743,16126,66.6
1785433013.712,17:36:53,baseline,2,97.5,10743,16126,66.6
1785433013.712,17:36:53,baseline,3,98.2,10743,16126,66.6
1785433013.712,17:36:53,baseline,4,98.0,10743,16126,66.6
1785433013.712,17:36:53,baseline,5,98.1,10743,16126,66.6
1785433013.712,17:36:53,baseline,6,73.7,10744,16126,66.6
1785433013.712,17:36:53,baseline,7,98.1,10743,16126,66.6
1785433014.712,17:36:54,baseline,0,98.4,10743,16126,66.6
1785433014.712,17:36:54,baseline,1,99.0,10743,16126,66.6
1785433014.712,17:36:54,baseline,2,97.5,10743,16126,66.6
1785433014.712,17:36:54,baseline,3,98.2,10743,16126,66.6
1785433014.712,17:36:54,baseline,4,98.0,10743,16126,66.6
1785433014.712,17:36:54,baseline,5,98.1,10743,16126,66.6
1785433014.712,17:36:54,baseline,6,73.7,10744,16126,66.6
1785433014.712,17:36:54,baseline,7,98.1,10743,16126,66.6
1785433015.712,17:36:55,baseline,0,98.8,8510,16126,52.8
1785433015.712,17:36:55,baseline,1,98.6,8526,16126,52.9
1785433015.712,17:36:55,baseline,2,98.9,8718,16126,54.1
1785433015.712,17:36:55,baseline,3,98.6,8558,16126,53.1
1785433015.712,17:36:55,baseline,4,98.9,8527,16126,52.9
1785433015.712,17:36:55,baseline,5,98.9,8527,16126,52.9
1785433015.712,17:36:55,baseline,6,98.9,8560,16126,53.1
1785433015.712,17:36:55,baseline,7,98.5,8606,16126,53.4
1785433016.712,17:36:56,baseline,0,98.8,8510,16126,52.8
1785433016.712,17:36:56,baseline,1,98.6,8526,16126,52.9
1785433016.712,17:36:56,baseline,2,98.9,8718,16126,54.1
1785433016.712,17:36:56,baseline,3,98.6,8558,16126,53.1
1785433016.712,17:36:56,baseline,4,98.9,8527,16126,52.9
1785433016.712,17:36:56,baseline,5,98.9,8527,16126,52.9
1785433016.712,17:36:56,baseline,6,98.9,8560,16126,53.1
1785433016.712,17:36:56,baseline,7,98.5,8606,16126,53.4
1785433017.712,17:36:57,baseline,0,98.8,8510,16126,52.8
1785433017.712,17:36:57,baseline,1,98.6,8526,16126,52.9
1785433017.712,17:36:57,baseline,2,98.9,8718,16126,54.1
1785433017.712,17:36:57,baseline,3,98.6,8558,16126,53.1
1785433017.712,17:36:57,baseline,4,98.9,8527,16126,52.9
1785433017.712,17:36:57,baseline,5,98.9,8527,16126,52.9
1785433017.712,17:36:57,baseline,6,98.9,8560,16126,53.1
1785433017.712,17:36:57,baseline,7,98.5,8606,16126,53.4
1785433018.712,17:36:58,baseline,0,98.8,8510,16126,52.8
1785433018.712,17:36:58,baseline,1,98.6,8526,16126,52.9
1785433018.712,17:36:58,baseline,2,98.9,8718,16126,54.1
1785433018.712,17:36:58,baseline,3,98.6,8558,16126,53.1
1785433018.712,17:36:58,baseline,4,98.9,8527,16126,52.9
1785433018.712,17:36:58,baseline,5,98.9,8527,16126,52.9
1785433018.712,17:36:58,baseline,6,98.9,8560,16126,53.1
1785433018.712,17:36:58,baseline,7,98.5,8606,16126,53.4
1785433019.713,17:36:59,baseline,0,98.8,8510,16126,52.8
1785433019.713,17:36:59,baseline,1,98.6,8526,16126,52.9
1785433019.713,17:36:59,baseline,2,98.9,8718,16126,54.1
1785433019.713,17:36:59,baseline,3,98.6,8558,16126,53.1
1785433019.713,17:36:59,baseline,4,98.9,8527,16126,52.9
1785433019.713,17:36:59,baseline,5,98.9,8527,16126,52.9
1785433019.713,17:36:59,baseline,6,98.9,8560,16126,53.1
1785433019.713,17:36:59,baseline,7,98.5,8606,16126,53.4
1785433020.713,17:37:00,baseline,0,96.1,10603,16126,65.8
1785433020.713,17:37:00,baseline,1,96.5,10603,16126,65.8
1785433020.713,17:37:00,baseline,2,96.6,10603,16126,65.8
1785433020.713,17:37:00,baseline,3,96.7,10603,16126,65.8
1785433020.713,17:37:00,baseline,4,96.9,10603,16126,65.8
1785433020.713,17:37:00,baseline,5,96.8,10603,16126,65.8
1785433020.713,17:37:00,baseline,6,97.2,10605,16126,65.8
1785433020.713,17:37:00,baseline,7,96.7,10603,16126,65.8
1785433021.713,17:37:01,baseline,0,96.1,10603,16126,65.8
1785433021.713,17:37:01,baseline,1,96.5,10603,16126,65.8
1785433021.713,17:37:01,baseline,2,96.6,10603,16126,65.8
1785433021.713,17:37:01,baseline,3,96.7,10603,16126,65.8
1785433021.713,17:37:01,baseline,4,96.9,10603,16126,65.8
1785433021.713,17:37:01,baseline,5,96.8,10603,16126,65.8
1785433021.713,17:37:01,baseline,6,97.2,10605,16126,65.8
1785433021.713,17:37:01,baseline,7,96.7,10603,16126,65.8
1785433022.713,17:37:02,baseline,0,96.1,10603,16126,65.8
1785433022.713,17:37:02,baseline,1,96.5,10603,16126,65.8
1785433022.713,17:37:02,baseline,2,96.6,10603,16126,65.8
1785433022.713,17:37:02,baseline,3,96.7,10603,16126,65.8
1785433022.713,17:37:02,baseline,4,96.9,10603,16126,65.8
1785433022.713,17:37:02,baseline,5,96.8,10603,16126,65.8
1785433022.713,17:37:02,baseline,6,97.2,10605,16126,65.8
1785433022.713,17:37:02,baseline,7,96.7,10603,16126,65.8
1785433023.713,17:37:03,baseline,0,96.1,10603,16126,65.8
1785433023.713,17:37:03,baseline,1,96.5,10603,16126,65.8
1785433023.713,17:37:03,baseline,2,96.6,10603,16126,65.8
1785433023.713,17:37:03,baseline,3,96.7,10603,16126,65.8
1785433023.713,17:37:03,baseline,4,96.9,10603,16126,65.8
1785433023.713,17:37:03,baseline,5,96.8,10603,16126,65.8
1785433023.713,17:37:03,baseline,6,97.2,10605,16126,65.8
1785433023.713,17:37:03,baseline,7,96.7,10603,16126,65.8
1785433024.713,17:37:04,baseline,0,96.1,10603,16126,65.8
1785433024.713,17:37:04,baseline,1,96.5,10603,16126,65.8
1785433024.713,17:37:04,baseline,2,96.6,10603,16126,65.8
1785433024.713,17:37:04,baseline,3,96.7,10603,16126,65.8
1785433024.713,17:37:04,baseline,4,96.9,10603,16126,65.8
1785433024.713,17:37:04,baseline,5,96.8,10603,16126,65.8
1785433024.713,17:37:04,baseline,6,97.2,10605,16126,65.8
1785433024.713,17:37:04,baseline,7,96.7,10603,16126,65.8
1785433025.713,17:37:05,baseline,0,100.0,8575,16126,53.2
1785433025.713,17:37:05,baseline,1,100.0,8622,16126,53.5
1785433025.713,17:37:05,baseline,2,99.8,8606,16126,53.4
1785433025.713,17:37:05,baseline,3,99.6,8686,16126,53.9
1785433025.713,17:37:05,baseline,4,100.0,8510,16126,52.8
1785433025.713,17:37:05,baseline,5,100.0,8478,16126,52.6
1785433025.713,17:37:05,baseline,6,100.0,8784,16126,54.5
1785433025.713,17:37:05,baseline,7,100.0,8606,16126,53.4
1785433026.713,17:37:06,baseline,0,100.0,8575,16126,53.2
1785433026.713,17:37:06,baseline,1,100.0,8622,16126,53.5
1785433026.713,17:37:06,baseline,2,99.8,8606,16126,53.4
1785433026.713,17:37:06,baseline,3,99.6,8686,16126,53.9
1785433026.713,17:37:06,baseline,4,100.0,8510,16126,52.8
1785433026.713,17:37:06,baseline,5,100.0,8478,16126,52.6
1785433026.713,17:37:06,baseline,6,100.0,8784,16126,54.5
1785433026.713,17:37:06,baseline,7,100.0,8606,16126,53.4
1785433027.713,17:37:07,baseline,0,100.0,8575,16126,53.2
1785433027.713,17:37:07,baseline,1,100.0,8622,16126,53.5
1785433027.713,17:37:07,baseline,2,99.8,8606,16126,53.4
1785433027.713,17:37:07,baseline,3,99.6,8686,16126,53.9
1785433027.713,17:37:07,baseline,4,100.0,8510,16126,52.8
1785433027.713,17:37:07,baseline,5,100.0,8478,16126,52.6
1785433027.713,17:37:07,baseline,6,100.0,8784,16126,54.5
1785433027.713,17:37:07,baseline,7,100.0,8606,16126,53.4
1785433028.714,17:37:08,baseline,0,100.0,8575,16126,53.2
1785433028.714,17:37:08,baseline,1,100.0,8622,16126,53.5
1785433028.714,17:37:08,baseline,2,99.8,8606,16126,53.4
1785433028.714,17:37:08,baseline,3,99.6,8686,16126,53.9
1785433028.714,17:37:08,baseline,4,100.0,8510,16126,52.8
1785433028.714,17:37:08,baseline,5,100.0,8478,16126,52.6
1785433028.714,17:37:08,baseline,6,100.0,8784,16126,54.5
1785433028.714,17:37:08,baseline,7,100.0,8606,16126,53.4
1785433029.714,17:37:09,baseline,0,100.0,8575,16126,53.2
1785433029.714,17:37:09,baseline,1,100.0,8622,16126,53.5
1785433029.714,17:37:09,baseline,2,99.8,8606,16126,53.4
1785433029.714,17:37:09,baseline,3,99.6,8686,16126,53.9
1785433029.714,17:37:09,baseline,4,100.0,8510,16126,52.8
1785433029.714,17:37:09,baseline,5,100.0,8478,16126,52.6
1785433029.714,17:37:09,baseline,6,100.0,8784,16126,54.5
1785433029.714,17:37:09,baseline,7,100.0,8606,16126,53.4
1785433030.714,17:37:10,baseline,0,98.9,10603,16126,65.8
1785433030.714,17:37:10,baseline,1,98.3,10603,16126,65.8
1785433030.714,17:37:10,baseline,2,97.5,10603,16126,65.8
1785433030.714,17:37:10,baseline,3,97.6,10603,16126,65.8
1785433030.714,17:37:10,baseline,4,98.8,10603,16126,65.8
1785433030.714,17:37:10,baseline,5,97.9,10603,16126,65.8
1785433030.714,17:37:10,baseline,6,98.8,10605,16126,65.8
1785433030.714,17:37:10,baseline,7,98.3,10603,16126,65.8
1785433031.714,17:37:11,baseline,0,98.9,10603,16126,65.8
1785433031.714,17:37:11,baseline,1,98.3,10603,16126,65.8
1785433031.714,17:37:11,baseline,2,97.5,10603,16126,65.8
1785433031.714,17:37:11,baseline,3,97.6,10603,16126,65.8
1785433031.714,17:37:11,baseline,4,98.8,10603,16126,65.8
1785433031.714,17:37:11,baseline,5,97.9,10603,16126,65.8
1785433031.714,17:37:11,baseline,6,98.8,10605,16126,65.8
1785433031.714,17:37:11,baseline,7,98.3,10603,16126,65.8
1785433032.714,17:37:12,baseline,0,98.9,10603,16126,65.8
1785433032.714,17:37:12,baseline,1,98.3,10603,16126,65.8
1785433032.714,17:37:12,baseline,2,97.5,10603,16126,65.8
1785433032.714,17:37:12,baseline,3,97.6,10603,16126,65.8
1785433032.714,17:37:12,baseline,4,98.8,10603,16126,65.8
1785433032.714,17:37:12,baseline,5,97.9,10603,16126,65.8
1785433032.714,17:37:12,baseline,6,98.8,10605,16126,65.8
1785433032.714,17:37:12,baseline,7,98.3,10603,16126,65.8
1785433033.714,17:37:13,baseline,0,98.9,10603,16126,65.8
1785433033.714,17:37:13,baseline,1,98.3,10603,16126,65.8
1785433033.714,17:37:13,baseline,2,97.5,10603,16126,65.8
1785433033.714,17:37:13,baseline,3,97.6,10603,16126,65.8
1785433033.714,17:37:13,baseline,4,98.8,10603,16126,65.8
1785433033.714,17:37:13,baseline,5,97.9,10603,16126,65.8
1785433033.714,17:37:13,baseline,6,98.8,10605,16126,65.8
1785433033.714,17:37:13,baseline,7,98.3,10603,16126,65.8
1785433034.714,17:37:14,baseline,0,98.9,10603,16126,65.8
1785433034.714,17:37:14,baseline,1,98.3,10603,16126,65.8
1785433034.714,17:37:14,baseline,2,97.5,10603,16126,65.8
1785433034.714,17:37:14,baseline,3,97.6,10603,16126,65.8
1785433034.714,17:37:14,baseline,4,98.8,10603,16126,65.8
1785433034.714,17:37:14,baseline,5,97.9,10603,16126,65.8
1785433034.714,17:37:14,baseline,6,98.8,10605,16126,65.8
1785433034.714,17:37:14,baseline,7,98.3,10603,16126,65.8
1785433035.714,17:37:15,baseline,0,99.2,8559,16126,53.1
1785433035.714,17:37:15,baseline,1,99.0,8526,16126,52.9
1785433035.714,17:37:15,baseline,2,99.5,8750,16126,54.3
1785433035.714,17:37:15,baseline,3,99.3,8446,16126,52.4
1785433035.714,17:37:15,baseline,4,99.3,8654,16126,53.7
1785433035.714,17:37:15,baseline,5,99.5,8654,16126,53.7
1785433035.714,17:37:15,baseline,6,96.9,10744,16126,66.6
1785433035.714,17:37:15,baseline,7,99.4,8430,16126,52.3
1785433036.714,17:37:16,baseline,0,99.2,8559,16126,53.1
1785433036.714,17:37:16,baseline,1,99.0,8526,16126,52.9
1785433036.714,17:37:16,baseline,2,99.5,8750,16126,54.3
1785433036.714,17:37:16,baseline,3,99.3,8446,16126,52.4
1785433036.714,17:37:16,baseline,4,99.3,8654,16126,53.7
1785433036.714,17:37:16,baseline,5,99.5,8654,16126,53.7
1785433036.714,17:37:16,baseline,6,96.9,10744,16126,66.6
1785433036.714,17:37:16,baseline,7,99.4,8430,16126,52.3
1785433037.715,17:37:17,baseline,0,99.2,8559,16126,53.1
1785433037.715,17:37:17,baseline,1,99.0,8526,16126,52.9
1785433037.715,17:37:17,baseline,2,99.5,8750,16126,54.3
1785433037.715,17:37:17,baseline,3,99.3,8446,16126,52.4
1785433037.715,17:37:17,baseline,4,99.3,8654,16126,53.7
1785433037.715,17:37:17,baseline,5,99.5,8654,16126,53.7
1785433037.715,17:37:17,baseline,6,96.9,10744,16126,66.6
1785433037.715,17:37:17,baseline,7,99.4,8430,16126,52.3
1785433038.715,17:37:18,baseline,0,99.2,8559,16126,53.1
1785433038.715,17:37:18,baseline,1,99.0,8526,16126,52.9
1785433038.715,17:37:18,baseline,2,99.5,8750,16126,54.3
1785433038.715,17:37:18,baseline,3,99.3,8446,16126,52.4
1785433038.715,17:37:18,baseline,4,99.3,8654,16126,53.7
1785433038.715,17:37:18,baseline,5,99.5,8654,16126,53.7
1785433038.715,17:37:18,baseline,6,96.9,10744,16126,66.6
1785433038.715,17:37:18,baseline,7,99.4,8430,16126,52.3
1785433039.715,17:37:19,baseline,0,99.2,8559,16126,53.1
1785433039.715,17:37:19,baseline,1,99.0,8526,16126,52.9
1785433039.715,17:37:19,baseline,2,99.5,8750,16126,54.3
1785433039.715,17:37:19,baseline,3,99.3,8446,16126,52.4
1785433039.715,17:37:19,baseline,4,99.3,8654,16126,53.7
1785433039.715,17:37:19,baseline,5,99.5,8654,16126,53.7
1785433039.715,17:37:19,baseline,6,96.9,10744,16126,66.6
1785433039.715,17:37:19,baseline,7,99.4,8430,16126,52.3
1785433040.715,17:37:20,baseline,0,98.6,10603,16126,65.8
1785433040.715,17:37:20,baseline,1,98.4,10603,16126,65.8
1785433040.715,17:37:20,baseline,2,98.3,10603,16126,65.8
1785433040.715,17:37:20,baseline,3,98.6,10603,16126,65.8
1785433040.715,17:37:20,baseline,4,98.6,10603,16126,65.8
1785433040.715,17:37:20,baseline,5,98.5,10603,16126,65.8
1785433040.715,17:37:20,baseline,6,100.0,10605,16126,65.8
1785433040.715,17:37:20,baseline,7,98.5,10603,16126,65.8
1785433041.715,17:37:21,baseline,0,98.6,10603,16126,65.8
1785433041.715,17:37:21,baseline,1,98.4,10603,16126,65.8
1785433041.715,17:37:21,baseline,2,98.3,10603,16126,65.8
1785433041.715,17:37:21,baseline,3,98.6,10603,16126,65.8
1785433041.715,17:37:21,baseline,4,98.6,10603,16126,65.8
1785433041.715,17:37:21,baseline,5,98.5,10603,16126,65.8
1785433041.715,17:37:21,baseline,6,100.0,10605,16126,65.8
1785433041.715,17:37:21,baseline,7,98.5,10603,16126,65.8
1785433042.715,17:37:22,baseline,0,98.6,10603,16126,65.8
1785433042.715,17:37:22,baseline,1,98.4,10603,16126,65.8
1785433042.715,17:37:22,baseline,2,98.3,10603,16126,65.8
1785433042.715,17:37:22,baseline,3,98.6,10603,16126,65.8
1785433042.715,17:37:22,baseline,4,98.6,10603,16126,65.8
1785433042.715,17:37:22,baseline,5,98.5,10603,16126,65.8
1785433042.715,17:37:22,baseline,6,100.0,10605,16126,65.8
1785433042.715,17:37:22,baseline,7,98.5,10603,16126,65.8
1785433043.715,17:37:23,baseline,0,98.6,10603,16126,65.8
1785433043.715,17:37:23,baseline,1,98.4,10603,16126,65.8
1785433043.715,17:37:23,baseline,2,98.3,10603,16126,65.8
1785433043.715,17:37:23,baseline,3,98.6,10603,16126,65.8
1785433043.715,17:37:23,baseline,4,98.6,10603,16126,65.8
1785433043.715,17:37:23,baseline,5,98.5,10603,16126,65.8
1785433043.715,17:37:23,baseline,6,100.0,10605,16126,65.8
1785433043.715,17:37:23,baseline,7,98.5,10603,16126,65.8
1785433044.715,17:37:24,baseline,0,98.6,10603,16126,65.8
1785433044.715,17:37:24,baseline,1,98.4,10603,16126,65.8
1785433044.715,17:37:24,baseline,2,98.3,10603,16126,65.8
1785433044.715,17:37:24,baseline,3,98.6,10603,16126,65.8
1785433044.715,17:37:24,baseline,4,98.6,10603,16126,65.8
1785433044.715,17:37:24,baseline,5,98.5,10603,16126,65.8
1785433044.715,17:37:24,baseline,6,100.0,10605,16126,65.8
1785433044.715,17:37:24,baseline,7,98.5,10603,16126,65.8
1785433045.715,17:37:25,baseline,0,96.1,10743,16126,66.6
1785433045.715,17:37:25,baseline,1,97.0,10743,16126,66.6
1785433045.715,17:37:25,baseline,2,97.1,10743,16126,66.6
1785433045.715,17:37:25,baseline,3,97.1,10743,16126,66.6
1785433045.715,17:37:25,baseline,4,97.3,10743,16126,66.6
1785433045.715,17:37:25,baseline,5,96.9,10743,16126,66.6
1785433045.715,17:37:25,baseline,6,98.8,10744,16126,66.6
1785433045.715,17:37:25,baseline,7,96.8,10743,16126,66.6
1785433046.716,17:37:26,baseline,0,96.1,10743,16126,66.6
1785433046.716,17:37:26,baseline,1,97.0,10743,16126,66.6
1785433046.716,17:37:26,baseline,2,97.1,10743,16126,66.6
1785433046.716,17:37:26,baseline,3,97.1,10743,16126,66.6
1785433046.716,17:37:26,baseline,4,97.3,10743,16126,66.6
1785433046.716,17:37:26,baseline,5,96.9,10743,16126,66.6
1785433046.716,17:37:26,baseline,6,98.8,10744,16126,66.6
1785433046.716,17:37:26,baseline,7,96.8,10743,16126,66.6
1785433047.716,17:37:27,baseline,0,96.1,10743,16126,66.6
1785433047.716,17:37:27,baseline,1,97.0,10743,16126,66.6
1785433047.716,17:37:27,baseline,2,97.1,10743,16126,66.6
1785433047.716,17:37:27,baseline,3,97.1,10743,16126,66.6
1785433047.716,17:37:27,baseline,4,97.3,10743,16126,66.6
1785433047.716,17:37:27,baseline,5,96.9,10743,16126,66.6
1785433047.716,17:37:27,baseline,6,98.8,10744,16126,66.6
1785433047.716,17:37:27,baseline,7,96.8,10743,16126,66.6
1785433048.716,17:37:28,baseline,0,96.1,10743,16126,66.6
1785433048.716,17:37:28,baseline,1,97.0,10743,16126,66.6
1785433048.716,17:37:28,baseline,2,97.1,10743,16126,66.6
1785433048.716,17:37:28,baseline,3,97.1,10743,16126,66.6
1785433048.716,17:37:28,baseline,4,97.3,10743,16126,66.6
1785433048.716,17:37:28,baseline,5,96.9,10743,16126,66.6
1785433048.716,17:37:28,baseline,6,98.8,10744,16126,66.6
1785433048.716,17:37:28,baseline,7,96.8,10743,16126,66.6
1785433049.716,17:37:29,baseline,0,96.1,10743,16126,66.6
1785433049.716,17:37:29,baseline,1,97.0,10743,16126,66.6
1785433049.716,17:37:29,baseline,2,97.1,10743,16126,66.6
1785433049.716,17:37:29,baseline,3,97.1,10743,16126,66.6
1785433049.716,17:37:29,baseline,4,97.3,10743,16126,66.6
1785433049.716,17:37:29,baseline,5,96.9,10743,16126,66.6
1785433049.716,17:37:29,baseline,6,98.8,10744,16126,66.6
1785433049.716,17:37:29,baseline,7,96.8,10743,16126,66.6
1785433050.716,17:37:30,baseline,0,99.9,8606,16126,53.4
1785433050.716,17:37:30,baseline,1,99.9,8558,16126,53.1
1785433050.716,17:37:30,baseline,2,100.0,8559,16126,53.1
1785433050.716,17:37:30,baseline,3,99.9,8575,16126,53.2
1785433050.716,17:37:30,baseline,4,100.0,8526,16126,52.9
1785433050.716,17:37:30,baseline,5,100.0,8494,16126,52.7
1785433050.716,17:37:30,baseline,6,100.0,8576,16126,53.2
1785433050.716,17:37:30,baseline,7,100.0,8575,16126,53.2
1785433051.716,17:37:31,baseline,0,99.9,8606,16126,53.4
1785433051.716,17:37:31,baseline,1,99.9,8558,16126,53.1
1785433051.716,17:37:31,baseline,2,100.0,8559,16126,53.1
1785433051.716,17:37:31,baseline,3,99.9,8575,16126,53.2
1785433051.716,17:37:31,baseline,4,100.0,8526,16126,52.9
1785433051.716,17:37:31,baseline,5,100.0,8494,16126,52.7
1785433051.716,17:37:31,baseline,6,100.0,8576,16126,53.2
1785433051.716,17:37:31,baseline,7,100.0,8575,16126,53.2
1785433052.716,17:37:32,baseline,0,99.9,8606,16126,53.4
1785433052.716,17:37:32,baseline,1,99.9,8558,16126,53.1
1785433052.716,17:37:32,baseline,2,100.0,8559,16126,53.1
1785433052.716,17:37:32,baseline,3,99.9,8575,16126,53.2
1785433052.716,17:37:32,baseline,4,100.0,8526,16126,52.9
1785433052.716,17:37:32,baseline,5,100.0,8494,16126,52.7
1785433052.716,17:37:32,baseline,6,100.0,8576,16126,53.2
1785433052.716,17:37:32,baseline,7,100.0,8575,16126,53.2
1785433053.716,17:37:33,baseline,0,99.9,8606,16126,53.4
1785433053.716,17:37:33,baseline,1,99.9,8558,16126,53.1
1785433053.716,17:37:33,baseline,2,100.0,8559,16126,53.1
1785433053.716,17:37:33,baseline,3,99.9,8575,16126,53.2
1785433053.716,17:37:33,baseline,4,100.0,8526,16126,52.9
1785433053.716,17:37:33,baseline,5,100.0,8494,16126,52.7
1785433053.716,17:37:33,baseline,6,100.0,8576,16126,53.2
1785433053.716,17:37:33,baseline,7,100.0,8575,16126,53.2
1785433054.716,17:37:34,baseline,0,99.9,8606,16126,53.4
1785433054.716,17:37:34,baseline,1,99.9,8558,16126,53.1
1785433054.716,17:37:34,baseline,2,100.0,8559,16126,53.1
1785433054.716,17:37:34,baseline,3,99.9,8575,16126,53.2
1785433054.716,17:37:34,baseline,4,100.0,8526,16126,52.9
1785433054.716,17:37:34,baseline,5,100.0,8494,16126,52.7
1785433054.716,17:37:34,baseline,6,100.0,8576,16126,53.2
1785433054.716,17:37:34,baseline,7,100.0,8575,16126,53.2
1785433055.717,17:37:35,baseline,0,97.9,10743,16126,66.6
1785433055.717,17:37:35,baseline,1,97.8,10743,16126,66.6
1785433055.717,17:37:35,baseline,2,98.1,10743,16126,66.6
1785433055.717,17:37:35,baseline,3,98.1,10743,16126,66.6
1785433055.717,17:37:35,baseline,4,98.3,10743,16126,66.6
1785433055.717,17:37:35,baseline,5,98.3,10743,16126,66.6
1785433055.717,17:37:35,baseline,6,98.5,10744,16126,66.6
1785433055.717,17:37:35,baseline,7,98.1,10743,16126,66.6
1785433056.717,17:37:36,baseline,0,97.9,10743,16126,66.6
1785433056.717,17:37:36,baseline,1,97.8,10743,16126,66.6
1785433056.717,17:37:36,baseline,2,98.1,10743,16126,66.6
1785433056.717,17:37:36,baseline,3,98.1,10743,16126,66.6
1785433056.717,17:37:36,baseline,4,98.3,10743,16126,66.6
1785433056.717,17:37:36,baseline,5,98.3,10743,16126,66.6
1785433056.717,17:37:36,baseline,6,98.5,10744,16126,66.6
1785433056.717,17:37:36,baseline,7,98.1,10743,16126,66.6
1785433057.717,17:37:37,baseline,0,97.9,10743,16126,66.6
1785433057.717,17:37:37,baseline,1,97.8,10743,16126,66.6
1785433057.717,17:37:37,baseline,2,98.1,10743,16126,66.6
1785433057.717,17:37:37,baseline,3,98.1,10743,16126,66.6
1785433057.717,17:37:37,baseline,4,98.3,10743,16126,66.6
1785433057.717,17:37:37,baseline,5,98.3,10743,16126,66.6
1785433057.717,17:37:37,baseline,6,98.5,10744,16126,66.6
1785433057.717,17:37:37,baseline,7,98.1,10743,16126,66.6
1785433058.717,17:37:38,baseline,0,97.9,10743,16126,66.6
1785433058.717,17:37:38,baseline,1,97.8,10743,16126,66.6
1785433058.717,17:37:38,baseline,2,98.1,10743,16126,66.6
1785433058.717,17:37:38,baseline,3,98.1,10743,16126,66.6
1785433058.717,17:37:38,baseline,4,98.3,10743,16126,66.6
1785433058.717,17:37:38,baseline,5,98.3,10743,16126,66.6
1785433058.717,17:37:38,baseline,6,98.5,10744,16126,66.6
1785433058.717,17:37:38,baseline,7,98.1,10743,16126,66.6
1785433059.717,17:37:39,baseline,0,97.9,10743,16126,66.6
1785433059.717,17:37:39,baseline,1,97.8,10743,16126,66.6
1785433059.717,17:37:39,baseline,2,98.1,10743,16126,66.6
1785433059.717,17:37:39,baseline,3,98.1,10743,16126,66.6
1785433059.717,17:37:39,baseline,4,98.3,10743,16126,66.6
1785433059.717,17:37:39,baseline,5,98.3,10743,16126,66.6
1785433059.717,17:37:39,baseline,6,98.5,10744,16126,66.6
1785433059.717,17:37:39,baseline,7,98.1,10743,16126,66.6
1785433060.717,17:37:40,baseline,0,98.8,8718,16126,54.1
1785433060.717,17:37:40,baseline,1,99.1,8654,16126,53.7
1785433060.717,17:37:40,baseline,2,98.9,8575,16126,53.2
1785433060.717,17:37:40,baseline,3,99.1,8559,16126,53.1
1785433060.717,17:37:40,baseline,4,99.1,8718,16126,54.1
1785433060.717,17:37:40,baseline,5,98.8,8590,16126,53.3
1785433060.717,17:37:40,baseline,6,99.0,8528,16126,52.9
1785433060.717,17:37:40,baseline,7,99.1,8559,16126,53.1
1785433061.717,17:37:41,baseline,0,98.8,8718,16126,54.1
1785433061.717,17:37:41,baseline,1,99.1,8654,16126,53.7
1785433061.717,17:37:41,baseline,2,98.9,8575,16126,53.2
1785433061.717,17:37:41,baseline,3,99.1,8559,16126,53.1
1785433061.717,17:37:41,baseline,4,99.1,8718,16126,54.1
1785433061.717,17:37:41,baseline,5,98.8,8590,16126,53.3
1785433061.717,17:37:41,baseline,6,99.0,8528,16126,52.9
1785433061.717,17:37:41,baseline,7,99.1,8559,16126,53.1
1785433062.717,17:37:42,baseline,0,98.8,8718,16126,54.1
1785433062.717,17:37:42,baseline,1,99.1,8654,16126,53.7
1785433062.717,17:37:42,baseline,2,98.9,8575,16126,53.2
1785433062.717,17:37:42,baseline,3,99.1,8559,16126,53.1
1785433062.717,17:37:42,baseline,4,99.1,8718,16126,54.1
1785433062.717,17:37:42,baseline,5,98.8,8590,16126,53.3
1785433062.717,17:37:42,baseline,6,99.0,8528,16126,52.9
1785433062.717,17:37:42,baseline,7,99.1,8559,16126,53.1
1785433063.717,17:37:43,baseline,0,98.8,8718,16126,54.1
1785433063.717,17:37:43,baseline,1,99.1,8654,16126,53.7
1785433063.717,17:37:43,baseline,2,98.9,8575,16126,53.2
1785433063.717,17:37:43,baseline,3,99.1,8559,16126,53.1
1785433063.717,17:37:43,baseline,4,99.1,8718,16126,54.1
1785433063.717,17:37:43,baseline,5,98.8,8590,16126,53.3
1785433063.717,17:37:43,baseline,6,99.0,8528,16126,52.9
1785433063.717,17:37:43,baseline,7,99.1,8559,16126,53.1
1785433064.718,17:37:44,baseline,0,98.8,8718,16126,54.1
1785433064.718,17:37:44,baseline,1,99.1,8654,16126,53.7
1785433064.718,17:37:44,baseline,2,98.9,8575,16126,53.2
1785433064.718,17:37:44,baseline,3,99.1,8559,16126,53.1
1785433064.718,17:37:44,baseline,4,99.1,8718,16126,54.1
1785433064.718,17:37:44,baseline,5,98.8,8590,16126,53.3
1785433064.718,17:37:44,baseline,6,99.0,8528,16126,52.9
1785433064.718,17:37:44,baseline,7,99.1,8559,16126,53.1
1785433065.718,17:37:45,baseline,0,96.0,10603,16126,65.8
1785433065.718,17:37:45,baseline,1,96.4,10603,16126,65.8
1785433065.718,17:37:45,baseline,2,96.3,10603,16126,65.8
1785433065.718,17:37:45,baseline,3,96.5,10603,16126,65.8
1785433065.718,17:37:45,baseline,4,96.4,10603,16126,65.8
1785433065.718,17:37:45,baseline,5,96.2,10603,16126,65.8
1785433065.718,17:37:45,baseline,6,96.7,10605,16126,65.8
1785433065.718,17:37:45,baseline,7,96.4,10603,16126,65.8
1785433066.718,17:37:46,baseline,0,96.0,10603,16126,65.8
1785433066.718,17:37:46,baseline,1,96.4,10603,16126,65.8
1785433066.718,17:37:46,baseline,2,96.3,10603,16126,65.8
1785433066.718,17:37:46,baseline,3,96.5,10603,16126,65.8
1785433066.718,17:37:46,baseline,4,96.4,10603,16126,65.8
1785433066.718,17:37:46,baseline,5,96.2,10603,16126,65.8
1785433066.718,17:37:46,baseline,6,96.7,10605,16126,65.8
1785433066.718,17:37:46,baseline,7,96.4,10603,16126,65.8
1785433067.718,17:37:47,baseline,0,96.0,10603,16126,65.8
1785433067.718,17:37:47,baseline,1,96.4,10603,16126,65.8
1785433067.718,17:37:47,baseline,2,96.3,10603,16126,65.8
1785433067.718,17:37:47,baseline,3,96.5,10603,16126,65.8
1785433067.718,17:37:47,baseline,4,96.4,10603,16126,65.8
1785433067.718,17:37:47,baseline,5,96.2,10603,16126,65.8
1785433067.718,17:37:47,baseline,6,96.7,10605,16126,65.8
1785433067.718,17:37:47,baseline,7,96.4,10603,16126,65.8
1785433068.718,17:37:48,baseline,0,96.0,10603,16126,65.8
1785433068.718,17:37:48,baseline,1,96.4,10603,16126,65.8
1785433068.718,17:37:48,baseline,2,96.3,10603,16126,65.8
1785433068.718,17:37:48,baseline,3,96.5,10603,16126,65.8
1785433068.718,17:37:48,baseline,4,96.4,10603,16126,65.8
1785433068.718,17:37:48,baseline,5,96.2,10603,16126,65.8
1785433068.718,17:37:48,baseline,6,96.7,10605,16126,65.8
1785433068.718,17:37:48,baseline,7,96.4,10603,16126,65.8
1785433069.718,17:37:49,baseline,0,96.0,10603,16126,65.8
1785433069.718,17:37:49,baseline,1,96.4,10603,16126,65.8
1785433069.718,17:37:49,baseline,2,96.3,10603,16126,65.8
1785433069.718,17:37:49,baseline,3,96.5,10603,16126,65.8
1785433069.718,17:37:49,baseline,4,96.4,10603,16126,65.8
1785433069.718,17:37:49,baseline,5,96.2,10603,16126,65.8
1785433069.718,17:37:49,baseline,6,96.7,10605,16126,65.8
1785433069.718,17:37:49,baseline,7,96.4,10603,16126,65.8
1785433070.718,17:37:50,baseline,0,100.0,8478,16126,52.6
1785433070.718,17:37:50,baseline,1,100.0,8478,16126,52.6
1785433070.718,17:37:50,baseline,2,100.0,8543,16126,53.0
1785433070.718,17:37:50,baseline,3,100.0,8575,16126,53.2
1785433070.718,17:37:50,baseline,4,100.0,8606,16126,53.4
1785433070.718,17:37:50,baseline,5,100.0,8590,16126,53.3
1785433070.718,17:37:50,baseline,6,100.0,8592,16126,53.3
1785433070.718,17:37:50,baseline,7,100.0,8575,16126,53.2
1785433071.718,17:37:51,baseline,0,100.0,8478,16126,52.6
1785433071.718,17:37:51,baseline,1,100.0,8478,16126,52.6
1785433071.718,17:37:51,baseline,2,100.0,8543,16126,53.0
1785433071.718,17:37:51,baseline,3,100.0,8575,16126,53.2
1785433071.718,17:37:51,baseline,4,100.0,8606,16126,53.4
1785433071.718,17:37:51,baseline,5,100.0,8590,16126,53.3
1785433071.718,17:37:51,baseline,6,100.0,8592,16126,53.3
1785433071.718,17:37:51,baseline,7,100.0,8575,16126,53.2
1785433072.718,17:37:52,baseline,0,100.0,8478,16126,52.6
1785433072.718,17:37:52,baseline,1,100.0,8478,16126,52.6
1785433072.718,17:37:52,baseline,2,100.0,8543,16126,53.0
1785433072.718,17:37:52,baseline,3,100.0,8575,16126,53.2
1785433072.718,17:37:52,baseline,4,100.0,8606,16126,53.4
1785433072.718,17:37:52,baseline,5,100.0,8590,16126,53.3
1785433072.718,17:37:52,baseline,6,100.0,8592,16126,53.3
1785433072.718,17:37:52,baseline,7,100.0,8575,16126,53.2
1785433073.719,17:37:53,baseline,0,100.0,8478,16126,52.6
1785433073.719,17:37:53,baseline,1,100.0,8478,16126,52.6
1785433073.719,17:37:53,baseline,2,100.0,8543,16126,53.0
1785433073.719,17:37:53,baseline,3,100.0,8575,16126,53.2
1785433073.719,17:37:53,baseline,4,100.0,8606,16126,53.4
1785433073.719,17:37:53,baseline,5,100.0,8590,16126,53.3
1785433073.719,17:37:53,baseline,6,100.0,8592,16126,53.3
1785433073.719,17:37:53,baseline,7,100.0,8575,16126,53.2
1785433074.719,17:37:54,baseline,0,100.0,8478,16126,52.6
1785433074.719,17:37:54,baseline,1,100.0,8478,16126,52.6
1785433074.719,17:37:54,baseline,2,100.0,8543,16126,53.0
1785433074.719,17:37:54,baseline,3,100.0,8575,16126,53.2
1785433074.719,17:37:54,baseline,4,100.0,8606,16126,53.4
1785433074.719,17:37:54,baseline,5,100.0,8590,16126,53.3
1785433074.719,17:37:54,baseline,6,100.0,8592,16126,53.3
1785433074.719,17:37:54,baseline,7,100.0,8575,16126,53.2
1785433075.719,17:37:55,baseline,0,98.0,10604,16126,65.8
1785433075.719,17:37:55,baseline,1,98.3,10603,16126,65.8
1785433075.719,17:37:55,baseline,2,98.2,10604,16126,65.8
1785433075.719,17:37:55,baseline,3,98.1,10604,16126,65.8
1785433075.719,17:37:55,baseline,4,98.3,10603,16126,65.8
1785433075.719,17:37:55,baseline,5,97.3,10603,16126,65.8
1785433075.719,17:37:55,baseline,6,98.4,10605,16126,65.8
1785433075.719,17:37:55,baseline,7,98.5,10603,16126,65.8
1785433076.719,17:37:56,baseline,0,98.0,10604,16126,65.8
1785433076.719,17:37:56,baseline,1,98.3,10603,16126,65.8
1785433076.719,17:37:56,baseline,2,98.2,10604,16126,65.8
1785433076.719,17:37:56,baseline,3,98.1,10604,16126,65.8
1785433076.719,17:37:56,baseline,4,98.3,10603,16126,65.8
1785433076.719,17:37:56,baseline,5,97.3,10603,16126,65.8
1785433076.719,17:37:56,baseline,6,98.4,10605,16126,65.8
1785433076.719,17:37:56,baseline,7,98.5,10603,16126,65.8
1785433077.719,17:37:57,baseline,0,98.0,10604,16126,65.8
1785433077.719,17:37:57,baseline,1,98.3,10603,16126,65.8
1785433077.719,17:37:57,baseline,2,98.2,10604,16126,65.8
1785433077.719,17:37:57,baseline,3,98.1,10604,16126,65.8
1785433077.719,17:37:57,baseline,4,98.3,10603,16126,65.8
1785433077.719,17:37:57,baseline,5,97.3,10603,16126,65.8
1785433077.719,17:37:57,baseline,6,98.4,10605,16126,65.8
1785433077.719,17:37:57,baseline,7,98.5,10603,16126,65.8
1785433078.719,17:37:58,baseline,0,98.0,10604,16126,65.8
1785433078.719,17:37:58,baseline,1,98.3,10603,16126,65.8
1785433078.719,17:37:58,baseline,2,98.2,10604,16126,65.8
1785433078.719,17:37:58,baseline,3,98.1,10604,16126,65.8
1785433078.719,17:37:58,baseline,4,98.3,10603,16126,65.8
1785433078.719,17:37:58,baseline,5,97.3,10603,16126,65.8
1785433078.719,17:37:58,baseline,6,98.4,10605,16126,65.8
1785433078.719,17:37:58,baseline,7,98.5,10603,16126,65.8
1785433079.719,17:37:59,baseline,0,98.0,10604,16126,65.8
1785433079.719,17:37:59,baseline,1,98.3,10603,16126,65.8
1785433079.719,17:37:59,baseline,2,98.2,10604,16126,65.8
1785433079.719,17:37:59,baseline,3,98.1,10604,16126,65.8
1785433079.719,17:37:59,baseline,4,98.3,10603,16126,65.8
1785433079.719,17:37:59,baseline,5,97.3,10603,16126,65.8
1785433079.719,17:37:59,baseline,6,98.4,10605,16126,65.8
1785433079.719,17:37:59,baseline,7,98.5,10603,16126,65.8
1785433080.719,17:38:00,baseline,0,99.9,8559,16126,53.1
1785433080.719,17:38:00,baseline,1,99.7,8526,16126,52.9
1785433080.719,17:38:00,baseline,2,99.6,8718,16126,54.1
1785433080.719,17:38:00,baseline,3,99.2,8526,16126,52.9
1785433080.719,17:38:00,baseline,4,99.9,8718,16126,54.1
1785433080.719,17:38:00,baseline,5,99.7,8718,16126,54.1
1785433080.719,17:38:00,baseline,6,99.8,8560,16126,53.1
1785433080.719,17:38:00,baseline,7,99.6,8462,16126,52.5
1785433081.719,17:38:01,baseline,0,99.9,8559,16126,53.1
1785433081.719,17:38:01,baseline,1,99.7,8526,16126,52.9
1785433081.719,17:38:01,baseline,2,99.6,8718,16126,54.1
1785433081.719,17:38:01,baseline,3,99.2,8526,16126,52.9
1785433081.719,17:38:01,baseline,4,99.9,8718,16126,54.1
1785433081.719,17:38:01,baseline,5,99.7,8718,16126,54.1
1785433081.719,17:38:01,baseline,6,99.8,8560,16126,53.1
1785433081.719,17:38:01,baseline,7,99.6,8462,16126,52.5
1785433082.72,17:38:02,baseline,0,99.9,8559,16126,53.1
1785433082.72,17:38:02,baseline,1,99.7,8526,16126,52.9
1785433082.72,17:38:02,baseline,2,99.6,8718,16126,54.1
1785433082.72,17:38:02,baseline,3,99.2,8526,16126,52.9
1785433082.72,17:38:02,baseline,4,99.9,8718,16126,54.1
1785433082.72,17:38:02,baseline,5,99.7,8718,16126,54.1
1785433082.72,17:38:02,baseline,6,99.8,8560,16126,53.1
1785433082.72,17:38:02,baseline,7,99.6,8462,16126,52.5
1785433083.72,17:38:03,baseline,0,99.9,8559,16126,53.1
1785433083.72,17:38:03,baseline,1,99.7,8526,16126,52.9
1785433083.72,17:38:03,baseline,2,99.6,8718,16126,54.1
1785433083.72,17:38:03,baseline,3,99.2,8526,16126,52.9
1785433083.72,17:38:03,baseline,4,99.9,8718,16126,54.1
1785433083.72,17:38:03,baseline,5,99.7,8718,16126,54.1
1785433083.72,17:38:03,baseline,6,99.8,8560,16126,53.1
1785433083.72,17:38:03,baseline,7,99.6,8462,16126,52.5
1785433084.72,17:38:04,baseline,0,99.9,8559,16126,53.1
1785433084.72,17:38:04,baseline,1,99.7,8526,16126,52.9
1785433084.72,17:38:04,baseline,2,99.6,8718,16126,54.1
1785433084.72,17:38:04,baseline,3,99.2,8526,16126,52.9
1785433084.72,17:38:04,baseline,4,99.9,8718,16126,54.1
1785433084.72,17:38:04,baseline,5,99.7,8718,16126,54.1
1785433084.72,17:38:04,baseline,6,99.8,8560,16126,53.1
1785433084.72,17:38:04,baseline,7,99.6,8462,16126,52.5
1785433085.72,17:38:05,baseline,0,98.0,10603,16126,65.8
1785433085.72,17:38:05,baseline,1,97.6,10603,16126,65.8
1785433085.72,17:38:05,baseline,2,98.1,10603,16126,65.8
1785433085.72,17:38:05,baseline,3,98.0,10603,16126,65.8
1785433085.72,17:38:05,baseline,4,98.3,10603,16126,65.8
1785433085.72,17:38:05,baseline,5,98.1,10603,16126,65.8
1785433085.72,17:38:05,baseline,6,98.4,10605,16126,65.8
1785433085.72,17:38:05,baseline,7,98.0,10603,16126,65.8
1785433086.72,17:38:06,baseline,0,98.0,10603,16126,65.8
1785433086.72,17:38:06,baseline,1,97.6,10603,16126,65.8
1785433086.72,17:38:06,baseline,2,98.1,10603,16126,65.8
1785433086.72,17:38:06,baseline,3,98.0,10603,16126,65.8
1785433086.72,17:38:06,baseline,4,98.3,10603,16126,65.8
1785433086.72,17:38:06,baseline,5,98.1,10603,16126,65.8
1785433086.72,17:38:06,baseline,6,98.4,10605,16126,65.8
1785433086.72,17:38:06,baseline,7,98.0,10603,16126,65.8
1785433087.72,17:38:07,baseline,0,98.0,10603,16126,65.8
1785433087.72,17:38:07,baseline,1,97.6,10603,16126,65.8
1785433087.72,17:38:07,baseline,2,98.1,10603,16126,65.8
1785433087.72,17:38:07,baseline,3,98.0,10603,16126,65.8
1785433087.72,17:38:07,baseline,4,98.3,10603,16126,65.8
1785433087.72,17:38:07,baseline,5,98.1,10603,16126,65.8
1785433087.72,17:38:07,baseline,6,98.4,10605,16126,65.8
1785433087.72,17:38:07,baseline,7,98.0,10603,16126,65.8
1785433088.72,17:38:08,baseline,0,98.0,10603,16126,65.8
1785433088.72,17:38:08,baseline,1,97.6,10603,16126,65.8
1785433088.72,17:38:08,baseline,2,98.1,10603,16126,65.8
1785433088.72,17:38:08,baseline,3,98.0,10603,16126,65.8
1785433088.72,17:38:08,baseline,4,98.3,10603,16126,65.8
1785433088.72,17:38:08,baseline,5,98.1,10603,16126,65.8
1785433088.72,17:38:08,baseline,6,98.4,10605,16126,65.8
1785433088.72,17:38:08,baseline,7,98.0,10603,16126,65.8
1785433089.72,17:38:09,baseline,0,98.0,10603,16126,65.8
1785433089.72,17:38:09,baseline,1,97.6,10603,16126,65.8
1785433089.72,17:38:09,baseline,2,98.1,10603,16126,65.8
1785433089.72,17:38:09,baseline,3,98.0,10603,16126,65.8
1785433089.72,17:38:09,baseline,4,98.3,10603,16126,65.8
1785433089.72,17:38:09,baseline,5,98.1,10603,16126,65.8
1785433089.72,17:38:09,baseline,6,98.4,10605,16126,65.8
1785433089.72,17:38:09,baseline,7,98.0,10603,16126,65.8
1785433090.72,17:38:10,baseline,0,97.4,10743,16126,66.6
1785433090.72,17:38:10,baseline,1,97.3,10743,16126,66.6
1785433090.72,17:38:10,baseline,2,97.1,10743,16126,66.6
1785433090.72,17:38:10,baseline,3,97.4,10743,16126,66.6
1785433090.72,17:38:10,baseline,4,97.6,10743,16126,66.6
1785433090.72,17:38:10,baseline,5,96.8,10743,16126,66.6
1785433090.72,17:38:10,baseline,6,97.1,10744,16126,66.6
1785433090.72,17:38:10,baseline,7,97.1,10743,16126,66.6
1785433091.721,17:38:11,baseline,0,97.4,10743,16126,66.6
1785433091.721,17:38:11,baseline,1,97.3,10743,16126,66.6
1785433091.721,17:38:11,baseline,2,97.1,10743,16126,66.6
1785433091.721,17:38:11,baseline,3,97.4,10743,16126,66.6
1785433091.721,17:38:11,baseline,4,97.6,10743,16126,66.6
1785433091.721,17:38:11,baseline,5,96.8,10743,16126,66.6
1785433091.721,17:38:11,baseline,6,97.1,10744,16126,66.6
1785433091.721,17:38:11,baseline,7,97.1,10743,16126,66.6
1785433092.721,17:38:12,baseline,0,97.4,10743,16126,66.6
1785433092.721,17:38:12,baseline,1,97.3,10743,16126,66.6
1785433092.721,17:38:12,baseline,2,97.1,10743,16126,66.6
1785433092.721,17:38:12,baseline,3,97.4,10743,16126,66.6
1785433092.721,17:38:12,baseline,4,97.6,10743,16126,66.6
1785433092.721,17:38:12,baseline,5,96.8,10743,16126,66.6
1785433092.721,17:38:12,baseline,6,97.1,10744,16126,66.6
1785433092.721,17:38:12,baseline,7,97.1,10743,16126,66.6
1785433093.721,17:38:13,baseline,0,97.4,10743,16126,66.6
1785433093.721,17:38:13,baseline,1,97.3,10743,16126,66.6
1785433093.721,17:38:13,baseline,2,97.1,10743,16126,66.6
1785433093.721,17:38:13,baseline,3,97.4,10743,16126,66.6
1785433093.721,17:38:13,baseline,4,97.6,10743,16126,66.6
1785433093.721,17:38:13,baseline,5,96.8,10743,16126,66.6
1785433093.721,17:38:13,baseline,6,97.1,10744,16126,66.6
1785433093.721,17:38:13,baseline,7,97.1,10743,16126,66.6
1785433094.721,17:38:14,baseline,0,97.4,10743,16126,66.6
1785433094.721,17:38:14,baseline,1,97.3,10743,16126,66.6
1785433094.721,17:38:14,baseline,2,97.1,10743,16126,66.6
1785433094.721,17:38:14,baseline,3,97.4,10743,16126,66.6
1785433094.721,17:38:14,baseline,4,97.6,10743,16126,66.6
1785433094.721,17:38:14,baseline,5,96.8,10743,16126,66.6
1785433094.721,17:38:14,baseline,6,97.1,10744,16126,66.6
1785433094.721,17:38:14,baseline,7,97.1,10743,16126,66.6
1785433095.721,17:38:15,baseline,0,100.0,8510,16126,52.8
1785433095.721,17:38:15,baseline,1,100.0,8526,16126,52.9
1785433095.721,17:38:15,baseline,2,100.0,8782,16126,54.5
1785433095.721,17:38:15,baseline,3,100.0,8558,16126,53.1
1785433095.721,17:38:15,baseline,4,100.0,8559,16126,53.1
1785433095.721,17:38:15,baseline,5,100.0,8527,16126,52.9
1785433095.721,17:38:15,baseline,6,100.0,8480,16126,52.6
1785433095.721,17:38:15,baseline,7,100.0,8558,16126,53.1
1785433096.721,17:38:16,baseline,0,100.0,8510,16126,52.8
1785433096.721,17:38:16,baseline,1,100.0,8526,16126,52.9
1785433096.721,17:38:16,baseline,2,100.0,8782,16126,54.5
1785433096.721,17:38:16,baseline,3,100.0,8558,16126,53.1
1785433096.721,17:38:16,baseline,4,100.0,8559,16126,53.1
1785433096.721,17:38:16,baseline,5,100.0,8527,16126,52.9
1785433096.721,17:38:16,baseline,6,100.0,8480,16126,52.6
1785433096.721,17:38:16,baseline,7,100.0,8558,16126,53.1
1785433097.721,17:38:17,baseline,0,100.0,8510,16126,52.8
1785433097.721,17:38:17,baseline,1,100.0,8526,16126,52.9
1785433097.721,17:38:17,baseline,2,100.0,8782,16126,54.5
1785433097.721,17:38:17,baseline,3,100.0,8558,16126,53.1
1785433097.721,17:38:17,baseline,4,100.0,8559,16126,53.1
1785433097.721,17:38:17,baseline,5,100.0,8527,16126,52.9
1785433097.721,17:38:17,baseline,6,100.0,8480,16126,52.6
1785433097.721,17:38:17,baseline,7,100.0,8558,16126,53.1
1785433098.721,17:38:18,baseline,0,100.0,8510,16126,52.8
1785433098.721,17:38:18,baseline,1,100.0,8526,16126,52.9
1785433098.721,17:38:18,baseline,2,100.0,8782,16126,54.5
1785433098.721,17:38:18,baseline,3,100.0,8558,16126,53.1
1785433098.721,17:38:18,baseline,4,100.0,8559,16126,53.1
1785433098.721,17:38:18,baseline,5,100.0,8527,16126,52.9
1785433098.721,17:38:18,baseline,6,100.0,8480,16126,52.6
1785433098.721,17:38:18,baseline,7,100.0,8558,16126,53.1
1785433099.722,17:38:19,baseline,0,100.0,8510,16126,52.8
1785433099.722,17:38:19,baseline,1,100.0,8526,16126,52.9
1785433099.722,17:38:19,baseline,2,100.0,8782,16126,54.5
1785433099.722,17:38:19,baseline,3,100.0,8558,16126,53.1
1785433099.722,17:38:19,baseline,4,100.0,8559,16126,53.1
1785433099.722,17:38:19,baseline,5,100.0,8527,16126,52.9
1785433099.722,17:38:19,baseline,6,100.0,8480,16126,52.6
1785433099.722,17:38:19,baseline,7,100.0,8558,16126,53.1
1785433100.722,17:38:20,baseline,0,98.4,10743,16126,66.6
1785433100.722,17:38:20,baseline,1,98.1,10743,16126,66.6
1785433100.722,17:38:20,baseline,2,98.2,10743,16126,66.6
1785433100.722,17:38:20,baseline,3,98.5,10743,16126,66.6
1785433100.722,17:38:20,baseline,4,98.1,10743,16126,66.6
1785433100.722,17:38:20,baseline,5,98.3,10743,16126,66.6
1785433100.722,17:38:20,baseline,6,98.4,10744,16126,66.6
1785433100.722,17:38:20,baseline,7,98.0,10743,16126,66.6
1785433101.722,17:38:21,baseline,0,98.4,10743,16126,66.6
1785433101.722,17:38:21,baseline,1,98.1,10743,16126,66.6
1785433101.722,17:38:21,baseline,2,98.2,10743,16126,66.6
1785433101.722,17:38:21,baseline,3,98.5,10743,16126,66.6
1785433101.722,17:38:21,baseline,4,98.1,10743,16126,66.6
1785433101.722,17:38:21,baseline,5,98.3,10743,16126,66.6
1785433101.722,17:38:21,baseline,6,98.4,10744,16126,66.6
1785433101.722,17:38:21,baseline,7,98.0,10743,16126,66.6
1785433102.722,17:38:22,baseline,0,98.4,10743,16126,66.6
1785433102.722,17:38:22,baseline,1,98.1,10743,16126,66.6
1785433102.722,17:38:22,baseline,2,98.2,10743,16126,66.6
1785433102.722,17:38:22,baseline,3,98.5,10743,16126,66.6
1785433102.722,17:38:22,baseline,4,98.1,10743,16126,66.6
1785433102.722,17:38:22,baseline,5,98.3,10743,16126,66.6
1785433102.722,17:38:22,baseline,6,98.4,10744,16126,66.6
1785433102.722,17:38:22,baseline,7,98.0,10743,16126,66.6
1785433103.722,17:38:23,baseline,0,98.4,10743,16126,66.6
1785433103.722,17:38:23,baseline,1,98.1,10743,16126,66.6
1785433103.722,17:38:23,baseline,2,98.2,10743,16126,66.6
1785433103.722,17:38:23,baseline,3,98.5,10743,16126,66.6
1785433103.722,17:38:23,baseline,4,98.1,10743,16126,66.6
1785433103.722,17:38:23,baseline,5,98.3,10743,16126,66.6
1785433103.722,17:38:23,baseline,6,98.4,10744,16126,66.6
1785433103.722,17:38:23,baseline,7,98.0,10743,16126,66.6
1785433104.722,17:38:24,baseline,0,98.4,10743,16126,66.6
1785433104.722,17:38:24,baseline,1,98.1,10743,16126,66.6
1785433104.722,17:38:24,baseline,2,98.2,10743,16126,66.6
1785433104.722,17:38:24,baseline,3,98.5,10743,16126,66.6
1785433104.722,17:38:24,baseline,4,98.1,10743,16126,66.6
1785433104.722,17:38:24,baseline,5,98.3,10743,16126,66.6
1785433104.722,17:38:24,baseline,6,98.4,10744,16126,66.6
1785433104.722,17:38:24,baseline,7,98.0,10743,16126,66.6
1785433105.722,17:38:25,baseline,0,99.6,8575,16126,53.2
1785433105.722,17:38:25,baseline,1,99.0,8622,16126,53.5
1785433105.722,17:38:25,baseline,2,99.2,8462,16126,52.5
1785433105.722,17:38:25,baseline,3,99.4,8686,16126,53.9
1785433105.722,17:38:25,baseline,4,99.6,8575,16126,53.2
1785433105.722,17:38:25,baseline,5,99.3,8575,16126,53.2
1785433105.722,17:38:25,baseline,6,99.6,8720,16126,54.1
1785433105.722,17:38:25,baseline,7,99.4,8686,16126,53.9
1785433106.722,17:38:26,baseline,0,99.6,8575,16126,53.2
1785433106.722,17:38:26,baseline,1,99.0,8622,16126,53.5
1785433106.722,17:38:26,baseline,2,99.2,8462,16126,52.5
1785433106.722,17:38:26,baseline,3,99.4,8686,16126,53.9
1785433106.722,17:38:26,baseline,4,99.6,8575,16126,53.2
1785433106.722,17:38:26,baseline,5,99.3,8575,16126,53.2
1785433106.722,17:38:26,baseline,6,99.6,8720,16126,54.1
1785433106.722,17:38:26,baseline,7,99.4,8686,16126,53.9
1785433107.723,17:38:27,baseline,0,99.6,8575,16126,53.2
1785433107.723,17:38:27,baseline,1,99.0,8622,16126,53.5
1785433107.723,17:38:27,baseline,2,99.2,8462,16126,52.5
1785433107.723,17:38:27,baseline,3,99.4,8686,16126,53.9
1785433107.723,17:38:27,baseline,4,99.6,8575,16126,53.2
1785433107.723,17:38:27,baseline,5,99.3,8575,16126,53.2
1785433107.723,17:38:27,baseline,6,99.6,8720,16126,54.1
1785433107.723,17:38:27,baseline,7,99.4,8686,16126,53.9
1785433108.723,17:38:28,baseline,0,99.6,8575,16126,53.2
1785433108.723,17:38:28,baseline,1,99.0,8622,16126,53.5
1785433108.723,17:38:28,baseline,2,99.2,8462,16126,52.5
1785433108.723,17:38:28,baseline,3,99.4,8686,16126,53.9
1785433108.723,17:38:28,baseline,4,99.6,8575,16126,53.2
1785433108.723,17:38:28,baseline,5,99.3,8575,16126,53.2
1785433108.723,17:38:28,baseline,6,99.6,8720,16126,54.1
1785433108.723,17:38:28,baseline,7,99.4,8686,16126,53.9
1785433109.723,17:38:29,baseline,0,99.6,8575,16126,53.2
1785433109.723,17:38:29,baseline,1,99.0,8622,16126,53.5
1785433109.723,17:38:29,baseline,2,99.2,8462,16126,52.5
1785433109.723,17:38:29,baseline,3,99.4,8686,16126,53.9
1785433109.723,17:38:29,baseline,4,99.6,8575,16126,53.2
1785433109.723,17:38:29,baseline,5,99.3,8575,16126,53.2
1785433109.723,17:38:29,baseline,6,99.6,8720,16126,54.1
1785433109.723,17:38:29,baseline,7,99.4,8686,16126,53.9
1785433110.723,17:38:30,baseline,0,96.1,10604,16126,65.8
1785433110.723,17:38:30,baseline,1,95.6,10604,16126,65.8
1785433110.723,17:38:30,baseline,2,95.6,10604,16126,65.8
1785433110.723,17:38:30,baseline,3,96.1,10604,16126,65.8
1785433110.723,17:38:30,baseline,4,96.2,10604,16126,65.8
1785433110.723,17:38:30,baseline,5,96.2,10603,16126,65.8
1785433110.723,17:38:30,baseline,6,96.3,10605,16126,65.8
1785433110.723,17:38:30,baseline,7,96.3,10603,16126,65.8
1785433111.723,17:38:31,baseline,0,96.1,10604,16126,65.8
1785433111.723,17:38:31,baseline,1,95.6,10604,16126,65.8
1785433111.723,17:38:31,baseline,2,95.6,10604,16126,65.8
1785433111.723,17:38:31,baseline,3,96.1,10604,16126,65.8
1785433111.723,17:38:31,baseline,4,96.2,10604,16126,65.8
1785433111.723,17:38:31,baseline,5,96.2,10603,16126,65.8
1785433111.723,17:38:31,baseline,6,96.3,10605,16126,65.8
1785433111.723,17:38:31,baseline,7,96.3,10603,16126,65.8
1785433112.723,17:38:32,baseline,0,96.1,10604,16126,65.8
1785433112.723,17:38:32,baseline,1,95.6,10604,16126,65.8
1785433112.723,17:38:32,baseline,2,95.6,10604,16126,65.8
1785433112.723,17:38:32,baseline,3,96.1,10604,16126,65.8
1785433112.723,17:38:32,baseline,4,96.2,10604,16126,65.8
1785433112.723,17:38:32,baseline,5,96.2,10603,16126,65.8
1785433112.723,17:38:32,baseline,6,96.3,10605,16126,65.8
1785433112.723,17:38:32,baseline,7,96.3,10603,16126,65.8
1785433113.723,17:38:33,baseline,0,96.1,10604,16126,65.8
1785433113.723,17:38:33,baseline,1,95.6,10604,16126,65.8
1785433113.723,17:38:33,baseline,2,95.6,10604,16126,65.8
1785433113.723,17:38:33,baseline,3,96.1,10604,16126,65.8
1785433113.723,17:38:33,baseline,4,96.2,10604,16126,65.8
1785433113.723,17:38:33,baseline,5,96.2,10603,16126,65.8
1785433113.723,17:38:33,baseline,6,96.3,10605,16126,65.8
1785433113.723,17:38:33,baseline,7,96.3,10603,16126,65.8
1785433114.723,17:38:34,baseline,0,96.1,10604,16126,65.8
1785433114.723,17:38:34,baseline,1,95.6,10604,16126,65.8
1785433114.723,17:38:34,baseline,2,95.6,10604,16126,65.8
1785433114.723,17:38:34,baseline,3,96.1,10604,16126,65.8
1785433114.723,17:38:34,baseline,4,96.2,10604,16126,65.8
1785433114.723,17:38:34,baseline,5,96.2,10603,16126,65.8
1785433114.723,17:38:34,baseline,6,96.3,10605,16126,65.8
1785433114.723,17:38:34,baseline,7,96.3,10603,16126,65.8
1785433115.724,17:38:35,baseline,0,100.0,8559,16126,53.1
1785433115.724,17:38:35,baseline,1,100.0,8510,16126,52.8
1785433115.724,17:38:35,baseline,2,100.0,8590,16126,53.3
1785433115.724,17:38:35,baseline,3,100.0,8526,16126,52.9
1785433115.724,17:38:35,baseline,4,100.0,8591,16126,53.3
1785433115.724,17:38:35,baseline,5,100.0,8718,16126,54.1
1785433115.724,17:38:35,baseline,6,100.0,8560,16126,53.1
1785433115.724,17:38:35,baseline,7,100.0,8590,16126,53.3
1785433116.724,17:38:36,baseline,0,100.0,8559,16126,53.1
1785433116.724,17:38:36,baseline,1,100.0,8510,16126,52.8
1785433116.724,17:38:36,baseline,2,100.0,8590,16126,53.3
1785433116.724,17:38:36,baseline,3,100.0,8526,16126,52.9
1785433116.724,17:38:36,baseline,4,100.0,8591,16126,53.3
1785433116.724,17:38:36,baseline,5,100.0,8718,16126,54.1
1785433116.724,17:38:36,baseline,6,100.0,8560,16126,53.1
1785433116.724,17:38:36,baseline,7,100.0,8590,16126,53.3
1785433117.724,17:38:37,baseline,0,100.0,8559,16126,53.1
1785433117.724,17:38:37,baseline,1,100.0,8510,16126,52.8
1785433117.724,17:38:37,baseline,2,100.0,8590,16126,53.3
1785433117.724,17:38:37,baseline,3,100.0,8526,16126,52.9
1785433117.724,17:38:37,baseline,4,100.0,8591,16126,53.3
1785433117.724,17:38:37,baseline,5,100.0,8718,16126,54.1
1785433117.724,17:38:37,baseline,6,100.0,8560,16126,53.1
1785433117.724,17:38:37,baseline,7,100.0,8590,16126,53.3
1785433118.724,17:38:38,baseline,0,100.0,8559,16126,53.1
1785433118.724,17:38:38,baseline,1,100.0,8510,16126,52.8
1785433118.724,17:38:38,baseline,2,100.0,8590,16126,53.3
1785433118.724,17:38:38,baseline,3,100.0,8526,16126,52.9
1785433118.724,17:38:38,baseline,4,100.0,8591,16126,53.3
1785433118.724,17:38:38,baseline,5,100.0,8718,16126,54.1
1785433118.724,17:38:38,baseline,6,100.0,8560,16126,53.1
1785433118.724,17:38:38,baseline,7,100.0,8590,16126,53.3
1785433119.724,17:38:39,baseline,0,100.0,8559,16126,53.1
1785433119.724,17:38:39,baseline,1,100.0,8510,16126,52.8
1785433119.724,17:38:39,baseline,2,100.0,8590,16126,53.3
1785433119.724,17:38:39,baseline,3,100.0,8526,16126,52.9
1785433119.724,17:38:39,baseline,4,100.0,8591,16126,53.3
1785433119.724,17:38:39,baseline,5,100.0,8718,16126,54.1
1785433119.724,17:38:39,baseline,6,100.0,8560,16126,53.1
1785433119.724,17:38:39,baseline,7,100.0,8590,16126,53.3
1785433120.724,17:38:40,baseline,0,98.0,10604,16126,65.8
1785433120.724,17:38:40,baseline,1,97.7,10604,16126,65.8
1785433120.724,17:38:40,baseline,2,97.9,10604,16126,65.8
1785433120.724,17:38:40,baseline,3,98.2,10604,16126,65.8
1785433120.724,17:38:40,baseline,4,99.2,10604,16126,65.8
1785433120.724,17:38:40,baseline,5,98.5,10603,16126,65.8
1785433120.724,17:38:40,baseline,6,98.6,10605,16126,65.8
1785433120.724,17:38:40,baseline,7,97.7,10603,16126,65.8
1785433121.724,17:38:41,baseline,0,98.0,10604,16126,65.8
1785433121.724,17:38:41,baseline,1,97.7,10604,16126,65.8
1785433121.724,17:38:41,baseline,2,97.9,10604,16126,65.8
1785433121.724,17:38:41,baseline,3,98.2,10604,16126,65.8
1785433121.724,17:38:41,baseline,4,99.2,10604,16126,65.8
1785433121.724,17:38:41,baseline,5,98.5,10603,16126,65.8
1785433121.724,17:38:41,baseline,6,98.6,10605,16126,65.8
1785433121.724,17:38:41,baseline,7,97.7,10603,16126,65.8
1785433122.725,17:38:42,baseline,0,98.0,10604,16126,65.8
1785433122.725,17:38:42,baseline,1,97.7,10604,16126,65.8
1785433122.725,17:38:42,baseline,2,97.9,10604,16126,65.8
1785433122.725,17:38:42,baseline,3,98.2,10604,16126,65.8
1785433122.725,17:38:42,baseline,4,99.2,10604,16126,65.8
1785433122.725,17:38:42,baseline,5,98.5,10603,16126,65.8
1785433122.725,17:38:42,baseline,6,98.6,10605,16126,65.8
1785433122.725,17:38:42,baseline,7,97.7,10603,16126,65.8
1785433123.725,17:38:43,baseline,0,98.0,10604,16126,65.8
1785433123.725,17:38:43,baseline,1,97.7,10604,16126,65.8
1785433123.725,17:38:43,baseline,2,97.9,10604,16126,65.8
1785433123.725,17:38:43,baseline,3,98.2,10604,16126,65.8
1785433123.725,17:38:43,baseline,4,99.2,10604,16126,65.8
1785433123.725,17:38:43,baseline,5,98.5,10603,16126,65.8
1785433123.725,17:38:43,baseline,6,98.6,10605,16126,65.8
1785433123.725,17:38:43,baseline,7,97.7,10603,16126,65.8
1785433124.725,17:38:44,baseline,0,98.0,10604,16126,65.8
1785433124.725,17:38:44,baseline,1,97.7,10604,16126,65.8
1785433124.725,17:38:44,baseline,2,97.9,10604,16126,65.8
1785433124.725,17:38:44,baseline,3,98.2,10604,16126,65.8
1785433124.725,17:38:44,baseline,4,99.2,10604,16126,65.8
1785433124.725,17:38:44,baseline,5,98.5,10603,16126,65.8
1785433124.725,17:38:44,baseline,6,98.6,10605,16126,65.8
1785433124.725,17:38:44,baseline,7,97.7,10603,16126,65.8
1785433125.725,17:38:45,baseline,0,100.0,8558,16126,53.1
1785433125.725,17:38:45,baseline,1,99.9,8446,16126,52.4
1785433125.725,17:38:45,baseline,2,100.0,8526,16126,52.9
1785433125.725,17:38:45,baseline,3,100.0,8575,16126,53.2
1785433125.725,17:38:45,baseline,4,100.0,8558,16126,53.1
1785433125.725,17:38:45,baseline,5,100.0,8606,16126,53.4
1785433125.725,17:38:45,baseline,6,99.9,8576,16126,53.2
1785433125.725,17:38:45,baseline,7,99.8,8575,16126,53.2
1785433126.725,17:38:46,baseline,0,100.0,8558,16126,53.1
1785433126.725,17:38:46,baseline,1,99.9,8446,16126,52.4
1785433126.725,17:38:46,baseline,2,100.0,8526,16126,52.9
1785433126.725,17:38:46,baseline,3,100.0,8575,16126,53.2
1785433126.725,17:38:46,baseline,4,100.0,8558,16126,53.1
1785433126.725,17:38:46,baseline,5,100.0,8606,16126,53.4
1785433126.725,17:38:46,baseline,6,99.9,8576,16126,53.2
1785433126.725,17:38:46,baseline,7,99.8,8575,16126,53.2
1785433127.725,17:38:47,baseline,0,100.0,8558,16126,53.1
1785433127.725,17:38:47,baseline,1,99.9,8446,16126,52.4
1785433127.725,17:38:47,baseline,2,100.0,8526,16126,52.9
1785433127.725,17:38:47,baseline,3,100.0,8575,16126,53.2
1785433127.725,17:38:47,baseline,4,100.0,8558,16126,53.1
1785433127.725,17:38:47,baseline,5,100.0,8606,16126,53.4
1785433127.725,17:38:47,baseline,6,99.9,8576,16126,53.2
1785433127.725,17:38:47,baseline,7,99.8,8575,16126,53.2
1785433128.725,17:38:48,baseline,0,100.0,8558,16126,53.1
1785433128.725,17:38:48,baseline,1,99.9,8446,16126,52.4
1785433128.725,17:38:48,baseline,2,100.0,8526,16126,52.9
1785433128.725,17:38:48,baseline,3,100.0,8575,16126,53.2
1785433128.725,17:38:48,baseline,4,100.0,8558,16126,53.1
1785433128.725,17:38:48,baseline,5,100.0,8606,16126,53.4
1785433128.725,17:38:48,baseline,6,99.9,8576,16126,53.2
1785433128.725,17:38:48,baseline,7,99.8,8575,16126,53.2
1785433129.725,17:38:49,baseline,0,100.0,8558,16126,53.1
1785433129.725,17:38:49,baseline,1,99.9,8446,16126,52.4
1785433129.725,17:38:49,baseline,2,100.0,8526,16126,52.9
1785433129.725,17:38:49,baseline,3,100.0,8575,16126,53.2
1785433129.725,17:38:49,baseline,4,100.0,8558,16126,53.1
1785433129.725,17:38:49,baseline,5,100.0,8606,16126,53.4
1785433129.725,17:38:49,baseline,6,99.9,8576,16126,53.2
1785433129.725,17:38:49,baseline,7,99.8,8575,16126,53.2
1785433130.725,17:38:50,baseline,0,98.8,10604,16126,65.8
1785433130.725,17:38:50,baseline,1,97.9,10604,16126,65.8
1785433130.725,17:38:50,baseline,2,98.5,10604,16126,65.8
1785433130.725,17:38:50,baseline,3,98.3,10604,16126,65.8
1785433130.725,17:38:50,baseline,4,98.5,10604,16126,65.8
1785433130.725,17:38:50,baseline,5,98.4,10603,16126,65.8
1785433130.725,17:38:50,baseline,6,98.1,10605,16126,65.8
1785433130.725,17:38:50,baseline,7,97.8,10604,16126,65.8
1785433131.726,17:38:51,baseline,0,98.8,10604,16126,65.8
1785433131.726,17:38:51,baseline,1,97.9,10604,16126,65.8
1785433131.726,17:38:51,baseline,2,98.5,10604,16126,65.8
1785433131.726,17:38:51,baseline,3,98.3,10604,16126,65.8
1785433131.726,17:38:51,baseline,4,98.5,10604,16126,65.8
1785433131.726,17:38:51,baseline,5,98.4,10603,16126,65.8
1785433131.726,17:38:51,baseline,6,98.1,10605,16126,65.8
1785433131.726,17:38:51,baseline,7,97.8,10604,16126,65.8
1785433132.726,17:38:52,baseline,0,98.8,10604,16126,65.8
1785433132.726,17:38:52,baseline,1,97.9,10604,16126,65.8
1785433132.726,17:38:52,baseline,2,98.5,10604,16126,65.8
1785433132.726,17:38:52,baseline,3,98.3,10604,16126,65.8
1785433132.726,17:38:52,baseline,4,98.5,10604,16126,65.8
1785433132.726,17:38:52,baseline,5,98.4,10603,16126,65.8
1785433132.726,17:38:52,baseline,6,98.1,10605,16126,65.8
1785433132.726,17:38:52,baseline,7,97.8,10604,16126,65.8
1785433133.726,17:38:53,baseline,0,98.8,10604,16126,65.8
1785433133.726,17:38:53,baseline,1,97.9,10604,16126,65.8
1785433133.726,17:38:53,baseline,2,98.5,10604,16126,65.8
1785433133.726,17:38:53,baseline,3,98.3,10604,16126,65.8
1785433133.726,17:38:53,baseline,4,98.5,10604,16126,65.8
1785433133.726,17:38:53,baseline,5,98.4,10603,16126,65.8
1785433133.726,17:38:53,baseline,6,98.1,10605,16126,65.8
1785433133.726,17:38:53,baseline,7,97.8,10604,16126,65.8
1785433134.726,17:38:54,baseline,0,98.8,10604,16126,65.8
1785433134.726,17:38:54,baseline,1,97.9,10604,16126,65.8
1785433134.726,17:38:54,baseline,2,98.5,10604,16126,65.8
1785433134.726,17:38:54,baseline,3,98.3,10604,16126,65.8
1785433134.726,17:38:54,baseline,4,98.5,10604,16126,65.8
1785433134.726,17:38:54,baseline,5,98.4,10603,16126,65.8
1785433134.726,17:38:54,baseline,6,98.1,10605,16126,65.8
1785433134.726,17:38:54,baseline,7,97.8,10604,16126,65.8
1785433135.726,17:38:55,baseline,0,97.4,10743,16126,66.6
1785433135.726,17:38:55,baseline,1,97.3,10743,16126,66.6
1785433135.726,17:38:55,baseline,2,97.7,10743,16126,66.6
1785433135.726,17:38:55,baseline,3,97.3,10743,16126,66.6
1785433135.726,17:38:55,baseline,4,97.7,10743,16126,66.6
1785433135.726,17:38:55,baseline,5,97.3,10743,16126,66.6
1785433135.726,17:38:55,baseline,6,97.3,10744,16126,66.6
1785433135.726,17:38:55,baseline,7,96.9,10743,16126,66.6
1785433136.726,17:38:56,baseline,0,97.4,10743,16126,66.6
1785433136.726,17:38:56,baseline,1,97.3,10743,16126,66.6
1785433136.726,17:38:56,baseline,2,97.7,10743,16126,66.6
1785433136.726,17:38:56,baseline,3,97.3,10743,16126,66.6
1785433136.726,17:38:56,baseline,4,97.7,10743,16126,66.6
1785433136.726,17:38:56,baseline,5,97.3,10743,16126,66.6
1785433136.726,17:38:56,baseline,6,97.3,10744,16126,66.6
1785433136.726,17:38:56,baseline,7,96.9,10743,16126,66.6
1785433137.726,17:38:57,baseline,0,97.4,10743,16126,66.6
1785433137.726,17:38:57,baseline,1,97.3,10743,16126,66.6
1785433137.726,17:38:57,baseline,2,97.7,10743,16126,66.6
1785433137.726,17:38:57,baseline,3,97.3,10743,16126,66.6
1785433137.726,17:38:57,baseline,4,97.7,10743,16126,66.6
1785433137.726,17:38:57,baseline,5,97.3,10743,16126,66.6
1785433137.726,17:38:57,baseline,6,97.3,10744,16126,66.6
1785433137.726,17:38:57,baseline,7,96.9,10743,16126,66.6
1785433138.726,17:38:58,baseline,0,97.4,10743,16126,66.6
1785433138.726,17:38:58,baseline,1,97.3,10743,16126,66.6
1785433138.726,17:38:58,baseline,2,97.7,10743,16126,66.6
1785433138.726,17:38:58,baseline,3,97.3,10743,16126,66.6
1785433138.726,17:38:58,baseline,4,97.7,10743,16126,66.6
1785433138.726,17:38:58,baseline,5,97.3,10743,16126,66.6
1785433138.726,17:38:58,baseline,6,97.3,10744,16126,66.6
1785433138.726,17:38:58,baseline,7,96.9,10743,16126,66.6
1785433139.726,17:38:59,baseline,0,97.4,10743,16126,66.6
1785433139.726,17:38:59,baseline,1,97.3,10743,16126,66.6
1785433139.726,17:38:59,baseline,2,97.7,10743,16126,66.6
1785433139.726,17:38:59,baseline,3,97.3,10743,16126,66.6
1785433139.726,17:38:59,baseline,4,97.7,10743,16126,66.6
1785433139.726,17:38:59,baseline,5,97.3,10743,16126,66.6
1785433139.726,17:38:59,baseline,6,97.3,10744,16126,66.6
1785433139.726,17:38:59,baseline,7,96.9,10743,16126,66.6
1785433140.727,17:39:00,baseline,0,100.0,8718,16126,54.1
1785433140.727,17:39:00,baseline,1,100.0,8718,16126,54.1
1785433140.727,17:39:00,baseline,2,100.0,8622,16126,53.5
1785433140.727,17:39:00,baseline,3,99.9,8559,16126,53.1
1785433140.727,17:39:00,baseline,4,100.0,8718,16126,54.1
1785433140.727,17:39:00,baseline,5,100.0,8750,16126,54.3
1785433140.727,17:39:00,baseline,6,100.0,8464,16126,52.5
1785433140.727,17:39:00,baseline,7,100.0,8510,16126,52.8
1785433141.727,17:39:01,baseline,0,100.0,8718,16126,54.1
1785433141.727,17:39:01,baseline,1,100.0,8718,16126,54.1
1785433141.727,17:39:01,baseline,2,100.0,8622,16126,53.5
1785433141.727,17:39:01,baseline,3,99.9,8559,16126,53.1
1785433141.727,17:39:01,baseline,4,100.0,8718,16126,54.1
1785433141.727,17:39:01,baseline,5,100.0,8750,16126,54.3
1785433141.727,17:39:01,baseline,6,100.0,8464,16126,52.5
1785433141.727,17:39:01,baseline,7,100.0,8510,16126,52.8
1785433142.727,17:39:02,baseline,0,100.0,8718,16126,54.1
1785433142.727,17:39:02,baseline,1,100.0,8718,16126,54.1
1785433142.727,17:39:02,baseline,2,100.0,8622,16126,53.5
1785433142.727,17:39:02,baseline,3,99.9,8559,16126,53.1
1785433142.727,17:39:02,baseline,4,100.0,8718,16126,54.1
1785433142.727,17:39:02,baseline,5,100.0,8750,16126,54.3
1785433142.727,17:39:02,baseline,6,100.0,8464,16126,52.5
1785433142.727,17:39:02,baseline,7,100.0,8510,16126,52.8
1785433143.727,17:39:03,baseline,0,100.0,8718,16126,54.1
1785433143.727,17:39:03,baseline,1,100.0,8718,16126,54.1
1785433143.727,17:39:03,baseline,2,100.0,8622,16126,53.5
1785433143.727,17:39:03,baseline,3,99.9,8559,16126,53.1
1785433143.727,17:39:03,baseline,4,100.0,8718,16126,54.1
1785433143.727,17:39:03,baseline,5,100.0,8750,16126,54.3
1785433143.727,17:39:03,baseline,6,100.0,8464,16126,52.5
1785433143.727,17:39:03,baseline,7,100.0,8510,16126,52.8
1785433144.727,17:39:04,baseline,0,100.0,8718,16126,54.1
1785433144.727,17:39:04,baseline,1,100.0,8718,16126,54.1
1785433144.727,17:39:04,baseline,2,100.0,8622,16126,53.5
1785433144.727,17:39:04,baseline,3,99.9,8559,16126,53.1
1785433144.727,17:39:04,baseline,4,100.0,8718,16126,54.1
1785433144.727,17:39:04,baseline,5,100.0,8750,16126,54.3
1785433144.727,17:39:04,baseline,6,100.0,8464,16126,52.5
1785433144.727,17:39:04,baseline,7,100.0,8510,16126,52.8
1785433145.727,17:39:05,baseline,0,96.4,8446,16126,52.4
1785433145.727,17:39:05,baseline,1,95.2,8575,16126,53.2
1785433145.727,17:39:05,baseline,2,95.3,8526,16126,52.9
1785433145.727,17:39:05,baseline,3,94.6,8622,16126,53.5
1785433145.727,17:39:05,baseline,4,95.2,8511,16126,52.8
1785433145.727,17:39:05,baseline,5,95.0,8462,16126,52.5
1785433145.727,17:39:05,baseline,6,95.3,8752,16126,54.3
1785433145.727,17:39:05,baseline,7,94.6,8622,16126,53.5
1785433146.727,17:39:06,baseline,0,96.4,8446,16126,52.4
1785433146.727,17:39:06,baseline,1,95.2,8575,16126,53.2
1785433146.727,17:39:06,baseline,2,95.3,8526,16126,52.9
1785433146.727,17:39:06,baseline,3,94.6,8622,16126,53.5
1785433146.727,17:39:06,baseline,4,95.2,8511,16126,52.8
1785433146.727,17:39:06,baseline,5,95.0,8462,16126,52.5
1785433146.727,17:39:06,baseline,6,95.3,8752,16126,54.3
1785433146.727,17:39:06,baseline,7,94.6,8622,16126,53.5
1785433147.727,17:39:07,baseline,0,96.4,8446,16126,52.4
1785433147.727,17:39:07,baseline,1,95.2,8575,16126,53.2
1785433147.727,17:39:07,baseline,2,95.3,8526,16126,52.9
1785433147.727,17:39:07,baseline,3,94.6,8622,16126,53.5
1785433147.727,17:39:07,baseline,4,95.2,8511,16126,52.8
1785433147.727,17:39:07,baseline,5,95.0,8462,16126,52.5
1785433147.727,17:39:07,baseline,6,95.3,8752,16126,54.3
1785433147.727,17:39:07,baseline,7,94.6,8622,16126,53.5
1785433148.728,17:39:08,baseline,0,96.4,8446,16126,52.4
1785433148.728,17:39:08,baseline,1,95.2,8575,16126,53.2
1785433148.728,17:39:08,baseline,2,95.3,8526,16126,52.9
1785433148.728,17:39:08,baseline,3,94.6,8622,16126,53.5
1785433148.728,17:39:08,baseline,4,95.2,8511,16126,52.8
1785433148.728,17:39:08,baseline,5,95.0,8462,16126,52.5
1785433148.728,17:39:08,baseline,6,95.3,8752,16126,54.3
1785433148.728,17:39:08,baseline,7,94.6,8622,16126,53.5
1785433149.728,17:39:09,baseline,0,96.4,8446,16126,52.4
1785433149.728,17:39:09,baseline,1,95.2,8575,16126,53.2
1785433149.728,17:39:09,baseline,2,95.3,8526,16126,52.9
1785433149.728,17:39:09,baseline,3,94.6,8622,16126,53.5
1785433149.728,17:39:09,baseline,4,95.2,8511,16126,52.8
1785433149.728,17:39:09,baseline,5,95.0,8462,16126,52.5
1785433149.728,17:39:09,baseline,6,95.3,8752,16126,54.3
1785433149.728,17:39:09,baseline,7,94.6,8622,16126,53.5
1785433150.728,17:39:10,baseline,0,98.3,10743,16126,66.6
1785433150.728,17:39:10,baseline,1,98.1,10743,16126,66.6
1785433150.728,17:39:10,baseline,2,98.2,10743,16126,66.6
1785433150.728,17:39:10,baseline,3,98.1,10743,16126,66.6
1785433150.728,17:39:10,baseline,4,98.0,10743,16126,66.6
1785433150.728,17:39:10,baseline,5,97.6,10743,16126,66.6
1785433150.728,17:39:10,baseline,6,98.7,10744,16126,66.6
1785433150.728,17:39:10,baseline,7,97.9,10743,16126,66.6
1785433151.728,17:39:11,baseline,0,98.3,10743,16126,66.6
1785433151.728,17:39:11,baseline,1,98.1,10743,16126,66.6
1785433151.728,17:39:11,baseline,2,98.2,10743,16126,66.6
1785433151.728,17:39:11,baseline,3,98.1,10743,16126,66.6
1785433151.728,17:39:11,baseline,4,98.0,10743,16126,66.6
1785433151.728,17:39:11,baseline,5,97.6,10743,16126,66.6
1785433151.728,17:39:11,baseline,6,98.7,10744,16126,66.6
1785433151.728,17:39:11,baseline,7,97.9,10743,16126,66.6
1785433152.728,17:39:12,baseline,0,98.3,10743,16126,66.6
1785433152.728,17:39:12,baseline,1,98.1,10743,16126,66.6
1785433152.728,17:39:12,baseline,2,98.2,10743,16126,66.6
1785433152.728,17:39:12,baseline,3,98.1,10743,16126,66.6
1785433152.728,17:39:12,baseline,4,98.0,10743,16126,66.6
1785433152.728,17:39:12,baseline,5,97.6,10743,16126,66.6
1785433152.728,17:39:12,baseline,6,98.7,10744,16126,66.6
1785433152.728,17:39:12,baseline,7,97.9,10743,16126,66.6
1785433153.728,17:39:13,baseline,0,98.3,10743,16126,66.6
1785433153.728,17:39:13,baseline,1,98.1,10743,16126,66.6
1785433153.728,17:39:13,baseline,2,98.2,10743,16126,66.6
1785433153.728,17:39:13,baseline,3,98.1,10743,16126,66.6
1785433153.728,17:39:13,baseline,4,98.0,10743,16126,66.6
1785433153.728,17:39:13,baseline,5,97.6,10743,16126,66.6
1785433153.728,17:39:13,baseline,6,98.7,10744,16126,66.6
1785433153.728,17:39:13,baseline,7,97.9,10743,16126,66.6
1785433154.728,17:39:14,baseline,0,98.3,10743,16126,66.6
1785433154.728,17:39:14,baseline,1,98.1,10743,16126,66.6
1785433154.728,17:39:14,baseline,2,98.2,10743,16126,66.6
1785433154.728,17:39:14,baseline,3,98.1,10743,16126,66.6
1785433154.728,17:39:14,baseline,4,98.0,10743,16126,66.6
1785433154.728,17:39:14,baseline,5,97.6,10743,16126,66.6
1785433154.728,17:39:14,baseline,6,98.7,10744,16126,66.6
1785433154.728,17:39:14,baseline,7,97.9,10743,16126,66.6
1785433155.728,17:39:15,baseline,0,99.1,8591,16126,53.3
1785433155.728,17:39:15,baseline,1,99.0,8559,16126,53.1
1785433155.728,17:39:15,baseline,2,98.8,8590,16126,53.3
1785433155.728,17:39:15,baseline,3,98.9,8526,16126,52.9
1785433155.728,17:39:15,baseline,4,99.3,8527,16126,52.9
1785433155.728,17:39:15,baseline,5,98.8,8718,16126,54.1
1785433155.728,17:39:15,baseline,6,99.0,8608,16126,53.4
1785433155.728,17:39:15,baseline,7,99.0,8606,16126,53.4
1785433156.728,17:39:16,baseline,0,99.1,8591,16126,53.3
1785433156.728,17:39:16,baseline,1,99.0,8559,16126,53.1
1785433156.728,17:39:16,baseline,2,98.8,8590,16126,53.3
1785433156.728,17:39:16,baseline,3,98.9,8526,16126,52.9
1785433156.728,17:39:16,baseline,4,99.3,8527,16126,52.9
1785433156.728,17:39:16,baseline,5,98.8,8718,16126,54.1
1785433156.728,17:39:16,baseline,6,99.0,8608,16126,53.4
1785433156.728,17:39:16,baseline,7,99.0,8606,16126,53.4
1785433157.729,17:39:17,baseline,0,99.1,8591,16126,53.3
1785433157.729,17:39:17,baseline,1,99.0,8559,16126,53.1
1785433157.729,17:39:17,baseline,2,98.8,8590,16126,53.3
1785433157.729,17:39:17,baseline,3,98.9,8526,16126,52.9
1785433157.729,17:39:17,baseline,4,99.3,8527,16126,52.9
1785433157.729,17:39:17,baseline,5,98.8,8718,16126,54.1
1785433157.729,17:39:17,baseline,6,99.0,8608,16126,53.4
1785433157.729,17:39:17,baseline,7,99.0,8606,16126,53.4
1785433158.729,17:39:18,baseline,0,99.1,8591,16126,53.3
1785433158.729,17:39:18,baseline,1,99.0,8559,16126,53.1
1785433158.729,17:39:18,baseline,2,98.8,8590,16126,53.3
1785433158.729,17:39:18,baseline,3,98.9,8526,16126,52.9
1785433158.729,17:39:18,baseline,4,99.3,8527,16126,52.9
1785433158.729,17:39:18,baseline,5,98.8,8718,16126,54.1
1785433158.729,17:39:18,baseline,6,99.0,8608,16126,53.4
1785433158.729,17:39:18,baseline,7,99.0,8606,16126,53.4
1785433159.729,17:39:19,baseline,0,99.1,8591,16126,53.3
1785433159.729,17:39:19,baseline,1,99.0,8559,16126,53.1
1785433159.729,17:39:19,baseline,2,98.8,8590,16126,53.3
1785433159.729,17:39:19,baseline,3,98.9,8526,16126,52.9
1785433159.729,17:39:19,baseline,4,99.3,8527,16126,52.9
1785433159.729,17:39:19,baseline,5,98.8,8718,16126,54.1
1785433159.729,17:39:19,baseline,6,99.0,8608,16126,53.4
1785433159.729,17:39:19,baseline,7,99.0,8606,16126,53.4
1785433160.729,17:39:20,baseline,0,96.5,10603,16126,65.8
1785433160.729,17:39:20,baseline,1,96.6,10603,16126,65.8
1785433160.729,17:39:20,baseline,2,96.3,10603,16126,65.8
1785433160.729,17:39:20,baseline,3,96.3,10603,16126,65.8
1785433160.729,17:39:20,baseline,4,96.5,10603,16126,65.8
1785433160.729,17:39:20,baseline,5,96.3,10603,16126,65.8
1785433160.729,17:39:20,baseline,6,96.6,10605,16126,65.8
1785433160.729,17:39:20,baseline,7,96.8,10603,16126,65.8
1785433161.729,17:39:21,baseline,0,96.5,10603,16126,65.8
1785433161.729,17:39:21,baseline,1,96.6,10603,16126,65.8
1785433161.729,17:39:21,baseline,2,96.3,10603,16126,65.8
1785433161.729,17:39:21,baseline,3,96.3,10603,16126,65.8
1785433161.729,17:39:21,baseline,4,96.5,10603,16126,65.8
1785433161.729,17:39:21,baseline,5,96.3,10603,16126,65.8
1785433161.729,17:39:21,baseline,6,96.6,10605,16126,65.8
1785433161.729,17:39:21,baseline,7,96.8,10603,16126,65.8
1785433162.729,17:39:22,baseline,0,96.5,10603,16126,65.8
1785433162.729,17:39:22,baseline,1,96.6,10603,16126,65.8
1785433162.729,17:39:22,baseline,2,96.3,10603,16126,65.8
1785433162.729,17:39:22,baseline,3,96.3,10603,16126,65.8
1785433162.729,17:39:22,baseline,4,96.5,10603,16126,65.8
1785433162.729,17:39:22,baseline,5,96.3,10603,16126,65.8
1785433162.729,17:39:22,baseline,6,96.6,10605,16126,65.8
1785433162.729,17:39:22,baseline,7,96.8,10603,16126,65.8
1785433163.729,17:39:23,baseline,0,96.5,10603,16126,65.8
1785433163.729,17:39:23,baseline,1,96.6,10603,16126,65.8
1785433163.729,17:39:23,baseline,2,96.3,10603,16126,65.8
1785433163.729,17:39:23,baseline,3,96.3,10603,16126,65.8
1785433163.729,17:39:23,baseline,4,96.5,10603,16126,65.8
1785433163.729,17:39:23,baseline,5,96.3,10603,16126,65.8
1785433163.729,17:39:23,baseline,6,96.6,10605,16126,65.8
1785433163.729,17:39:23,baseline,7,96.8,10603,16126,65.8
1785433164.729,17:39:24,baseline,0,96.5,10603,16126,65.8
1785433164.729,17:39:24,baseline,1,96.6,10603,16126,65.8
1785433164.729,17:39:24,baseline,2,96.3,10603,16126,65.8
1785433164.729,17:39:24,baseline,3,96.3,10603,16126,65.8
1785433164.729,17:39:24,baseline,4,96.5,10603,16126,65.8
1785433164.729,17:39:24,baseline,5,96.3,10603,16126,65.8
1785433164.729,17:39:24,baseline,6,96.6,10605,16126,65.8
1785433164.729,17:39:24,baseline,7,96.8,10603,16126,65.8
1785433165.729,17:39:25,baseline,0,100.0,8511,16126,52.8
1785433165.729,17:39:25,baseline,1,100.0,8575,16126,53.2
1785433165.729,17:39:25,baseline,2,100.0,8510,16126,52.8
1785433165.729,17:39:25,baseline,3,100.0,8638,16126,53.6
1785433165.729,17:39:25,baseline,4,100.0,8575,16126,53.2
1785433165.729,17:39:25,baseline,5,100.0,8558,16126,53.1
1785433165.729,17:39:25,baseline,6,100.0,8608,16126,53.4
1785433165.729,17:39:25,baseline,7,100.0,8606,16126,53.4
1785433166.73,17:39:26,baseline,0,100.0,8511,16126,52.8
1785433166.73,17:39:26,baseline,1,100.0,8575,16126,53.2
1785433166.73,17:39:26,baseline,2,100.0,8510,16126,52.8
1785433166.73,17:39:26,baseline,3,100.0,8638,16126,53.6
1785433166.73,17:39:26,baseline,4,100.0,8575,16126,53.2
1785433166.73,17:39:26,baseline,5,100.0,8558,16126,53.1
1785433166.73,17:39:26,baseline,6,100.0,8608,16126,53.4
1785433166.73,17:39:26,baseline,7,100.0,8606,16126,53.4
1785433167.73,17:39:27,baseline,0,100.0,8511,16126,52.8
1785433167.73,17:39:27,baseline,1,100.0,8575,16126,53.2
1785433167.73,17:39:27,baseline,2,100.0,8510,16126,52.8
1785433167.73,17:39:27,baseline,3,100.0,8638,16126,53.6
1785433167.73,17:39:27,baseline,4,100.0,8575,16126,53.2
1785433167.73,17:39:27,baseline,5,100.0,8558,16126,53.1
1785433167.73,17:39:27,baseline,6,100.0,8608,16126,53.4
1785433167.73,17:39:27,baseline,7,100.0,8606,16126,53.4
1785433168.73,17:39:28,baseline,0,100.0,8511,16126,52.8
1785433168.73,17:39:28,baseline,1,100.0,8575,16126,53.2
1785433168.73,17:39:28,baseline,2,100.0,8510,16126,52.8
1785433168.73,17:39:28,baseline,3,100.0,8638,16126,53.6
1785433168.73,17:39:28,baseline,4,100.0,8575,16126,53.2
1785433168.73,17:39:28,baseline,5,100.0,8558,16126,53.1
1785433168.73,17:39:28,baseline,6,100.0,8608,16126,53.4
1785433168.73,17:39:28,baseline,7,100.0,8606,16126,53.4
1785433169.73,17:39:29,baseline,0,100.0,8511,16126,52.8
1785433169.73,17:39:29,baseline,1,100.0,8575,16126,53.2
1785433169.73,17:39:29,baseline,2,100.0,8510,16126,52.8
1785433169.73,17:39:29,baseline,3,100.0,8638,16126,53.6
1785433169.73,17:39:29,baseline,4,100.0,8575,16126,53.2
1785433169.73,17:39:29,baseline,5,100.0,8558,16126,53.1
1785433169.73,17:39:29,baseline,6,100.0,8608,16126,53.4
1785433169.73,17:39:29,baseline,7,100.0,8606,16126,53.4
1785433170.73,17:39:30,baseline,0,98.4,10603,16126,65.8
1785433170.73,17:39:30,baseline,1,98.0,10603,16126,65.8
1785433170.73,17:39:30,baseline,2,97.9,10603,16126,65.8
1785433170.73,17:39:30,baseline,3,98.2,10603,16126,65.8
1785433170.73,17:39:30,baseline,4,97.9,10603,16126,65.8
1785433170.73,17:39:30,baseline,5,97.4,10603,16126,65.8
1785433170.73,17:39:30,baseline,6,98.7,10605,16126,65.8
1785433170.73,17:39:30,baseline,7,98.6,10603,16126,65.8
1785433171.73,17:39:31,baseline,0,98.4,10603,16126,65.8
1785433171.73,17:39:31,baseline,1,98.0,10603,16126,65.8
1785433171.73,17:39:31,baseline,2,97.9,10603,16126,65.8
1785433171.73,17:39:31,baseline,3,98.2,10603,16126,65.8
1785433171.73,17:39:31,baseline,4,97.9,10603,16126,65.8
1785433171.73,17:39:31,baseline,5,97.4,10603,16126,65.8
1785433171.73,17:39:31,baseline,6,98.7,10605,16126,65.8
1785433171.73,17:39:31,baseline,7,98.6,10603,16126,65.8
1785433172.73,17:39:32,baseline,0,98.4,10603,16126,65.8
1785433172.73,17:39:32,baseline,1,98.0,10603,16126,65.8
1785433172.73,17:39:32,baseline,2,97.9,10603,16126,65.8
1785433172.73,17:39:32,baseline,3,98.2,10603,16126,65.8
1785433172.73,17:39:32,baseline,4,97.9,10603,16126,65.8
1785433172.73,17:39:32,baseline,5,97.4,10603,16126,65.8
1785433172.73,17:39:32,baseline,6,98.7,10605,16126,65.8
1785433172.73,17:39:32,baseline,7,98.6,10603,16126,65.8
1785433173.73,17:39:33,baseline,0,98.4,10603,16126,65.8
1785433173.73,17:39:33,baseline,1,98.0,10603,16126,65.8
1785433173.73,17:39:33,baseline,2,97.9,10603,16126,65.8
1785433173.73,17:39:33,baseline,3,98.2,10603,16126,65.8
1785433173.73,17:39:33,baseline,4,97.9,10603,16126,65.8
1785433173.73,17:39:33,baseline,5,97.4,10603,16126,65.8
1785433173.73,17:39:33,baseline,6,98.7,10605,16126,65.8
1785433173.73,17:39:33,baseline,7,98.6,10603,16126,65.8
1785433174.73,17:39:34,baseline,0,98.4,10603,16126,65.8
1785433174.73,17:39:34,baseline,1,98.0,10603,16126,65.8
1785433174.73,17:39:34,baseline,2,97.9,10603,16126,65.8
1785433174.73,17:39:34,baseline,3,98.2,10603,16126,65.8
1785433174.73,17:39:34,baseline,4,97.9,10603,16126,65.8
1785433174.73,17:39:34,baseline,5,97.4,10603,16126,65.8
1785433174.73,17:39:34,baseline,6,98.7,10605,16126,65.8
1785433174.73,17:39:34,baseline,7,98.6,10603,16126,65.8
1785433175.731,17:39:35,baseline,0,99.8,8559,16126,53.1
1785433175.731,17:39:35,baseline,1,99.5,8543,16126,53.0
1785433175.731,17:39:35,baseline,2,99.8,8782,16126,54.5
1785433175.731,17:39:35,baseline,3,99.7,8606,16126,53.4
1785433175.731,17:39:35,baseline,4,99.5,8526,16126,52.9
1785433175.731,17:39:35,baseline,5,99.4,8718,16126,54.1
1785433175.731,17:39:35,baseline,6,99.6,8560,16126,53.1
1785433175.731,17:39:35,baseline,7,99.6,8606,16126,53.4
1785433176.731,17:39:36,baseline,0,99.8,8559,16126,53.1
1785433176.731,17:39:36,baseline,1,99.5,8543,16126,53.0
1785433176.731,17:39:36,baseline,2,99.8,8782,16126,54.5
1785433176.731,17:39:36,baseline,3,99.7,8606,16126,53.4
1785433176.731,17:39:36,baseline,4,99.5,8526,16126,52.9
1785433176.731,17:39:36,baseline,5,99.4,8718,16126,54.1
1785433176.731,17:39:36,baseline,6,99.6,8560,16126,53.1
1785433176.731,17:39:36,baseline,7,99.6,8606,16126,53.4
1785433177.731,17:39:37,baseline,0,99.8,8559,16126,53.1
1785433177.731,17:39:37,baseline,1,99.5,8543,16126,53.0
1785433177.731,17:39:37,baseline,2,99.8,8782,16126,54.5
1785433177.731,17:39:37,baseline,3,99.7,8606,16126,53.4
1785433177.731,17:39:37,baseline,4,99.5,8526,16126,52.9
1785433177.731,17:39:37,baseline,5,99.4,8718,16126,54.1
1785433177.731,17:39:37,baseline,6,99.6,8560,16126,53.1
1785433177.731,17:39:37,baseline,7,99.6,8606,16126,53.4
1785433178.731,17:39:38,baseline,0,99.8,8559,16126,53.1
1785433178.731,17:39:38,baseline,1,99.5,8543,16126,53.0
1785433178.731,17:39:38,baseline,2,99.8,8782,16126,54.5
1785433178.731,17:39:38,baseline,3,99.7,8606,16126,53.4
1785433178.731,17:39:38,baseline,4,99.5,8526,16126,52.9
1785433178.731,17:39:38,baseline,5,99.4,8718,16126,54.1
1785433178.731,17:39:38,baseline,6,99.6,8560,16126,53.1
1785433178.731,17:39:38,baseline,7,99.6,8606,16126,53.4
1785433179.731,17:39:39,baseline,0,99.8,8559,16126,53.1
1785433179.731,17:39:39,baseline,1,99.5,8543,16126,53.0
1785433179.731,17:39:39,baseline,2,99.8,8782,16126,54.5
1785433179.731,17:39:39,baseline,3,99.7,8606,16126,53.4
1785433179.731,17:39:39,baseline,4,99.5,8526,16126,52.9
1785433179.731,17:39:39,baseline,5,99.4,8718,16126,54.1
1785433179.731,17:39:39,baseline,6,99.6,8560,16126,53.1
1785433179.731,17:39:39,baseline,7,99.6,8606,16126,53.4
1785433180.731,17:39:40,baseline,0,98.1,10603,16126,65.8
1785433180.731,17:39:40,baseline,1,98.3,10603,16126,65.8
1785433180.731,17:39:40,baseline,2,98.2,10603,16126,65.8
1785433180.731,17:39:40,baseline,3,98.2,10603,16126,65.8
1785433180.731,17:39:40,baseline,4,98.0,10603,16126,65.8
1785433180.731,17:39:40,baseline,5,98.4,10603,16126,65.8
1785433180.731,17:39:40,baseline,6,98.3,10605,16126,65.8
1785433180.731,17:39:40,baseline,7,98.0,10603,16126,65.8
1785433181.731,17:39:41,baseline,0,98.1,10603,16126,65.8
1785433181.731,17:39:41,baseline,1,98.3,10603,16126,65.8
1785433181.731,17:39:41,baseline,2,98.2,10603,16126,65.8
1785433181.731,17:39:41,baseline,3,98.2,10603,16126,65.8
1785433181.731,17:39:41,baseline,4,98.0,10603,16126,65.8
1785433181.731,17:39:41,baseline,5,98.4,10603,16126,65.8
1785433181.731,17:39:41,baseline,6,98.3,10605,16126,65.8
1785433181.731,17:39:41,baseline,7,98.0,10603,16126,65.8
1785433182.731,17:39:42,baseline,0,98.1,10603,16126,65.8
1785433182.731,17:39:42,baseline,1,98.3,10603,16126,65.8
1785433182.731,17:39:42,baseline,2,98.2,10603,16126,65.8
1785433182.731,17:39:42,baseline,3,98.2,10603,16126,65.8
1785433182.731,17:39:42,baseline,4,98.0,10603,16126,65.8
1785433182.731,17:39:42,baseline,5,98.4,10603,16126,65.8
1785433182.731,17:39:42,baseline,6,98.3,10605,16126,65.8
1785433182.731,17:39:42,baseline,7,98.0,10603,16126,65.8
1785433183.731,17:39:43,baseline,0,98.1,10603,16126,65.8
1785433183.731,17:39:43,baseline,1,98.3,10603,16126,65.8
1785433183.731,17:39:43,baseline,2,98.2,10603,16126,65.8
1785433183.731,17:39:43,baseline,3,98.2,10603,16126,65.8
1785433183.731,17:39:43,baseline,4,98.0,10603,16126,65.8
1785433183.731,17:39:43,baseline,5,98.4,10603,16126,65.8
1785433183.731,17:39:43,baseline,6,98.3,10605,16126,65.8
1785433183.731,17:39:43,baseline,7,98.0,10603,16126,65.8
1785433184.731,17:39:44,baseline,0,98.1,10603,16126,65.8
1785433184.731,17:39:44,baseline,1,98.3,10603,16126,65.8
1785433184.731,17:39:44,baseline,2,98.2,10603,16126,65.8
1785433184.731,17:39:44,baseline,3,98.2,10603,16126,65.8
1785433184.731,17:39:44,baseline,4,98.0,10603,16126,65.8
1785433184.731,17:39:44,baseline,5,98.4,10603,16126,65.8
1785433184.731,17:39:44,baseline,6,98.3,10605,16126,65.8
1785433184.731,17:39:44,baseline,7,98.0,10603,16126,65.8
1785433185.732,17:39:45,baseline,0,97.1,10743,16126,66.6
1785433185.732,17:39:45,baseline,1,97.3,10743,16126,66.6
1785433185.732,17:39:45,baseline,2,97.0,10743,16126,66.6
1785433185.732,17:39:45,baseline,3,96.6,10743,16126,66.6
1785433185.732,17:39:45,baseline,4,96.9,10743,16126,66.6
1785433185.732,17:39:45,baseline,5,96.9,10743,16126,66.6
1785433185.732,17:39:45,baseline,6,97.1,10744,16126,66.6
1785433185.732,17:39:45,baseline,7,97.1,10743,16126,66.6
1785433186.732,17:39:46,baseline,0,97.1,10743,16126,66.6
1785433186.732,17:39:46,baseline,1,97.3,10743,16126,66.6
1785433186.732,17:39:46,baseline,2,97.0,10743,16126,66.6
1785433186.732,17:39:46,baseline,3,96.6,10743,16126,66.6
1785433186.732,17:39:46,baseline,4,96.9,10743,16126,66.6
1785433186.732,17:39:46,baseline,5,96.9,10743,16126,66.6
1785433186.732,17:39:46,baseline,6,97.1,10744,16126,66.6
1785433186.732,17:39:46,baseline,7,97.1,10743,16126,66.6
1785433187.732,17:39:47,baseline,0,97.1,10743,16126,66.6
1785433187.732,17:39:47,baseline,1,97.3,10743,16126,66.6
1785433187.732,17:39:47,baseline,2,97.0,10743,16126,66.6
1785433187.732,17:39:47,baseline,3,96.6,10743,16126,66.6
1785433187.732,17:39:47,baseline,4,96.9,10743,16126,66.6
1785433187.732,17:39:47,baseline,5,96.9,10743,16126,66.6
1785433187.732,17:39:47,baseline,6,97.1,10744,16126,66.6
1785433187.732,17:39:47,baseline,7,97.1,10743,16126,66.6
1785433188.732,17:39:48,baseline,0,97.1,10743,16126,66.6
1785433188.732,17:39:48,baseline,1,97.3,10743,16126,66.6
1785433188.732,17:39:48,baseline,2,97.0,10743,16126,66.6
1785433188.732,17:39:48,baseline,3,96.6,10743,16126,66.6
1785433188.732,17:39:48,baseline,4,96.9,10743,16126,66.6
1785433188.732,17:39:48,baseline,5,96.9,10743,16126,66.6
1785433188.732,17:39:48,baseline,6,97.1,10744,16126,66.6
1785433188.732,17:39:48,baseline,7,97.1,10743,16126,66.6
1785433189.732,17:39:49,baseline,0,97.1,10743,16126,66.6
1785433189.732,17:39:49,baseline,1,97.3,10743,16126,66.6
1785433189.732,17:39:49,baseline,2,97.0,10743,16126,66.6
1785433189.732,17:39:49,baseline,3,96.6,10743,16126,66.6
1785433189.732,17:39:49,baseline,4,96.9,10743,16126,66.6
1785433189.732,17:39:49,baseline,5,96.9,10743,16126,66.6
1785433189.732,17:39:49,baseline,6,97.1,10744,16126,66.6
1785433189.732,17:39:49,baseline,7,97.1,10743,16126,66.6
1785433190.732,17:39:50,baseline,0,100.0,8446,16126,52.4
1785433190.732,17:39:50,baseline,1,100.0,8526,16126,52.9
1785433190.732,17:39:50,baseline,2,100.0,8654,16126,53.7
1785433190.732,17:39:50,baseline,3,100.0,8510,16126,52.8
1785433190.732,17:39:50,baseline,4,100.0,8526,16126,52.9
1785433190.732,17:39:50,baseline,5,100.0,8591,16126,53.3
1785433190.732,17:39:50,baseline,6,100.0,8576,16126,53.2
1785433190.732,17:39:50,baseline,7,100.0,8510,16126,52.8
1785433191.732,17:39:51,baseline,0,100.0,8446,16126,52.4
1785433191.732,17:39:51,baseline,1,100.0,8526,16126,52.9
1785433191.732,17:39:51,baseline,2,100.0,8654,16126,53.7
1785433191.732,17:39:51,baseline,3,100.0,8510,16126,52.8
1785433191.732,17:39:51,baseline,4,100.0,8526,16126,52.9
1785433191.732,17:39:51,baseline,5,100.0,8591,16126,53.3
1785433191.732,17:39:51,baseline,6,100.0,8576,16126,53.2
1785433191.732,17:39:51,baseline,7,100.0,8510,16126,52.8
1785433192.732,17:39:52,baseline,0,100.0,8446,16126,52.4
1785433192.732,17:39:52,baseline,1,100.0,8526,16126,52.9
1785433192.732,17:39:52,baseline,2,100.0,8654,16126,53.7
1785433192.732,17:39:52,baseline,3,100.0,8510,16126,52.8
1785433192.732,17:39:52,baseline,4,100.0,8526,16126,52.9
1785433192.732,17:39:52,baseline,5,100.0,8591,16126,53.3
1785433192.732,17:39:52,baseline,6,100.0,8576,16126,53.2
1785433192.732,17:39:52,baseline,7,100.0,8510,16126,52.8
1785433193.732,17:39:53,baseline,0,100.0,8446,16126,52.4
1785433193.732,17:39:53,baseline,1,100.0,8526,16126,52.9
1785433193.732,17:39:53,baseline,2,100.0,8654,16126,53.7
1785433193.732,17:39:53,baseline,3,100.0,8510,16126,52.8
1785433193.732,17:39:53,baseline,4,100.0,8526,16126,52.9
1785433193.732,17:39:53,baseline,5,100.0,8591,16126,53.3
1785433193.732,17:39:53,baseline,6,100.0,8576,16126,53.2
1785433193.732,17:39:53,baseline,7,100.0,8510,16126,52.8
1785433194.733,17:39:54,baseline,0,100.0,8446,16126,52.4
1785433194.733,17:39:54,baseline,1,100.0,8526,16126,52.9
1785433194.733,17:39:54,baseline,2,100.0,8654,16126,53.7
1785433194.733,17:39:54,baseline,3,100.0,8510,16126,52.8
1785433194.733,17:39:54,baseline,4,100.0,8526,16126,52.9
1785433194.733,17:39:54,baseline,5,100.0,8591,16126,53.3
1785433194.733,17:39:54,baseline,6,100.0,8576,16126,53.2
1785433194.733,17:39:54,baseline,7,100.0,8510,16126,52.8
1785433195.733,17:39:55,baseline,0,98.7,10743,16126,66.6
1785433195.733,17:39:55,baseline,1,98.5,10743,16126,66.6
1785433195.733,17:39:55,baseline,2,98.2,10743,16126,66.6
1785433195.733,17:39:55,baseline,3,98.1,10743,16126,66.6
1785433195.733,17:39:55,baseline,4,98.4,10743,16126,66.6
1785433195.733,17:39:55,baseline,5,98.1,10743,16126,66.6
1785433195.733,17:39:55,baseline,6,98.5,10744,16126,66.6
1785433195.733,17:39:55,baseline,7,98.1,10743,16126,66.6
1785433196.733,17:39:56,baseline,0,98.7,10743,16126,66.6
1785433196.733,17:39:56,baseline,1,98.5,10743,16126,66.6
1785433196.733,17:39:56,baseline,2,98.2,10743,16126,66.6
1785433196.733,17:39:56,baseline,3,98.1,10743,16126,66.6
1785433196.733,17:39:56,baseline,4,98.4,10743,16126,66.6
1785433196.733,17:39:56,baseline,5,98.1,10743,16126,66.6
1785433196.733,17:39:56,baseline,6,98.5,10744,16126,66.6
1785433196.733,17:39:56,baseline,7,98.1,10743,16126,66.6
1785433197.733,17:39:57,baseline,0,98.7,10743,16126,66.6
1785433197.733,17:39:57,baseline,1,98.5,10743,16126,66.6
1785433197.733,17:39:57,baseline,2,98.2,10743,16126,66.6
1785433197.733,17:39:57,baseline,3,98.1,10743,16126,66.6
1785433197.733,17:39:57,baseline,4,98.4,10743,16126,66.6
1785433197.733,17:39:57,baseline,5,98.1,10743,16126,66.6
1785433197.733,17:39:57,baseline,6,98.5,10744,16126,66.6
1785433197.733,17:39:57,baseline,7,98.1,10743,16126,66.6
1785433198.733,17:39:58,baseline,0,98.7,10743,16126,66.6
1785433198.733,17:39:58,baseline,1,98.5,10743,16126,66.6
1785433198.733,17:39:58,baseline,2,98.2,10743,16126,66.6
1785433198.733,17:39:58,baseline,3,98.1,10743,16126,66.6
1785433198.733,17:39:58,baseline,4,98.4,10743,16126,66.6
1785433198.733,17:39:58,baseline,5,98.1,10743,16126,66.6
1785433198.733,17:39:58,baseline,6,98.5,10744,16126,66.6
1785433198.733,17:39:58,baseline,7,98.1,10743,16126,66.6
1785433199.733,17:39:59,baseline,0,98.7,10743,16126,66.6
1785433199.733,17:39:59,baseline,1,98.5,10743,16126,66.6
1785433199.733,17:39:59,baseline,2,98.2,10743,16126,66.6
1785433199.733,17:39:59,baseline,3,98.1,10743,16126,66.6
1785433199.733,17:39:59,baseline,4,98.4,10743,16126,66.6
1785433199.733,17:39:59,baseline,5,98.1,10743,16126,66.6
1785433199.733,17:39:59,baseline,6,98.5,10744,16126,66.6
1785433199.733,17:39:59,baseline,7,98.1,10743,16126,66.6
1785433200.733,17:40:00,baseline,0,99.5,8590,16126,53.3
1785433200.733,17:40:00,baseline,1,99.8,8622,16126,53.5
1785433200.733,17:40:00,baseline,2,99.6,8446,16126,52.4
1785433200.733,17:40:00,baseline,3,99.4,8782,16126,54.5
1785433200.733,17:40:00,baseline,4,99.2,8654,16126,53.7
1785433200.733,17:40:00,baseline,5,99.3,8510,16126,52.8
1785433200.733,17:40:00,baseline,6,99.0,8720,16126,54.1
1785433200.733,17:40:00,baseline,7,99.3,8718,16126,54.1
1785433201.733,17:40:01,baseline,0,99.5,8590,16126,53.3
1785433201.733,17:40:01,baseline,1,99.8,8622,16126,53.5
1785433201.733,17:40:01,baseline,2,99.6,8446,16126,52.4
1785433201.733,17:40:01,baseline,3,99.4,8782,16126,54.5
1785433201.733,17:40:01,baseline,4,99.2,8654,16126,53.7
1785433201.733,17:40:01,baseline,5,99.3,8510,16126,52.8
1785433201.733,17:40:01,baseline,6,99.0,8720,16126,54.1
1785433201.733,17:40:01,baseline,7,99.3,8718,16126,54.1
1785433202.734,17:40:02,baseline,0,99.5,8590,16126,53.3
1785433202.734,17:40:02,baseline,1,99.8,8622,16126,53.5
1785433202.734,17:40:02,baseline,2,99.6,8446,16126,52.4
1785433202.734,17:40:02,baseline,3,99.4,8782,16126,54.5
1785433202.734,17:40:02,baseline,4,99.2,8654,16126,53.7
1785433202.734,17:40:02,baseline,5,99.3,8510,16126,52.8
1785433202.734,17:40:02,baseline,6,99.0,8720,16126,54.1
1785433202.734,17:40:02,baseline,7,99.3,8718,16126,54.1
1785433203.734,17:40:03,baseline,0,99.5,8590,16126,53.3
1785433203.734,17:40:03,baseline,1,99.8,8622,16126,53.5
1785433203.734,17:40:03,baseline,2,99.6,8446,16126,52.4
1785433203.734,17:40:03,baseline,3,99.4,8782,16126,54.5
1785433203.734,17:40:03,baseline,4,99.2,8654,16126,53.7
1785433203.734,17:40:03,baseline,5,99.3,8510,16126,52.8
1785433203.734,17:40:03,baseline,6,99.0,8720,16126,54.1
1785433203.734,17:40:03,baseline,7,99.3,8718,16126,54.1
1785433204.734,17:40:04,baseline,0,99.5,8590,16126,53.3
1785433204.734,17:40:04,baseline,1,99.8,8622,16126,53.5
1785433204.734,17:40:04,baseline,2,99.6,8446,16126,52.4
1785433204.734,17:40:04,baseline,3,99.4,8782,16126,54.5
1785433204.734,17:40:04,baseline,4,99.2,8654,16126,53.7
1785433204.734,17:40:04,baseline,5,99.3,8510,16126,52.8
1785433204.734,17:40:04,baseline,6,99.0,8720,16126,54.1
1785433204.734,17:40:04,baseline,7,99.3,8718,16126,54.1
1785433205.734,17:40:05,baseline,0,95.8,10603,16126,65.8
1785433205.734,17:40:05,baseline,1,96.2,10603,16126,65.8
1785433205.734,17:40:05,baseline,2,96.2,10603,16126,65.8
1785433205.734,17:40:05,baseline,3,96.1,10603,16126,65.8
1785433205.734,17:40:05,baseline,4,96.3,10603,16126,65.8
1785433205.734,17:40:05,baseline,5,95.9,10603,16126,65.8
1785433205.734,17:40:05,baseline,6,96.2,10605,16126,65.8
1785433205.734,17:40:05,baseline,7,96.1,10603,16126,65.8
1785433206.734,17:40:06,baseline,0,95.8,10603,16126,65.8
1785433206.734,17:40:06,baseline,1,96.2,10603,16126,65.8
1785433206.734,17:40:06,baseline,2,96.2,10603,16126,65.8
1785433206.734,17:40:06,baseline,3,96.1,10603,16126,65.8
1785433206.734,17:40:06,baseline,4,96.3,10603,16126,65.8
1785433206.734,17:40:06,baseline,5,95.9,10603,16126,65.8
1785433206.734,17:40:06,baseline,6,96.2,10605,16126,65.8
1785433206.734,17:40:06,baseline,7,96.1,10603,16126,65.8
1785433207.734,17:40:07,baseline,0,95.8,10603,16126,65.8
1785433207.734,17:40:07,baseline,1,96.2,10603,16126,65.8
1785433207.734,17:40:07,baseline,2,96.2,10603,16126,65.8
1785433207.734,17:40:07,baseline,3,96.1,10603,16126,65.8
1785433207.734,17:40:07,baseline,4,96.3,10603,16126,65.8
1785433207.734,17:40:07,baseline,5,95.9,10603,16126,65.8
1785433207.734,17:40:07,baseline,6,96.2,10605,16126,65.8
1785433207.734,17:40:07,baseline,7,96.1,10603,16126,65.8
1785433208.734,17:40:08,baseline,0,95.8,10603,16126,65.8
1785433208.734,17:40:08,baseline,1,96.2,10603,16126,65.8
1785433208.734,17:40:08,baseline,2,96.2,10603,16126,65.8
1785433208.734,17:40:08,baseline,3,96.1,10603,16126,65.8
1785433208.734,17:40:08,baseline,4,96.3,10603,16126,65.8
1785433208.734,17:40:08,baseline,5,95.9,10603,16126,65.8
1785433208.734,17:40:08,baseline,6,96.2,10605,16126,65.8
1785433208.734,17:40:08,baseline,7,96.1,10603,16126,65.8
1785433209.734,17:40:09,baseline,0,95.8,10603,16126,65.8
1785433209.734,17:40:09,baseline,1,96.2,10603,16126,65.8
1785433209.734,17:40:09,baseline,2,96.2,10603,16126,65.8
1785433209.734,17:40:09,baseline,3,96.1,10603,16126,65.8
1785433209.734,17:40:09,baseline,4,96.3,10603,16126,65.8
1785433209.734,17:40:09,baseline,5,95.9,10603,16126,65.8
1785433209.734,17:40:09,baseline,6,96.2,10605,16126,65.8
1785433209.734,17:40:09,baseline,7,96.1,10603,16126,65.8
1785433210.734,17:40:10,baseline,0,100.0,8510,16126,52.8
1785433210.734,17:40:10,baseline,1,100.0,8462,16126,52.5
1785433210.734,17:40:10,baseline,2,100.0,8622,16126,53.5
1785433210.734,17:40:10,baseline,3,100.0,8462,16126,52.5
1785433210.734,17:40:10,baseline,4,100.0,8446,16126,52.4
1785433210.734,17:40:10,baseline,5,100.0,8574,16126,53.2
1785433210.734,17:40:10,baseline,6,100.0,8512,16126,52.8
1785433210.734,17:40:10,baseline,7,100.0,8510,16126,52.8
1785433211.734,17:40:11,baseline,0,100.0,8510,16126,52.8
1785433211.734,17:40:11,baseline,1,100.0,8462,16126,52.5
1785433211.734,17:40:11,baseline,2,100.0,8622,16126,53.5
1785433211.734,17:40:11,baseline,3,100.0,8462,16126,52.5
1785433211.734,17:40:11,baseline,4,100.0,8446,16126,52.4
1785433211.734,17:40:11,baseline,5,100.0,8574,16126,53.2
1785433211.734,17:40:11,baseline,6,100.0,8512,16126,52.8
1785433211.734,17:40:11,baseline,7,100.0,8510,16126,52.8
1785433212.735,17:40:12,baseline,0,100.0,8510,16126,52.8
1785433212.735,17:40:12,baseline,1,100.0,8462,16126,52.5
1785433212.735,17:40:12,baseline,2,100.0,8622,16126,53.5
1785433212.735,17:40:12,baseline,3,100.0,8462,16126,52.5
1785433212.735,17:40:12,baseline,4,100.0,8446,16126,52.4
1785433212.735,17:40:12,baseline,5,100.0,8574,16126,53.2
1785433212.735,17:40:12,baseline,6,100.0,8512,16126,52.8
1785433212.735,17:40:12,baseline,7,100.0,8510,16126,52.8
1785433213.735,17:40:13,baseline,0,100.0,8510,16126,52.8
1785433213.735,17:40:13,baseline,1,100.0,8462,16126,52.5
1785433213.735,17:40:13,baseline,2,100.0,8622,16126,53.5
1785433213.735,17:40:13,baseline,3,100.0,8462,16126,52.5
1785433213.735,17:40:13,baseline,4,100.0,8446,16126,52.4
1785433213.735,17:40:13,baseline,5,100.0,8574,16126,53.2
1785433213.735,17:40:13,baseline,6,100.0,8512,16126,52.8
1785433213.735,17:40:13,baseline,7,100.0,8510,16126,52.8
1785433214.735,17:40:14,baseline,0,100.0,8510,16126,52.8
1785433214.735,17:40:14,baseline,1,100.0,8462,16126,52.5
1785433214.735,17:40:14,baseline,2,100.0,8622,16126,53.5
1785433214.735,17:40:14,baseline,3,100.0,8462,16126,52.5
1785433214.735,17:40:14,baseline,4,100.0,8446,16126,52.4
1785433214.735,17:40:14,baseline,5,100.0,8574,16126,53.2
1785433214.735,17:40:14,baseline,6,100.0,8512,16126,52.8
1785433214.735,17:40:14,baseline,7,100.0,8510,16126,52.8
1785433215.735,17:40:15,baseline,0,97.9,10604,16126,65.8
1785433215.735,17:40:15,baseline,1,98.5,10604,16126,65.8
1785433215.735,17:40:15,baseline,2,98.8,10604,16126,65.8
1785433215.735,17:40:15,baseline,3,98.2,10604,16126,65.8
1785433215.735,17:40:15,baseline,4,98.8,10604,16126,65.8
1785433215.735,17:40:15,baseline,5,98.4,10603,16126,65.8
1785433215.735,17:40:15,baseline,6,98.2,10605,16126,65.8
1785433215.735,17:40:15,baseline,7,98.6,10603,16126,65.8
1785433216.735,17:40:16,baseline,0,97.9,10604,16126,65.8
1785433216.735,17:40:16,baseline,1,98.5,10604,16126,65.8
1785433216.735,17:40:16,baseline,2,98.8,10604,16126,65.8
1785433216.735,17:40:16,baseline,3,98.2,10604,16126,65.8
1785433216.735,17:40:16,baseline,4,98.8,10604,16126,65.8
1785433216.735,17:40:16,baseline,5,98.4,10603,16126,65.8
1785433216.735,17:40:16,baseline,6,98.2,10605,16126,65.8
1785433216.735,17:40:16,baseline,7,98.6,10603,16126,65.8
1785433217.735,17:40:17,baseline,0,97.9,10604,16126,65.8
1785433217.735,17:40:17,baseline,1,98.5,10604,16126,65.8
1785433217.735,17:40:17,baseline,2,98.8,10604,16126,65.8
1785433217.735,17:40:17,baseline,3,98.2,10604,16126,65.8
1785433217.735,17:40:17,baseline,4,98.8,10604,16126,65.8
1785433217.735,17:40:17,baseline,5,98.4,10603,16126,65.8
1785433217.735,17:40:17,baseline,6,98.2,10605,16126,65.8
1785433217.735,17:40:17,baseline,7,98.6,10603,16126,65.8
1785433218.735,17:40:18,baseline,0,97.9,10604,16126,65.8
1785433218.735,17:40:18,baseline,1,98.5,10604,16126,65.8
1785433218.735,17:40:18,baseline,2,98.8,10604,16126,65.8
1785433218.735,17:40:18,baseline,3,98.2,10604,16126,65.8
1785433218.735,17:40:18,baseline,4,98.8,10604,16126,65.8
1785433218.735,17:40:18,baseline,5,98.4,10603,16126,65.8
1785433218.735,17:40:18,baseline,6,98.2,10605,16126,65.8
1785433218.735,17:40:18,baseline,7,98.6,10603,16126,65.8
1785433219.735,17:40:19,baseline,0,97.9,10604,16126,65.8
1785433219.735,17:40:19,baseline,1,98.5,10604,16126,65.8
1785433219.735,17:40:19,baseline,2,98.8,10604,16126,65.8
1785433219.735,17:40:19,baseline,3,98.2,10604,16126,65.8
1785433219.735,17:40:19,baseline,4,98.8,10604,16126,65.8
1785433219.735,17:40:19,baseline,5,98.4,10603,16126,65.8
1785433219.735,17:40:19,baseline,6,98.2,10605,16126,65.8
1785433219.735,17:40:19,baseline,7,98.6,10603,16126,65.8
1785433220.735,17:40:20,baseline,0,99.9,8575,16126,53.2
1785433220.735,17:40:20,baseline,1,100.0,8542,16126,53.0
1785433220.735,17:40:20,baseline,2,100.0,8558,16126,53.1
1785433220.735,17:40:20,baseline,3,100.0,8750,16126,54.3
1785433220.735,17:40:20,baseline,4,100.0,8575,16126,53.2
1785433220.735,17:40:20,baseline,5,100.0,8558,16126,53.1
1785433220.735,17:40:20,baseline,6,99.9,8656,16126,53.7
1785433220.735,17:40:20,baseline,7,100.0,8782,16126,54.5
1785433221.736,17:40:21,baseline,0,99.9,8575,16126,53.2
1785433221.736,17:40:21,baseline,1,100.0,8542,16126,53.0
1785433221.736,17:40:21,baseline,2,100.0,8558,16126,53.1
1785433221.736,17:40:21,baseline,3,100.0,8750,16126,54.3
1785433221.736,17:40:21,baseline,4,100.0,8575,16126,53.2
1785433221.736,17:40:21,baseline,5,100.0,8558,16126,53.1
1785433221.736,17:40:21,baseline,6,99.9,8656,16126,53.7
1785433221.736,17:40:21,baseline,7,100.0,8782,16126,54.5
1785433222.736,17:40:22,baseline,0,99.9,8575,16126,53.2
1785433222.736,17:40:22,baseline,1,100.0,8542,16126,53.0
1785433222.736,17:40:22,baseline,2,100.0,8558,16126,53.1
1785433222.736,17:40:22,baseline,3,100.0,8750,16126,54.3
1785433222.736,17:40:22,baseline,4,100.0,8575,16126,53.2
1785433222.736,17:40:22,baseline,5,100.0,8558,16126,53.1
1785433222.736,17:40:22,baseline,6,99.9,8656,16126,53.7
1785433222.736,17:40:22,baseline,7,100.0,8782,16126,54.5
1785433223.736,17:40:23,baseline,0,99.9,8575,16126,53.2
1785433223.736,17:40:23,baseline,1,100.0,8542,16126,53.0
1785433223.736,17:40:23,baseline,2,100.0,8558,16126,53.1
1785433223.736,17:40:23,baseline,3,100.0,8750,16126,54.3
1785433223.736,17:40:23,baseline,4,100.0,8575,16126,53.2
1785433223.736,17:40:23,baseline,5,100.0,8558,16126,53.1
1785433223.736,17:40:23,baseline,6,99.9,8656,16126,53.7
1785433223.736,17:40:23,baseline,7,100.0,8782,16126,54.5
1785433224.736,17:40:24,baseline,0,99.9,8575,16126,53.2
1785433224.736,17:40:24,baseline,1,100.0,8542,16126,53.0
1785433224.736,17:40:24,baseline,2,100.0,8558,16126,53.1
1785433224.736,17:40:24,baseline,3,100.0,8750,16126,54.3
1785433224.736,17:40:24,baseline,4,100.0,8575,16126,53.2
1785433224.736,17:40:24,baseline,5,100.0,8558,16126,53.1
1785433224.736,17:40:24,baseline,6,99.9,8656,16126,53.7
1785433224.736,17:40:24,baseline,7,100.0,8782,16126,54.5
1785433225.736,17:40:25,baseline,0,98.2,10604,16126,65.8
1785433225.736,17:40:25,baseline,1,97.8,10603,16126,65.8
1785433225.736,17:40:25,baseline,2,98.5,10604,16126,65.8
1785433225.736,17:40:25,baseline,3,98.4,10604,16126,65.8
1785433225.736,17:40:25,baseline,4,98.4,10604,16126,65.8
1785433225.736,17:40:25,baseline,5,98.3,10603,16126,65.8
1785433225.736,17:40:25,baseline,6,98.2,10605,16126,65.8
1785433225.736,17:40:25,baseline,7,98.2,10603,16126,65.8
1785433226.736,17:40:26,baseline,0,98.2,10604,16126,65.8
1785433226.736,17:40:26,baseline,1,97.8,10603,16126,65.8
1785433226.736,17:40:26,baseline,2,98.5,10604,16126,65.8
1785433226.736,17:40:26,baseline,3,98.4,10604,16126,65.8
1785433226.736,17:40:26,baseline,4,98.4,10604,16126,65.8
1785433226.736,17:40:26,baseline,5,98.3,10603,16126,65.8
1785433226.736,17:40:26,baseline,6,98.2,10605,16126,65.8
1785433226.736,17:40:26,baseline,7,98.2,10603,16126,65.8
1785433227.736,17:40:27,baseline,0,98.2,10604,16126,65.8
1785433227.736,17:40:27,baseline,1,97.8,10603,16126,65.8
1785433227.736,17:40:27,baseline,2,98.5,10604,16126,65.8
1785433227.736,17:40:27,baseline,3,98.4,10604,16126,65.8
1785433227.736,17:40:27,baseline,4,98.4,10604,16126,65.8
1785433227.736,17:40:27,baseline,5,98.3,10603,16126,65.8
1785433227.736,17:40:27,baseline,6,98.2,10605,16126,65.8
1785433227.736,17:40:27,baseline,7,98.2,10603,16126,65.8
1785433228.736,17:40:28,baseline,0,98.2,10604,16126,65.8
1785433228.736,17:40:28,baseline,1,97.8,10603,16126,65.8
1785433228.736,17:40:28,baseline,2,98.5,10604,16126,65.8
1785433228.736,17:40:28,baseline,3,98.4,10604,16126,65.8
1785433228.736,17:40:28,baseline,4,98.4,10604,16126,65.8
1785433228.736,17:40:28,baseline,5,98.3,10603,16126,65.8
1785433228.736,17:40:28,baseline,6,98.2,10605,16126,65.8
1785433228.736,17:40:28,baseline,7,98.2,10603,16126,65.8
1785433229.736,17:40:29,baseline,0,98.2,10604,16126,65.8
1785433229.736,17:40:29,baseline,1,97.8,10603,16126,65.8
1785433229.736,17:40:29,baseline,2,98.5,10604,16126,65.8
1785433229.736,17:40:29,baseline,3,98.4,10604,16126,65.8
1785433229.736,17:40:29,baseline,4,98.4,10604,16126,65.8
1785433229.736,17:40:29,baseline,5,98.3,10603,16126,65.8
1785433229.736,17:40:29,baseline,6,98.2,10605,16126,65.8
1785433229.736,17:40:29,baseline,7,98.2,10603,16126,65.8
1785433230.736,17:40:30,baseline,0,96.8,10743,16126,66.6
1785433230.736,17:40:30,baseline,1,96.6,10743,16126,66.6
1785433230.736,17:40:30,baseline,2,96.5,10743,16126,66.6
1785433230.736,17:40:30,baseline,3,96.6,10743,16126,66.6
1785433230.736,17:40:30,baseline,4,96.7,10743,16126,66.6
1785433230.736,17:40:30,baseline,5,96.4,10743,16126,66.6
1785433230.736,17:40:30,baseline,6,96.7,10744,16126,66.6
1785433230.736,17:40:30,baseline,7,96.7,10743,16126,66.6
1785433231.737,17:40:31,baseline,0,96.8,10743,16126,66.6
1785433231.737,17:40:31,baseline,1,96.6,10743,16126,66.6
1785433231.737,17:40:31,baseline,2,96.5,10743,16126,66.6
1785433231.737,17:40:31,baseline,3,96.6,10743,16126,66.6
1785433231.737,17:40:31,baseline,4,96.7,10743,16126,66.6
1785433231.737,17:40:31,baseline,5,96.4,10743,16126,66.6
1785433231.737,17:40:31,baseline,6,96.7,10744,16126,66.6
1785433231.737,17:40:31,baseline,7,96.7,10743,16126,66.6
1785433232.737,17:40:32,baseline,0,96.8,10743,16126,66.6
1785433232.737,17:40:32,baseline,1,96.6,10743,16126,66.6
1785433232.737,17:40:32,baseline,2,96.5,10743,16126,66.6
1785433232.737,17:40:32,baseline,3,96.6,10743,16126,66.6
1785433232.737,17:40:32,baseline,4,96.7,10743,16126,66.6
1785433232.737,17:40:32,baseline,5,96.4,10743,16126,66.6
1785433232.737,17:40:32,baseline,6,96.7,10744,16126,66.6
1785433232.737,17:40:32,baseline,7,96.7,10743,16126,66.6
1785433233.737,17:40:33,baseline,0,96.8,10743,16126,66.6
1785433233.737,17:40:33,baseline,1,96.6,10743,16126,66.6
1785433233.737,17:40:33,baseline,2,96.5,10743,16126,66.6
1785433233.737,17:40:33,baseline,3,96.6,10743,16126,66.6
1785433233.737,17:40:33,baseline,4,96.7,10743,16126,66.6
1785433233.737,17:40:33,baseline,5,96.4,10743,16126,66.6
1785433233.737,17:40:33,baseline,6,96.7,10744,16126,66.6
1785433233.737,17:40:33,baseline,7,96.7,10743,16126,66.6
1785433234.737,17:40:34,baseline,0,96.8,10743,16126,66.6
1785433234.737,17:40:34,baseline,1,96.6,10743,16126,66.6
1785433234.737,17:40:34,baseline,2,96.5,10743,16126,66.6
1785433234.737,17:40:34,baseline,3,96.6,10743,16126,66.6
1785433234.737,17:40:34,baseline,4,96.7,10743,16126,66.6
1785433234.737,17:40:34,baseline,5,96.4,10743,16126,66.6
1785433234.737,17:40:34,baseline,6,96.7,10744,16126,66.6
1785433234.737,17:40:34,baseline,7,96.7,10743,16126,66.6
1785433235.737,17:40:35,baseline,0,100.0,8654,16126,53.7
1785433235.737,17:40:35,baseline,1,100.0,8558,16126,53.1
1785433235.737,17:40:35,baseline,2,100.0,8590,16126,53.3
1785433235.737,17:40:35,baseline,3,100.0,8510,16126,52.8
1785433235.737,17:40:35,baseline,4,100.0,8591,16126,53.3
1785433235.737,17:40:35,baseline,5,100.0,8638,16126,53.6
1785433235.737,17:40:35,baseline,6,100.0,8528,16126,52.9
1785433235.737,17:40:35,baseline,7,100.0,8478,16126,52.6
1785433236.737,17:40:36,baseline,0,100.0,8654,16126,53.7
1785433236.737,17:40:36,baseline,1,100.0,8558,16126,53.1
1785433236.737,17:40:36,baseline,2,100.0,8590,16126,53.3
1785433236.737,17:40:36,baseline,3,100.0,8510,16126,52.8
1785433236.737,17:40:36,baseline,4,100.0,8591,16126,53.3
1785433236.737,17:40:36,baseline,5,100.0,8638,16126,53.6
1785433236.737,17:40:36,baseline,6,100.0,8528,16126,52.9
1785433236.737,17:40:36,baseline,7,100.0,8478,16126,52.6
1785433237.737,17:40:37,baseline,0,100.0,8654,16126,53.7
1785433237.737,17:40:37,baseline,1,100.0,8558,16126,53.1
1785433237.737,17:40:37,baseline,2,100.0,8590,16126,53.3
1785433237.737,17:40:37,baseline,3,100.0,8510,16126,52.8
1785433237.737,17:40:37,baseline,4,100.0,8591,16126,53.3
1785433237.737,17:40:37,baseline,5,100.0,8638,16126,53.6
1785433237.737,17:40:37,baseline,6,100.0,8528,16126,52.9
1785433237.737,17:40:37,baseline,7,100.0,8478,16126,52.6
1785433238.737,17:40:38,baseline,0,100.0,8654,16126,53.7
1785433238.737,17:40:38,baseline,1,100.0,8558,16126,53.1
1785433238.737,17:40:38,baseline,2,100.0,8590,16126,53.3
1785433238.737,17:40:38,baseline,3,100.0,8510,16126,52.8
1785433238.737,17:40:38,baseline,4,100.0,8591,16126,53.3
1785433238.737,17:40:38,baseline,5,100.0,8638,16126,53.6
1785433238.737,17:40:38,baseline,6,100.0,8528,16126,52.9
1785433238.737,17:40:38,baseline,7,100.0,8478,16126,52.6
1785433239.738,17:40:39,baseline,0,100.0,8654,16126,53.7
1785433239.738,17:40:39,baseline,1,100.0,8558,16126,53.1
1785433239.738,17:40:39,baseline,2,100.0,8590,16126,53.3
1785433239.738,17:40:39,baseline,3,100.0,8510,16126,52.8
1785433239.738,17:40:39,baseline,4,100.0,8591,16126,53.3
1785433239.738,17:40:39,baseline,5,100.0,8638,16126,53.6
1785433239.738,17:40:39,baseline,6,100.0,8528,16126,52.9
1785433239.738,17:40:39,baseline,7,100.0,8478,16126,52.6
1785433240.738,17:40:40,baseline,0,97.4,10743,16126,66.6
1785433240.738,17:40:40,baseline,1,98.0,10743,16126,66.6
1785433240.738,17:40:40,baseline,2,98.0,10743,16126,66.6
1785433240.738,17:40:40,baseline,3,98.9,10743,16126,66.6
1785433240.738,17:40:40,baseline,4,98.2,10743,16126,66.6
1785433240.738,17:40:40,baseline,5,97.4,10743,16126,66.6
1785433240.738,17:40:40,baseline,6,99.3,10744,16126,66.6
1785433240.738,17:40:40,baseline,7,98.0,10743,16126,66.6
1785433241.738,17:40:41,baseline,0,97.4,10743,16126,66.6
1785433241.738,17:40:41,baseline,1,98.0,10743,16126,66.6
1785433241.738,17:40:41,baseline,2,98.0,10743,16126,66.6
1785433241.738,17:40:41,baseline,3,98.9,10743,16126,66.6
1785433241.738,17:40:41,baseline,4,98.2,10743,16126,66.6
1785433241.738,17:40:41,baseline,5,97.4,10743,16126,66.6
1785433241.738,17:40:41,baseline,6,99.3,10744,16126,66.6
1785433241.738,17:40:41,baseline,7,98.0,10743,16126,66.6
1785433242.738,17:40:42,baseline,0,97.4,10743,16126,66.6
1785433242.738,17:40:42,baseline,1,98.0,10743,16126,66.6
1785433242.738,17:40:42,baseline,2,98.0,10743,16126,66.6
1785433242.738,17:40:42,baseline,3,98.9,10743,16126,66.6
1785433242.738,17:40:42,baseline,4,98.2,10743,16126,66.6
1785433242.738,17:40:42,baseline,5,97.4,10743,16126,66.6
1785433242.738,17:40:42,baseline,6,99.3,10744,16126,66.6
1785433242.738,17:40:42,baseline,7,98.0,10743,16126,66.6
1785433243.738,17:40:43,baseline,0,97.4,10743,16126,66.6
1785433243.738,17:40:43,baseline,1,98.0,10743,16126,66.6
1785433243.738,17:40:43,baseline,2,98.0,10743,16126,66.6
1785433243.738,17:40:43,baseline,3,98.9,10743,16126,66.6
1785433243.738,17:40:43,baseline,4,98.2,10743,16126,66.6
1785433243.738,17:40:43,baseline,5,97.4,10743,16126,66.6
1785433243.738,17:40:43,baseline,6,99.3,10744,16126,66.6
1785433243.738,17:40:43,baseline,7,98.0,10743,16126,66.6
1785433244.738,17:40:44,baseline,0,97.4,10743,16126,66.6
1785433244.738,17:40:44,baseline,1,98.0,10743,16126,66.6
1785433244.738,17:40:44,baseline,2,98.0,10743,16126,66.6
1785433244.738,17:40:44,baseline,3,98.9,10743,16126,66.6
1785433244.738,17:40:44,baseline,4,98.2,10743,16126,66.6
1785433244.738,17:40:44,baseline,5,97.4,10743,16126,66.6
1785433244.738,17:40:44,baseline,6,99.3,10744,16126,66.6
1785433244.738,17:40:44,baseline,7,98.0,10743,16126,66.6
1785433245.738,17:40:45,baseline,0,99.4,8510,16126,52.8
1785433245.738,17:40:45,baseline,1,100.0,8462,16126,52.5
1785433245.738,17:40:45,baseline,2,99.8,8510,16126,52.8
1785433245.738,17:40:45,baseline,3,99.7,8542,16126,53.0
1785433245.738,17:40:45,baseline,4,99.7,8494,16126,52.7
1785433245.738,17:40:45,baseline,5,99.7,8494,16126,52.7
1785433245.738,17:40:45,baseline,6,99.8,8640,16126,53.6
1785433245.738,17:40:45,baseline,7,100.0,8622,16126,53.5
1785433246.739,17:40:46,baseline,0,99.4,8510,16126,52.8
1785433246.739,17:40:46,baseline,1,100.0,8462,16126,52.5
1785433246.739,17:40:46,baseline,2,99.8,8510,16126,52.8
1785433246.739,17:40:46,baseline,3,99.7,8542,16126,53.0
1785433246.739,17:40:46,baseline,4,99.7,8494,16126,52.7
1785433246.739,17:40:46,baseline,5,99.7,8494,16126,52.7
1785433246.739,17:40:46,baseline,6,99.8,8640,16126,53.6
1785433246.739,17:40:46,baseline,7,100.0,8622,16126,53.5
1785433247.739,17:40:47,baseline,0,99.4,8510,16126,52.8
1785433247.739,17:40:47,baseline,1,100.0,8462,16126,52.5
1785433247.739,17:40:47,baseline,2,99.8,8510,16126,52.8
1785433247.739,17:40:47,baseline,3,99.7,8542,16126,53.0
1785433247.739,17:40:47,baseline,4,99.7,8494,16126,52.7
1785433247.739,17:40:47,baseline,5,99.7,8494,16126,52.7
1785433247.739,17:40:47,baseline,6,99.8,8640,16126,53.6
1785433247.739,17:40:47,baseline,7,100.0,8622,16126,53.5
1785433248.739,17:40:48,baseline,0,99.4,8510,16126,52.8
1785433248.739,17:40:48,baseline,1,100.0,8462,16126,52.5
1785433248.739,17:40:48,baseline,2,99.8,8510,16126,52.8
1785433248.739,17:40:48,baseline,3,99.7,8542,16126,53.0
1785433248.739,17:40:48,baseline,4,99.7,8494,16126,52.7
1785433248.739,17:40:48,baseline,5,99.7,8494,16126,52.7
1785433248.739,17:40:48,baseline,6,99.8,8640,16126,53.6
1785433248.739,17:40:48,baseline,7,100.0,8622,16126,53.5
1785433249.739,17:40:49,baseline,0,99.4,8510,16126,52.8
1785433249.739,17:40:49,baseline,1,100.0,8462,16126,52.5
1785433249.739,17:40:49,baseline,2,99.8,8510,16126,52.8
1785433249.739,17:40:49,baseline,3,99.7,8542,16126,53.0
1785433249.739,17:40:49,baseline,4,99.7,8494,16126,52.7
1785433249.739,17:40:49,baseline,5,99.7,8494,16126,52.7
1785433249.739,17:40:49,baseline,6,99.8,8640,16126,53.6
1785433249.739,17:40:49,baseline,7,100.0,8622,16126,53.5
1785433250.739,17:40:50,baseline,0,98.8,10743,16126,66.6
1785433250.739,17:40:50,baseline,1,99.2,10743,16126,66.6
1785433250.739,17:40:50,baseline,2,98.8,10743,16126,66.6
1785433250.739,17:40:50,baseline,3,98.6,10743,16126,66.6
1785433250.739,17:40:50,baseline,4,98.7,10743,16126,66.6
1785433250.739,17:40:50,baseline,5,98.5,10743,16126,66.6
1785433250.739,17:40:50,baseline,6,98.6,10744,16126,66.6
1785433250.739,17:40:50,baseline,7,98.9,10743,16126,66.6
1785433251.739,17:40:51,baseline,0,98.8,10743,16126,66.6
1785433251.739,17:40:51,baseline,1,99.2,10743,16126,66.6
1785433251.739,17:40:51,baseline,2,98.8,10743,16126,66.6
1785433251.739,17:40:51,baseline,3,98.6,10743,16126,66.6
1785433251.739,17:40:51,baseline,4,98.7,10743,16126,66.6
1785433251.739,17:40:51,baseline,5,98.5,10743,16126,66.6
1785433251.739,17:40:51,baseline,6,98.6,10744,16126,66.6
1785433251.739,17:40:51,baseline,7,98.9,10743,16126,66.6
1785433252.739,17:40:52,baseline,0,98.8,10743,16126,66.6
1785433252.739,17:40:52,baseline,1,99.2,10743,16126,66.6
1785433252.739,17:40:52,baseline,2,98.8,10743,16126,66.6
1785433252.739,17:40:52,baseline,3,98.6,10743,16126,66.6
1785433252.739,17:40:52,baseline,4,98.7,10743,16126,66.6
1785433252.739,17:40:52,baseline,5,98.5,10743,16126,66.6
1785433252.739,17:40:52,baseline,6,98.6,10744,16126,66.6
1785433252.739,17:40:52,baseline,7,98.9,10743,16126,66.6
1785433253.74,17:40:53,baseline,0,98.8,10743,16126,66.6
1785433253.74,17:40:53,baseline,1,99.2,10743,16126,66.6
1785433253.74,17:40:53,baseline,2,98.8,10743,16126,66.6
1785433253.74,17:40:53,baseline,3,98.6,10743,16126,66.6
1785433253.74,17:40:53,baseline,4,98.7,10743,16126,66.6
1785433253.74,17:40:53,baseline,5,98.5,10743,16126,66.6
1785433253.74,17:40:53,baseline,6,98.6,10744,16126,66.6
1785433253.74,17:40:53,baseline,7,98.9,10743,16126,66.6
1785433254.74,17:40:54,baseline,0,98.8,10743,16126,66.6
1785433254.74,17:40:54,baseline,1,99.2,10743,16126,66.6
1785433254.74,17:40:54,baseline,2,98.8,10743,16126,66.6
1785433254.74,17:40:54,baseline,3,98.6,10743,16126,66.6
1785433254.74,17:40:54,baseline,4,98.7,10743,16126,66.6
1785433254.74,17:40:54,baseline,5,98.5,10743,16126,66.6
1785433254.74,17:40:54,baseline,6,98.6,10744,16126,66.6
1785433254.74,17:40:54,baseline,7,98.9,10743,16126,66.6
1785433255.74,17:40:55,baseline,0,99.0,8718,16126,54.1
1785433255.74,17:40:55,baseline,1,98.8,8622,16126,53.5
1785433255.74,17:40:55,baseline,2,99.1,8622,16126,53.5
1785433255.74,17:40:55,baseline,3,98.9,8510,16126,52.8
1785433255.74,17:40:55,baseline,4,98.9,8591,16126,53.3
1785433255.74,17:40:55,baseline,5,98.5,8638,16126,53.6
1785433255.74,17:40:55,baseline,6,98.8,8608,16126,53.4
1785433255.74,17:40:55,baseline,7,99.1,8494,16126,52.7
1785433256.74,17:40:56,baseline,0,99.0,8718,16126,54.1
1785433256.74,17:40:56,baseline,1,98.8,8622,16126,53.5
1785433256.74,17:40:56,baseline,2,99.1,8622,16126,53.5
1785433256.74,17:40:56,baseline,3,98.9,8510,16126,52.8
1785433256.74,17:40:56,baseline,4,98.9,8591,16126,53.3
1785433256.74,17:40:56,baseline,5,98.5,8638,16126,53.6
1785433256.74,17:40:56,baseline,6,98.8,8608,16126,53.4
1785433256.74,17:40:56,baseline,7,99.1,8494,16126,52.7
1785433257.74,17:40:57,baseline,0,99.0,8718,16126,54.1
1785433257.74,17:40:57,baseline,1,98.8,8622,16126,53.5
1785433257.74,17:40:57,baseline,2,99.1,8622,16126,53.5
1785433257.74,17:40:57,baseline,3,98.9,8510,16126,52.8
1785433257.74,17:40:57,baseline,4,98.9,8591,16126,53.3
1785433257.74,17:40:57,baseline,5,98.5,8638,16126,53.6
1785433257.74,17:40:57,baseline,6,98.8,8608,16126,53.4
1785433257.74,17:40:57,baseline,7,99.1,8494,16126,52.7
1785433258.74,17:40:58,baseline,0,99.0,8718,16126,54.1
1785433258.74,17:40:58,baseline,1,98.8,8622,16126,53.5
1785433258.74,17:40:58,baseline,2,99.1,8622,16126,53.5
1785433258.74,17:40:58,baseline,3,98.9,8510,16126,52.8
1785433258.74,17:40:58,baseline,4,98.9,8591,16126,53.3
1785433258.74,17:40:58,baseline,5,98.5,8638,16126,53.6
1785433258.74,17:40:58,baseline,6,98.8,8608,16126,53.4
1785433258.74,17:40:58,baseline,7,99.1,8494,16126,52.7
1785433259.74,17:40:59,baseline,0,99.0,8718,16126,54.1
1785433259.74,17:40:59,baseline,1,98.8,8622,16126,53.5
1785433259.74,17:40:59,baseline,2,99.1,8622,16126,53.5
1785433259.74,17:40:59,baseline,3,98.9,8510,16126,52.8
1785433259.74,17:40:59,baseline,4,98.9,8591,16126,53.3
1785433259.74,17:40:59,baseline,5,98.5,8638,16126,53.6
1785433259.74,17:40:59,baseline,6,98.8,8608,16126,53.4
1785433259.74,17:40:59,baseline,7,99.1,8494,16126,52.7
1785433260.74,17:41:00,baseline,0,96.7,10604,16126,65.8
1785433260.74,17:41:00,baseline,1,96.8,10604,16126,65.8
1785433260.74,17:41:00,baseline,2,96.9,10604,16126,65.8
1785433260.74,17:41:00,baseline,3,96.9,10604,16126,65.8
1785433260.74,17:41:00,baseline,4,97.0,10604,16126,65.8
1785433260.74,17:41:00,baseline,5,96.9,10603,16126,65.8
1785433260.74,17:41:00,baseline,6,96.9,10605,16126,65.8
1785433260.74,17:41:00,baseline,7,96.9,10604,16126,65.8
1785433261.741,17:41:01,baseline,0,96.7,10604,16126,65.8
1785433261.741,17:41:01,baseline,1,96.8,10604,16126,65.8
1785433261.741,17:41:01,baseline,2,96.9,10604,16126,65.8
1785433261.741,17:41:01,baseline,3,96.9,10604,16126,65.8
1785433261.741,17:41:01,baseline,4,97.0,10604,16126,65.8
1785433261.741,17:41:01,baseline,5,96.9,10603,16126,65.8
1785433261.741,17:41:01,baseline,6,96.9,10605,16126,65.8
1785433261.741,17:41:01,baseline,7,96.9,10604,16126,65.8
1785433262.741,17:41:02,baseline,0,96.7,10604,16126,65.8
1785433262.741,17:41:02,baseline,1,96.8,10604,16126,65.8
1785433262.741,17:41:02,baseline,2,96.9,10604,16126,65.8
1785433262.741,17:41:02,baseline,3,96.9,10604,16126,65.8
1785433262.741,17:41:02,baseline,4,97.0,10604,16126,65.8
1785433262.741,17:41:02,baseline,5,96.9,10603,16126,65.8
1785433262.741,17:41:02,baseline,6,96.9,10605,16126,65.8
1785433262.741,17:41:02,baseline,7,96.9,10604,16126,65.8
1785433263.741,17:41:03,baseline,0,96.7,10604,16126,65.8
1785433263.741,17:41:03,baseline,1,96.8,10604,16126,65.8
1785433263.741,17:41:03,baseline,2,96.9,10604,16126,65.8
1785433263.741,17:41:03,baseline,3,96.9,10604,16126,65.8
1785433263.741,17:41:03,baseline,4,97.0,10604,16126,65.8
1785433263.741,17:41:03,baseline,5,96.9,10603,16126,65.8
1785433263.741,17:41:03,baseline,6,96.9,10605,16126,65.8
1785433263.741,17:41:03,baseline,7,96.9,10604,16126,65.8
1785433264.741,17:41:04,baseline,0,96.7,10604,16126,65.8
1785433264.741,17:41:04,baseline,1,96.8,10604,16126,65.8
1785433264.741,17:41:04,baseline,2,96.9,10604,16126,65.8
1785433264.741,17:41:04,baseline,3,96.9,10604,16126,65.8
1785433264.741,17:41:04,baseline,4,97.0,10604,16126,65.8
1785433264.741,17:41:04,baseline,5,96.9,10603,16126,65.8
1785433264.741,17:41:04,baseline,6,96.9,10605,16126,65.8
1785433264.741,17:41:04,baseline,7,96.9,10604,16126,65.8
1785433265.741,17:41:05,baseline,0,100.0,8462,16126,52.5
1785433265.741,17:41:05,baseline,1,100.0,8510,16126,52.8
1785433265.741,17:41:05,baseline,2,100.0,8510,16126,52.8
1785433265.741,17:41:05,baseline,3,100.0,8542,16126,53.0
1785433265.741,17:41:05,baseline,4,100.0,8575,16126,53.2
1785433265.741,17:41:05,baseline,5,100.0,8478,16126,52.6
1785433265.741,17:41:05,baseline,6,100.0,8624,16126,53.5
1785433265.741,17:41:05,baseline,7,100.0,8590,16126,53.3
1785433266.741,17:41:06,baseline,0,100.0,8462,16126,52.5
1785433266.741,17:41:06,baseline,1,100.0,8510,16126,52.8
1785433266.741,17:41:06,baseline,2,100.0,8510,16126,52.8
1785433266.741,17:41:06,baseline,3,100.0,8542,16126,53.0
1785433266.741,17:41:06,baseline,4,100.0,8575,16126,53.2
1785433266.741,17:41:06,baseline,5,100.0,8478,16126,52.6
1785433266.741,17:41:06,baseline,6,100.0,8624,16126,53.5
1785433266.741,17:41:06,baseline,7,100.0,8590,16126,53.3
1785433267.741,17:41:07,baseline,0,100.0,8462,16126,52.5
1785433267.741,17:41:07,baseline,1,100.0,8510,16126,52.8
1785433267.741,17:41:07,baseline,2,100.0,8510,16126,52.8
1785433267.741,17:41:07,baseline,3,100.0,8542,16126,53.0
1785433267.741,17:41:07,baseline,4,100.0,8575,16126,53.2
1785433267.741,17:41:07,baseline,5,100.0,8478,16126,52.6
1785433267.741,17:41:07,baseline,6,100.0,8624,16126,53.5
1785433267.741,17:41:07,baseline,7,100.0,8590,16126,53.3
1785433268.741,17:41:08,baseline,0,100.0,8462,16126,52.5
1785433268.741,17:41:08,baseline,1,100.0,8510,16126,52.8
1785433268.741,17:41:08,baseline,2,100.0,8510,16126,52.8
1785433268.741,17:41:08,baseline,3,100.0,8542,16126,53.0
1785433268.741,17:41:08,baseline,4,100.0,8575,16126,53.2
1785433268.741,17:41:08,baseline,5,100.0,8478,16126,52.6
1785433268.741,17:41:08,baseline,6,100.0,8624,16126,53.5
1785433268.741,17:41:08,baseline,7,100.0,8590,16126,53.3
1785433269.742,17:41:09,baseline,0,100.0,8462,16126,52.5
1785433269.742,17:41:09,baseline,1,100.0,8510,16126,52.8
1785433269.742,17:41:09,baseline,2,100.0,8510,16126,52.8
1785433269.742,17:41:09,baseline,3,100.0,8542,16126,53.0
1785433269.742,17:41:09,baseline,4,100.0,8575,16126,53.2
1785433269.742,17:41:09,baseline,5,100.0,8478,16126,52.6
1785433269.742,17:41:09,baseline,6,100.0,8624,16126,53.5
1785433269.742,17:41:09,baseline,7,100.0,8590,16126,53.3
1785433270.742,17:41:10,baseline,0,98.8,10604,16126,65.8
1785433270.742,17:41:10,baseline,1,98.0,10604,16126,65.8
1785433270.742,17:41:10,baseline,2,98.3,10604,16126,65.8
1785433270.742,17:41:10,baseline,3,98.0,10604,16126,65.8
1785433270.742,17:41:10,baseline,4,98.5,10604,16126,65.8
1785433270.742,17:41:10,baseline,5,98.9,10604,16126,65.8
1785433270.742,17:41:10,baseline,6,98.2,10605,16126,65.8
1785433270.742,17:41:10,baseline,7,98.0,10604,16126,65.8
1785433271.742,17:41:11,baseline,0,98.8,10604,16126,65.8
1785433271.742,17:41:11,baseline,1,98.0,10604,16126,65.8
1785433271.742,17:41:11,baseline,2,98.3,10604,16126,65.8
1785433271.742,17:41:11,baseline,3,98.0,10604,16126,65.8
1785433271.742,17:41:11,baseline,4,98.5,10604,16126,65.8
1785433271.742,17:41:11,baseline,5,98.9,10604,16126,65.8
1785433271.742,17:41:11,baseline,6,98.2,10605,16126,65.8
1785433271.742,17:41:11,baseline,7,98.0,10604,16126,65.8
1785433272.742,17:41:12,baseline,0,98.8,10604,16126,65.8
1785433272.742,17:41:12,baseline,1,98.0,10604,16126,65.8
1785433272.742,17:41:12,baseline,2,98.3,10604,16126,65.8
1785433272.742,17:41:12,baseline,3,98.0,10604,16126,65.8
1785433272.742,17:41:12,baseline,4,98.5,10604,16126,65.8
1785433272.742,17:41:12,baseline,5,98.9,10604,16126,65.8
1785433272.742,17:41:12,baseline,6,98.2,10605,16126,65.8
1785433272.742,17:41:12,baseline,7,98.0,10604,16126,65.8
1785433273.742,17:41:13,baseline,0,98.8,10604,16126,65.8
1785433273.742,17:41:13,baseline,1,98.0,10604,16126,65.8
1785433273.742,17:41:13,baseline,2,98.3,10604,16126,65.8
1785433273.742,17:41:13,baseline,3,98.0,10604,16126,65.8
1785433273.742,17:41:13,baseline,4,98.5,10604,16126,65.8
1785433273.742,17:41:13,baseline,5,98.9,10604,16126,65.8
1785433273.742,17:41:13,baseline,6,98.2,10605,16126,65.8
1785433273.742,17:41:13,baseline,7,98.0,10604,16126,65.8
1785433274.742,17:41:14,baseline,0,98.8,10604,16126,65.8
1785433274.742,17:41:14,baseline,1,98.0,10604,16126,65.8
1785433274.742,17:41:14,baseline,2,98.3,10604,16126,65.8
1785433274.742,17:41:14,baseline,3,98.0,10604,16126,65.8
1785433274.742,17:41:14,baseline,4,98.5,10604,16126,65.8
1785433274.742,17:41:14,baseline,5,98.9,10604,16126,65.8
1785433274.742,17:41:14,baseline,6,98.2,10605,16126,65.8
1785433274.742,17:41:14,baseline,7,98.0,10604,16126,65.8
1785433275.742,17:41:15,baseline,0,99.1,8686,16126,53.9
1785433275.742,17:41:15,baseline,1,99.6,8782,16126,54.5
1785433275.742,17:41:15,baseline,2,99.3,8575,16126,53.2
1785433275.742,17:41:15,baseline,3,99.3,8559,16126,53.1
1785433275.742,17:41:15,baseline,4,99.5,8718,16126,54.1
1785433275.742,17:41:15,baseline,5,99.5,8590,16126,53.3
1785433275.742,17:41:15,baseline,6,96.8,8512,16126,52.8
1785433275.742,17:41:15,baseline,7,99.4,8462,16126,52.5
1785433276.742,17:41:16,baseline,0,99.1,8686,16126,53.9
1785433276.742,17:41:16,baseline,1,99.6,8782,16126,54.5
1785433276.742,17:41:16,baseline,2,99.3,8575,16126,53.2
1785433276.742,17:41:16,baseline,3,99.3,8559,16126,53.1
1785433276.742,17:41:16,baseline,4,99.5,8718,16126,54.1
1785433276.742,17:41:16,baseline,5,99.5,8590,16126,53.3
1785433276.742,17:41:16,baseline,6,96.8,8512,16126,52.8
1785433276.742,17:41:16,baseline,7,99.4,8462,16126,52.5
1785433277.743,17:41:17,baseline,0,99.1,8686,16126,53.9
1785433277.743,17:41:17,baseline,1,99.6,8782,16126,54.5
1785433277.743,17:41:17,baseline,2,99.3,8575,16126,53.2
1785433277.743,17:41:17,baseline,3,99.3,8559,16126,53.1
1785433277.743,17:41:17,baseline,4,99.5,8718,16126,54.1
1785433277.743,17:41:17,baseline,5,99.5,8590,16126,53.3
1785433277.743,17:41:17,baseline,6,96.8,8512,16126,52.8
1785433277.743,17:41:17,baseline,7,99.4,8462,16126,52.5
1785433278.743,17:41:18,baseline,0,99.1,8686,16126,53.9
1785433278.743,17:41:18,baseline,1,99.6,8782,16126,54.5
1785433278.743,17:41:18,baseline,2,99.3,8575,16126,53.2
1785433278.743,17:41:18,baseline,3,99.3,8559,16126,53.1
1785433278.743,17:41:18,baseline,4,99.5,8718,16126,54.1
1785433278.743,17:41:18,baseline,5,99.5,8590,16126,53.3
1785433278.743,17:41:18,baseline,6,96.8,8512,16126,52.8
1785433278.743,17:41:18,baseline,7,99.4,8462,16126,52.5
1785433279.743,17:41:19,baseline,0,99.1,8686,16126,53.9
1785433279.743,17:41:19,baseline,1,99.6,8782,16126,54.5
1785433279.743,17:41:19,baseline,2,99.3,8575,16126,53.2
1785433279.743,17:41:19,baseline,3,99.3,8559,16126,53.1
1785433279.743,17:41:19,baseline,4,99.5,8718,16126,54.1
1785433279.743,17:41:19,baseline,5,99.5,8590,16126,53.3
1785433279.743,17:41:19,baseline,6,96.8,8512,16126,52.8
1785433279.743,17:41:19,baseline,7,99.4,8462,16126,52.5
1785433280.743,17:41:20,baseline,0,51.9,7389,16126,45.8
1785433280.743,17:41:20,baseline,1,52.4,7389,16126,45.8
1785433280.743,17:41:20,baseline,2,52.0,7389,16126,45.8
1785433280.743,17:41:20,baseline,3,51.9,7389,16126,45.8
1785433280.743,17:41:20,baseline,4,52.2,7389,16126,45.8
1785433280.743,17:41:20,baseline,5,51.9,7389,16126,45.8
1785433280.743,17:41:20,baseline,6,54.9,7390,16126,45.8
1785433280.743,17:41:20,baseline,7,52.2,7389,16126,45.8
1785433281.743,17:41:21,baseline,0,51.9,7389,16126,45.8
1785433281.743,17:41:21,baseline,1,52.4,7389,16126,45.8
1785433281.743,17:41:21,baseline,2,52.0,7389,16126,45.8
1785433281.743,17:41:21,baseline,3,51.9,7389,16126,45.8
1785433281.743,17:41:21,baseline,4,52.2,7389,16126,45.8
1785433281.743,17:41:21,baseline,5,51.9,7389,16126,45.8
1785433281.743,17:41:21,baseline,6,54.9,7390,16126,45.8
1785433281.743,17:41:21,baseline,7,52.2,7389,16126,45.8
1785433282.743,17:41:22,baseline,0,51.9,7389,16126,45.8
1785433282.743,17:41:22,baseline,1,52.4,7389,16126,45.8
1785433282.743,17:41:22,baseline,2,52.0,7389,16126,45.8
1785433282.743,17:41:22,baseline,3,51.9,7389,16126,45.8
1785433282.743,17:41:22,baseline,4,52.2,7389,16126,45.8
1785433282.743,17:41:22,baseline,5,51.9,7389,16126,45.8
1785433282.743,17:41:22,baseline,6,54.9,7390,16126,45.8
1785433282.743,17:41:22,baseline,7,52.2,7389,16126,45.8
1785433283.743,17:41:23,baseline,0,51.9,7389,16126,45.8
1785433283.743,17:41:23,baseline,1,52.4,7389,16126,45.8
1785433283.743,17:41:23,baseline,2,52.0,7389,16126,45.8
1785433283.743,17:41:23,baseline,3,51.9,7389,16126,45.8
1785433283.743,17:41:23,baseline,4,52.2,7389,16126,45.8
1785433283.743,17:41:23,baseline,5,51.9,7389,16126,45.8
1785433283.743,17:41:23,baseline,6,54.9,7390,16126,45.8
1785433283.743,17:41:23,baseline,7,52.2,7389,16126,45.8
1785433284.743,17:41:24,baseline,0,51.9,7389,16126,45.8
1785433284.743,17:41:24,baseline,1,52.4,7389,16126,45.8
1785433284.743,17:41:24,baseline,2,52.0,7389,16126,45.8
1785433284.743,17:41:24,baseline,3,51.9,7389,16126,45.8
1785433284.743,17:41:24,baseline,4,52.2,7389,16126,45.8
1785433284.743,17:41:24,baseline,5,51.9,7389,16126,45.8
1785433284.743,17:41:24,baseline,6,54.9,7390,16126,45.8
1785433284.743,17:41:24,baseline,7,52.2,7389,16126,45.8
1785433285.744,17:41:25,baseline,0,0.0,7389,16126,45.8
1785433285.744,17:41:25,baseline,1,0.0,7389,16126,45.8
1785433285.744,17:41:25,baseline,2,0.0,7389,16126,45.8
1785433285.744,17:41:25,baseline,3,0.0,7389,16126,45.8
1785433285.744,17:41:25,baseline,4,0.0,7389,16126,45.8
1785433285.744,17:41:25,baseline,5,0.0,7389,16126,45.8
1785433285.744,17:41:25,baseline,6,0.0,7390,16126,45.8
1785433285.744,17:41:25,baseline,7,0.0,7389,16126,45.8
1785433286.744,17:41:26,baseline,0,0.0,7389,16126,45.8
1785433286.744,17:41:26,baseline,1,0.0,7389,16126,45.8
1785433286.744,17:41:26,baseline,2,0.0,7389,16126,45.8
1785433286.744,17:41:26,baseline,3,0.0,7389,16126,45.8
1785433286.744,17:41:26,baseline,4,0.0,7389,16126,45.8
1785433286.744,17:41:26,baseline,5,0.0,7389,16126,45.8
1785433286.744,17:41:26,baseline,6,0.0,7390,16126,45.8
1785433286.744,17:41:26,baseline,7,0.0,7389,16126,45.8
1785433287.744,17:41:27,baseline,0,0.0,7389,16126,45.8
1785433287.744,17:41:27,baseline,1,0.0,7389,16126,45.8
1785433287.744,17:41:27,baseline,2,0.0,7389,16126,45.8
1785433287.744,17:41:27,baseline,3,0.0,7389,16126,45.8
1785433287.744,17:41:27,baseline,4,0.0,7389,16126,45.8
1785433287.744,17:41:27,baseline,5,0.0,7389,16126,45.8
1785433287.744,17:41:27,baseline,6,0.0,7390,16126,45.8
1785433287.744,17:41:27,baseline,7,0.0,7389,16126,45.8
1785433288.744,17:41:28,baseline,0,0.0,7389,16126,45.8
1785433288.744,17:41:28,baseline,1,0.0,7389,16126,45.8
1785433288.744,17:41:28,baseline,2,0.0,7389,16126,45.8
1785433288.744,17:41:28,baseline,3,0.0,7389,16126,45.8
1785433288.744,17:41:28,baseline,4,0.0,7389,16126,45.8
1785433288.744,17:41:28,baseline,5,0.0,7389,16126,45.8
1785433288.744,17:41:28,baseline,6,0.0,7390,16126,45.8
1785433288.744,17:41:28,baseline,7,0.0,7389,16126,45.8
1785433289.744,17:41:29,baseline,0,0.0,7389,16126,45.8
1785433289.744,17:41:29,baseline,1,0.0,7389,16126,45.8
1785433289.744,17:41:29,baseline,2,0.0,7389,16126,45.8
1785433289.744,17:41:29,baseline,3,0.0,7389,16126,45.8
1785433289.744,17:41:29,baseline,4,0.0,7389,16126,45.8
1785433289.744,17:41:29,baseline,5,0.0,7389,16126,45.8
1785433289.744,17:41:29,baseline,6,0.0,7390,16126,45.8
1785433289.744,17:41:29,baseline,7,0.0,7389,16126,45.8
1785433290.744,17:41:30,baseline,0,0.0,7389,16126,45.8
1785433290.744,17:41:30,baseline,1,0.0,7389,16126,45.8
1785433290.744,17:41:30,baseline,2,0.0,7389,16126,45.8
1785433290.744,17:41:30,baseline,3,0.0,7389,16126,45.8
1785433290.744,17:41:30,baseline,4,0.0,7389,16126,45.8
1785433290.744,17:41:30,baseline,5,0.0,7389,16126,45.8
1785433290.744,17:41:30,baseline,6,0.0,7390,16126,45.8
1785433290.744,17:41:30,baseline,7,0.0,7389,16126,45.8
1785433291.745,17:41:31,baseline,0,0.0,7389,16126,45.8
1785433291.745,17:41:31,baseline,1,0.0,7389,16126,45.8
1785433291.745,17:41:31,baseline,2,0.0,7389,16126,45.8
1785433291.745,17:41:31,baseline,3,0.0,7389,16126,45.8
1785433291.745,17:41:31,baseline,4,0.0,7389,16126,45.8
1785433291.745,17:41:31,baseline,5,0.0,7389,16126,45.8
1785433291.745,17:41:31,baseline,6,0.0,7390,16126,45.8
1785433291.745,17:41:31,baseline,7,0.0,7389,16126,45.8
1785433292.745,17:41:32,baseline,0,0.0,7389,16126,45.8
1785433292.745,17:41:32,baseline,1,0.0,7389,16126,45.8
1785433292.745,17:41:32,baseline,2,0.0,7389,16126,45.8
1785433292.745,17:41:32,baseline,3,0.0,7389,16126,45.8
1785433292.745,17:41:32,baseline,4,0.0,7389,16126,45.8
1785433292.745,17:41:32,baseline,5,0.0,7389,16126,45.8
1785433292.745,17:41:32,baseline,6,0.0,7390,16126,45.8
1785433292.745,17:41:32,baseline,7,0.0,7389,16126,45.8
1785433293.745,17:41:33,baseline,0,0.0,7389,16126,45.8
1785433293.745,17:41:33,baseline,1,0.0,7389,16126,45.8
1785433293.745,17:41:33,baseline,2,0.0,7389,16126,45.8
1785433293.745,17:41:33,baseline,3,0.0,7389,16126,45.8
1785433293.745,17:41:33,baseline,4,0.0,7389,16126,45.8
1785433293.745,17:41:33,baseline,5,0.0,7389,16126,45.8
1785433293.745,17:41:33,baseline,6,0.0,7390,16126,45.8
1785433293.745,17:41:33,baseline,7,0.0,7389,16126,45.8
1785433294.745,17:41:34,baseline,0,0.0,7389,16126,45.8
1785433294.745,17:41:34,baseline,1,0.0,7389,16126,45.8
1785433294.745,17:41:34,baseline,2,0.0,7389,16126,45.8
1785433294.745,17:41:34,baseline,3,0.0,7389,16126,45.8
1785433294.745,17:41:34,baseline,4,0.0,7389,16126,45.8
1785433294.745,17:41:34,baseline,5,0.0,7389,16126,45.8
1785433294.745,17:41:34,baseline,6,0.0,7390,16126,45.8
1785433294.745,17:41:34,baseline,7,0.0,7389,16126,45.8
1785433295.745,17:41:35,baseline,0,0.0,7389,16126,45.8
1785433295.745,17:41:35,baseline,1,0.0,7389,16126,45.8
1785433295.745,17:41:35,baseline,2,0.0,7389,16126,45.8
1785433295.745,17:41:35,baseline,3,0.0,7389,16126,45.8
1785433295.745,17:41:35,baseline,4,0.0,7389,16126,45.8
1785433295.745,17:41:35,baseline,5,0.0,7389,16126,45.8
1785433295.745,17:41:35,baseline,6,0.0,7390,16126,45.8
1785433295.745,17:41:35,baseline,7,0.0,7389,16126,45.8
1785433296.745,17:41:36,baseline,0,0.0,7389,16126,45.8
1785433296.745,17:41:36,baseline,1,0.0,7389,16126,45.8
1785433296.745,17:41:36,baseline,2,0.0,7389,16126,45.8
1785433296.745,17:41:36,baseline,3,0.0,7389,16126,45.8
1785433296.745,17:41:36,baseline,4,0.0,7389,16126,45.8
1785433296.745,17:41:36,baseline,5,0.0,7389,16126,45.8
1785433296.745,17:41:36,baseline,6,0.0,7390,16126,45.8
1785433296.745,17:41:36,baseline,7,0.0,7389,16126,45.8
1785433297.745,17:41:37,baseline,0,0.0,7389,16126,45.8
1785433297.745,17:41:37,baseline,1,0.0,7389,16126,45.8
1785433297.745,17:41:37,baseline,2,0.0,7389,16126,45.8
1785433297.745,17:41:37,baseline,3,0.0,7389,16126,45.8
1785433297.745,17:41:37,baseline,4,0.0,7389,16126,45.8
1785433297.745,17:41:37,baseline,5,0.0,7389,16126,45.8
1785433297.745,17:41:37,baseline,6,0.0,7390,16126,45.8
1785433297.745,17:41:37,baseline,7,0.0,7389,16126,45.8
1785433298.745,17:41:38,baseline,0,0.0,7389,16126,45.8
1785433298.745,17:41:38,baseline,1,0.0,7389,16126,45.8
1785433298.745,17:41:38,baseline,2,0.0,7389,16126,45.8
1785433298.745,17:41:38,baseline,3,0.0,7389,16126,45.8
1785433298.745,17:41:38,baseline,4,0.0,7389,16126,45.8
1785433298.745,17:41:38,baseline,5,0.0,7389,16126,45.8
1785433298.745,17:41:38,baseline,6,0.0,7390,16126,45.8
1785433298.745,17:41:38,baseline,7,0.0,7389,16126,45.8
1785433299.745,17:41:39,baseline,0,0.0,7389,16126,45.8
1785433299.745,17:41:39,baseline,1,0.0,7389,16126,45.8
1785433299.745,17:41:39,baseline,2,0.0,7389,16126,45.8
1785433299.745,17:41:39,baseline,3,0.0,7389,16126,45.8
1785433299.745,17:41:39,baseline,4,0.0,7389,16126,45.8
1785433299.745,17:41:39,baseline,5,0.0,7389,16126,45.8
1785433299.745,17:41:39,baseline,6,0.0,7390,16126,45.8
1785433299.745,17:41:39,baseline,7,0.0,7389,16126,45.8
1785433300.746,17:41:40,baseline,0,0.0,7389,16126,45.8
1785433300.746,17:41:40,baseline,1,0.0,7389,16126,45.8
1785433300.746,17:41:40,baseline,2,0.0,7389,16126,45.8
1785433300.746,17:41:40,baseline,3,0.0,7389,16126,45.8
1785433300.746,17:41:40,baseline,4,0.0,7389,16126,45.8
1785433300.746,17:41:40,baseline,5,0.0,7389,16126,45.8
1785433300.746,17:41:40,baseline,6,0.0,7390,16126,45.8
1785433300.746,17:41:40,baseline,7,0.0,7389,16126,45.8
1785433301.746,17:41:41,baseline,0,0.0,7389,16126,45.8
1785433301.746,17:41:41,baseline,1,0.0,7389,16126,45.8
1785433301.746,17:41:41,baseline,2,0.0,7389,16126,45.8
1785433301.746,17:41:41,baseline,3,0.0,7389,16126,45.8
1785433301.746,17:41:41,baseline,4,0.0,7389,16126,45.8
1785433301.746,17:41:41,baseline,5,0.0,7389,16126,45.8
1785433301.746,17:41:41,baseline,6,0.0,7390,16126,45.8
1785433301.746,17:41:41,baseline,7,0.0,7389,16126,45.8
1785433302.746,17:41:42,baseline,0,0.0,7389,16126,45.8
1785433302.746,17:41:42,baseline,1,0.0,7389,16126,45.8
1785433302.746,17:41:42,baseline,2,0.0,7389,16126,45.8
1785433302.746,17:41:42,baseline,3,0.0,7389,16126,45.8
1785433302.746,17:41:42,baseline,4,0.0,7389,16126,45.8
1785433302.746,17:41:42,baseline,5,0.0,7389,16126,45.8
1785433302.746,17:41:42,baseline,6,0.0,7390,16126,45.8
1785433302.746,17:41:42,baseline,7,0.0,7389,16126,45.8
1785433303.746,17:41:43,baseline,0,0.0,7389,16126,45.8
1785433303.746,17:41:43,baseline,1,0.0,7389,16126,45.8
1785433303.746,17:41:43,baseline,2,0.0,7389,16126,45.8
1785433303.746,17:41:43,baseline,3,0.0,7389,16126,45.8
1785433303.746,17:41:43,baseline,4,0.0,7389,16126,45.8
1785433303.746,17:41:43,baseline,5,0.0,7389,16126,45.8
1785433303.746,17:41:43,baseline,6,0.0,7390,16126,45.8
1785433303.746,17:41:43,baseline,7,0.0,7389,16126,45.8
1785433304.746,17:41:44,baseline,0,0.0,7389,16126,45.8
1785433304.746,17:41:44,baseline,1,0.0,7389,16126,45.8
1785433304.746,17:41:44,baseline,2,0.0,7389,16126,45.8
1785433304.746,17:41:44,baseline,3,0.0,7389,16126,45.8
1785433304.746,17:41:44,baseline,4,0.0,7389,16126,45.8
1785433304.746,17:41:44,baseline,5,0.0,7389,16126,45.8
1785433304.746,17:41:44,baseline,6,0.0,7390,16126,45.8
1785433304.746,17:41:44,baseline,7,0.0,7389,16126,45.8
1785433305.746,17:41:45,baseline,0,0.0,7389,16126,45.8
1785433305.746,17:41:45,baseline,1,0.0,7389,16126,45.8
1785433305.746,17:41:45,baseline,2,0.0,7389,16126,45.8
1785433305.746,17:41:45,baseline,3,0.0,7389,16126,45.8
1785433305.746,17:41:45,baseline,4,0.0,7389,16126,45.8
1785433305.746,17:41:45,baseline,5,0.0,7389,16126,45.8
1785433305.746,17:41:45,baseline,6,0.0,7390,16126,45.8
1785433305.746,17:41:45,baseline,7,0.0,7389,16126,45.8
1785433306.746,17:41:46,baseline,0,0.0,7389,16126,45.8
1785433306.746,17:41:46,baseline,1,0.0,7389,16126,45.8
1785433306.746,17:41:46,baseline,2,0.0,7389,16126,45.8
1785433306.746,17:41:46,baseline,3,0.0,7389,16126,45.8
1785433306.746,17:41:46,baseline,4,0.0,7389,16126,45.8
1785433306.746,17:41:46,baseline,5,0.0,7389,16126,45.8
1785433306.746,17:41:46,baseline,6,0.0,7390,16126,45.8
1785433306.746,17:41:46,baseline,7,0.0,7389,16126,45.8
1785433307.746,17:41:47,baseline,0,0.0,7389,16126,45.8
1785433307.746,17:41:47,baseline,1,0.0,7389,16126,45.8
1785433307.746,17:41:47,baseline,2,0.0,7389,16126,45.8
1785433307.746,17:41:47,baseline,3,0.0,7389,16126,45.8
1785433307.746,17:41:47,baseline,4,0.0,7389,16126,45.8
1785433307.746,17:41:47,baseline,5,0.0,7389,16126,45.8
1785433307.746,17:41:47,baseline,6,0.0,7390,16126,45.8
1785433307.746,17:41:47,baseline,7,0.0,7389,16126,45.8
1785433308.747,17:41:48,baseline,0,0.0,7389,16126,45.8
1785433308.747,17:41:48,baseline,1,0.0,7389,16126,45.8
1785433308.747,17:41:48,baseline,2,0.0,7389,16126,45.8
1785433308.747,17:41:48,baseline,3,0.0,7389,16126,45.8
1785433308.747,17:41:48,baseline,4,0.0,7389,16126,45.8
1785433308.747,17:41:48,baseline,5,0.0,7389,16126,45.8
1785433308.747,17:41:48,baseline,6,0.0,7390,16126,45.8
1785433308.747,17:41:48,baseline,7,0.0,7389,16126,45.8
1785433309.747,17:41:49,baseline,0,0.0,7389,16126,45.8
1785433309.747,17:41:49,baseline,1,0.0,7389,16126,45.8
1785433309.747,17:41:49,baseline,2,0.0,7389,16126,45.8
1785433309.747,17:41:49,baseline,3,0.0,7389,16126,45.8
1785433309.747,17:41:49,baseline,4,0.0,7389,16126,45.8
1785433309.747,17:41:49,baseline,5,0.0,7389,16126,45.8
1785433309.747,17:41:49,baseline,6,0.0,7390,16126,45.8
1785433309.747,17:41:49,baseline,7,0.0,7389,16126,45.8
1785433310.747,17:41:50,baseline,0,0.0,7389,16126,45.8
1785433310.747,17:41:50,baseline,1,0.0,7389,16126,45.8
1785433310.747,17:41:50,baseline,2,0.0,7389,16126,45.8
1785433310.747,17:41:50,baseline,3,0.0,7389,16126,45.8
1785433310.747,17:41:50,baseline,4,0.0,7389,16126,45.8
1785433310.747,17:41:50,baseline,5,0.0,7389,16126,45.8
1785433310.747,17:41:50,baseline,6,0.0,7390,16126,45.8
1785433310.747,17:41:50,baseline,7,0.0,7389,16126,45.8
1785433311.747,17:41:51,baseline,0,0.0,7389,16126,45.8
1785433311.747,17:41:51,baseline,1,0.0,7389,16126,45.8
1785433311.747,17:41:51,baseline,2,0.0,7389,16126,45.8
1785433311.747,17:41:51,baseline,3,0.0,7389,16126,45.8
1785433311.747,17:41:51,baseline,4,0.0,7389,16126,45.8
1785433311.747,17:41:51,baseline,5,0.0,7389,16126,45.8
1785433311.747,17:41:51,baseline,6,0.0,7390,16126,45.8
1785433311.747,17:41:51,baseline,7,0.0,7389,16126,45.8
1785433312.747,17:41:52,baseline,0,0.0,7389,16126,45.8
1785433312.747,17:41:52,baseline,1,0.0,7389,16126,45.8
1785433312.747,17:41:52,baseline,2,0.0,7389,16126,45.8
1785433312.747,17:41:52,baseline,3,0.0,7389,16126,45.8
1785433312.747,17:41:52,baseline,4,0.0,7389,16126,45.8
1785433312.747,17:41:52,baseline,5,0.0,7389,16126,45.8
1785433312.747,17:41:52,baseline,6,0.0,7390,16126,45.8
1785433312.747,17:41:52,baseline,7,0.0,7389,16126,45.8
1785433313.747,17:41:53,baseline,0,0.0,7389,16126,45.8
1785433313.747,17:41:53,baseline,1,0.0,7389,16126,45.8
1785433313.747,17:41:53,baseline,2,0.0,7389,16126,45.8
1785433313.747,17:41:53,baseline,3,0.0,7389,16126,45.8
1785433313.747,17:41:53,baseline,4,0.0,7389,16126,45.8
1785433313.747,17:41:53,baseline,5,0.0,7389,16126,45.8
1785433313.747,17:41:53,baseline,6,0.0,7390,16126,45.8
1785433313.747,17:41:53,baseline,7,0.0,7389,16126,45.8
1785433314.747,17:41:54,baseline,0,0.0,7389,16126,45.8
1785433314.747,17:41:54,baseline,1,0.0,7389,16126,45.8
1785433314.747,17:41:54,baseline,2,0.0,7389,16126,45.8
1785433314.747,17:41:54,baseline,3,0.0,7389,16126,45.8
1785433314.747,17:41:54,baseline,4,0.0,7389,16126,45.8
1785433314.747,17:41:54,baseline,5,0.0,7389,16126,45.8
1785433314.747,17:41:54,baseline,6,0.0,7390,16126,45.8
1785433314.747,17:41:54,baseline,7,0.0,7389,16126,45.8
1785433315.748,17:41:55,baseline,0,0.0,7389,16126,45.8
1785433315.748,17:41:55,baseline,1,0.0,7389,16126,45.8
1785433315.748,17:41:55,baseline,2,0.0,7389,16126,45.8
1785433315.748,17:41:55,baseline,3,0.0,7389,16126,45.8
1785433315.748,17:41:55,baseline,4,0.0,7389,16126,45.8
1785433315.748,17:41:55,baseline,5,0.0,7389,16126,45.8
1785433315.748,17:41:55,baseline,6,0.0,7390,16126,45.8
1785433315.748,17:41:55,baseline,7,0.0,7389,16126,45.8
1785433316.748,17:41:56,baseline,0,0.0,7389,16126,45.8
1785433316.748,17:41:56,baseline,1,0.0,7389,16126,45.8
1785433316.748,17:41:56,baseline,2,0.0,7389,16126,45.8
1785433316.748,17:41:56,baseline,3,0.0,7389,16126,45.8
1785433316.748,17:41:56,baseline,4,0.0,7389,16126,45.8
1785433316.748,17:41:56,baseline,5,0.0,7389,16126,45.8
1785433316.748,17:41:56,baseline,6,0.0,7390,16126,45.8
1785433316.748,17:41:56,baseline,7,0.0,7389,16126,45.8
1785433317.748,17:41:57,baseline,0,0.0,7389,16126,45.8
1785433317.748,17:41:57,baseline,1,0.0,7389,16126,45.8
1785433317.748,17:41:57,baseline,2,0.0,7389,16126,45.8
1785433317.748,17:41:57,baseline,3,0.0,7389,16126,45.8
1785433317.748,17:41:57,baseline,4,0.0,7389,16126,45.8
1785433317.748,17:41:57,baseline,5,0.0,7389,16126,45.8
1785433317.748,17:41:57,baseline,6,0.0,7390,16126,45.8
1785433317.748,17:41:57,baseline,7,0.0,7389,16126,45.8
1785433318.748,17:41:58,baseline,0,0.0,7389,16126,45.8
1785433318.748,17:41:58,baseline,1,0.0,7389,16126,45.8
1785433318.748,17:41:58,baseline,2,0.0,7389,16126,45.8
1785433318.748,17:41:58,baseline,3,0.0,7389,16126,45.8
1785433318.748,17:41:58,baseline,4,0.0,7389,16126,45.8
1785433318.748,17:41:58,baseline,5,0.0,7389,16126,45.8
1785433318.748,17:41:58,baseline,6,0.0,7390,16126,45.8
1785433318.748,17:41:58,baseline,7,0.0,7389,16126,45.8
1785433319.748,17:41:59,baseline,0,0.0,7389,16126,45.8
1785433319.748,17:41:59,baseline,1,0.0,7389,16126,45.8
1785433319.748,17:41:59,baseline,2,0.0,7389,16126,45.8
1785433319.748,17:41:59,baseline,3,0.0,7389,16126,45.8
1785433319.748,17:41:59,baseline,4,0.0,7389,16126,45.8
1785433319.748,17:41:59,baseline,5,0.0,7389,16126,45.8
1785433319.748,17:41:59,baseline,6,0.0,7390,16126,45.8
1785433319.748,17:41:59,baseline,7,0.0,7389,16126,45.8
1785433320.748,17:42:00,baseline,0,0.0,7389,16126,45.8
1785433320.748,17:42:00,baseline,1,0.0,7389,16126,45.8
1785433320.748,17:42:00,baseline,2,0.0,7389,16126,45.8
1785433320.748,17:42:00,baseline,3,0.0,7389,16126,45.8
1785433320.748,17:42:00,baseline,4,0.0,7389,16126,45.8
1785433320.748,17:42:00,baseline,5,0.0,7389,16126,45.8
1785433320.748,17:42:00,baseline,6,0.0,7390,16126,45.8
1785433320.748,17:42:00,baseline,7,0.0,7389,16126,45.8
1785433321.748,17:42:01,baseline,0,0.0,7389,16126,45.8
1785433321.748,17:42:01,baseline,1,0.0,7389,16126,45.8
1785433321.748,17:42:01,baseline,2,0.0,7389,16126,45.8
1785433321.748,17:42:01,baseline,3,0.0,7389,16126,45.8
1785433321.748,17:42:01,baseline,4,0.0,7389,16126,45.8
1785433321.748,17:42:01,baseline,5,0.0,7389,16126,45.8
1785433321.748,17:42:01,baseline,6,0.0,7390,16126,45.8
1785433321.748,17:42:01,baseline,7,0.0,7389,16126,45.8
1785433322.748,17:42:02,baseline,0,0.0,7389,16126,45.8
1785433322.748,17:42:02,baseline,1,0.0,7389,16126,45.8
1785433322.748,17:42:02,baseline,2,0.0,7389,16126,45.8
1785433322.748,17:42:02,baseline,3,0.0,7389,16126,45.8
1785433322.748,17:42:02,baseline,4,0.0,7389,16126,45.8
1785433322.748,17:42:02,baseline,5,0.0,7389,16126,45.8
1785433322.748,17:42:02,baseline,6,0.0,7390,16126,45.8
1785433322.748,17:42:02,baseline,7,0.0,7389,16126,45.8
1785433323.749,17:42:03,baseline,0,0.0,7389,16126,45.8
1785433323.749,17:42:03,baseline,1,0.0,7389,16126,45.8
1785433323.749,17:42:03,baseline,2,0.0,7389,16126,45.8
1785433323.749,17:42:03,baseline,3,0.0,7389,16126,45.8
1785433323.749,17:42:03,baseline,4,0.0,7389,16126,45.8
1785433323.749,17:42:03,baseline,5,0.0,7389,16126,45.8
1785433323.749,17:42:03,baseline,6,0.0,7390,16126,45.8
1785433323.749,17:42:03,baseline,7,0.0,7389,16126,45.8
1785433324.749,17:42:04,baseline,0,0.0,7389,16126,45.8
1785433324.749,17:42:04,baseline,1,0.0,7389,16126,45.8
1785433324.749,17:42:04,baseline,2,0.0,7389,16126,45.8
1785433324.749,17:42:04,baseline,3,0.0,7389,16126,45.8
1785433324.749,17:42:04,baseline,4,0.0,7389,16126,45.8
1785433324.749,17:42:04,baseline,5,0.0,7389,16126,45.8
1785433324.749,17:42:04,baseline,6,0.0,7390,16126,45.8
1785433324.749,17:42:04,baseline,7,0.0,7389,16126,45.8
1785433325.749,17:42:05,baseline,0,0.0,7389,16126,45.8
1785433325.749,17:42:05,baseline,1,0.0,7389,16126,45.8
1785433325.749,17:42:05,baseline,2,0.0,7389,16126,45.8
1785433325.749,17:42:05,baseline,3,0.0,7389,16126,45.8
1785433325.749,17:42:05,baseline,4,0.0,7389,16126,45.8
1785433325.749,17:42:05,baseline,5,0.0,7389,16126,45.8
1785433325.749,17:42:05,baseline,6,0.0,7390,16126,45.8
1785433325.749,17:42:05,baseline,7,0.0,7389,16126,45.8
1785433326.749,17:42:06,baseline,0,0.0,7389,16126,45.8
1785433326.749,17:42:06,baseline,1,0.0,7389,16126,45.8
1785433326.749,17:42:06,baseline,2,0.0,7389,16126,45.8
1785433326.749,17:42:06,baseline,3,0.0,7389,16126,45.8
1785433326.749,17:42:06,baseline,4,0.0,7389,16126,45.8
1785433326.749,17:42:06,baseline,5,0.0,7389,16126,45.8
1785433326.749,17:42:06,baseline,6,0.0,7390,16126,45.8
1785433326.749,17:42:06,baseline,7,0.0,7389,16126,45.8
1785433327.749,17:42:07,baseline,0,0.0,7389,16126,45.8
1785433327.749,17:42:07,baseline,1,0.0,7389,16126,45.8
1785433327.749,17:42:07,baseline,2,0.0,7389,16126,45.8
1785433327.749,17:42:07,baseline,3,0.0,7389,16126,45.8
1785433327.749,17:42:07,baseline,4,0.0,7389,16126,45.8
1785433327.749,17:42:07,baseline,5,0.0,7389,16126,45.8
1785433327.749,17:42:07,baseline,6,0.0,7390,16126,45.8
1785433327.749,17:42:07,baseline,7,0.0,7389,16126,45.8
1785433328.749,17:42:08,baseline,0,0.0,7389,16126,45.8
1785433328.749,17:42:08,baseline,1,0.0,7389,16126,45.8
1785433328.749,17:42:08,baseline,2,0.0,7389,16126,45.8
1785433328.749,17:42:08,baseline,3,0.0,7389,16126,45.8
1785433328.749,17:42:08,baseline,4,0.0,7389,16126,45.8
1785433328.749,17:42:08,baseline,5,0.0,7389,16126,45.8
1785433328.749,17:42:08,baseline,6,0.0,7390,16126,45.8
1785433328.749,17:42:08,baseline,7,0.0,7389,16126,45.8
1785433329.749,17:42:09,baseline,0,0.0,7389,16126,45.8
1785433329.749,17:42:09,baseline,1,0.0,7389,16126,45.8
1785433329.749,17:42:09,baseline,2,0.0,7389,16126,45.8
1785433329.749,17:42:09,baseline,3,0.0,7389,16126,45.8
1785433329.749,17:42:09,baseline,4,0.0,7389,16126,45.8
1785433329.749,17:42:09,baseline,5,0.0,7389,16126,45.8
1785433329.749,17:42:09,baseline,6,0.0,7390,16126,45.8
1785433329.749,17:42:09,baseline,7,0.0,7389,16126,45.8
1785433330.75,17:42:10,baseline,0,0.0,7389,16126,45.8
1785433330.75,17:42:10,baseline,1,0.0,7389,16126,45.8
1785433330.75,17:42:10,baseline,2,0.0,7389,16126,45.8
1785433330.75,17:42:10,baseline,3,0.0,7389,16126,45.8
1785433330.75,17:42:10,baseline,4,0.0,7389,16126,45.8
1785433330.75,17:42:10,baseline,5,0.0,7389,16126,45.8
1785433330.75,17:42:10,baseline,6,0.0,7390,16126,45.8
1785433330.75,17:42:10,baseline,7,0.0,7389,16126,45.8
1785433331.75,17:42:11,baseline,0,0.0,7389,16126,45.8
1785433331.75,17:42:11,baseline,1,0.0,7389,16126,45.8
1785433331.75,17:42:11,baseline,2,0.0,7389,16126,45.8
1785433331.75,17:42:11,baseline,3,0.0,7389,16126,45.8
1785433331.75,17:42:11,baseline,4,0.0,7389,16126,45.8
1785433331.75,17:42:11,baseline,5,0.0,7389,16126,45.8
1785433331.75,17:42:11,baseline,6,0.0,7390,16126,45.8
1785433331.75,17:42:11,baseline,7,0.0,7389,16126,45.8
1785433332.75,17:42:12,baseline,0,0.0,7389,16126,45.8
1785433332.75,17:42:12,baseline,1,0.0,7389,16126,45.8
1785433332.75,17:42:12,baseline,2,0.0,7389,16126,45.8
1785433332.75,17:42:12,baseline,3,0.0,7389,16126,45.8
1785433332.75,17:42:12,baseline,4,0.0,7389,16126,45.8
1785433332.75,17:42:12,baseline,5,0.0,7389,16126,45.8
1785433332.75,17:42:12,baseline,6,0.0,7390,16126,45.8
1785433332.75,17:42:12,baseline,7,0.0,7389,16126,45.8
1785433333.75,17:42:13,baseline,0,0.0,7389,16126,45.8
1785433333.75,17:42:13,baseline,1,0.0,7389,16126,45.8
1785433333.75,17:42:13,baseline,2,0.0,7389,16126,45.8
1785433333.75,17:42:13,baseline,3,0.0,7389,16126,45.8
1785433333.75,17:42:13,baseline,4,0.0,7389,16126,45.8
1785433333.75,17:42:13,baseline,5,0.0,7389,16126,45.8
1785433333.75,17:42:13,baseline,6,0.0,7390,16126,45.8
1785433333.75,17:42:13,baseline,7,0.0,7389,16126,45.8
1785433334.75,17:42:14,baseline,0,0.0,7389,16126,45.8
1785433334.75,17:42:14,baseline,1,0.0,7389,16126,45.8
1785433334.75,17:42:14,baseline,2,0.0,7389,16126,45.8
1785433334.75,17:42:14,baseline,3,0.0,7389,16126,45.8
1785433334.75,17:42:14,baseline,4,0.0,7389,16126,45.8
1785433334.75,17:42:14,baseline,5,0.0,7389,16126,45.8
1785433334.75,17:42:14,baseline,6,0.0,7390,16126,45.8
1785433334.75,17:42:14,baseline,7,0.0,7389,16126,45.8
1785433335.75,17:42:15,baseline,0,0.0,7389,16126,45.8
1785433335.75,17:42:15,baseline,1,0.0,7389,16126,45.8
1785433335.75,17:42:15,baseline,2,0.0,7389,16126,45.8
1785433335.75,17:42:15,baseline,3,0.0,7389,16126,45.8
1785433335.75,17:42:15,baseline,4,0.0,7389,16126,45.8
1785433335.75,17:42:15,baseline,5,0.0,7389,16126,45.8
1785433335.75,17:42:15,baseline,6,0.0,7390,16126,45.8
1785433335.75,17:42:15,baseline,7,0.0,7389,16126,45.8
1785433336.75,17:42:16,baseline,0,0.0,7389,16126,45.8
1785433336.75,17:42:16,baseline,1,0.0,7389,16126,45.8
1785433336.75,17:42:16,baseline,2,0.0,7389,16126,45.8
1785433336.75,17:42:16,baseline,3,0.0,7389,16126,45.8
1785433336.75,17:42:16,baseline,4,0.0,7389,16126,45.8
1785433336.75,17:42:16,baseline,5,0.0,7389,16126,45.8
1785433336.75,17:42:16,baseline,6,0.0,7390,16126,45.8
1785433336.75,17:42:16,baseline,7,0.0,7389,16126,45.8
1785433337.75,17:42:17,baseline,0,0.0,7389,16126,45.8
1785433337.75,17:42:17,baseline,1,0.0,7389,16126,45.8
1785433337.75,17:42:17,baseline,2,0.0,7389,16126,45.8
1785433337.75,17:42:17,baseline,3,0.0,7389,16126,45.8
1785433337.75,17:42:17,baseline,4,0.0,7389,16126,45.8
1785433337.75,17:42:17,baseline,5,0.0,7389,16126,45.8
1785433337.75,17:42:17,baseline,6,0.0,7390,16126,45.8
1785433337.75,17:42:17,baseline,7,0.0,7389,16126,45.8
1785433338.751,17:42:18,baseline,0,0.0,7389,16126,45.8
1785433338.751,17:42:18,baseline,1,0.0,7389,16126,45.8
1785433338.751,17:42:18,baseline,2,0.0,7389,16126,45.8
1785433338.751,17:42:18,baseline,3,0.0,7389,16126,45.8
1785433338.751,17:42:18,baseline,4,0.0,7389,16126,45.8
1785433338.751,17:42:18,baseline,5,0.0,7389,16126,45.8
1785433338.751,17:42:18,baseline,6,0.0,7390,16126,45.8
1785433338.751,17:42:18,baseline,7,0.0,7389,16126,45.8
1785433339.751,17:42:19,baseline,0,0.0,7389,16126,45.8
1785433339.751,17:42:19,baseline,1,0.0,7389,16126,45.8
1785433339.751,17:42:19,baseline,2,0.0,7389,16126,45.8
1785433339.751,17:42:19,baseline,3,0.0,7389,16126,45.8
1785433339.751,17:42:19,baseline,4,0.0,7389,16126,45.8
1785433339.751,17:42:19,baseline,5,0.0,7389,16126,45.8
1785433339.751,17:42:19,baseline,6,0.0,7390,16126,45.8
1785433339.751,17:42:19,baseline,7,0.0,7389,16126,45.8
1785433340.751,17:42:20,baseline,0,0.0,7389,16126,45.8
1785433340.751,17:42:20,baseline,1,0.0,7389,16126,45.8
1785433340.751,17:42:20,baseline,2,0.0,7389,16126,45.8
1785433340.751,17:42:20,baseline,3,0.0,7389,16126,45.8
1785433340.751,17:42:20,baseline,4,0.0,7389,16126,45.8
1785433340.751,17:42:20,baseline,5,0.0,7389,16126,45.8
1785433340.751,17:42:20,baseline,6,0.0,7390,16126,45.8
1785433340.751,17:42:20,baseline,7,0.0,7389,16126,45.8
1785433341.751,17:42:21,baseline,0,0.0,7389,16126,45.8
1785433341.751,17:42:21,baseline,1,0.0,7389,16126,45.8
1785433341.751,17:42:21,baseline,2,0.0,7389,16126,45.8
1785433341.751,17:42:21,baseline,3,0.0,7389,16126,45.8
1785433341.751,17:42:21,baseline,4,0.0,7389,16126,45.8
1785433341.751,17:42:21,baseline,5,0.0,7389,16126,45.8
1785433341.751,17:42:21,baseline,6,0.0,7390,16126,45.8
1785433341.751,17:42:21,baseline,7,0.0,7389,16126,45.8
1785433342.751,17:42:22,baseline,0,0.0,7389,16126,45.8
1785433342.751,17:42:22,baseline,1,0.0,7389,16126,45.8
1785433342.751,17:42:22,baseline,2,0.0,7389,16126,45.8
1785433342.751,17:42:22,baseline,3,0.0,7389,16126,45.8
1785433342.751,17:42:22,baseline,4,0.0,7389,16126,45.8
1785433342.751,17:42:22,baseline,5,0.0,7389,16126,45.8
1785433342.751,17:42:22,baseline,6,0.0,7390,16126,45.8
1785433342.751,17:42:22,baseline,7,0.0,7389,16126,45.8
1785433343.751,17:42:23,baseline,0,0.0,7389,16126,45.8
1785433343.751,17:42:23,baseline,1,0.0,7389,16126,45.8
1785433343.751,17:42:23,baseline,2,0.0,7389,16126,45.8
1785433343.751,17:42:23,baseline,3,0.0,7389,16126,45.8
1785433343.751,17:42:23,baseline,4,0.0,7389,16126,45.8
1785433343.751,17:42:23,baseline,5,0.0,7389,16126,45.8
1785433343.751,17:42:23,baseline,6,0.0,7390,16126,45.8
1785433343.751,17:42:23,baseline,7,0.0,7389,16126,45.8
1785433344.751,17:42:24,baseline,0,0.0,7389,16126,45.8
1785433344.751,17:42:24,baseline,1,0.0,7389,16126,45.8
1785433344.751,17:42:24,baseline,2,0.0,7389,16126,45.8
1785433344.751,17:42:24,baseline,3,0.0,7389,16126,45.8
1785433344.751,17:42:24,baseline,4,0.0,7389,16126,45.8
1785433344.751,17:42:24,baseline,5,0.0,7389,16126,45.8
1785433344.751,17:42:24,baseline,6,0.0,7390,16126,45.8
1785433344.751,17:42:24,baseline,7,0.0,7389,16126,45.8
1785433345.752,17:42:25,baseline,0,0.0,7389,16126,45.8
1785433345.752,17:42:25,baseline,1,0.0,7389,16126,45.8
1785433345.752,17:42:25,baseline,2,0.0,7389,16126,45.8
1785433345.752,17:42:25,baseline,3,0.0,7389,16126,45.8
1785433345.752,17:42:25,baseline,4,0.0,7389,16126,45.8
1785433345.752,17:42:25,baseline,5,0.0,7389,16126,45.8
1785433345.752,17:42:25,baseline,6,0.0,7390,16126,45.8
1785433345.752,17:42:25,baseline,7,0.0,7389,16126,45.8
1785433346.752,17:42:26,baseline,0,0.0,7389,16126,45.8
1785433346.752,17:42:26,baseline,1,0.0,7389,16126,45.8
1785433346.752,17:42:26,baseline,2,0.0,7389,16126,45.8
1785433346.752,17:42:26,baseline,3,0.0,7389,16126,45.8
1785433346.752,17:42:26,baseline,4,0.0,7389,16126,45.8
1785433346.752,17:42:26,baseline,5,0.0,7389,16126,45.8
1785433346.752,17:42:26,baseline,6,0.0,7390,16126,45.8
1785433346.752,17:42:26,baseline,7,0.0,7389,16126,45.8
1785433347.752,17:42:27,baseline,0,0.0,7389,16126,45.8
1785433347.752,17:42:27,baseline,1,0.0,7389,16126,45.8
1785433347.752,17:42:27,baseline,2,0.0,7389,16126,45.8
1785433347.752,17:42:27,baseline,3,0.0,7389,16126,45.8
1785433347.752,17:42:27,baseline,4,0.0,7389,16126,45.8
1785433347.752,17:42:27,baseline,5,0.0,7389,16126,45.8
1785433347.752,17:42:27,baseline,6,0.0,7390,16126,45.8
1785433347.752,17:42:27,baseline,7,0.0,7389,16126,45.8
1785433348.752,17:42:28,baseline,0,0.0,7389,16126,45.8
1785433348.752,17:42:28,baseline,1,0.0,7389,16126,45.8
1785433348.752,17:42:28,baseline,2,0.0,7389,16126,45.8
1785433348.752,17:42:28,baseline,3,0.0,7389,16126,45.8
1785433348.752,17:42:28,baseline,4,0.0,7389,16126,45.8
1785433348.752,17:42:28,baseline,5,0.0,7389,16126,45.8
1785433348.752,17:42:28,baseline,6,0.0,7390,16126,45.8
1785433348.752,17:42:28,baseline,7,0.0,7389,16126,45.8
1785433349.752,17:42:29,baseline,0,0.0,7389,16126,45.8
1785433349.752,17:42:29,baseline,1,0.0,7389,16126,45.8
1785433349.752,17:42:29,baseline,2,0.0,7389,16126,45.8
1785433349.752,17:42:29,baseline,3,0.0,7389,16126,45.8
1785433349.752,17:42:29,baseline,4,0.0,7389,16126,45.8
1785433349.752,17:42:29,baseline,5,0.0,7389,16126,45.8
1785433349.752,17:42:29,baseline,6,0.0,7390,16126,45.8
1785433349.752,17:42:29,baseline,7,0.0,7389,16126,45.8
1785433350.752,17:42:30,baseline,0,0.0,7389,16126,45.8
1785433350.752,17:42:30,baseline,1,0.0,7389,16126,45.8
1785433350.752,17:42:30,baseline,2,0.0,7389,16126,45.8
1785433350.752,17:42:30,baseline,3,0.0,7389,16126,45.8
1785433350.752,17:42:30,baseline,4,0.0,7389,16126,45.8
1785433350.752,17:42:30,baseline,5,0.0,7389,16126,45.8
1785433350.752,17:42:30,baseline,6,0.0,7390,16126,45.8
1785433350.752,17:42:30,baseline,7,0.0,7389,16126,45.8
1785433351.752,17:42:31,baseline,0,0.0,7389,16126,45.8
1785433351.752,17:42:31,baseline,1,0.0,7389,16126,45.8
1785433351.752,17:42:31,baseline,2,0.0,7389,16126,45.8
1785433351.752,17:42:31,baseline,3,0.0,7389,16126,45.8
1785433351.752,17:42:31,baseline,4,0.0,7389,16126,45.8
1785433351.752,17:42:31,baseline,5,0.0,7389,16126,45.8
1785433351.752,17:42:31,baseline,6,0.0,7390,16126,45.8
1785433351.752,17:42:31,baseline,7,0.0,7389,16126,45.8
1785433352.753,17:42:32,baseline,0,0.0,7389,16126,45.8
1785433352.753,17:42:32,baseline,1,0.0,7389,16126,45.8
1785433352.753,17:42:32,baseline,2,0.0,7389,16126,45.8
1785433352.753,17:42:32,baseline,3,0.0,7389,16126,45.8
1785433352.753,17:42:32,baseline,4,0.0,7389,16126,45.8
1785433352.753,17:42:32,baseline,5,0.0,7389,16126,45.8
1785433352.753,17:42:32,baseline,6,0.0,7390,16126,45.8
1785433352.753,17:42:32,baseline,7,0.0,7389,16126,45.8
1785433353.753,17:42:33,baseline,0,0.0,7389,16126,45.8
1785433353.753,17:42:33,baseline,1,0.0,7389,16126,45.8
1785433353.753,17:42:33,baseline,2,0.0,7389,16126,45.8
1785433353.753,17:42:33,baseline,3,0.0,7389,16126,45.8
1785433353.753,17:42:33,baseline,4,0.0,7389,16126,45.8
1785433353.753,17:42:33,baseline,5,0.0,7389,16126,45.8
1785433353.753,17:42:33,baseline,6,0.0,7390,16126,45.8
1785433353.753,17:42:33,baseline,7,0.0,7389,16126,45.8
1785433354.753,17:42:34,baseline,0,0.0,7389,16126,45.8
1785433354.753,17:42:34,baseline,1,0.0,7389,16126,45.8
1785433354.753,17:42:34,baseline,2,0.0,7389,16126,45.8
1785433354.753,17:42:34,baseline,3,0.0,7389,16126,45.8
1785433354.753,17:42:34,baseline,4,0.0,7389,16126,45.8
1785433354.753,17:42:34,baseline,5,0.0,7389,16126,45.8
1785433354.753,17:42:34,baseline,6,0.0,7390,16126,45.8
1785433354.753,17:42:34,baseline,7,0.0,7389,16126,45.8
1785433355.753,17:42:35,baseline,0,0.0,7389,16126,45.8
1785433355.753,17:42:35,baseline,1,0.0,7389,16126,45.8
1785433355.753,17:42:35,baseline,2,0.0,7389,16126,45.8
1785433355.753,17:42:35,baseline,3,0.0,7389,16126,45.8
1785433355.753,17:42:35,baseline,4,0.0,7389,16126,45.8
1785433355.753,17:42:35,baseline,5,0.0,7389,16126,45.8
1785433355.753,17:42:35,baseline,6,0.0,7390,16126,45.8
1785433355.753,17:42:35,baseline,7,0.0,7389,16126,45.8
1785433356.753,17:42:36,baseline,0,0.0,7389,16126,45.8
1785433356.753,17:42:36,baseline,1,0.0,7389,16126,45.8
1785433356.753,17:42:36,baseline,2,0.0,7389,16126,45.8
1785433356.753,17:42:36,baseline,3,0.0,7389,16126,45.8
1785433356.753,17:42:36,baseline,4,0.0,7389,16126,45.8
1785433356.753,17:42:36,baseline,5,0.0,7389,16126,45.8
1785433356.753,17:42:36,baseline,6,0.0,7390,16126,45.8
1785433356.753,17:42:36,baseline,7,0.0,7389,16126,45.8
1785433357.753,17:42:37,baseline,0,0.0,7389,16126,45.8
1785433357.753,17:42:37,baseline,1,0.0,7389,16126,45.8
1785433357.753,17:42:37,baseline,2,0.0,7389,16126,45.8
1785433357.753,17:42:37,baseline,3,0.0,7389,16126,45.8
1785433357.753,17:42:37,baseline,4,0.0,7389,16126,45.8
1785433357.753,17:42:37,baseline,5,0.0,7389,16126,45.8
1785433357.753,17:42:37,baseline,6,0.0,7390,16126,45.8
1785433357.753,17:42:37,baseline,7,0.0,7389,16126,45.8
1785433358.753,17:42:38,baseline,0,0.0,7389,16126,45.8
1785433358.753,17:42:38,baseline,1,0.0,7389,16126,45.8
1785433358.753,17:42:38,baseline,2,0.0,7389,16126,45.8
1785433358.753,17:42:38,baseline,3,0.0,7389,16126,45.8
1785433358.753,17:42:38,baseline,4,0.0,7389,16126,45.8
1785433358.753,17:42:38,baseline,5,0.0,7389,16126,45.8
1785433358.753,17:42:38,baseline,6,0.0,7390,16126,45.8
1785433358.753,17:42:38,baseline,7,0.0,7389,16126,45.8
1785433359.753,17:42:39,baseline,0,0.0,7389,16126,45.8
1785433359.753,17:42:39,baseline,1,0.0,7389,16126,45.8
1785433359.753,17:42:39,baseline,2,0.0,7389,16126,45.8
1785433359.753,17:42:39,baseline,3,0.0,7389,16126,45.8
1785433359.753,17:42:39,baseline,4,0.0,7389,16126,45.8
1785433359.753,17:42:39,baseline,5,0.0,7389,16126,45.8
1785433359.753,17:42:39,baseline,6,0.0,7390,16126,45.8
1785433359.753,17:42:39,baseline,7,0.0,7389,16126,45.8
1785433360.754,17:42:40,baseline,0,0.0,7389,16126,45.8
1785433360.754,17:42:40,baseline,1,0.0,7389,16126,45.8
1785433360.754,17:42:40,baseline,2,0.0,7389,16126,45.8
1785433360.754,17:42:40,baseline,3,0.0,7389,16126,45.8
1785433360.754,17:42:40,baseline,4,0.0,7389,16126,45.8
1785433360.754,17:42:40,baseline,5,0.0,7389,16126,45.8
1785433360.754,17:42:40,baseline,6,0.0,7390,16126,45.8
1785433360.754,17:42:40,baseline,7,0.0,7389,16126,45.8
1785433361.754,17:42:41,baseline,0,0.0,7389,16126,45.8
1785433361.754,17:42:41,baseline,1,0.0,7389,16126,45.8
1785433361.754,17:42:41,baseline,2,0.0,7389,16126,45.8
1785433361.754,17:42:41,baseline,3,0.0,7389,16126,45.8
1785433361.754,17:42:41,baseline,4,0.0,7389,16126,45.8
1785433361.754,17:42:41,baseline,5,0.0,7389,16126,45.8
1785433361.754,17:42:41,baseline,6,0.0,7390,16126,45.8
1785433361.754,17:42:41,baseline,7,0.0,7389,16126,45.8
1785433362.754,17:42:42,baseline,0,0.0,7389,16126,45.8
1785433362.754,17:42:42,baseline,1,0.0,7389,16126,45.8
1785433362.754,17:42:42,baseline,2,0.0,7389,16126,45.8
1785433362.754,17:42:42,baseline,3,0.0,7389,16126,45.8
1785433362.754,17:42:42,baseline,4,0.0,7389,16126,45.8
1785433362.754,17:42:42,baseline,5,0.0,7389,16126,45.8
1785433362.754,17:42:42,baseline,6,0.0,7390,16126,45.8
1785433362.754,17:42:42,baseline,7,0.0,7389,16126,45.8
1785433363.754,17:42:43,baseline,0,0.0,7389,16126,45.8
1785433363.754,17:42:43,baseline,1,0.0,7389,16126,45.8
1785433363.754,17:42:43,baseline,2,0.0,7389,16126,45.8
1785433363.754,17:42:43,baseline,3,0.0,7389,16126,45.8
1785433363.754,17:42:43,baseline,4,0.0,7389,16126,45.8
1785433363.754,17:42:43,baseline,5,0.0,7389,16126,45.8
1785433363.754,17:42:43,baseline,6,0.0,7390,16126,45.8
1785433363.754,17:42:43,baseline,7,0.0,7389,16126,45.8
1785433364.754,17:42:44,baseline,0,0.0,7389,16126,45.8
1785433364.754,17:42:44,baseline,1,0.0,7389,16126,45.8
1785433364.754,17:42:44,baseline,2,0.0,7389,16126,45.8
1785433364.754,17:42:44,baseline,3,0.0,7389,16126,45.8
1785433364.754,17:42:44,baseline,4,0.0,7389,16126,45.8
1785433364.754,17:42:44,baseline,5,0.0,7389,16126,45.8
1785433364.754,17:42:44,baseline,6,0.0,7390,16126,45.8
1785433364.754,17:42:44,baseline,7,0.0,7389,16126,45.8
1785433365.754,17:42:45,baseline,0,0.0,7389,16126,45.8
1785433365.754,17:42:45,baseline,1,0.0,7389,16126,45.8
1785433365.754,17:42:45,baseline,2,0.0,7389,16126,45.8
1785433365.754,17:42:45,baseline,3,0.0,7389,16126,45.8
1785433365.754,17:42:45,baseline,4,0.0,7389,16126,45.8
1785433365.754,17:42:45,baseline,5,0.0,7389,16126,45.8
1785433365.754,17:42:45,baseline,6,0.0,7390,16126,45.8
1785433365.754,17:42:45,baseline,7,0.0,7389,16126,45.8
1785433366.754,17:42:46,baseline,0,0.0,7389,16126,45.8
1785433366.754,17:42:46,baseline,1,0.0,7389,16126,45.8
1785433366.754,17:42:46,baseline,2,0.0,7389,16126,45.8
1785433366.754,17:42:46,baseline,3,0.0,7389,16126,45.8
1785433366.754,17:42:46,baseline,4,0.0,7389,16126,45.8
1785433366.754,17:42:46,baseline,5,0.0,7389,16126,45.8
1785433366.754,17:42:46,baseline,6,0.0,7390,16126,45.8
1785433366.754,17:42:46,baseline,7,0.0,7389,16126,45.8
1785433367.755,17:42:47,baseline,0,0.0,7389,16126,45.8
1785433367.755,17:42:47,baseline,1,0.0,7389,16126,45.8
1785433367.755,17:42:47,baseline,2,0.0,7389,16126,45.8
1785433367.755,17:42:47,baseline,3,0.0,7389,16126,45.8
1785433367.755,17:42:47,baseline,4,0.0,7389,16126,45.8
1785433367.755,17:42:47,baseline,5,0.0,7389,16126,45.8
1785433367.755,17:42:47,baseline,6,0.0,7390,16126,45.8
1785433367.755,17:42:47,baseline,7,0.0,7389,16126,45.8
1785433368.755,17:42:48,baseline,0,0.0,7389,16126,45.8
1785433368.755,17:42:48,baseline,1,0.0,7389,16126,45.8
1785433368.755,17:42:48,baseline,2,0.0,7389,16126,45.8
1785433368.755,17:42:48,baseline,3,0.0,7389,16126,45.8
1785433368.755,17:42:48,baseline,4,0.0,7389,16126,45.8
1785433368.755,17:42:48,baseline,5,0.0,7389,16126,45.8
1785433368.755,17:42:48,baseline,6,0.0,7390,16126,45.8
1785433368.755,17:42:48,baseline,7,0.0,7389,16126,45.8
1785433369.755,17:42:49,baseline,0,0.0,7389,16126,45.8
1785433369.755,17:42:49,baseline,1,0.0,7389,16126,45.8
1785433369.755,17:42:49,baseline,2,0.0,7389,16126,45.8
1785433369.755,17:42:49,baseline,3,0.0,7389,16126,45.8
1785433369.755,17:42:49,baseline,4,0.0,7389,16126,45.8
1785433369.755,17:42:49,baseline,5,0.0,7389,16126,45.8
1785433369.755,17:42:49,baseline,6,0.0,7390,16126,45.8
1785433369.755,17:42:49,baseline,7,0.0,7389,16126,45.8
1785433370.755,17:42:50,baseline,0,0.0,7389,16126,45.8
1785433370.755,17:42:50,baseline,1,0.0,7389,16126,45.8
1785433370.755,17:42:50,baseline,2,0.0,7389,16126,45.8
1785433370.755,17:42:50,baseline,3,0.0,7389,16126,45.8
1785433370.755,17:42:50,baseline,4,0.0,7389,16126,45.8
1785433370.755,17:42:50,baseline,5,0.0,7389,16126,45.8
1785433370.755,17:42:50,baseline,6,0.0,7390,16126,45.8
1785433370.755,17:42:50,baseline,7,0.0,7389,16126,45.8
1785433371.755,17:42:51,baseline,0,0.0,7389,16126,45.8
1785433371.755,17:42:51,baseline,1,0.0,7389,16126,45.8
1785433371.755,17:42:51,baseline,2,0.0,7389,16126,45.8
1785433371.755,17:42:51,baseline,3,0.0,7389,16126,45.8
1785433371.755,17:42:51,baseline,4,0.0,7389,16126,45.8
1785433371.755,17:42:51,baseline,5,0.0,7389,16126,45.8
1785433371.755,17:42:51,baseline,6,0.0,7390,16126,45.8
1785433371.755,17:42:51,baseline,7,0.0,7389,16126,45.8
1785433372.755,17:42:52,baseline,0,0.0,7389,16126,45.8
1785433372.755,17:42:52,baseline,1,0.0,7389,16126,45.8
1785433372.755,17:42:52,baseline,2,0.0,7389,16126,45.8
1785433372.755,17:42:52,baseline,3,0.0,7389,16126,45.8
1785433372.755,17:42:52,baseline,4,0.0,7389,16126,45.8
1785433372.755,17:42:52,baseline,5,0.0,7389,16126,45.8
1785433372.755,17:42:52,baseline,6,0.0,7390,16126,45.8
1785433372.755,17:42:52,baseline,7,0.0,7389,16126,45.8
1785433373.755,17:42:53,baseline,0,0.0,7389,16126,45.8
1785433373.755,17:42:53,baseline,1,0.0,7389,16126,45.8
1785433373.755,17:42:53,baseline,2,0.0,7389,16126,45.8
1785433373.755,17:42:53,baseline,3,0.0,7389,16126,45.8
1785433373.755,17:42:53,baseline,4,0.0,7389,16126,45.8
1785433373.755,17:42:53,baseline,5,0.0,7389,16126,45.8
1785433373.755,17:42:53,baseline,6,0.0,7390,16126,45.8
1785433373.755,17:42:53,baseline,7,0.0,7389,16126,45.8
1785433374.755,17:42:54,baseline,0,0.0,7389,16126,45.8
1785433374.755,17:42:54,baseline,1,0.0,7389,16126,45.8
1785433374.755,17:42:54,baseline,2,0.0,7389,16126,45.8
1785433374.755,17:42:54,baseline,3,0.0,7389,16126,45.8
1785433374.755,17:42:54,baseline,4,0.0,7389,16126,45.8
1785433374.755,17:42:54,baseline,5,0.0,7389,16126,45.8
1785433374.755,17:42:54,baseline,6,0.0,7390,16126,45.8
1785433374.755,17:42:54,baseline,7,0.0,7389,16126,45.8
1785433375.756,17:42:55,baseline,0,0.0,7389,16126,45.8
1785433375.756,17:42:55,baseline,1,0.0,7389,16126,45.8
1785433375.756,17:42:55,baseline,2,0.0,7389,16126,45.8
1785433375.756,17:42:55,baseline,3,0.0,7389,16126,45.8
1785433375.756,17:42:55,baseline,4,0.0,7389,16126,45.8
1785433375.756,17:42:55,baseline,5,0.0,7389,16126,45.8
1785433375.756,17:42:55,baseline,6,0.0,7390,16126,45.8
1785433375.756,17:42:55,baseline,7,0.0,7389,16126,45.8
1785433376.756,17:42:56,baseline,0,0.0,7389,16126,45.8
1785433376.756,17:42:56,baseline,1,0.0,7389,16126,45.8
1785433376.756,17:42:56,baseline,2,0.0,7389,16126,45.8
1785433376.756,17:42:56,baseline,3,0.0,7389,16126,45.8
1785433376.756,17:42:56,baseline,4,0.0,7389,16126,45.8
1785433376.756,17:42:56,baseline,5,0.0,7389,16126,45.8
1785433376.756,17:42:56,baseline,6,0.0,7390,16126,45.8
1785433376.756,17:42:56,baseline,7,0.0,7389,16126,45.8
1785433377.756,17:42:57,baseline,0,0.0,7389,16126,45.8
1785433377.756,17:42:57,baseline,1,0.0,7389,16126,45.8
1785433377.756,17:42:57,baseline,2,0.0,7389,16126,45.8
1785433377.756,17:42:57,baseline,3,0.0,7389,16126,45.8
1785433377.756,17:42:57,baseline,4,0.0,7389,16126,45.8
1785433377.756,17:42:57,baseline,5,0.0,7389,16126,45.8
1785433377.756,17:42:57,baseline,6,0.0,7390,16126,45.8
1785433377.756,17:42:57,baseline,7,0.0,7389,16126,45.8
1785433378.756,17:42:58,baseline,0,0.0,7389,16126,45.8
1785433378.756,17:42:58,baseline,1,0.0,7389,16126,45.8
1785433378.756,17:42:58,baseline,2,0.0,7389,16126,45.8
1785433378.756,17:42:58,baseline,3,0.0,7389,16126,45.8
1785433378.756,17:42:58,baseline,4,0.0,7389,16126,45.8
1785433378.756,17:42:58,baseline,5,0.0,7389,16126,45.8
1785433378.756,17:42:58,baseline,6,0.0,7390,16126,45.8
1785433378.756,17:42:58,baseline,7,0.0,7389,16126,45.8
1785433379.756,17:42:59,baseline,0,0.0,7389,16126,45.8
1785433379.756,17:42:59,baseline,1,0.0,7389,16126,45.8
1785433379.756,17:42:59,baseline,2,0.0,7389,16126,45.8
1785433379.756,17:42:59,baseline,3,0.0,7389,16126,45.8
1785433379.756,17:42:59,baseline,4,0.0,7389,16126,45.8
1785433379.756,17:42:59,baseline,5,0.0,7389,16126,45.8
1785433379.756,17:42:59,baseline,6,0.0,7390,16126,45.8
1785433379.756,17:42:59,baseline,7,0.0,7389,16126,45.8
1785433380.756,17:43:00,baseline,0,0.0,7389,16126,45.8
1785433380.756,17:43:00,baseline,1,0.0,7389,16126,45.8
1785433380.756,17:43:00,baseline,2,0.0,7389,16126,45.8
1785433380.756,17:43:00,baseline,3,0.0,7389,16126,45.8
1785433380.756,17:43:00,baseline,4,0.0,7389,16126,45.8
1785433380.756,17:43:00,baseline,5,0.0,7389,16126,45.8
1785433380.756,17:43:00,baseline,6,0.0,7390,16126,45.8
1785433380.756,17:43:00,baseline,7,0.0,7389,16126,45.8
1785433381.756,17:43:01,baseline,0,0.0,7389,16126,45.8
1785433381.756,17:43:01,baseline,1,0.0,7389,16126,45.8
1785433381.756,17:43:01,baseline,2,0.0,7389,16126,45.8
1785433381.756,17:43:01,baseline,3,0.0,7389,16126,45.8
1785433381.756,17:43:01,baseline,4,0.0,7389,16126,45.8
1785433381.756,17:43:01,baseline,5,0.0,7389,16126,45.8
1785433381.756,17:43:01,baseline,6,0.0,7390,16126,45.8
1785433381.756,17:43:01,baseline,7,0.0,7389,16126,45.8
1785433382.756,17:43:02,baseline,0,0.0,7389,16126,45.8
1785433382.756,17:43:02,baseline,1,0.0,7389,16126,45.8
1785433382.756,17:43:02,baseline,2,0.0,7389,16126,45.8
1785433382.756,17:43:02,baseline,3,0.0,7389,16126,45.8
1785433382.756,17:43:02,baseline,4,0.0,7389,16126,45.8
1785433382.756,17:43:02,baseline,5,0.0,7389,16126,45.8
1785433382.756,17:43:02,baseline,6,0.0,7390,16126,45.8
1785433382.756,17:43:02,baseline,7,0.0,7389,16126,45.8
1785433383.757,17:43:03,baseline,0,0.0,7389,16126,45.8
1785433383.757,17:43:03,baseline,1,0.0,7389,16126,45.8
1785433383.757,17:43:03,baseline,2,0.0,7389,16126,45.8
1785433383.757,17:43:03,baseline,3,0.0,7389,16126,45.8
1785433383.757,17:43:03,baseline,4,0.0,7389,16126,45.8
1785433383.757,17:43:03,baseline,5,0.0,7389,16126,45.8
1785433383.757,17:43:03,baseline,6,0.0,7390,16126,45.8
1785433383.757,17:43:03,baseline,7,0.0,7389,16126,45.8
1785433384.757,17:43:04,baseline,0,0.0,7389,16126,45.8
1785433384.757,17:43:04,baseline,1,0.0,7389,16126,45.8
1785433384.757,17:43:04,baseline,2,0.0,7389,16126,45.8
1785433384.757,17:43:04,baseline,3,0.0,7389,16126,45.8
1785433384.757,17:43:04,baseline,4,0.0,7389,16126,45.8
1785433384.757,17:43:04,baseline,5,0.0,7389,16126,45.8
1785433384.757,17:43:04,baseline,6,0.0,7390,16126,45.8
1785433384.757,17:43:04,baseline,7,0.0,7389,16126,45.8
1785433385.757,17:43:05,baseline,0,0.0,7389,16126,45.8
1785433385.757,17:43:05,baseline,1,0.0,7389,16126,45.8
1785433385.757,17:43:05,baseline,2,0.0,7389,16126,45.8
1785433385.757,17:43:05,baseline,3,0.0,7389,16126,45.8
1785433385.757,17:43:05,baseline,4,0.0,7389,16126,45.8
1785433385.757,17:43:05,baseline,5,0.0,7389,16126,45.8
1785433385.757,17:43:05,baseline,6,0.0,7390,16126,45.8
1785433385.757,17:43:05,baseline,7,0.0,7389,16126,45.8
1785433386.757,17:43:06,baseline,0,0.0,7389,16126,45.8
1785433386.757,17:43:06,baseline,1,0.0,7389,16126,45.8
1785433386.757,17:43:06,baseline,2,0.0,7389,16126,45.8
1785433386.757,17:43:06,baseline,3,0.0,7389,16126,45.8
1785433386.757,17:43:06,baseline,4,0.0,7389,16126,45.8
1785433386.757,17:43:06,baseline,5,0.0,7389,16126,45.8
1785433386.757,17:43:06,baseline,6,0.0,7390,16126,45.8
1785433386.757,17:43:06,baseline,7,0.0,7389,16126,45.8
1785433387.757,17:43:07,baseline,0,0.0,7389,16126,45.8
1785433387.757,17:43:07,baseline,1,0.0,7389,16126,45.8
1785433387.757,17:43:07,baseline,2,0.0,7389,16126,45.8
1785433387.757,17:43:07,baseline,3,0.0,7389,16126,45.8
1785433387.757,17:43:07,baseline,4,0.0,7389,16126,45.8
1785433387.757,17:43:07,baseline,5,0.0,7389,16126,45.8
1785433387.757,17:43:07,baseline,6,0.0,7390,16126,45.8
1785433387.757,17:43:07,baseline,7,0.0,7389,16126,45.8
1785433388.757,17:43:08,baseline,0,0.0,7389,16126,45.8
1785433388.757,17:43:08,baseline,1,0.0,7389,16126,45.8
1785433388.757,17:43:08,baseline,2,0.0,7389,16126,45.8
1785433388.757,17:43:08,baseline,3,0.0,7389,16126,45.8
1785433388.757,17:43:08,baseline,4,0.0,7389,16126,45.8
1785433388.757,17:43:08,baseline,5,0.0,7389,16126,45.8
1785433388.757,17:43:08,baseline,6,0.0,7390,16126,45.8
1785433388.757,17:43:08,baseline,7,0.0,7389,16126,45.8
1785433389.757,17:43:09,baseline,0,0.0,7389,16126,45.8
1785433389.757,17:43:09,baseline,1,0.0,7389,16126,45.8
1785433389.757,17:43:09,baseline,2,0.0,7389,16126,45.8
1785433389.757,17:43:09,baseline,3,0.0,7389,16126,45.8
1785433389.757,17:43:09,baseline,4,0.0,7389,16126,45.8
1785433389.757,17:43:09,baseline,5,0.0,7389,16126,45.8
1785433389.757,17:43:09,baseline,6,0.0,7390,16126,45.8
1785433389.757,17:43:09,baseline,7,0.0,7389,16126,45.8
1785433390.758,17:43:10,baseline,0,0.0,7389,16126,45.8
1785433390.758,17:43:10,baseline,1,0.0,7389,16126,45.8
1785433390.758,17:43:10,baseline,2,0.0,7389,16126,45.8
1785433390.758,17:43:10,baseline,3,0.0,7389,16126,45.8
1785433390.758,17:43:10,baseline,4,0.0,7389,16126,45.8
1785433390.758,17:43:10,baseline,5,0.0,7389,16126,45.8
1785433390.758,17:43:10,baseline,6,0.0,7390,16126,45.8
1785433390.758,17:43:10,baseline,7,0.0,7389,16126,45.8
1785433391.758,17:43:11,baseline,0,0.0,7389,16126,45.8
1785433391.758,17:43:11,baseline,1,0.0,7389,16126,45.8
1785433391.758,17:43:11,baseline,2,0.0,7389,16126,45.8
1785433391.758,17:43:11,baseline,3,0.0,7389,16126,45.8
1785433391.758,17:43:11,baseline,4,0.0,7389,16126,45.8
1785433391.758,17:43:11,baseline,5,0.0,7389,16126,45.8
1785433391.758,17:43:11,baseline,6,0.0,7390,16126,45.8
1785433391.758,17:43:11,baseline,7,0.0,7389,16126,45.8
1785433392.758,17:43:12,baseline,0,0.0,7389,16126,45.8
1785433392.758,17:43:12,baseline,1,0.0,7389,16126,45.8
1785433392.758,17:43:12,baseline,2,0.0,7389,16126,45.8
1785433392.758,17:43:12,baseline,3,0.0,7389,16126,45.8
1785433392.758,17:43:12,baseline,4,0.0,7389,16126,45.8
1785433392.758,17:43:12,baseline,5,0.0,7389,16126,45.8
1785433392.758,17:43:12,baseline,6,0.0,7390,16126,45.8
1785433392.758,17:43:12,baseline,7,0.0,7389,16126,45.8
1785433393.758,17:43:13,baseline,0,0.0,7389,16126,45.8
1785433393.758,17:43:13,baseline,1,0.0,7389,16126,45.8
1785433393.758,17:43:13,baseline,2,0.0,7389,16126,45.8
1785433393.758,17:43:13,baseline,3,0.0,7389,16126,45.8
1785433393.758,17:43:13,baseline,4,0.0,7389,16126,45.8
1785433393.758,17:43:13,baseline,5,0.0,7389,16126,45.8
1785433393.758,17:43:13,baseline,6,0.0,7390,16126,45.8
1785433393.758,17:43:13,baseline,7,0.0,7389,16126,45.8
1785433394.758,17:43:14,baseline,0,0.0,7389,16126,45.8
1785433394.758,17:43:14,baseline,1,0.0,7389,16126,45.8
1785433394.758,17:43:14,baseline,2,0.0,7389,16126,45.8
1785433394.758,17:43:14,baseline,3,0.0,7389,16126,45.8
1785433394.758,17:43:14,baseline,4,0.0,7389,16126,45.8
1785433394.758,17:43:14,baseline,5,0.0,7389,16126,45.8
1785433394.758,17:43:14,baseline,6,0.0,7390,16126,45.8
1785433394.758,17:43:14,baseline,7,0.0,7389,16126,45.8
1785433395.758,17:43:15,baseline,0,0.0,7389,16126,45.8
1785433395.758,17:43:15,baseline,1,0.0,7389,16126,45.8
1785433395.758,17:43:15,baseline,2,0.0,7389,16126,45.8
1785433395.758,17:43:15,baseline,3,0.0,7389,16126,45.8
1785433395.758,17:43:15,baseline,4,0.0,7389,16126,45.8
1785433395.758,17:43:15,baseline,5,0.0,7389,16126,45.8
1785433395.758,17:43:15,baseline,6,0.0,7390,16126,45.8
1785433395.758,17:43:15,baseline,7,0.0,7389,16126,45.8
1785433396.758,17:43:16,baseline,0,0.0,7389,16126,45.8
1785433396.758,17:43:16,baseline,1,0.0,7389,16126,45.8
1785433396.758,17:43:16,baseline,2,0.0,7389,16126,45.8
1785433396.758,17:43:16,baseline,3,0.0,7389,16126,45.8
1785433396.758,17:43:16,baseline,4,0.0,7389,16126,45.8
1785433396.758,17:43:16,baseline,5,0.0,7389,16126,45.8
1785433396.758,17:43:16,baseline,6,0.0,7390,16126,45.8
1785433396.758,17:43:16,baseline,7,0.0,7389,16126,45.8
1785433397.759,17:43:17,baseline,0,0.0,7389,16126,45.8
1785433397.759,17:43:17,baseline,1,0.0,7389,16126,45.8
1785433397.759,17:43:17,baseline,2,0.0,7389,16126,45.8
1785433397.759,17:43:17,baseline,3,0.0,7389,16126,45.8
1785433397.759,17:43:17,baseline,4,0.0,7389,16126,45.8
1785433397.759,17:43:17,baseline,5,0.0,7389,16126,45.8
1785433397.759,17:43:17,baseline,6,0.0,7390,16126,45.8
1785433397.759,17:43:17,baseline,7,0.0,7389,16126,45.8
1785433398.759,17:43:18,baseline,0,0.0,7389,16126,45.8
1785433398.759,17:43:18,baseline,1,0.0,7389,16126,45.8
1785433398.759,17:43:18,baseline,2,0.0,7389,16126,45.8
1785433398.759,17:43:18,baseline,3,0.0,7389,16126,45.8
1785433398.759,17:43:18,baseline,4,0.0,7389,16126,45.8
1785433398.759,17:43:18,baseline,5,0.0,7389,16126,45.8
1785433398.759,17:43:18,baseline,6,0.0,7390,16126,45.8
1785433398.759,17:43:18,baseline,7,0.0,7389,16126,45.8
1785433399.759,17:43:19,baseline,0,0.0,7389,16126,45.8
1785433399.759,17:43:19,baseline,1,0.0,7389,16126,45.8
1785433399.759,17:43:19,baseline,2,0.0,7389,16126,45.8
1785433399.759,17:43:19,baseline,3,0.0,7389,16126,45.8
1785433399.759,17:43:19,baseline,4,0.0,7389,16126,45.8
1785433399.759,17:43:19,baseline,5,0.0,7389,16126,45.8
1785433399.759,17:43:19,baseline,6,0.0,7390,16126,45.8
1785433399.759,17:43:19,baseline,7,0.0,7389,16126,45.8
1785433400.759,17:43:20,baseline,0,0.0,7389,16126,45.8
1785433400.759,17:43:20,baseline,1,0.0,7389,16126,45.8
1785433400.759,17:43:20,baseline,2,0.0,7389,16126,45.8
1785433400.759,17:43:20,baseline,3,0.0,7389,16126,45.8
1785433400.759,17:43:20,baseline,4,0.0,7389,16126,45.8
1785433400.759,17:43:20,baseline,5,0.0,7389,16126,45.8
1785433400.759,17:43:20,baseline,6,0.0,7390,16126,45.8
1785433400.759,17:43:20,baseline,7,0.0,7389,16126,45.8
1785433401.759,17:43:21,baseline,0,0.0,7389,16126,45.8
1785433401.759,17:43:21,baseline,1,0.0,7389,16126,45.8
1785433401.759,17:43:21,baseline,2,0.0,7389,16126,45.8
1785433401.759,17:43:21,baseline,3,0.0,7389,16126,45.8
1785433401.759,17:43:21,baseline,4,0.0,7389,16126,45.8
1785433401.759,17:43:21,baseline,5,0.0,7389,16126,45.8
1785433401.759,17:43:21,baseline,6,0.0,7390,16126,45.8
1785433401.759,17:43:21,baseline,7,0.0,7389,16126,45.8
1785433402.759,17:43:22,baseline,0,0.0,7389,16126,45.8
1785433402.759,17:43:22,baseline,1,0.0,7389,16126,45.8
1785433402.759,17:43:22,baseline,2,0.0,7389,16126,45.8
1785433402.759,17:43:22,baseline,3,0.0,7389,16126,45.8
1785433402.759,17:43:22,baseline,4,0.0,7389,16126,45.8
1785433402.759,17:43:22,baseline,5,0.0,7389,16126,45.8
1785433402.759,17:43:22,baseline,6,0.0,7390,16126,45.8
1785433402.759,17:43:22,baseline,7,0.0,7389,16126,45.8
1785433403.759,17:43:23,baseline,0,0.0,7389,16126,45.8
1785433403.759,17:43:23,baseline,1,0.0,7389,16126,45.8
1785433403.759,17:43:23,baseline,2,0.0,7389,16126,45.8
1785433403.759,17:43:23,baseline,3,0.0,7389,16126,45.8
1785433403.759,17:43:23,baseline,4,0.0,7389,16126,45.8
1785433403.759,17:43:23,baseline,5,0.0,7389,16126,45.8
1785433403.759,17:43:23,baseline,6,0.0,7390,16126,45.8
1785433403.759,17:43:23,baseline,7,0.0,7389,16126,45.8
1785433404.759,17:43:24,baseline,0,0.0,7389,16126,45.8
1785433404.759,17:43:24,baseline,1,0.0,7389,16126,45.8
1785433404.759,17:43:24,baseline,2,0.0,7389,16126,45.8
1785433404.759,17:43:24,baseline,3,0.0,7389,16126,45.8
1785433404.759,17:43:24,baseline,4,0.0,7389,16126,45.8
1785433404.759,17:43:24,baseline,5,0.0,7389,16126,45.8
1785433404.759,17:43:24,baseline,6,0.0,7390,16126,45.8
1785433404.759,17:43:24,baseline,7,0.0,7389,16126,45.8
1785433405.76,17:43:25,baseline,0,0.0,7389,16126,45.8
1785433405.76,17:43:25,baseline,1,0.0,7389,16126,45.8
1785433405.76,17:43:25,baseline,2,0.0,7389,16126,45.8
1785433405.76,17:43:25,baseline,3,0.0,7389,16126,45.8
1785433405.76,17:43:25,baseline,4,0.0,7389,16126,45.8
1785433405.76,17:43:25,baseline,5,0.0,7389,16126,45.8
1785433405.76,17:43:25,baseline,6,0.0,7390,16126,45.8
1785433405.76,17:43:25,baseline,7,0.0,7389,16126,45.8
1785433406.76,17:43:26,baseline,0,0.0,7389,16126,45.8
1785433406.76,17:43:26,baseline,1,0.0,7389,16126,45.8
1785433406.76,17:43:26,baseline,2,0.0,7389,16126,45.8
1785433406.76,17:43:26,baseline,3,0.0,7389,16126,45.8
1785433406.76,17:43:26,baseline,4,0.0,7389,16126,45.8
1785433406.76,17:43:26,baseline,5,0.0,7389,16126,45.8
1785433406.76,17:43:26,baseline,6,0.0,7390,16126,45.8
1785433406.76,17:43:26,baseline,7,0.0,7389,16126,45.8
1785433407.76,17:43:27,baseline,0,0.0,7389,16126,45.8
1785433407.76,17:43:27,baseline,1,0.0,7389,16126,45.8
1785433407.76,17:43:27,baseline,2,0.0,7389,16126,45.8
1785433407.76,17:43:27,baseline,3,0.0,7389,16126,45.8
1785433407.76,17:43:27,baseline,4,0.0,7389,16126,45.8
1785433407.76,17:43:27,baseline,5,0.0,7389,16126,45.8
1785433407.76,17:43:27,baseline,6,0.0,7390,16126,45.8
1785433407.76,17:43:27,baseline,7,0.0,7389,16126,45.8
1785433408.76,17:43:28,baseline,0,0.0,7389,16126,45.8
1785433408.76,17:43:28,baseline,1,0.0,7389,16126,45.8
1785433408.76,17:43:28,baseline,2,0.0,7389,16126,45.8
1785433408.76,17:43:28,baseline,3,0.0,7389,16126,45.8
1785433408.76,17:43:28,baseline,4,0.0,7389,16126,45.8
1785433408.76,17:43:28,baseline,5,0.0,7389,16126,45.8
1785433408.76,17:43:28,baseline,6,0.0,7390,16126,45.8
1785433408.76,17:43:28,baseline,7,0.0,7389,16126,45.8
1785433409.76,17:43:29,baseline,0,0.0,7389,16126,45.8
1785433409.76,17:43:29,baseline,1,0.0,7389,16126,45.8
1785433409.76,17:43:29,baseline,2,0.0,7389,16126,45.8
1785433409.76,17:43:29,baseline,3,0.0,7389,16126,45.8
1785433409.76,17:43:29,baseline,4,0.0,7389,16126,45.8
1785433409.76,17:43:29,baseline,5,0.0,7389,16126,45.8
1785433409.76,17:43:29,baseline,6,0.0,7390,16126,45.8
1785433409.76,17:43:29,baseline,7,0.0,7389,16126,45.8
1785433410.76,17:43:30,baseline,0,0.0,7389,16126,45.8
1785433410.76,17:43:30,baseline,1,0.0,7389,16126,45.8
1785433410.76,17:43:30,baseline,2,0.0,7389,16126,45.8
1785433410.76,17:43:30,baseline,3,0.0,7389,16126,45.8
1785433410.76,17:43:30,baseline,4,0.0,7389,16126,45.8
1785433410.76,17:43:30,baseline,5,0.0,7389,16126,45.8
1785433410.76,17:43:30,baseline,6,0.0,7390,16126,45.8
1785433410.76,17:43:30,baseline,7,0.0,7389,16126,45.8
1785433411.76,17:43:31,baseline,0,0.0,7389,16126,45.8
1785433411.76,17:43:31,baseline,1,0.0,7389,16126,45.8
1785433411.76,17:43:31,baseline,2,0.0,7389,16126,45.8
1785433411.76,17:43:31,baseline,3,0.0,7389,16126,45.8
1785433411.76,17:43:31,baseline,4,0.0,7389,16126,45.8
1785433411.76,17:43:31,baseline,5,0.0,7389,16126,45.8
1785433411.76,17:43:31,baseline,6,0.0,7390,16126,45.8
1785433411.76,17:43:31,baseline,7,0.0,7389,16126,45.8
1785433412.76,17:43:32,baseline,0,0.0,7389,16126,45.8
1785433412.76,17:43:32,baseline,1,0.0,7389,16126,45.8
1785433412.76,17:43:32,baseline,2,0.0,7389,16126,45.8
1785433412.76,17:43:32,baseline,3,0.0,7389,16126,45.8
1785433412.76,17:43:32,baseline,4,0.0,7389,16126,45.8
1785433412.76,17:43:32,baseline,5,0.0,7389,16126,45.8
1785433412.76,17:43:32,baseline,6,0.0,7390,16126,45.8
1785433412.76,17:43:32,baseline,7,0.0,7389,16126,45.8
1785433413.761,17:43:33,baseline,0,0.0,7389,16126,45.8
1785433413.761,17:43:33,baseline,1,0.0,7389,16126,45.8
1785433413.761,17:43:33,baseline,2,0.0,7389,16126,45.8
1785433413.761,17:43:33,baseline,3,0.0,7389,16126,45.8
1785433413.761,17:43:33,baseline,4,0.0,7389,16126,45.8
1785433413.761,17:43:33,baseline,5,0.0,7389,16126,45.8
1785433413.761,17:43:33,baseline,6,0.0,7390,16126,45.8
1785433413.761,17:43:33,baseline,7,0.0,7389,16126,45.8
1785433414.761,17:43:34,baseline,0,0.0,7389,16126,45.8
1785433414.761,17:43:34,baseline,1,0.0,7389,16126,45.8
1785433414.761,17:43:34,baseline,2,0.0,7389,16126,45.8
1785433414.761,17:43:34,baseline,3,0.0,7389,16126,45.8
1785433414.761,17:43:34,baseline,4,0.0,7389,16126,45.8
1785433414.761,17:43:34,baseline,5,0.0,7389,16126,45.8
1785433414.761,17:43:34,baseline,6,0.0,7390,16126,45.8
1785433414.761,17:43:34,baseline,7,0.0,7389,16126,45.8
1785433415.761,17:43:35,baseline,0,0.0,7389,16126,45.8
1785433415.761,17:43:35,baseline,1,0.0,7389,16126,45.8
1785433415.761,17:43:35,baseline,2,0.0,7389,16126,45.8
1785433415.761,17:43:35,baseline,3,0.0,7389,16126,45.8
1785433415.761,17:43:35,baseline,4,0.0,7389,16126,45.8
1785433415.761,17:43:35,baseline,5,0.0,7389,16126,45.8
1785433415.761,17:43:35,baseline,6,0.0,7390,16126,45.8
1785433415.761,17:43:35,baseline,7,0.0,7389,16126,45.8
1785433416.761,17:43:36,baseline,0,0.0,7389,16126,45.8
1785433416.761,17:43:36,baseline,1,0.0,7389,16126,45.8
1785433416.761,17:43:36,baseline,2,0.0,7389,16126,45.8
1785433416.761,17:43:36,baseline,3,0.0,7389,16126,45.8
1785433416.761,17:43:36,baseline,4,0.0,7389,16126,45.8
1785433416.761,17:43:36,baseline,5,0.0,7389,16126,45.8
1785433416.761,17:43:36,baseline,6,0.0,7390,16126,45.8
1785433416.761,17:43:36,baseline,7,0.0,7389,16126,45.8
1785433417.761,17:43:37,baseline,0,0.0,7389,16126,45.8
1785433417.761,17:43:37,baseline,1,0.0,7389,16126,45.8
1785433417.761,17:43:37,baseline,2,0.0,7389,16126,45.8
1785433417.761,17:43:37,baseline,3,0.0,7389,16126,45.8
1785433417.761,17:43:37,baseline,4,0.0,7389,16126,45.8
1785433417.761,17:43:37,baseline,5,0.0,7389,16126,45.8
1785433417.761,17:43:37,baseline,6,0.0,7390,16126,45.8
1785433417.761,17:43:37,baseline,7,0.0,7389,16126,45.8
1785433418.761,17:43:38,baseline,0,0.0,7389,16126,45.8
1785433418.761,17:43:38,baseline,1,0.0,7389,16126,45.8
1785433418.761,17:43:38,baseline,2,0.0,7389,16126,45.8
1785433418.761,17:43:38,baseline,3,0.0,7389,16126,45.8
1785433418.761,17:43:38,baseline,4,0.0,7389,16126,45.8
1785433418.761,17:43:38,baseline,5,0.0,7389,16126,45.8
1785433418.761,17:43:38,baseline,6,0.0,7390,16126,45.8
1785433418.761,17:43:38,baseline,7,0.0,7389,16126,45.8
1785433419.761,17:43:39,baseline,0,0.0,7389,16126,45.8
1785433419.761,17:43:39,baseline,1,0.0,7389,16126,45.8
1785433419.761,17:43:39,baseline,2,0.0,7389,16126,45.8
1785433419.761,17:43:39,baseline,3,0.0,7389,16126,45.8
1785433419.761,17:43:39,baseline,4,0.0,7389,16126,45.8
1785433419.761,17:43:39,baseline,5,0.0,7389,16126,45.8
1785433419.761,17:43:39,baseline,6,0.0,7390,16126,45.8
1785433419.761,17:43:39,baseline,7,0.0,7389,16126,45.8
1785433420.762,17:43:40,baseline,0,0.0,7389,16126,45.8
1785433420.762,17:43:40,baseline,1,0.0,7389,16126,45.8
1785433420.762,17:43:40,baseline,2,0.0,7389,16126,45.8
1785433420.762,17:43:40,baseline,3,0.0,7389,16126,45.8
1785433420.762,17:43:40,baseline,4,0.0,7389,16126,45.8
1785433420.762,17:43:40,baseline,5,0.0,7389,16126,45.8
1785433420.762,17:43:40,baseline,6,0.0,7390,16126,45.8
1785433420.762,17:43:40,baseline,7,0.0,7389,16126,45.8
1785433421.762,17:43:41,baseline,0,0.0,7389,16126,45.8
1785433421.762,17:43:41,baseline,1,0.0,7389,16126,45.8
1785433421.762,17:43:41,baseline,2,0.0,7389,16126,45.8
1785433421.762,17:43:41,baseline,3,0.0,7389,16126,45.8
1785433421.762,17:43:41,baseline,4,0.0,7389,16126,45.8
1785433421.762,17:43:41,baseline,5,0.0,7389,16126,45.8
1785433421.762,17:43:41,baseline,6,0.0,7390,16126,45.8
1785433421.762,17:43:41,baseline,7,0.0,7389,16126,45.8
1785433422.762,17:43:42,baseline,0,0.0,7389,16126,45.8
1785433422.762,17:43:42,baseline,1,0.0,7389,16126,45.8
1785433422.762,17:43:42,baseline,2,0.0,7389,16126,45.8
1785433422.762,17:43:42,baseline,3,0.0,7389,16126,45.8
1785433422.762,17:43:42,baseline,4,0.0,7389,16126,45.8
1785433422.762,17:43:42,baseline,5,0.0,7389,16126,45.8
1785433422.762,17:43:42,baseline,6,0.0,7390,16126,45.8
1785433422.762,17:43:42,baseline,7,0.0,7389,16126,45.8
1785433423.762,17:43:43,baseline,0,0.0,7389,16126,45.8
1785433423.762,17:43:43,baseline,1,0.0,7389,16126,45.8
1785433423.762,17:43:43,baseline,2,0.0,7389,16126,45.8
1785433423.762,17:43:43,baseline,3,0.0,7389,16126,45.8
1785433423.762,17:43:43,baseline,4,0.0,7389,16126,45.8
1785433423.762,17:43:43,baseline,5,0.0,7389,16126,45.8
1785433423.762,17:43:43,baseline,6,0.0,7390,16126,45.8
1785433423.762,17:43:43,baseline,7,0.0,7389,16126,45.8
1785433424.762,17:43:44,baseline,0,0.0,7389,16126,45.8
1785433424.762,17:43:44,baseline,1,0.0,7389,16126,45.8
1785433424.762,17:43:44,baseline,2,0.0,7389,16126,45.8
1785433424.762,17:43:44,baseline,3,0.0,7389,16126,45.8
1785433424.762,17:43:44,baseline,4,0.0,7389,16126,45.8
1785433424.762,17:43:44,baseline,5,0.0,7389,16126,45.8
1785433424.762,17:43:44,baseline,6,0.0,7390,16126,45.8
1785433424.762,17:43:44,baseline,7,0.0,7389,16126,45.8
1785433425.762,17:43:45,baseline,0,0.0,7389,16126,45.8
1785433425.762,17:43:45,baseline,1,0.0,7389,16126,45.8
1785433425.762,17:43:45,baseline,2,0.0,7389,16126,45.8
1785433425.762,17:43:45,baseline,3,0.0,7389,16126,45.8
1785433425.762,17:43:45,baseline,4,0.0,7389,16126,45.8
1785433425.762,17:43:45,baseline,5,0.0,7389,16126,45.8
1785433425.762,17:43:45,baseline,6,0.0,7390,16126,45.8
1785433425.762,17:43:45,baseline,7,0.0,7389,16126,45.8
1785433426.762,17:43:46,baseline,0,0.0,7389,16126,45.8
1785433426.762,17:43:46,baseline,1,0.0,7389,16126,45.8
1785433426.762,17:43:46,baseline,2,0.0,7389,16126,45.8
1785433426.762,17:43:46,baseline,3,0.0,7389,16126,45.8
1785433426.762,17:43:46,baseline,4,0.0,7389,16126,45.8
1785433426.762,17:43:46,baseline,5,0.0,7389,16126,45.8
1785433426.762,17:43:46,baseline,6,0.0,7390,16126,45.8
1785433426.762,17:43:46,baseline,7,0.0,7389,16126,45.8
1785433427.763,17:43:47,baseline,0,0.0,7389,16126,45.8
1785433427.763,17:43:47,baseline,1,0.0,7389,16126,45.8
1785433427.763,17:43:47,baseline,2,0.0,7389,16126,45.8
1785433427.763,17:43:47,baseline,3,0.0,7389,16126,45.8
1785433427.763,17:43:47,baseline,4,0.0,7389,16126,45.8
1785433427.763,17:43:47,baseline,5,0.0,7389,16126,45.8
1785433427.763,17:43:47,baseline,6,0.0,7390,16126,45.8
1785433427.763,17:43:47,baseline,7,0.0,7389,16126,45.8
1785433428.763,17:43:48,baseline,0,0.0,7389,16126,45.8
1785433428.763,17:43:48,baseline,1,0.0,7389,16126,45.8
1785433428.763,17:43:48,baseline,2,0.0,7389,16126,45.8
1785433428.763,17:43:48,baseline,3,0.0,7389,16126,45.8
1785433428.763,17:43:48,baseline,4,0.0,7389,16126,45.8
1785433428.763,17:43:48,baseline,5,0.0,7389,16126,45.8
1785433428.763,17:43:48,baseline,6,0.0,7390,16126,45.8
1785433428.763,17:43:48,baseline,7,0.0,7389,16126,45.8
1785433429.763,17:43:49,baseline,0,0.0,7389,16126,45.8
1785433429.763,17:43:49,baseline,1,0.0,7389,16126,45.8
1785433429.763,17:43:49,baseline,2,0.0,7389,16126,45.8
1785433429.763,17:43:49,baseline,3,0.0,7389,16126,45.8
1785433429.763,17:43:49,baseline,4,0.0,7389,16126,45.8
1785433429.763,17:43:49,baseline,5,0.0,7389,16126,45.8
1785433429.763,17:43:49,baseline,6,0.0,7390,16126,45.8
1785433429.763,17:43:49,baseline,7,0.0,7389,16126,45.8
1785433430.763,17:43:50,baseline,0,0.0,7389,16126,45.8
1785433430.763,17:43:50,baseline,1,0.0,7389,16126,45.8
1785433430.763,17:43:50,baseline,2,0.0,7389,16126,45.8
1785433430.763,17:43:50,baseline,3,0.0,7389,16126,45.8
1785433430.763,17:43:50,baseline,4,0.0,7389,16126,45.8
1785433430.763,17:43:50,baseline,5,0.0,7389,16126,45.8
1785433430.763,17:43:50,baseline,6,0.0,7390,16126,45.8
1785433430.763,17:43:50,baseline,7,0.0,7389,16126,45.8
1785433431.763,17:43:51,baseline,0,0.0,7389,16126,45.8
1785433431.763,17:43:51,baseline,1,0.0,7389,16126,45.8
1785433431.763,17:43:51,baseline,2,0.0,7389,16126,45.8
1785433431.763,17:43:51,baseline,3,0.0,7389,16126,45.8
1785433431.763,17:43:51,baseline,4,0.0,7389,16126,45.8
1785433431.763,17:43:51,baseline,5,0.0,7389,16126,45.8
1785433431.763,17:43:51,baseline,6,0.0,7390,16126,45.8
1785433431.763,17:43:51,baseline,7,0.0,7389,16126,45.8
1785433432.763,17:43:52,baseline,0,0.0,7389,16126,45.8
1785433432.763,17:43:52,baseline,1,0.0,7389,16126,45.8
1785433432.763,17:43:52,baseline,2,0.0,7389,16126,45.8
1785433432.763,17:43:52,baseline,3,0.0,7389,16126,45.8
1785433432.763,17:43:52,baseline,4,0.0,7389,16126,45.8
1785433432.763,17:43:52,baseline,5,0.0,7389,16126,45.8
1785433432.763,17:43:52,baseline,6,0.0,7390,16126,45.8
1785433432.763,17:43:52,baseline,7,0.0,7389,16126,45.8
1785433433.763,17:43:53,baseline,0,0.0,7389,16126,45.8
1785433433.763,17:43:53,baseline,1,0.0,7389,16126,45.8
1785433433.763,17:43:53,baseline,2,0.0,7389,16126,45.8
1785433433.763,17:43:53,baseline,3,0.0,7389,16126,45.8
1785433433.763,17:43:53,baseline,4,0.0,7389,16126,45.8
1785433433.763,17:43:53,baseline,5,0.0,7389,16126,45.8
1785433433.763,17:43:53,baseline,6,0.0,7390,16126,45.8
1785433433.763,17:43:53,baseline,7,0.0,7389,16126,45.8
1785433434.763,17:43:54,baseline,0,0.0,7389,16126,45.8
1785433434.763,17:43:54,baseline,1,0.0,7389,16126,45.8
1785433434.763,17:43:54,baseline,2,0.0,7389,16126,45.8
1785433434.763,17:43:54,baseline,3,0.0,7389,16126,45.8
1785433434.763,17:43:54,baseline,4,0.0,7389,16126,45.8
1785433434.763,17:43:54,baseline,5,0.0,7389,16126,45.8
1785433434.763,17:43:54,baseline,6,0.0,7390,16126,45.8
1785433434.763,17:43:54,baseline,7,0.0,7389,16126,45.8
1785433435.764,17:43:55,baseline,0,0.0,7389,16126,45.8
1785433435.764,17:43:55,baseline,1,0.0,7389,16126,45.8
1785433435.764,17:43:55,baseline,2,0.0,7389,16126,45.8
1785433435.764,17:43:55,baseline,3,0.0,7389,16126,45.8
1785433435.764,17:43:55,baseline,4,0.0,7389,16126,45.8
1785433435.764,17:43:55,baseline,5,0.0,7389,16126,45.8
1785433435.764,17:43:55,baseline,6,0.0,7390,16126,45.8
1785433435.764,17:43:55,baseline,7,0.0,7389,16126,45.8
1785433436.764,17:43:56,baseline,0,0.0,7389,16126,45.8
1785433436.764,17:43:56,baseline,1,0.0,7389,16126,45.8
1785433436.764,17:43:56,baseline,2,0.0,7389,16126,45.8
1785433436.764,17:43:56,baseline,3,0.0,7389,16126,45.8
1785433436.764,17:43:56,baseline,4,0.0,7389,16126,45.8
1785433436.764,17:43:56,baseline,5,0.0,7389,16126,45.8
1785433436.764,17:43:56,baseline,6,0.0,7390,16126,45.8
1785433436.764,17:43:56,baseline,7,0.0,7389,16126,45.8
1785433437.764,17:43:57,baseline,0,0.0,7389,16126,45.8
1785433437.764,17:43:57,baseline,1,0.0,7389,16126,45.8
1785433437.764,17:43:57,baseline,2,0.0,7389,16126,45.8
1785433437.764,17:43:57,baseline,3,0.0,7389,16126,45.8
1785433437.764,17:43:57,baseline,4,0.0,7389,16126,45.8
1785433437.764,17:43:57,baseline,5,0.0,7389,16126,45.8
1785433437.764,17:43:57,baseline,6,0.0,7390,16126,45.8
1785433437.764,17:43:57,baseline,7,0.0,7389,16126,45.8
1785433438.764,17:43:58,baseline,0,0.0,7389,16126,45.8
1785433438.764,17:43:58,baseline,1,0.0,7389,16126,45.8
1785433438.764,17:43:58,baseline,2,0.0,7389,16126,45.8
1785433438.764,17:43:58,baseline,3,0.0,7389,16126,45.8
1785433438.764,17:43:58,baseline,4,0.0,7389,16126,45.8
1785433438.764,17:43:58,baseline,5,0.0,7389,16126,45.8
1785433438.764,17:43:58,baseline,6,0.0,7390,16126,45.8
1785433438.764,17:43:58,baseline,7,0.0,7389,16126,45.8
1785433439.764,17:43:59,baseline,0,0.0,7389,16126,45.8
1785433439.764,17:43:59,baseline,1,0.0,7389,16126,45.8
1785433439.764,17:43:59,baseline,2,0.0,7389,16126,45.8
1785433439.764,17:43:59,baseline,3,0.0,7389,16126,45.8
1785433439.764,17:43:59,baseline,4,0.0,7389,16126,45.8
1785433439.764,17:43:59,baseline,5,0.0,7389,16126,45.8
1785433439.764,17:43:59,baseline,6,0.0,7390,16126,45.8
1785433439.764,17:43:59,baseline,7,0.0,7389,16126,45.8
1785433440.764,17:44:00,baseline,0,0.0,7389,16126,45.8
1785433440.764,17:44:00,baseline,1,0.0,7389,16126,45.8
1785433440.764,17:44:00,baseline,2,0.0,7389,16126,45.8
1785433440.764,17:44:00,baseline,3,0.0,7389,16126,45.8
1785433440.764,17:44:00,baseline,4,0.0,7389,16126,45.8
1785433440.764,17:44:00,baseline,5,0.0,7389,16126,45.8
1785433440.764,17:44:00,baseline,6,0.0,7390,16126,45.8
1785433440.764,17:44:00,baseline,7,0.0,7389,16126,45.8
1785433441.765,17:44:01,baseline,0,0.0,7389,16126,45.8
1785433441.765,17:44:01,baseline,1,0.0,7389,16126,45.8
1785433441.765,17:44:01,baseline,2,0.0,7389,16126,45.8
1785433441.765,17:44:01,baseline,3,0.0,7389,16126,45.8
1785433441.765,17:44:01,baseline,4,0.0,7389,16126,45.8
1785433441.765,17:44:01,baseline,5,0.0,7389,16126,45.8
1785433441.765,17:44:01,baseline,6,0.0,7390,16126,45.8
1785433441.765,17:44:01,baseline,7,0.0,7389,16126,45.8
1785433442.765,17:44:02,baseline,0,0.0,7389,16126,45.8
1785433442.765,17:44:02,baseline,1,0.0,7389,16126,45.8
1785433442.765,17:44:02,baseline,2,0.0,7389,16126,45.8
1785433442.765,17:44:02,baseline,3,0.0,7389,16126,45.8
1785433442.765,17:44:02,baseline,4,0.0,7389,16126,45.8
1785433442.765,17:44:02,baseline,5,0.0,7389,16126,45.8
1785433442.765,17:44:02,baseline,6,0.0,7390,16126,45.8
1785433442.765,17:44:02,baseline,7,0.0,7389,16126,45.8
1785433443.765,17:44:03,baseline,0,0.0,7389,16126,45.8
1785433443.765,17:44:03,baseline,1,0.0,7389,16126,45.8
1785433443.765,17:44:03,baseline,2,0.0,7389,16126,45.8
1785433443.765,17:44:03,baseline,3,0.0,7389,16126,45.8
1785433443.765,17:44:03,baseline,4,0.0,7389,16126,45.8
1785433443.765,17:44:03,baseline,5,0.0,7389,16126,45.8
1785433443.765,17:44:03,baseline,6,0.0,7390,16126,45.8
1785433443.765,17:44:03,baseline,7,0.0,7389,16126,45.8
1785433444.765,17:44:04,baseline,0,0.0,7389,16126,45.8
1785433444.765,17:44:04,baseline,1,0.0,7389,16126,45.8
1785433444.765,17:44:04,baseline,2,0.0,7389,16126,45.8
1785433444.765,17:44:04,baseline,3,0.0,7389,16126,45.8
1785433444.765,17:44:04,baseline,4,0.0,7389,16126,45.8
1785433444.765,17:44:04,baseline,5,0.0,7389,16126,45.8
1785433444.765,17:44:04,baseline,6,0.0,7390,16126,45.8
1785433444.765,17:44:04,baseline,7,0.0,7389,16126,45.8
1785433445.765,17:44:05,baseline,0,0.0,7389,16126,45.8
1785433445.765,17:44:05,baseline,1,0.0,7389,16126,45.8
1785433445.765,17:44:05,baseline,2,0.0,7389,16126,45.8
1785433445.765,17:44:05,baseline,3,0.0,7389,16126,45.8
1785433445.765,17:44:05,baseline,4,0.0,7389,16126,45.8
1785433445.765,17:44:05,baseline,5,0.0,7389,16126,45.8
1785433445.765,17:44:05,baseline,6,0.0,7390,16126,45.8
1785433445.765,17:44:05,baseline,7,0.0,7389,16126,45.8
1785433446.765,17:44:06,baseline,0,0.0,7389,16126,45.8
1785433446.765,17:44:06,baseline,1,0.0,7389,16126,45.8
1785433446.765,17:44:06,baseline,2,0.0,7389,16126,45.8
1785433446.765,17:44:06,baseline,3,0.0,7389,16126,45.8
1785433446.765,17:44:06,baseline,4,0.0,7389,16126,45.8
1785433446.765,17:44:06,baseline,5,0.0,7389,16126,45.8
1785433446.765,17:44:06,baseline,6,0.0,7390,16126,45.8
1785433446.765,17:44:06,baseline,7,0.0,7389,16126,45.8
1785433447.765,17:44:07,baseline,0,0.0,7389,16126,45.8
1785433447.765,17:44:07,baseline,1,0.0,7389,16126,45.8
1785433447.765,17:44:07,baseline,2,0.0,7389,16126,45.8
1785433447.765,17:44:07,baseline,3,0.0,7389,16126,45.8
1785433447.765,17:44:07,baseline,4,0.0,7389,16126,45.8
1785433447.765,17:44:07,baseline,5,0.0,7389,16126,45.8
1785433447.765,17:44:07,baseline,6,0.0,7390,16126,45.8
1785433447.765,17:44:07,baseline,7,0.0,7389,16126,45.8
1785433448.765,17:44:08,baseline,0,0.0,7389,16126,45.8
1785433448.765,17:44:08,baseline,1,0.0,7389,16126,45.8
1785433448.765,17:44:08,baseline,2,0.0,7389,16126,45.8
1785433448.765,17:44:08,baseline,3,0.0,7389,16126,45.8
1785433448.765,17:44:08,baseline,4,0.0,7389,16126,45.8
1785433448.765,17:44:08,baseline,5,0.0,7389,16126,45.8
1785433448.765,17:44:08,baseline,6,0.0,7390,16126,45.8
1785433448.765,17:44:08,baseline,7,0.0,7389,16126,45.8
1785433449.766,17:44:09,baseline,0,0.0,7389,16126,45.8
1785433449.766,17:44:09,baseline,1,0.0,7389,16126,45.8
1785433449.766,17:44:09,baseline,2,0.0,7389,16126,45.8
1785433449.766,17:44:09,baseline,3,0.0,7389,16126,45.8
1785433449.766,17:44:09,baseline,4,0.0,7389,16126,45.8
1785433449.766,17:44:09,baseline,5,0.0,7389,16126,45.8
1785433449.766,17:44:09,baseline,6,0.0,7390,16126,45.8
1785433449.766,17:44:09,baseline,7,0.0,7389,16126,45.8
1785433450.766,17:44:10,baseline,0,0.0,7389,16126,45.8
1785433450.766,17:44:10,baseline,1,0.0,7389,16126,45.8
1785433450.766,17:44:10,baseline,2,0.0,7389,16126,45.8
1785433450.766,17:44:10,baseline,3,0.0,7389,16126,45.8
1785433450.766,17:44:10,baseline,4,0.0,7389,16126,45.8
1785433450.766,17:44:10,baseline,5,0.0,7389,16126,45.8
1785433450.766,17:44:10,baseline,6,0.0,7390,16126,45.8
1785433450.766,17:44:10,baseline,7,0.0,7389,16126,45.8
1785433451.766,17:44:11,baseline,0,0.0,7389,16126,45.8
1785433451.766,17:44:11,baseline,1,0.0,7389,16126,45.8
1785433451.766,17:44:11,baseline,2,0.0,7389,16126,45.8
1785433451.766,17:44:11,baseline,3,0.0,7389,16126,45.8
1785433451.766,17:44:11,baseline,4,0.0,7389,16126,45.8
1785433451.766,17:44:11,baseline,5,0.0,7389,16126,45.8
1785433451.766,17:44:11,baseline,6,0.0,7390,16126,45.8
1785433451.766,17:44:11,baseline,7,0.0,7389,16126,45.8
1785433452.766,17:44:12,baseline,0,0.0,7389,16126,45.8
1785433452.766,17:44:12,baseline,1,0.0,7389,16126,45.8
1785433452.766,17:44:12,baseline,2,0.0,7389,16126,45.8
1785433452.766,17:44:12,baseline,3,0.0,7389,16126,45.8
1785433452.766,17:44:12,baseline,4,0.0,7389,16126,45.8
1785433452.766,17:44:12,baseline,5,0.0,7389,16126,45.8
1785433452.766,17:44:12,baseline,6,0.0,7390,16126,45.8
1785433452.766,17:44:12,baseline,7,0.0,7389,16126,45.8
1785433453.766,17:44:13,baseline,0,0.0,7389,16126,45.8
1785433453.766,17:44:13,baseline,1,0.0,7389,16126,45.8
1785433453.766,17:44:13,baseline,2,0.0,7389,16126,45.8
1785433453.766,17:44:13,baseline,3,0.0,7389,16126,45.8
1785433453.766,17:44:13,baseline,4,0.0,7389,16126,45.8
1785433453.766,17:44:13,baseline,5,0.0,7389,16126,45.8
1785433453.766,17:44:13,baseline,6,0.0,7390,16126,45.8
1785433453.766,17:44:13,baseline,7,0.0,7389,16126,45.8
1785433454.766,17:44:14,baseline,0,0.0,7389,16126,45.8
1785433454.766,17:44:14,baseline,1,0.0,7389,16126,45.8
1785433454.766,17:44:14,baseline,2,0.0,7389,16126,45.8
1785433454.766,17:44:14,baseline,3,0.0,7389,16126,45.8
1785433454.766,17:44:14,baseline,4,0.0,7389,16126,45.8
1785433454.766,17:44:14,baseline,5,0.0,7389,16126,45.8
1785433454.766,17:44:14,baseline,6,0.0,7390,16126,45.8
1785433454.766,17:44:14,baseline,7,0.0,7389,16126,45.8
1785433455.766,17:44:15,baseline,0,0.0,7389,16126,45.8
1785433455.766,17:44:15,baseline,1,0.0,7389,16126,45.8
1785433455.766,17:44:15,baseline,2,0.0,7389,16126,45.8
1785433455.766,17:44:15,baseline,3,0.0,7389,16126,45.8
1785433455.766,17:44:15,baseline,4,0.0,7389,16126,45.8
1785433455.766,17:44:15,baseline,5,0.0,7389,16126,45.8
1785433455.766,17:44:15,baseline,6,0.0,7390,16126,45.8
1785433455.766,17:44:15,baseline,7,0.0,7389,16126,45.8
1785433456.767,17:44:16,baseline,0,0.0,7389,16126,45.8
1785433456.767,17:44:16,baseline,1,0.0,7389,16126,45.8
1785433456.767,17:44:16,baseline,2,0.0,7389,16126,45.8
1785433456.767,17:44:16,baseline,3,0.0,7389,16126,45.8
1785433456.767,17:44:16,baseline,4,0.0,7389,16126,45.8
1785433456.767,17:44:16,baseline,5,0.0,7389,16126,45.8
1785433456.767,17:44:16,baseline,6,0.0,7390,16126,45.8
1785433456.767,17:44:16,baseline,7,0.0,7389,16126,45.8
1785433457.767,17:44:17,baseline,0,0.0,7389,16126,45.8
1785433457.767,17:44:17,baseline,1,0.0,7389,16126,45.8
1785433457.767,17:44:17,baseline,2,0.0,7389,16126,45.8
1785433457.767,17:44:17,baseline,3,0.0,7389,16126,45.8
1785433457.767,17:44:17,baseline,4,0.0,7389,16126,45.8
1785433457.767,17:44:17,baseline,5,0.0,7389,16126,45.8
1785433457.767,17:44:17,baseline,6,0.0,7390,16126,45.8
1785433457.767,17:44:17,baseline,7,0.0,7389,16126,45.8
1785433458.767,17:44:18,baseline,0,0.0,7389,16126,45.8
1785433458.767,17:44:18,baseline,1,0.0,7389,16126,45.8
1785433458.767,17:44:18,baseline,2,0.0,7389,16126,45.8
1785433458.767,17:44:18,baseline,3,0.0,7389,16126,45.8
1785433458.767,17:44:18,baseline,4,0.0,7389,16126,45.8
1785433458.767,17:44:18,baseline,5,0.0,7389,16126,45.8
1785433458.767,17:44:18,baseline,6,0.0,7390,16126,45.8
1785433458.767,17:44:18,baseline,7,0.0,7389,16126,45.8
1785433459.767,17:44:19,baseline,0,0.0,7389,16126,45.8
1785433459.767,17:44:19,baseline,1,0.0,7389,16126,45.8
1785433459.767,17:44:19,baseline,2,0.0,7389,16126,45.8
1785433459.767,17:44:19,baseline,3,0.0,7389,16126,45.8
1785433459.767,17:44:19,baseline,4,0.0,7389,16126,45.8
1785433459.767,17:44:19,baseline,5,0.0,7389,16126,45.8
1785433459.767,17:44:19,baseline,6,0.0,7390,16126,45.8
1785433459.767,17:44:19,baseline,7,0.0,7389,16126,45.8
1785433460.767,17:44:20,baseline,0,0.0,7389,16126,45.8
1785433460.767,17:44:20,baseline,1,0.0,7389,16126,45.8
1785433460.767,17:44:20,baseline,2,0.0,7389,16126,45.8
1785433460.767,17:44:20,baseline,3,0.0,7389,16126,45.8
1785433460.767,17:44:20,baseline,4,0.0,7389,16126,45.8
1785433460.767,17:44:20,baseline,5,0.0,7389,16126,45.8
1785433460.767,17:44:20,baseline,6,0.0,7390,16126,45.8
1785433460.767,17:44:20,baseline,7,0.0,7389,16126,45.8
1785433461.767,17:44:21,baseline,0,0.0,7389,16126,45.8
1785433461.767,17:44:21,baseline,1,0.0,7389,16126,45.8
1785433461.767,17:44:21,baseline,2,0.0,7389,16126,45.8
1785433461.767,17:44:21,baseline,3,0.0,7389,16126,45.8
1785433461.767,17:44:21,baseline,4,0.0,7389,16126,45.8
1785433461.767,17:44:21,baseline,5,0.0,7389,16126,45.8
1785433461.767,17:44:21,baseline,6,0.0,7390,16126,45.8
1785433461.767,17:44:21,baseline,7,0.0,7389,16126,45.8
1785433462.767,17:44:22,baseline,0,0.0,7389,16126,45.8
1785433462.767,17:44:22,baseline,1,0.0,7389,16126,45.8
1785433462.767,17:44:22,baseline,2,0.0,7389,16126,45.8
1785433462.767,17:44:22,baseline,3,0.0,7389,16126,45.8
1785433462.767,17:44:22,baseline,4,0.0,7389,16126,45.8
1785433462.767,17:44:22,baseline,5,0.0,7389,16126,45.8
1785433462.767,17:44:22,baseline,6,0.0,7390,16126,45.8
1785433462.767,17:44:22,baseline,7,0.0,7389,16126,45.8
1785433463.767,17:44:23,baseline,0,0.0,7389,16126,45.8
1785433463.767,17:44:23,baseline,1,0.0,7389,16126,45.8
1785433463.767,17:44:23,baseline,2,0.0,7389,16126,45.8
1785433463.767,17:44:23,baseline,3,0.0,7389,16126,45.8
1785433463.767,17:44:23,baseline,4,0.0,7389,16126,45.8
1785433463.767,17:44:23,baseline,5,0.0,7389,16126,45.8
1785433463.767,17:44:23,baseline,6,0.0,7390,16126,45.8
1785433463.767,17:44:23,baseline,7,0.0,7389,16126,45.8
1785433464.768,17:44:24,baseline,0,0.0,7389,16126,45.8
1785433464.768,17:44:24,baseline,1,0.0,7389,16126,45.8
1785433464.768,17:44:24,baseline,2,0.0,7389,16126,45.8
1785433464.768,17:44:24,baseline,3,0.0,7389,16126,45.8
1785433464.768,17:44:24,baseline,4,0.0,7389,16126,45.8
1785433464.768,17:44:24,baseline,5,0.0,7389,16126,45.8
1785433464.768,17:44:24,baseline,6,0.0,7390,16126,45.8
1785433464.768,17:44:24,baseline,7,0.0,7389,16126,45.8
1785433465.768,17:44:25,baseline,0,0.0,7389,16126,45.8
1785433465.768,17:44:25,baseline,1,0.0,7389,16126,45.8
1785433465.768,17:44:25,baseline,2,0.0,7389,16126,45.8
1785433465.768,17:44:25,baseline,3,0.0,7389,16126,45.8
1785433465.768,17:44:25,baseline,4,0.0,7389,16126,45.8
1785433465.768,17:44:25,baseline,5,0.0,7389,16126,45.8
1785433465.768,17:44:25,baseline,6,0.0,7390,16126,45.8
1785433465.768,17:44:25,baseline,7,0.0,7389,16126,45.8
1785433466.768,17:44:26,baseline,0,0.0,7389,16126,45.8
1785433466.768,17:44:26,baseline,1,0.0,7389,16126,45.8
1785433466.768,17:44:26,baseline,2,0.0,7389,16126,45.8
1785433466.768,17:44:26,baseline,3,0.0,7389,16126,45.8
1785433466.768,17:44:26,baseline,4,0.0,7389,16126,45.8
1785433466.768,17:44:26,baseline,5,0.0,7389,16126,45.8
1785433466.768,17:44:26,baseline,6,0.0,7390,16126,45.8
1785433466.768,17:44:26,baseline,7,0.0,7389,16126,45.8
1785433467.768,17:44:27,baseline,0,0.0,7389,16126,45.8
1785433467.768,17:44:27,baseline,1,0.0,7389,16126,45.8
1785433467.768,17:44:27,baseline,2,0.0,7389,16126,45.8
1785433467.768,17:44:27,baseline,3,0.0,7389,16126,45.8
1785433467.768,17:44:27,baseline,4,0.0,7389,16126,45.8
1785433467.768,17:44:27,baseline,5,0.0,7389,16126,45.8
1785433467.768,17:44:27,baseline,6,0.0,7390,16126,45.8
1785433467.768,17:44:27,baseline,7,0.0,7389,16126,45.8
1785433468.768,17:44:28,baseline,0,0.0,7389,16126,45.8
1785433468.768,17:44:28,baseline,1,0.0,7389,16126,45.8
1785433468.768,17:44:28,baseline,2,0.0,7389,16126,45.8
1785433468.768,17:44:28,baseline,3,0.0,7389,16126,45.8
1785433468.768,17:44:28,baseline,4,0.0,7389,16126,45.8
1785433468.768,17:44:28,baseline,5,0.0,7389,16126,45.8
1785433468.768,17:44:28,baseline,6,0.0,7390,16126,45.8
1785433468.768,17:44:28,baseline,7,0.0,7389,16126,45.8
1785433469.768,17:44:29,baseline,0,0.0,7389,16126,45.8
1785433469.768,17:44:29,baseline,1,0.0,7389,16126,45.8
1785433469.768,17:44:29,baseline,2,0.0,7389,16126,45.8
1785433469.768,17:44:29,baseline,3,0.0,7389,16126,45.8
1785433469.768,17:44:29,baseline,4,0.0,7389,16126,45.8
1785433469.768,17:44:29,baseline,5,0.0,7389,16126,45.8
1785433469.768,17:44:29,baseline,6,0.0,7390,16126,45.8
1785433469.768,17:44:29,baseline,7,0.0,7389,16126,45.8
1785433470.768,17:44:30,baseline,0,0.0,7389,16126,45.8
1785433470.768,17:44:30,baseline,1,0.0,7389,16126,45.8
1785433470.768,17:44:30,baseline,2,0.0,7389,16126,45.8
1785433470.768,17:44:30,baseline,3,0.0,7389,16126,45.8
1785433470.768,17:44:30,baseline,4,0.0,7389,16126,45.8
1785433470.768,17:44:30,baseline,5,0.0,7389,16126,45.8
1785433470.768,17:44:30,baseline,6,0.0,7390,16126,45.8
1785433470.768,17:44:30,baseline,7,0.0,7389,16126,45.8
1785433471.768,17:44:31,baseline,0,0.0,7389,16126,45.8
1785433471.768,17:44:31,baseline,1,0.0,7389,16126,45.8
1785433471.768,17:44:31,baseline,2,0.0,7389,16126,45.8
1785433471.768,17:44:31,baseline,3,0.0,7389,16126,45.8
1785433471.768,17:44:31,baseline,4,0.0,7389,16126,45.8
1785433471.768,17:44:31,baseline,5,0.0,7389,16126,45.8
1785433471.768,17:44:31,baseline,6,0.0,7390,16126,45.8
1785433471.768,17:44:31,baseline,7,0.0,7389,16126,45.8
1785433472.769,17:44:32,baseline,0,0.0,7389,16126,45.8
1785433472.769,17:44:32,baseline,1,0.0,7389,16126,45.8
1785433472.769,17:44:32,baseline,2,0.0,7389,16126,45.8
1785433472.769,17:44:32,baseline,3,0.0,7389,16126,45.8
1785433472.769,17:44:32,baseline,4,0.0,7389,16126,45.8
1785433472.769,17:44:32,baseline,5,0.0,7389,16126,45.8
1785433472.769,17:44:32,baseline,6,0.0,7390,16126,45.8
1785433472.769,17:44:32,baseline,7,0.0,7389,16126,45.8
1785433473.769,17:44:33,baseline,0,0.0,7389,16126,45.8
1785433473.769,17:44:33,baseline,1,0.0,7389,16126,45.8
1785433473.769,17:44:33,baseline,2,0.0,7389,16126,45.8
1785433473.769,17:44:33,baseline,3,0.0,7389,16126,45.8
1785433473.769,17:44:33,baseline,4,0.0,7389,16126,45.8
1785433473.769,17:44:33,baseline,5,0.0,7389,16126,45.8
1785433473.769,17:44:33,baseline,6,0.0,7390,16126,45.8
1785433473.769,17:44:33,baseline,7,0.0,7389,16126,45.8
1785433474.769,17:44:34,baseline,0,0.0,7389,16126,45.8
1785433474.769,17:44:34,baseline,1,0.0,7389,16126,45.8
1785433474.769,17:44:34,baseline,2,0.0,7389,16126,45.8
1785433474.769,17:44:34,baseline,3,0.0,7389,16126,45.8
1785433474.769,17:44:34,baseline,4,0.0,7389,16126,45.8
1785433474.769,17:44:34,baseline,5,0.0,7389,16126,45.8
1785433474.769,17:44:34,baseline,6,0.0,7390,16126,45.8
1785433474.769,17:44:34,baseline,7,0.0,7389,16126,45.8
1785433475.769,17:44:35,baseline,0,0.0,7389,16126,45.8
1785433475.769,17:44:35,baseline,1,0.0,7389,16126,45.8
1785433475.769,17:44:35,baseline,2,0.0,7389,16126,45.8
1785433475.769,17:44:35,baseline,3,0.0,7389,16126,45.8
1785433475.769,17:44:35,baseline,4,0.0,7389,16126,45.8
1785433475.769,17:44:35,baseline,5,0.0,7389,16126,45.8
1785433475.769,17:44:35,baseline,6,0.0,7390,16126,45.8
1785433475.769,17:44:35,baseline,7,0.0,7389,16126,45.8
1785433476.769,17:44:36,baseline,0,0.0,7389,16126,45.8
1785433476.769,17:44:36,baseline,1,0.0,7389,16126,45.8
1785433476.769,17:44:36,baseline,2,0.0,7389,16126,45.8
1785433476.769,17:44:36,baseline,3,0.0,7389,16126,45.8
1785433476.769,17:44:36,baseline,4,0.0,7389,16126,45.8
1785433476.769,17:44:36,baseline,5,0.0,7389,16126,45.8
1785433476.769,17:44:36,baseline,6,0.0,7390,16126,45.8
1785433476.769,17:44:36,baseline,7,0.0,7389,16126,45.8
1785433477.769,17:44:37,baseline,0,0.0,7389,16126,45.8
1785433477.769,17:44:37,baseline,1,0.0,7389,16126,45.8
1785433477.769,17:44:37,baseline,2,0.0,7389,16126,45.8
1785433477.769,17:44:37,baseline,3,0.0,7389,16126,45.8
1785433477.769,17:44:37,baseline,4,0.0,7389,16126,45.8
1785433477.769,17:44:37,baseline,5,0.0,7389,16126,45.8
1785433477.769,17:44:37,baseline,6,0.0,7390,16126,45.8
1785433477.769,17:44:37,baseline,7,0.0,7389,16126,45.8
1785433478.769,17:44:38,baseline,0,0.0,7389,16126,45.8
1785433478.769,17:44:38,baseline,1,0.0,7389,16126,45.8
1785433478.769,17:44:38,baseline,2,0.0,7389,16126,45.8
1785433478.769,17:44:38,baseline,3,0.0,7389,16126,45.8
1785433478.769,17:44:38,baseline,4,0.0,7389,16126,45.8
1785433478.769,17:44:38,baseline,5,0.0,7389,16126,45.8
1785433478.769,17:44:38,baseline,6,0.0,7390,16126,45.8
1785433478.769,17:44:38,baseline,7,0.0,7389,16126,45.8
1785433479.77,17:44:39,baseline,0,0.0,7389,16126,45.8
1785433479.77,17:44:39,baseline,1,0.0,7389,16126,45.8
1785433479.77,17:44:39,baseline,2,0.0,7389,16126,45.8
1785433479.77,17:44:39,baseline,3,0.0,7389,16126,45.8
1785433479.77,17:44:39,baseline,4,0.0,7389,16126,45.8
1785433479.77,17:44:39,baseline,5,0.0,7389,16126,45.8
1785433479.77,17:44:39,baseline,6,0.0,7390,16126,45.8
1785433479.77,17:44:39,baseline,7,0.0,7389,16126,45.8
1785433480.77,17:44:40,baseline,0,0.0,7389,16126,45.8
1785433480.77,17:44:40,baseline,1,0.0,7389,16126,45.8
1785433480.77,17:44:40,baseline,2,0.0,7389,16126,45.8
1785433480.77,17:44:40,baseline,3,0.0,7389,16126,45.8
1785433480.77,17:44:40,baseline,4,0.0,7389,16126,45.8
1785433480.77,17:44:40,baseline,5,0.0,7389,16126,45.8
1785433480.77,17:44:40,baseline,6,0.0,7390,16126,45.8
1785433480.77,17:44:40,baseline,7,0.0,7389,16126,45.8
1785433481.77,17:44:41,baseline,0,0.0,7389,16126,45.8
1785433481.77,17:44:41,baseline,1,0.0,7389,16126,45.8
1785433481.77,17:44:41,baseline,2,0.0,7389,16126,45.8
1785433481.77,17:44:41,baseline,3,0.0,7389,16126,45.8
1785433481.77,17:44:41,baseline,4,0.0,7389,16126,45.8
1785433481.77,17:44:41,baseline,5,0.0,7389,16126,45.8
1785433481.77,17:44:41,baseline,6,0.0,7390,16126,45.8
1785433481.77,17:44:41,baseline,7,0.0,7389,16126,45.8
1785433482.77,17:44:42,baseline,0,0.0,7389,16126,45.8
1785433482.77,17:44:42,baseline,1,0.0,7389,16126,45.8
1785433482.77,17:44:42,baseline,2,0.0,7389,16126,45.8
1785433482.77,17:44:42,baseline,3,0.0,7389,16126,45.8
1785433482.77,17:44:42,baseline,4,0.0,7389,16126,45.8
1785433482.77,17:44:42,baseline,5,0.0,7389,16126,45.8
1785433482.77,17:44:42,baseline,6,0.0,7390,16126,45.8
1785433482.77,17:44:42,baseline,7,0.0,7389,16126,45.8
1785433483.77,17:44:43,baseline,0,0.0,7389,16126,45.8
1785433483.77,17:44:43,baseline,1,0.0,7389,16126,45.8
1785433483.77,17:44:43,baseline,2,0.0,7389,16126,45.8
1785433483.77,17:44:43,baseline,3,0.0,7389,16126,45.8
1785433483.77,17:44:43,baseline,4,0.0,7389,16126,45.8
1785433483.77,17:44:43,baseline,5,0.0,7389,16126,45.8
1785433483.77,17:44:43,baseline,6,0.0,7390,16126,45.8
1785433483.77,17:44:43,baseline,7,0.0,7389,16126,45.8
1785433484.77,17:44:44,baseline,0,0.0,7389,16126,45.8
1785433484.77,17:44:44,baseline,1,0.0,7389,16126,45.8
1785433484.77,17:44:44,baseline,2,0.0,7389,16126,45.8
1785433484.77,17:44:44,baseline,3,0.0,7389,16126,45.8
1785433484.77,17:44:44,baseline,4,0.0,7389,16126,45.8
1785433484.77,17:44:44,baseline,5,0.0,7389,16126,45.8
1785433484.77,17:44:44,baseline,6,0.0,7390,16126,45.8
1785433484.77,17:44:44,baseline,7,0.0,7389,16126,45.8
1785433485.77,17:44:45,baseline,0,0.0,7389,16126,45.8
1785433485.77,17:44:45,baseline,1,0.0,7389,16126,45.8
1785433485.77,17:44:45,baseline,2,0.0,7389,16126,45.8
1785433485.77,17:44:45,baseline,3,0.0,7389,16126,45.8
1785433485.77,17:44:45,baseline,4,0.0,7389,16126,45.8
1785433485.77,17:44:45,baseline,5,0.0,7389,16126,45.8
1785433485.77,17:44:45,baseline,6,0.0,7390,16126,45.8
1785433485.77,17:44:45,baseline,7,0.0,7389,16126,45.8
1785433486.77,17:44:46,baseline,0,0.0,7389,16126,45.8
1785433486.77,17:44:46,baseline,1,0.0,7389,16126,45.8
1785433486.77,17:44:46,baseline,2,0.0,7389,16126,45.8
1785433486.77,17:44:46,baseline,3,0.0,7389,16126,45.8
1785433486.77,17:44:46,baseline,4,0.0,7389,16126,45.8
1785433486.77,17:44:46,baseline,5,0.0,7389,16126,45.8
1785433486.77,17:44:46,baseline,6,0.0,7390,16126,45.8
1785433486.77,17:44:46,baseline,7,0.0,7389,16126,45.8
1785433487.771,17:44:47,baseline,0,0.0,7389,16126,45.8
1785433487.771,17:44:47,baseline,1,0.0,7389,16126,45.8
1785433487.771,17:44:47,baseline,2,0.0,7389,16126,45.8
1785433487.771,17:44:47,baseline,3,0.0,7389,16126,45.8
1785433487.771,17:44:47,baseline,4,0.0,7389,16126,45.8
1785433487.771,17:44:47,baseline,5,0.0,7389,16126,45.8
1785433487.771,17:44:47,baseline,6,0.0,7390,16126,45.8
1785433487.771,17:44:47,baseline,7,0.0,7389,16126,45.8
1785433488.771,17:44:48,baseline,0,0.0,7389,16126,45.8
1785433488.771,17:44:48,baseline,1,0.0,7389,16126,45.8
1785433488.771,17:44:48,baseline,2,0.0,7389,16126,45.8
1785433488.771,17:44:48,baseline,3,0.0,7389,16126,45.8
1785433488.771,17:44:48,baseline,4,0.0,7389,16126,45.8
1785433488.771,17:44:48,baseline,5,0.0,7389,16126,45.8
1785433488.771,17:44:48,baseline,6,0.0,7390,16126,45.8
1785433488.771,17:44:48,baseline,7,0.0,7389,16126,45.8
1785433489.771,17:44:49,baseline,0,0.0,7389,16126,45.8
1785433489.771,17:44:49,baseline,1,0.0,7389,16126,45.8
1785433489.771,17:44:49,baseline,2,0.0,7389,16126,45.8
1785433489.771,17:44:49,baseline,3,0.0,7389,16126,45.8
1785433489.771,17:44:49,baseline,4,0.0,7389,16126,45.8
1785433489.771,17:44:49,baseline,5,0.0,7389,16126,45.8
1785433489.771,17:44:49,baseline,6,0.0,7390,16126,45.8
1785433489.771,17:44:49,baseline,7,0.0,7389,16126,45.8
1785433490.771,17:44:50,baseline,0,0.0,7389,16126,45.8
1785433490.771,17:44:50,baseline,1,0.0,7389,16126,45.8
1785433490.771,17:44:50,baseline,2,0.0,7389,16126,45.8
1785433490.771,17:44:50,baseline,3,0.0,7389,16126,45.8
1785433490.771,17:44:50,baseline,4,0.0,7389,16126,45.8
1785433490.771,17:44:50,baseline,5,0.0,7389,16126,45.8
1785433490.771,17:44:50,baseline,6,0.0,7390,16126,45.8
1785433490.771,17:44:50,baseline,7,0.0,7389,16126,45.8
1785433491.771,17:44:51,baseline,0,0.0,7389,16126,45.8
1785433491.771,17:44:51,baseline,1,0.0,7389,16126,45.8
1785433491.771,17:44:51,baseline,2,0.0,7389,16126,45.8
1785433491.771,17:44:51,baseline,3,0.0,7389,16126,45.8
1785433491.771,17:44:51,baseline,4,0.0,7389,16126,45.8
1785433491.771,17:44:51,baseline,5,0.0,7389,16126,45.8
1785433491.771,17:44:51,baseline,6,0.0,7390,16126,45.8
1785433491.771,17:44:51,baseline,7,0.0,7389,16126,45.8
1785433492.771,17:44:52,baseline,0,0.0,7389,16126,45.8
1785433492.771,17:44:52,baseline,1,0.0,7389,16126,45.8
1785433492.771,17:44:52,baseline,2,0.0,7389,16126,45.8
1785433492.771,17:44:52,baseline,3,0.0,7389,16126,45.8
1785433492.771,17:44:52,baseline,4,0.0,7389,16126,45.8
1785433492.771,17:44:52,baseline,5,0.0,7389,16126,45.8
1785433492.771,17:44:52,baseline,6,0.0,7390,16126,45.8
1785433492.771,17:44:52,baseline,7,0.0,7389,16126,45.8
1785433493.771,17:44:53,baseline,0,0.0,7389,16126,45.8
1785433493.771,17:44:53,baseline,1,0.0,7389,16126,45.8
1785433493.771,17:44:53,baseline,2,0.0,7389,16126,45.8
1785433493.771,17:44:53,baseline,3,0.0,7389,16126,45.8
1785433493.771,17:44:53,baseline,4,0.0,7389,16126,45.8
1785433493.771,17:44:53,baseline,5,0.0,7389,16126,45.8
1785433493.771,17:44:53,baseline,6,0.0,7390,16126,45.8
1785433493.771,17:44:53,baseline,7,0.0,7389,16126,45.8
1785433494.771,17:44:54,baseline,0,0.0,7389,16126,45.8
1785433494.771,17:44:54,baseline,1,0.0,7389,16126,45.8
1785433494.771,17:44:54,baseline,2,0.0,7389,16126,45.8
1785433494.771,17:44:54,baseline,3,0.0,7389,16126,45.8
1785433494.771,17:44:54,baseline,4,0.0,7389,16126,45.8
1785433494.771,17:44:54,baseline,5,0.0,7389,16126,45.8
1785433494.771,17:44:54,baseline,6,0.0,7390,16126,45.8
1785433494.771,17:44:54,baseline,7,0.0,7389,16126,45.8
1785433495.772,17:44:55,baseline,0,0.0,7389,16126,45.8
1785433495.772,17:44:55,baseline,1,0.0,7389,16126,45.8
1785433495.772,17:44:55,baseline,2,0.0,7389,16126,45.8
1785433495.772,17:44:55,baseline,3,0.0,7389,16126,45.8
1785433495.772,17:44:55,baseline,4,0.0,7389,16126,45.8
1785433495.772,17:44:55,baseline,5,0.0,7389,16126,45.8
1785433495.772,17:44:55,baseline,6,0.0,7390,16126,45.8
1785433495.772,17:44:55,baseline,7,0.0,7389,16126,45.8
1785433496.772,17:44:56,baseline,0,0.0,7389,16126,45.8
1785433496.772,17:44:56,baseline,1,0.0,7389,16126,45.8
1785433496.772,17:44:56,baseline,2,0.0,7389,16126,45.8
1785433496.772,17:44:56,baseline,3,0.0,7389,16126,45.8
1785433496.772,17:44:56,baseline,4,0.0,7389,16126,45.8
1785433496.772,17:44:56,baseline,5,0.0,7389,16126,45.8
1785433496.772,17:44:56,baseline,6,0.0,7390,16126,45.8
1785433496.772,17:44:56,baseline,7,0.0,7389,16126,45.8
1785433497.772,17:44:57,baseline,0,0.0,7389,16126,45.8
1785433497.772,17:44:57,baseline,1,0.0,7389,16126,45.8
1785433497.772,17:44:57,baseline,2,0.0,7389,16126,45.8
1785433497.772,17:44:57,baseline,3,0.0,7389,16126,45.8
1785433497.772,17:44:57,baseline,4,0.0,7389,16126,45.8
1785433497.772,17:44:57,baseline,5,0.0,7389,16126,45.8
1785433497.772,17:44:57,baseline,6,0.0,7390,16126,45.8
1785433497.772,17:44:57,baseline,7,0.0,7389,16126,45.8
1785433498.772,17:44:58,baseline,0,0.0,7389,16126,45.8
1785433498.772,17:44:58,baseline,1,0.0,7389,16126,45.8
1785433498.772,17:44:58,baseline,2,0.0,7389,16126,45.8
1785433498.772,17:44:58,baseline,3,0.0,7389,16126,45.8
1785433498.772,17:44:58,baseline,4,0.0,7389,16126,45.8
1785433498.772,17:44:58,baseline,5,0.0,7389,16126,45.8
1785433498.772,17:44:58,baseline,6,0.0,7390,16126,45.8
1785433498.772,17:44:58,baseline,7,0.0,7389,16126,45.8
1785433499.772,17:44:59,baseline,0,0.0,7389,16126,45.8
1785433499.772,17:44:59,baseline,1,0.0,7389,16126,45.8
1785433499.772,17:44:59,baseline,2,0.0,7389,16126,45.8
1785433499.772,17:44:59,baseline,3,0.0,7389,16126,45.8
1785433499.772,17:44:59,baseline,4,0.0,7389,16126,45.8
1785433499.772,17:44:59,baseline,5,0.0,7389,16126,45.8
1785433499.772,17:44:59,baseline,6,0.0,7390,16126,45.8
1785433499.772,17:44:59,baseline,7,0.0,7389,16126,45.8
1785433500.772,17:45:00,baseline,0,0.0,7389,16126,45.8
1785433500.772,17:45:00,baseline,1,0.0,7389,16126,45.8
1785433500.772,17:45:00,baseline,2,0.0,7389,16126,45.8
1785433500.772,17:45:00,baseline,3,0.0,7389,16126,45.8
1785433500.772,17:45:00,baseline,4,0.0,7389,16126,45.8
1785433500.772,17:45:00,baseline,5,0.0,7389,16126,45.8
1785433500.772,17:45:00,baseline,6,0.0,7390,16126,45.8
1785433500.772,17:45:00,baseline,7,0.0,7389,16126,45.8
1785433501.772,17:45:01,baseline,0,0.0,7389,16126,45.8
1785433501.772,17:45:01,baseline,1,0.0,7389,16126,45.8
1785433501.772,17:45:01,baseline,2,0.0,7389,16126,45.8
1785433501.772,17:45:01,baseline,3,0.0,7389,16126,45.8
1785433501.772,17:45:01,baseline,4,0.0,7389,16126,45.8
1785433501.772,17:45:01,baseline,5,0.0,7389,16126,45.8
1785433501.772,17:45:01,baseline,6,0.0,7390,16126,45.8
1785433501.772,17:45:01,baseline,7,0.0,7389,16126,45.8
1785433502.773,17:45:02,baseline,0,0.0,7389,16126,45.8
1785433502.773,17:45:02,baseline,1,0.0,7389,16126,45.8
1785433502.773,17:45:02,baseline,2,0.0,7389,16126,45.8
1785433502.773,17:45:02,baseline,3,0.0,7389,16126,45.8
1785433502.773,17:45:02,baseline,4,0.0,7389,16126,45.8
1785433502.773,17:45:02,baseline,5,0.0,7389,16126,45.8
1785433502.773,17:45:02,baseline,6,0.0,7390,16126,45.8
1785433502.773,17:45:02,baseline,7,0.0,7389,16126,45.8
1785433503.774,17:45:03,baseline,0,0.0,7389,16126,45.8
1785433503.774,17:45:03,baseline,1,0.0,7389,16126,45.8
1785433503.774,17:45:03,baseline,2,0.0,7389,16126,45.8
1785433503.774,17:45:03,baseline,3,0.0,7389,16126,45.8
1785433503.774,17:45:03,baseline,4,0.0,7389,16126,45.8
1785433503.774,17:45:03,baseline,5,0.0,7389,16126,45.8
1785433503.774,17:45:03,baseline,6,0.0,7390,16126,45.8
1785433503.774,17:45:03,baseline,7,0.0,7389,16126,45.8
1785433504.774,17:45:04,baseline,0,0.0,7389,16126,45.8
1785433504.774,17:45:04,baseline,1,0.0,7389,16126,45.8
1785433504.774,17:45:04,baseline,2,0.0,7389,16126,45.8
1785433504.774,17:45:04,baseline,3,0.0,7389,16126,45.8
1785433504.774,17:45:04,baseline,4,0.0,7389,16126,45.8
1785433504.774,17:45:04,baseline,5,0.0,7389,16126,45.8
1785433504.774,17:45:04,baseline,6,0.0,7390,16126,45.8
1785433504.774,17:45:04,baseline,7,0.0,7389,16126,45.8
1785433505.774,17:45:05,baseline,0,0.0,7389,16126,45.8
1785433505.774,17:45:05,baseline,1,0.0,7389,16126,45.8
1785433505.774,17:45:05,baseline,2,0.0,7389,16126,45.8
1785433505.774,17:45:05,baseline,3,0.0,7389,16126,45.8
1785433505.774,17:45:05,baseline,4,0.0,7389,16126,45.8
1785433505.774,17:45:05,baseline,5,0.0,7389,16126,45.8
1785433505.774,17:45:05,baseline,6,0.0,7390,16126,45.8
1785433505.774,17:45:05,baseline,7,0.0,7389,16126,45.8
1785433506.774,17:45:06,baseline,0,0.0,7389,16126,45.8
1785433506.774,17:45:06,baseline,1,0.0,7389,16126,45.8
1785433506.774,17:45:06,baseline,2,0.0,7389,16126,45.8
1785433506.774,17:45:06,baseline,3,0.0,7389,16126,45.8
1785433506.774,17:45:06,baseline,4,0.0,7389,16126,45.8
1785433506.774,17:45:06,baseline,5,0.0,7389,16126,45.8
1785433506.774,17:45:06,baseline,6,0.0,7390,16126,45.8
1785433506.774,17:45:06,baseline,7,0.0,7389,16126,45.8
1785433507.774,17:45:07,baseline,0,0.0,7389,16126,45.8
1785433507.774,17:45:07,baseline,1,0.0,7389,16126,45.8
1785433507.774,17:45:07,baseline,2,0.0,7389,16126,45.8
1785433507.774,17:45:07,baseline,3,0.0,7389,16126,45.8
1785433507.774,17:45:07,baseline,4,0.0,7389,16126,45.8
1785433507.774,17:45:07,baseline,5,0.0,7389,16126,45.8
1785433507.774,17:45:07,baseline,6,0.0,7390,16126,45.8
1785433507.774,17:45:07,baseline,7,0.0,7389,16126,45.8
1785433508.774,17:45:08,baseline,0,0.0,7389,16126,45.8
1785433508.774,17:45:08,baseline,1,0.0,7389,16126,45.8
1785433508.774,17:45:08,baseline,2,0.0,7389,16126,45.8
1785433508.774,17:45:08,baseline,3,0.0,7389,16126,45.8
1785433508.774,17:45:08,baseline,4,0.0,7389,16126,45.8
1785433508.774,17:45:08,baseline,5,0.0,7389,16126,45.8
1785433508.774,17:45:08,baseline,6,0.0,7390,16126,45.8
1785433508.774,17:45:08,baseline,7,0.0,7389,16126,45.8
1785433509.774,17:45:09,baseline,0,0.0,7389,16126,45.8
1785433509.774,17:45:09,baseline,1,0.0,7389,16126,45.8
1785433509.774,17:45:09,baseline,2,0.0,7389,16126,45.8
1785433509.774,17:45:09,baseline,3,0.0,7389,16126,45.8
1785433509.774,17:45:09,baseline,4,0.0,7389,16126,45.8
1785433509.774,17:45:09,baseline,5,0.0,7389,16126,45.8
1785433509.774,17:45:09,baseline,6,0.0,7390,16126,45.8
1785433509.774,17:45:09,baseline,7,0.0,7389,16126,45.8
1785433510.774,17:45:10,baseline,0,0.0,7389,16126,45.8
1785433510.774,17:45:10,baseline,1,0.0,7389,16126,45.8
1785433510.774,17:45:10,baseline,2,0.0,7389,16126,45.8
1785433510.774,17:45:10,baseline,3,0.0,7389,16126,45.8
1785433510.774,17:45:10,baseline,4,0.0,7389,16126,45.8
1785433510.774,17:45:10,baseline,5,0.0,7389,16126,45.8
1785433510.774,17:45:10,baseline,6,0.0,7390,16126,45.8
1785433510.774,17:45:10,baseline,7,0.0,7389,16126,45.8
1785433511.775,17:45:11,baseline,0,0.0,7389,16126,45.8
1785433511.775,17:45:11,baseline,1,0.0,7389,16126,45.8
1785433511.775,17:45:11,baseline,2,0.0,7389,16126,45.8
1785433511.775,17:45:11,baseline,3,0.0,7389,16126,45.8
1785433511.775,17:45:11,baseline,4,0.0,7389,16126,45.8
1785433511.775,17:45:11,baseline,5,0.0,7389,16126,45.8
1785433511.775,17:45:11,baseline,6,0.0,7390,16126,45.8
1785433511.775,17:45:11,baseline,7,0.0,7389,16126,45.8
1785433512.775,17:45:12,baseline,0,0.0,7389,16126,45.8
1785433512.775,17:45:12,baseline,1,0.0,7389,16126,45.8
1785433512.775,17:45:12,baseline,2,0.0,7389,16126,45.8
1785433512.775,17:45:12,baseline,3,0.0,7389,16126,45.8
1785433512.775,17:45:12,baseline,4,0.0,7389,16126,45.8
1785433512.775,17:45:12,baseline,5,0.0,7389,16126,45.8
1785433512.775,17:45:12,baseline,6,0.0,7390,16126,45.8
1785433512.775,17:45:12,baseline,7,0.0,7389,16126,45.8
1785433513.775,17:45:13,baseline,0,0.0,7389,16126,45.8
1785433513.775,17:45:13,baseline,1,0.0,7389,16126,45.8
1785433513.775,17:45:13,baseline,2,0.0,7389,16126,45.8
1785433513.775,17:45:13,baseline,3,0.0,7389,16126,45.8
1785433513.775,17:45:13,baseline,4,0.0,7389,16126,45.8
1785433513.775,17:45:13,baseline,5,0.0,7389,16126,45.8
1785433513.775,17:45:13,baseline,6,0.0,7390,16126,45.8
1785433513.775,17:45:13,baseline,7,0.0,7389,16126,45.8
1785433514.775,17:45:14,baseline,0,0.0,7389,16126,45.8
1785433514.775,17:45:14,baseline,1,0.0,7389,16126,45.8
1785433514.775,17:45:14,baseline,2,0.0,7389,16126,45.8
1785433514.775,17:45:14,baseline,3,0.0,7389,16126,45.8
1785433514.775,17:45:14,baseline,4,0.0,7389,16126,45.8
1785433514.775,17:45:14,baseline,5,0.0,7389,16126,45.8
1785433514.775,17:45:14,baseline,6,0.0,7390,16126,45.8
1785433514.775,17:45:14,baseline,7,0.0,7389,16126,45.8
1785433515.775,17:45:15,baseline,0,0.0,7389,16126,45.8
1785433515.775,17:45:15,baseline,1,0.0,7389,16126,45.8
1785433515.775,17:45:15,baseline,2,0.0,7389,16126,45.8
1785433515.775,17:45:15,baseline,3,0.0,7389,16126,45.8
1785433515.775,17:45:15,baseline,4,0.0,7389,16126,45.8
1785433515.775,17:45:15,baseline,5,0.0,7389,16126,45.8
1785433515.775,17:45:15,baseline,6,0.0,7390,16126,45.8
1785433515.775,17:45:15,baseline,7,0.0,7389,16126,45.8
1785433516.775,17:45:16,baseline,0,0.0,7389,16126,45.8
1785433516.775,17:45:16,baseline,1,0.0,7389,16126,45.8
1785433516.775,17:45:16,baseline,2,0.0,7389,16126,45.8
1785433516.775,17:45:16,baseline,3,0.0,7389,16126,45.8
1785433516.775,17:45:16,baseline,4,0.0,7389,16126,45.8
1785433516.775,17:45:16,baseline,5,0.0,7389,16126,45.8
1785433516.775,17:45:16,baseline,6,0.0,7390,16126,45.8
1785433516.775,17:45:16,baseline,7,0.0,7389,16126,45.8
1785433517.775,17:45:17,baseline,0,0.0,7389,16126,45.8
1785433517.775,17:45:17,baseline,1,0.0,7389,16126,45.8
1785433517.775,17:45:17,baseline,2,0.0,7389,16126,45.8
1785433517.775,17:45:17,baseline,3,0.0,7389,16126,45.8
1785433517.775,17:45:17,baseline,4,0.0,7389,16126,45.8
1785433517.775,17:45:17,baseline,5,0.0,7389,16126,45.8
1785433517.775,17:45:17,baseline,6,0.0,7390,16126,45.8
1785433517.775,17:45:17,baseline,7,0.0,7389,16126,45.8
1785433518.776,17:45:18,baseline,0,0.0,7389,16126,45.8
1785433518.776,17:45:18,baseline,1,0.0,7389,16126,45.8
1785433518.776,17:45:18,baseline,2,0.0,7389,16126,45.8
1785433518.776,17:45:18,baseline,3,0.0,7389,16126,45.8
1785433518.776,17:45:18,baseline,4,0.0,7389,16126,45.8
1785433518.776,17:45:18,baseline,5,0.0,7389,16126,45.8
1785433518.776,17:45:18,baseline,6,0.0,7390,16126,45.8
1785433518.776,17:45:18,baseline,7,0.0,7389,16126,45.8
1785433519.776,17:45:19,baseline,0,0.0,7389,16126,45.8
1785433519.776,17:45:19,baseline,1,0.0,7389,16126,45.8
1785433519.776,17:45:19,baseline,2,0.0,7389,16126,45.8
1785433519.776,17:45:19,baseline,3,0.0,7389,16126,45.8
1785433519.776,17:45:19,baseline,4,0.0,7389,16126,45.8
1785433519.776,17:45:19,baseline,5,0.0,7389,16126,45.8
1785433519.776,17:45:19,baseline,6,0.0,7390,16126,45.8
1785433519.776,17:45:19,baseline,7,0.0,7389,16126,45.8
1785433520.776,17:45:20,baseline,0,0.0,7389,16126,45.8
1785433520.776,17:45:20,baseline,1,0.0,7389,16126,45.8
1785433520.776,17:45:20,baseline,2,0.0,7389,16126,45.8
1785433520.776,17:45:20,baseline,3,0.0,7389,16126,45.8
1785433520.776,17:45:20,baseline,4,0.0,7389,16126,45.8
1785433520.776,17:45:20,baseline,5,0.0,7389,16126,45.8
1785433520.776,17:45:20,baseline,6,0.0,7390,16126,45.8
1785433520.776,17:45:20,baseline,7,0.0,7389,16126,45.8
1785433521.776,17:45:21,baseline,0,0.0,7389,16126,45.8
1785433521.776,17:45:21,baseline,1,0.0,7389,16126,45.8
1785433521.776,17:45:21,baseline,2,0.0,7389,16126,45.8
1785433521.776,17:45:21,baseline,3,0.0,7389,16126,45.8
1785433521.776,17:45:21,baseline,4,0.0,7389,16126,45.8
1785433521.776,17:45:21,baseline,5,0.0,7389,16126,45.8
1785433521.776,17:45:21,baseline,6,0.0,7390,16126,45.8
1785433521.776,17:45:21,baseline,7,0.0,7389,16126,45.8
1785433522.776,17:45:22,baseline,0,0.0,7389,16126,45.8
1785433522.776,17:45:22,baseline,1,0.0,7389,16126,45.8
1785433522.776,17:45:22,baseline,2,0.0,7389,16126,45.8
1785433522.776,17:45:22,baseline,3,0.0,7389,16126,45.8
1785433522.776,17:45:22,baseline,4,0.0,7389,16126,45.8
1785433522.776,17:45:22,baseline,5,0.0,7389,16126,45.8
1785433522.776,17:45:22,baseline,6,0.0,7390,16126,45.8
1785433522.776,17:45:22,baseline,7,0.0,7389,16126,45.8
1785433523.776,17:45:23,baseline,0,0.0,7389,16126,45.8
1785433523.776,17:45:23,baseline,1,0.0,7389,16126,45.8
1785433523.776,17:45:23,baseline,2,0.0,7389,16126,45.8
1785433523.776,17:45:23,baseline,3,0.0,7389,16126,45.8
1785433523.776,17:45:23,baseline,4,0.0,7389,16126,45.8
1785433523.776,17:45:23,baseline,5,0.0,7389,16126,45.8
1785433523.776,17:45:23,baseline,6,0.0,7390,16126,45.8
1785433523.776,17:45:23,baseline,7,0.0,7389,16126,45.8
1785433524.776,17:45:24,baseline,0,0.0,7389,16126,45.8
1785433524.776,17:45:24,baseline,1,0.0,7389,16126,45.8
1785433524.776,17:45:24,baseline,2,0.0,7389,16126,45.8
1785433524.776,17:45:24,baseline,3,0.0,7389,16126,45.8
1785433524.776,17:45:24,baseline,4,0.0,7389,16126,45.8
1785433524.776,17:45:24,baseline,5,0.0,7389,16126,45.8
1785433524.776,17:45:24,baseline,6,0.0,7390,16126,45.8
1785433524.776,17:45:24,baseline,7,0.0,7389,16126,45.8
1785433525.777,17:45:25,baseline,0,0.0,7389,16126,45.8
1785433525.777,17:45:25,baseline,1,0.0,7389,16126,45.8
1785433525.777,17:45:25,baseline,2,0.0,7389,16126,45.8
1785433525.777,17:45:25,baseline,3,0.0,7389,16126,45.8
1785433525.777,17:45:25,baseline,4,0.0,7389,16126,45.8
1785433525.777,17:45:25,baseline,5,0.0,7389,16126,45.8
1785433525.777,17:45:25,baseline,6,0.0,7390,16126,45.8
1785433525.777,17:45:25,baseline,7,0.0,7389,16126,45.8
1785433526.777,17:45:26,baseline,0,0.0,7389,16126,45.8
1785433526.777,17:45:26,baseline,1,0.0,7389,16126,45.8
1785433526.777,17:45:26,baseline,2,0.0,7389,16126,45.8
1785433526.777,17:45:26,baseline,3,0.0,7389,16126,45.8
1785433526.777,17:45:26,baseline,4,0.0,7389,16126,45.8
1785433526.777,17:45:26,baseline,5,0.0,7389,16126,45.8
1785433526.777,17:45:26,baseline,6,0.0,7390,16126,45.8
1785433526.777,17:45:26,baseline,7,0.0,7389,16126,45.8
1785433527.777,17:45:27,baseline,0,0.0,7389,16126,45.8
1785433527.777,17:45:27,baseline,1,0.0,7389,16126,45.8
1785433527.777,17:45:27,baseline,2,0.0,7389,16126,45.8
1785433527.777,17:45:27,baseline,3,0.0,7389,16126,45.8
1785433527.777,17:45:27,baseline,4,0.0,7389,16126,45.8
1785433527.777,17:45:27,baseline,5,0.0,7389,16126,45.8
1785433527.777,17:45:27,baseline,6,0.0,7390,16126,45.8
1785433527.777,17:45:27,baseline,7,0.0,7389,16126,45.8
1785433528.777,17:45:28,baseline,0,0.0,7389,16126,45.8
1785433528.777,17:45:28,baseline,1,0.0,7389,16126,45.8
1785433528.777,17:45:28,baseline,2,0.0,7389,16126,45.8
1785433528.777,17:45:28,baseline,3,0.0,7389,16126,45.8
1785433528.777,17:45:28,baseline,4,0.0,7389,16126,45.8
1785433528.777,17:45:28,baseline,5,0.0,7389,16126,45.8
1785433528.777,17:45:28,baseline,6,0.0,7390,16126,45.8
1785433528.777,17:45:28,baseline,7,0.0,7389,16126,45.8
1785433529.777,17:45:29,baseline,0,0.0,7389,16126,45.8
1785433529.777,17:45:29,baseline,1,0.0,7389,16126,45.8
1785433529.777,17:45:29,baseline,2,0.0,7389,16126,45.8
1785433529.777,17:45:29,baseline,3,0.0,7389,16126,45.8
1785433529.777,17:45:29,baseline,4,0.0,7389,16126,45.8
1785433529.777,17:45:29,baseline,5,0.0,7389,16126,45.8
1785433529.777,17:45:29,baseline,6,0.0,7390,16126,45.8
1785433529.777,17:45:29,baseline,7,0.0,7389,16126,45.8
1785433530.777,17:45:30,baseline,0,0.0,7389,16126,45.8
1785433530.777,17:45:30,baseline,1,0.0,7389,16126,45.8
1785433530.777,17:45:30,baseline,2,0.0,7389,16126,45.8
1785433530.777,17:45:30,baseline,3,0.0,7389,16126,45.8
1785433530.777,17:45:30,baseline,4,0.0,7389,16126,45.8
1785433530.777,17:45:30,baseline,5,0.0,7389,16126,45.8
1785433530.777,17:45:30,baseline,6,0.0,7390,16126,45.8
1785433530.777,17:45:30,baseline,7,0.0,7389,16126,45.8
1785433531.777,17:45:31,baseline,0,0.0,7389,16126,45.8
1785433531.777,17:45:31,baseline,1,0.0,7389,16126,45.8
1785433531.777,17:45:31,baseline,2,0.0,7389,16126,45.8
1785433531.777,17:45:31,baseline,3,0.0,7389,16126,45.8
1785433531.777,17:45:31,baseline,4,0.0,7389,16126,45.8
1785433531.777,17:45:31,baseline,5,0.0,7389,16126,45.8
1785433531.777,17:45:31,baseline,6,0.0,7390,16126,45.8
1785433531.777,17:45:31,baseline,7,0.0,7389,16126,45.8
1785433532.778,17:45:32,baseline,0,0.0,7389,16126,45.8
1785433532.778,17:45:32,baseline,1,0.0,7389,16126,45.8
1785433532.778,17:45:32,baseline,2,0.0,7389,16126,45.8
1785433532.778,17:45:32,baseline,3,0.0,7389,16126,45.8
1785433532.778,17:45:32,baseline,4,0.0,7389,16126,45.8
1785433532.778,17:45:32,baseline,5,0.0,7389,16126,45.8
1785433532.778,17:45:32,baseline,6,0.0,7390,16126,45.8
1785433532.778,17:45:32,baseline,7,0.0,7389,16126,45.8
1785433533.778,17:45:33,baseline,0,0.0,7389,16126,45.8
1785433533.778,17:45:33,baseline,1,0.0,7389,16126,45.8
1785433533.778,17:45:33,baseline,2,0.0,7389,16126,45.8
1785433533.778,17:45:33,baseline,3,0.0,7389,16126,45.8
1785433533.778,17:45:33,baseline,4,0.0,7389,16126,45.8
1785433533.778,17:45:33,baseline,5,0.0,7389,16126,45.8
1785433533.778,17:45:33,baseline,6,0.0,7390,16126,45.8
1785433533.778,17:45:33,baseline,7,0.0,7389,16126,45.8
1785433534.778,17:45:34,baseline,0,0.0,7389,16126,45.8
1785433534.778,17:45:34,baseline,1,0.0,7389,16126,45.8
1785433534.778,17:45:34,baseline,2,0.0,7389,16126,45.8
1785433534.778,17:45:34,baseline,3,0.0,7389,16126,45.8
1785433534.778,17:45:34,baseline,4,0.0,7389,16126,45.8
1785433534.778,17:45:34,baseline,5,0.0,7389,16126,45.8
1785433534.778,17:45:34,baseline,6,0.0,7390,16126,45.8
1785433534.778,17:45:34,baseline,7,0.0,7389,16126,45.8
1785433535.778,17:45:35,baseline,0,0.0,7389,16126,45.8
1785433535.778,17:45:35,baseline,1,0.0,7389,16126,45.8
1785433535.778,17:45:35,baseline,2,0.0,7389,16126,45.8
1785433535.778,17:45:35,baseline,3,0.0,7389,16126,45.8
1785433535.778,17:45:35,baseline,4,0.0,7389,16126,45.8
1785433535.778,17:45:35,baseline,5,0.0,7389,16126,45.8
1785433535.778,17:45:35,baseline,6,0.0,7390,16126,45.8
1785433535.778,17:45:35,baseline,7,0.0,7389,16126,45.8
1785433536.778,17:45:36,baseline,0,0.0,7389,16126,45.8
1785433536.778,17:45:36,baseline,1,0.0,7389,16126,45.8
1785433536.778,17:45:36,baseline,2,0.0,7389,16126,45.8
1785433536.778,17:45:36,baseline,3,0.0,7389,16126,45.8
1785433536.778,17:45:36,baseline,4,0.0,7389,16126,45.8
1785433536.778,17:45:36,baseline,5,0.0,7389,16126,45.8
1785433536.778,17:45:36,baseline,6,0.0,7390,16126,45.8
1785433536.778,17:45:36,baseline,7,0.0,7389,16126,45.8
1785433537.778,17:45:37,baseline,0,0.0,7389,16126,45.8
1785433537.778,17:45:37,baseline,1,0.0,7389,16126,45.8
1785433537.778,17:45:37,baseline,2,0.0,7389,16126,45.8
1785433537.778,17:45:37,baseline,3,0.0,7389,16126,45.8
1785433537.778,17:45:37,baseline,4,0.0,7389,16126,45.8
1785433537.778,17:45:37,baseline,5,0.0,7389,16126,45.8
1785433537.778,17:45:37,baseline,6,0.0,7390,16126,45.8
1785433537.778,17:45:37,baseline,7,0.0,7389,16126,45.8
1785433538.778,17:45:38,baseline,0,0.0,7389,16126,45.8
1785433538.778,17:45:38,baseline,1,0.0,7389,16126,45.8
1785433538.778,17:45:38,baseline,2,0.0,7389,16126,45.8
1785433538.778,17:45:38,baseline,3,0.0,7389,16126,45.8
1785433538.778,17:45:38,baseline,4,0.0,7389,16126,45.8
1785433538.778,17:45:38,baseline,5,0.0,7389,16126,45.8
1785433538.778,17:45:38,baseline,6,0.0,7390,16126,45.8
1785433538.778,17:45:38,baseline,7,0.0,7389,16126,45.8
1785433539.778,17:45:39,baseline,0,0.0,7389,16126,45.8
1785433539.778,17:45:39,baseline,1,0.0,7389,16126,45.8
1785433539.778,17:45:39,baseline,2,0.0,7389,16126,45.8
1785433539.778,17:45:39,baseline,3,0.0,7389,16126,45.8
1785433539.778,17:45:39,baseline,4,0.0,7389,16126,45.8
1785433539.778,17:45:39,baseline,5,0.0,7389,16126,45.8
1785433539.778,17:45:39,baseline,6,0.0,7390,16126,45.8
1785433539.778,17:45:39,baseline,7,0.0,7389,16126,45.8
1785433540.779,17:45:40,baseline,0,0.0,7389,16126,45.8
1785433540.779,17:45:40,baseline,1,0.0,7389,16126,45.8
1785433540.779,17:45:40,baseline,2,0.0,7389,16126,45.8
1785433540.779,17:45:40,baseline,3,0.0,7389,16126,45.8
1785433540.779,17:45:40,baseline,4,0.0,7389,16126,45.8
1785433540.779,17:45:40,baseline,5,0.0,7389,16126,45.8
1785433540.779,17:45:40,baseline,6,0.0,7390,16126,45.8
1785433540.779,17:45:40,baseline,7,0.0,7389,16126,45.8
1785433541.779,17:45:41,baseline,0,0.0,7389,16126,45.8
1785433541.779,17:45:41,baseline,1,0.0,7389,16126,45.8
1785433541.779,17:45:41,baseline,2,0.0,7389,16126,45.8
1785433541.779,17:45:41,baseline,3,0.0,7389,16126,45.8
1785433541.779,17:45:41,baseline,4,0.0,7389,16126,45.8
1785433541.779,17:45:41,baseline,5,0.0,7389,16126,45.8
1785433541.779,17:45:41,baseline,6,0.0,7390,16126,45.8
1785433541.779,17:45:41,baseline,7,0.0,7389,16126,45.8
1785433542.779,17:45:42,baseline,0,0.0,7389,16126,45.8
1785433542.779,17:45:42,baseline,1,0.0,7389,16126,45.8
1785433542.779,17:45:42,baseline,2,0.0,7389,16126,45.8
1785433542.779,17:45:42,baseline,3,0.0,7389,16126,45.8
1785433542.779,17:45:42,baseline,4,0.0,7389,16126,45.8
1785433542.779,17:45:42,baseline,5,0.0,7389,16126,45.8
1785433542.779,17:45:42,baseline,6,0.0,7390,16126,45.8
1785433542.779,17:45:42,baseline,7,0.0,7389,16126,45.8
1785433543.779,17:45:43,baseline,0,0.0,7389,16126,45.8
1785433543.779,17:45:43,baseline,1,0.0,7389,16126,45.8
1785433543.779,17:45:43,baseline,2,0.0,7389,16126,45.8
1785433543.779,17:45:43,baseline,3,0.0,7389,16126,45.8
1785433543.779,17:45:43,baseline,4,0.0,7389,16126,45.8
1785433543.779,17:45:43,baseline,5,0.0,7389,16126,45.8
1785433543.779,17:45:43,baseline,6,0.0,7390,16126,45.8
1785433543.779,17:45:43,baseline,7,0.0,7389,16126,45.8
1785433544.779,17:45:44,baseline,0,0.0,7389,16126,45.8
1785433544.779,17:45:44,baseline,1,0.0,7389,16126,45.8
1785433544.779,17:45:44,baseline,2,0.0,7389,16126,45.8
1785433544.779,17:45:44,baseline,3,0.0,7389,16126,45.8
1785433544.779,17:45:44,baseline,4,0.0,7389,16126,45.8
1785433544.779,17:45:44,baseline,5,0.0,7389,16126,45.8
1785433544.779,17:45:44,baseline,6,0.0,7390,16126,45.8
1785433544.779,17:45:44,baseline,7,0.0,7389,16126,45.8
1785433545.779,17:45:45,baseline,0,0.0,7389,16126,45.8
1785433545.779,17:45:45,baseline,1,0.0,7389,16126,45.8
1785433545.779,17:45:45,baseline,2,0.0,7389,16126,45.8
1785433545.779,17:45:45,baseline,3,0.0,7389,16126,45.8
1785433545.779,17:45:45,baseline,4,0.0,7389,16126,45.8
1785433545.779,17:45:45,baseline,5,0.0,7389,16126,45.8
1785433545.779,17:45:45,baseline,6,0.0,7390,16126,45.8
1785433545.779,17:45:45,baseline,7,0.0,7389,16126,45.8
1785433546.78,17:45:46,baseline,0,0.0,7389,16126,45.8
1785433546.78,17:45:46,baseline,1,0.0,7389,16126,45.8
1785433546.78,17:45:46,baseline,2,0.0,7389,16126,45.8
1785433546.78,17:45:46,baseline,3,0.0,7389,16126,45.8
1785433546.78,17:45:46,baseline,4,0.0,7389,16126,45.8
1785433546.78,17:45:46,baseline,5,0.0,7389,16126,45.8
1785433546.78,17:45:46,baseline,6,0.0,7390,16126,45.8
1785433546.78,17:45:46,baseline,7,0.0,7389,16126,45.8
1785433547.78,17:45:47,baseline,0,0.0,7389,16126,45.8
1785433547.78,17:45:47,baseline,1,0.0,7389,16126,45.8
1785433547.78,17:45:47,baseline,2,0.0,7389,16126,45.8
1785433547.78,17:45:47,baseline,3,0.0,7389,16126,45.8
1785433547.78,17:45:47,baseline,4,0.0,7389,16126,45.8
1785433547.78,17:45:47,baseline,5,0.0,7389,16126,45.8
1785433547.78,17:45:47,baseline,6,0.0,7390,16126,45.8
1785433547.78,17:45:47,baseline,7,0.0,7389,16126,45.8
1785433548.78,17:45:48,baseline,0,0.0,7389,16126,45.8
1785433548.78,17:45:48,baseline,1,0.0,7389,16126,45.8
1785433548.78,17:45:48,baseline,2,0.0,7389,16126,45.8
1785433548.78,17:45:48,baseline,3,0.0,7389,16126,45.8
1785433548.78,17:45:48,baseline,4,0.0,7389,16126,45.8
1785433548.78,17:45:48,baseline,5,0.0,7389,16126,45.8
1785433548.78,17:45:48,baseline,6,0.0,7390,16126,45.8
1785433548.78,17:45:48,baseline,7,0.0,7389,16126,45.8
1785433549.78,17:45:49,baseline,0,0.0,7389,16126,45.8
1785433549.78,17:45:49,baseline,1,0.0,7389,16126,45.8
1785433549.78,17:45:49,baseline,2,0.0,7389,16126,45.8
1785433549.78,17:45:49,baseline,3,0.0,7389,16126,45.8
1785433549.78,17:45:49,baseline,4,0.0,7389,16126,45.8
1785433549.78,17:45:49,baseline,5,0.0,7389,16126,45.8
1785433549.78,17:45:49,baseline,6,0.0,7390,16126,45.8
1785433549.78,17:45:49,baseline,7,0.0,7389,16126,45.8
1785433550.78,17:45:50,baseline,0,0.0,7389,16126,45.8
1785433550.78,17:45:50,baseline,1,0.0,7389,16126,45.8
1785433550.78,17:45:50,baseline,2,0.0,7389,16126,45.8
1785433550.78,17:45:50,baseline,3,0.0,7389,16126,45.8
1785433550.78,17:45:50,baseline,4,0.0,7389,16126,45.8
1785433550.78,17:45:50,baseline,5,0.0,7389,16126,45.8
1785433550.78,17:45:50,baseline,6,0.0,7390,16126,45.8
1785433550.78,17:45:50,baseline,7,0.0,7389,16126,45.8
1785433551.78,17:45:51,baseline,0,0.0,7389,16126,45.8
1785433551.78,17:45:51,baseline,1,0.0,7389,16126,45.8
1785433551.78,17:45:51,baseline,2,0.0,7389,16126,45.8
1785433551.78,17:45:51,baseline,3,0.0,7389,16126,45.8
1785433551.78,17:45:51,baseline,4,0.0,7389,16126,45.8
1785433551.78,17:45:51,baseline,5,0.0,7389,16126,45.8
1785433551.78,17:45:51,baseline,6,0.0,7390,16126,45.8
1785433551.78,17:45:51,baseline,7,0.0,7389,16126,45.8
1785433552.78,17:45:52,baseline,0,0.0,7389,16126,45.8
1785433552.78,17:45:52,baseline,1,0.0,7389,16126,45.8
1785433552.78,17:45:52,baseline,2,0.0,7389,16126,45.8
1785433552.78,17:45:52,baseline,3,0.0,7389,16126,45.8
1785433552.78,17:45:52,baseline,4,0.0,7389,16126,45.8
1785433552.78,17:45:52,baseline,5,0.0,7389,16126,45.8
1785433552.78,17:45:52,baseline,6,0.0,7390,16126,45.8
1785433552.78,17:45:52,baseline,7,0.0,7389,16126,45.8
1785433553.781,17:45:53,baseline,0,0.0,7389,16126,45.8
1785433553.781,17:45:53,baseline,1,0.0,7389,16126,45.8
1785433553.781,17:45:53,baseline,2,0.0,7389,16126,45.8
1785433553.781,17:45:53,baseline,3,0.0,7389,16126,45.8
1785433553.781,17:45:53,baseline,4,0.0,7389,16126,45.8
1785433553.781,17:45:53,baseline,5,0.0,7389,16126,45.8
1785433553.781,17:45:53,baseline,6,0.0,7390,16126,45.8
1785433553.781,17:45:53,baseline,7,0.0,7389,16126,45.8
1785433554.781,17:45:54,baseline,0,0.0,7389,16126,45.8
1785433554.781,17:45:54,baseline,1,0.0,7389,16126,45.8
1785433554.781,17:45:54,baseline,2,0.0,7389,16126,45.8
1785433554.781,17:45:54,baseline,3,0.0,7389,16126,45.8
1785433554.781,17:45:54,baseline,4,0.0,7389,16126,45.8
1785433554.781,17:45:54,baseline,5,0.0,7389,16126,45.8
1785433554.781,17:45:54,baseline,6,0.0,7390,16126,45.8
1785433554.781,17:45:54,baseline,7,0.0,7389,16126,45.8
1785433555.781,17:45:55,baseline,0,0.0,7389,16126,45.8
1785433555.781,17:45:55,baseline,1,0.0,7389,16126,45.8
1785433555.781,17:45:55,baseline,2,0.0,7389,16126,45.8
1785433555.781,17:45:55,baseline,3,0.0,7389,16126,45.8
1785433555.781,17:45:55,baseline,4,0.0,7389,16126,45.8
1785433555.781,17:45:55,baseline,5,0.0,7389,16126,45.8
1785433555.781,17:45:55,baseline,6,0.0,7390,16126,45.8
1785433555.781,17:45:55,baseline,7,0.0,7389,16126,45.8
1785433556.781,17:45:56,baseline,0,0.0,7389,16126,45.8
1785433556.781,17:45:56,baseline,1,0.0,7389,16126,45.8
1785433556.781,17:45:56,baseline,2,0.0,7389,16126,45.8
1785433556.781,17:45:56,baseline,3,0.0,7389,16126,45.8
1785433556.781,17:45:56,baseline,4,0.0,7389,16126,45.8
1785433556.781,17:45:56,baseline,5,0.0,7389,16126,45.8
1785433556.781,17:45:56,baseline,6,0.0,7390,16126,45.8
1785433556.781,17:45:56,baseline,7,0.0,7389,16126,45.8
1785433557.781,17:45:57,baseline,0,0.0,7389,16126,45.8
1785433557.781,17:45:57,baseline,1,0.0,7389,16126,45.8
1785433557.781,17:45:57,baseline,2,0.0,7389,16126,45.8
1785433557.781,17:45:57,baseline,3,0.0,7389,16126,45.8
1785433557.781,17:45:57,baseline,4,0.0,7389,16126,45.8
1785433557.781,17:45:57,baseline,5,0.0,7389,16126,45.8
1785433557.781,17:45:57,baseline,6,0.0,7390,16126,45.8
1785433557.781,17:45:57,baseline,7,0.0,7389,16126,45.8
1785433558.781,17:45:58,baseline,0,0.0,7389,16126,45.8
1785433558.781,17:45:58,baseline,1,0.0,7389,16126,45.8
1785433558.781,17:45:58,baseline,2,0.0,7389,16126,45.8
1785433558.781,17:45:58,baseline,3,0.0,7389,16126,45.8
1785433558.781,17:45:58,baseline,4,0.0,7389,16126,45.8
1785433558.781,17:45:58,baseline,5,0.0,7389,16126,45.8
1785433558.781,17:45:58,baseline,6,0.0,7390,16126,45.8
1785433558.781,17:45:58,baseline,7,0.0,7389,16126,45.8
1785433559.781,17:45:59,baseline,0,0.0,7389,16126,45.8
1785433559.781,17:45:59,baseline,1,0.0,7389,16126,45.8
1785433559.781,17:45:59,baseline,2,0.0,7389,16126,45.8
1785433559.781,17:45:59,baseline,3,0.0,7389,16126,45.8
1785433559.781,17:45:59,baseline,4,0.0,7389,16126,45.8
1785433559.781,17:45:59,baseline,5,0.0,7389,16126,45.8
1785433559.781,17:45:59,baseline,6,0.0,7390,16126,45.8
1785433559.781,17:45:59,baseline,7,0.0,7389,16126,45.8
1785433560.781,17:46:00,baseline,0,0.0,7389,16126,45.8
1785433560.781,17:46:00,baseline,1,0.0,7389,16126,45.8
1785433560.781,17:46:00,baseline,2,0.0,7389,16126,45.8
1785433560.781,17:46:00,baseline,3,0.0,7389,16126,45.8
1785433560.781,17:46:00,baseline,4,0.0,7389,16126,45.8
1785433560.781,17:46:00,baseline,5,0.0,7389,16126,45.8
1785433560.781,17:46:00,baseline,6,0.0,7390,16126,45.8
1785433560.781,17:46:00,baseline,7,0.0,7389,16126,45.8
1785433561.782,17:46:01,baseline,0,0.0,7389,16126,45.8
1785433561.782,17:46:01,baseline,1,0.0,7389,16126,45.8
1785433561.782,17:46:01,baseline,2,0.0,7389,16126,45.8
1785433561.782,17:46:01,baseline,3,0.0,7389,16126,45.8
1785433561.782,17:46:01,baseline,4,0.0,7389,16126,45.8
1785433561.782,17:46:01,baseline,5,0.0,7389,16126,45.8
1785433561.782,17:46:01,baseline,6,0.0,7390,16126,45.8
1785433561.782,17:46:01,baseline,7,0.0,7389,16126,45.8
1785433562.782,17:46:02,baseline,0,0.0,7389,16126,45.8
1785433562.782,17:46:02,baseline,1,0.0,7389,16126,45.8
1785433562.782,17:46:02,baseline,2,0.0,7389,16126,45.8
1785433562.782,17:46:02,baseline,3,0.0,7389,16126,45.8
1785433562.782,17:46:02,baseline,4,0.0,7389,16126,45.8
1785433562.782,17:46:02,baseline,5,0.0,7389,16126,45.8
1785433562.782,17:46:02,baseline,6,0.0,7390,16126,45.8
1785433562.782,17:46:02,baseline,7,0.0,7389,16126,45.8
1785433563.782,17:46:03,baseline,0,0.0,7389,16126,45.8
1785433563.782,17:46:03,baseline,1,0.0,7389,16126,45.8
1785433563.782,17:46:03,baseline,2,0.0,7389,16126,45.8
1785433563.782,17:46:03,baseline,3,0.0,7389,16126,45.8
1785433563.782,17:46:03,baseline,4,0.0,7389,16126,45.8
1785433563.782,17:46:03,baseline,5,0.0,7389,16126,45.8
1785433563.782,17:46:03,baseline,6,0.0,7390,16126,45.8
1785433563.782,17:46:03,baseline,7,0.0,7389,16126,45.8
1785433564.782,17:46:04,baseline,0,0.0,7389,16126,45.8
1785433564.782,17:46:04,baseline,1,0.0,7389,16126,45.8
1785433564.782,17:46:04,baseline,2,0.0,7389,16126,45.8
1785433564.782,17:46:04,baseline,3,0.0,7389,16126,45.8
1785433564.782,17:46:04,baseline,4,0.0,7389,16126,45.8
1785433564.782,17:46:04,baseline,5,0.0,7389,16126,45.8
1785433564.782,17:46:04,baseline,6,0.0,7390,16126,45.8
1785433564.782,17:46:04,baseline,7,0.0,7389,16126,45.8
1785433565.782,17:46:05,baseline,0,0.0,7389,16126,45.8
1785433565.782,17:46:05,baseline,1,0.0,7389,16126,45.8
1785433565.782,17:46:05,baseline,2,0.0,7389,16126,45.8
1785433565.782,17:46:05,baseline,3,0.0,7389,16126,45.8
1785433565.782,17:46:05,baseline,4,0.0,7389,16126,45.8
1785433565.782,17:46:05,baseline,5,0.0,7389,16126,45.8
1785433565.782,17:46:05,baseline,6,0.0,7390,16126,45.8
1785433565.782,17:46:05,baseline,7,0.0,7389,16126,45.8
1785433566.782,17:46:06,baseline,0,0.0,7389,16126,45.8
1785433566.782,17:46:06,baseline,1,0.0,7389,16126,45.8
1785433566.782,17:46:06,baseline,2,0.0,7389,16126,45.8
1785433566.782,17:46:06,baseline,3,0.0,7389,16126,45.8
1785433566.782,17:46:06,baseline,4,0.0,7389,16126,45.8
1785433566.782,17:46:06,baseline,5,0.0,7389,16126,45.8
1785433566.782,17:46:06,baseline,6,0.0,7390,16126,45.8
1785433566.782,17:46:06,baseline,7,0.0,7389,16126,45.8
1785433567.782,17:46:07,baseline,0,0.0,7389,16126,45.8
1785433567.782,17:46:07,baseline,1,0.0,7389,16126,45.8
1785433567.782,17:46:07,baseline,2,0.0,7389,16126,45.8
1785433567.782,17:46:07,baseline,3,0.0,7389,16126,45.8
1785433567.782,17:46:07,baseline,4,0.0,7389,16126,45.8
1785433567.782,17:46:07,baseline,5,0.0,7389,16126,45.8
1785433567.782,17:46:07,baseline,6,0.0,7390,16126,45.8
1785433567.782,17:46:07,baseline,7,0.0,7389,16126,45.8
1785433568.782,17:46:08,baseline,0,0.0,7389,16126,45.8
1785433568.782,17:46:08,baseline,1,0.0,7389,16126,45.8
1785433568.782,17:46:08,baseline,2,0.0,7389,16126,45.8
1785433568.782,17:46:08,baseline,3,0.0,7389,16126,45.8
1785433568.782,17:46:08,baseline,4,0.0,7389,16126,45.8
1785433568.782,17:46:08,baseline,5,0.0,7389,16126,45.8
1785433568.782,17:46:08,baseline,6,0.0,7390,16126,45.8
1785433568.782,17:46:08,baseline,7,0.0,7389,16126,45.8
1785433569.783,17:46:09,baseline,0,0.0,7389,16126,45.8
1785433569.783,17:46:09,baseline,1,0.0,7389,16126,45.8
1785433569.783,17:46:09,baseline,2,0.0,7389,16126,45.8
1785433569.783,17:46:09,baseline,3,0.0,7389,16126,45.8
1785433569.783,17:46:09,baseline,4,0.0,7389,16126,45.8
1785433569.783,17:46:09,baseline,5,0.0,7389,16126,45.8
1785433569.783,17:46:09,baseline,6,0.0,7390,16126,45.8
1785433569.783,17:46:09,baseline,7,0.0,7389,16126,45.8
1785433570.783,17:46:10,baseline,0,0.0,7389,16126,45.8
1785433570.783,17:46:10,baseline,1,0.0,7389,16126,45.8
1785433570.783,17:46:10,baseline,2,0.0,7389,16126,45.8
1785433570.783,17:46:10,baseline,3,0.0,7389,16126,45.8
1785433570.783,17:46:10,baseline,4,0.0,7389,16126,45.8
1785433570.783,17:46:10,baseline,5,0.0,7389,16126,45.8
1785433570.783,17:46:10,baseline,6,0.0,7390,16126,45.8
1785433570.783,17:46:10,baseline,7,0.0,7389,16126,45.8
1785433571.783,17:46:11,baseline,0,0.0,7389,16126,45.8
1785433571.783,17:46:11,baseline,1,0.0,7389,16126,45.8
1785433571.783,17:46:11,baseline,2,0.0,7389,16126,45.8
1785433571.783,17:46:11,baseline,3,0.0,7389,16126,45.8
1785433571.783,17:46:11,baseline,4,0.0,7389,16126,45.8
1785433571.783,17:46:11,baseline,5,0.0,7389,16126,45.8
1785433571.783,17:46:11,baseline,6,0.0,7390,16126,45.8
1785433571.783,17:46:11,baseline,7,0.0,7389,16126,45.8
1785433572.783,17:46:12,baseline,0,0.0,7389,16126,45.8
1785433572.783,17:46:12,baseline,1,0.0,7389,16126,45.8
1785433572.783,17:46:12,baseline,2,0.0,7389,16126,45.8
1785433572.783,17:46:12,baseline,3,0.0,7389,16126,45.8
1785433572.783,17:46:12,baseline,4,0.0,7389,16126,45.8
1785433572.783,17:46:12,baseline,5,0.0,7389,16126,45.8
1785433572.783,17:46:12,baseline,6,0.0,7390,16126,45.8
1785433572.783,17:46:12,baseline,7,0.0,7389,16126,45.8
1785433573.783,17:46:13,baseline,0,0.0,7389,16126,45.8
1785433573.783,17:46:13,baseline,1,0.0,7389,16126,45.8
1785433573.783,17:46:13,baseline,2,0.0,7389,16126,45.8
1785433573.783,17:46:13,baseline,3,0.0,7389,16126,45.8
1785433573.783,17:46:13,baseline,4,0.0,7389,16126,45.8
1785433573.783,17:46:13,baseline,5,0.0,7389,16126,45.8
1785433573.783,17:46:13,baseline,6,0.0,7390,16126,45.8
1785433573.783,17:46:13,baseline,7,0.0,7389,16126,45.8
1785433574.783,17:46:14,baseline,0,0.0,7389,16126,45.8
1785433574.783,17:46:14,baseline,1,0.0,7389,16126,45.8
1785433574.783,17:46:14,baseline,2,0.0,7389,16126,45.8
1785433574.783,17:46:14,baseline,3,0.0,7389,16126,45.8
1785433574.783,17:46:14,baseline,4,0.0,7389,16126,45.8
1785433574.783,17:46:14,baseline,5,0.0,7389,16126,45.8
1785433574.783,17:46:14,baseline,6,0.0,7390,16126,45.8
1785433574.783,17:46:14,baseline,7,0.0,7389,16126,45.8
1785433575.783,17:46:15,baseline,0,0.0,7389,16126,45.8
1785433575.783,17:46:15,baseline,1,0.0,7389,16126,45.8
1785433575.783,17:46:15,baseline,2,0.0,7389,16126,45.8
1785433575.783,17:46:15,baseline,3,0.0,7389,16126,45.8
1785433575.783,17:46:15,baseline,4,0.0,7389,16126,45.8
1785433575.783,17:46:15,baseline,5,0.0,7389,16126,45.8
1785433575.783,17:46:15,baseline,6,0.0,7390,16126,45.8
1785433575.783,17:46:15,baseline,7,0.0,7389,16126,45.8
1785433576.783,17:46:16,baseline,0,0.0,7389,16126,45.8
1785433576.783,17:46:16,baseline,1,0.0,7389,16126,45.8
1785433576.783,17:46:16,baseline,2,0.0,7389,16126,45.8
1785433576.783,17:46:16,baseline,3,0.0,7389,16126,45.8
1785433576.783,17:46:16,baseline,4,0.0,7389,16126,45.8
1785433576.783,17:46:16,baseline,5,0.0,7389,16126,45.8
1785433576.783,17:46:16,baseline,6,0.0,7390,16126,45.8
1785433576.783,17:46:16,baseline,7,0.0,7389,16126,45.8
1785433577.783,17:46:17,baseline,0,0.0,7389,16126,45.8
1785433577.783,17:46:17,baseline,1,0.0,7389,16126,45.8
1785433577.783,17:46:17,baseline,2,0.0,7389,16126,45.8
1785433577.783,17:46:17,baseline,3,0.0,7389,16126,45.8
1785433577.783,17:46:17,baseline,4,0.0,7389,16126,45.8
1785433577.783,17:46:17,baseline,5,0.0,7389,16126,45.8
1785433577.783,17:46:17,baseline,6,0.0,7390,16126,45.8
1785433577.783,17:46:17,baseline,7,0.0,7389,16126,45.8
1785433578.784,17:46:18,baseline,0,0.0,7389,16126,45.8
1785433578.784,17:46:18,baseline,1,0.0,7389,16126,45.8
1785433578.784,17:46:18,baseline,2,0.0,7389,16126,45.8
1785433578.784,17:46:18,baseline,3,0.0,7389,16126,45.8
1785433578.784,17:46:18,baseline,4,0.0,7389,16126,45.8
1785433578.784,17:46:18,baseline,5,0.0,7389,16126,45.8
1785433578.784,17:46:18,baseline,6,0.0,7390,16126,45.8
1785433578.784,17:46:18,baseline,7,0.0,7389,16126,45.8
1785433579.784,17:46:19,baseline,0,0.0,7389,16126,45.8
1785433579.784,17:46:19,baseline,1,0.0,7389,16126,45.8
1785433579.784,17:46:19,baseline,2,0.0,7389,16126,45.8
1785433579.784,17:46:19,baseline,3,0.0,7389,16126,45.8
1785433579.784,17:46:19,baseline,4,0.0,7389,16126,45.8
1785433579.784,17:46:19,baseline,5,0.0,7389,16126,45.8
1785433579.784,17:46:19,baseline,6,0.0,7390,16126,45.8
1785433579.784,17:46:19,baseline,7,0.0,7389,16126,45.8
1785433580.784,17:46:20,baseline,0,65.5,6260,16126,38.8
1785433580.784,17:46:20,baseline,1,61.0,6260,16126,38.8
1785433580.784,17:46:20,baseline,2,64.4,6260,16126,38.8
1785433580.784,17:46:20,baseline,3,15.0,6540,16126,40.6
1785433580.784,17:46:20,baseline,4,60.8,6373,16126,39.5
1785433580.784,17:46:20,baseline,5,63.3,6260,16126,38.8
1785433580.784,17:46:20,baseline,6,59.1,6459,16126,40.1
1785433580.784,17:46:20,baseline,7,62.7,6260,16126,38.8
1785433581.784,17:46:21,baseline,0,65.5,6260,16126,38.8
1785433581.784,17:46:21,baseline,1,61.0,6260,16126,38.8
1785433581.784,17:46:21,baseline,2,64.4,6260,16126,38.8
1785433581.784,17:46:21,baseline,3,15.0,6540,16126,40.6
1785433581.784,17:46:21,baseline,4,60.8,6373,16126,39.5
1785433581.784,17:46:21,baseline,5,63.3,6260,16126,38.8
1785433581.784,17:46:21,baseline,6,59.1,6459,16126,40.1
1785433581.784,17:46:21,baseline,7,62.7,6260,16126,38.8
1785433582.784,17:46:22,baseline,0,65.5,6260,16126,38.8
1785433582.784,17:46:22,baseline,1,61.0,6260,16126,38.8
1785433582.784,17:46:22,baseline,2,64.4,6260,16126,38.8
1785433582.784,17:46:22,baseline,3,15.0,6540,16126,40.6
1785433582.784,17:46:22,baseline,4,60.8,6373,16126,39.5
1785433582.784,17:46:22,baseline,5,63.3,6260,16126,38.8
1785433582.784,17:46:22,baseline,6,59.1,6459,16126,40.1
1785433582.784,17:46:22,baseline,7,62.7,6260,16126,38.8
1785433583.784,17:46:23,baseline,0,65.5,6260,16126,38.8
1785433583.784,17:46:23,baseline,1,61.0,6260,16126,38.8
1785433583.784,17:46:23,baseline,2,64.4,6260,16126,38.8
1785433583.784,17:46:23,baseline,3,15.0,6540,16126,40.6
1785433583.784,17:46:23,baseline,4,60.8,6373,16126,39.5
1785433583.784,17:46:23,baseline,5,63.3,6260,16126,38.8
1785433583.784,17:46:23,baseline,6,59.1,6459,16126,40.1
1785433583.784,17:46:23,baseline,7,62.7,6260,16126,38.8
1785433584.784,17:46:24,baseline,0,65.5,6260,16126,38.8
1785433584.784,17:46:24,baseline,1,61.0,6260,16126,38.8
1785433584.784,17:46:24,baseline,2,64.4,6260,16126,38.8
1785433584.784,17:46:24,baseline,3,15.0,6540,16126,40.6
1785433584.784,17:46:24,baseline,4,60.8,6373,16126,39.5
1785433584.784,17:46:24,baseline,5,63.3,6260,16126,38.8
1785433584.784,17:46:24,baseline,6,59.1,6459,16126,40.1
1785433584.784,17:46:24,baseline,7,62.7,6260,16126,38.8
1785433585.784,17:46:25,baseline,0,98.5,8559,16126,53.1
1785433585.784,17:46:25,baseline,1,98.6,8527,16126,52.9
1785433585.784,17:46:25,baseline,2,98.0,8782,16126,54.5
1785433585.784,17:46:25,baseline,3,97.9,8606,16126,53.4
1785433585.784,17:46:25,baseline,4,98.0,8590,16126,53.3
1785433585.784,17:46:25,baseline,5,98.0,8527,16126,52.9
1785433585.784,17:46:25,baseline,6,90.2,8592,16126,53.3
1785433585.784,17:46:25,baseline,7,98.5,8510,16126,52.8
1785433586.785,17:46:26,baseline,0,98.5,8559,16126,53.1
1785433586.785,17:46:26,baseline,1,98.6,8527,16126,52.9
1785433586.785,17:46:26,baseline,2,98.0,8782,16126,54.5
1785433586.785,17:46:26,baseline,3,97.9,8606,16126,53.4
1785433586.785,17:46:26,baseline,4,98.0,8590,16126,53.3
1785433586.785,17:46:26,baseline,5,98.0,8527,16126,52.9
1785433586.785,17:46:26,baseline,6,90.2,8592,16126,53.3
1785433586.785,17:46:26,baseline,7,98.5,8510,16126,52.8
1785433587.785,17:46:27,baseline,0,98.5,8559,16126,53.1
1785433587.785,17:46:27,baseline,1,98.6,8527,16126,52.9
1785433587.785,17:46:27,baseline,2,98.0,8782,16126,54.5
1785433587.785,17:46:27,baseline,3,97.9,8606,16126,53.4
1785433587.785,17:46:27,baseline,4,98.0,8590,16126,53.3
1785433587.785,17:46:27,baseline,5,98.0,8527,16126,52.9
1785433587.785,17:46:27,baseline,6,90.2,8592,16126,53.3
1785433587.785,17:46:27,baseline,7,98.5,8510,16126,52.8
1785433588.785,17:46:28,baseline,0,98.5,8559,16126,53.1
1785433588.785,17:46:28,baseline,1,98.6,8527,16126,52.9
1785433588.785,17:46:28,baseline,2,98.0,8782,16126,54.5
1785433588.785,17:46:28,baseline,3,97.9,8606,16126,53.4
1785433588.785,17:46:28,baseline,4,98.0,8590,16126,53.3
1785433588.785,17:46:28,baseline,5,98.0,8527,16126,52.9
1785433588.785,17:46:28,baseline,6,90.2,8592,16126,53.3
1785433588.785,17:46:28,baseline,7,98.5,8510,16126,52.8
1785433589.785,17:46:29,baseline,0,98.5,8559,16126,53.1
1785433589.785,17:46:29,baseline,1,98.6,8527,16126,52.9
1785433589.785,17:46:29,baseline,2,98.0,8782,16126,54.5
1785433589.785,17:46:29,baseline,3,97.9,8606,16126,53.4
1785433589.785,17:46:29,baseline,4,98.0,8590,16126,53.3
1785433589.785,17:46:29,baseline,5,98.0,8527,16126,52.9
1785433589.785,17:46:29,baseline,6,90.2,8592,16126,53.3
1785433589.785,17:46:29,baseline,7,98.5,8510,16126,52.8
1785433590.785,17:46:30,baseline,0,98.0,10743,16126,66.6
1785433590.785,17:46:30,baseline,1,97.6,10743,16126,66.6
1785433590.785,17:46:30,baseline,2,97.9,10743,16126,66.6
1785433590.785,17:46:30,baseline,3,97.9,10743,16126,66.6
1785433590.785,17:46:30,baseline,4,98.0,10743,16126,66.6
1785433590.785,17:46:30,baseline,5,97.7,10743,16126,66.6
1785433590.785,17:46:30,baseline,6,97.8,10744,16126,66.6
1785433590.785,17:46:30,baseline,7,98.0,10743,16126,66.6
1785433591.785,17:46:31,baseline,0,98.0,10743,16126,66.6
1785433591.785,17:46:31,baseline,1,97.6,10743,16126,66.6
1785433591.785,17:46:31,baseline,2,97.9,10743,16126,66.6
1785433591.785,17:46:31,baseline,3,97.9,10743,16126,66.6
1785433591.785,17:46:31,baseline,4,98.0,10743,16126,66.6
1785433591.785,17:46:31,baseline,5,97.7,10743,16126,66.6
1785433591.785,17:46:31,baseline,6,97.8,10744,16126,66.6
1785433591.785,17:46:31,baseline,7,98.0,10743,16126,66.6
1785433592.785,17:46:32,baseline,0,98.0,10743,16126,66.6
1785433592.785,17:46:32,baseline,1,97.6,10743,16126,66.6
1785433592.785,17:46:32,baseline,2,97.9,10743,16126,66.6
1785433592.785,17:46:32,baseline,3,97.9,10743,16126,66.6
1785433592.785,17:46:32,baseline,4,98.0,10743,16126,66.6
1785433592.785,17:46:32,baseline,5,97.7,10743,16126,66.6
1785433592.785,17:46:32,baseline,6,97.8,10744,16126,66.6
1785433592.785,17:46:32,baseline,7,98.0,10743,16126,66.6
1785433593.785,17:46:33,baseline,0,98.0,10743,16126,66.6
1785433593.785,17:46:33,baseline,1,97.6,10743,16126,66.6
1785433593.785,17:46:33,baseline,2,97.9,10743,16126,66.6
1785433593.785,17:46:33,baseline,3,97.9,10743,16126,66.6
1785433593.785,17:46:33,baseline,4,98.0,10743,16126,66.6
1785433593.785,17:46:33,baseline,5,97.7,10743,16126,66.6
1785433593.785,17:46:33,baseline,6,97.8,10744,16126,66.6
1785433593.785,17:46:33,baseline,7,98.0,10743,16126,66.6
1785433594.785,17:46:34,baseline,0,98.0,10743,16126,66.6
1785433594.785,17:46:34,baseline,1,97.6,10743,16126,66.6
1785433594.785,17:46:34,baseline,2,97.9,10743,16126,66.6
1785433594.785,17:46:34,baseline,3,97.9,10743,16126,66.6
1785433594.785,17:46:34,baseline,4,98.0,10743,16126,66.6
1785433594.785,17:46:34,baseline,5,97.7,10743,16126,66.6
1785433594.785,17:46:34,baseline,6,97.8,10744,16126,66.6
1785433594.785,17:46:34,baseline,7,98.0,10743,16126,66.6
1785433595.786,17:46:35,baseline,0,99.4,8606,16126,53.4
1785433595.786,17:46:35,baseline,1,99.4,8542,16126,53.0
1785433595.786,17:46:35,baseline,2,99.2,8462,16126,52.5
1785433595.786,17:46:35,baseline,3,99.0,8654,16126,53.7
1785433595.786,17:46:35,baseline,4,99.2,8718,16126,54.1
1785433595.786,17:46:35,baseline,5,99.2,8575,16126,53.2
1785433595.786,17:46:35,baseline,6,99.3,8720,16126,54.1
1785433595.786,17:46:35,baseline,7,99.5,8574,16126,53.2
1785433596.786,17:46:36,baseline,0,99.4,8606,16126,53.4
1785433596.786,17:46:36,baseline,1,99.4,8542,16126,53.0
1785433596.786,17:46:36,baseline,2,99.2,8462,16126,52.5
1785433596.786,17:46:36,baseline,3,99.0,8654,16126,53.7
1785433596.786,17:46:36,baseline,4,99.2,8718,16126,54.1
1785433596.786,17:46:36,baseline,5,99.2,8575,16126,53.2
1785433596.786,17:46:36,baseline,6,99.3,8720,16126,54.1
1785433596.786,17:46:36,baseline,7,99.5,8574,16126,53.2
1785433597.786,17:46:37,baseline,0,99.4,8606,16126,53.4
1785433597.786,17:46:37,baseline,1,99.4,8542,16126,53.0
1785433597.786,17:46:37,baseline,2,99.2,8462,16126,52.5
1785433597.786,17:46:37,baseline,3,99.0,8654,16126,53.7
1785433597.786,17:46:37,baseline,4,99.2,8718,16126,54.1
1785433597.786,17:46:37,baseline,5,99.2,8575,16126,53.2
1785433597.786,17:46:37,baseline,6,99.3,8720,16126,54.1
1785433597.786,17:46:37,baseline,7,99.5,8574,16126,53.2
1785433598.786,17:46:38,baseline,0,99.4,8606,16126,53.4
1785433598.786,17:46:38,baseline,1,99.4,8542,16126,53.0
1785433598.786,17:46:38,baseline,2,99.2,8462,16126,52.5
1785433598.786,17:46:38,baseline,3,99.0,8654,16126,53.7
1785433598.786,17:46:38,baseline,4,99.2,8718,16126,54.1
1785433598.786,17:46:38,baseline,5,99.2,8575,16126,53.2
1785433598.786,17:46:38,baseline,6,99.3,8720,16126,54.1
1785433598.786,17:46:38,baseline,7,99.5,8574,16126,53.2
1785433599.786,17:46:39,baseline,0,99.4,8606,16126,53.4
1785433599.786,17:46:39,baseline,1,99.4,8542,16126,53.0
1785433599.786,17:46:39,baseline,2,99.2,8462,16126,52.5
1785433599.786,17:46:39,baseline,3,99.0,8654,16126,53.7
1785433599.786,17:46:39,baseline,4,99.2,8718,16126,54.1
1785433599.786,17:46:39,baseline,5,99.2,8575,16126,53.2
1785433599.786,17:46:39,baseline,6,99.3,8720,16126,54.1
1785433599.786,17:46:39,baseline,7,99.5,8574,16126,53.2
1785433600.786,17:46:40,baseline,0,96.2,10603,16126,65.8
1785433600.786,17:46:40,baseline,1,96.0,10603,16126,65.8
1785433600.786,17:46:40,baseline,2,96.5,10603,16126,65.8
1785433600.786,17:46:40,baseline,3,96.3,10603,16126,65.8
1785433600.786,17:46:40,baseline,4,96.3,10603,16126,65.8
1785433600.786,17:46:40,baseline,5,96.4,10603,16126,65.8
1785433600.786,17:46:40,baseline,6,96.8,10605,16126,65.8
1785433600.786,17:46:40,baseline,7,96.3,10603,16126,65.8
1785433601.786,17:46:41,baseline,0,96.2,10603,16126,65.8
1785433601.786,17:46:41,baseline,1,96.0,10603,16126,65.8
1785433601.786,17:46:41,baseline,2,96.5,10603,16126,65.8
1785433601.786,17:46:41,baseline,3,96.3,10603,16126,65.8
1785433601.786,17:46:41,baseline,4,96.3,10603,16126,65.8
1785433601.786,17:46:41,baseline,5,96.4,10603,16126,65.8
1785433601.786,17:46:41,baseline,6,96.8,10605,16126,65.8
1785433601.786,17:46:41,baseline,7,96.3,10603,16126,65.8
1785433602.786,17:46:42,baseline,0,96.2,10603,16126,65.8
1785433602.786,17:46:42,baseline,1,96.0,10603,16126,65.8
1785433602.786,17:46:42,baseline,2,96.5,10603,16126,65.8
1785433602.786,17:46:42,baseline,3,96.3,10603,16126,65.8
1785433602.786,17:46:42,baseline,4,96.3,10603,16126,65.8
1785433602.786,17:46:42,baseline,5,96.4,10603,16126,65.8
1785433602.786,17:46:42,baseline,6,96.8,10605,16126,65.8
1785433602.786,17:46:42,baseline,7,96.3,10603,16126,65.8
1785433603.786,17:46:43,baseline,0,96.2,10603,16126,65.8
1785433603.786,17:46:43,baseline,1,96.0,10603,16126,65.8
1785433603.786,17:46:43,baseline,2,96.5,10603,16126,65.8
1785433603.786,17:46:43,baseline,3,96.3,10603,16126,65.8
1785433603.786,17:46:43,baseline,4,96.3,10603,16126,65.8
1785433603.786,17:46:43,baseline,5,96.4,10603,16126,65.8
1785433603.786,17:46:43,baseline,6,96.8,10605,16126,65.8
1785433603.786,17:46:43,baseline,7,96.3,10603,16126,65.8
1785433604.787,17:46:44,baseline,0,96.2,10603,16126,65.8
1785433604.787,17:46:44,baseline,1,96.0,10603,16126,65.8
1785433604.787,17:46:44,baseline,2,96.5,10603,16126,65.8
1785433604.787,17:46:44,baseline,3,96.3,10603,16126,65.8
1785433604.787,17:46:44,baseline,4,96.3,10603,16126,65.8
1785433604.787,17:46:44,baseline,5,96.4,10603,16126,65.8
1785433604.787,17:46:44,baseline,6,96.8,10605,16126,65.8
1785433604.787,17:46:44,baseline,7,96.3,10603,16126,65.8
1785433605.787,17:46:45,baseline,0,100.0,8510,16126,52.8
1785433605.787,17:46:45,baseline,1,100.0,8462,16126,52.5
1785433605.787,17:46:45,baseline,2,100.0,8654,16126,53.7
1785433605.787,17:46:45,baseline,3,100.0,8462,16126,52.5
1785433605.787,17:46:45,baseline,4,100.0,8446,16126,52.4
1785433605.787,17:46:45,baseline,5,100.0,8559,16126,53.1
1785433605.787,17:46:45,baseline,6,100.0,8560,16126,53.1
1785433605.787,17:46:45,baseline,7,100.0,8511,16126,52.8
1785433606.787,17:46:46,baseline,0,100.0,8510,16126,52.8
1785433606.787,17:46:46,baseline,1,100.0,8462,16126,52.5
1785433606.787,17:46:46,baseline,2,100.0,8654,16126,53.7
1785433606.787,17:46:46,baseline,3,100.0,8462,16126,52.5
1785433606.787,17:46:46,baseline,4,100.0,8446,16126,52.4
1785433606.787,17:46:46,baseline,5,100.0,8559,16126,53.1
1785433606.787,17:46:46,baseline,6,100.0,8560,16126,53.1
1785433606.787,17:46:46,baseline,7,100.0,8511,16126,52.8
1785433607.787,17:46:47,baseline,0,100.0,8510,16126,52.8
1785433607.787,17:46:47,baseline,1,100.0,8462,16126,52.5
1785433607.787,17:46:47,baseline,2,100.0,8654,16126,53.7
1785433607.787,17:46:47,baseline,3,100.0,8462,16126,52.5
1785433607.787,17:46:47,baseline,4,100.0,8446,16126,52.4
1785433607.787,17:46:47,baseline,5,100.0,8559,16126,53.1
1785433607.787,17:46:47,baseline,6,100.0,8560,16126,53.1
1785433607.787,17:46:47,baseline,7,100.0,8511,16126,52.8
1785433608.787,17:46:48,baseline,0,100.0,8510,16126,52.8
1785433608.787,17:46:48,baseline,1,100.0,8462,16126,52.5
1785433608.787,17:46:48,baseline,2,100.0,8654,16126,53.7
1785433608.787,17:46:48,baseline,3,100.0,8462,16126,52.5
1785433608.787,17:46:48,baseline,4,100.0,8446,16126,52.4
1785433608.787,17:46:48,baseline,5,100.0,8559,16126,53.1
1785433608.787,17:46:48,baseline,6,100.0,8560,16126,53.1
1785433608.787,17:46:48,baseline,7,100.0,8511,16126,52.8
1785433609.787,17:46:49,baseline,0,100.0,8510,16126,52.8
1785433609.787,17:46:49,baseline,1,100.0,8462,16126,52.5
1785433609.787,17:46:49,baseline,2,100.0,8654,16126,53.7
1785433609.787,17:46:49,baseline,3,100.0,8462,16126,52.5
1785433609.787,17:46:49,baseline,4,100.0,8446,16126,52.4
1785433609.787,17:46:49,baseline,5,100.0,8559,16126,53.1
1785433609.787,17:46:49,baseline,6,100.0,8560,16126,53.1
1785433609.787,17:46:49,baseline,7,100.0,8511,16126,52.8
1785433610.787,17:46:50,baseline,0,98.3,10603,16126,65.8
1785433610.787,17:46:50,baseline,1,98.1,10603,16126,65.8
1785433610.787,17:46:50,baseline,2,97.7,10603,16126,65.8
1785433610.787,17:46:50,baseline,3,98.3,10603,16126,65.8
1785433610.787,17:46:50,baseline,4,98.3,10603,16126,65.8
1785433610.787,17:46:50,baseline,5,98.0,10603,16126,65.8
1785433610.787,17:46:50,baseline,6,97.9,10605,16126,65.8
1785433610.787,17:46:50,baseline,7,98.3,10603,16126,65.8
1785433611.787,17:46:51,baseline,0,98.3,10603,16126,65.8
1785433611.787,17:46:51,baseline,1,98.1,10603,16126,65.8
1785433611.787,17:46:51,baseline,2,97.7,10603,16126,65.8
1785433611.787,17:46:51,baseline,3,98.3,10603,16126,65.8
1785433611.787,17:46:51,baseline,4,98.3,10603,16126,65.8
1785433611.787,17:46:51,baseline,5,98.0,10603,16126,65.8
1785433611.787,17:46:51,baseline,6,97.9,10605,16126,65.8
1785433611.787,17:46:51,baseline,7,98.3,10603,16126,65.8
1785433612.788,17:46:52,baseline,0,98.3,10603,16126,65.8
1785433612.788,17:46:52,baseline,1,98.1,10603,16126,65.8
1785433612.788,17:46:52,baseline,2,97.7,10603,16126,65.8
1785433612.788,17:46:52,baseline,3,98.3,10603,16126,65.8
1785433612.788,17:46:52,baseline,4,98.3,10603,16126,65.8
1785433612.788,17:46:52,baseline,5,98.0,10603,16126,65.8
1785433612.788,17:46:52,baseline,6,97.9,10605,16126,65.8
1785433612.788,17:46:52,baseline,7,98.3,10603,16126,65.8
1785433613.788,17:46:53,baseline,0,98.3,10603,16126,65.8
1785433613.788,17:46:53,baseline,1,98.1,10603,16126,65.8
1785433613.788,17:46:53,baseline,2,97.7,10603,16126,65.8
1785433613.788,17:46:53,baseline,3,98.3,10603,16126,65.8
1785433613.788,17:46:53,baseline,4,98.3,10603,16126,65.8
1785433613.788,17:46:53,baseline,5,98.0,10603,16126,65.8
1785433613.788,17:46:53,baseline,6,97.9,10605,16126,65.8
1785433613.788,17:46:53,baseline,7,98.3,10603,16126,65.8
1785433614.788,17:46:54,baseline,0,98.3,10603,16126,65.8
1785433614.788,17:46:54,baseline,1,98.1,10603,16126,65.8
1785433614.788,17:46:54,baseline,2,97.7,10603,16126,65.8
1785433614.788,17:46:54,baseline,3,98.3,10603,16126,65.8
1785433614.788,17:46:54,baseline,4,98.3,10603,16126,65.8
1785433614.788,17:46:54,baseline,5,98.0,10603,16126,65.8
1785433614.788,17:46:54,baseline,6,97.9,10605,16126,65.8
1785433614.788,17:46:54,baseline,7,98.3,10603,16126,65.8
1785433615.788,17:46:55,baseline,0,99.9,8606,16126,53.4
1785433615.788,17:46:55,baseline,1,99.9,8575,16126,53.2
1785433615.788,17:46:55,baseline,2,100.0,8510,16126,52.8
1785433615.788,17:46:55,baseline,3,99.7,8782,16126,54.5
1785433615.788,17:46:55,baseline,4,99.9,8718,16126,54.1
1785433615.788,17:46:55,baseline,5,99.7,8575,16126,53.2
1785433615.788,17:46:55,baseline,6,100.0,8656,16126,53.7
1785433615.788,17:46:55,baseline,7,99.7,8574,16126,53.2
1785433616.788,17:46:56,baseline,0,99.9,8606,16126,53.4
1785433616.788,17:46:56,baseline,1,99.9,8575,16126,53.2
1785433616.788,17:46:56,baseline,2,100.0,8510,16126,52.8
1785433616.788,17:46:56,baseline,3,99.7,8782,16126,54.5
1785433616.788,17:46:56,baseline,4,99.9,8718,16126,54.1
1785433616.788,17:46:56,baseline,5,99.7,8575,16126,53.2
1785433616.788,17:46:56,baseline,6,100.0,8656,16126,53.7
1785433616.788,17:46:56,baseline,7,99.7,8574,16126,53.2
1785433617.788,17:46:57,baseline,0,99.9,8606,16126,53.4
1785433617.788,17:46:57,baseline,1,99.9,8575,16126,53.2
1785433617.788,17:46:57,baseline,2,100.0,8510,16126,52.8
1785433617.788,17:46:57,baseline,3,99.7,8782,16126,54.5
1785433617.788,17:46:57,baseline,4,99.9,8718,16126,54.1
1785433617.788,17:46:57,baseline,5,99.7,8575,16126,53.2
1785433617.788,17:46:57,baseline,6,100.0,8656,16126,53.7
1785433617.788,17:46:57,baseline,7,99.7,8574,16126,53.2
1785433618.788,17:46:58,baseline,0,99.9,8606,16126,53.4
1785433618.788,17:46:58,baseline,1,99.9,8575,16126,53.2
1785433618.788,17:46:58,baseline,2,100.0,8510,16126,52.8
1785433618.788,17:46:58,baseline,3,99.7,8782,16126,54.5
1785433618.788,17:46:58,baseline,4,99.9,8718,16126,54.1
1785433618.788,17:46:58,baseline,5,99.7,8575,16126,53.2
1785433618.788,17:46:58,baseline,6,100.0,8656,16126,53.7
1785433618.788,17:46:58,baseline,7,99.7,8574,16126,53.2
1785433619.788,17:46:59,baseline,0,99.9,8606,16126,53.4
1785433619.788,17:46:59,baseline,1,99.9,8575,16126,53.2
1785433619.788,17:46:59,baseline,2,100.0,8510,16126,52.8
1785433619.788,17:46:59,baseline,3,99.7,8782,16126,54.5
1785433619.788,17:46:59,baseline,4,99.9,8718,16126,54.1
1785433619.788,17:46:59,baseline,5,99.7,8575,16126,53.2
1785433619.788,17:46:59,baseline,6,100.0,8656,16126,53.7
1785433619.788,17:46:59,baseline,7,99.7,8574,16126,53.2
1785433620.788,17:47:00,baseline,0,98.7,10603,16126,65.8
1785433620.788,17:47:00,baseline,1,98.5,10603,16126,65.8
1785433620.788,17:47:00,baseline,2,98.6,10603,16126,65.8
1785433620.788,17:47:00,baseline,3,98.4,10603,16126,65.8
1785433620.788,17:47:00,baseline,4,98.5,10603,16126,65.8
1785433620.788,17:47:00,baseline,5,98.1,10603,16126,65.8
1785433620.788,17:47:00,baseline,6,98.7,10605,16126,65.8
1785433620.788,17:47:00,baseline,7,98.2,10603,16126,65.8
1785433621.789,17:47:01,baseline,0,98.7,10603,16126,65.8
1785433621.789,17:47:01,baseline,1,98.5,10603,16126,65.8
1785433621.789,17:47:01,baseline,2,98.6,10603,16126,65.8
1785433621.789,17:47:01,baseline,3,98.4,10603,16126,65.8
1785433621.789,17:47:01,baseline,4,98.5,10603,16126,65.8
1785433621.789,17:47:01,baseline,5,98.1,10603,16126,65.8
1785433621.789,17:47:01,baseline,6,98.7,10605,16126,65.8
1785433621.789,17:47:01,baseline,7,98.2,10603,16126,65.8
1785433622.789,17:47:02,baseline,0,98.7,10603,16126,65.8
1785433622.789,17:47:02,baseline,1,98.5,10603,16126,65.8
1785433622.789,17:47:02,baseline,2,98.6,10603,16126,65.8
1785433622.789,17:47:02,baseline,3,98.4,10603,16126,65.8
1785433622.789,17:47:02,baseline,4,98.5,10603,16126,65.8
1785433622.789,17:47:02,baseline,5,98.1,10603,16126,65.8
1785433622.789,17:47:02,baseline,6,98.7,10605,16126,65.8
1785433622.789,17:47:02,baseline,7,98.2,10603,16126,65.8
1785433623.789,17:47:03,baseline,0,98.7,10603,16126,65.8
1785433623.789,17:47:03,baseline,1,98.5,10603,16126,65.8
1785433623.789,17:47:03,baseline,2,98.6,10603,16126,65.8
1785433623.789,17:47:03,baseline,3,98.4,10603,16126,65.8
1785433623.789,17:47:03,baseline,4,98.5,10603,16126,65.8
1785433623.789,17:47:03,baseline,5,98.1,10603,16126,65.8
1785433623.789,17:47:03,baseline,6,98.7,10605,16126,65.8
1785433623.789,17:47:03,baseline,7,98.2,10603,16126,65.8
1785433624.789,17:47:04,baseline,0,98.7,10603,16126,65.8
1785433624.789,17:47:04,baseline,1,98.5,10603,16126,65.8
1785433624.789,17:47:04,baseline,2,98.6,10603,16126,65.8
1785433624.789,17:47:04,baseline,3,98.4,10603,16126,65.8
1785433624.789,17:47:04,baseline,4,98.5,10603,16126,65.8
1785433624.789,17:47:04,baseline,5,98.1,10603,16126,65.8
1785433624.789,17:47:04,baseline,6,98.7,10605,16126,65.8
1785433624.789,17:47:04,baseline,7,98.2,10603,16126,65.8
1785433625.789,17:47:05,baseline,0,96.3,10743,16126,66.6
1785433625.789,17:47:05,baseline,1,96.5,10743,16126,66.6
1785433625.789,17:47:05,baseline,2,96.8,10743,16126,66.6
1785433625.789,17:47:05,baseline,3,96.5,10743,16126,66.6
1785433625.789,17:47:05,baseline,4,96.6,10743,16126,66.6
1785433625.789,17:47:05,baseline,5,96.5,10743,16126,66.6
1785433625.789,17:47:05,baseline,6,96.6,10744,16126,66.6
1785433625.789,17:47:05,baseline,7,95.9,10743,16126,66.6
1785433626.789,17:47:06,baseline,0,96.3,10743,16126,66.6
1785433626.789,17:47:06,baseline,1,96.5,10743,16126,66.6
1785433626.789,17:47:06,baseline,2,96.8,10743,16126,66.6
1785433626.789,17:47:06,baseline,3,96.5,10743,16126,66.6
1785433626.789,17:47:06,baseline,4,96.6,10743,16126,66.6
1785433626.789,17:47:06,baseline,5,96.5,10743,16126,66.6
1785433626.789,17:47:06,baseline,6,96.6,10744,16126,66.6
1785433626.789,17:47:06,baseline,7,95.9,10743,16126,66.6
1785433627.789,17:47:07,baseline,0,96.3,10743,16126,66.6
1785433627.789,17:47:07,baseline,1,96.5,10743,16126,66.6
1785433627.789,17:47:07,baseline,2,96.8,10743,16126,66.6
1785433627.789,17:47:07,baseline,3,96.5,10743,16126,66.6
1785433627.789,17:47:07,baseline,4,96.6,10743,16126,66.6
1785433627.789,17:47:07,baseline,5,96.5,10743,16126,66.6
1785433627.789,17:47:07,baseline,6,96.6,10744,16126,66.6
1785433627.789,17:47:07,baseline,7,95.9,10743,16126,66.6
1785433628.789,17:47:08,baseline,0,96.3,10743,16126,66.6
1785433628.789,17:47:08,baseline,1,96.5,10743,16126,66.6
1785433628.789,17:47:08,baseline,2,96.8,10743,16126,66.6
1785433628.789,17:47:08,baseline,3,96.5,10743,16126,66.6
1785433628.789,17:47:08,baseline,4,96.6,10743,16126,66.6
1785433628.789,17:47:08,baseline,5,96.5,10743,16126,66.6
1785433628.789,17:47:08,baseline,6,96.6,10744,16126,66.6
1785433628.789,17:47:08,baseline,7,95.9,10743,16126,66.6
1785433629.789,17:47:09,baseline,0,96.3,10743,16126,66.6
1785433629.789,17:47:09,baseline,1,96.5,10743,16126,66.6
1785433629.789,17:47:09,baseline,2,96.8,10743,16126,66.6
1785433629.789,17:47:09,baseline,3,96.5,10743,16126,66.6
1785433629.789,17:47:09,baseline,4,96.6,10743,16126,66.6
1785433629.789,17:47:09,baseline,5,96.5,10743,16126,66.6
1785433629.789,17:47:09,baseline,6,96.6,10744,16126,66.6
1785433629.789,17:47:09,baseline,7,95.9,10743,16126,66.6
1785433630.789,17:47:10,baseline,0,100.0,8574,16126,53.2
1785433630.789,17:47:10,baseline,1,100.0,8718,16126,54.1
1785433630.789,17:47:10,baseline,2,100.0,8638,16126,53.6
1785433630.789,17:47:10,baseline,3,100.0,8446,16126,52.4
1785433630.789,17:47:10,baseline,4,100.0,8478,16126,52.6
1785433630.789,17:47:10,baseline,5,100.0,8718,16126,54.1
1785433630.789,17:47:10,baseline,6,100.0,8528,16126,52.9
1785433630.789,17:47:10,baseline,7,100.0,8590,16126,53.3
1785433631.79,17:47:11,baseline,0,100.0,8574,16126,53.2
1785433631.79,17:47:11,baseline,1,100.0,8718,16126,54.1
1785433631.79,17:47:11,baseline,2,100.0,8638,16126,53.6
1785433631.79,17:47:11,baseline,3,100.0,8446,16126,52.4
1785433631.79,17:47:11,baseline,4,100.0,8478,16126,52.6
1785433631.79,17:47:11,baseline,5,100.0,8718,16126,54.1
1785433631.79,17:47:11,baseline,6,100.0,8528,16126,52.9
1785433631.79,17:47:11,baseline,7,100.0,8590,16126,53.3
1785433632.79,17:47:12,baseline,0,100.0,8574,16126,53.2
1785433632.79,17:47:12,baseline,1,100.0,8718,16126,54.1
1785433632.79,17:47:12,baseline,2,100.0,8638,16126,53.6
1785433632.79,17:47:12,baseline,3,100.0,8446,16126,52.4
1785433632.79,17:47:12,baseline,4,100.0,8478,16126,52.6
1785433632.79,17:47:12,baseline,5,100.0,8718,16126,54.1
1785433632.79,17:47:12,baseline,6,100.0,8528,16126,52.9
1785433632.79,17:47:12,baseline,7,100.0,8590,16126,53.3
1785433633.79,17:47:13,baseline,0,100.0,8574,16126,53.2
1785433633.79,17:47:13,baseline,1,100.0,8718,16126,54.1
1785433633.79,17:47:13,baseline,2,100.0,8638,16126,53.6
1785433633.79,17:47:13,baseline,3,100.0,8446,16126,52.4
1785433633.79,17:47:13,baseline,4,100.0,8478,16126,52.6
1785433633.79,17:47:13,baseline,5,100.0,8718,16126,54.1
1785433633.79,17:47:13,baseline,6,100.0,8528,16126,52.9
1785433633.79,17:47:13,baseline,7,100.0,8590,16126,53.3
1785433634.79,17:47:14,baseline,0,100.0,8574,16126,53.2
1785433634.79,17:47:14,baseline,1,100.0,8718,16126,54.1
1785433634.79,17:47:14,baseline,2,100.0,8638,16126,53.6
1785433634.79,17:47:14,baseline,3,100.0,8446,16126,52.4
1785433634.79,17:47:14,baseline,4,100.0,8478,16126,52.6
1785433634.79,17:47:14,baseline,5,100.0,8718,16126,54.1
1785433634.79,17:47:14,baseline,6,100.0,8528,16126,52.9
1785433634.79,17:47:14,baseline,7,100.0,8590,16126,53.3
1785433635.79,17:47:15,baseline,0,98.2,10743,16126,66.6
1785433635.79,17:47:15,baseline,1,98.7,10743,16126,66.6
1785433635.79,17:47:15,baseline,2,98.1,10743,16126,66.6
1785433635.79,17:47:15,baseline,3,97.9,10743,16126,66.6
1785433635.79,17:47:15,baseline,4,98.3,10743,16126,66.6
1785433635.79,17:47:15,baseline,5,97.8,10743,16126,66.6
1785433635.79,17:47:15,baseline,6,97.4,10744,16126,66.6
1785433635.79,17:47:15,baseline,7,97.8,10743,16126,66.6
1785433636.79,17:47:16,baseline,0,98.2,10743,16126,66.6
1785433636.79,17:47:16,baseline,1,98.7,10743,16126,66.6
1785433636.79,17:47:16,baseline,2,98.1,10743,16126,66.6
1785433636.79,17:47:16,baseline,3,97.9,10743,16126,66.6
1785433636.79,17:47:16,baseline,4,98.3,10743,16126,66.6
1785433636.79,17:47:16,baseline,5,97.8,10743,16126,66.6
1785433636.79,17:47:16,baseline,6,97.4,10744,16126,66.6
1785433636.79,17:47:16,baseline,7,97.8,10743,16126,66.6
1785433637.79,17:47:17,baseline,0,98.2,10743,16126,66.6
1785433637.79,17:47:17,baseline,1,98.7,10743,16126,66.6
1785433637.79,17:47:17,baseline,2,98.1,10743,16126,66.6
1785433637.79,17:47:17,baseline,3,97.9,10743,16126,66.6
1785433637.79,17:47:17,baseline,4,98.3,10743,16126,66.6
1785433637.79,17:47:17,baseline,5,97.8,10743,16126,66.6
1785433637.79,17:47:17,baseline,6,97.4,10744,16126,66.6
1785433637.79,17:47:17,baseline,7,97.8,10743,16126,66.6
1785433638.79,17:47:18,baseline,0,98.2,10743,16126,66.6
1785433638.79,17:47:18,baseline,1,98.7,10743,16126,66.6
1785433638.79,17:47:18,baseline,2,98.1,10743,16126,66.6
1785433638.79,17:47:18,baseline,3,97.9,10743,16126,66.6
1785433638.79,17:47:18,baseline,4,98.3,10743,16126,66.6
1785433638.79,17:47:18,baseline,5,97.8,10743,16126,66.6
1785433638.79,17:47:18,baseline,6,97.4,10744,16126,66.6
1785433638.79,17:47:18,baseline,7,97.8,10743,16126,66.6
1785433639.79,17:47:19,baseline,0,98.2,10743,16126,66.6
1785433639.79,17:47:19,baseline,1,98.7,10743,16126,66.6
1785433639.79,17:47:19,baseline,2,98.1,10743,16126,66.6
1785433639.79,17:47:19,baseline,3,97.9,10743,16126,66.6
1785433639.79,17:47:19,baseline,4,98.3,10743,16126,66.6
1785433639.79,17:47:19,baseline,5,97.8,10743,16126,66.6
1785433639.79,17:47:19,baseline,6,97.4,10744,16126,66.6
1785433639.79,17:47:19,baseline,7,97.8,10743,16126,66.6
1785433640.791,17:47:20,baseline,0,99.5,8478,16126,52.6
1785433640.791,17:47:20,baseline,1,99.4,8558,16126,53.1
1785433640.791,17:47:20,baseline,2,99.6,8462,16126,52.5
1785433640.791,17:47:20,baseline,3,99.6,8558,16126,53.1
1785433640.791,17:47:20,baseline,4,99.7,8622,16126,53.5
1785433640.791,17:47:20,baseline,5,100.0,8558,16126,53.1
1785433640.791,17:47:20,baseline,6,99.7,8672,16126,53.8
1785433640.791,17:47:20,baseline,7,99.5,8638,16126,53.6
1785433641.791,17:47:21,baseline,0,99.5,8478,16126,52.6
1785433641.791,17:47:21,baseline,1,99.4,8558,16126,53.1
1785433641.791,17:47:21,baseline,2,99.6,8462,16126,52.5
1785433641.791,17:47:21,baseline,3,99.6,8558,16126,53.1
1785433641.791,17:47:21,baseline,4,99.7,8622,16126,53.5
1785433641.791,17:47:21,baseline,5,100.0,8558,16126,53.1
1785433641.791,17:47:21,baseline,6,99.7,8672,16126,53.8
1785433641.791,17:47:21,baseline,7,99.5,8638,16126,53.6
1785433642.791,17:47:22,baseline,0,99.5,8478,16126,52.6
1785433642.791,17:47:22,baseline,1,99.4,8558,16126,53.1
1785433642.791,17:47:22,baseline,2,99.6,8462,16126,52.5
1785433642.791,17:47:22,baseline,3,99.6,8558,16126,53.1
1785433642.791,17:47:22,baseline,4,99.7,8622,16126,53.5
1785433642.791,17:47:22,baseline,5,100.0,8558,16126,53.1
1785433642.791,17:47:22,baseline,6,99.7,8672,16126,53.8
1785433642.791,17:47:22,baseline,7,99.5,8638,16126,53.6
1785433643.791,17:47:23,baseline,0,99.5,8478,16126,52.6
1785433643.791,17:47:23,baseline,1,99.4,8558,16126,53.1
1785433643.791,17:47:23,baseline,2,99.6,8462,16126,52.5
1785433643.791,17:47:23,baseline,3,99.6,8558,16126,53.1
1785433643.791,17:47:23,baseline,4,99.7,8622,16126,53.5
1785433643.791,17:47:23,baseline,5,100.0,8558,16126,53.1
1785433643.791,17:47:23,baseline,6,99.7,8672,16126,53.8
1785433643.791,17:47:23,baseline,7,99.5,8638,16126,53.6
1785433644.791,17:47:24,baseline,0,99.5,8478,16126,52.6
1785433644.791,17:47:24,baseline,1,99.4,8558,16126,53.1
1785433644.791,17:47:24,baseline,2,99.6,8462,16126,52.5
1785433644.791,17:47:24,baseline,3,99.6,8558,16126,53.1
1785433644.791,17:47:24,baseline,4,99.7,8622,16126,53.5
1785433644.791,17:47:24,baseline,5,100.0,8558,16126,53.1
1785433644.791,17:47:24,baseline,6,99.7,8672,16126,53.8
1785433644.791,17:47:24,baseline,7,99.5,8638,16126,53.6
1785433645.791,17:47:25,baseline,0,98.8,10697,16126,66.3
1785433645.791,17:47:25,baseline,1,98.5,10697,16126,66.3
1785433645.791,17:47:25,baseline,2,95.6,10743,16126,66.6
1785433645.791,17:47:25,baseline,3,95.5,10603,16126,65.8
1785433645.791,17:47:25,baseline,4,98.5,10603,16126,65.8
1785433645.791,17:47:25,baseline,5,98.5,10695,16126,66.3
1785433645.791,17:47:25,baseline,6,95.9,10605,16126,65.8
1785433645.791,17:47:25,baseline,7,96.1,10603,16126,65.8
1785433646.791,17:47:26,baseline,0,98.8,10697,16126,66.3
1785433646.791,17:47:26,baseline,1,98.5,10697,16126,66.3
1785433646.791,17:47:26,baseline,2,95.6,10743,16126,66.6
1785433646.791,17:47:26,baseline,3,95.5,10603,16126,65.8
1785433646.791,17:47:26,baseline,4,98.5,10603,16126,65.8
1785433646.791,17:47:26,baseline,5,98.5,10695,16126,66.3
1785433646.791,17:47:26,baseline,6,95.9,10605,16126,65.8
1785433646.791,17:47:26,baseline,7,96.1,10603,16126,65.8
1785433647.791,17:47:27,baseline,0,98.8,10697,16126,66.3
1785433647.791,17:47:27,baseline,1,98.5,10697,16126,66.3
1785433647.791,17:47:27,baseline,2,95.6,10743,16126,66.6
1785433647.791,17:47:27,baseline,3,95.5,10603,16126,65.8
1785433647.791,17:47:27,baseline,4,98.5,10603,16126,65.8
1785433647.791,17:47:27,baseline,5,98.5,10695,16126,66.3
1785433647.791,17:47:27,baseline,6,95.9,10605,16126,65.8
1785433647.791,17:47:27,baseline,7,96.1,10603,16126,65.8
1785433648.791,17:47:28,baseline,0,98.8,10697,16126,66.3
1785433648.791,17:47:28,baseline,1,98.5,10697,16126,66.3
1785433648.791,17:47:28,baseline,2,95.6,10743,16126,66.6
1785433648.791,17:47:28,baseline,3,95.5,10603,16126,65.8
1785433648.791,17:47:28,baseline,4,98.5,10603,16126,65.8
1785433648.791,17:47:28,baseline,5,98.5,10695,16126,66.3
1785433648.791,17:47:28,baseline,6,95.9,10605,16126,65.8
1785433648.791,17:47:28,baseline,7,96.1,10603,16126,65.8
1785433649.792,17:47:29,baseline,0,98.8,10697,16126,66.3
1785433649.792,17:47:29,baseline,1,98.5,10697,16126,66.3
1785433649.792,17:47:29,baseline,2,95.6,10743,16126,66.6
1785433649.792,17:47:29,baseline,3,95.5,10603,16126,65.8
1785433649.792,17:47:29,baseline,4,98.5,10603,16126,65.8
1785433649.792,17:47:29,baseline,5,98.5,10695,16126,66.3
1785433649.792,17:47:29,baseline,6,95.9,10605,16126,65.8
1785433649.792,17:47:29,baseline,7,96.1,10603,16126,65.8
1785433650.792,17:47:30,baseline,0,98.7,8718,16126,54.1
1785433650.792,17:47:30,baseline,1,98.5,8686,16126,53.9
1785433650.792,17:47:30,baseline,2,100.0,8542,16126,53.0
1785433650.792,17:47:30,baseline,3,100.0,8543,16126,53.0
1785433650.792,17:47:30,baseline,4,98.5,8462,16126,52.5
1785433650.792,17:47:30,baseline,5,98.3,8750,16126,54.3
1785433650.792,17:47:30,baseline,6,100.0,8512,16126,52.8
1785433650.792,17:47:30,baseline,7,100.0,8478,16126,52.6
1785433651.792,17:47:31,baseline,0,98.7,8718,16126,54.1
1785433651.792,17:47:31,baseline,1,98.5,8686,16126,53.9
1785433651.792,17:47:31,baseline,2,100.0,8542,16126,53.0
1785433651.792,17:47:31,baseline,3,100.0,8543,16126,53.0
1785433651.792,17:47:31,baseline,4,98.5,8462,16126,52.5
1785433651.792,17:47:31,baseline,5,98.3,8750,16126,54.3
1785433651.792,17:47:31,baseline,6,100.0,8512,16126,52.8
1785433651.792,17:47:31,baseline,7,100.0,8478,16126,52.6
1785433652.792,17:47:32,baseline,0,98.7,8718,16126,54.1
1785433652.792,17:47:32,baseline,1,98.5,8686,16126,53.9
1785433652.792,17:47:32,baseline,2,100.0,8542,16126,53.0
1785433652.792,17:47:32,baseline,3,100.0,8543,16126,53.0
1785433652.792,17:47:32,baseline,4,98.5,8462,16126,52.5
1785433652.792,17:47:32,baseline,5,98.3,8750,16126,54.3
1785433652.792,17:47:32,baseline,6,100.0,8512,16126,52.8
1785433652.792,17:47:32,baseline,7,100.0,8478,16126,52.6
1785433653.792,17:47:33,baseline,0,98.7,8718,16126,54.1
1785433653.792,17:47:33,baseline,1,98.5,8686,16126,53.9
1785433653.792,17:47:33,baseline,2,100.0,8542,16126,53.0
1785433653.792,17:47:33,baseline,3,100.0,8543,16126,53.0
1785433653.792,17:47:33,baseline,4,98.5,8462,16126,52.5
1785433653.792,17:47:33,baseline,5,98.3,8750,16126,54.3
1785433653.792,17:47:33,baseline,6,100.0,8512,16126,52.8
1785433653.792,17:47:33,baseline,7,100.0,8478,16126,52.6
1785433654.792,17:47:34,baseline,0,98.7,8718,16126,54.1
1785433654.792,17:47:34,baseline,1,98.5,8686,16126,53.9
1785433654.792,17:47:34,baseline,2,100.0,8542,16126,53.0
1785433654.792,17:47:34,baseline,3,100.0,8543,16126,53.0
1785433654.792,17:47:34,baseline,4,98.5,8462,16126,52.5
1785433654.792,17:47:34,baseline,5,98.3,8750,16126,54.3
1785433654.792,17:47:34,baseline,6,100.0,8512,16126,52.8
1785433654.792,17:47:34,baseline,7,100.0,8478,16126,52.6
1785433655.792,17:47:35,baseline,0,97.0,10604,16126,65.8
1785433655.792,17:47:35,baseline,1,97.0,10604,16126,65.8
1785433655.792,17:47:35,baseline,2,98.6,10604,16126,65.8
1785433655.792,17:47:35,baseline,3,98.5,10604,16126,65.8
1785433655.792,17:47:35,baseline,4,97.0,10604,16126,65.8
1785433655.792,17:47:35,baseline,5,97.2,10603,16126,65.8
1785433655.792,17:47:35,baseline,6,98.5,10605,16126,65.8
1785433655.792,17:47:35,baseline,7,98.2,10603,16126,65.8
1785433656.792,17:47:36,baseline,0,97.0,10604,16126,65.8
1785433656.792,17:47:36,baseline,1,97.0,10604,16126,65.8
1785433656.792,17:47:36,baseline,2,98.6,10604,16126,65.8
1785433656.792,17:47:36,baseline,3,98.5,10604,16126,65.8
1785433656.792,17:47:36,baseline,4,97.0,10604,16126,65.8
1785433656.792,17:47:36,baseline,5,97.2,10603,16126,65.8
1785433656.792,17:47:36,baseline,6,98.5,10605,16126,65.8
1785433656.792,17:47:36,baseline,7,98.2,10603,16126,65.8
1785433657.792,17:47:37,baseline,0,97.0,10604,16126,65.8
1785433657.792,17:47:37,baseline,1,97.0,10604,16126,65.8
1785433657.792,17:47:37,baseline,2,98.6,10604,16126,65.8
1785433657.792,17:47:37,baseline,3,98.5,10604,16126,65.8
1785433657.792,17:47:37,baseline,4,97.0,10604,16126,65.8
1785433657.792,17:47:37,baseline,5,97.2,10603,16126,65.8
1785433657.792,17:47:37,baseline,6,98.5,10605,16126,65.8
1785433657.792,17:47:37,baseline,7,98.2,10603,16126,65.8
1785433658.792,17:47:38,baseline,0,97.0,10604,16126,65.8
1785433658.792,17:47:38,baseline,1,97.0,10604,16126,65.8
1785433658.792,17:47:38,baseline,2,98.6,10604,16126,65.8
1785433658.792,17:47:38,baseline,3,98.5,10604,16126,65.8
1785433658.792,17:47:38,baseline,4,97.0,10604,16126,65.8
1785433658.792,17:47:38,baseline,5,97.2,10603,16126,65.8
1785433658.792,17:47:38,baseline,6,98.5,10605,16126,65.8
1785433658.792,17:47:38,baseline,7,98.2,10603,16126,65.8
1785433659.793,17:47:39,baseline,0,97.0,10604,16126,65.8
1785433659.793,17:47:39,baseline,1,97.0,10604,16126,65.8
1785433659.793,17:47:39,baseline,2,98.6,10604,16126,65.8
1785433659.793,17:47:39,baseline,3,98.5,10604,16126,65.8
1785433659.793,17:47:39,baseline,4,97.0,10604,16126,65.8
1785433659.793,17:47:39,baseline,5,97.2,10603,16126,65.8
1785433659.793,17:47:39,baseline,6,98.5,10605,16126,65.8
1785433659.793,17:47:39,baseline,7,98.2,10603,16126,65.8
1785433660.793,17:47:40,baseline,0,100.0,8558,16126,53.1
1785433660.793,17:47:40,baseline,1,100.0,8558,16126,53.1
1785433660.793,17:47:40,baseline,2,100.0,8526,16126,52.9
1785433660.793,17:47:40,baseline,3,100.0,8575,16126,53.2
1785433660.793,17:47:40,baseline,4,100.0,8606,16126,53.4
1785433660.793,17:47:40,baseline,5,100.0,8558,16126,53.1
1785433660.793,17:47:40,baseline,6,100.0,8544,16126,53.0
1785433660.793,17:47:40,baseline,7,100.0,8670,16126,53.8
1785433661.793,17:47:41,baseline,0,100.0,8558,16126,53.1
1785433661.793,17:47:41,baseline,1,100.0,8558,16126,53.1
1785433661.793,17:47:41,baseline,2,100.0,8526,16126,52.9
1785433661.793,17:47:41,baseline,3,100.0,8575,16126,53.2
1785433661.793,17:47:41,baseline,4,100.0,8606,16126,53.4
1785433661.793,17:47:41,baseline,5,100.0,8558,16126,53.1
1785433661.793,17:47:41,baseline,6,100.0,8544,16126,53.0
1785433661.793,17:47:41,baseline,7,100.0,8670,16126,53.8
1785433662.793,17:47:42,baseline,0,100.0,8558,16126,53.1
1785433662.793,17:47:42,baseline,1,100.0,8558,16126,53.1
1785433662.793,17:47:42,baseline,2,100.0,8526,16126,52.9
1785433662.793,17:47:42,baseline,3,100.0,8575,16126,53.2
1785433662.793,17:47:42,baseline,4,100.0,8606,16126,53.4
1785433662.793,17:47:42,baseline,5,100.0,8558,16126,53.1
1785433662.793,17:47:42,baseline,6,100.0,8544,16126,53.0
1785433662.793,17:47:42,baseline,7,100.0,8670,16126,53.8
1785433663.793,17:47:43,baseline,0,100.0,8558,16126,53.1
1785433663.793,17:47:43,baseline,1,100.0,8558,16126,53.1
1785433663.793,17:47:43,baseline,2,100.0,8526,16126,52.9
1785433663.793,17:47:43,baseline,3,100.0,8575,16126,53.2
1785433663.793,17:47:43,baseline,4,100.0,8606,16126,53.4
1785433663.793,17:47:43,baseline,5,100.0,8558,16126,53.1
1785433663.793,17:47:43,baseline,6,100.0,8544,16126,53.0
1785433663.793,17:47:43,baseline,7,100.0,8670,16126,53.8
1785433664.793,17:47:44,baseline,0,100.0,8558,16126,53.1
1785433664.793,17:47:44,baseline,1,100.0,8558,16126,53.1
1785433664.793,17:47:44,baseline,2,100.0,8526,16126,52.9
1785433664.793,17:47:44,baseline,3,100.0,8575,16126,53.2
1785433664.793,17:47:44,baseline,4,100.0,8606,16126,53.4
1785433664.793,17:47:44,baseline,5,100.0,8558,16126,53.1
1785433664.793,17:47:44,baseline,6,100.0,8544,16126,53.0
1785433664.793,17:47:44,baseline,7,100.0,8670,16126,53.8
1785433665.793,17:47:45,baseline,0,98.2,10604,16126,65.8
1785433665.793,17:47:45,baseline,1,97.9,10603,16126,65.8
1785433665.793,17:47:45,baseline,2,98.4,10604,16126,65.8
1785433665.793,17:47:45,baseline,3,98.1,10604,16126,65.8
1785433665.793,17:47:45,baseline,4,98.6,10604,16126,65.8
1785433665.793,17:47:45,baseline,5,98.0,10603,16126,65.8
1785433665.793,17:47:45,baseline,6,98.0,10605,16126,65.8
1785433665.793,17:47:45,baseline,7,98.4,10603,16126,65.8
1785433666.793,17:47:46,baseline,0,98.2,10604,16126,65.8
1785433666.793,17:47:46,baseline,1,97.9,10603,16126,65.8
1785433666.793,17:47:46,baseline,2,98.4,10604,16126,65.8
1785433666.793,17:47:46,baseline,3,98.1,10604,16126,65.8
1785433666.793,17:47:46,baseline,4,98.6,10604,16126,65.8
1785433666.793,17:47:46,baseline,5,98.0,10603,16126,65.8
1785433666.793,17:47:46,baseline,6,98.0,10605,16126,65.8
1785433666.793,17:47:46,baseline,7,98.4,10603,16126,65.8
1785433667.794,17:47:47,baseline,0,98.2,10604,16126,65.8
1785433667.794,17:47:47,baseline,1,97.9,10603,16126,65.8
1785433667.794,17:47:47,baseline,2,98.4,10604,16126,65.8
1785433667.794,17:47:47,baseline,3,98.1,10604,16126,65.8
1785433667.794,17:47:47,baseline,4,98.6,10604,16126,65.8
1785433667.794,17:47:47,baseline,5,98.0,10603,16126,65.8
1785433667.794,17:47:47,baseline,6,98.0,10605,16126,65.8
1785433667.794,17:47:47,baseline,7,98.4,10603,16126,65.8
1785433668.794,17:47:48,baseline,0,98.2,10604,16126,65.8
1785433668.794,17:47:48,baseline,1,97.9,10603,16126,65.8
1785433668.794,17:47:48,baseline,2,98.4,10604,16126,65.8
1785433668.794,17:47:48,baseline,3,98.1,10604,16126,65.8
1785433668.794,17:47:48,baseline,4,98.6,10604,16126,65.8
1785433668.794,17:47:48,baseline,5,98.0,10603,16126,65.8
1785433668.794,17:47:48,baseline,6,98.0,10605,16126,65.8
1785433668.794,17:47:48,baseline,7,98.4,10603,16126,65.8
1785433669.794,17:47:49,baseline,0,98.2,10604,16126,65.8
1785433669.794,17:47:49,baseline,1,97.9,10603,16126,65.8
1785433669.794,17:47:49,baseline,2,98.4,10604,16126,65.8
1785433669.794,17:47:49,baseline,3,98.1,10604,16126,65.8
1785433669.794,17:47:49,baseline,4,98.6,10604,16126,65.8
1785433669.794,17:47:49,baseline,5,98.0,10603,16126,65.8
1785433669.794,17:47:49,baseline,6,98.0,10605,16126,65.8
1785433669.794,17:47:49,baseline,7,98.4,10603,16126,65.8
1785433670.794,17:47:50,baseline,0,96.8,10743,16126,66.6
1785433670.794,17:47:50,baseline,1,96.8,10743,16126,66.6
1785433670.794,17:47:50,baseline,2,96.2,10743,16126,66.6
1785433670.794,17:47:50,baseline,3,96.5,10743,16126,66.6
1785433670.794,17:47:50,baseline,4,96.7,10743,16126,66.6
1785433670.794,17:47:50,baseline,5,96.5,10743,16126,66.6
1785433670.794,17:47:50,baseline,6,96.7,10744,16126,66.6
1785433670.794,17:47:50,baseline,7,96.9,10743,16126,66.6
1785433671.794,17:47:51,baseline,0,96.8,10743,16126,66.6
1785433671.794,17:47:51,baseline,1,96.8,10743,16126,66.6
1785433671.794,17:47:51,baseline,2,96.2,10743,16126,66.6
1785433671.794,17:47:51,baseline,3,96.5,10743,16126,66.6
1785433671.794,17:47:51,baseline,4,96.7,10743,16126,66.6
1785433671.794,17:47:51,baseline,5,96.5,10743,16126,66.6
1785433671.794,17:47:51,baseline,6,96.7,10744,16126,66.6
1785433671.794,17:47:51,baseline,7,96.9,10743,16126,66.6
1785433672.794,17:47:52,baseline,0,96.8,10743,16126,66.6
1785433672.794,17:47:52,baseline,1,96.8,10743,16126,66.6
1785433672.794,17:47:52,baseline,2,96.2,10743,16126,66.6
1785433672.794,17:47:52,baseline,3,96.5,10743,16126,66.6
1785433672.794,17:47:52,baseline,4,96.7,10743,16126,66.6
1785433672.794,17:47:52,baseline,5,96.5,10743,16126,66.6
1785433672.794,17:47:52,baseline,6,96.7,10744,16126,66.6
1785433672.794,17:47:52,baseline,7,96.9,10743,16126,66.6
1785433673.794,17:47:53,baseline,0,96.8,10743,16126,66.6
1785433673.794,17:47:53,baseline,1,96.8,10743,16126,66.6
1785433673.794,17:47:53,baseline,2,96.2,10743,16126,66.6
1785433673.794,17:47:53,baseline,3,96.5,10743,16126,66.6
1785433673.794,17:47:53,baseline,4,96.7,10743,16126,66.6
1785433673.794,17:47:53,baseline,5,96.5,10743,16126,66.6
1785433673.794,17:47:53,baseline,6,96.7,10744,16126,66.6
1785433673.794,17:47:53,baseline,7,96.9,10743,16126,66.6
1785433674.794,17:47:54,baseline,0,96.8,10743,16126,66.6
1785433674.794,17:47:54,baseline,1,96.8,10743,16126,66.6
1785433674.794,17:47:54,baseline,2,96.2,10743,16126,66.6
1785433674.794,17:47:54,baseline,3,96.5,10743,16126,66.6
1785433674.794,17:47:54,baseline,4,96.7,10743,16126,66.6
1785433674.794,17:47:54,baseline,5,96.5,10743,16126,66.6
1785433674.794,17:47:54,baseline,6,96.7,10744,16126,66.6
1785433674.794,17:47:54,baseline,7,96.9,10743,16126,66.6
1785433675.794,17:47:55,baseline,0,100.0,10539,16126,65.4
1785433675.794,17:47:55,baseline,1,100.0,10540,16126,65.4
1785433675.794,17:47:55,baseline,2,100.0,10667,16126,66.1
1785433675.794,17:47:55,baseline,3,100.0,10747,16126,66.6
1785433675.794,17:47:55,baseline,4,100.0,10731,16126,66.5
1785433675.794,17:47:55,baseline,5,100.0,10668,16126,66.2
1785433675.794,17:47:55,baseline,6,100.0,10732,16126,66.6
1785433675.794,17:47:55,baseline,7,100.0,10795,16126,66.9
1785433676.795,17:47:56,baseline,0,100.0,10539,16126,65.4
1785433676.795,17:47:56,baseline,1,100.0,10540,16126,65.4
1785433676.795,17:47:56,baseline,2,100.0,10667,16126,66.1
1785433676.795,17:47:56,baseline,3,100.0,10747,16126,66.6
1785433676.795,17:47:56,baseline,4,100.0,10731,16126,66.5
1785433676.795,17:47:56,baseline,5,100.0,10668,16126,66.2
1785433676.795,17:47:56,baseline,6,100.0,10732,16126,66.6
1785433676.795,17:47:56,baseline,7,100.0,10795,16126,66.9
1785433677.795,17:47:57,baseline,0,100.0,10539,16126,65.4
1785433677.795,17:47:57,baseline,1,100.0,10540,16126,65.4
1785433677.795,17:47:57,baseline,2,100.0,10667,16126,66.1
1785433677.795,17:47:57,baseline,3,100.0,10747,16126,66.6
1785433677.795,17:47:57,baseline,4,100.0,10731,16126,66.5
1785433677.795,17:47:57,baseline,5,100.0,10668,16126,66.2
1785433677.795,17:47:57,baseline,6,100.0,10732,16126,66.6
1785433677.795,17:47:57,baseline,7,100.0,10795,16126,66.9
1785433678.795,17:47:58,baseline,0,100.0,10539,16126,65.4
1785433678.795,17:47:58,baseline,1,100.0,10540,16126,65.4
1785433678.795,17:47:58,baseline,2,100.0,10667,16126,66.1
1785433678.795,17:47:58,baseline,3,100.0,10747,16126,66.6
1785433678.795,17:47:58,baseline,4,100.0,10731,16126,66.5
1785433678.795,17:47:58,baseline,5,100.0,10668,16126,66.2
1785433678.795,17:47:58,baseline,6,100.0,10732,16126,66.6
1785433678.795,17:47:58,baseline,7,100.0,10795,16126,66.9
1785433679.795,17:47:59,baseline,0,100.0,10539,16126,65.4
1785433679.795,17:47:59,baseline,1,100.0,10540,16126,65.4
1785433679.795,17:47:59,baseline,2,100.0,10667,16126,66.1
1785433679.795,17:47:59,baseline,3,100.0,10747,16126,66.6
1785433679.795,17:47:59,baseline,4,100.0,10731,16126,66.5
1785433679.795,17:47:59,baseline,5,100.0,10668,16126,66.2
1785433679.795,17:47:59,baseline,6,100.0,10732,16126,66.6
1785433679.795,17:47:59,baseline,7,100.0,10795,16126,66.9
1785433680.795,17:48:00,baseline,0,97.9,10743,16126,66.6
1785433680.795,17:48:00,baseline,1,98.8,10743,16126,66.6
1785433680.795,17:48:00,baseline,2,98.1,10743,16126,66.6
1785433680.795,17:48:00,baseline,3,98.0,10743,16126,66.6
1785433680.795,17:48:00,baseline,4,98.1,10743,16126,66.6
1785433680.795,17:48:00,baseline,5,98.9,10743,16126,66.6
1785433680.795,17:48:00,baseline,6,98.5,10744,16126,66.6
1785433680.795,17:48:00,baseline,7,98.6,10743,16126,66.6
1785433681.795,17:48:01,baseline,0,97.9,10743,16126,66.6
1785433681.795,17:48:01,baseline,1,98.8,10743,16126,66.6
1785433681.795,17:48:01,baseline,2,98.1,10743,16126,66.6
1785433681.795,17:48:01,baseline,3,98.0,10743,16126,66.6
1785433681.795,17:48:01,baseline,4,98.1,10743,16126,66.6
1785433681.795,17:48:01,baseline,5,98.9,10743,16126,66.6
1785433681.795,17:48:01,baseline,6,98.5,10744,16126,66.6
1785433681.795,17:48:01,baseline,7,98.6,10743,16126,66.6
1785433682.795,17:48:02,baseline,0,97.9,10743,16126,66.6
1785433682.795,17:48:02,baseline,1,98.8,10743,16126,66.6
1785433682.795,17:48:02,baseline,2,98.1,10743,16126,66.6
1785433682.795,17:48:02,baseline,3,98.0,10743,16126,66.6
1785433682.795,17:48:02,baseline,4,98.1,10743,16126,66.6
1785433682.795,17:48:02,baseline,5,98.9,10743,16126,66.6
1785433682.795,17:48:02,baseline,6,98.5,10744,16126,66.6
1785433682.795,17:48:02,baseline,7,98.6,10743,16126,66.6
1785433683.795,17:48:03,baseline,0,97.9,10743,16126,66.6
1785433683.795,17:48:03,baseline,1,98.8,10743,16126,66.6
1785433683.795,17:48:03,baseline,2,98.1,10743,16126,66.6
1785433683.795,17:48:03,baseline,3,98.0,10743,16126,66.6
1785433683.795,17:48:03,baseline,4,98.1,10743,16126,66.6
1785433683.795,17:48:03,baseline,5,98.9,10743,16126,66.6
1785433683.795,17:48:03,baseline,6,98.5,10744,16126,66.6
1785433683.795,17:48:03,baseline,7,98.6,10743,16126,66.6
1785433684.795,17:48:04,baseline,0,97.9,10743,16126,66.6
1785433684.795,17:48:04,baseline,1,98.8,10743,16126,66.6
1785433684.795,17:48:04,baseline,2,98.1,10743,16126,66.6
1785433684.795,17:48:04,baseline,3,98.0,10743,16126,66.6
1785433684.795,17:48:04,baseline,4,98.1,10743,16126,66.6
1785433684.795,17:48:04,baseline,5,98.9,10743,16126,66.6
1785433684.795,17:48:04,baseline,6,98.5,10744,16126,66.6
1785433684.795,17:48:04,baseline,7,98.6,10743,16126,66.6
1785433685.796,17:48:05,baseline,0,99.7,8606,16126,53.4
1785433685.796,17:48:05,baseline,1,100.0,8478,16126,52.6
1785433685.796,17:48:05,baseline,2,100.0,8527,16126,52.9
1785433685.796,17:48:05,baseline,3,99.7,8511,16126,52.8
1785433685.796,17:48:05,baseline,4,100.0,8575,16126,53.2
1785433685.796,17:48:05,baseline,5,100.0,8510,16126,52.8
1785433685.796,17:48:05,baseline,6,99.6,8576,16126,53.2
1785433685.796,17:48:05,baseline,7,100.0,8575,16126,53.2
1785433686.796,17:48:06,baseline,0,99.7,8606,16126,53.4
1785433686.796,17:48:06,baseline,1,100.0,8478,16126,52.6
1785433686.796,17:48:06,baseline,2,100.0,8527,16126,52.9
1785433686.796,17:48:06,baseline,3,99.7,8511,16126,52.8
1785433686.796,17:48:06,baseline,4,100.0,8575,16126,53.2
1785433686.796,17:48:06,baseline,5,100.0,8510,16126,52.8
1785433686.796,17:48:06,baseline,6,99.6,8576,16126,53.2
1785433686.796,17:48:06,baseline,7,100.0,8575,16126,53.2
1785433687.796,17:48:07,baseline,0,99.7,8606,16126,53.4
1785433687.796,17:48:07,baseline,1,100.0,8478,16126,52.6
1785433687.796,17:48:07,baseline,2,100.0,8527,16126,52.9
1785433687.796,17:48:07,baseline,3,99.7,8511,16126,52.8
1785433687.796,17:48:07,baseline,4,100.0,8575,16126,53.2
1785433687.796,17:48:07,baseline,5,100.0,8510,16126,52.8
1785433687.796,17:48:07,baseline,6,99.6,8576,16126,53.2
1785433687.796,17:48:07,baseline,7,100.0,8575,16126,53.2
1785433688.796,17:48:08,baseline,0,99.7,8606,16126,53.4
1785433688.796,17:48:08,baseline,1,100.0,8478,16126,52.6
1785433688.796,17:48:08,baseline,2,100.0,8527,16126,52.9
1785433688.796,17:48:08,baseline,3,99.7,8511,16126,52.8
1785433688.796,17:48:08,baseline,4,100.0,8575,16126,53.2
1785433688.796,17:48:08,baseline,5,100.0,8510,16126,52.8
1785433688.796,17:48:08,baseline,6,99.6,8576,16126,53.2
1785433688.796,17:48:08,baseline,7,100.0,8575,16126,53.2
1785433689.796,17:48:09,baseline,0,99.7,8606,16126,53.4
1785433689.796,17:48:09,baseline,1,100.0,8478,16126,52.6
1785433689.796,17:48:09,baseline,2,100.0,8527,16126,52.9
1785433689.796,17:48:09,baseline,3,99.7,8511,16126,52.8
1785433689.796,17:48:09,baseline,4,100.0,8575,16126,53.2
1785433689.796,17:48:09,baseline,5,100.0,8510,16126,52.8
1785433689.796,17:48:09,baseline,6,99.6,8576,16126,53.2
1785433689.796,17:48:09,baseline,7,100.0,8575,16126,53.2
1785433690.797,17:48:10,baseline,0,99.1,10743,16126,66.6
1785433690.797,17:48:10,baseline,1,98.6,10743,16126,66.6
1785433690.797,17:48:10,baseline,2,98.6,10743,16126,66.6
1785433690.797,17:48:10,baseline,3,98.7,10743,16126,66.6
1785433690.797,17:48:10,baseline,4,98.5,10743,16126,66.6
1785433690.797,17:48:10,baseline,5,98.7,10743,16126,66.6
1785433690.797,17:48:10,baseline,6,95.7,10744,16126,66.6
1785433690.797,17:48:10,baseline,7,98.7,10743,16126,66.6
1785433691.797,17:48:11,baseline,0,99.1,10743,16126,66.6
1785433691.797,17:48:11,baseline,1,98.6,10743,16126,66.6
1785433691.797,17:48:11,baseline,2,98.6,10743,16126,66.6
1785433691.797,17:48:11,baseline,3,98.7,10743,16126,66.6
1785433691.797,17:48:11,baseline,4,98.5,10743,16126,66.6
1785433691.797,17:48:11,baseline,5,98.7,10743,16126,66.6
1785433691.797,17:48:11,baseline,6,95.7,10744,16126,66.6
1785433691.797,17:48:11,baseline,7,98.7,10743,16126,66.6
1785433692.797,17:48:12,baseline,0,99.1,10743,16126,66.6
1785433692.797,17:48:12,baseline,1,98.6,10743,16126,66.6
1785433692.797,17:48:12,baseline,2,98.6,10743,16126,66.6
1785433692.797,17:48:12,baseline,3,98.7,10743,16126,66.6
1785433692.797,17:48:12,baseline,4,98.5,10743,16126,66.6
1785433692.797,17:48:12,baseline,5,98.7,10743,16126,66.6
1785433692.797,17:48:12,baseline,6,95.7,10744,16126,66.6
1785433692.797,17:48:12,baseline,7,98.7,10743,16126,66.6
1785433693.797,17:48:13,baseline,0,99.1,10743,16126,66.6
1785433693.797,17:48:13,baseline,1,98.6,10743,16126,66.6
1785433693.797,17:48:13,baseline,2,98.6,10743,16126,66.6
1785433693.797,17:48:13,baseline,3,98.7,10743,16126,66.6
1785433693.797,17:48:13,baseline,4,98.5,10743,16126,66.6
1785433693.797,17:48:13,baseline,5,98.7,10743,16126,66.6
1785433693.797,17:48:13,baseline,6,95.7,10744,16126,66.6
1785433693.797,17:48:13,baseline,7,98.7,10743,16126,66.6
1785433694.797,17:48:14,baseline,0,99.1,10743,16126,66.6
1785433694.797,17:48:14,baseline,1,98.6,10743,16126,66.6
1785433694.797,17:48:14,baseline,2,98.6,10743,16126,66.6
1785433694.797,17:48:14,baseline,3,98.7,10743,16126,66.6
1785433694.797,17:48:14,baseline,4,98.5,10743,16126,66.6
1785433694.797,17:48:14,baseline,5,98.7,10743,16126,66.6
1785433694.797,17:48:14,baseline,6,95.7,10744,16126,66.6
1785433694.797,17:48:14,baseline,7,98.7,10743,16126,66.6
1785433695.797,17:48:15,baseline,0,99.1,8575,16126,53.2
1785433695.797,17:48:15,baseline,1,98.6,8462,16126,52.5
1785433695.797,17:48:15,baseline,2,98.8,8526,16126,52.9
1785433695.797,17:48:15,baseline,3,98.7,8558,16126,53.1
1785433695.797,17:48:15,baseline,4,99.1,8590,16126,53.3
1785433695.797,17:48:15,baseline,5,98.7,8462,16126,52.5
1785433695.797,17:48:15,baseline,6,100.0,8640,16126,53.6
1785433695.797,17:48:15,baseline,7,98.4,8718,16126,54.1
1785433696.797,17:48:16,baseline,0,99.1,8575,16126,53.2
1785433696.797,17:48:16,baseline,1,98.6,8462,16126,52.5
1785433696.797,17:48:16,baseline,2,98.8,8526,16126,52.9
1785433696.797,17:48:16,baseline,3,98.7,8558,16126,53.1
1785433696.797,17:48:16,baseline,4,99.1,8590,16126,53.3
1785433696.797,17:48:16,baseline,5,98.7,8462,16126,52.5
1785433696.797,17:48:16,baseline,6,100.0,8640,16126,53.6
1785433696.797,17:48:16,baseline,7,98.4,8718,16126,54.1
1785433697.797,17:48:17,baseline,0,99.1,8575,16126,53.2
1785433697.797,17:48:17,baseline,1,98.6,8462,16126,52.5
1785433697.797,17:48:17,baseline,2,98.8,8526,16126,52.9
1785433697.797,17:48:17,baseline,3,98.7,8558,16126,53.1
1785433697.797,17:48:17,baseline,4,99.1,8590,16126,53.3
1785433697.797,17:48:17,baseline,5,98.7,8462,16126,52.5
1785433697.797,17:48:17,baseline,6,100.0,8640,16126,53.6
1785433697.797,17:48:17,baseline,7,98.4,8718,16126,54.1
1785433698.798,17:48:18,baseline,0,99.1,8575,16126,53.2
1785433698.798,17:48:18,baseline,1,98.6,8462,16126,52.5
1785433698.798,17:48:18,baseline,2,98.8,8526,16126,52.9
1785433698.798,17:48:18,baseline,3,98.7,8558,16126,53.1
1785433698.798,17:48:18,baseline,4,99.1,8590,16126,53.3
1785433698.798,17:48:18,baseline,5,98.7,8462,16126,52.5
1785433698.798,17:48:18,baseline,6,100.0,8640,16126,53.6
1785433698.798,17:48:18,baseline,7,98.4,8718,16126,54.1
1785433699.798,17:48:19,baseline,0,99.1,8575,16126,53.2
1785433699.798,17:48:19,baseline,1,98.6,8462,16126,52.5
1785433699.798,17:48:19,baseline,2,98.8,8526,16126,52.9
1785433699.798,17:48:19,baseline,3,98.7,8558,16126,53.1
1785433699.798,17:48:19,baseline,4,99.1,8590,16126,53.3
1785433699.798,17:48:19,baseline,5,98.7,8462,16126,52.5
1785433699.798,17:48:19,baseline,6,100.0,8640,16126,53.6
1785433699.798,17:48:19,baseline,7,98.4,8718,16126,54.1
1785433700.798,17:48:20,baseline,0,96.4,10604,16126,65.8
1785433700.798,17:48:20,baseline,1,96.9,10604,16126,65.8
1785433700.798,17:48:20,baseline,2,96.8,10604,16126,65.8
1785433700.798,17:48:20,baseline,3,97.3,10604,16126,65.8
1785433700.798,17:48:20,baseline,4,96.6,10604,16126,65.8
1785433700.798,17:48:20,baseline,5,97.4,10603,16126,65.8
1785433700.798,17:48:20,baseline,6,98.2,10605,16126,65.8
1785433700.798,17:48:20,baseline,7,97.4,10604,16126,65.8
1785433701.798,17:48:21,baseline,0,96.4,10604,16126,65.8
1785433701.798,17:48:21,baseline,1,96.9,10604,16126,65.8
1785433701.798,17:48:21,baseline,2,96.8,10604,16126,65.8
1785433701.798,17:48:21,baseline,3,97.3,10604,16126,65.8
1785433701.798,17:48:21,baseline,4,96.6,10604,16126,65.8
1785433701.798,17:48:21,baseline,5,97.4,10603,16126,65.8
1785433701.798,17:48:21,baseline,6,98.2,10605,16126,65.8
1785433701.798,17:48:21,baseline,7,97.4,10604,16126,65.8
1785433702.798,17:48:22,baseline,0,96.4,10604,16126,65.8
1785433702.798,17:48:22,baseline,1,96.9,10604,16126,65.8
1785433702.798,17:48:22,baseline,2,96.8,10604,16126,65.8
1785433702.798,17:48:22,baseline,3,97.3,10604,16126,65.8
1785433702.798,17:48:22,baseline,4,96.6,10604,16126,65.8
1785433702.798,17:48:22,baseline,5,97.4,10603,16126,65.8
1785433702.798,17:48:22,baseline,6,98.2,10605,16126,65.8
1785433702.798,17:48:22,baseline,7,97.4,10604,16126,65.8
1785433703.798,17:48:23,baseline,0,96.4,10604,16126,65.8
1785433703.798,17:48:23,baseline,1,96.9,10604,16126,65.8
1785433703.798,17:48:23,baseline,2,96.8,10604,16126,65.8
1785433703.798,17:48:23,baseline,3,97.3,10604,16126,65.8
1785433703.798,17:48:23,baseline,4,96.6,10604,16126,65.8
1785433703.798,17:48:23,baseline,5,97.4,10603,16126,65.8
1785433703.798,17:48:23,baseline,6,98.2,10605,16126,65.8
1785433703.798,17:48:23,baseline,7,97.4,10604,16126,65.8
1785433704.798,17:48:24,baseline,0,96.4,10604,16126,65.8
1785433704.798,17:48:24,baseline,1,96.9,10604,16126,65.8
1785433704.798,17:48:24,baseline,2,96.8,10604,16126,65.8
1785433704.798,17:48:24,baseline,3,97.3,10604,16126,65.8
1785433704.798,17:48:24,baseline,4,96.6,10604,16126,65.8
1785433704.798,17:48:24,baseline,5,97.4,10603,16126,65.8
1785433704.798,17:48:24,baseline,6,98.2,10605,16126,65.8
1785433704.798,17:48:24,baseline,7,97.4,10604,16126,65.8
1785433705.798,17:48:25,baseline,0,100.0,8782,16126,54.5
1785433705.798,17:48:25,baseline,1,100.0,8750,16126,54.3
1785433705.798,17:48:25,baseline,2,100.0,8606,16126,53.4
1785433705.798,17:48:25,baseline,3,100.0,8543,16126,53.0
1785433705.798,17:48:25,baseline,4,99.9,8462,16126,52.5
1785433705.798,17:48:25,baseline,5,100.0,8686,16126,53.9
1785433705.798,17:48:25,baseline,6,99.9,8528,16126,52.9
1785433705.798,17:48:25,baseline,7,100.0,8526,16126,52.9
1785433706.799,17:48:26,baseline,0,100.0,8782,16126,54.5
1785433706.799,17:48:26,baseline,1,100.0,8750,16126,54.3
1785433706.799,17:48:26,baseline,2,100.0,8606,16126,53.4
1785433706.799,17:48:26,baseline,3,100.0,8543,16126,53.0
1785433706.799,17:48:26,baseline,4,99.9,8462,16126,52.5
1785433706.799,17:48:26,baseline,5,100.0,8686,16126,53.9
1785433706.799,17:48:26,baseline,6,99.9,8528,16126,52.9
1785433706.799,17:48:26,baseline,7,100.0,8526,16126,52.9
1785433707.799,17:48:27,baseline,0,100.0,8782,16126,54.5
1785433707.799,17:48:27,baseline,1,100.0,8750,16126,54.3
1785433707.799,17:48:27,baseline,2,100.0,8606,16126,53.4
1785433707.799,17:48:27,baseline,3,100.0,8543,16126,53.0
1785433707.799,17:48:27,baseline,4,99.9,8462,16126,52.5
1785433707.799,17:48:27,baseline,5,100.0,8686,16126,53.9
1785433707.799,17:48:27,baseline,6,99.9,8528,16126,52.9
1785433707.799,17:48:27,baseline,7,100.0,8526,16126,52.9
1785433708.799,17:48:28,baseline,0,100.0,8782,16126,54.5
1785433708.799,17:48:28,baseline,1,100.0,8750,16126,54.3
1785433708.799,17:48:28,baseline,2,100.0,8606,16126,53.4
1785433708.799,17:48:28,baseline,3,100.0,8543,16126,53.0
1785433708.799,17:48:28,baseline,4,99.9,8462,16126,52.5
1785433708.799,17:48:28,baseline,5,100.0,8686,16126,53.9
1785433708.799,17:48:28,baseline,6,99.9,8528,16126,52.9
1785433708.799,17:48:28,baseline,7,100.0,8526,16126,52.9
1785433709.799,17:48:29,baseline,0,100.0,8782,16126,54.5
1785433709.799,17:48:29,baseline,1,100.0,8750,16126,54.3
1785433709.799,17:48:29,baseline,2,100.0,8606,16126,53.4
1785433709.799,17:48:29,baseline,3,100.0,8543,16126,53.0
1785433709.799,17:48:29,baseline,4,99.9,8462,16126,52.5
1785433709.799,17:48:29,baseline,5,100.0,8686,16126,53.9
1785433709.799,17:48:29,baseline,6,99.9,8528,16126,52.9
1785433709.799,17:48:29,baseline,7,100.0,8526,16126,52.9
1785433710.799,17:48:30,baseline,0,98.4,10604,16126,65.8
1785433710.799,17:48:30,baseline,1,98.9,10604,16126,65.8
1785433710.799,17:48:30,baseline,2,98.6,10604,16126,65.8
1785433710.799,17:48:30,baseline,3,99.1,10604,16126,65.8
1785433710.799,17:48:30,baseline,4,98.0,10604,16126,65.8
1785433710.799,17:48:30,baseline,5,98.9,10604,16126,65.8
1785433710.799,17:48:30,baseline,6,98.1,10605,16126,65.8
1785433710.799,17:48:30,baseline,7,99.0,10604,16126,65.8
1785433711.799,17:48:31,baseline,0,98.4,10604,16126,65.8
1785433711.799,17:48:31,baseline,1,98.9,10604,16126,65.8
1785433711.799,17:48:31,baseline,2,98.6,10604,16126,65.8
1785433711.799,17:48:31,baseline,3,99.1,10604,16126,65.8
1785433711.799,17:48:31,baseline,4,98.0,10604,16126,65.8
1785433711.799,17:48:31,baseline,5,98.9,10604,16126,65.8
1785433711.799,17:48:31,baseline,6,98.1,10605,16126,65.8
1785433711.799,17:48:31,baseline,7,99.0,10604,16126,65.8
1785433712.8,17:48:32,baseline,0,98.4,10604,16126,65.8
1785433712.8,17:48:32,baseline,1,98.9,10604,16126,65.8
1785433712.8,17:48:32,baseline,2,98.6,10604,16126,65.8
1785433712.8,17:48:32,baseline,3,99.1,10604,16126,65.8
1785433712.8,17:48:32,baseline,4,98.0,10604,16126,65.8
1785433712.8,17:48:32,baseline,5,98.9,10604,16126,65.8
1785433712.8,17:48:32,baseline,6,98.1,10605,16126,65.8
1785433712.8,17:48:32,baseline,7,99.0,10604,16126,65.8
1785433713.8,17:48:33,baseline,0,98.4,10604,16126,65.8
1785433713.8,17:48:33,baseline,1,98.9,10604,16126,65.8
1785433713.8,17:48:33,baseline,2,98.6,10604,16126,65.8
1785433713.8,17:48:33,baseline,3,99.1,10604,16126,65.8
1785433713.8,17:48:33,baseline,4,98.0,10604,16126,65.8
1785433713.8,17:48:33,baseline,5,98.9,10604,16126,65.8
1785433713.8,17:48:33,baseline,6,98.1,10605,16126,65.8
1785433713.8,17:48:33,baseline,7,99.0,10604,16126,65.8
1785433714.8,17:48:34,baseline,0,98.4,10604,16126,65.8
1785433714.8,17:48:34,baseline,1,98.9,10604,16126,65.8
1785433714.8,17:48:34,baseline,2,98.6,10604,16126,65.8
1785433714.8,17:48:34,baseline,3,99.1,10604,16126,65.8
1785433714.8,17:48:34,baseline,4,98.0,10604,16126,65.8
1785433714.8,17:48:34,baseline,5,98.9,10604,16126,65.8
1785433714.8,17:48:34,baseline,6,98.1,10605,16126,65.8
1785433714.8,17:48:34,baseline,7,99.0,10604,16126,65.8
1785433715.8,17:48:35,baseline,0,96.6,10743,16126,66.6
1785433715.8,17:48:35,baseline,1,96.6,10743,16126,66.6
1785433715.8,17:48:35,baseline,2,96.6,10743,16126,66.6
1785433715.8,17:48:35,baseline,3,96.6,10743,16126,66.6
1785433715.8,17:48:35,baseline,4,96.8,10743,16126,66.6
1785433715.8,17:48:35,baseline,5,96.7,10743,16126,66.6
1785433715.8,17:48:35,baseline,6,96.9,10744,16126,66.6
1785433715.8,17:48:35,baseline,7,96.2,10743,16126,66.6
1785433716.8,17:48:36,baseline,0,96.6,10743,16126,66.6
1785433716.8,17:48:36,baseline,1,96.6,10743,16126,66.6
1785433716.8,17:48:36,baseline,2,96.6,10743,16126,66.6
1785433716.8,17:48:36,baseline,3,96.6,10743,16126,66.6
1785433716.8,17:48:36,baseline,4,96.8,10743,16126,66.6
1785433716.8,17:48:36,baseline,5,96.7,10743,16126,66.6
1785433716.8,17:48:36,baseline,6,96.9,10744,16126,66.6
1785433716.8,17:48:36,baseline,7,96.2,10743,16126,66.6
1785433717.8,17:48:37,baseline,0,96.6,10743,16126,66.6
1785433717.8,17:48:37,baseline,1,96.6,10743,16126,66.6
1785433717.8,17:48:37,baseline,2,96.6,10743,16126,66.6
1785433717.8,17:48:37,baseline,3,96.6,10743,16126,66.6
1785433717.8,17:48:37,baseline,4,96.8,10743,16126,66.6
1785433717.8,17:48:37,baseline,5,96.7,10743,16126,66.6
1785433717.8,17:48:37,baseline,6,96.9,10744,16126,66.6
1785433717.8,17:48:37,baseline,7,96.2,10743,16126,66.6
1785433718.8,17:48:38,baseline,0,96.6,10743,16126,66.6
1785433718.8,17:48:38,baseline,1,96.6,10743,16126,66.6
1785433718.8,17:48:38,baseline,2,96.6,10743,16126,66.6
1785433718.8,17:48:38,baseline,3,96.6,10743,16126,66.6
1785433718.8,17:48:38,baseline,4,96.8,10743,16126,66.6
1785433718.8,17:48:38,baseline,5,96.7,10743,16126,66.6
1785433718.8,17:48:38,baseline,6,96.9,10744,16126,66.6
1785433718.8,17:48:38,baseline,7,96.2,10743,16126,66.6
1785433719.8,17:48:39,baseline,0,96.6,10743,16126,66.6
1785433719.8,17:48:39,baseline,1,96.6,10743,16126,66.6
1785433719.8,17:48:39,baseline,2,96.6,10743,16126,66.6
1785433719.8,17:48:39,baseline,3,96.6,10743,16126,66.6
1785433719.8,17:48:39,baseline,4,96.8,10743,16126,66.6
1785433719.8,17:48:39,baseline,5,96.7,10743,16126,66.6
1785433719.8,17:48:39,baseline,6,96.9,10744,16126,66.6
1785433719.8,17:48:39,baseline,7,96.2,10743,16126,66.6
1785433720.801,17:48:40,baseline,0,97.4,8575,16126,53.2
1785433720.801,17:48:40,baseline,1,97.8,8575,16126,53.2
1785433720.801,17:48:40,baseline,2,97.9,8558,16126,53.1
1785433720.801,17:48:40,baseline,3,96.9,8590,16126,53.3
1785433720.801,17:48:40,baseline,4,98.1,8718,16126,54.1
1785433720.801,17:48:40,baseline,5,97.5,8575,16126,53.2
1785433720.801,17:48:40,baseline,6,97.5,8784,16126,54.5
1785433720.801,17:48:40,baseline,7,96.9,8718,16126,54.1
1785433721.801,17:48:41,baseline,0,97.4,8575,16126,53.2
1785433721.801,17:48:41,baseline,1,97.8,8575,16126,53.2
1785433721.801,17:48:41,baseline,2,97.9,8558,16126,53.1
1785433721.801,17:48:41,baseline,3,96.9,8590,16126,53.3
1785433721.801,17:48:41,baseline,4,98.1,8718,16126,54.1
1785433721.801,17:48:41,baseline,5,97.5,8575,16126,53.2
1785433721.801,17:48:41,baseline,6,97.5,8784,16126,54.5
1785433721.801,17:48:41,baseline,7,96.9,8718,16126,54.1
1785433722.801,17:48:42,baseline,0,97.4,8575,16126,53.2
1785433722.801,17:48:42,baseline,1,97.8,8575,16126,53.2
1785433722.801,17:48:42,baseline,2,97.9,8558,16126,53.1
1785433722.801,17:48:42,baseline,3,96.9,8590,16126,53.3
1785433722.801,17:48:42,baseline,4,98.1,8718,16126,54.1
1785433722.801,17:48:42,baseline,5,97.5,8575,16126,53.2
1785433722.801,17:48:42,baseline,6,97.5,8784,16126,54.5
1785433722.801,17:48:42,baseline,7,96.9,8718,16126,54.1
1785433723.801,17:48:43,baseline,0,97.4,8575,16126,53.2
1785433723.801,17:48:43,baseline,1,97.8,8575,16126,53.2
1785433723.801,17:48:43,baseline,2,97.9,8558,16126,53.1
1785433723.801,17:48:43,baseline,3,96.9,8590,16126,53.3
1785433723.801,17:48:43,baseline,4,98.1,8718,16126,54.1
1785433723.801,17:48:43,baseline,5,97.5,8575,16126,53.2
1785433723.801,17:48:43,baseline,6,97.5,8784,16126,54.5
1785433723.801,17:48:43,baseline,7,96.9,8718,16126,54.1
1785433724.801,17:48:44,baseline,0,97.4,8575,16126,53.2
1785433724.801,17:48:44,baseline,1,97.8,8575,16126,53.2
1785433724.801,17:48:44,baseline,2,97.9,8558,16126,53.1
1785433724.801,17:48:44,baseline,3,96.9,8590,16126,53.3
1785433724.801,17:48:44,baseline,4,98.1,8718,16126,54.1
1785433724.801,17:48:44,baseline,5,97.5,8575,16126,53.2
1785433724.801,17:48:44,baseline,6,97.5,8784,16126,54.5
1785433724.801,17:48:44,baseline,7,96.9,8718,16126,54.1
1785433725.801,17:48:45,baseline,0,98.1,10603,16126,65.8
1785433725.801,17:48:45,baseline,1,98.5,10603,16126,65.8
1785433725.801,17:48:45,baseline,2,98.5,10603,16126,65.8
1785433725.801,17:48:45,baseline,3,98.2,10603,16126,65.8
1785433725.801,17:48:45,baseline,4,98.5,10603,16126,65.8
1785433725.801,17:48:45,baseline,5,98.5,10603,16126,65.8
1785433725.801,17:48:45,baseline,6,98.5,10605,16126,65.8
1785433725.801,17:48:45,baseline,7,98.6,10603,16126,65.8
1785433726.801,17:48:46,baseline,0,98.1,10603,16126,65.8
1785433726.801,17:48:46,baseline,1,98.5,10603,16126,65.8
1785433726.801,17:48:46,baseline,2,98.5,10603,16126,65.8
1785433726.801,17:48:46,baseline,3,98.2,10603,16126,65.8
1785433726.801,17:48:46,baseline,4,98.5,10603,16126,65.8
1785433726.801,17:48:46,baseline,5,98.5,10603,16126,65.8
1785433726.801,17:48:46,baseline,6,98.5,10605,16126,65.8
1785433726.801,17:48:46,baseline,7,98.6,10603,16126,65.8
1785433727.801,17:48:47,baseline,0,98.1,10603,16126,65.8
1785433727.801,17:48:47,baseline,1,98.5,10603,16126,65.8
1785433727.801,17:48:47,baseline,2,98.5,10603,16126,65.8
1785433727.801,17:48:47,baseline,3,98.2,10603,16126,65.8
1785433727.801,17:48:47,baseline,4,98.5,10603,16126,65.8
1785433727.801,17:48:47,baseline,5,98.5,10603,16126,65.8
1785433727.801,17:48:47,baseline,6,98.5,10605,16126,65.8
1785433727.801,17:48:47,baseline,7,98.6,10603,16126,65.8
1785433728.801,17:48:48,baseline,0,98.1,10603,16126,65.8
1785433728.801,17:48:48,baseline,1,98.5,10603,16126,65.8
1785433728.801,17:48:48,baseline,2,98.5,10603,16126,65.8
1785433728.801,17:48:48,baseline,3,98.2,10603,16126,65.8
1785433728.801,17:48:48,baseline,4,98.5,10603,16126,65.8
1785433728.801,17:48:48,baseline,5,98.5,10603,16126,65.8
1785433728.801,17:48:48,baseline,6,98.5,10605,16126,65.8
1785433728.801,17:48:48,baseline,7,98.6,10603,16126,65.8
1785433729.801,17:48:49,baseline,0,98.1,10603,16126,65.8
1785433729.801,17:48:49,baseline,1,98.5,10603,16126,65.8
1785433729.801,17:48:49,baseline,2,98.5,10603,16126,65.8
1785433729.801,17:48:49,baseline,3,98.2,10603,16126,65.8
1785433729.801,17:48:49,baseline,4,98.5,10603,16126,65.8
1785433729.801,17:48:49,baseline,5,98.5,10603,16126,65.8
1785433729.801,17:48:49,baseline,6,98.5,10605,16126,65.8
1785433729.801,17:48:49,baseline,7,98.6,10603,16126,65.8
1785433730.802,17:48:50,baseline,0,96.5,10743,16126,66.6
1785433730.802,17:48:50,baseline,1,96.9,10743,16126,66.6
1785433730.802,17:48:50,baseline,2,96.6,10743,16126,66.6
1785433730.802,17:48:50,baseline,3,96.6,10743,16126,66.6
1785433730.802,17:48:50,baseline,4,96.8,10743,16126,66.6
1785433730.802,17:48:50,baseline,5,96.6,10743,16126,66.6
1785433730.802,17:48:50,baseline,6,96.7,10744,16126,66.6
1785433730.802,17:48:50,baseline,7,96.8,10743,16126,66.6
1785433731.802,17:48:51,baseline,0,96.5,10743,16126,66.6
1785433731.802,17:48:51,baseline,1,96.9,10743,16126,66.6
1785433731.802,17:48:51,baseline,2,96.6,10743,16126,66.6
1785433731.802,17:48:51,baseline,3,96.6,10743,16126,66.6
1785433731.802,17:48:51,baseline,4,96.8,10743,16126,66.6
1785433731.802,17:48:51,baseline,5,96.6,10743,16126,66.6
1785433731.802,17:48:51,baseline,6,96.7,10744,16126,66.6
1785433731.802,17:48:51,baseline,7,96.8,10743,16126,66.6
1785433732.802,17:48:52,baseline,0,96.5,10743,16126,66.6
1785433732.802,17:48:52,baseline,1,96.9,10743,16126,66.6
1785433732.802,17:48:52,baseline,2,96.6,10743,16126,66.6
1785433732.802,17:48:52,baseline,3,96.6,10743,16126,66.6
1785433732.802,17:48:52,baseline,4,96.8,10743,16126,66.6
1785433732.802,17:48:52,baseline,5,96.6,10743,16126,66.6
1785433732.802,17:48:52,baseline,6,96.7,10744,16126,66.6
1785433732.802,17:48:52,baseline,7,96.8,10743,16126,66.6
1785433733.802,17:48:53,baseline,0,96.5,10743,16126,66.6
1785433733.802,17:48:53,baseline,1,96.9,10743,16126,66.6
1785433733.802,17:48:53,baseline,2,96.6,10743,16126,66.6
1785433733.802,17:48:53,baseline,3,96.6,10743,16126,66.6
1785433733.802,17:48:53,baseline,4,96.8,10743,16126,66.6
1785433733.802,17:48:53,baseline,5,96.6,10743,16126,66.6
1785433733.802,17:48:53,baseline,6,96.7,10744,16126,66.6
1785433733.802,17:48:53,baseline,7,96.8,10743,16126,66.6
1785433734.802,17:48:54,baseline,0,96.5,10743,16126,66.6
1785433734.802,17:48:54,baseline,1,96.9,10743,16126,66.6
1785433734.802,17:48:54,baseline,2,96.6,10743,16126,66.6
1785433734.802,17:48:54,baseline,3,96.6,10743,16126,66.6
1785433734.802,17:48:54,baseline,4,96.8,10743,16126,66.6
1785433734.802,17:48:54,baseline,5,96.6,10743,16126,66.6
1785433734.802,17:48:54,baseline,6,96.7,10744,16126,66.6
1785433734.802,17:48:54,baseline,7,96.8,10743,16126,66.6
1785433735.802,17:48:55,baseline,0,100.0,8782,16126,54.5
1785433735.802,17:48:55,baseline,1,100.0,8686,16126,53.9
1785433735.802,17:48:55,baseline,2,100.0,8575,16126,53.2
1785433735.802,17:48:55,baseline,3,100.0,8511,16126,52.8
1785433735.802,17:48:55,baseline,4,100.0,8510,16126,52.8
1785433735.802,17:48:55,baseline,5,100.0,8718,16126,54.1
1785433735.802,17:48:55,baseline,6,100.0,8528,16126,52.9
1785433735.802,17:48:55,baseline,7,100.0,8510,16126,52.8
1785433736.802,17:48:56,baseline,0,100.0,8782,16126,54.5
1785433736.802,17:48:56,baseline,1,100.0,8686,16126,53.9
1785433736.802,17:48:56,baseline,2,100.0,8575,16126,53.2
1785433736.802,17:48:56,baseline,3,100.0,8511,16126,52.8
1785433736.802,17:48:56,baseline,4,100.0,8510,16126,52.8
1785433736.802,17:48:56,baseline,5,100.0,8718,16126,54.1
1785433736.802,17:48:56,baseline,6,100.0,8528,16126,52.9
1785433736.802,17:48:56,baseline,7,100.0,8510,16126,52.8
1785433737.802,17:48:57,baseline,0,100.0,8782,16126,54.5
1785433737.802,17:48:57,baseline,1,100.0,8686,16126,53.9
1785433737.802,17:48:57,baseline,2,100.0,8575,16126,53.2
1785433737.802,17:48:57,baseline,3,100.0,8511,16126,52.8
1785433737.802,17:48:57,baseline,4,100.0,8510,16126,52.8
1785433737.802,17:48:57,baseline,5,100.0,8718,16126,54.1
1785433737.802,17:48:57,baseline,6,100.0,8528,16126,52.9
1785433737.802,17:48:57,baseline,7,100.0,8510,16126,52.8
1785433738.802,17:48:58,baseline,0,100.0,8782,16126,54.5
1785433738.802,17:48:58,baseline,1,100.0,8686,16126,53.9
1785433738.802,17:48:58,baseline,2,100.0,8575,16126,53.2
1785433738.802,17:48:58,baseline,3,100.0,8511,16126,52.8
1785433738.802,17:48:58,baseline,4,100.0,8510,16126,52.8
1785433738.802,17:48:58,baseline,5,100.0,8718,16126,54.1
1785433738.802,17:48:58,baseline,6,100.0,8528,16126,52.9
1785433738.802,17:48:58,baseline,7,100.0,8510,16126,52.8
1785433739.803,17:48:59,baseline,0,100.0,8782,16126,54.5
1785433739.803,17:48:59,baseline,1,100.0,8686,16126,53.9
1785433739.803,17:48:59,baseline,2,100.0,8575,16126,53.2
1785433739.803,17:48:59,baseline,3,100.0,8511,16126,52.8
1785433739.803,17:48:59,baseline,4,100.0,8510,16126,52.8
1785433739.803,17:48:59,baseline,5,100.0,8718,16126,54.1
1785433739.803,17:48:59,baseline,6,100.0,8528,16126,52.9
1785433739.803,17:48:59,baseline,7,100.0,8510,16126,52.8
1785433740.803,17:49:00,baseline,0,98.0,10743,16126,66.6
1785433740.803,17:49:00,baseline,1,97.7,10743,16126,66.6
1785433740.803,17:49:00,baseline,2,98.8,10743,16126,66.6
1785433740.803,17:49:00,baseline,3,98.1,10743,16126,66.6
1785433740.803,17:49:00,baseline,4,98.9,10743,16126,66.6
1785433740.803,17:49:00,baseline,5,98.2,10743,16126,66.6
1785433740.803,17:49:00,baseline,6,98.2,10744,16126,66.6
1785433740.803,17:49:00,baseline,7,98.2,10743,16126,66.6
1785433741.803,17:49:01,baseline,0,98.0,10743,16126,66.6
1785433741.803,17:49:01,baseline,1,97.7,10743,16126,66.6
1785433741.803,17:49:01,baseline,2,98.8,10743,16126,66.6
1785433741.803,17:49:01,baseline,3,98.1,10743,16126,66.6
1785433741.803,17:49:01,baseline,4,98.9,10743,16126,66.6
1785433741.803,17:49:01,baseline,5,98.2,10743,16126,66.6
1785433741.803,17:49:01,baseline,6,98.2,10744,16126,66.6
1785433741.803,17:49:01,baseline,7,98.2,10743,16126,66.6
1785433742.803,17:49:02,baseline,0,98.0,10743,16126,66.6
1785433742.803,17:49:02,baseline,1,97.7,10743,16126,66.6
1785433742.803,17:49:02,baseline,2,98.8,10743,16126,66.6
1785433742.803,17:49:02,baseline,3,98.1,10743,16126,66.6
1785433742.803,17:49:02,baseline,4,98.9,10743,16126,66.6
1785433742.803,17:49:02,baseline,5,98.2,10743,16126,66.6
1785433742.803,17:49:02,baseline,6,98.2,10744,16126,66.6
1785433742.803,17:49:02,baseline,7,98.2,10743,16126,66.6
1785433743.803,17:49:03,baseline,0,98.0,10743,16126,66.6
1785433743.803,17:49:03,baseline,1,97.7,10743,16126,66.6
1785433743.803,17:49:03,baseline,2,98.8,10743,16126,66.6
1785433743.803,17:49:03,baseline,3,98.1,10743,16126,66.6
1785433743.803,17:49:03,baseline,4,98.9,10743,16126,66.6
1785433743.803,17:49:03,baseline,5,98.2,10743,16126,66.6
1785433743.803,17:49:03,baseline,6,98.2,10744,16126,66.6
1785433743.803,17:49:03,baseline,7,98.2,10743,16126,66.6
1785433744.803,17:49:04,baseline,0,98.0,10743,16126,66.6
1785433744.803,17:49:04,baseline,1,97.7,10743,16126,66.6
1785433744.803,17:49:04,baseline,2,98.8,10743,16126,66.6
1785433744.803,17:49:04,baseline,3,98.1,10743,16126,66.6
1785433744.803,17:49:04,baseline,4,98.9,10743,16126,66.6
1785433744.803,17:49:04,baseline,5,98.2,10743,16126,66.6
1785433744.803,17:49:04,baseline,6,98.2,10744,16126,66.6
1785433744.803,17:49:04,baseline,7,98.2,10743,16126,66.6
1785433745.803,17:49:05,baseline,0,99.5,8526,16126,52.9
1785433745.803,17:49:05,baseline,1,99.3,8510,16126,52.8
1785433745.803,17:49:05,baseline,2,99.4,8558,16126,53.1
1785433745.803,17:49:05,baseline,3,99.6,8446,16126,52.4
1785433745.803,17:49:05,baseline,4,99.9,8511,16126,52.8
1785433745.803,17:49:05,baseline,5,99.6,8543,16126,53.0
1785433745.803,17:49:05,baseline,6,99.3,8448,16126,52.4
1785433745.803,17:49:05,baseline,7,99.7,8511,16126,52.8
1785433746.803,17:49:06,baseline,0,99.5,8526,16126,52.9
1785433746.803,17:49:06,baseline,1,99.3,8510,16126,52.8
1785433746.803,17:49:06,baseline,2,99.4,8558,16126,53.1
1785433746.803,17:49:06,baseline,3,99.6,8446,16126,52.4
1785433746.803,17:49:06,baseline,4,99.9,8511,16126,52.8
1785433746.803,17:49:06,baseline,5,99.6,8543,16126,53.0
1785433746.803,17:49:06,baseline,6,99.3,8448,16126,52.4
1785433746.803,17:49:06,baseline,7,99.7,8511,16126,52.8
1785433747.804,17:49:07,baseline,0,99.5,8526,16126,52.9
1785433747.804,17:49:07,baseline,1,99.3,8510,16126,52.8
1785433747.804,17:49:07,baseline,2,99.4,8558,16126,53.1
1785433747.804,17:49:07,baseline,3,99.6,8446,16126,52.4
1785433747.804,17:49:07,baseline,4,99.9,8511,16126,52.8
1785433747.804,17:49:07,baseline,5,99.6,8543,16126,53.0
1785433747.804,17:49:07,baseline,6,99.3,8448,16126,52.4
1785433747.804,17:49:07,baseline,7,99.7,8511,16126,52.8
1785433748.804,17:49:08,baseline,0,99.5,8526,16126,52.9
1785433748.804,17:49:08,baseline,1,99.3,8510,16126,52.8
1785433748.804,17:49:08,baseline,2,99.4,8558,16126,53.1
1785433748.804,17:49:08,baseline,3,99.6,8446,16126,52.4
1785433748.804,17:49:08,baseline,4,99.9,8511,16126,52.8
1785433748.804,17:49:08,baseline,5,99.6,8543,16126,53.0
1785433748.804,17:49:08,baseline,6,99.3,8448,16126,52.4
1785433748.804,17:49:08,baseline,7,99.7,8511,16126,52.8
