ts,wall,phase,chip,duty_cycle_pct,mem_used_mib,mem_total_mib,mem_pct
1785431213.328,17:06:53,timeslice,0,0.0,0,0,0.0
1785431213.328,17:06:53,timeslice,1,0.0,0,0,0.0
1785431213.328,17:06:53,timeslice,2,0.0,0,0,0.0
1785431213.328,17:06:53,timeslice,3,0.0,0,0,0.0
1785431213.328,17:06:53,timeslice,4,0.0,0,0,0.0
1785431213.328,17:06:53,timeslice,5,0.0,0,0,0.0
1785431213.328,17:06:53,timeslice,6,0.0,0,0,0.0
1785431213.328,17:06:53,timeslice,7,0.0,0,0,0.0
1785431214.328,17:06:54,timeslice,0,0.0,0,0,0.0
1785431214.328,17:06:54,timeslice,1,0.0,0,0,0.0
1785431214.328,17:06:54,timeslice,2,0.0,0,0,0.0
1785431214.328,17:06:54,timeslice,3,0.0,0,0,0.0
1785431214.328,17:06:54,timeslice,4,0.0,0,0,0.0
1785431214.328,17:06:54,timeslice,5,0.0,0,0,0.0
1785431214.328,17:06:54,timeslice,6,0.0,0,0,0.0
1785431214.328,17:06:54,timeslice,7,0.0,0,0,0.0
1785431215.328,17:06:55,timeslice,0,0.0,0,0,0.0
1785431215.328,17:06:55,timeslice,1,0.0,0,0,0.0
1785431215.328,17:06:55,timeslice,2,0.0,0,0,0.0
1785431215.328,17:06:55,timeslice,3,0.0,0,0,0.0
1785431215.328,17:06:55,timeslice,4,0.0,0,0,0.0
1785431215.328,17:06:55,timeslice,5,0.0,0,0,0.0
1785431215.328,17:06:55,timeslice,6,0.0,0,0,0.0
1785431215.328,17:06:55,timeslice,7,0.0,0,0,0.0
1785431216.328,17:06:56,timeslice,0,0.0,0,0,0.0
1785431216.328,17:06:56,timeslice,1,0.0,0,0,0.0
1785431216.328,17:06:56,timeslice,2,0.0,0,0,0.0
1785431216.328,17:06:56,timeslice,3,0.0,0,0,0.0
1785431216.328,17:06:56,timeslice,4,0.0,0,0,0.0
1785431216.328,17:06:56,timeslice,5,0.0,0,0,0.0
1785431216.328,17:06:56,timeslice,6,0.0,0,0,0.0
1785431216.328,17:06:56,timeslice,7,0.0,0,0,0.0
1785431217.328,17:06:57,timeslice,0,0.0,0,0,0.0
1785431217.328,17:06:57,timeslice,1,0.0,0,0,0.0
1785431217.328,17:06:57,timeslice,2,0.0,0,0,0.0
1785431217.328,17:06:57,timeslice,3,0.0,0,0,0.0
1785431217.328,17:06:57,timeslice,4,0.0,0,0,0.0
1785431217.328,17:06:57,timeslice,5,0.0,0,0,0.0
1785431217.328,17:06:57,timeslice,6,0.0,0,0,0.0
1785431217.328,17:06:57,timeslice,7,0.0,0,0,0.0
1785431218.328,17:06:58,timeslice,0,0.0,0,0,0.0
1785431218.328,17:06:58,timeslice,1,0.0,0,0,0.0
1785431218.328,17:06:58,timeslice,2,0.0,0,0,0.0
1785431218.328,17:06:58,timeslice,3,0.0,0,0,0.0
1785431218.328,17:06:58,timeslice,4,0.0,0,0,0.0
1785431218.328,17:06:58,timeslice,5,0.0,0,0,0.0
1785431218.328,17:06:58,timeslice,6,0.0,0,0,0.0
1785431218.328,17:06:58,timeslice,7,0.0,0,0,0.0
1785431219.328,17:06:59,timeslice,0,0.0,0,0,0.0
1785431219.328,17:06:59,timeslice,1,0.0,0,0,0.0
1785431219.328,17:06:59,timeslice,2,0.0,0,0,0.0
1785431219.328,17:06:59,timeslice,3,0.0,0,0,0.0
1785431219.328,17:06:59,timeslice,4,0.0,0,0,0.0
1785431219.328,17:06:59,timeslice,5,0.0,0,0,0.0
1785431219.328,17:06:59,timeslice,6,0.0,0,0,0.0
1785431219.328,17:06:59,timeslice,7,0.0,0,0,0.0
1785431220.329,17:07:00,timeslice,0,0.0,0,0,0.0
1785431220.329,17:07:00,timeslice,1,0.0,0,0,0.0
1785431220.329,17:07:00,timeslice,2,0.0,0,0,0.0
1785431220.329,17:07:00,timeslice,3,0.0,0,0,0.0
1785431220.329,17:07:00,timeslice,4,0.0,0,0,0.0
1785431220.329,17:07:00,timeslice,5,0.0,0,0,0.0
1785431220.329,17:07:00,timeslice,6,0.0,0,0,0.0
1785431220.329,17:07:00,timeslice,7,0.0,0,0,0.0
1785431221.329,17:07:01,timeslice,0,0.0,0,0,0.0
1785431221.329,17:07:01,timeslice,1,0.0,0,0,0.0
1785431221.329,17:07:01,timeslice,2,0.0,0,0,0.0
1785431221.329,17:07:01,timeslice,3,0.0,0,0,0.0
1785431221.329,17:07:01,timeslice,4,0.0,0,0,0.0
1785431221.329,17:07:01,timeslice,5,0.0,0,0,0.0
1785431221.329,17:07:01,timeslice,6,0.0,0,0,0.0
1785431221.329,17:07:01,timeslice,7,0.0,0,0,0.0
1785431222.329,17:07:02,timeslice,0,0.0,0,0,0.0
1785431222.329,17:07:02,timeslice,1,0.0,0,0,0.0
1785431222.329,17:07:02,timeslice,2,0.0,0,0,0.0
1785431222.329,17:07:02,timeslice,3,0.0,0,0,0.0
1785431222.329,17:07:02,timeslice,4,0.0,0,0,0.0
1785431222.329,17:07:02,timeslice,5,0.0,0,0,0.0
1785431222.329,17:07:02,timeslice,6,0.0,0,0,0.0
1785431222.329,17:07:02,timeslice,7,0.0,0,0,0.0
1785431223.329,17:07:03,timeslice,0,0.0,0,0,0.0
1785431223.329,17:07:03,timeslice,1,0.0,0,0,0.0
1785431223.329,17:07:03,timeslice,2,0.0,0,0,0.0
1785431223.329,17:07:03,timeslice,3,0.0,0,0,0.0
1785431223.329,17:07:03,timeslice,4,0.0,0,0,0.0
1785431223.329,17:07:03,timeslice,5,0.0,0,0,0.0
1785431223.329,17:07:03,timeslice,6,0.0,0,0,0.0
1785431223.329,17:07:03,timeslice,7,0.0,0,0,0.0
1785431224.329,17:07:04,timeslice,0,0.0,0,0,0.0
1785431224.329,17:07:04,timeslice,1,0.0,0,0,0.0
1785431224.329,17:07:04,timeslice,2,0.0,0,0,0.0
1785431224.329,17:07:04,timeslice,3,0.0,0,0,0.0
1785431224.329,17:07:04,timeslice,4,0.0,0,0,0.0
1785431224.329,17:07:04,timeslice,5,0.0,0,0,0.0
1785431224.329,17:07:04,timeslice,6,0.0,0,0,0.0
1785431224.329,17:07:04,timeslice,7,0.0,0,0,0.0
1785431225.33,17:07:05,timeslice,0,0.0,0,0,0.0
1785431225.33,17:07:05,timeslice,1,0.0,0,0,0.0
1785431225.33,17:07:05,timeslice,2,0.0,0,0,0.0
1785431225.33,17:07:05,timeslice,3,0.0,0,0,0.0
1785431225.33,17:07:05,timeslice,4,0.0,0,0,0.0
1785431225.33,17:07:05,timeslice,5,0.0,0,0,0.0
1785431225.33,17:07:05,timeslice,6,0.0,0,0,0.0
1785431225.33,17:07:05,timeslice,7,0.0,0,0,0.0
1785431226.33,17:07:06,timeslice,0,0.0,0,0,0.0
1785431226.33,17:07:06,timeslice,1,0.0,0,0,0.0
1785431226.33,17:07:06,timeslice,2,0.0,0,0,0.0
1785431226.33,17:07:06,timeslice,3,0.0,0,0,0.0
1785431226.33,17:07:06,timeslice,4,0.0,0,0,0.0
1785431226.33,17:07:06,timeslice,5,0.0,0,0,0.0
1785431226.33,17:07:06,timeslice,6,0.0,0,0,0.0
1785431226.33,17:07:06,timeslice,7,0.0,0,0,0.0
1785431227.33,17:07:07,timeslice,0,0.0,0,0,0.0
1785431227.33,17:07:07,timeslice,1,0.0,0,0,0.0
1785431227.33,17:07:07,timeslice,2,0.0,0,0,0.0
1785431227.33,17:07:07,timeslice,3,0.0,0,0,0.0
1785431227.33,17:07:07,timeslice,4,0.0,0,0,0.0
1785431227.33,17:07:07,timeslice,5,0.0,0,0,0.0
1785431227.33,17:07:07,timeslice,6,0.0,0,0,0.0
1785431227.33,17:07:07,timeslice,7,0.0,0,0,0.0
1785431228.33,17:07:08,timeslice,0,0.0,0,0,0.0
1785431228.33,17:07:08,timeslice,1,0.0,0,0,0.0
1785431228.33,17:07:08,timeslice,2,0.0,0,0,0.0
1785431228.33,17:07:08,timeslice,3,0.0,0,0,0.0
1785431228.33,17:07:08,timeslice,4,0.0,0,0,0.0
1785431228.33,17:07:08,timeslice,5,0.0,0,0,0.0
1785431228.33,17:07:08,timeslice,6,0.0,0,0,0.0
1785431228.33,17:07:08,timeslice,7,0.0,0,0,0.0
1785431229.33,17:07:09,timeslice,0,0.0,0,0,0.0
1785431229.33,17:07:09,timeslice,1,0.0,0,0,0.0
1785431229.33,17:07:09,timeslice,2,0.0,0,0,0.0
1785431229.33,17:07:09,timeslice,3,0.0,0,0,0.0
1785431229.33,17:07:09,timeslice,4,0.0,0,0,0.0
1785431229.33,17:07:09,timeslice,5,0.0,0,0,0.0
1785431229.33,17:07:09,timeslice,6,0.0,0,0,0.0
1785431229.33,17:07:09,timeslice,7,0.0,0,0,0.0
1785431230.33,17:07:10,timeslice,0,0.0,0,0,0.0
1785431230.33,17:07:10,timeslice,1,0.0,0,0,0.0
1785431230.33,17:07:10,timeslice,2,0.0,0,0,0.0
1785431230.33,17:07:10,timeslice,3,0.0,0,0,0.0
1785431230.33,17:07:10,timeslice,4,0.0,0,0,0.0
1785431230.33,17:07:10,timeslice,5,0.0,0,0,0.0
1785431230.33,17:07:10,timeslice,6,0.0,0,0,0.0
1785431230.33,17:07:10,timeslice,7,0.0,0,0,0.0
1785431231.33,17:07:11,timeslice,0,0.0,0,0,0.0
1785431231.33,17:07:11,timeslice,1,0.0,0,0,0.0
1785431231.33,17:07:11,timeslice,2,0.0,0,0,0.0
1785431231.33,17:07:11,timeslice,3,0.0,0,0,0.0
1785431231.33,17:07:11,timeslice,4,0.0,0,0,0.0
1785431231.33,17:07:11,timeslice,5,0.0,0,0,0.0
1785431231.33,17:07:11,timeslice,6,0.0,0,0,0.0
1785431231.33,17:07:11,timeslice,7,0.0,0,0,0.0
1785431232.33,17:07:12,timeslice,0,0.0,0,0,0.0
1785431232.33,17:07:12,timeslice,1,0.0,0,0,0.0
1785431232.33,17:07:12,timeslice,2,0.0,0,0,0.0
1785431232.33,17:07:12,timeslice,3,0.0,0,0,0.0
1785431232.33,17:07:12,timeslice,4,0.0,0,0,0.0
1785431232.33,17:07:12,timeslice,5,0.0,0,0,0.0
1785431232.33,17:07:12,timeslice,6,0.0,0,0,0.0
1785431232.33,17:07:12,timeslice,7,0.0,0,0,0.0
1785431233.331,17:07:13,timeslice,0,0.0,0,0,0.0
1785431233.331,17:07:13,timeslice,1,0.0,0,0,0.0
1785431233.331,17:07:13,timeslice,2,0.0,0,0,0.0
1785431233.331,17:07:13,timeslice,3,0.0,0,0,0.0
1785431233.331,17:07:13,timeslice,4,0.0,0,0,0.0
1785431233.331,17:07:13,timeslice,5,0.0,0,0,0.0
1785431233.331,17:07:13,timeslice,6,0.0,0,0,0.0
1785431233.331,17:07:13,timeslice,7,0.0,0,0,0.0
1785431234.331,17:07:14,timeslice,0,0.0,0,0,0.0
1785431234.331,17:07:14,timeslice,1,0.0,0,0,0.0
1785431234.331,17:07:14,timeslice,2,0.0,0,0,0.0
1785431234.331,17:07:14,timeslice,3,0.0,0,0,0.0
1785431234.331,17:07:14,timeslice,4,0.0,0,0,0.0
1785431234.331,17:07:14,timeslice,5,0.0,0,0,0.0
1785431234.331,17:07:14,timeslice,6,0.0,0,0,0.0
1785431234.331,17:07:14,timeslice,7,0.0,0,0,0.0
1785431235.331,17:07:15,timeslice,0,0.0,0,0,0.0
1785431235.331,17:07:15,timeslice,1,0.0,0,0,0.0
1785431235.331,17:07:15,timeslice,2,0.0,0,0,0.0
1785431235.331,17:07:15,timeslice,3,0.0,0,0,0.0
1785431235.331,17:07:15,timeslice,4,0.0,0,0,0.0
1785431235.331,17:07:15,timeslice,5,0.0,0,0,0.0
1785431235.331,17:07:15,timeslice,6,0.0,0,0,0.0
1785431235.331,17:07:15,timeslice,7,0.0,0,0,0.0
1785431236.331,17:07:16,timeslice,0,0.0,0,0,0.0
1785431236.331,17:07:16,timeslice,1,0.0,0,0,0.0
1785431236.331,17:07:16,timeslice,2,0.0,0,0,0.0
1785431236.331,17:07:16,timeslice,3,0.0,0,0,0.0
1785431236.331,17:07:16,timeslice,4,0.0,0,0,0.0
1785431236.331,17:07:16,timeslice,5,0.0,0,0,0.0
1785431236.331,17:07:16,timeslice,6,0.0,0,0,0.0
1785431236.331,17:07:16,timeslice,7,0.0,0,0,0.0
1785431237.331,17:07:17,timeslice,0,0.0,0,0,0.0
1785431237.331,17:07:17,timeslice,1,0.0,0,0,0.0
1785431237.331,17:07:17,timeslice,2,0.0,0,0,0.0
1785431237.331,17:07:17,timeslice,3,0.0,0,0,0.0
1785431237.331,17:07:17,timeslice,4,0.0,0,0,0.0
1785431237.331,17:07:17,timeslice,5,0.0,0,0,0.0
1785431237.331,17:07:17,timeslice,6,0.0,0,0,0.0
1785431237.331,17:07:17,timeslice,7,0.0,0,0,0.0
1785431238.331,17:07:18,timeslice,0,0.0,0,0,0.0
1785431238.331,17:07:18,timeslice,1,0.0,0,0,0.0
1785431238.331,17:07:18,timeslice,2,0.0,0,0,0.0
1785431238.331,17:07:18,timeslice,3,0.0,0,0,0.0
1785431238.331,17:07:18,timeslice,4,0.0,0,0,0.0
1785431238.331,17:07:18,timeslice,5,0.0,0,0,0.0
1785431238.331,17:07:18,timeslice,6,0.0,0,0,0.0
1785431238.331,17:07:18,timeslice,7,0.0,0,0,0.0
1785431239.331,17:07:19,timeslice,0,0.0,0,0,0.0
1785431239.331,17:07:19,timeslice,1,0.0,0,0,0.0
1785431239.331,17:07:19,timeslice,2,0.0,0,0,0.0
1785431239.331,17:07:19,timeslice,3,0.0,0,0,0.0
1785431239.331,17:07:19,timeslice,4,0.0,0,0,0.0
1785431239.331,17:07:19,timeslice,5,0.0,0,0,0.0
1785431239.331,17:07:19,timeslice,6,0.0,0,0,0.0
1785431239.331,17:07:19,timeslice,7,0.0,0,0,0.0
1785431240.331,17:07:20,timeslice,0,0.0,0,0,0.0
1785431240.331,17:07:20,timeslice,1,0.0,0,0,0.0
1785431240.331,17:07:20,timeslice,2,0.0,0,0,0.0
1785431240.331,17:07:20,timeslice,3,0.0,0,0,0.0
1785431240.331,17:07:20,timeslice,4,0.0,0,0,0.0
1785431240.331,17:07:20,timeslice,5,0.0,0,0,0.0
1785431240.331,17:07:20,timeslice,6,0.0,0,0,0.0
1785431240.331,17:07:20,timeslice,7,0.0,0,0,0.0
1785431241.331,17:07:21,timeslice,0,0.0,0,0,0.0
1785431241.331,17:07:21,timeslice,1,0.0,0,0,0.0
1785431241.331,17:07:21,timeslice,2,0.0,0,0,0.0
1785431241.331,17:07:21,timeslice,3,0.0,0,0,0.0
1785431241.331,17:07:21,timeslice,4,0.0,0,0,0.0
1785431241.331,17:07:21,timeslice,5,0.0,0,0,0.0
1785431241.331,17:07:21,timeslice,6,0.0,0,0,0.0
1785431241.331,17:07:21,timeslice,7,0.0,0,0,0.0
1785431242.332,17:07:22,timeslice,0,0.0,0,0,0.0
1785431242.332,17:07:22,timeslice,1,0.0,0,0,0.0
1785431242.332,17:07:22,timeslice,2,0.0,0,0,0.0
1785431242.332,17:07:22,timeslice,3,0.0,0,0,0.0
1785431242.332,17:07:22,timeslice,4,0.0,0,0,0.0
1785431242.332,17:07:22,timeslice,5,0.0,0,0,0.0
1785431242.332,17:07:22,timeslice,6,0.0,0,0,0.0
1785431242.332,17:07:22,timeslice,7,0.0,0,0,0.0
1785431243.332,17:07:23,timeslice,0,0.0,0,0,0.0
1785431243.332,17:07:23,timeslice,1,0.0,0,0,0.0
1785431243.332,17:07:23,timeslice,2,0.0,0,0,0.0
1785431243.332,17:07:23,timeslice,3,0.0,0,0,0.0
1785431243.332,17:07:23,timeslice,4,0.0,0,0,0.0
1785431243.332,17:07:23,timeslice,5,0.0,0,0,0.0
1785431243.332,17:07:23,timeslice,6,0.0,0,0,0.0
1785431243.332,17:07:23,timeslice,7,0.0,0,0,0.0
1785431244.332,17:07:24,timeslice,0,0.0,0,0,0.0
1785431244.332,17:07:24,timeslice,1,0.0,0,0,0.0
1785431244.332,17:07:24,timeslice,2,0.0,0,0,0.0
1785431244.332,17:07:24,timeslice,3,0.0,0,0,0.0
1785431244.332,17:07:24,timeslice,4,0.0,0,0,0.0
1785431244.332,17:07:24,timeslice,5,0.0,0,0,0.0
1785431244.332,17:07:24,timeslice,6,0.0,0,0,0.0
1785431244.332,17:07:24,timeslice,7,0.0,0,0,0.0
1785431245.332,17:07:25,timeslice,0,0.0,0,0,0.0
1785431245.332,17:07:25,timeslice,1,0.0,0,0,0.0
1785431245.332,17:07:25,timeslice,2,0.0,0,0,0.0
1785431245.332,17:07:25,timeslice,3,0.0,0,0,0.0
1785431245.332,17:07:25,timeslice,4,0.0,0,0,0.0
1785431245.332,17:07:25,timeslice,5,0.0,0,0,0.0
1785431245.332,17:07:25,timeslice,6,0.0,0,0,0.0
1785431245.332,17:07:25,timeslice,7,0.0,0,0,0.0
1785431246.332,17:07:26,timeslice,0,0.0,0,0,0.0
1785431246.332,17:07:26,timeslice,1,0.0,0,0,0.0
1785431246.332,17:07:26,timeslice,2,0.0,0,0,0.0
1785431246.332,17:07:26,timeslice,3,0.0,0,0,0.0
1785431246.332,17:07:26,timeslice,4,0.0,0,0,0.0
1785431246.332,17:07:26,timeslice,5,0.0,0,0,0.0
1785431246.332,17:07:26,timeslice,6,0.0,0,0,0.0
1785431246.332,17:07:26,timeslice,7,0.0,0,0,0.0
1785431247.332,17:07:27,timeslice,0,0.0,0,0,0.0
1785431247.332,17:07:27,timeslice,1,0.0,0,0,0.0
1785431247.332,17:07:27,timeslice,2,0.0,0,0,0.0
1785431247.332,17:07:27,timeslice,3,0.0,0,0,0.0
1785431247.332,17:07:27,timeslice,4,0.0,0,0,0.0
1785431247.332,17:07:27,timeslice,5,0.0,0,0,0.0
1785431247.332,17:07:27,timeslice,6,0.0,0,0,0.0
1785431247.332,17:07:27,timeslice,7,0.0,0,0,0.0
1785431248.333,17:07:28,timeslice,0,0.0,0,0,0.0
1785431248.333,17:07:28,timeslice,1,0.0,0,0,0.0
1785431248.333,17:07:28,timeslice,2,0.0,0,0,0.0
1785431248.333,17:07:28,timeslice,3,0.0,0,0,0.0
1785431248.333,17:07:28,timeslice,4,0.0,0,0,0.0
1785431248.333,17:07:28,timeslice,5,0.0,0,0,0.0
1785431248.333,17:07:28,timeslice,6,0.0,0,0,0.0
1785431248.333,17:07:28,timeslice,7,0.0,0,0,0.0
1785431249.333,17:07:29,timeslice,0,0.0,0,0,0.0
1785431249.333,17:07:29,timeslice,1,0.0,0,0,0.0
1785431249.333,17:07:29,timeslice,2,0.0,0,0,0.0
1785431249.333,17:07:29,timeslice,3,0.0,0,0,0.0
1785431249.333,17:07:29,timeslice,4,0.0,0,0,0.0
1785431249.333,17:07:29,timeslice,5,0.0,0,0,0.0
1785431249.333,17:07:29,timeslice,6,0.0,0,0,0.0
1785431249.333,17:07:29,timeslice,7,0.0,0,0,0.0
1785431250.333,17:07:30,timeslice,0,0.0,0,0,0.0
1785431250.333,17:07:30,timeslice,1,0.0,0,0,0.0
1785431250.333,17:07:30,timeslice,2,0.0,0,0,0.0
1785431250.333,17:07:30,timeslice,3,0.0,0,0,0.0
1785431250.333,17:07:30,timeslice,4,0.0,0,0,0.0
1785431250.333,17:07:30,timeslice,5,0.0,0,0,0.0
1785431250.333,17:07:30,timeslice,6,0.0,0,0,0.0
1785431250.333,17:07:30,timeslice,7,0.0,0,0,0.0
1785431251.333,17:07:31,timeslice,0,0.0,0,0,0.0
1785431251.333,17:07:31,timeslice,1,0.0,0,0,0.0
1785431251.333,17:07:31,timeslice,2,0.0,0,0,0.0
1785431251.333,17:07:31,timeslice,3,0.0,0,0,0.0
1785431251.333,17:07:31,timeslice,4,0.0,0,0,0.0
1785431251.333,17:07:31,timeslice,5,0.0,0,0,0.0
1785431251.333,17:07:31,timeslice,6,0.0,0,0,0.0
1785431251.333,17:07:31,timeslice,7,0.0,0,0,0.0
1785431252.333,17:07:32,timeslice,0,0.0,0,0,0.0
1785431252.333,17:07:32,timeslice,1,0.0,0,0,0.0
1785431252.333,17:07:32,timeslice,2,0.0,0,0,0.0
1785431252.333,17:07:32,timeslice,3,0.0,0,0,0.0
1785431252.333,17:07:32,timeslice,4,0.0,0,0,0.0
1785431252.333,17:07:32,timeslice,5,0.0,0,0,0.0
1785431252.333,17:07:32,timeslice,6,0.0,0,0,0.0
1785431252.333,17:07:32,timeslice,7,0.0,0,0,0.0
1785431253.333,17:07:33,timeslice,0,0.0,0,0,0.0
1785431253.333,17:07:33,timeslice,1,0.0,0,0,0.0
1785431253.333,17:07:33,timeslice,2,0.0,0,0,0.0
1785431253.333,17:07:33,timeslice,3,0.0,0,0,0.0
1785431253.333,17:07:33,timeslice,4,0.0,0,0,0.0
1785431253.333,17:07:33,timeslice,5,0.0,0,0,0.0
1785431253.333,17:07:33,timeslice,6,0.0,0,0,0.0
1785431253.333,17:07:33,timeslice,7,0.0,0,0,0.0
1785431254.333,17:07:34,timeslice,0,0.0,0,0,0.0
1785431254.333,17:07:34,timeslice,1,0.0,0,0,0.0
1785431254.333,17:07:34,timeslice,2,0.0,0,0,0.0
1785431254.333,17:07:34,timeslice,3,0.0,0,0,0.0
1785431254.333,17:07:34,timeslice,4,0.0,0,0,0.0
1785431254.333,17:07:34,timeslice,5,0.0,0,0,0.0
1785431254.333,17:07:34,timeslice,6,0.0,0,0,0.0
1785431254.333,17:07:34,timeslice,7,0.0,0,0,0.0
1785431255.333,17:07:35,timeslice,0,0.0,0,0,0.0
1785431255.333,17:07:35,timeslice,1,0.0,0,0,0.0
1785431255.333,17:07:35,timeslice,2,0.0,0,0,0.0
1785431255.333,17:07:35,timeslice,3,0.0,0,0,0.0
1785431255.333,17:07:35,timeslice,4,0.0,0,0,0.0
1785431255.333,17:07:35,timeslice,5,0.0,0,0,0.0
1785431255.333,17:07:35,timeslice,6,0.0,0,0,0.0
1785431255.333,17:07:35,timeslice,7,0.0,0,0,0.0
1785431256.334,17:07:36,timeslice,0,0.0,0,0,0.0
1785431256.334,17:07:36,timeslice,1,0.0,0,0,0.0
1785431256.334,17:07:36,timeslice,2,0.0,0,0,0.0
1785431256.334,17:07:36,timeslice,3,0.0,0,0,0.0
1785431256.334,17:07:36,timeslice,4,0.0,0,0,0.0
1785431256.334,17:07:36,timeslice,5,0.0,0,0,0.0
1785431256.334,17:07:36,timeslice,6,0.0,0,0,0.0
1785431256.334,17:07:36,timeslice,7,0.0,0,0,0.0
1785431257.334,17:07:37,timeslice,0,0.0,0,0,0.0
1785431257.334,17:07:37,timeslice,1,0.0,0,0,0.0
1785431257.334,17:07:37,timeslice,2,0.0,0,0,0.0
1785431257.334,17:07:37,timeslice,3,0.0,0,0,0.0
1785431257.334,17:07:37,timeslice,4,0.0,0,0,0.0
1785431257.334,17:07:37,timeslice,5,0.0,0,0,0.0
1785431257.334,17:07:37,timeslice,6,0.0,0,0,0.0
1785431257.334,17:07:37,timeslice,7,0.0,0,0,0.0
1785431258.334,17:07:38,timeslice,0,0.0,0,0,0.0
1785431258.334,17:07:38,timeslice,1,0.0,0,0,0.0
1785431258.334,17:07:38,timeslice,2,0.0,0,0,0.0
1785431258.334,17:07:38,timeslice,3,0.0,0,0,0.0
1785431258.334,17:07:38,timeslice,4,0.0,0,0,0.0
1785431258.334,17:07:38,timeslice,5,0.0,0,0,0.0
1785431258.334,17:07:38,timeslice,6,0.0,0,0,0.0
1785431258.334,17:07:38,timeslice,7,0.0,0,0,0.0
1785431259.334,17:07:39,timeslice,0,0.0,0,0,0.0
1785431259.334,17:07:39,timeslice,1,0.0,0,0,0.0
1785431259.334,17:07:39,timeslice,2,0.0,0,0,0.0
1785431259.334,17:07:39,timeslice,3,0.0,0,0,0.0
1785431259.334,17:07:39,timeslice,4,0.0,0,0,0.0
1785431259.334,17:07:39,timeslice,5,0.0,0,0,0.0
1785431259.334,17:07:39,timeslice,6,0.0,0,0,0.0
1785431259.334,17:07:39,timeslice,7,0.0,0,0,0.0
1785431260.334,17:07:40,timeslice,0,0.0,0,0,0.0
1785431260.334,17:07:40,timeslice,1,0.0,0,0,0.0
1785431260.334,17:07:40,timeslice,2,0.0,0,0,0.0
1785431260.334,17:07:40,timeslice,3,0.0,0,0,0.0
1785431260.334,17:07:40,timeslice,4,0.0,0,0,0.0
1785431260.334,17:07:40,timeslice,5,0.0,0,0,0.0
1785431260.334,17:07:40,timeslice,6,0.0,0,0,0.0
1785431260.334,17:07:40,timeslice,7,0.0,0,0,0.0
1785431261.334,17:07:41,timeslice,0,0.0,0,0,0.0
1785431261.334,17:07:41,timeslice,1,0.0,0,0,0.0
1785431261.334,17:07:41,timeslice,2,0.0,0,0,0.0
1785431261.334,17:07:41,timeslice,3,0.0,0,0,0.0
1785431261.334,17:07:41,timeslice,4,0.0,0,0,0.0
1785431261.334,17:07:41,timeslice,5,0.0,0,0,0.0
1785431261.334,17:07:41,timeslice,6,0.0,0,0,0.0
1785431261.334,17:07:41,timeslice,7,0.0,0,0,0.0
1785431262.334,17:07:42,timeslice,0,0.0,0,0,0.0
1785431262.334,17:07:42,timeslice,1,0.0,0,0,0.0
1785431262.334,17:07:42,timeslice,2,0.0,0,0,0.0
1785431262.334,17:07:42,timeslice,3,0.0,0,0,0.0
1785431262.334,17:07:42,timeslice,4,0.0,0,0,0.0
1785431262.334,17:07:42,timeslice,5,0.0,0,0,0.0
1785431262.334,17:07:42,timeslice,6,0.0,0,0,0.0
1785431262.334,17:07:42,timeslice,7,0.0,0,0,0.0
1785431263.334,17:07:43,timeslice,0,0.0,0,0,0.0
1785431263.334,17:07:43,timeslice,1,0.0,0,0,0.0
1785431263.334,17:07:43,timeslice,2,0.0,0,0,0.0
1785431263.334,17:07:43,timeslice,3,0.0,0,0,0.0
1785431263.334,17:07:43,timeslice,4,0.0,0,0,0.0
1785431263.334,17:07:43,timeslice,5,0.0,0,0,0.0
1785431263.334,17:07:43,timeslice,6,0.0,0,0,0.0
1785431263.334,17:07:43,timeslice,7,0.0,0,0,0.0
1785431264.335,17:07:44,timeslice,0,0.0,0,0,0.0
1785431264.335,17:07:44,timeslice,1,0.0,0,0,0.0
1785431264.335,17:07:44,timeslice,2,0.0,0,0,0.0
1785431264.335,17:07:44,timeslice,3,0.0,0,0,0.0
1785431264.335,17:07:44,timeslice,4,0.0,0,0,0.0
1785431264.335,17:07:44,timeslice,5,0.0,0,0,0.0
1785431264.335,17:07:44,timeslice,6,0.0,0,0,0.0
1785431264.335,17:07:44,timeslice,7,0.0,0,0,0.0
1785431265.335,17:07:45,timeslice,0,0.0,0,0,0.0
1785431265.335,17:07:45,timeslice,1,0.0,0,0,0.0
1785431265.335,17:07:45,timeslice,2,0.0,0,0,0.0
1785431265.335,17:07:45,timeslice,3,0.0,0,0,0.0
1785431265.335,17:07:45,timeslice,4,0.0,0,0,0.0
1785431265.335,17:07:45,timeslice,5,0.0,0,0,0.0
1785431265.335,17:07:45,timeslice,6,0.0,0,0,0.0
1785431265.335,17:07:45,timeslice,7,0.0,0,0,0.0
1785431266.335,17:07:46,timeslice,0,0.0,0,0,0.0
1785431266.335,17:07:46,timeslice,1,0.0,0,0,0.0
1785431266.335,17:07:46,timeslice,2,0.0,0,0,0.0
1785431266.335,17:07:46,timeslice,3,0.0,0,0,0.0
1785431266.335,17:07:46,timeslice,4,0.0,0,0,0.0
1785431266.335,17:07:46,timeslice,5,0.0,0,0,0.0
1785431266.335,17:07:46,timeslice,6,0.0,0,0,0.0
1785431266.335,17:07:46,timeslice,7,0.0,0,0,0.0
1785431267.335,17:07:47,timeslice,0,0.0,0,0,0.0
1785431267.335,17:07:47,timeslice,1,0.0,0,0,0.0
1785431267.335,17:07:47,timeslice,2,0.0,0,0,0.0
1785431267.335,17:07:47,timeslice,3,0.0,0,0,0.0
1785431267.335,17:07:47,timeslice,4,0.0,0,0,0.0
1785431267.335,17:07:47,timeslice,5,0.0,0,0,0.0
1785431267.335,17:07:47,timeslice,6,0.0,0,0,0.0
1785431267.335,17:07:47,timeslice,7,0.0,0,0,0.0
1785431268.335,17:07:48,timeslice,0,0.0,0,0,0.0
1785431268.335,17:07:48,timeslice,1,0.0,0,0,0.0
1785431268.335,17:07:48,timeslice,2,0.0,0,0,0.0
1785431268.335,17:07:48,timeslice,3,0.0,0,0,0.0
1785431268.335,17:07:48,timeslice,4,0.0,0,0,0.0
1785431268.335,17:07:48,timeslice,5,0.0,0,0,0.0
1785431268.335,17:07:48,timeslice,6,0.0,0,0,0.0
1785431268.335,17:07:48,timeslice,7,0.0,0,0,0.0
1785431269.335,17:07:49,timeslice,0,0.0,0,0,0.0
1785431269.335,17:07:49,timeslice,1,0.0,0,0,0.0
1785431269.335,17:07:49,timeslice,2,0.0,0,0,0.0
1785431269.335,17:07:49,timeslice,3,0.0,0,0,0.0
1785431269.335,17:07:49,timeslice,4,0.0,0,0,0.0
1785431269.335,17:07:49,timeslice,5,0.0,0,0,0.0
1785431269.335,17:07:49,timeslice,6,0.0,0,0,0.0
1785431269.335,17:07:49,timeslice,7,0.0,0,0,0.0
1785431270.335,17:07:50,timeslice,0,0.0,0,0,0.0
1785431270.335,17:07:50,timeslice,1,0.0,0,0,0.0
1785431270.335,17:07:50,timeslice,2,0.0,0,0,0.0
1785431270.335,17:07:50,timeslice,3,0.0,0,0,0.0
1785431270.335,17:07:50,timeslice,4,0.0,0,0,0.0
1785431270.335,17:07:50,timeslice,5,0.0,0,0,0.0
1785431270.335,17:07:50,timeslice,6,0.0,0,0,0.0
1785431270.335,17:07:50,timeslice,7,0.0,0,0,0.0
1785431271.335,17:07:51,timeslice,0,0.0,0,0,0.0
1785431271.335,17:07:51,timeslice,1,0.0,0,0,0.0
1785431271.335,17:07:51,timeslice,2,0.0,0,0,0.0
1785431271.335,17:07:51,timeslice,3,0.0,0,0,0.0
1785431271.335,17:07:51,timeslice,4,0.0,0,0,0.0
1785431271.335,17:07:51,timeslice,5,0.0,0,0,0.0
1785431271.335,17:07:51,timeslice,6,0.0,0,0,0.0
1785431271.335,17:07:51,timeslice,7,0.0,0,0,0.0
1785431272.336,17:07:52,timeslice,0,0.0,0,0,0.0
1785431272.336,17:07:52,timeslice,1,0.0,0,0,0.0
1785431272.336,17:07:52,timeslice,2,0.0,0,0,0.0
1785431272.336,17:07:52,timeslice,3,0.0,0,0,0.0
1785431272.336,17:07:52,timeslice,4,0.0,0,0,0.0
1785431272.336,17:07:52,timeslice,5,0.0,0,0,0.0
1785431272.336,17:07:52,timeslice,6,0.0,0,0,0.0
1785431272.336,17:07:52,timeslice,7,0.0,0,0,0.0
1785431273.336,17:07:53,timeslice,0,0.0,0,0,0.0
1785431273.336,17:07:53,timeslice,1,0.0,0,0,0.0
1785431273.336,17:07:53,timeslice,2,0.0,0,0,0.0
1785431273.336,17:07:53,timeslice,3,0.0,0,0,0.0
1785431273.336,17:07:53,timeslice,4,0.0,0,0,0.0
1785431273.336,17:07:53,timeslice,5,0.0,0,0,0.0
1785431273.336,17:07:53,timeslice,6,0.0,0,0,0.0
1785431273.336,17:07:53,timeslice,7,0.0,0,0,0.0
1785431274.336,17:07:54,timeslice,0,0.0,0,0,0.0
1785431274.336,17:07:54,timeslice,1,0.0,0,0,0.0
1785431274.336,17:07:54,timeslice,2,0.0,0,0,0.0
1785431274.336,17:07:54,timeslice,3,0.0,0,0,0.0
1785431274.336,17:07:54,timeslice,4,0.0,0,0,0.0
1785431274.336,17:07:54,timeslice,5,0.0,0,0,0.0
1785431274.336,17:07:54,timeslice,6,0.0,0,0,0.0
1785431274.336,17:07:54,timeslice,7,0.0,0,0,0.0
1785431275.336,17:07:55,timeslice,0,0.0,0,0,0.0
1785431275.336,17:07:55,timeslice,1,0.0,0,0,0.0
1785431275.336,17:07:55,timeslice,2,0.0,0,0,0.0
1785431275.336,17:07:55,timeslice,3,0.0,0,0,0.0
1785431275.336,17:07:55,timeslice,4,0.0,0,0,0.0
1785431275.336,17:07:55,timeslice,5,0.0,0,0,0.0
1785431275.336,17:07:55,timeslice,6,0.0,0,0,0.0
1785431275.336,17:07:55,timeslice,7,0.0,0,0,0.0
1785431276.336,17:07:56,timeslice,0,0.0,0,0,0.0
1785431276.336,17:07:56,timeslice,1,0.0,0,0,0.0
1785431276.336,17:07:56,timeslice,2,0.0,0,0,0.0
1785431276.336,17:07:56,timeslice,3,0.0,0,0,0.0
1785431276.336,17:07:56,timeslice,4,0.0,0,0,0.0
1785431276.336,17:07:56,timeslice,5,0.0,0,0,0.0
1785431276.336,17:07:56,timeslice,6,0.0,0,0,0.0
1785431276.336,17:07:56,timeslice,7,0.0,0,0,0.0
1785431277.336,17:07:57,timeslice,0,0.0,0,0,0.0
1785431277.336,17:07:57,timeslice,1,0.0,0,0,0.0
1785431277.336,17:07:57,timeslice,2,0.0,0,0,0.0
1785431277.336,17:07:57,timeslice,3,0.0,0,0,0.0
1785431277.336,17:07:57,timeslice,4,0.0,0,0,0.0
1785431277.336,17:07:57,timeslice,5,0.0,0,0,0.0
1785431277.336,17:07:57,timeslice,6,0.0,0,0,0.0
1785431277.336,17:07:57,timeslice,7,0.0,0,0,0.0
1785431278.336,17:07:58,timeslice,0,0.0,0,0,0.0
1785431278.336,17:07:58,timeslice,1,0.0,0,0,0.0
1785431278.336,17:07:58,timeslice,2,0.0,0,0,0.0
1785431278.336,17:07:58,timeslice,3,0.0,0,0,0.0
1785431278.336,17:07:58,timeslice,4,0.0,0,0,0.0
1785431278.336,17:07:58,timeslice,5,0.0,0,0,0.0
1785431278.336,17:07:58,timeslice,6,0.0,0,0,0.0
1785431278.336,17:07:58,timeslice,7,0.0,0,0,0.0
1785431279.336,17:07:59,timeslice,0,0.0,0,0,0.0
1785431279.336,17:07:59,timeslice,1,0.0,0,0,0.0
1785431279.336,17:07:59,timeslice,2,0.0,0,0,0.0
1785431279.336,17:07:59,timeslice,3,0.0,0,0,0.0
1785431279.336,17:07:59,timeslice,4,0.0,0,0,0.0
1785431279.336,17:07:59,timeslice,5,0.0,0,0,0.0
1785431279.336,17:07:59,timeslice,6,0.0,0,0,0.0
1785431279.336,17:07:59,timeslice,7,0.0,0,0,0.0
1785431280.336,17:08:00,timeslice,0,0.0,0,0,0.0
1785431280.336,17:08:00,timeslice,1,0.0,0,0,0.0
1785431280.336,17:08:00,timeslice,2,0.0,0,0,0.0
1785431280.336,17:08:00,timeslice,3,0.0,0,0,0.0
1785431280.336,17:08:00,timeslice,4,0.0,0,0,0.0
1785431280.336,17:08:00,timeslice,5,0.0,0,0,0.0
1785431280.336,17:08:00,timeslice,6,0.0,0,0,0.0
1785431280.336,17:08:00,timeslice,7,0.0,0,0,0.0
1785431281.336,17:08:01,timeslice,0,0.0,0,0,0.0
1785431281.336,17:08:01,timeslice,1,0.0,0,0,0.0
1785431281.336,17:08:01,timeslice,2,0.0,0,0,0.0
1785431281.336,17:08:01,timeslice,3,0.0,0,0,0.0
1785431281.336,17:08:01,timeslice,4,0.0,0,0,0.0
1785431281.336,17:08:01,timeslice,5,0.0,0,0,0.0
1785431281.336,17:08:01,timeslice,6,0.0,0,0,0.0
1785431281.336,17:08:01,timeslice,7,0.0,0,0,0.0
1785431282.337,17:08:02,timeslice,0,0.0,0,0,0.0
1785431282.337,17:08:02,timeslice,1,0.0,0,0,0.0
1785431282.337,17:08:02,timeslice,2,0.0,0,0,0.0
1785431282.337,17:08:02,timeslice,3,0.0,0,0,0.0
1785431282.337,17:08:02,timeslice,4,0.0,0,0,0.0
1785431282.337,17:08:02,timeslice,5,0.0,0,0,0.0
1785431282.337,17:08:02,timeslice,6,0.0,0,0,0.0
1785431282.337,17:08:02,timeslice,7,0.0,0,0,0.0
1785431283.337,17:08:03,timeslice,0,0.0,0,0,0.0
1785431283.337,17:08:03,timeslice,1,0.0,0,0,0.0
1785431283.337,17:08:03,timeslice,2,0.0,0,0,0.0
1785431283.337,17:08:03,timeslice,3,0.0,0,0,0.0
1785431283.337,17:08:03,timeslice,4,0.0,0,0,0.0
1785431283.337,17:08:03,timeslice,5,0.0,0,0,0.0
1785431283.337,17:08:03,timeslice,6,0.0,0,0,0.0
1785431283.337,17:08:03,timeslice,7,0.0,0,0,0.0
1785431284.337,17:08:04,timeslice,0,0.0,0,0,0.0
1785431284.337,17:08:04,timeslice,1,0.0,0,0,0.0
1785431284.337,17:08:04,timeslice,2,0.0,0,0,0.0
1785431284.337,17:08:04,timeslice,3,0.0,0,0,0.0
1785431284.337,17:08:04,timeslice,4,0.0,0,0,0.0
1785431284.337,17:08:04,timeslice,5,0.0,0,0,0.0
1785431284.337,17:08:04,timeslice,6,0.0,0,0,0.0
1785431284.337,17:08:04,timeslice,7,0.0,0,0,0.0
1785431285.337,17:08:05,timeslice,0,0.0,0,0,0.0
1785431285.337,17:08:05,timeslice,1,0.0,0,0,0.0
1785431285.337,17:08:05,timeslice,2,0.0,0,0,0.0
1785431285.337,17:08:05,timeslice,3,0.0,0,0,0.0
1785431285.337,17:08:05,timeslice,4,0.0,0,0,0.0
1785431285.337,17:08:05,timeslice,5,0.0,0,0,0.0
1785431285.337,17:08:05,timeslice,6,0.0,0,0,0.0
1785431285.337,17:08:05,timeslice,7,0.0,0,0,0.0
1785431286.337,17:08:06,timeslice,0,0.0,0,0,0.0
1785431286.337,17:08:06,timeslice,1,0.0,0,0,0.0
1785431286.337,17:08:06,timeslice,2,0.0,0,0,0.0
1785431286.337,17:08:06,timeslice,3,0.0,0,0,0.0
1785431286.337,17:08:06,timeslice,4,0.0,0,0,0.0
1785431286.337,17:08:06,timeslice,5,0.0,0,0,0.0
1785431286.337,17:08:06,timeslice,6,0.0,0,0,0.0
1785431286.337,17:08:06,timeslice,7,0.0,0,0,0.0
1785431287.337,17:08:07,timeslice,0,0.0,0,0,0.0
1785431287.337,17:08:07,timeslice,1,0.0,0,0,0.0
1785431287.337,17:08:07,timeslice,2,0.0,0,0,0.0
1785431287.337,17:08:07,timeslice,3,0.0,0,0,0.0
1785431287.337,17:08:07,timeslice,4,0.0,0,0,0.0
1785431287.337,17:08:07,timeslice,5,0.0,0,0,0.0
1785431287.337,17:08:07,timeslice,6,0.0,0,0,0.0
1785431287.337,17:08:07,timeslice,7,0.0,0,0,0.0
1785431288.337,17:08:08,timeslice,0,0.0,0,0,0.0
1785431288.337,17:08:08,timeslice,1,0.0,0,0,0.0
1785431288.337,17:08:08,timeslice,2,0.0,0,0,0.0
1785431288.337,17:08:08,timeslice,3,0.0,0,0,0.0
1785431288.337,17:08:08,timeslice,4,0.0,0,0,0.0
1785431288.337,17:08:08,timeslice,5,0.0,0,0,0.0
1785431288.337,17:08:08,timeslice,6,0.0,0,0,0.0
1785431288.337,17:08:08,timeslice,7,0.0,0,0,0.0
1785431289.337,17:08:09,timeslice,0,0.0,0,0,0.0
1785431289.337,17:08:09,timeslice,1,0.0,0,0,0.0
1785431289.337,17:08:09,timeslice,2,0.0,0,0,0.0
1785431289.337,17:08:09,timeslice,3,0.0,0,0,0.0
1785431289.337,17:08:09,timeslice,4,0.0,0,0,0.0
1785431289.337,17:08:09,timeslice,5,0.0,0,0,0.0
1785431289.337,17:08:09,timeslice,6,0.0,0,0,0.0
1785431289.337,17:08:09,timeslice,7,0.0,0,0,0.0
1785431290.337,17:08:10,timeslice,0,0.0,0,0,0.0
1785431290.337,17:08:10,timeslice,1,0.0,0,0,0.0
1785431290.337,17:08:10,timeslice,2,0.0,0,0,0.0
1785431290.337,17:08:10,timeslice,3,0.0,0,0,0.0
1785431290.337,17:08:10,timeslice,4,0.0,0,0,0.0
1785431290.337,17:08:10,timeslice,5,0.0,0,0,0.0
1785431290.337,17:08:10,timeslice,6,0.0,0,0,0.0
1785431290.337,17:08:10,timeslice,7,0.0,0,0,0.0
1785431291.338,17:08:11,timeslice,0,0.0,0,0,0.0
1785431291.338,17:08:11,timeslice,1,0.0,0,0,0.0
1785431291.338,17:08:11,timeslice,2,0.0,0,0,0.0
1785431291.338,17:08:11,timeslice,3,0.0,0,0,0.0
1785431291.338,17:08:11,timeslice,4,0.0,0,0,0.0
1785431291.338,17:08:11,timeslice,5,0.0,0,0,0.0
1785431291.338,17:08:11,timeslice,6,0.0,0,0,0.0
1785431291.338,17:08:11,timeslice,7,0.0,0,0,0.0
1785431292.338,17:08:12,timeslice,0,0.0,0,0,0.0
1785431292.338,17:08:12,timeslice,1,0.0,0,0,0.0
1785431292.338,17:08:12,timeslice,2,0.0,0,0,0.0
1785431292.338,17:08:12,timeslice,3,0.0,0,0,0.0
1785431292.338,17:08:12,timeslice,4,0.0,0,0,0.0
1785431292.338,17:08:12,timeslice,5,0.0,0,0,0.0
1785431292.338,17:08:12,timeslice,6,0.0,0,0,0.0
1785431292.338,17:08:12,timeslice,7,0.0,0,0,0.0
1785431293.338,17:08:13,timeslice,0,0.0,0,0,0.0
1785431293.338,17:08:13,timeslice,1,0.0,0,0,0.0
1785431293.338,17:08:13,timeslice,2,0.0,0,0,0.0
1785431293.338,17:08:13,timeslice,3,0.0,0,0,0.0
1785431293.338,17:08:13,timeslice,4,0.0,0,0,0.0
1785431293.338,17:08:13,timeslice,5,0.0,0,0,0.0
1785431293.338,17:08:13,timeslice,6,0.0,0,0,0.0
1785431293.338,17:08:13,timeslice,7,0.0,0,0,0.0
1785431294.338,17:08:14,timeslice,0,0.0,0,0,0.0
1785431294.338,17:08:14,timeslice,1,0.0,0,0,0.0
1785431294.338,17:08:14,timeslice,2,0.0,0,0,0.0
1785431294.338,17:08:14,timeslice,3,0.0,0,0,0.0
1785431294.338,17:08:14,timeslice,4,0.0,0,0,0.0
1785431294.338,17:08:14,timeslice,5,0.0,0,0,0.0
1785431294.338,17:08:14,timeslice,6,0.0,0,0,0.0
1785431294.338,17:08:14,timeslice,7,0.0,0,0,0.0
1785431295.338,17:08:15,timeslice,0,0.0,0,0,0.0
1785431295.338,17:08:15,timeslice,1,0.0,0,0,0.0
1785431295.338,17:08:15,timeslice,2,0.0,0,0,0.0
1785431295.338,17:08:15,timeslice,3,0.0,0,0,0.0
1785431295.338,17:08:15,timeslice,4,0.0,0,0,0.0
1785431295.338,17:08:15,timeslice,5,0.0,0,0,0.0
1785431295.338,17:08:15,timeslice,6,0.0,0,0,0.0
1785431295.338,17:08:15,timeslice,7,0.0,0,0,0.0
1785431296.338,17:08:16,timeslice,0,0.0,0,0,0.0
1785431296.338,17:08:16,timeslice,1,0.0,0,0,0.0
1785431296.338,17:08:16,timeslice,2,0.0,0,0,0.0
1785431296.338,17:08:16,timeslice,3,0.0,0,0,0.0
1785431296.338,17:08:16,timeslice,4,0.0,0,0,0.0
1785431296.338,17:08:16,timeslice,5,0.0,0,0,0.0
1785431296.338,17:08:16,timeslice,6,0.0,0,0,0.0
1785431296.338,17:08:16,timeslice,7,0.0,0,0,0.0
1785431297.338,17:08:17,timeslice,0,0.0,0,0,0.0
1785431297.338,17:08:17,timeslice,1,0.0,0,0,0.0
1785431297.338,17:08:17,timeslice,2,0.0,0,0,0.0
1785431297.338,17:08:17,timeslice,3,0.0,0,0,0.0
1785431297.338,17:08:17,timeslice,4,0.0,0,0,0.0
1785431297.338,17:08:17,timeslice,5,0.0,0,0,0.0
1785431297.338,17:08:17,timeslice,6,0.0,0,0,0.0
1785431297.338,17:08:17,timeslice,7,0.0,0,0,0.0
1785431298.338,17:08:18,timeslice,0,0.0,0,0,0.0
1785431298.338,17:08:18,timeslice,1,0.0,0,0,0.0
1785431298.338,17:08:18,timeslice,2,0.0,0,0,0.0
1785431298.338,17:08:18,timeslice,3,0.0,0,0,0.0
1785431298.338,17:08:18,timeslice,4,0.0,0,0,0.0
1785431298.338,17:08:18,timeslice,5,0.0,0,0,0.0
1785431298.338,17:08:18,timeslice,6,0.0,0,0,0.0
1785431298.338,17:08:18,timeslice,7,0.0,0,0,0.0
1785431299.339,17:08:19,timeslice,0,0.0,0,0,0.0
1785431299.339,17:08:19,timeslice,1,0.0,0,0,0.0
1785431299.339,17:08:19,timeslice,2,0.0,0,0,0.0
1785431299.339,17:08:19,timeslice,3,0.0,0,0,0.0
1785431299.339,17:08:19,timeslice,4,0.0,0,0,0.0
1785431299.339,17:08:19,timeslice,5,0.0,0,0,0.0
1785431299.339,17:08:19,timeslice,6,0.0,0,0,0.0
1785431299.339,17:08:19,timeslice,7,0.0,0,0,0.0
1785431300.339,17:08:20,timeslice,0,0.0,0,0,0.0
1785431300.339,17:08:20,timeslice,1,0.0,0,0,0.0
1785431300.339,17:08:20,timeslice,2,0.0,0,0,0.0
1785431300.339,17:08:20,timeslice,3,0.0,0,0,0.0
1785431300.339,17:08:20,timeslice,4,0.0,0,0,0.0
1785431300.339,17:08:20,timeslice,5,0.0,0,0,0.0
1785431300.339,17:08:20,timeslice,6,0.0,0,0,0.0
1785431300.339,17:08:20,timeslice,7,0.0,0,0,0.0
1785431301.339,17:08:21,timeslice,0,0.0,0,0,0.0
1785431301.339,17:08:21,timeslice,1,0.0,0,0,0.0
1785431301.339,17:08:21,timeslice,2,0.0,0,0,0.0
1785431301.339,17:08:21,timeslice,3,0.0,0,0,0.0
1785431301.339,17:08:21,timeslice,4,0.0,0,0,0.0
1785431301.339,17:08:21,timeslice,5,0.0,0,0,0.0
1785431301.339,17:08:21,timeslice,6,0.0,0,0,0.0
1785431301.339,17:08:21,timeslice,7,0.0,0,0,0.0
1785431302.339,17:08:22,timeslice,0,0.0,0,0,0.0
1785431302.339,17:08:22,timeslice,1,0.0,0,0,0.0
1785431302.339,17:08:22,timeslice,2,0.0,0,0,0.0
1785431302.339,17:08:22,timeslice,3,0.0,0,0,0.0
1785431302.339,17:08:22,timeslice,4,0.0,0,0,0.0
1785431302.339,17:08:22,timeslice,5,0.0,0,0,0.0
1785431302.339,17:08:22,timeslice,6,0.0,0,0,0.0
1785431302.339,17:08:22,timeslice,7,0.0,0,0,0.0
1785431303.339,17:08:23,timeslice,0,0.0,0,0,0.0
1785431303.339,17:08:23,timeslice,1,0.0,0,0,0.0
1785431303.339,17:08:23,timeslice,2,0.0,0,0,0.0
1785431303.339,17:08:23,timeslice,3,0.0,0,0,0.0
1785431303.339,17:08:23,timeslice,4,0.0,0,0,0.0
1785431303.339,17:08:23,timeslice,5,0.0,0,0,0.0
1785431303.339,17:08:23,timeslice,6,0.0,0,0,0.0
1785431303.339,17:08:23,timeslice,7,0.0,0,0,0.0
1785431304.339,17:08:24,timeslice,0,0.0,0,0,0.0
1785431304.339,17:08:24,timeslice,1,0.0,0,0,0.0
1785431304.339,17:08:24,timeslice,2,0.0,0,0,0.0
1785431304.339,17:08:24,timeslice,3,0.0,0,0,0.0
1785431304.339,17:08:24,timeslice,4,0.0,0,0,0.0
1785431304.339,17:08:24,timeslice,5,0.0,0,0,0.0
1785431304.339,17:08:24,timeslice,6,0.0,0,0,0.0
1785431304.339,17:08:24,timeslice,7,0.0,0,0,0.0
1785431305.339,17:08:25,timeslice,0,0.0,0,0,0.0
1785431305.339,17:08:25,timeslice,1,0.0,0,0,0.0
1785431305.339,17:08:25,timeslice,2,0.0,0,0,0.0
1785431305.339,17:08:25,timeslice,3,0.0,0,0,0.0
1785431305.339,17:08:25,timeslice,4,0.0,0,0,0.0
1785431305.339,17:08:25,timeslice,5,0.0,0,0,0.0
1785431305.339,17:08:25,timeslice,6,0.0,0,0,0.0
1785431305.339,17:08:25,timeslice,7,0.0,0,0,0.0
1785431306.339,17:08:26,timeslice,0,0.0,0,0,0.0
1785431306.339,17:08:26,timeslice,1,0.0,0,0,0.0
1785431306.339,17:08:26,timeslice,2,0.0,0,0,0.0
1785431306.339,17:08:26,timeslice,3,0.0,0,0,0.0
1785431306.339,17:08:26,timeslice,4,0.0,0,0,0.0
1785431306.339,17:08:26,timeslice,5,0.0,0,0,0.0
1785431306.339,17:08:26,timeslice,6,0.0,0,0,0.0
1785431306.339,17:08:26,timeslice,7,0.0,0,0,0.0
1785431307.339,17:08:27,timeslice,0,0.0,0,0,0.0
1785431307.339,17:08:27,timeslice,1,0.0,0,0,0.0
1785431307.339,17:08:27,timeslice,2,0.0,0,0,0.0
1785431307.339,17:08:27,timeslice,3,0.0,0,0,0.0
1785431307.339,17:08:27,timeslice,4,0.0,0,0,0.0
1785431307.339,17:08:27,timeslice,5,0.0,0,0,0.0
1785431307.339,17:08:27,timeslice,6,0.0,0,0,0.0
1785431307.339,17:08:27,timeslice,7,0.0,0,0,0.0
1785431308.34,17:08:28,timeslice,0,0.0,0,0,0.0
1785431308.34,17:08:28,timeslice,1,0.0,0,0,0.0
1785431308.34,17:08:28,timeslice,2,0.0,0,0,0.0
1785431308.34,17:08:28,timeslice,3,0.0,0,0,0.0
1785431308.34,17:08:28,timeslice,4,0.0,0,0,0.0
1785431308.34,17:08:28,timeslice,5,0.0,0,0,0.0
1785431308.34,17:08:28,timeslice,6,0.0,0,0,0.0
1785431308.34,17:08:28,timeslice,7,0.0,0,0,0.0
1785431309.34,17:08:29,timeslice,0,0.0,0,0,0.0
1785431309.34,17:08:29,timeslice,1,0.0,0,0,0.0
1785431309.34,17:08:29,timeslice,2,0.0,0,0,0.0
1785431309.34,17:08:29,timeslice,3,0.0,0,0,0.0
1785431309.34,17:08:29,timeslice,4,0.0,0,0,0.0
1785431309.34,17:08:29,timeslice,5,0.0,0,0,0.0
1785431309.34,17:08:29,timeslice,6,0.0,0,0,0.0
1785431309.34,17:08:29,timeslice,7,0.0,0,0,0.0
1785431310.34,17:08:30,timeslice,0,0.0,0,0,0.0
1785431310.34,17:08:30,timeslice,1,0.0,0,0,0.0
1785431310.34,17:08:30,timeslice,2,0.0,0,0,0.0
1785431310.34,17:08:30,timeslice,3,0.0,0,0,0.0
1785431310.34,17:08:30,timeslice,4,0.0,0,0,0.0
1785431310.34,17:08:30,timeslice,5,0.0,0,0,0.0
1785431310.34,17:08:30,timeslice,6,0.0,0,0,0.0
1785431310.34,17:08:30,timeslice,7,0.0,0,0,0.0
1785431311.34,17:08:31,timeslice,0,0.0,0,0,0.0
1785431311.34,17:08:31,timeslice,1,0.0,0,0,0.0
1785431311.34,17:08:31,timeslice,2,0.0,0,0,0.0
1785431311.34,17:08:31,timeslice,3,0.0,0,0,0.0
1785431311.34,17:08:31,timeslice,4,0.0,0,0,0.0
1785431311.34,17:08:31,timeslice,5,0.0,0,0,0.0
1785431311.34,17:08:31,timeslice,6,0.0,0,0,0.0
1785431311.34,17:08:31,timeslice,7,0.0,0,0,0.0
1785431312.34,17:08:32,timeslice,0,0.0,0,0,0.0
1785431312.34,17:08:32,timeslice,1,0.0,0,0,0.0
1785431312.34,17:08:32,timeslice,2,0.0,0,0,0.0
1785431312.34,17:08:32,timeslice,3,0.0,0,0,0.0
1785431312.34,17:08:32,timeslice,4,0.0,0,0,0.0
1785431312.34,17:08:32,timeslice,5,0.0,0,0,0.0
1785431312.34,17:08:32,timeslice,6,0.0,0,0,0.0
1785431312.34,17:08:32,timeslice,7,0.0,0,0,0.0
1785431313.34,17:08:33,timeslice,0,0.0,0,0,0.0
1785431313.34,17:08:33,timeslice,1,0.0,0,0,0.0
1785431313.34,17:08:33,timeslice,2,0.0,0,0,0.0
1785431313.34,17:08:33,timeslice,3,0.0,0,0,0.0
1785431313.34,17:08:33,timeslice,4,0.0,0,0,0.0
1785431313.34,17:08:33,timeslice,5,0.0,0,0,0.0
1785431313.34,17:08:33,timeslice,6,0.0,0,0,0.0
1785431313.34,17:08:33,timeslice,7,0.0,0,0,0.0
1785431314.34,17:08:34,timeslice,0,0.0,0,0,0.0
1785431314.34,17:08:34,timeslice,1,0.0,0,0,0.0
1785431314.34,17:08:34,timeslice,2,0.0,0,0,0.0
1785431314.34,17:08:34,timeslice,3,0.0,0,0,0.0
1785431314.34,17:08:34,timeslice,4,0.0,0,0,0.0
1785431314.34,17:08:34,timeslice,5,0.0,0,0,0.0
1785431314.34,17:08:34,timeslice,6,0.0,0,0,0.0
1785431314.34,17:08:34,timeslice,7,0.0,0,0,0.0
1785431315.341,17:08:35,timeslice,0,0.0,0,0,0.0
1785431315.341,17:08:35,timeslice,1,0.0,0,0,0.0
1785431315.341,17:08:35,timeslice,2,0.0,0,0,0.0
1785431315.341,17:08:35,timeslice,3,0.0,0,0,0.0
1785431315.341,17:08:35,timeslice,4,0.0,0,0,0.0
1785431315.341,17:08:35,timeslice,5,0.0,0,0,0.0
1785431315.341,17:08:35,timeslice,6,0.0,0,0,0.0
1785431315.341,17:08:35,timeslice,7,0.0,0,0,0.0
1785431316.341,17:08:36,timeslice,0,0.0,0,0,0.0
1785431316.341,17:08:36,timeslice,1,0.0,0,0,0.0
1785431316.341,17:08:36,timeslice,2,0.0,0,0,0.0
1785431316.341,17:08:36,timeslice,3,0.0,0,0,0.0
1785431316.341,17:08:36,timeslice,4,0.0,0,0,0.0
1785431316.341,17:08:36,timeslice,5,0.0,0,0,0.0
1785431316.341,17:08:36,timeslice,6,0.0,0,0,0.0
1785431316.341,17:08:36,timeslice,7,0.0,0,0,0.0
1785431317.341,17:08:37,timeslice,0,0.0,0,0,0.0
1785431317.341,17:08:37,timeslice,1,0.0,0,0,0.0
1785431317.341,17:08:37,timeslice,2,0.0,0,0,0.0
1785431317.341,17:08:37,timeslice,3,0.0,0,0,0.0
1785431317.341,17:08:37,timeslice,4,0.0,0,0,0.0
1785431317.341,17:08:37,timeslice,5,0.0,0,0,0.0
1785431317.341,17:08:37,timeslice,6,0.0,0,0,0.0
1785431317.341,17:08:37,timeslice,7,0.0,0,0,0.0
1785431318.341,17:08:38,timeslice,0,0.0,0,0,0.0
1785431318.341,17:08:38,timeslice,1,0.0,0,0,0.0
1785431318.341,17:08:38,timeslice,2,0.0,0,0,0.0
1785431318.341,17:08:38,timeslice,3,0.0,0,0,0.0
1785431318.341,17:08:38,timeslice,4,0.0,0,0,0.0
1785431318.341,17:08:38,timeslice,5,0.0,0,0,0.0
1785431318.341,17:08:38,timeslice,6,0.0,0,0,0.0
1785431318.341,17:08:38,timeslice,7,0.0,0,0,0.0
1785431319.341,17:08:39,timeslice,0,0.0,0,0,0.0
1785431319.341,17:08:39,timeslice,1,0.0,0,0,0.0
1785431319.341,17:08:39,timeslice,2,0.0,0,0,0.0
1785431319.341,17:08:39,timeslice,3,0.0,0,0,0.0
1785431319.341,17:08:39,timeslice,4,0.0,0,0,0.0
1785431319.341,17:08:39,timeslice,5,0.0,0,0,0.0
1785431319.341,17:08:39,timeslice,6,0.0,0,0,0.0
1785431319.341,17:08:39,timeslice,7,0.0,0,0,0.0
1785431320.341,17:08:40,timeslice,0,0.0,0,0,0.0
1785431320.341,17:08:40,timeslice,1,0.0,0,0,0.0
1785431320.341,17:08:40,timeslice,2,0.0,0,0,0.0
1785431320.341,17:08:40,timeslice,3,0.0,0,0,0.0
1785431320.341,17:08:40,timeslice,4,0.0,0,0,0.0
1785431320.341,17:08:40,timeslice,5,0.0,0,0,0.0
1785431320.341,17:08:40,timeslice,6,0.0,0,0,0.0
1785431320.341,17:08:40,timeslice,7,0.0,0,0,0.0
1785431321.341,17:08:41,timeslice,0,0.0,0,0,0.0
1785431321.341,17:08:41,timeslice,1,0.0,0,0,0.0
1785431321.341,17:08:41,timeslice,2,0.0,0,0,0.0
1785431321.341,17:08:41,timeslice,3,0.0,0,0,0.0
1785431321.341,17:08:41,timeslice,4,0.0,0,0,0.0
1785431321.341,17:08:41,timeslice,5,0.0,0,0,0.0
1785431321.341,17:08:41,timeslice,6,0.0,0,0,0.0
1785431321.341,17:08:41,timeslice,7,0.0,0,0,0.0
1785431322.341,17:08:42,timeslice,0,0.0,0,0,0.0
1785431322.341,17:08:42,timeslice,1,0.0,0,0,0.0
1785431322.341,17:08:42,timeslice,2,0.0,0,0,0.0
1785431322.341,17:08:42,timeslice,3,0.0,0,0,0.0
1785431322.341,17:08:42,timeslice,4,0.0,0,0,0.0
1785431322.341,17:08:42,timeslice,5,0.0,0,0,0.0
1785431322.341,17:08:42,timeslice,6,0.0,0,0,0.0
1785431322.341,17:08:42,timeslice,7,0.0,0,0,0.0
1785431323.342,17:08:43,timeslice,0,0.0,0,0,0.0
1785431323.342,17:08:43,timeslice,1,0.0,0,0,0.0
1785431323.342,17:08:43,timeslice,2,0.0,0,0,0.0
1785431323.342,17:08:43,timeslice,3,0.0,0,0,0.0
1785431323.342,17:08:43,timeslice,4,0.0,0,0,0.0
1785431323.342,17:08:43,timeslice,5,0.0,0,0,0.0
1785431323.342,17:08:43,timeslice,6,0.0,0,0,0.0
1785431323.342,17:08:43,timeslice,7,0.0,0,0,0.0
1785431324.342,17:08:44,timeslice,0,0.0,0,0,0.0
1785431324.342,17:08:44,timeslice,1,0.0,0,0,0.0
1785431324.342,17:08:44,timeslice,2,0.0,0,0,0.0
1785431324.342,17:08:44,timeslice,3,0.0,0,0,0.0
1785431324.342,17:08:44,timeslice,4,0.0,0,0,0.0
1785431324.342,17:08:44,timeslice,5,0.0,0,0,0.0
1785431324.342,17:08:44,timeslice,6,0.0,0,0,0.0
1785431324.342,17:08:44,timeslice,7,0.0,0,0,0.0
1785431325.342,17:08:45,timeslice,0,0.0,0,0,0.0
1785431325.342,17:08:45,timeslice,1,0.0,0,0,0.0
1785431325.342,17:08:45,timeslice,2,0.0,0,0,0.0
1785431325.342,17:08:45,timeslice,3,0.0,0,0,0.0
1785431325.342,17:08:45,timeslice,4,0.0,0,0,0.0
1785431325.342,17:08:45,timeslice,5,0.0,0,0,0.0
1785431325.342,17:08:45,timeslice,6,0.0,0,0,0.0
1785431325.342,17:08:45,timeslice,7,0.0,0,0,0.0
1785431326.342,17:08:46,timeslice,0,0.0,0,0,0.0
1785431326.342,17:08:46,timeslice,1,0.0,0,0,0.0
1785431326.342,17:08:46,timeslice,2,0.0,0,0,0.0
1785431326.342,17:08:46,timeslice,3,0.0,0,0,0.0
1785431326.342,17:08:46,timeslice,4,0.0,0,0,0.0
1785431326.342,17:08:46,timeslice,5,0.0,0,0,0.0
1785431326.342,17:08:46,timeslice,6,0.0,0,0,0.0
1785431326.342,17:08:46,timeslice,7,0.0,0,0,0.0
1785431327.342,17:08:47,timeslice,0,0.0,0,0,0.0
1785431327.342,17:08:47,timeslice,1,0.0,0,0,0.0
1785431327.342,17:08:47,timeslice,2,0.0,0,0,0.0
1785431327.342,17:08:47,timeslice,3,0.0,0,0,0.0
1785431327.342,17:08:47,timeslice,4,0.0,0,0,0.0
1785431327.342,17:08:47,timeslice,5,0.0,0,0,0.0
1785431327.342,17:08:47,timeslice,6,0.0,0,0,0.0
1785431327.342,17:08:47,timeslice,7,0.0,0,0,0.0
1785431328.342,17:08:48,timeslice,0,0.0,0,0,0.0
1785431328.342,17:08:48,timeslice,1,0.0,0,0,0.0
1785431328.342,17:08:48,timeslice,2,0.0,0,0,0.0
1785431328.342,17:08:48,timeslice,3,0.0,0,0,0.0
1785431328.342,17:08:48,timeslice,4,0.0,0,0,0.0
1785431328.342,17:08:48,timeslice,5,0.0,0,0,0.0
1785431328.342,17:08:48,timeslice,6,0.0,0,0,0.0
1785431328.342,17:08:48,timeslice,7,0.0,0,0,0.0
1785431329.342,17:08:49,timeslice,0,0.0,0,0,0.0
1785431329.342,17:08:49,timeslice,1,0.0,0,0,0.0
1785431329.342,17:08:49,timeslice,2,0.0,0,0,0.0
1785431329.342,17:08:49,timeslice,3,0.0,0,0,0.0
1785431329.342,17:08:49,timeslice,4,0.0,0,0,0.0
1785431329.342,17:08:49,timeslice,5,0.0,0,0,0.0
1785431329.342,17:08:49,timeslice,6,0.0,0,0,0.0
1785431329.342,17:08:49,timeslice,7,0.0,0,0,0.0
1785431330.342,17:08:50,timeslice,0,0.0,0,0,0.0
1785431330.342,17:08:50,timeslice,1,0.0,0,0,0.0
1785431330.342,17:08:50,timeslice,2,0.0,0,0,0.0
1785431330.342,17:08:50,timeslice,3,0.0,0,0,0.0
1785431330.342,17:08:50,timeslice,4,0.0,0,0,0.0
1785431330.342,17:08:50,timeslice,5,0.0,0,0,0.0
1785431330.342,17:08:50,timeslice,6,0.0,0,0,0.0
1785431330.342,17:08:50,timeslice,7,0.0,0,0,0.0
1785431331.342,17:08:51,timeslice,0,0.0,0,0,0.0
1785431331.342,17:08:51,timeslice,1,0.0,0,0,0.0
1785431331.342,17:08:51,timeslice,2,0.0,0,0,0.0
1785431331.342,17:08:51,timeslice,3,0.0,0,0,0.0
1785431331.342,17:08:51,timeslice,4,0.0,0,0,0.0
1785431331.342,17:08:51,timeslice,5,0.0,0,0,0.0
1785431331.342,17:08:51,timeslice,6,0.0,0,0,0.0
1785431331.342,17:08:51,timeslice,7,0.0,0,0,0.0
1785431332.343,17:08:52,timeslice,0,0.0,0,0,0.0
1785431332.343,17:08:52,timeslice,1,0.0,0,0,0.0
1785431332.343,17:08:52,timeslice,2,0.0,0,0,0.0
1785431332.343,17:08:52,timeslice,3,0.0,0,0,0.0
1785431332.343,17:08:52,timeslice,4,0.0,0,0,0.0
1785431332.343,17:08:52,timeslice,5,0.0,0,0,0.0
1785431332.343,17:08:52,timeslice,6,0.0,0,0,0.0
1785431332.343,17:08:52,timeslice,7,0.0,0,0,0.0
1785431333.343,17:08:53,timeslice,0,0.0,0,0,0.0
1785431333.343,17:08:53,timeslice,1,0.0,0,0,0.0
1785431333.343,17:08:53,timeslice,2,0.0,0,0,0.0
1785431333.343,17:08:53,timeslice,3,0.0,0,0,0.0
1785431333.343,17:08:53,timeslice,4,0.0,0,0,0.0
1785431333.343,17:08:53,timeslice,5,0.0,0,0,0.0
1785431333.343,17:08:53,timeslice,6,0.0,0,0,0.0
1785431333.343,17:08:53,timeslice,7,0.0,0,0,0.0
1785431334.343,17:08:54,timeslice,0,0.0,0,0,0.0
1785431334.343,17:08:54,timeslice,1,0.0,0,0,0.0
1785431334.343,17:08:54,timeslice,2,0.0,0,0,0.0
1785431334.343,17:08:54,timeslice,3,0.0,0,0,0.0
1785431334.343,17:08:54,timeslice,4,0.0,0,0,0.0
1785431334.343,17:08:54,timeslice,5,0.0,0,0,0.0
1785431334.343,17:08:54,timeslice,6,0.0,0,0,0.0
1785431334.343,17:08:54,timeslice,7,0.0,0,0,0.0
1785431335.343,17:08:55,timeslice,0,0.0,0,0,0.0
1785431335.343,17:08:55,timeslice,1,0.0,0,0,0.0
1785431335.343,17:08:55,timeslice,2,0.0,0,0,0.0
1785431335.343,17:08:55,timeslice,3,0.0,0,0,0.0
1785431335.343,17:08:55,timeslice,4,0.0,0,0,0.0
1785431335.343,17:08:55,timeslice,5,0.0,0,0,0.0
1785431335.343,17:08:55,timeslice,6,0.0,0,0,0.0
1785431335.343,17:08:55,timeslice,7,0.0,0,0,0.0
1785431336.343,17:08:56,timeslice,0,0.0,0,0,0.0
1785431336.343,17:08:56,timeslice,1,0.0,0,0,0.0
1785431336.343,17:08:56,timeslice,2,0.0,0,0,0.0
1785431336.343,17:08:56,timeslice,3,0.0,0,0,0.0
1785431336.343,17:08:56,timeslice,4,0.0,0,0,0.0
1785431336.343,17:08:56,timeslice,5,0.0,0,0,0.0
1785431336.343,17:08:56,timeslice,6,0.0,0,0,0.0
1785431336.343,17:08:56,timeslice,7,0.0,0,0,0.0
1785431337.343,17:08:57,timeslice,0,0.0,0,0,0.0
1785431337.343,17:08:57,timeslice,1,0.0,0,0,0.0
1785431337.343,17:08:57,timeslice,2,0.0,0,0,0.0
1785431337.343,17:08:57,timeslice,3,0.0,0,0,0.0
1785431337.343,17:08:57,timeslice,4,0.0,0,0,0.0
1785431337.343,17:08:57,timeslice,5,0.0,0,0,0.0
1785431337.343,17:08:57,timeslice,6,0.0,0,0,0.0
1785431337.343,17:08:57,timeslice,7,0.0,0,0,0.0
1785431338.343,17:08:58,timeslice,0,0.0,0,0,0.0
1785431338.343,17:08:58,timeslice,1,0.0,0,0,0.0
1785431338.343,17:08:58,timeslice,2,0.0,0,0,0.0
1785431338.343,17:08:58,timeslice,3,0.0,0,0,0.0
1785431338.343,17:08:58,timeslice,4,0.0,0,0,0.0
1785431338.343,17:08:58,timeslice,5,0.0,0,0,0.0
1785431338.343,17:08:58,timeslice,6,0.0,0,0,0.0
1785431338.343,17:08:58,timeslice,7,0.0,0,0,0.0
1785431339.344,17:08:59,timeslice,0,0.0,0,0,0.0
1785431339.344,17:08:59,timeslice,1,0.0,0,0,0.0
1785431339.344,17:08:59,timeslice,2,0.0,0,0,0.0
1785431339.344,17:08:59,timeslice,3,0.0,0,0,0.0
1785431339.344,17:08:59,timeslice,4,0.0,0,0,0.0
1785431339.344,17:08:59,timeslice,5,0.0,0,0,0.0
1785431339.344,17:08:59,timeslice,6,0.0,0,0,0.0
1785431339.344,17:08:59,timeslice,7,0.0,0,0,0.0
1785431340.344,17:09:00,timeslice,0,0.0,0,0,0.0
1785431340.344,17:09:00,timeslice,1,0.0,0,0,0.0
1785431340.344,17:09:00,timeslice,2,0.0,0,0,0.0
1785431340.344,17:09:00,timeslice,3,0.0,0,0,0.0
1785431340.344,17:09:00,timeslice,4,0.0,0,0,0.0
1785431340.344,17:09:00,timeslice,5,0.0,0,0,0.0
1785431340.344,17:09:00,timeslice,6,0.0,0,0,0.0
1785431340.344,17:09:00,timeslice,7,0.0,0,0,0.0
1785431341.344,17:09:01,timeslice,0,0.0,0,0,0.0
1785431341.344,17:09:01,timeslice,1,0.0,0,0,0.0
1785431341.344,17:09:01,timeslice,2,0.0,0,0,0.0
1785431341.344,17:09:01,timeslice,3,0.0,0,0,0.0
1785431341.344,17:09:01,timeslice,4,0.0,0,0,0.0
1785431341.344,17:09:01,timeslice,5,0.0,0,0,0.0
1785431341.344,17:09:01,timeslice,6,0.0,0,0,0.0
1785431341.344,17:09:01,timeslice,7,0.0,0,0,0.0
1785431342.344,17:09:02,timeslice,0,0.0,0,0,0.0
1785431342.344,17:09:02,timeslice,1,0.0,0,0,0.0
1785431342.344,17:09:02,timeslice,2,0.0,0,0,0.0
1785431342.344,17:09:02,timeslice,3,0.0,0,0,0.0
1785431342.344,17:09:02,timeslice,4,0.0,0,0,0.0
1785431342.344,17:09:02,timeslice,5,0.0,0,0,0.0
1785431342.344,17:09:02,timeslice,6,0.0,0,0,0.0
1785431342.344,17:09:02,timeslice,7,0.0,0,0,0.0
1785431343.344,17:09:03,timeslice,0,0.0,0,0,0.0
1785431343.344,17:09:03,timeslice,1,0.0,0,0,0.0
1785431343.344,17:09:03,timeslice,2,0.0,0,0,0.0
1785431343.344,17:09:03,timeslice,3,0.0,0,0,0.0
1785431343.344,17:09:03,timeslice,4,0.0,0,0,0.0
1785431343.344,17:09:03,timeslice,5,0.0,0,0,0.0
1785431343.344,17:09:03,timeslice,6,0.0,0,0,0.0
1785431343.344,17:09:03,timeslice,7,0.0,0,0,0.0
1785431344.344,17:09:04,timeslice,0,0.0,0,0,0.0
1785431344.344,17:09:04,timeslice,1,0.0,0,0,0.0
1785431344.344,17:09:04,timeslice,2,0.0,0,0,0.0
1785431344.344,17:09:04,timeslice,3,0.0,0,0,0.0
1785431344.344,17:09:04,timeslice,4,0.0,0,0,0.0
1785431344.344,17:09:04,timeslice,5,0.0,0,0,0.0
1785431344.344,17:09:04,timeslice,6,0.0,0,0,0.0
1785431344.344,17:09:04,timeslice,7,0.0,0,0,0.0
1785431345.344,17:09:05,timeslice,0,0.0,0,0,0.0
1785431345.344,17:09:05,timeslice,1,0.0,0,0,0.0
1785431345.344,17:09:05,timeslice,2,0.0,0,0,0.0
1785431345.344,17:09:05,timeslice,3,0.0,0,0,0.0
1785431345.344,17:09:05,timeslice,4,0.0,0,0,0.0
1785431345.344,17:09:05,timeslice,5,0.0,0,0,0.0
1785431345.344,17:09:05,timeslice,6,0.0,0,0,0.0
1785431345.344,17:09:05,timeslice,7,0.0,0,0,0.0
1785431346.344,17:09:06,timeslice,0,0.0,0,0,0.0
1785431346.344,17:09:06,timeslice,1,0.0,0,0,0.0
1785431346.344,17:09:06,timeslice,2,0.0,0,0,0.0
1785431346.344,17:09:06,timeslice,3,0.0,0,0,0.0
1785431346.344,17:09:06,timeslice,4,0.0,0,0,0.0
1785431346.344,17:09:06,timeslice,5,0.0,0,0,0.0
1785431346.344,17:09:06,timeslice,6,0.0,0,0,0.0
1785431346.344,17:09:06,timeslice,7,0.0,0,0,0.0
1785431347.344,17:09:07,timeslice,0,0.0,0,0,0.0
1785431347.344,17:09:07,timeslice,1,0.0,0,0,0.0
1785431347.344,17:09:07,timeslice,2,0.0,0,0,0.0
1785431347.344,17:09:07,timeslice,3,0.0,0,0,0.0
1785431347.344,17:09:07,timeslice,4,0.0,0,0,0.0
1785431347.344,17:09:07,timeslice,5,0.0,0,0,0.0
1785431347.344,17:09:07,timeslice,6,0.0,0,0,0.0
1785431347.344,17:09:07,timeslice,7,0.0,0,0,0.0
1785431348.345,17:09:08,timeslice,0,0.0,0,0,0.0
1785431348.345,17:09:08,timeslice,1,0.0,0,0,0.0
1785431348.345,17:09:08,timeslice,2,0.0,0,0,0.0
1785431348.345,17:09:08,timeslice,3,0.0,0,0,0.0
1785431348.345,17:09:08,timeslice,4,0.0,0,0,0.0
1785431348.345,17:09:08,timeslice,5,0.0,0,0,0.0
1785431348.345,17:09:08,timeslice,6,0.0,0,0,0.0
1785431348.345,17:09:08,timeslice,7,0.0,0,0,0.0
1785431349.345,17:09:09,timeslice,0,0.0,0,0,0.0
1785431349.345,17:09:09,timeslice,1,0.0,0,0,0.0
1785431349.345,17:09:09,timeslice,2,0.0,0,0,0.0
1785431349.345,17:09:09,timeslice,3,0.0,0,0,0.0
1785431349.345,17:09:09,timeslice,4,0.0,0,0,0.0
1785431349.345,17:09:09,timeslice,5,0.0,0,0,0.0
1785431349.345,17:09:09,timeslice,6,0.0,0,0,0.0
1785431349.345,17:09:09,timeslice,7,0.0,0,0,0.0
1785431350.345,17:09:10,timeslice,0,0.0,0,0,0.0
1785431350.345,17:09:10,timeslice,1,0.0,0,0,0.0
1785431350.345,17:09:10,timeslice,2,0.0,0,0,0.0
1785431350.345,17:09:10,timeslice,3,0.0,0,0,0.0
1785431350.345,17:09:10,timeslice,4,0.0,0,0,0.0
1785431350.345,17:09:10,timeslice,5,0.0,0,0,0.0
1785431350.345,17:09:10,timeslice,6,0.0,0,0,0.0
1785431350.345,17:09:10,timeslice,7,0.0,0,0,0.0
1785431351.345,17:09:11,timeslice,0,0.0,0,0,0.0
1785431351.345,17:09:11,timeslice,1,0.0,0,0,0.0
1785431351.345,17:09:11,timeslice,2,0.0,0,0,0.0
1785431351.345,17:09:11,timeslice,3,0.0,0,0,0.0
1785431351.345,17:09:11,timeslice,4,0.0,0,0,0.0
1785431351.345,17:09:11,timeslice,5,0.0,0,0,0.0
1785431351.345,17:09:11,timeslice,6,0.0,0,0,0.0
1785431351.345,17:09:11,timeslice,7,0.0,0,0,0.0
1785431352.345,17:09:12,timeslice,0,0.0,0,0,0.0
1785431352.345,17:09:12,timeslice,1,0.0,0,0,0.0
1785431352.345,17:09:12,timeslice,2,0.0,0,0,0.0
1785431352.345,17:09:12,timeslice,3,0.0,0,0,0.0
1785431352.345,17:09:12,timeslice,4,0.0,0,0,0.0
1785431352.345,17:09:12,timeslice,5,0.0,0,0,0.0
1785431352.345,17:09:12,timeslice,6,0.0,0,0,0.0
1785431352.345,17:09:12,timeslice,7,0.0,0,0,0.0
1785431353.345,17:09:13,timeslice,0,0.0,0,0,0.0
1785431353.345,17:09:13,timeslice,1,0.0,0,0,0.0
1785431353.345,17:09:13,timeslice,2,0.0,0,0,0.0
1785431353.345,17:09:13,timeslice,3,0.0,0,0,0.0
1785431353.345,17:09:13,timeslice,4,0.0,0,0,0.0
1785431353.345,17:09:13,timeslice,5,0.0,0,0,0.0
1785431353.345,17:09:13,timeslice,6,0.0,0,0,0.0
1785431353.345,17:09:13,timeslice,7,0.0,0,0,0.0
1785431354.345,17:09:14,timeslice,0,0.0,0,0,0.0
1785431354.345,17:09:14,timeslice,1,0.0,0,0,0.0
1785431354.345,17:09:14,timeslice,2,0.0,0,0,0.0
1785431354.345,17:09:14,timeslice,3,0.0,0,0,0.0
1785431354.345,17:09:14,timeslice,4,0.0,0,0,0.0
1785431354.345,17:09:14,timeslice,5,0.0,0,0,0.0
1785431354.345,17:09:14,timeslice,6,0.0,0,0,0.0
1785431354.345,17:09:14,timeslice,7,0.0,0,0,0.0
1785431355.346,17:09:15,timeslice,0,0.0,0,0,0.0
1785431355.346,17:09:15,timeslice,1,0.0,0,0,0.0
1785431355.346,17:09:15,timeslice,2,0.0,0,0,0.0
1785431355.346,17:09:15,timeslice,3,0.0,0,0,0.0
1785431355.346,17:09:15,timeslice,4,0.0,0,0,0.0
1785431355.346,17:09:15,timeslice,5,0.0,0,0,0.0
1785431355.346,17:09:15,timeslice,6,0.0,0,0,0.0
1785431355.346,17:09:15,timeslice,7,0.0,0,0,0.0
1785431356.346,17:09:16,timeslice,0,0.0,0,0,0.0
1785431356.346,17:09:16,timeslice,1,0.0,0,0,0.0
1785431356.346,17:09:16,timeslice,2,0.0,0,0,0.0
1785431356.346,17:09:16,timeslice,3,0.0,0,0,0.0
1785431356.346,17:09:16,timeslice,4,0.0,0,0,0.0
1785431356.346,17:09:16,timeslice,5,0.0,0,0,0.0
1785431356.346,17:09:16,timeslice,6,0.0,0,0,0.0
1785431356.346,17:09:16,timeslice,7,0.0,0,0,0.0
1785431357.346,17:09:17,timeslice,0,0.0,0,0,0.0
1785431357.346,17:09:17,timeslice,1,0.0,0,0,0.0
1785431357.346,17:09:17,timeslice,2,0.0,0,0,0.0
1785431357.346,17:09:17,timeslice,3,0.0,0,0,0.0
1785431357.346,17:09:17,timeslice,4,0.0,0,0,0.0
1785431357.346,17:09:17,timeslice,5,0.0,0,0,0.0
1785431357.346,17:09:17,timeslice,6,0.0,0,0,0.0
1785431357.346,17:09:17,timeslice,7,0.0,0,0,0.0
1785431358.346,17:09:18,timeslice,0,0.0,0,0,0.0
1785431358.346,17:09:18,timeslice,1,0.0,0,0,0.0
1785431358.346,17:09:18,timeslice,2,0.0,0,0,0.0
1785431358.346,17:09:18,timeslice,3,0.0,0,0,0.0
1785431358.346,17:09:18,timeslice,4,0.0,0,0,0.0
1785431358.346,17:09:18,timeslice,5,0.0,0,0,0.0
1785431358.346,17:09:18,timeslice,6,0.0,0,0,0.0
1785431358.346,17:09:18,timeslice,7,0.0,0,0,0.0
1785431359.346,17:09:19,timeslice,0,0.0,0,0,0.0
1785431359.346,17:09:19,timeslice,1,0.0,0,0,0.0
1785431359.346,17:09:19,timeslice,2,0.0,0,0,0.0
1785431359.346,17:09:19,timeslice,3,0.0,0,0,0.0
1785431359.346,17:09:19,timeslice,4,0.0,0,0,0.0
1785431359.346,17:09:19,timeslice,5,0.0,0,0,0.0
1785431359.346,17:09:19,timeslice,6,0.0,0,0,0.0
1785431359.346,17:09:19,timeslice,7,0.0,0,0,0.0
1785431360.346,17:09:20,timeslice,0,0.0,0,0,0.0
1785431360.346,17:09:20,timeslice,1,0.0,0,0,0.0
1785431360.346,17:09:20,timeslice,2,0.0,0,0,0.0
1785431360.346,17:09:20,timeslice,3,0.0,0,0,0.0
1785431360.346,17:09:20,timeslice,4,0.0,0,0,0.0
1785431360.346,17:09:20,timeslice,5,0.0,0,0,0.0
1785431360.346,17:09:20,timeslice,6,0.0,0,0,0.0
1785431360.346,17:09:20,timeslice,7,0.0,0,0,0.0
1785431361.346,17:09:21,timeslice,0,0.0,0,0,0.0
1785431361.346,17:09:21,timeslice,1,0.0,0,0,0.0
1785431361.346,17:09:21,timeslice,2,0.0,0,0,0.0
1785431361.346,17:09:21,timeslice,3,0.0,0,0,0.0
1785431361.346,17:09:21,timeslice,4,0.0,0,0,0.0
1785431361.346,17:09:21,timeslice,5,0.0,0,0,0.0
1785431361.346,17:09:21,timeslice,6,0.0,0,0,0.0
1785431361.346,17:09:21,timeslice,7,0.0,0,0,0.0
1785431362.346,17:09:22,timeslice,0,0.0,0,0,0.0
1785431362.346,17:09:22,timeslice,1,0.0,0,0,0.0
1785431362.346,17:09:22,timeslice,2,0.0,0,0,0.0
1785431362.346,17:09:22,timeslice,3,0.0,0,0,0.0
1785431362.346,17:09:22,timeslice,4,0.0,0,0,0.0
1785431362.346,17:09:22,timeslice,5,0.0,0,0,0.0
1785431362.346,17:09:22,timeslice,6,0.0,0,0,0.0
1785431362.346,17:09:22,timeslice,7,0.0,0,0,0.0
1785431363.346,17:09:23,timeslice,0,0.0,0,0,0.0
1785431363.346,17:09:23,timeslice,1,0.0,0,0,0.0
1785431363.346,17:09:23,timeslice,2,0.0,0,0,0.0
1785431363.346,17:09:23,timeslice,3,0.0,0,0,0.0
1785431363.346,17:09:23,timeslice,4,0.0,0,0,0.0
1785431363.346,17:09:23,timeslice,5,0.0,0,0,0.0
1785431363.346,17:09:23,timeslice,6,0.0,0,0,0.0
1785431363.346,17:09:23,timeslice,7,0.0,0,0,0.0
1785431364.347,17:09:24,timeslice,0,0.0,0,0,0.0
1785431364.347,17:09:24,timeslice,1,0.0,0,0,0.0
1785431364.347,17:09:24,timeslice,2,0.0,0,0,0.0
1785431364.347,17:09:24,timeslice,3,0.0,0,0,0.0
1785431364.347,17:09:24,timeslice,4,0.0,0,0,0.0
1785431364.347,17:09:24,timeslice,5,0.0,0,0,0.0
1785431364.347,17:09:24,timeslice,6,0.0,0,0,0.0
1785431364.347,17:09:24,timeslice,7,0.0,0,0,0.0
1785431365.347,17:09:25,timeslice,0,0.0,0,0,0.0
1785431365.347,17:09:25,timeslice,1,0.0,0,0,0.0
1785431365.347,17:09:25,timeslice,2,0.0,0,0,0.0
1785431365.347,17:09:25,timeslice,3,0.0,0,0,0.0
1785431365.347,17:09:25,timeslice,4,0.0,0,0,0.0
1785431365.347,17:09:25,timeslice,5,0.0,0,0,0.0
1785431365.347,17:09:25,timeslice,6,0.0,0,0,0.0
1785431365.347,17:09:25,timeslice,7,0.0,0,0,0.0
1785431366.347,17:09:26,timeslice,0,0.0,0,0,0.0
1785431366.347,17:09:26,timeslice,1,0.0,0,0,0.0
1785431366.347,17:09:26,timeslice,2,0.0,0,0,0.0
1785431366.347,17:09:26,timeslice,3,0.0,0,0,0.0
1785431366.347,17:09:26,timeslice,4,0.0,0,0,0.0
1785431366.347,17:09:26,timeslice,5,0.0,0,0,0.0
1785431366.347,17:09:26,timeslice,6,0.0,0,0,0.0
1785431366.347,17:09:26,timeslice,7,0.0,0,0,0.0
1785431367.347,17:09:27,timeslice,0,0.0,0,0,0.0
1785431367.347,17:09:27,timeslice,1,0.0,0,0,0.0
1785431367.347,17:09:27,timeslice,2,0.0,0,0,0.0
1785431367.347,17:09:27,timeslice,3,0.0,0,0,0.0
1785431367.347,17:09:27,timeslice,4,0.0,0,0,0.0
1785431367.347,17:09:27,timeslice,5,0.0,0,0,0.0
1785431367.347,17:09:27,timeslice,6,0.0,0,0,0.0
1785431367.347,17:09:27,timeslice,7,0.0,0,0,0.0
1785431368.347,17:09:28,timeslice,0,0.0,0,0,0.0
1785431368.347,17:09:28,timeslice,1,0.0,0,0,0.0
1785431368.347,17:09:28,timeslice,2,0.0,0,0,0.0
1785431368.347,17:09:28,timeslice,3,0.0,0,0,0.0
1785431368.347,17:09:28,timeslice,4,0.0,0,0,0.0
1785431368.347,17:09:28,timeslice,5,0.0,0,0,0.0
1785431368.347,17:09:28,timeslice,6,0.0,0,0,0.0
1785431368.347,17:09:28,timeslice,7,0.0,0,0,0.0
1785431369.347,17:09:29,timeslice,0,0.0,0,0,0.0
1785431369.347,17:09:29,timeslice,1,0.0,0,0,0.0
1785431369.347,17:09:29,timeslice,2,0.0,0,0,0.0
1785431369.347,17:09:29,timeslice,3,0.0,0,0,0.0
1785431369.347,17:09:29,timeslice,4,0.0,0,0,0.0
1785431369.347,17:09:29,timeslice,5,0.0,0,0,0.0
1785431369.347,17:09:29,timeslice,6,0.0,0,0,0.0
1785431369.347,17:09:29,timeslice,7,0.0,0,0,0.0
1785431370.347,17:09:30,timeslice,0,0.0,0,0,0.0
1785431370.347,17:09:30,timeslice,1,0.0,0,0,0.0
1785431370.347,17:09:30,timeslice,2,0.0,0,0,0.0
1785431370.347,17:09:30,timeslice,3,0.0,0,0,0.0
1785431370.347,17:09:30,timeslice,4,0.0,0,0,0.0
1785431370.347,17:09:30,timeslice,5,0.0,0,0,0.0
1785431370.347,17:09:30,timeslice,6,0.0,0,0,0.0
1785431370.347,17:09:30,timeslice,7,0.0,0,0,0.0
1785431371.347,17:09:31,timeslice,0,0.0,0,0,0.0
1785431371.347,17:09:31,timeslice,1,0.0,0,0,0.0
1785431371.347,17:09:31,timeslice,2,0.0,0,0,0.0
1785431371.347,17:09:31,timeslice,3,0.0,0,0,0.0
1785431371.347,17:09:31,timeslice,4,0.0,0,0,0.0
1785431371.347,17:09:31,timeslice,5,0.0,0,0,0.0
1785431371.347,17:09:31,timeslice,6,0.0,0,0,0.0
1785431371.347,17:09:31,timeslice,7,0.0,0,0,0.0
1785431372.348,17:09:32,timeslice,0,0.0,0,0,0.0
1785431372.348,17:09:32,timeslice,1,0.0,0,0,0.0
1785431372.348,17:09:32,timeslice,2,0.0,0,0,0.0
1785431372.348,17:09:32,timeslice,3,0.0,0,0,0.0
1785431372.348,17:09:32,timeslice,4,0.0,0,0,0.0
1785431372.348,17:09:32,timeslice,5,0.0,0,0,0.0
1785431372.348,17:09:32,timeslice,6,0.0,0,0,0.0
1785431372.348,17:09:32,timeslice,7,0.0,0,0,0.0
1785431373.348,17:09:33,timeslice,0,0.0,0,0,0.0
1785431373.348,17:09:33,timeslice,1,0.0,0,0,0.0
1785431373.348,17:09:33,timeslice,2,0.0,0,0,0.0
1785431373.348,17:09:33,timeslice,3,0.0,0,0,0.0
1785431373.348,17:09:33,timeslice,4,0.0,0,0,0.0
1785431373.348,17:09:33,timeslice,5,0.0,0,0,0.0
1785431373.348,17:09:33,timeslice,6,0.0,0,0,0.0
1785431373.348,17:09:33,timeslice,7,0.0,0,0,0.0
1785431374.348,17:09:34,timeslice,0,0.0,0,0,0.0
1785431374.348,17:09:34,timeslice,1,0.0,0,0,0.0
1785431374.348,17:09:34,timeslice,2,0.0,0,0,0.0
1785431374.348,17:09:34,timeslice,3,0.0,0,0,0.0
1785431374.348,17:09:34,timeslice,4,0.0,0,0,0.0
1785431374.348,17:09:34,timeslice,5,0.0,0,0,0.0
1785431374.348,17:09:34,timeslice,6,0.0,0,0,0.0
1785431374.348,17:09:34,timeslice,7,0.0,0,0,0.0
1785431375.348,17:09:35,timeslice,0,0.0,0,0,0.0
1785431375.348,17:09:35,timeslice,1,0.0,0,0,0.0
1785431375.348,17:09:35,timeslice,2,0.0,0,0,0.0
1785431375.348,17:09:35,timeslice,3,0.0,0,0,0.0
1785431375.348,17:09:35,timeslice,4,0.0,0,0,0.0
1785431375.348,17:09:35,timeslice,5,0.0,0,0,0.0
1785431375.348,17:09:35,timeslice,6,0.0,0,0,0.0
1785431375.348,17:09:35,timeslice,7,0.0,0,0,0.0
1785431376.348,17:09:36,timeslice,0,0.0,0,0,0.0
1785431376.348,17:09:36,timeslice,1,0.0,0,0,0.0
1785431376.348,17:09:36,timeslice,2,0.0,0,0,0.0
1785431376.348,17:09:36,timeslice,3,0.0,0,0,0.0
1785431376.348,17:09:36,timeslice,4,0.0,0,0,0.0
1785431376.348,17:09:36,timeslice,5,0.0,0,0,0.0
1785431376.348,17:09:36,timeslice,6,0.0,0,0,0.0
1785431376.348,17:09:36,timeslice,7,0.0,0,0,0.0
1785431377.348,17:09:37,timeslice,0,0.0,0,0,0.0
1785431377.348,17:09:37,timeslice,1,0.0,0,0,0.0
1785431377.348,17:09:37,timeslice,2,0.0,0,0,0.0
1785431377.348,17:09:37,timeslice,3,0.0,0,0,0.0
1785431377.348,17:09:37,timeslice,4,0.0,0,0,0.0
1785431377.348,17:09:37,timeslice,5,0.0,0,0,0.0
1785431377.348,17:09:37,timeslice,6,0.0,0,0,0.0
1785431377.348,17:09:37,timeslice,7,0.0,0,0,0.0
1785431378.348,17:09:38,timeslice,0,0.0,0,0,0.0
1785431378.348,17:09:38,timeslice,1,0.0,0,0,0.0
1785431378.348,17:09:38,timeslice,2,0.0,0,0,0.0
1785431378.348,17:09:38,timeslice,3,0.0,0,0,0.0
1785431378.348,17:09:38,timeslice,4,0.0,0,0,0.0
1785431378.348,17:09:38,timeslice,5,0.0,0,0,0.0
1785431378.348,17:09:38,timeslice,6,0.0,0,0,0.0
1785431378.348,17:09:38,timeslice,7,0.0,0,0,0.0
1785431379.348,17:09:39,timeslice,0,0.0,0,0,0.0
1785431379.348,17:09:39,timeslice,1,0.0,0,0,0.0
1785431379.348,17:09:39,timeslice,2,0.0,0,0,0.0
1785431379.348,17:09:39,timeslice,3,0.0,0,0,0.0
1785431379.348,17:09:39,timeslice,4,0.0,0,0,0.0
1785431379.348,17:09:39,timeslice,5,0.0,0,0,0.0
1785431379.348,17:09:39,timeslice,6,0.0,0,0,0.0
1785431379.348,17:09:39,timeslice,7,0.0,0,0,0.0
1785431380.349,17:09:40,timeslice,0,0.0,0,0,0.0
1785431380.349,17:09:40,timeslice,1,0.0,0,0,0.0
1785431380.349,17:09:40,timeslice,2,0.0,0,0,0.0
1785431380.349,17:09:40,timeslice,3,0.0,0,0,0.0
1785431380.349,17:09:40,timeslice,4,0.0,0,0,0.0
1785431380.349,17:09:40,timeslice,5,0.0,0,0,0.0
1785431380.349,17:09:40,timeslice,6,0.0,0,0,0.0
1785431380.349,17:09:40,timeslice,7,0.0,0,0,0.0
1785431381.349,17:09:41,timeslice,0,0.0,0,0,0.0
1785431381.349,17:09:41,timeslice,1,0.0,0,0,0.0
1785431381.349,17:09:41,timeslice,2,0.0,0,0,0.0
1785431381.349,17:09:41,timeslice,3,0.0,0,0,0.0
1785431381.349,17:09:41,timeslice,4,0.0,0,0,0.0
1785431381.349,17:09:41,timeslice,5,0.0,0,0,0.0
1785431381.349,17:09:41,timeslice,6,0.0,0,0,0.0
1785431381.349,17:09:41,timeslice,7,0.0,0,0,0.0
1785431382.349,17:09:42,timeslice,0,0.0,0,0,0.0
1785431382.349,17:09:42,timeslice,1,0.0,0,0,0.0
1785431382.349,17:09:42,timeslice,2,0.0,0,0,0.0
1785431382.349,17:09:42,timeslice,3,0.0,0,0,0.0
1785431382.349,17:09:42,timeslice,4,0.0,0,0,0.0
1785431382.349,17:09:42,timeslice,5,0.0,0,0,0.0
1785431382.349,17:09:42,timeslice,6,0.0,0,0,0.0
1785431382.349,17:09:42,timeslice,7,0.0,0,0,0.0
1785431383.349,17:09:43,timeslice,0,0.0,0,0,0.0
1785431383.349,17:09:43,timeslice,1,0.0,0,0,0.0
1785431383.349,17:09:43,timeslice,2,0.0,0,0,0.0
1785431383.349,17:09:43,timeslice,3,0.0,0,0,0.0
1785431383.349,17:09:43,timeslice,4,0.0,0,0,0.0
1785431383.349,17:09:43,timeslice,5,0.0,0,0,0.0
1785431383.349,17:09:43,timeslice,6,0.0,0,0,0.0
1785431383.349,17:09:43,timeslice,7,0.0,0,0,0.0
1785431384.349,17:09:44,timeslice,0,0.0,0,0,0.0
1785431384.349,17:09:44,timeslice,1,0.0,0,0,0.0
1785431384.349,17:09:44,timeslice,2,0.0,0,0,0.0
1785431384.349,17:09:44,timeslice,3,0.0,0,0,0.0
1785431384.349,17:09:44,timeslice,4,0.0,0,0,0.0
1785431384.349,17:09:44,timeslice,5,0.0,0,0,0.0
1785431384.349,17:09:44,timeslice,6,0.0,0,0,0.0
1785431384.349,17:09:44,timeslice,7,0.0,0,0,0.0
1785431385.349,17:09:45,timeslice,0,0.0,0,0,0.0
1785431385.349,17:09:45,timeslice,1,0.0,0,0,0.0
1785431385.349,17:09:45,timeslice,2,0.0,0,0,0.0
1785431385.349,17:09:45,timeslice,3,0.0,0,0,0.0
1785431385.349,17:09:45,timeslice,4,0.0,0,0,0.0
1785431385.349,17:09:45,timeslice,5,0.0,0,0,0.0
1785431385.349,17:09:45,timeslice,6,0.0,0,0,0.0
1785431385.349,17:09:45,timeslice,7,0.0,0,0,0.0
1785431386.349,17:09:46,timeslice,0,0.0,0,0,0.0
1785431386.349,17:09:46,timeslice,1,0.0,0,0,0.0
1785431386.349,17:09:46,timeslice,2,0.0,0,0,0.0
1785431386.349,17:09:46,timeslice,3,0.0,0,0,0.0
1785431386.349,17:09:46,timeslice,4,0.0,0,0,0.0
1785431386.349,17:09:46,timeslice,5,0.0,0,0,0.0
1785431386.349,17:09:46,timeslice,6,0.0,0,0,0.0
1785431386.349,17:09:46,timeslice,7,0.0,0,0,0.0
1785431387.349,17:09:47,timeslice,0,0.0,0,0,0.0
1785431387.349,17:09:47,timeslice,1,0.0,0,0,0.0
1785431387.349,17:09:47,timeslice,2,0.0,0,0,0.0
1785431387.349,17:09:47,timeslice,3,0.0,0,0,0.0
1785431387.349,17:09:47,timeslice,4,0.0,0,0,0.0
1785431387.349,17:09:47,timeslice,5,0.0,0,0,0.0
1785431387.349,17:09:47,timeslice,6,0.0,0,0,0.0
1785431387.349,17:09:47,timeslice,7,0.0,0,0,0.0
1785431388.35,17:09:48,timeslice,0,0.0,0,0,0.0
1785431388.35,17:09:48,timeslice,1,0.0,0,0,0.0
1785431388.35,17:09:48,timeslice,2,0.0,0,0,0.0
1785431388.35,17:09:48,timeslice,3,0.0,0,0,0.0
1785431388.35,17:09:48,timeslice,4,0.0,0,0,0.0
1785431388.35,17:09:48,timeslice,5,0.0,0,0,0.0
1785431388.35,17:09:48,timeslice,6,0.0,0,0,0.0
1785431388.35,17:09:48,timeslice,7,0.0,0,0,0.0
1785431389.35,17:09:49,timeslice,0,0.0,0,0,0.0
1785431389.35,17:09:49,timeslice,1,0.0,0,0,0.0
1785431389.35,17:09:49,timeslice,2,0.0,0,0,0.0
1785431389.35,17:09:49,timeslice,3,0.0,0,0,0.0
1785431389.35,17:09:49,timeslice,4,0.0,0,0,0.0
1785431389.35,17:09:49,timeslice,5,0.0,0,0,0.0
1785431389.35,17:09:49,timeslice,6,0.0,0,0,0.0
1785431389.35,17:09:49,timeslice,7,0.0,0,0,0.0
1785431390.35,17:09:50,timeslice,0,0.0,0,0,0.0
1785431390.35,17:09:50,timeslice,1,0.0,0,0,0.0
1785431390.35,17:09:50,timeslice,2,0.0,0,0,0.0
1785431390.35,17:09:50,timeslice,3,0.0,0,0,0.0
1785431390.35,17:09:50,timeslice,4,0.0,0,0,0.0
1785431390.35,17:09:50,timeslice,5,0.0,0,0,0.0
1785431390.35,17:09:50,timeslice,6,0.0,0,0,0.0
1785431390.35,17:09:50,timeslice,7,0.0,0,0,0.0
1785431391.35,17:09:51,timeslice,0,0.0,0,0,0.0
1785431391.35,17:09:51,timeslice,1,0.0,0,0,0.0
1785431391.35,17:09:51,timeslice,2,0.0,0,0,0.0
1785431391.35,17:09:51,timeslice,3,0.0,0,0,0.0
1785431391.35,17:09:51,timeslice,4,0.0,0,0,0.0
1785431391.35,17:09:51,timeslice,5,0.0,0,0,0.0
1785431391.35,17:09:51,timeslice,6,0.0,0,0,0.0
1785431391.35,17:09:51,timeslice,7,0.0,0,0,0.0
1785431392.35,17:09:52,timeslice,0,0.0,0,0,0.0
1785431392.35,17:09:52,timeslice,1,0.0,0,0,0.0
1785431392.35,17:09:52,timeslice,2,0.0,0,0,0.0
1785431392.35,17:09:52,timeslice,3,0.0,0,0,0.0
1785431392.35,17:09:52,timeslice,4,0.0,0,0,0.0
1785431392.35,17:09:52,timeslice,5,0.0,0,0,0.0
1785431392.35,17:09:52,timeslice,6,0.0,0,0,0.0
1785431392.35,17:09:52,timeslice,7,0.0,0,0,0.0
1785431393.35,17:09:53,timeslice,0,0.0,0,0,0.0
1785431393.35,17:09:53,timeslice,1,0.0,0,0,0.0
1785431393.35,17:09:53,timeslice,2,0.0,0,0,0.0
1785431393.35,17:09:53,timeslice,3,0.0,0,0,0.0
1785431393.35,17:09:53,timeslice,4,0.0,0,0,0.0
1785431393.35,17:09:53,timeslice,5,0.0,0,0,0.0
1785431393.35,17:09:53,timeslice,6,0.0,0,0,0.0
1785431393.35,17:09:53,timeslice,7,0.0,0,0,0.0
1785431394.35,17:09:54,timeslice,0,0.0,0,0,0.0
1785431394.35,17:09:54,timeslice,1,0.0,0,0,0.0
1785431394.35,17:09:54,timeslice,2,0.0,0,0,0.0
1785431394.35,17:09:54,timeslice,3,0.0,0,0,0.0
1785431394.35,17:09:54,timeslice,4,0.0,0,0,0.0
1785431394.35,17:09:54,timeslice,5,0.0,0,0,0.0
1785431394.35,17:09:54,timeslice,6,0.0,0,0,0.0
1785431394.35,17:09:54,timeslice,7,0.0,0,0,0.0
1785431395.35,17:09:55,timeslice,0,0.0,0,0,0.0
1785431395.35,17:09:55,timeslice,1,0.0,0,0,0.0
1785431395.35,17:09:55,timeslice,2,0.0,0,0,0.0
1785431395.35,17:09:55,timeslice,3,0.0,0,0,0.0
1785431395.35,17:09:55,timeslice,4,0.0,0,0,0.0
1785431395.35,17:09:55,timeslice,5,0.0,0,0,0.0
1785431395.35,17:09:55,timeslice,6,0.0,0,0,0.0
1785431395.35,17:09:55,timeslice,7,0.0,0,0,0.0
1785431396.35,17:09:56,timeslice,0,0.0,0,0,0.0
1785431396.35,17:09:56,timeslice,1,0.0,0,0,0.0
1785431396.35,17:09:56,timeslice,2,0.0,0,0,0.0
1785431396.35,17:09:56,timeslice,3,0.0,0,0,0.0
1785431396.35,17:09:56,timeslice,4,0.0,0,0,0.0
1785431396.35,17:09:56,timeslice,5,0.0,0,0,0.0
1785431396.35,17:09:56,timeslice,6,0.0,0,0,0.0
1785431396.35,17:09:56,timeslice,7,0.0,0,0,0.0
1785431397.351,17:09:57,timeslice,0,0.0,0,0,0.0
1785431397.351,17:09:57,timeslice,1,0.0,0,0,0.0
1785431397.351,17:09:57,timeslice,2,0.0,0,0,0.0
1785431397.351,17:09:57,timeslice,3,0.0,0,0,0.0
1785431397.351,17:09:57,timeslice,4,0.0,0,0,0.0
1785431397.351,17:09:57,timeslice,5,0.0,0,0,0.0
1785431397.351,17:09:57,timeslice,6,0.0,0,0,0.0
1785431397.351,17:09:57,timeslice,7,0.0,0,0,0.0
1785431398.351,17:09:58,timeslice,0,0.0,0,0,0.0
1785431398.351,17:09:58,timeslice,1,0.0,0,0,0.0
1785431398.351,17:09:58,timeslice,2,0.0,0,0,0.0
1785431398.351,17:09:58,timeslice,3,0.0,0,0,0.0
1785431398.351,17:09:58,timeslice,4,0.0,0,0,0.0
1785431398.351,17:09:58,timeslice,5,0.0,0,0,0.0
1785431398.351,17:09:58,timeslice,6,0.0,0,0,0.0
1785431398.351,17:09:58,timeslice,7,0.0,0,0,0.0
1785431399.351,17:09:59,timeslice,0,0.0,0,0,0.0
1785431399.351,17:09:59,timeslice,1,0.0,0,0,0.0
1785431399.351,17:09:59,timeslice,2,0.0,0,0,0.0
1785431399.351,17:09:59,timeslice,3,0.0,0,0,0.0
1785431399.351,17:09:59,timeslice,4,0.0,0,0,0.0
1785431399.351,17:09:59,timeslice,5,0.0,0,0,0.0
1785431399.351,17:09:59,timeslice,6,0.0,0,0,0.0
1785431399.351,17:09:59,timeslice,7,0.0,0,0,0.0
1785431400.351,17:10:00,timeslice,0,0.0,0,0,0.0
1785431400.351,17:10:00,timeslice,1,0.0,0,0,0.0
1785431400.351,17:10:00,timeslice,2,0.0,0,0,0.0
1785431400.351,17:10:00,timeslice,3,0.0,0,0,0.0
1785431400.351,17:10:00,timeslice,4,0.0,0,0,0.0
1785431400.351,17:10:00,timeslice,5,0.0,0,0,0.0
1785431400.351,17:10:00,timeslice,6,0.0,0,0,0.0
1785431400.351,17:10:00,timeslice,7,0.0,0,0,0.0
1785431401.351,17:10:01,timeslice,0,0.0,0,0,0.0
1785431401.351,17:10:01,timeslice,1,0.0,0,0,0.0
1785431401.351,17:10:01,timeslice,2,0.0,0,0,0.0
1785431401.351,17:10:01,timeslice,3,0.0,0,0,0.0
1785431401.351,17:10:01,timeslice,4,0.0,0,0,0.0
1785431401.351,17:10:01,timeslice,5,0.0,0,0,0.0
1785431401.351,17:10:01,timeslice,6,0.0,0,0,0.0
1785431401.351,17:10:01,timeslice,7,0.0,0,0,0.0
1785431402.351,17:10:02,timeslice,0,0.0,0,0,0.0
1785431402.351,17:10:02,timeslice,1,0.0,0,0,0.0
1785431402.351,17:10:02,timeslice,2,0.0,0,0,0.0
1785431402.351,17:10:02,timeslice,3,0.0,0,0,0.0
1785431402.351,17:10:02,timeslice,4,0.0,0,0,0.0
1785431402.351,17:10:02,timeslice,5,0.0,0,0,0.0
1785431402.351,17:10:02,timeslice,6,0.0,0,0,0.0
1785431402.351,17:10:02,timeslice,7,0.0,0,0,0.0
1785431403.351,17:10:03,timeslice,0,0.0,0,0,0.0
1785431403.351,17:10:03,timeslice,1,0.0,0,0,0.0
1785431403.351,17:10:03,timeslice,2,0.0,0,0,0.0
1785431403.351,17:10:03,timeslice,3,0.0,0,0,0.0
1785431403.351,17:10:03,timeslice,4,0.0,0,0,0.0
1785431403.351,17:10:03,timeslice,5,0.0,0,0,0.0
1785431403.351,17:10:03,timeslice,6,0.0,0,0,0.0
1785431403.351,17:10:03,timeslice,7,0.0,0,0,0.0
1785431404.352,17:10:04,timeslice,0,0.0,0,0,0.0
1785431404.352,17:10:04,timeslice,1,0.0,0,0,0.0
1785431404.352,17:10:04,timeslice,2,0.0,0,0,0.0
1785431404.352,17:10:04,timeslice,3,0.0,0,0,0.0
1785431404.352,17:10:04,timeslice,4,0.0,0,0,0.0
1785431404.352,17:10:04,timeslice,5,0.0,0,0,0.0
1785431404.352,17:10:04,timeslice,6,0.0,0,0,0.0
1785431404.352,17:10:04,timeslice,7,0.0,0,0,0.0
1785431405.352,17:10:05,timeslice,0,0.0,0,0,0.0
1785431405.352,17:10:05,timeslice,1,0.0,0,0,0.0
1785431405.352,17:10:05,timeslice,2,0.0,0,0,0.0
1785431405.352,17:10:05,timeslice,3,0.0,0,0,0.0
1785431405.352,17:10:05,timeslice,4,0.0,0,0,0.0
1785431405.352,17:10:05,timeslice,5,0.0,0,0,0.0
1785431405.352,17:10:05,timeslice,6,0.0,0,0,0.0
1785431405.352,17:10:05,timeslice,7,0.0,0,0,0.0
1785431406.352,17:10:06,timeslice,0,0.0,0,0,0.0
1785431406.352,17:10:06,timeslice,1,0.0,0,0,0.0
1785431406.352,17:10:06,timeslice,2,0.0,0,0,0.0
1785431406.352,17:10:06,timeslice,3,0.0,0,0,0.0
1785431406.352,17:10:06,timeslice,4,0.0,0,0,0.0
1785431406.352,17:10:06,timeslice,5,0.0,0,0,0.0
1785431406.352,17:10:06,timeslice,6,0.0,0,0,0.0
1785431406.352,17:10:06,timeslice,7,0.0,0,0,0.0
1785431407.352,17:10:07,timeslice,0,0.0,0,0,0.0
1785431407.352,17:10:07,timeslice,1,0.0,0,0,0.0
1785431407.352,17:10:07,timeslice,2,0.0,0,0,0.0
1785431407.352,17:10:07,timeslice,3,0.0,0,0,0.0
1785431407.352,17:10:07,timeslice,4,0.0,0,0,0.0
1785431407.352,17:10:07,timeslice,5,0.0,0,0,0.0
1785431407.352,17:10:07,timeslice,6,0.0,0,0,0.0
1785431407.352,17:10:07,timeslice,7,0.0,0,0,0.0
1785431408.352,17:10:08,timeslice,0,0.0,0,0,0.0
1785431408.352,17:10:08,timeslice,1,0.0,0,0,0.0
1785431408.352,17:10:08,timeslice,2,0.0,0,0,0.0
1785431408.352,17:10:08,timeslice,3,0.0,0,0,0.0
1785431408.352,17:10:08,timeslice,4,0.0,0,0,0.0
1785431408.352,17:10:08,timeslice,5,0.0,0,0,0.0
1785431408.352,17:10:08,timeslice,6,0.0,0,0,0.0
1785431408.352,17:10:08,timeslice,7,0.0,0,0,0.0
1785431409.352,17:10:09,timeslice,0,0.0,0,0,0.0
1785431409.352,17:10:09,timeslice,1,0.0,0,0,0.0
1785431409.352,17:10:09,timeslice,2,0.0,0,0,0.0
1785431409.352,17:10:09,timeslice,3,0.0,0,0,0.0
1785431409.352,17:10:09,timeslice,4,0.0,0,0,0.0
1785431409.352,17:10:09,timeslice,5,0.0,0,0,0.0
1785431409.352,17:10:09,timeslice,6,0.0,0,0,0.0
1785431409.352,17:10:09,timeslice,7,0.0,0,0,0.0
1785431410.352,17:10:10,timeslice,0,0.0,0,0,0.0
1785431410.352,17:10:10,timeslice,1,0.0,0,0,0.0
1785431410.352,17:10:10,timeslice,2,0.0,0,0,0.0
1785431410.352,17:10:10,timeslice,3,0.0,0,0,0.0
1785431410.352,17:10:10,timeslice,4,0.0,0,0,0.0
1785431410.352,17:10:10,timeslice,5,0.0,0,0,0.0
1785431410.352,17:10:10,timeslice,6,0.0,0,0,0.0
1785431410.352,17:10:10,timeslice,7,0.0,0,0,0.0
1785431411.352,17:10:11,timeslice,0,0.0,0,0,0.0
1785431411.352,17:10:11,timeslice,1,0.0,0,0,0.0
1785431411.352,17:10:11,timeslice,2,0.0,0,0,0.0
1785431411.352,17:10:11,timeslice,3,0.0,0,0,0.0
1785431411.352,17:10:11,timeslice,4,0.0,0,0,0.0
1785431411.352,17:10:11,timeslice,5,0.0,0,0,0.0
1785431411.352,17:10:11,timeslice,6,0.0,0,0,0.0
1785431411.352,17:10:11,timeslice,7,0.0,0,0,0.0
1785431412.352,17:10:12,timeslice,0,0.0,0,0,0.0
1785431412.352,17:10:12,timeslice,1,0.0,0,0,0.0
1785431412.352,17:10:12,timeslice,2,0.0,0,0,0.0
1785431412.352,17:10:12,timeslice,3,0.0,0,0,0.0
1785431412.352,17:10:12,timeslice,4,0.0,0,0,0.0
1785431412.352,17:10:12,timeslice,5,0.0,0,0,0.0
1785431412.352,17:10:12,timeslice,6,0.0,0,0,0.0
1785431412.352,17:10:12,timeslice,7,0.0,0,0,0.0
1785431413.352,17:10:13,timeslice,0,0.0,0,0,0.0
1785431413.352,17:10:13,timeslice,1,0.0,0,0,0.0
1785431413.352,17:10:13,timeslice,2,0.0,0,0,0.0
1785431413.352,17:10:13,timeslice,3,0.0,0,0,0.0
1785431413.352,17:10:13,timeslice,4,0.0,0,0,0.0
1785431413.352,17:10:13,timeslice,5,0.0,0,0,0.0
1785431413.352,17:10:13,timeslice,6,0.0,0,0,0.0
1785431413.352,17:10:13,timeslice,7,0.0,0,0,0.0
1785431414.353,17:10:14,timeslice,0,0.0,0,0,0.0
1785431414.353,17:10:14,timeslice,1,0.0,0,0,0.0
1785431414.353,17:10:14,timeslice,2,0.0,0,0,0.0
1785431414.353,17:10:14,timeslice,3,0.0,0,0,0.0
1785431414.353,17:10:14,timeslice,4,0.0,0,0,0.0
1785431414.353,17:10:14,timeslice,5,0.0,0,0,0.0
1785431414.353,17:10:14,timeslice,6,0.0,0,0,0.0
1785431414.353,17:10:14,timeslice,7,0.0,0,0,0.0
1785431415.353,17:10:15,timeslice,0,0.0,0,0,0.0
1785431415.353,17:10:15,timeslice,1,0.0,0,0,0.0
1785431415.353,17:10:15,timeslice,2,0.0,0,0,0.0
1785431415.353,17:10:15,timeslice,3,0.0,0,0,0.0
1785431415.353,17:10:15,timeslice,4,0.0,0,0,0.0
1785431415.353,17:10:15,timeslice,5,0.0,0,0,0.0
1785431415.353,17:10:15,timeslice,6,0.0,0,0,0.0
1785431415.353,17:10:15,timeslice,7,0.0,0,0,0.0
1785431416.353,17:10:16,timeslice,0,0.0,0,0,0.0
1785431416.353,17:10:16,timeslice,1,0.0,0,0,0.0
1785431416.353,17:10:16,timeslice,2,0.0,0,0,0.0
1785431416.353,17:10:16,timeslice,3,0.0,0,0,0.0
1785431416.353,17:10:16,timeslice,4,0.0,0,0,0.0
1785431416.353,17:10:16,timeslice,5,0.0,0,0,0.0
1785431416.353,17:10:16,timeslice,6,0.0,0,0,0.0
1785431416.353,17:10:16,timeslice,7,0.0,0,0,0.0
1785431417.353,17:10:17,timeslice,0,0.0,0,0,0.0
1785431417.353,17:10:17,timeslice,1,0.0,0,0,0.0
1785431417.353,17:10:17,timeslice,2,0.0,0,0,0.0
1785431417.353,17:10:17,timeslice,3,0.0,0,0,0.0
1785431417.353,17:10:17,timeslice,4,0.0,0,0,0.0
1785431417.353,17:10:17,timeslice,5,0.0,0,0,0.0
1785431417.353,17:10:17,timeslice,6,0.0,0,0,0.0
1785431417.353,17:10:17,timeslice,7,0.0,0,0,0.0
1785431418.353,17:10:18,timeslice,0,0.0,0,0,0.0
1785431418.353,17:10:18,timeslice,1,0.0,0,0,0.0
1785431418.353,17:10:18,timeslice,2,0.0,0,0,0.0
1785431418.353,17:10:18,timeslice,3,0.0,0,0,0.0
1785431418.353,17:10:18,timeslice,4,0.0,0,0,0.0
1785431418.353,17:10:18,timeslice,5,0.0,0,0,0.0
1785431418.353,17:10:18,timeslice,6,0.0,0,0,0.0
1785431418.353,17:10:18,timeslice,7,0.0,0,0,0.0
1785431419.353,17:10:19,timeslice,0,0.0,0,0,0.0
1785431419.353,17:10:19,timeslice,1,0.0,0,0,0.0
1785431419.353,17:10:19,timeslice,2,0.0,0,0,0.0
1785431419.353,17:10:19,timeslice,3,0.0,0,0,0.0
1785431419.353,17:10:19,timeslice,4,0.0,0,0,0.0
1785431419.353,17:10:19,timeslice,5,0.0,0,0,0.0
1785431419.353,17:10:19,timeslice,6,0.0,0,0,0.0
1785431419.353,17:10:19,timeslice,7,0.0,0,0,0.0
1785431420.353,17:10:20,timeslice,0,0.0,0,0,0.0
1785431420.353,17:10:20,timeslice,1,0.0,0,0,0.0
1785431420.353,17:10:20,timeslice,2,0.0,0,0,0.0
1785431420.353,17:10:20,timeslice,3,0.0,0,0,0.0
1785431420.353,17:10:20,timeslice,4,0.0,0,0,0.0
1785431420.353,17:10:20,timeslice,5,0.0,0,0,0.0
1785431420.353,17:10:20,timeslice,6,0.0,0,0,0.0
1785431420.353,17:10:20,timeslice,7,0.0,0,0,0.0
1785431421.353,17:10:21,timeslice,0,0.0,0,0,0.0
1785431421.353,17:10:21,timeslice,1,0.0,0,0,0.0
1785431421.353,17:10:21,timeslice,2,0.0,0,0,0.0
1785431421.353,17:10:21,timeslice,3,0.0,0,0,0.0
1785431421.353,17:10:21,timeslice,4,0.0,0,0,0.0
1785431421.353,17:10:21,timeslice,5,0.0,0,0,0.0
1785431421.353,17:10:21,timeslice,6,0.0,0,0,0.0
1785431421.353,17:10:21,timeslice,7,0.0,0,0,0.0
1785431422.354,17:10:22,timeslice,0,0.0,0,0,0.0
1785431422.354,17:10:22,timeslice,1,0.0,0,0,0.0
1785431422.354,17:10:22,timeslice,2,0.0,0,0,0.0
1785431422.354,17:10:22,timeslice,3,0.0,0,0,0.0
1785431422.354,17:10:22,timeslice,4,0.0,0,0,0.0
1785431422.354,17:10:22,timeslice,5,0.0,0,0,0.0
1785431422.354,17:10:22,timeslice,6,0.0,0,0,0.0
1785431422.354,17:10:22,timeslice,7,0.0,0,0,0.0
1785431423.354,17:10:23,timeslice,0,0.0,0,0,0.0
1785431423.354,17:10:23,timeslice,1,0.0,0,0,0.0
1785431423.354,17:10:23,timeslice,2,0.0,0,0,0.0
1785431423.354,17:10:23,timeslice,3,0.0,0,0,0.0
1785431423.354,17:10:23,timeslice,4,0.0,0,0,0.0
1785431423.354,17:10:23,timeslice,5,0.0,0,0,0.0
1785431423.354,17:10:23,timeslice,6,0.0,0,0,0.0
1785431423.354,17:10:23,timeslice,7,0.0,0,0,0.0
1785431424.354,17:10:24,timeslice,0,0.0,0,0,0.0
1785431424.354,17:10:24,timeslice,1,0.0,0,0,0.0
1785431424.354,17:10:24,timeslice,2,0.0,0,0,0.0
1785431424.354,17:10:24,timeslice,3,0.0,0,0,0.0
1785431424.354,17:10:24,timeslice,4,0.0,0,0,0.0
1785431424.354,17:10:24,timeslice,5,0.0,0,0,0.0
1785431424.354,17:10:24,timeslice,6,0.0,0,0,0.0
1785431424.354,17:10:24,timeslice,7,0.0,0,0,0.0
1785431425.354,17:10:25,timeslice,0,0.0,0,0,0.0
1785431425.354,17:10:25,timeslice,1,0.0,0,0,0.0
1785431425.354,17:10:25,timeslice,2,0.0,0,0,0.0
1785431425.354,17:10:25,timeslice,3,0.0,0,0,0.0
1785431425.354,17:10:25,timeslice,4,0.0,0,0,0.0
1785431425.354,17:10:25,timeslice,5,0.0,0,0,0.0
1785431425.354,17:10:25,timeslice,6,0.0,0,0,0.0
1785431425.354,17:10:25,timeslice,7,0.0,0,0,0.0
1785431426.354,17:10:26,timeslice,0,0.0,0,0,0.0
1785431426.354,17:10:26,timeslice,1,0.0,0,0,0.0
1785431426.354,17:10:26,timeslice,2,0.0,0,0,0.0
1785431426.354,17:10:26,timeslice,3,0.0,0,0,0.0
1785431426.354,17:10:26,timeslice,4,0.0,0,0,0.0
1785431426.354,17:10:26,timeslice,5,0.0,0,0,0.0
1785431426.354,17:10:26,timeslice,6,0.0,0,0,0.0
1785431426.354,17:10:26,timeslice,7,0.0,0,0,0.0
1785431427.354,17:10:27,timeslice,0,0.0,0,0,0.0
1785431427.354,17:10:27,timeslice,1,0.0,0,0,0.0
1785431427.354,17:10:27,timeslice,2,0.0,0,0,0.0
1785431427.354,17:10:27,timeslice,3,0.0,0,0,0.0
1785431427.354,17:10:27,timeslice,4,0.0,0,0,0.0
1785431427.354,17:10:27,timeslice,5,0.0,0,0,0.0
1785431427.354,17:10:27,timeslice,6,0.0,0,0,0.0
1785431427.354,17:10:27,timeslice,7,0.0,0,0,0.0
1785431428.354,17:10:28,timeslice,0,0.0,0,0,0.0
1785431428.354,17:10:28,timeslice,1,0.0,0,0,0.0
1785431428.354,17:10:28,timeslice,2,0.0,0,0,0.0
1785431428.354,17:10:28,timeslice,3,0.0,0,0,0.0
1785431428.354,17:10:28,timeslice,4,0.0,0,0,0.0
1785431428.354,17:10:28,timeslice,5,0.0,0,0,0.0
1785431428.354,17:10:28,timeslice,6,0.0,0,0,0.0
1785431428.354,17:10:28,timeslice,7,0.0,0,0,0.0
1785431429.354,17:10:29,timeslice,0,0.0,0,0,0.0
1785431429.354,17:10:29,timeslice,1,0.0,0,0,0.0
1785431429.354,17:10:29,timeslice,2,0.0,0,0,0.0
1785431429.354,17:10:29,timeslice,3,0.0,0,0,0.0
1785431429.354,17:10:29,timeslice,4,0.0,0,0,0.0
1785431429.354,17:10:29,timeslice,5,0.0,0,0,0.0
1785431429.354,17:10:29,timeslice,6,0.0,0,0,0.0
1785431429.354,17:10:29,timeslice,7,0.0,0,0,0.0
1785431430.354,17:10:30,timeslice,0,0.0,0,0,0.0
1785431430.354,17:10:30,timeslice,1,0.0,0,0,0.0
1785431430.354,17:10:30,timeslice,2,0.0,0,0,0.0
1785431430.354,17:10:30,timeslice,3,0.0,0,0,0.0
1785431430.354,17:10:30,timeslice,4,0.0,0,0,0.0
1785431430.354,17:10:30,timeslice,5,0.0,0,0,0.0
1785431430.354,17:10:30,timeslice,6,0.0,0,0,0.0
1785431430.354,17:10:30,timeslice,7,0.0,0,0,0.0
1785431431.355,17:10:31,timeslice,0,0.0,0,0,0.0
1785431431.355,17:10:31,timeslice,1,0.0,0,0,0.0
1785431431.355,17:10:31,timeslice,2,0.0,0,0,0.0
1785431431.355,17:10:31,timeslice,3,0.0,0,0,0.0
1785431431.355,17:10:31,timeslice,4,0.0,0,0,0.0
1785431431.355,17:10:31,timeslice,5,0.0,0,0,0.0
1785431431.355,17:10:31,timeslice,6,0.0,0,0,0.0
1785431431.355,17:10:31,timeslice,7,0.0,0,0,0.0
1785431432.355,17:10:32,timeslice,0,0.0,0,0,0.0
1785431432.355,17:10:32,timeslice,1,0.0,0,0,0.0
1785431432.355,17:10:32,timeslice,2,0.0,0,0,0.0
1785431432.355,17:10:32,timeslice,3,0.0,0,0,0.0
1785431432.355,17:10:32,timeslice,4,0.0,0,0,0.0
1785431432.355,17:10:32,timeslice,5,0.0,0,0,0.0
1785431432.355,17:10:32,timeslice,6,0.0,0,0,0.0
1785431432.355,17:10:32,timeslice,7,0.0,0,0,0.0
1785431433.355,17:10:33,timeslice,0,0.0,0,0,0.0
1785431433.355,17:10:33,timeslice,1,0.0,0,0,0.0
1785431433.355,17:10:33,timeslice,2,0.0,0,0,0.0
1785431433.355,17:10:33,timeslice,3,0.0,0,0,0.0
1785431433.355,17:10:33,timeslice,4,0.0,0,0,0.0
1785431433.355,17:10:33,timeslice,5,0.0,0,0,0.0
1785431433.355,17:10:33,timeslice,6,0.0,0,0,0.0
1785431433.355,17:10:33,timeslice,7,0.0,0,0,0.0
1785431434.355,17:10:34,timeslice,0,0.0,0,0,0.0
1785431434.355,17:10:34,timeslice,1,0.0,0,0,0.0
1785431434.355,17:10:34,timeslice,2,0.0,0,0,0.0
1785431434.355,17:10:34,timeslice,3,0.0,0,0,0.0
1785431434.355,17:10:34,timeslice,4,0.0,0,0,0.0
1785431434.355,17:10:34,timeslice,5,0.0,0,0,0.0
1785431434.355,17:10:34,timeslice,6,0.0,0,0,0.0
1785431434.355,17:10:34,timeslice,7,0.0,0,0,0.0
1785431435.355,17:10:35,timeslice,0,0.0,0,0,0.0
1785431435.355,17:10:35,timeslice,1,0.0,0,0,0.0
1785431435.355,17:10:35,timeslice,2,0.0,0,0,0.0
1785431435.355,17:10:35,timeslice,3,0.0,0,0,0.0
1785431435.355,17:10:35,timeslice,4,0.0,0,0,0.0
1785431435.355,17:10:35,timeslice,5,0.0,0,0,0.0
1785431435.355,17:10:35,timeslice,6,0.0,0,0,0.0
1785431435.355,17:10:35,timeslice,7,0.0,0,0,0.0
1785431436.355,17:10:36,timeslice,0,0.0,0,0,0.0
1785431436.355,17:10:36,timeslice,1,0.0,0,0,0.0
1785431436.355,17:10:36,timeslice,2,0.0,0,0,0.0
1785431436.355,17:10:36,timeslice,3,0.0,0,0,0.0
1785431436.355,17:10:36,timeslice,4,0.0,0,0,0.0
1785431436.355,17:10:36,timeslice,5,0.0,0,0,0.0
1785431436.355,17:10:36,timeslice,6,0.0,0,0,0.0
1785431436.355,17:10:36,timeslice,7,0.0,0,0,0.0
1785431437.355,17:10:37,timeslice,0,0.0,0,0,0.0
1785431437.355,17:10:37,timeslice,1,0.0,0,0,0.0
1785431437.355,17:10:37,timeslice,2,0.0,0,0,0.0
1785431437.355,17:10:37,timeslice,3,0.0,0,0,0.0
1785431437.355,17:10:37,timeslice,4,0.0,0,0,0.0
1785431437.355,17:10:37,timeslice,5,0.0,0,0,0.0
1785431437.355,17:10:37,timeslice,6,0.0,0,0,0.0
1785431437.355,17:10:37,timeslice,7,0.0,0,0,0.0
1785431438.355,17:10:38,timeslice,0,0.0,0,0,0.0
1785431438.355,17:10:38,timeslice,1,0.0,0,0,0.0
1785431438.355,17:10:38,timeslice,2,0.0,0,0,0.0
1785431438.355,17:10:38,timeslice,3,0.0,0,0,0.0
1785431438.355,17:10:38,timeslice,4,0.0,0,0,0.0
1785431438.355,17:10:38,timeslice,5,0.0,0,0,0.0
1785431438.355,17:10:38,timeslice,6,0.0,0,0,0.0
1785431438.355,17:10:38,timeslice,7,0.0,0,0,0.0
1785431439.356,17:10:39,timeslice,0,0.0,0,0,0.0
1785431439.356,17:10:39,timeslice,1,0.0,0,0,0.0
1785431439.356,17:10:39,timeslice,2,0.0,0,0,0.0
1785431439.356,17:10:39,timeslice,3,0.0,0,0,0.0
1785431439.356,17:10:39,timeslice,4,0.0,0,0,0.0
1785431439.356,17:10:39,timeslice,5,0.0,0,0,0.0
1785431439.356,17:10:39,timeslice,6,0.0,0,0,0.0
1785431439.356,17:10:39,timeslice,7,0.0,0,0,0.0
1785431440.356,17:10:40,timeslice,0,0.0,0,0,0.0
1785431440.356,17:10:40,timeslice,1,0.0,0,0,0.0
1785431440.356,17:10:40,timeslice,2,0.0,0,0,0.0
1785431440.356,17:10:40,timeslice,3,0.0,0,0,0.0
1785431440.356,17:10:40,timeslice,4,0.0,0,0,0.0
1785431440.356,17:10:40,timeslice,5,0.0,0,0,0.0
1785431440.356,17:10:40,timeslice,6,0.0,0,0,0.0
1785431440.356,17:10:40,timeslice,7,0.0,0,0,0.0
1785431441.356,17:10:41,timeslice,0,0.0,0,0,0.0
1785431441.356,17:10:41,timeslice,1,0.0,0,0,0.0
1785431441.356,17:10:41,timeslice,2,0.0,0,0,0.0
1785431441.356,17:10:41,timeslice,3,0.0,0,0,0.0
1785431441.356,17:10:41,timeslice,4,0.0,0,0,0.0
1785431441.356,17:10:41,timeslice,5,0.0,0,0,0.0
1785431441.356,17:10:41,timeslice,6,0.0,0,0,0.0
1785431441.356,17:10:41,timeslice,7,0.0,0,0,0.0
1785431442.356,17:10:42,timeslice,0,0.0,0,0,0.0
1785431442.356,17:10:42,timeslice,1,0.0,0,0,0.0
1785431442.356,17:10:42,timeslice,2,0.0,0,0,0.0
1785431442.356,17:10:42,timeslice,3,0.0,0,0,0.0
1785431442.356,17:10:42,timeslice,4,0.0,0,0,0.0
1785431442.356,17:10:42,timeslice,5,0.0,0,0,0.0
1785431442.356,17:10:42,timeslice,6,0.0,0,0,0.0
1785431442.356,17:10:42,timeslice,7,0.0,0,0,0.0
1785431443.356,17:10:43,timeslice,0,0.0,0,0,0.0
1785431443.356,17:10:43,timeslice,1,0.0,0,0,0.0
1785431443.356,17:10:43,timeslice,2,0.0,0,0,0.0
1785431443.356,17:10:43,timeslice,3,0.0,0,0,0.0
1785431443.356,17:10:43,timeslice,4,0.0,0,0,0.0
1785431443.356,17:10:43,timeslice,5,0.0,0,0,0.0
1785431443.356,17:10:43,timeslice,6,0.0,0,0,0.0
1785431443.356,17:10:43,timeslice,7,0.0,0,0,0.0
1785431444.356,17:10:44,timeslice,0,0.0,0,0,0.0
1785431444.356,17:10:44,timeslice,1,0.0,0,0,0.0
1785431444.356,17:10:44,timeslice,2,0.0,0,0,0.0
1785431444.356,17:10:44,timeslice,3,0.0,0,0,0.0
1785431444.356,17:10:44,timeslice,4,0.0,0,0,0.0
1785431444.356,17:10:44,timeslice,5,0.0,0,0,0.0
1785431444.356,17:10:44,timeslice,6,0.0,0,0,0.0
1785431444.356,17:10:44,timeslice,7,0.0,0,0,0.0
1785431445.356,17:10:45,timeslice,0,0.0,0,0,0.0
1785431445.356,17:10:45,timeslice,1,0.0,0,0,0.0
1785431445.356,17:10:45,timeslice,2,0.0,0,0,0.0
1785431445.356,17:10:45,timeslice,3,0.0,0,0,0.0
1785431445.356,17:10:45,timeslice,4,0.0,0,0,0.0
1785431445.356,17:10:45,timeslice,5,0.0,0,0,0.0
1785431445.356,17:10:45,timeslice,6,0.0,0,0,0.0
1785431445.356,17:10:45,timeslice,7,0.0,0,0,0.0
1785431446.356,17:10:46,timeslice,0,0.0,0,0,0.0
1785431446.356,17:10:46,timeslice,1,0.0,0,0,0.0
1785431446.356,17:10:46,timeslice,2,0.0,0,0,0.0
1785431446.356,17:10:46,timeslice,3,0.0,0,0,0.0
1785431446.356,17:10:46,timeslice,4,0.0,0,0,0.0
1785431446.356,17:10:46,timeslice,5,0.0,0,0,0.0
1785431446.356,17:10:46,timeslice,6,0.0,0,0,0.0
1785431446.356,17:10:46,timeslice,7,0.0,0,0,0.0
1785431447.357,17:10:47,timeslice,0,0.0,0,0,0.0
1785431447.357,17:10:47,timeslice,1,0.0,0,0,0.0
1785431447.357,17:10:47,timeslice,2,0.0,0,0,0.0
1785431447.357,17:10:47,timeslice,3,0.0,0,0,0.0
1785431447.357,17:10:47,timeslice,4,0.0,0,0,0.0
1785431447.357,17:10:47,timeslice,5,0.0,0,0,0.0
1785431447.357,17:10:47,timeslice,6,0.0,0,0,0.0
1785431447.357,17:10:47,timeslice,7,0.0,0,0,0.0
1785431448.357,17:10:48,timeslice,0,0.0,0,0,0.0
1785431448.357,17:10:48,timeslice,1,0.0,0,0,0.0
1785431448.357,17:10:48,timeslice,2,0.0,0,0,0.0
1785431448.357,17:10:48,timeslice,3,0.0,0,0,0.0
1785431448.357,17:10:48,timeslice,4,0.0,0,0,0.0
1785431448.357,17:10:48,timeslice,5,0.0,0,0,0.0
1785431448.357,17:10:48,timeslice,6,0.0,0,0,0.0
1785431448.357,17:10:48,timeslice,7,0.0,0,0,0.0
1785431449.357,17:10:49,timeslice,0,0.0,0,0,0.0
1785431449.357,17:10:49,timeslice,1,0.0,0,0,0.0
1785431449.357,17:10:49,timeslice,2,0.0,0,0,0.0
1785431449.357,17:10:49,timeslice,3,0.0,0,0,0.0
1785431449.357,17:10:49,timeslice,4,0.0,0,0,0.0
1785431449.357,17:10:49,timeslice,5,0.0,0,0,0.0
1785431449.357,17:10:49,timeslice,6,0.0,0,0,0.0
1785431449.357,17:10:49,timeslice,7,0.0,0,0,0.0
1785431450.357,17:10:50,timeslice,0,0.0,0,0,0.0
1785431450.357,17:10:50,timeslice,1,0.0,0,0,0.0
1785431450.357,17:10:50,timeslice,2,0.0,0,0,0.0
1785431450.357,17:10:50,timeslice,3,0.0,0,0,0.0
1785431450.357,17:10:50,timeslice,4,0.0,0,0,0.0
1785431450.357,17:10:50,timeslice,5,0.0,0,0,0.0
1785431450.357,17:10:50,timeslice,6,0.0,0,0,0.0
1785431450.357,17:10:50,timeslice,7,0.0,0,0,0.0
1785431451.357,17:10:51,timeslice,0,0.0,0,0,0.0
1785431451.357,17:10:51,timeslice,1,0.0,0,0,0.0
1785431451.357,17:10:51,timeslice,2,0.0,0,0,0.0
1785431451.357,17:10:51,timeslice,3,0.0,0,0,0.0
1785431451.357,17:10:51,timeslice,4,0.0,0,0,0.0
1785431451.357,17:10:51,timeslice,5,0.0,0,0,0.0
1785431451.357,17:10:51,timeslice,6,0.0,0,0,0.0
1785431451.357,17:10:51,timeslice,7,0.0,0,0,0.0
1785431452.357,17:10:52,timeslice,0,0.0,0,0,0.0
1785431452.357,17:10:52,timeslice,1,0.0,0,0,0.0
1785431452.357,17:10:52,timeslice,2,0.0,0,0,0.0
1785431452.357,17:10:52,timeslice,3,0.0,0,0,0.0
1785431452.357,17:10:52,timeslice,4,0.0,0,0,0.0
1785431452.357,17:10:52,timeslice,5,0.0,0,0,0.0
1785431452.357,17:10:52,timeslice,6,0.0,0,0,0.0
1785431452.357,17:10:52,timeslice,7,0.0,0,0,0.0
1785431453.357,17:10:53,timeslice,0,0.0,0,0,0.0
1785431453.357,17:10:53,timeslice,1,0.0,0,0,0.0
1785431453.357,17:10:53,timeslice,2,0.0,0,0,0.0
1785431453.357,17:10:53,timeslice,3,0.0,0,0,0.0
1785431453.357,17:10:53,timeslice,4,0.0,0,0,0.0
1785431453.357,17:10:53,timeslice,5,0.0,0,0,0.0
1785431453.357,17:10:53,timeslice,6,0.0,0,0,0.0
1785431453.357,17:10:53,timeslice,7,0.0,0,0,0.0
1785431454.357,17:10:54,timeslice,0,0.0,0,0,0.0
1785431454.357,17:10:54,timeslice,1,0.0,0,0,0.0
1785431454.357,17:10:54,timeslice,2,0.0,0,0,0.0
1785431454.357,17:10:54,timeslice,3,0.0,0,0,0.0
1785431454.357,17:10:54,timeslice,4,0.0,0,0,0.0
1785431454.357,17:10:54,timeslice,5,0.0,0,0,0.0
1785431454.357,17:10:54,timeslice,6,0.0,0,0,0.0
1785431454.357,17:10:54,timeslice,7,0.0,0,0,0.0
1785431455.357,17:10:55,timeslice,0,0.0,0,0,0.0
1785431455.357,17:10:55,timeslice,1,0.0,0,0,0.0
1785431455.357,17:10:55,timeslice,2,0.0,0,0,0.0
1785431455.357,17:10:55,timeslice,3,0.0,0,0,0.0
1785431455.357,17:10:55,timeslice,4,0.0,0,0,0.0
1785431455.357,17:10:55,timeslice,5,0.0,0,0,0.0
1785431455.357,17:10:55,timeslice,6,0.0,0,0,0.0
1785431455.357,17:10:55,timeslice,7,0.0,0,0,0.0
1785431456.358,17:10:56,timeslice,0,0.0,0,0,0.0
1785431456.358,17:10:56,timeslice,1,0.0,0,0,0.0
1785431456.358,17:10:56,timeslice,2,0.0,0,0,0.0
1785431456.358,17:10:56,timeslice,3,0.0,0,0,0.0
1785431456.358,17:10:56,timeslice,4,0.0,0,0,0.0
1785431456.358,17:10:56,timeslice,5,0.0,0,0,0.0
1785431456.358,17:10:56,timeslice,6,0.0,0,0,0.0
1785431456.358,17:10:56,timeslice,7,0.0,0,0,0.0
1785431457.358,17:10:57,timeslice,0,0.0,0,0,0.0
1785431457.358,17:10:57,timeslice,1,0.0,0,0,0.0
1785431457.358,17:10:57,timeslice,2,0.0,0,0,0.0
1785431457.358,17:10:57,timeslice,3,0.0,0,0,0.0
1785431457.358,17:10:57,timeslice,4,0.0,0,0,0.0
1785431457.358,17:10:57,timeslice,5,0.0,0,0,0.0
1785431457.358,17:10:57,timeslice,6,0.0,0,0,0.0
1785431457.358,17:10:57,timeslice,7,0.0,0,0,0.0
1785431458.358,17:10:58,timeslice,0,0.0,0,0,0.0
1785431458.358,17:10:58,timeslice,1,0.0,0,0,0.0
1785431458.358,17:10:58,timeslice,2,0.0,0,0,0.0
1785431458.358,17:10:58,timeslice,3,0.0,0,0,0.0
1785431458.358,17:10:58,timeslice,4,0.0,0,0,0.0
1785431458.358,17:10:58,timeslice,5,0.0,0,0,0.0
1785431458.358,17:10:58,timeslice,6,0.0,0,0,0.0
1785431458.358,17:10:58,timeslice,7,0.0,0,0,0.0
1785431459.358,17:10:59,timeslice,0,0.0,0,0,0.0
1785431459.358,17:10:59,timeslice,1,0.0,0,0,0.0
1785431459.358,17:10:59,timeslice,2,0.0,0,0,0.0
1785431459.358,17:10:59,timeslice,3,0.0,0,0,0.0
1785431459.358,17:10:59,timeslice,4,0.0,0,0,0.0
1785431459.358,17:10:59,timeslice,5,0.0,0,0,0.0
1785431459.358,17:10:59,timeslice,6,0.0,0,0,0.0
1785431459.358,17:10:59,timeslice,7,0.0,0,0,0.0
1785431460.358,17:11:00,timeslice,0,0.0,0,0,0.0
1785431460.358,17:11:00,timeslice,1,0.0,0,0,0.0
1785431460.358,17:11:00,timeslice,2,0.0,0,0,0.0
1785431460.358,17:11:00,timeslice,3,0.0,0,0,0.0
1785431460.358,17:11:00,timeslice,4,0.0,0,0,0.0
1785431460.358,17:11:00,timeslice,5,0.0,0,0,0.0
1785431460.358,17:11:00,timeslice,6,0.0,0,0,0.0
1785431460.358,17:11:00,timeslice,7,0.0,0,0,0.0
1785431461.358,17:11:01,timeslice,0,0.0,0,0,0.0
1785431461.358,17:11:01,timeslice,1,0.0,0,0,0.0
1785431461.358,17:11:01,timeslice,2,0.0,0,0,0.0
1785431461.358,17:11:01,timeslice,3,0.0,0,0,0.0
1785431461.358,17:11:01,timeslice,4,0.0,0,0,0.0
1785431461.358,17:11:01,timeslice,5,0.0,0,0,0.0
1785431461.358,17:11:01,timeslice,6,0.0,0,0,0.0
1785431461.358,17:11:01,timeslice,7,0.0,0,0,0.0
1785431462.358,17:11:02,timeslice,0,0.0,0,0,0.0
1785431462.358,17:11:02,timeslice,1,0.0,0,0,0.0
1785431462.358,17:11:02,timeslice,2,0.0,0,0,0.0
1785431462.358,17:11:02,timeslice,3,0.0,0,0,0.0
1785431462.358,17:11:02,timeslice,4,0.0,0,0,0.0
1785431462.358,17:11:02,timeslice,5,0.0,0,0,0.0
1785431462.358,17:11:02,timeslice,6,0.0,0,0,0.0
1785431462.358,17:11:02,timeslice,7,0.0,0,0,0.0
1785431463.358,17:11:03,timeslice,0,0.0,0,0,0.0
1785431463.358,17:11:03,timeslice,1,0.0,0,0,0.0
1785431463.358,17:11:03,timeslice,2,0.0,0,0,0.0
1785431463.358,17:11:03,timeslice,3,0.0,0,0,0.0
1785431463.358,17:11:03,timeslice,4,0.0,0,0,0.0
1785431463.358,17:11:03,timeslice,5,0.0,0,0,0.0
1785431463.358,17:11:03,timeslice,6,0.0,0,0,0.0
1785431463.358,17:11:03,timeslice,7,0.0,0,0,0.0
1785431464.358,17:11:04,timeslice,0,0.0,0,0,0.0
1785431464.358,17:11:04,timeslice,1,0.0,0,0,0.0
1785431464.358,17:11:04,timeslice,2,0.0,0,0,0.0
1785431464.358,17:11:04,timeslice,3,0.0,0,0,0.0
1785431464.358,17:11:04,timeslice,4,0.0,0,0,0.0
1785431464.358,17:11:04,timeslice,5,0.0,0,0,0.0
1785431464.358,17:11:04,timeslice,6,0.0,0,0,0.0
1785431464.358,17:11:04,timeslice,7,0.0,0,0,0.0
1785431465.359,17:11:05,timeslice,0,0.0,0,0,0.0
1785431465.359,17:11:05,timeslice,1,0.0,0,0,0.0
1785431465.359,17:11:05,timeslice,2,0.0,0,0,0.0
1785431465.359,17:11:05,timeslice,3,0.0,0,0,0.0
1785431465.359,17:11:05,timeslice,4,0.0,0,0,0.0
1785431465.359,17:11:05,timeslice,5,0.0,0,0,0.0
1785431465.359,17:11:05,timeslice,6,0.0,0,0,0.0
1785431465.359,17:11:05,timeslice,7,0.0,0,0,0.0
1785431466.359,17:11:06,timeslice,0,0.0,0,0,0.0
1785431466.359,17:11:06,timeslice,1,0.0,0,0,0.0
1785431466.359,17:11:06,timeslice,2,0.0,0,0,0.0
1785431466.359,17:11:06,timeslice,3,0.0,0,0,0.0
1785431466.359,17:11:06,timeslice,4,0.0,0,0,0.0
1785431466.359,17:11:06,timeslice,5,0.0,0,0,0.0
1785431466.359,17:11:06,timeslice,6,0.0,0,0,0.0
1785431466.359,17:11:06,timeslice,7,0.0,0,0,0.0
1785431467.359,17:11:07,timeslice,0,0.0,0,0,0.0
1785431467.359,17:11:07,timeslice,1,0.0,0,0,0.0
1785431467.359,17:11:07,timeslice,2,0.0,0,0,0.0
1785431467.359,17:11:07,timeslice,3,0.0,0,0,0.0
1785431467.359,17:11:07,timeslice,4,0.0,0,0,0.0
1785431467.359,17:11:07,timeslice,5,0.0,0,0,0.0
1785431467.359,17:11:07,timeslice,6,0.0,0,0,0.0
1785431467.359,17:11:07,timeslice,7,0.0,0,0,0.0
1785431468.359,17:11:08,timeslice,0,0.0,0,0,0.0
1785431468.359,17:11:08,timeslice,1,0.0,0,0,0.0
1785431468.359,17:11:08,timeslice,2,0.0,0,0,0.0
1785431468.359,17:11:08,timeslice,3,0.0,0,0,0.0
1785431468.359,17:11:08,timeslice,4,0.0,0,0,0.0
1785431468.359,17:11:08,timeslice,5,0.0,0,0,0.0
1785431468.359,17:11:08,timeslice,6,0.0,0,0,0.0
1785431468.359,17:11:08,timeslice,7,0.0,0,0,0.0
1785431469.359,17:11:09,timeslice,0,0.0,0,0,0.0
1785431469.359,17:11:09,timeslice,1,0.0,0,0,0.0
1785431469.359,17:11:09,timeslice,2,0.0,0,0,0.0
1785431469.359,17:11:09,timeslice,3,0.0,0,0,0.0
1785431469.359,17:11:09,timeslice,4,0.0,0,0,0.0
1785431469.359,17:11:09,timeslice,5,0.0,0,0,0.0
1785431469.359,17:11:09,timeslice,6,0.0,0,0,0.0
1785431469.359,17:11:09,timeslice,7,0.0,0,0,0.0
1785431470.359,17:11:10,timeslice,0,0.0,0,0,0.0
1785431470.359,17:11:10,timeslice,1,0.0,0,0,0.0
1785431470.359,17:11:10,timeslice,2,0.0,0,0,0.0
1785431470.359,17:11:10,timeslice,3,0.0,0,0,0.0
1785431470.359,17:11:10,timeslice,4,0.0,0,0,0.0
1785431470.359,17:11:10,timeslice,5,0.0,0,0,0.0
1785431470.359,17:11:10,timeslice,6,0.0,0,0,0.0
1785431470.359,17:11:10,timeslice,7,0.0,0,0,0.0
1785431471.36,17:11:11,timeslice,0,0.0,0,0,0.0
1785431471.36,17:11:11,timeslice,1,0.0,0,0,0.0
1785431471.36,17:11:11,timeslice,2,0.0,0,0,0.0
1785431471.36,17:11:11,timeslice,3,0.0,0,0,0.0
1785431471.36,17:11:11,timeslice,4,0.0,0,0,0.0
1785431471.36,17:11:11,timeslice,5,0.0,0,0,0.0
1785431471.36,17:11:11,timeslice,6,0.0,0,0,0.0
1785431471.36,17:11:11,timeslice,7,0.0,0,0,0.0
1785431472.36,17:11:12,timeslice,0,0.0,0,0,0.0
1785431472.36,17:11:12,timeslice,1,0.0,0,0,0.0
1785431472.36,17:11:12,timeslice,2,0.0,0,0,0.0
1785431472.36,17:11:12,timeslice,3,0.0,0,0,0.0
1785431472.36,17:11:12,timeslice,4,0.0,0,0,0.0
1785431472.36,17:11:12,timeslice,5,0.0,0,0,0.0
1785431472.36,17:11:12,timeslice,6,0.0,0,0,0.0
1785431472.36,17:11:12,timeslice,7,0.0,0,0,0.0
1785431473.36,17:11:13,timeslice,0,0.0,0,0,0.0
1785431473.36,17:11:13,timeslice,1,0.0,0,0,0.0
1785431473.36,17:11:13,timeslice,2,0.0,0,0,0.0
1785431473.36,17:11:13,timeslice,3,0.0,0,0,0.0
1785431473.36,17:11:13,timeslice,4,0.0,0,0,0.0
1785431473.36,17:11:13,timeslice,5,0.0,0,0,0.0
1785431473.36,17:11:13,timeslice,6,0.0,0,0,0.0
1785431473.36,17:11:13,timeslice,7,0.0,0,0,0.0
1785431474.36,17:11:14,timeslice,0,0.0,0,0,0.0
1785431474.36,17:11:14,timeslice,1,0.0,0,0,0.0
1785431474.36,17:11:14,timeslice,2,0.0,0,0,0.0
1785431474.36,17:11:14,timeslice,3,0.0,0,0,0.0
1785431474.36,17:11:14,timeslice,4,0.0,0,0,0.0
1785431474.36,17:11:14,timeslice,5,0.0,0,0,0.0
1785431474.36,17:11:14,timeslice,6,0.0,0,0,0.0
1785431474.36,17:11:14,timeslice,7,0.0,0,0,0.0
1785431475.36,17:11:15,timeslice,0,0.0,0,0,0.0
1785431475.36,17:11:15,timeslice,1,0.0,0,0,0.0
1785431475.36,17:11:15,timeslice,2,0.0,0,0,0.0
1785431475.36,17:11:15,timeslice,3,0.0,0,0,0.0
1785431475.36,17:11:15,timeslice,4,0.0,0,0,0.0
1785431475.36,17:11:15,timeslice,5,0.0,0,0,0.0
1785431475.36,17:11:15,timeslice,6,0.0,0,0,0.0
1785431475.36,17:11:15,timeslice,7,0.0,0,0,0.0
1785431476.361,17:11:16,timeslice,0,0.0,0,0,0.0
1785431476.361,17:11:16,timeslice,1,0.0,0,0,0.0
1785431476.361,17:11:16,timeslice,2,0.0,0,0,0.0
1785431476.361,17:11:16,timeslice,3,0.0,0,0,0.0
1785431476.361,17:11:16,timeslice,4,0.0,0,0,0.0
1785431476.361,17:11:16,timeslice,5,0.0,0,0,0.0
1785431476.361,17:11:16,timeslice,6,0.0,0,0,0.0
1785431476.361,17:11:16,timeslice,7,0.0,0,0,0.0
1785431477.361,17:11:17,timeslice,0,0.0,0,0,0.0
1785431477.361,17:11:17,timeslice,1,0.0,0,0,0.0
1785431477.361,17:11:17,timeslice,2,0.0,0,0,0.0
1785431477.361,17:11:17,timeslice,3,0.0,0,0,0.0
1785431477.361,17:11:17,timeslice,4,0.0,0,0,0.0
1785431477.361,17:11:17,timeslice,5,0.0,0,0,0.0
1785431477.361,17:11:17,timeslice,6,0.0,0,0,0.0
1785431477.361,17:11:17,timeslice,7,0.0,0,0,0.0
1785431478.361,17:11:18,timeslice,0,0.0,0,0,0.0
1785431478.361,17:11:18,timeslice,1,0.0,0,0,0.0
1785431478.361,17:11:18,timeslice,2,0.0,0,0,0.0
1785431478.361,17:11:18,timeslice,3,0.0,0,0,0.0
1785431478.361,17:11:18,timeslice,4,0.0,0,0,0.0
1785431478.361,17:11:18,timeslice,5,0.0,0,0,0.0
1785431478.361,17:11:18,timeslice,6,0.0,0,0,0.0
1785431478.361,17:11:18,timeslice,7,0.0,0,0,0.0
1785431479.361,17:11:19,timeslice,0,0.0,0,0,0.0
1785431479.361,17:11:19,timeslice,1,0.0,0,0,0.0
1785431479.361,17:11:19,timeslice,2,0.0,0,0,0.0
1785431479.361,17:11:19,timeslice,3,0.0,0,0,0.0
1785431479.361,17:11:19,timeslice,4,0.0,0,0,0.0
1785431479.361,17:11:19,timeslice,5,0.0,0,0,0.0
1785431479.361,17:11:19,timeslice,6,0.0,0,0,0.0
1785431479.361,17:11:19,timeslice,7,0.0,0,0,0.0
1785431480.361,17:11:20,timeslice,0,0.0,0,0,0.0
1785431480.361,17:11:20,timeslice,1,0.0,0,0,0.0
1785431480.361,17:11:20,timeslice,2,0.0,0,0,0.0
1785431480.361,17:11:20,timeslice,3,0.0,0,0,0.0
1785431480.361,17:11:20,timeslice,4,0.0,0,0,0.0
1785431480.361,17:11:20,timeslice,5,0.0,0,0,0.0
1785431480.361,17:11:20,timeslice,6,0.0,0,0,0.0
1785431480.361,17:11:20,timeslice,7,0.0,0,0,0.0
1785431481.361,17:11:21,timeslice,0,0.0,0,0,0.0
1785431481.361,17:11:21,timeslice,1,0.0,0,0,0.0
1785431481.361,17:11:21,timeslice,2,0.0,0,0,0.0
1785431481.361,17:11:21,timeslice,3,0.0,0,0,0.0
1785431481.361,17:11:21,timeslice,4,0.0,0,0,0.0
1785431481.361,17:11:21,timeslice,5,0.0,0,0,0.0
1785431481.361,17:11:21,timeslice,6,0.0,0,0,0.0
1785431481.361,17:11:21,timeslice,7,0.0,0,0,0.0
1785431482.361,17:11:22,timeslice,0,0.0,0,0,0.0
1785431482.361,17:11:22,timeslice,1,0.0,0,0,0.0
1785431482.361,17:11:22,timeslice,2,0.0,0,0,0.0
1785431482.361,17:11:22,timeslice,3,0.0,0,0,0.0
1785431482.361,17:11:22,timeslice,4,0.0,0,0,0.0
1785431482.361,17:11:22,timeslice,5,0.0,0,0,0.0
1785431482.361,17:11:22,timeslice,6,0.0,0,0,0.0
1785431482.361,17:11:22,timeslice,7,0.0,0,0,0.0
1785431483.361,17:11:23,timeslice,0,0.0,0,0,0.0
1785431483.361,17:11:23,timeslice,1,0.0,0,0,0.0
1785431483.361,17:11:23,timeslice,2,0.0,0,0,0.0
1785431483.361,17:11:23,timeslice,3,0.0,0,0,0.0
1785431483.361,17:11:23,timeslice,4,0.0,0,0,0.0
1785431483.361,17:11:23,timeslice,5,0.0,0,0,0.0
1785431483.361,17:11:23,timeslice,6,0.0,0,0,0.0
1785431483.361,17:11:23,timeslice,7,0.0,0,0,0.0
1785431484.362,17:11:24,timeslice,0,0.0,0,0,0.0
1785431484.362,17:11:24,timeslice,1,0.0,0,0,0.0
1785431484.362,17:11:24,timeslice,2,0.0,0,0,0.0
1785431484.362,17:11:24,timeslice,3,0.0,0,0,0.0
1785431484.362,17:11:24,timeslice,4,0.0,0,0,0.0
1785431484.362,17:11:24,timeslice,5,0.0,0,0,0.0
1785431484.362,17:11:24,timeslice,6,0.0,0,0,0.0
1785431484.362,17:11:24,timeslice,7,0.0,0,0,0.0
1785431485.362,17:11:25,timeslice,0,0.0,0,0,0.0
1785431485.362,17:11:25,timeslice,1,0.0,0,0,0.0
1785431485.362,17:11:25,timeslice,2,0.0,0,0,0.0
1785431485.362,17:11:25,timeslice,3,0.0,0,0,0.0
1785431485.362,17:11:25,timeslice,4,0.0,0,0,0.0
1785431485.362,17:11:25,timeslice,5,0.0,0,0,0.0
1785431485.362,17:11:25,timeslice,6,0.0,0,0,0.0
1785431485.362,17:11:25,timeslice,7,0.0,0,0,0.0
1785431486.362,17:11:26,timeslice,0,0.0,0,0,0.0
1785431486.362,17:11:26,timeslice,1,0.0,0,0,0.0
1785431486.362,17:11:26,timeslice,2,0.0,0,0,0.0
1785431486.362,17:11:26,timeslice,3,0.0,0,0,0.0
1785431486.362,17:11:26,timeslice,4,0.0,0,0,0.0
1785431486.362,17:11:26,timeslice,5,0.0,0,0,0.0
1785431486.362,17:11:26,timeslice,6,0.0,0,0,0.0
1785431486.362,17:11:26,timeslice,7,0.0,0,0,0.0
1785431487.362,17:11:27,timeslice,0,0.0,0,0,0.0
1785431487.362,17:11:27,timeslice,1,0.0,0,0,0.0
1785431487.362,17:11:27,timeslice,2,0.0,0,0,0.0
1785431487.362,17:11:27,timeslice,3,0.0,0,0,0.0
1785431487.362,17:11:27,timeslice,4,0.0,0,0,0.0
1785431487.362,17:11:27,timeslice,5,0.0,0,0,0.0
1785431487.362,17:11:27,timeslice,6,0.0,0,0,0.0
1785431487.362,17:11:27,timeslice,7,0.0,0,0,0.0
1785431488.362,17:11:28,timeslice,0,0.0,0,0,0.0
1785431488.362,17:11:28,timeslice,1,0.0,0,0,0.0
1785431488.362,17:11:28,timeslice,2,0.0,0,0,0.0
1785431488.362,17:11:28,timeslice,3,0.0,0,0,0.0
1785431488.362,17:11:28,timeslice,4,0.0,0,0,0.0
1785431488.362,17:11:28,timeslice,5,0.0,0,0,0.0
1785431488.362,17:11:28,timeslice,6,0.0,0,0,0.0
1785431488.362,17:11:28,timeslice,7,0.0,0,0,0.0
1785431489.362,17:11:29,timeslice,0,0.0,0,0,0.0
1785431489.362,17:11:29,timeslice,1,0.0,0,0,0.0
1785431489.362,17:11:29,timeslice,2,0.0,0,0,0.0
1785431489.362,17:11:29,timeslice,3,0.0,0,0,0.0
1785431489.362,17:11:29,timeslice,4,0.0,0,0,0.0
1785431489.362,17:11:29,timeslice,5,0.0,0,0,0.0
1785431489.362,17:11:29,timeslice,6,0.0,0,0,0.0
1785431489.362,17:11:29,timeslice,7,0.0,0,0,0.0
1785431490.362,17:11:30,timeslice,0,0.0,0,0,0.0
1785431490.362,17:11:30,timeslice,1,0.0,0,0,0.0
1785431490.362,17:11:30,timeslice,2,0.0,0,0,0.0
1785431490.362,17:11:30,timeslice,3,0.0,0,0,0.0
1785431490.362,17:11:30,timeslice,4,0.0,0,0,0.0
1785431490.362,17:11:30,timeslice,5,0.0,0,0,0.0
1785431490.362,17:11:30,timeslice,6,0.0,0,0,0.0
1785431490.362,17:11:30,timeslice,7,0.0,0,0,0.0
1785431491.363,17:11:31,timeslice,0,0.0,0,0,0.0
1785431491.363,17:11:31,timeslice,1,0.0,0,0,0.0
1785431491.363,17:11:31,timeslice,2,0.0,0,0,0.0
1785431491.363,17:11:31,timeslice,3,0.0,0,0,0.0
1785431491.363,17:11:31,timeslice,4,0.0,0,0,0.0
1785431491.363,17:11:31,timeslice,5,0.0,0,0,0.0
1785431491.363,17:11:31,timeslice,6,0.0,0,0,0.0
1785431491.363,17:11:31,timeslice,7,0.0,0,0,0.0
1785431492.363,17:11:32,timeslice,0,0.0,0,0,0.0
1785431492.363,17:11:32,timeslice,1,0.0,0,0,0.0
1785431492.363,17:11:32,timeslice,2,0.0,0,0,0.0
1785431492.363,17:11:32,timeslice,3,0.0,0,0,0.0
1785431492.363,17:11:32,timeslice,4,0.0,0,0,0.0
1785431492.363,17:11:32,timeslice,5,0.0,0,0,0.0
1785431492.363,17:11:32,timeslice,6,0.0,0,0,0.0
1785431492.363,17:11:32,timeslice,7,0.0,0,0,0.0
1785431493.363,17:11:33,timeslice,0,0.0,0,0,0.0
1785431493.363,17:11:33,timeslice,1,0.0,0,0,0.0
1785431493.363,17:11:33,timeslice,2,0.0,0,0,0.0
1785431493.363,17:11:33,timeslice,3,0.0,0,0,0.0
1785431493.363,17:11:33,timeslice,4,0.0,0,0,0.0
1785431493.363,17:11:33,timeslice,5,0.0,0,0,0.0
1785431493.363,17:11:33,timeslice,6,0.0,0,0,0.0
1785431493.363,17:11:33,timeslice,7,0.0,0,0,0.0
1785431494.363,17:11:34,timeslice,0,0.0,0,0,0.0
1785431494.363,17:11:34,timeslice,1,0.0,0,0,0.0
1785431494.363,17:11:34,timeslice,2,0.0,0,0,0.0
1785431494.363,17:11:34,timeslice,3,0.0,0,0,0.0
1785431494.363,17:11:34,timeslice,4,0.0,0,0,0.0
1785431494.363,17:11:34,timeslice,5,0.0,0,0,0.0
1785431494.363,17:11:34,timeslice,6,0.0,0,0,0.0
1785431494.363,17:11:34,timeslice,7,0.0,0,0,0.0
1785431495.363,17:11:35,timeslice,0,0.0,0,0,0.0
1785431495.363,17:11:35,timeslice,1,0.0,0,0,0.0
1785431495.363,17:11:35,timeslice,2,0.0,0,0,0.0
1785431495.363,17:11:35,timeslice,3,0.0,0,0,0.0
1785431495.363,17:11:35,timeslice,4,0.0,0,0,0.0
1785431495.363,17:11:35,timeslice,5,0.0,0,0,0.0
1785431495.363,17:11:35,timeslice,6,0.0,0,0,0.0
1785431495.363,17:11:35,timeslice,7,0.0,0,0,0.0
1785431496.363,17:11:36,timeslice,0,0.0,0,0,0.0
1785431496.363,17:11:36,timeslice,1,0.0,0,0,0.0
1785431496.363,17:11:36,timeslice,2,0.0,0,0,0.0
1785431496.363,17:11:36,timeslice,3,0.0,0,0,0.0
1785431496.363,17:11:36,timeslice,4,0.0,0,0,0.0
1785431496.363,17:11:36,timeslice,5,0.0,0,0,0.0
1785431496.363,17:11:36,timeslice,6,0.0,0,0,0.0
1785431496.363,17:11:36,timeslice,7,0.0,0,0,0.0
1785431497.363,17:11:37,timeslice,0,0.0,0,0,0.0
1785431497.363,17:11:37,timeslice,1,0.0,0,0,0.0
1785431497.363,17:11:37,timeslice,2,0.0,0,0,0.0
1785431497.363,17:11:37,timeslice,3,0.0,0,0,0.0
1785431497.363,17:11:37,timeslice,4,0.0,0,0,0.0
1785431497.363,17:11:37,timeslice,5,0.0,0,0,0.0
1785431497.363,17:11:37,timeslice,6,0.0,0,0,0.0
1785431497.363,17:11:37,timeslice,7,0.0,0,0,0.0
1785431498.363,17:11:38,timeslice,0,0.0,0,0,0.0
1785431498.363,17:11:38,timeslice,1,0.0,0,0,0.0
1785431498.363,17:11:38,timeslice,2,0.0,0,0,0.0
1785431498.363,17:11:38,timeslice,3,0.0,0,0,0.0
1785431498.363,17:11:38,timeslice,4,0.0,0,0,0.0
1785431498.363,17:11:38,timeslice,5,0.0,0,0,0.0
1785431498.363,17:11:38,timeslice,6,0.0,0,0,0.0
1785431498.363,17:11:38,timeslice,7,0.0,0,0,0.0
1785431499.363,17:11:39,timeslice,0,0.0,0,0,0.0
1785431499.363,17:11:39,timeslice,1,0.0,0,0,0.0
1785431499.363,17:11:39,timeslice,2,0.0,0,0,0.0
1785431499.363,17:11:39,timeslice,3,0.0,0,0,0.0
1785431499.363,17:11:39,timeslice,4,0.0,0,0,0.0
1785431499.363,17:11:39,timeslice,5,0.0,0,0,0.0
1785431499.363,17:11:39,timeslice,6,0.0,0,0,0.0
1785431499.363,17:11:39,timeslice,7,0.0,0,0,0.0
1785431500.364,17:11:40,timeslice,0,0.0,0,0,0.0
1785431500.364,17:11:40,timeslice,1,0.0,0,0,0.0
1785431500.364,17:11:40,timeslice,2,0.0,0,0,0.0
1785431500.364,17:11:40,timeslice,3,0.0,0,0,0.0
1785431500.364,17:11:40,timeslice,4,0.0,0,0,0.0
1785431500.364,17:11:40,timeslice,5,0.0,0,0,0.0
1785431500.364,17:11:40,timeslice,6,0.0,0,0,0.0
1785431500.364,17:11:40,timeslice,7,0.0,0,0,0.0
1785431501.364,17:11:41,timeslice,0,0.0,0,0,0.0
1785431501.364,17:11:41,timeslice,1,0.0,0,0,0.0
1785431501.364,17:11:41,timeslice,2,0.0,0,0,0.0
1785431501.364,17:11:41,timeslice,3,0.0,0,0,0.0
1785431501.364,17:11:41,timeslice,4,0.0,0,0,0.0
1785431501.364,17:11:41,timeslice,5,0.0,0,0,0.0
1785431501.364,17:11:41,timeslice,6,0.0,0,0,0.0
1785431501.364,17:11:41,timeslice,7,0.0,0,0,0.0
1785431502.364,17:11:42,timeslice,0,0.0,0,0,0.0
1785431502.364,17:11:42,timeslice,1,0.0,0,0,0.0
1785431502.364,17:11:42,timeslice,2,0.0,0,0,0.0
1785431502.364,17:11:42,timeslice,3,0.0,0,0,0.0
1785431502.364,17:11:42,timeslice,4,0.0,0,0,0.0
1785431502.364,17:11:42,timeslice,5,0.0,0,0,0.0
1785431502.364,17:11:42,timeslice,6,0.0,0,0,0.0
1785431502.364,17:11:42,timeslice,7,0.0,0,0,0.0
1785431503.364,17:11:43,timeslice,0,0.0,0,0,0.0
1785431503.364,17:11:43,timeslice,1,0.0,0,0,0.0
1785431503.364,17:11:43,timeslice,2,0.0,0,0,0.0
1785431503.364,17:11:43,timeslice,3,0.0,0,0,0.0
1785431503.364,17:11:43,timeslice,4,0.0,0,0,0.0
1785431503.364,17:11:43,timeslice,5,0.0,0,0,0.0
1785431503.364,17:11:43,timeslice,6,0.0,0,0,0.0
1785431503.364,17:11:43,timeslice,7,0.0,0,0,0.0
1785431504.364,17:11:44,timeslice,0,0.0,0,0,0.0
1785431504.364,17:11:44,timeslice,1,0.0,0,0,0.0
1785431504.364,17:11:44,timeslice,2,0.0,0,0,0.0
1785431504.364,17:11:44,timeslice,3,0.0,0,0,0.0
1785431504.364,17:11:44,timeslice,4,0.0,0,0,0.0
1785431504.364,17:11:44,timeslice,5,0.0,0,0,0.0
1785431504.364,17:11:44,timeslice,6,0.0,0,0,0.0
1785431504.364,17:11:44,timeslice,7,0.0,0,0,0.0
1785431505.364,17:11:45,timeslice,0,0.0,0,0,0.0
1785431505.364,17:11:45,timeslice,1,0.0,0,0,0.0
1785431505.364,17:11:45,timeslice,2,0.0,0,0,0.0
1785431505.364,17:11:45,timeslice,3,0.0,0,0,0.0
1785431505.364,17:11:45,timeslice,4,0.0,0,0,0.0
1785431505.364,17:11:45,timeslice,5,0.0,0,0,0.0
1785431505.364,17:11:45,timeslice,6,0.0,0,0,0.0
1785431505.364,17:11:45,timeslice,7,0.0,0,0,0.0
1785431506.364,17:11:46,timeslice,0,0.0,0,0,0.0
1785431506.364,17:11:46,timeslice,1,0.0,0,0,0.0
1785431506.364,17:11:46,timeslice,2,0.0,0,0,0.0
1785431506.364,17:11:46,timeslice,3,0.0,0,0,0.0
1785431506.364,17:11:46,timeslice,4,0.0,0,0,0.0
1785431506.364,17:11:46,timeslice,5,0.0,0,0,0.0
1785431506.364,17:11:46,timeslice,6,0.0,0,0,0.0
1785431506.364,17:11:46,timeslice,7,0.0,0,0,0.0
1785431507.365,17:11:47,timeslice,0,0.0,0,0,0.0
1785431507.365,17:11:47,timeslice,1,0.0,0,0,0.0
1785431507.365,17:11:47,timeslice,2,0.0,0,0,0.0
1785431507.365,17:11:47,timeslice,3,0.0,0,0,0.0
1785431507.365,17:11:47,timeslice,4,0.0,0,0,0.0
1785431507.365,17:11:47,timeslice,5,0.0,0,0,0.0
1785431507.365,17:11:47,timeslice,6,0.0,0,0,0.0
1785431507.365,17:11:47,timeslice,7,0.0,0,0,0.0
1785431508.44,17:11:48,timeslice,0,0.0,0,0,0.0
1785431508.44,17:11:48,timeslice,1,0.0,0,0,0.0
1785431508.44,17:11:48,timeslice,2,0.0,0,0,0.0
1785431508.44,17:11:48,timeslice,3,0.0,0,0,0.0
1785431508.44,17:11:48,timeslice,4,0.0,0,0,0.0
1785431508.44,17:11:48,timeslice,5,0.0,0,0,0.0
1785431508.44,17:11:48,timeslice,6,0.0,0,0,0.0
1785431508.44,17:11:48,timeslice,7,0.0,0,0,0.0
1785431509.512,17:11:49,timeslice,0,0.0,0,0,0.0
1785431509.512,17:11:49,timeslice,1,0.0,0,0,0.0
1785431509.512,17:11:49,timeslice,2,0.0,0,0,0.0
1785431509.512,17:11:49,timeslice,3,0.0,0,0,0.0
1785431509.512,17:11:49,timeslice,4,0.0,0,0,0.0
1785431509.512,17:11:49,timeslice,5,0.0,0,0,0.0
1785431509.512,17:11:49,timeslice,6,0.0,0,0,0.0
1785431509.512,17:11:49,timeslice,7,0.0,0,0,0.0
1785431510.512,17:11:50,timeslice,0,0.0,0,0,0.0
1785431510.512,17:11:50,timeslice,1,0.0,0,0,0.0
1785431510.512,17:11:50,timeslice,2,0.0,0,0,0.0
1785431510.512,17:11:50,timeslice,3,0.0,0,0,0.0
1785431510.512,17:11:50,timeslice,4,0.0,0,0,0.0
1785431510.512,17:11:50,timeslice,5,0.0,0,0,0.0
1785431510.512,17:11:50,timeslice,6,0.0,0,0,0.0
1785431510.512,17:11:50,timeslice,7,0.0,0,0,0.0
1785431511.512,17:11:51,timeslice,0,0.0,0,0,0.0
1785431511.512,17:11:51,timeslice,1,0.0,0,0,0.0
1785431511.512,17:11:51,timeslice,2,0.0,0,0,0.0
1785431511.512,17:11:51,timeslice,3,0.0,0,0,0.0
1785431511.512,17:11:51,timeslice,4,0.0,0,0,0.0
1785431511.512,17:11:51,timeslice,5,0.0,0,0,0.0
1785431511.512,17:11:51,timeslice,6,0.0,0,0,0.0
1785431511.512,17:11:51,timeslice,7,0.0,0,0,0.0
1785431512.512,17:11:52,timeslice,0,0.0,7389,16126,45.8
1785431512.512,17:11:52,timeslice,1,0.0,7389,16126,45.8
1785431512.512,17:11:52,timeslice,2,0.0,7389,16126,45.8
1785431512.512,17:11:52,timeslice,3,0.0,7389,16126,45.8
1785431512.512,17:11:52,timeslice,4,0.0,7389,16126,45.8
1785431512.512,17:11:52,timeslice,5,0.0,7389,16126,45.8
1785431512.512,17:11:52,timeslice,6,0.0,7390,16126,45.8
1785431512.512,17:11:52,timeslice,7,0.0,7389,16126,45.8
1785431513.512,17:11:53,timeslice,0,0.0,7389,16126,45.8
1785431513.512,17:11:53,timeslice,1,0.0,7389,16126,45.8
1785431513.512,17:11:53,timeslice,2,0.0,7389,16126,45.8
1785431513.512,17:11:53,timeslice,3,0.0,7389,16126,45.8
1785431513.512,17:11:53,timeslice,4,0.0,7389,16126,45.8
1785431513.512,17:11:53,timeslice,5,0.0,7389,16126,45.8
1785431513.512,17:11:53,timeslice,6,0.0,7390,16126,45.8
1785431513.512,17:11:53,timeslice,7,0.0,7389,16126,45.8
1785431514.512,17:11:54,timeslice,0,0.0,7389,16126,45.8
1785431514.512,17:11:54,timeslice,1,0.0,7389,16126,45.8
1785431514.512,17:11:54,timeslice,2,0.0,7389,16126,45.8
1785431514.512,17:11:54,timeslice,3,0.0,7389,16126,45.8
1785431514.512,17:11:54,timeslice,4,0.0,7389,16126,45.8
1785431514.512,17:11:54,timeslice,5,0.0,7389,16126,45.8
1785431514.512,17:11:54,timeslice,6,0.0,7390,16126,45.8
1785431514.512,17:11:54,timeslice,7,0.0,7389,16126,45.8
1785431515.513,17:11:55,timeslice,0,0.0,7389,16126,45.8
1785431515.513,17:11:55,timeslice,1,0.0,7389,16126,45.8
1785431515.513,17:11:55,timeslice,2,0.0,7389,16126,45.8
1785431515.513,17:11:55,timeslice,3,0.0,7389,16126,45.8
1785431515.513,17:11:55,timeslice,4,0.0,7389,16126,45.8
1785431515.513,17:11:55,timeslice,5,0.0,7389,16126,45.8
1785431515.513,17:11:55,timeslice,6,0.0,7390,16126,45.8
1785431515.513,17:11:55,timeslice,7,0.0,7389,16126,45.8
1785431516.513,17:11:56,timeslice,0,0.0,7389,16126,45.8
1785431516.513,17:11:56,timeslice,1,0.0,7389,16126,45.8
1785431516.513,17:11:56,timeslice,2,0.0,7389,16126,45.8
1785431516.513,17:11:56,timeslice,3,0.0,7389,16126,45.8
1785431516.513,17:11:56,timeslice,4,0.0,7389,16126,45.8
1785431516.513,17:11:56,timeslice,5,0.0,7389,16126,45.8
1785431516.513,17:11:56,timeslice,6,0.0,7390,16126,45.8
1785431516.513,17:11:56,timeslice,7,0.0,7389,16126,45.8
1785431517.513,17:11:57,timeslice,0,0.0,7389,16126,45.8
1785431517.513,17:11:57,timeslice,1,0.0,7389,16126,45.8
1785431517.513,17:11:57,timeslice,2,0.0,7389,16126,45.8
1785431517.513,17:11:57,timeslice,3,0.0,7389,16126,45.8
1785431517.513,17:11:57,timeslice,4,0.0,7389,16126,45.8
1785431517.513,17:11:57,timeslice,5,0.0,7389,16126,45.8
1785431517.513,17:11:57,timeslice,6,0.0,7390,16126,45.8
1785431517.513,17:11:57,timeslice,7,0.0,7389,16126,45.8
1785431518.513,17:11:58,timeslice,0,0.0,7389,16126,45.8
1785431518.513,17:11:58,timeslice,1,0.0,7389,16126,45.8
1785431518.513,17:11:58,timeslice,2,0.0,7389,16126,45.8
1785431518.513,17:11:58,timeslice,3,0.0,7389,16126,45.8
1785431518.513,17:11:58,timeslice,4,0.0,7389,16126,45.8
1785431518.513,17:11:58,timeslice,5,0.0,7389,16126,45.8
1785431518.513,17:11:58,timeslice,6,0.0,7390,16126,45.8
1785431518.513,17:11:58,timeslice,7,0.0,7389,16126,45.8
1785431519.513,17:11:59,timeslice,0,0.0,7389,16126,45.8
1785431519.513,17:11:59,timeslice,1,0.0,7389,16126,45.8
1785431519.513,17:11:59,timeslice,2,0.0,7389,16126,45.8
1785431519.513,17:11:59,timeslice,3,0.0,7389,16126,45.8
1785431519.513,17:11:59,timeslice,4,0.0,7389,16126,45.8
1785431519.513,17:11:59,timeslice,5,0.0,7389,16126,45.8
1785431519.513,17:11:59,timeslice,6,0.0,7390,16126,45.8
1785431519.513,17:11:59,timeslice,7,0.0,7389,16126,45.8
1785431520.513,17:12:00,timeslice,0,0.0,7389,16126,45.8
1785431520.513,17:12:00,timeslice,1,0.0,7389,16126,45.8
1785431520.513,17:12:00,timeslice,2,0.0,7389,16126,45.8
1785431520.513,17:12:00,timeslice,3,0.0,7389,16126,45.8
1785431520.513,17:12:00,timeslice,4,0.0,7389,16126,45.8
1785431520.513,17:12:00,timeslice,5,0.0,7389,16126,45.8
1785431520.513,17:12:00,timeslice,6,0.0,7390,16126,45.8
1785431520.513,17:12:00,timeslice,7,0.0,7389,16126,45.8
1785431521.513,17:12:01,timeslice,0,0.0,7389,16126,45.8
1785431521.513,17:12:01,timeslice,1,0.0,7389,16126,45.8
1785431521.513,17:12:01,timeslice,2,0.0,7389,16126,45.8
1785431521.513,17:12:01,timeslice,3,0.0,7389,16126,45.8
1785431521.513,17:12:01,timeslice,4,0.0,7389,16126,45.8
1785431521.513,17:12:01,timeslice,5,0.0,7389,16126,45.8
1785431521.513,17:12:01,timeslice,6,0.0,7390,16126,45.8
1785431521.513,17:12:01,timeslice,7,0.0,7389,16126,45.8
1785431522.514,17:12:02,timeslice,0,0.0,7389,16126,45.8
1785431522.514,17:12:02,timeslice,1,0.0,7389,16126,45.8
1785431522.514,17:12:02,timeslice,2,0.0,7389,16126,45.8
1785431522.514,17:12:02,timeslice,3,0.0,7389,16126,45.8
1785431522.514,17:12:02,timeslice,4,0.0,7389,16126,45.8
1785431522.514,17:12:02,timeslice,5,0.0,7389,16126,45.8
1785431522.514,17:12:02,timeslice,6,0.0,7390,16126,45.8
1785431522.514,17:12:02,timeslice,7,0.0,7389,16126,45.8
1785431523.514,17:12:03,timeslice,0,0.0,7389,16126,45.8
1785431523.514,17:12:03,timeslice,1,0.0,7389,16126,45.8
1785431523.514,17:12:03,timeslice,2,0.0,7389,16126,45.8
1785431523.514,17:12:03,timeslice,3,0.0,7389,16126,45.8
1785431523.514,17:12:03,timeslice,4,0.0,7389,16126,45.8
1785431523.514,17:12:03,timeslice,5,0.0,7389,16126,45.8
1785431523.514,17:12:03,timeslice,6,0.0,7390,16126,45.8
1785431523.514,17:12:03,timeslice,7,0.0,7389,16126,45.8
1785431524.514,17:12:04,timeslice,0,0.0,7389,16126,45.8
1785431524.514,17:12:04,timeslice,1,0.0,7389,16126,45.8
1785431524.514,17:12:04,timeslice,2,0.0,7389,16126,45.8
1785431524.514,17:12:04,timeslice,3,0.0,7389,16126,45.8
1785431524.514,17:12:04,timeslice,4,0.0,7389,16126,45.8
1785431524.514,17:12:04,timeslice,5,0.0,7389,16126,45.8
1785431524.514,17:12:04,timeslice,6,0.0,7390,16126,45.8
1785431524.514,17:12:04,timeslice,7,0.0,7389,16126,45.8
1785431525.514,17:12:05,timeslice,0,0.0,7389,16126,45.8
1785431525.514,17:12:05,timeslice,1,0.0,7389,16126,45.8
1785431525.514,17:12:05,timeslice,2,0.0,7389,16126,45.8
1785431525.514,17:12:05,timeslice,3,0.0,7389,16126,45.8
1785431525.514,17:12:05,timeslice,4,0.0,7389,16126,45.8
1785431525.514,17:12:05,timeslice,5,0.0,7389,16126,45.8
1785431525.514,17:12:05,timeslice,6,0.0,7390,16126,45.8
1785431525.514,17:12:05,timeslice,7,0.0,7389,16126,45.8
1785431526.514,17:12:06,timeslice,0,0.0,7389,16126,45.8
1785431526.514,17:12:06,timeslice,1,0.0,7389,16126,45.8
1785431526.514,17:12:06,timeslice,2,0.0,7389,16126,45.8
1785431526.514,17:12:06,timeslice,3,0.0,7389,16126,45.8
1785431526.514,17:12:06,timeslice,4,0.0,7389,16126,45.8
1785431526.514,17:12:06,timeslice,5,0.0,7389,16126,45.8
1785431526.514,17:12:06,timeslice,6,0.0,7390,16126,45.8
1785431526.514,17:12:06,timeslice,7,0.0,7389,16126,45.8
1785431527.514,17:12:07,timeslice,0,0.0,7389,16126,45.8
1785431527.514,17:12:07,timeslice,1,0.0,7389,16126,45.8
1785431527.514,17:12:07,timeslice,2,0.0,7389,16126,45.8
1785431527.514,17:12:07,timeslice,3,0.0,7389,16126,45.8
1785431527.514,17:12:07,timeslice,4,0.0,7389,16126,45.8
1785431527.514,17:12:07,timeslice,5,0.0,7389,16126,45.8
1785431527.514,17:12:07,timeslice,6,0.0,7390,16126,45.8
1785431527.514,17:12:07,timeslice,7,0.0,7389,16126,45.8
1785431528.514,17:12:08,timeslice,0,0.0,7389,16126,45.8
1785431528.514,17:12:08,timeslice,1,0.0,7389,16126,45.8
1785431528.514,17:12:08,timeslice,2,0.0,7389,16126,45.8
1785431528.514,17:12:08,timeslice,3,0.0,7389,16126,45.8
1785431528.514,17:12:08,timeslice,4,0.0,7389,16126,45.8
1785431528.514,17:12:08,timeslice,5,0.0,7389,16126,45.8
1785431528.514,17:12:08,timeslice,6,0.0,7390,16126,45.8
1785431528.514,17:12:08,timeslice,7,0.0,7389,16126,45.8
1785431529.514,17:12:09,timeslice,0,0.0,7389,16126,45.8
1785431529.514,17:12:09,timeslice,1,0.0,7389,16126,45.8
1785431529.514,17:12:09,timeslice,2,0.0,7389,16126,45.8
1785431529.514,17:12:09,timeslice,3,0.0,7389,16126,45.8
1785431529.514,17:12:09,timeslice,4,0.0,7389,16126,45.8
1785431529.514,17:12:09,timeslice,5,0.0,7389,16126,45.8
1785431529.514,17:12:09,timeslice,6,0.0,7390,16126,45.8
1785431529.514,17:12:09,timeslice,7,0.0,7389,16126,45.8
1785431530.515,17:12:10,timeslice,0,0.0,7389,16126,45.8
1785431530.515,17:12:10,timeslice,1,0.0,7389,16126,45.8
1785431530.515,17:12:10,timeslice,2,0.0,7389,16126,45.8
1785431530.515,17:12:10,timeslice,3,0.0,7389,16126,45.8
1785431530.515,17:12:10,timeslice,4,0.0,7389,16126,45.8
1785431530.515,17:12:10,timeslice,5,0.0,7389,16126,45.8
1785431530.515,17:12:10,timeslice,6,0.0,7390,16126,45.8
1785431530.515,17:12:10,timeslice,7,0.0,7389,16126,45.8
1785431531.515,17:12:11,timeslice,0,0.0,7389,16126,45.8
1785431531.515,17:12:11,timeslice,1,0.0,7389,16126,45.8
1785431531.515,17:12:11,timeslice,2,0.0,7389,16126,45.8
1785431531.515,17:12:11,timeslice,3,0.0,7389,16126,45.8
1785431531.515,17:12:11,timeslice,4,0.0,7389,16126,45.8
1785431531.515,17:12:11,timeslice,5,0.0,7389,16126,45.8
1785431531.515,17:12:11,timeslice,6,0.0,7390,16126,45.8
1785431531.515,17:12:11,timeslice,7,0.0,7389,16126,45.8
1785431532.515,17:12:12,timeslice,0,0.0,7389,16126,45.8
1785431532.515,17:12:12,timeslice,1,0.0,7389,16126,45.8
1785431532.515,17:12:12,timeslice,2,0.0,7389,16126,45.8
1785431532.515,17:12:12,timeslice,3,0.0,7389,16126,45.8
1785431532.515,17:12:12,timeslice,4,0.0,7389,16126,45.8
1785431532.515,17:12:12,timeslice,5,0.0,7389,16126,45.8
1785431532.515,17:12:12,timeslice,6,0.0,7390,16126,45.8
1785431532.515,17:12:12,timeslice,7,0.0,7389,16126,45.8
1785431533.515,17:12:13,timeslice,0,0.0,7389,16126,45.8
1785431533.515,17:12:13,timeslice,1,0.0,7389,16126,45.8
1785431533.515,17:12:13,timeslice,2,0.0,7389,16126,45.8
1785431533.515,17:12:13,timeslice,3,0.0,7389,16126,45.8
1785431533.515,17:12:13,timeslice,4,0.0,7389,16126,45.8
1785431533.515,17:12:13,timeslice,5,0.0,7389,16126,45.8
1785431533.515,17:12:13,timeslice,6,0.0,7390,16126,45.8
1785431533.515,17:12:13,timeslice,7,0.0,7389,16126,45.8
1785431534.515,17:12:14,timeslice,0,0.0,7389,16126,45.8
1785431534.515,17:12:14,timeslice,1,0.0,7389,16126,45.8
1785431534.515,17:12:14,timeslice,2,0.0,7389,16126,45.8
1785431534.515,17:12:14,timeslice,3,0.0,7389,16126,45.8
1785431534.515,17:12:14,timeslice,4,0.0,7389,16126,45.8
1785431534.515,17:12:14,timeslice,5,0.0,7389,16126,45.8
1785431534.515,17:12:14,timeslice,6,0.0,7390,16126,45.8
1785431534.515,17:12:14,timeslice,7,0.0,7389,16126,45.8
1785431535.515,17:12:15,timeslice,0,0.0,7389,16126,45.8
1785431535.515,17:12:15,timeslice,1,0.0,7389,16126,45.8
1785431535.515,17:12:15,timeslice,2,0.0,7389,16126,45.8
1785431535.515,17:12:15,timeslice,3,0.0,7389,16126,45.8
1785431535.515,17:12:15,timeslice,4,0.0,7389,16126,45.8
1785431535.515,17:12:15,timeslice,5,0.0,7389,16126,45.8
1785431535.515,17:12:15,timeslice,6,0.0,7390,16126,45.8
1785431535.515,17:12:15,timeslice,7,0.0,7389,16126,45.8
1785431536.515,17:12:16,timeslice,0,0.0,7389,16126,45.8
1785431536.515,17:12:16,timeslice,1,0.0,7389,16126,45.8
1785431536.515,17:12:16,timeslice,2,0.0,7389,16126,45.8
1785431536.515,17:12:16,timeslice,3,0.0,7389,16126,45.8
1785431536.515,17:12:16,timeslice,4,0.0,7389,16126,45.8
1785431536.515,17:12:16,timeslice,5,0.0,7389,16126,45.8
1785431536.515,17:12:16,timeslice,6,0.0,7390,16126,45.8
1785431536.515,17:12:16,timeslice,7,0.0,7389,16126,45.8
1785431537.516,17:12:17,timeslice,0,0.0,7389,16126,45.8
1785431537.516,17:12:17,timeslice,1,0.0,7389,16126,45.8
1785431537.516,17:12:17,timeslice,2,0.0,7389,16126,45.8
1785431537.516,17:12:17,timeslice,3,0.0,7389,16126,45.8
1785431537.516,17:12:17,timeslice,4,0.0,7389,16126,45.8
1785431537.516,17:12:17,timeslice,5,0.0,7389,16126,45.8
1785431537.516,17:12:17,timeslice,6,0.0,7390,16126,45.8
1785431537.516,17:12:17,timeslice,7,0.0,7389,16126,45.8
1785431538.516,17:12:18,timeslice,0,0.0,7389,16126,45.8
1785431538.516,17:12:18,timeslice,1,0.0,7389,16126,45.8
1785431538.516,17:12:18,timeslice,2,0.0,7389,16126,45.8
1785431538.516,17:12:18,timeslice,3,0.0,7389,16126,45.8
1785431538.516,17:12:18,timeslice,4,0.0,7389,16126,45.8
1785431538.516,17:12:18,timeslice,5,0.0,7389,16126,45.8
1785431538.516,17:12:18,timeslice,6,0.0,7390,16126,45.8
1785431538.516,17:12:18,timeslice,7,0.0,7389,16126,45.8
1785431539.516,17:12:19,timeslice,0,0.0,7389,16126,45.8
1785431539.516,17:12:19,timeslice,1,0.0,7389,16126,45.8
1785431539.516,17:12:19,timeslice,2,0.0,7389,16126,45.8
1785431539.516,17:12:19,timeslice,3,0.0,7389,16126,45.8
1785431539.516,17:12:19,timeslice,4,0.0,7389,16126,45.8
1785431539.516,17:12:19,timeslice,5,0.0,7389,16126,45.8
1785431539.516,17:12:19,timeslice,6,0.0,7390,16126,45.8
1785431539.516,17:12:19,timeslice,7,0.0,7389,16126,45.8
1785431540.516,17:12:20,timeslice,0,0.0,7389,16126,45.8
1785431540.516,17:12:20,timeslice,1,0.0,7389,16126,45.8
1785431540.516,17:12:20,timeslice,2,0.0,7389,16126,45.8
1785431540.516,17:12:20,timeslice,3,0.0,7389,16126,45.8
1785431540.516,17:12:20,timeslice,4,0.0,7389,16126,45.8
1785431540.516,17:12:20,timeslice,5,0.0,7389,16126,45.8
1785431540.516,17:12:20,timeslice,6,0.0,7390,16126,45.8
1785431540.516,17:12:20,timeslice,7,0.0,7389,16126,45.8
1785431541.516,17:12:21,timeslice,0,40.0,6265,16126,38.9
1785431541.516,17:12:21,timeslice,1,37.6,7143,16126,44.3
1785431541.516,17:12:21,timeslice,2,39.0,6265,16126,38.9
1785431541.516,17:12:21,timeslice,3,39.4,7131,16126,44.2
1785431541.516,17:12:21,timeslice,4,38.7,6265,16126,38.9
1785431541.516,17:12:21,timeslice,5,37.0,7143,16126,44.3
1785431541.516,17:12:21,timeslice,6,31.5,7024,16126,43.6
1785431541.516,17:12:21,timeslice,7,11.2,6445,16126,40.0
1785431542.516,17:12:22,timeslice,0,40.0,6265,16126,38.9
1785431542.516,17:12:22,timeslice,1,37.6,7143,16126,44.3
1785431542.516,17:12:22,timeslice,2,39.0,6265,16126,38.9
1785431542.516,17:12:22,timeslice,3,39.4,7131,16126,44.2
1785431542.516,17:12:22,timeslice,4,38.7,6265,16126,38.9
1785431542.516,17:12:22,timeslice,5,37.0,7143,16126,44.3
1785431542.516,17:12:22,timeslice,6,31.5,7024,16126,43.6
1785431542.516,17:12:22,timeslice,7,11.2,6445,16126,40.0
1785431543.517,17:12:23,timeslice,0,40.0,6265,16126,38.9
1785431543.517,17:12:23,timeslice,1,37.6,7143,16126,44.3
1785431543.517,17:12:23,timeslice,2,39.0,6265,16126,38.9
1785431543.517,17:12:23,timeslice,3,39.4,7131,16126,44.2
1785431543.517,17:12:23,timeslice,4,38.7,6265,16126,38.9
1785431543.517,17:12:23,timeslice,5,37.0,7143,16126,44.3
1785431543.517,17:12:23,timeslice,6,31.5,7024,16126,43.6
1785431543.517,17:12:23,timeslice,7,11.2,6445,16126,40.0
1785431544.517,17:12:24,timeslice,0,40.0,6265,16126,38.9
1785431544.517,17:12:24,timeslice,1,37.6,7143,16126,44.3
1785431544.517,17:12:24,timeslice,2,39.0,6265,16126,38.9
1785431544.517,17:12:24,timeslice,3,39.4,7131,16126,44.2
1785431544.517,17:12:24,timeslice,4,38.7,6265,16126,38.9
1785431544.517,17:12:24,timeslice,5,37.0,7143,16126,44.3
1785431544.517,17:12:24,timeslice,6,31.5,7024,16126,43.6
1785431544.517,17:12:24,timeslice,7,11.2,6445,16126,40.0
1785431545.517,17:12:25,timeslice,0,40.0,6265,16126,38.9
1785431545.517,17:12:25,timeslice,1,37.6,7143,16126,44.3
1785431545.517,17:12:25,timeslice,2,39.0,6265,16126,38.9
1785431545.517,17:12:25,timeslice,3,39.4,7131,16126,44.2
1785431545.517,17:12:25,timeslice,4,38.7,6265,16126,38.9
1785431545.517,17:12:25,timeslice,5,37.0,7143,16126,44.3
1785431545.517,17:12:25,timeslice,6,31.5,7024,16126,43.6
1785431545.517,17:12:25,timeslice,7,11.2,6445,16126,40.0
1785431546.517,17:12:26,timeslice,0,97.7,10603,16126,65.8
1785431546.517,17:12:26,timeslice,1,97.5,10603,16126,65.8
1785431546.517,17:12:26,timeslice,2,97.3,10603,16126,65.8
1785431546.517,17:12:26,timeslice,3,98.0,10603,16126,65.8
1785431546.517,17:12:26,timeslice,4,97.6,10603,16126,65.8
1785431546.517,17:12:26,timeslice,5,97.4,10603,16126,65.8
1785431546.517,17:12:26,timeslice,6,97.6,10605,16126,65.8
1785431546.517,17:12:26,timeslice,7,90.5,10603,16126,65.8
1785431547.517,17:12:27,timeslice,0,97.7,10603,16126,65.8
1785431547.517,17:12:27,timeslice,1,97.5,10603,16126,65.8
1785431547.517,17:12:27,timeslice,2,97.3,10603,16126,65.8
1785431547.517,17:12:27,timeslice,3,98.0,10603,16126,65.8
1785431547.517,17:12:27,timeslice,4,97.6,10603,16126,65.8
1785431547.517,17:12:27,timeslice,5,97.4,10603,16126,65.8
1785431547.517,17:12:27,timeslice,6,97.6,10605,16126,65.8
1785431547.517,17:12:27,timeslice,7,90.5,10603,16126,65.8
1785431548.517,17:12:28,timeslice,0,97.7,10603,16126,65.8
1785431548.517,17:12:28,timeslice,1,97.5,10603,16126,65.8
1785431548.517,17:12:28,timeslice,2,97.3,10603,16126,65.8
1785431548.517,17:12:28,timeslice,3,98.0,10603,16126,65.8
1785431548.517,17:12:28,timeslice,4,97.6,10603,16126,65.8
1785431548.517,17:12:28,timeslice,5,97.4,10603,16126,65.8
1785431548.517,17:12:28,timeslice,6,97.6,10605,16126,65.8
1785431548.517,17:12:28,timeslice,7,90.5,10603,16126,65.8
1785431549.517,17:12:29,timeslice,0,97.7,10603,16126,65.8
1785431549.517,17:12:29,timeslice,1,97.5,10603,16126,65.8
1785431549.517,17:12:29,timeslice,2,97.3,10603,16126,65.8
1785431549.517,17:12:29,timeslice,3,98.0,10603,16126,65.8
1785431549.517,17:12:29,timeslice,4,97.6,10603,16126,65.8
1785431549.517,17:12:29,timeslice,5,97.4,10603,16126,65.8
1785431549.517,17:12:29,timeslice,6,97.6,10605,16126,65.8
1785431549.517,17:12:29,timeslice,7,90.5,10603,16126,65.8
1785431550.517,17:12:30,timeslice,0,97.7,10603,16126,65.8
1785431550.517,17:12:30,timeslice,1,97.5,10603,16126,65.8
1785431550.517,17:12:30,timeslice,2,97.3,10603,16126,65.8
1785431550.517,17:12:30,timeslice,3,98.0,10603,16126,65.8
1785431550.517,17:12:30,timeslice,4,97.6,10603,16126,65.8
1785431550.517,17:12:30,timeslice,5,97.4,10603,16126,65.8
1785431550.517,17:12:30,timeslice,6,97.6,10605,16126,65.8
1785431550.517,17:12:30,timeslice,7,90.5,10603,16126,65.8
1785431551.517,17:12:31,timeslice,0,100.0,8622,16126,53.5
1785431551.517,17:12:31,timeslice,1,99.8,8575,16126,53.2
1785431551.517,17:12:31,timeslice,2,99.9,8782,16126,54.5
1785431551.517,17:12:31,timeslice,3,99.9,8718,16126,54.1
1785431551.517,17:12:31,timeslice,4,99.6,8575,16126,53.2
1785431551.517,17:12:31,timeslice,5,99.9,8622,16126,53.5
1785431551.517,17:12:31,timeslice,6,100.0,8624,16126,53.5
1785431551.517,17:12:31,timeslice,7,100.0,8575,16126,53.2
1785431552.517,17:12:32,timeslice,0,100.0,8622,16126,53.5
1785431552.517,17:12:32,timeslice,1,99.8,8575,16126,53.2
1785431552.517,17:12:32,timeslice,2,99.9,8782,16126,54.5
1785431552.517,17:12:32,timeslice,3,99.9,8718,16126,54.1
1785431552.517,17:12:32,timeslice,4,99.6,8575,16126,53.2
1785431552.517,17:12:32,timeslice,5,99.9,8622,16126,53.5
1785431552.517,17:12:32,timeslice,6,100.0,8624,16126,53.5
1785431552.517,17:12:32,timeslice,7,100.0,8575,16126,53.2
1785431553.518,17:12:33,timeslice,0,100.0,8622,16126,53.5
1785431553.518,17:12:33,timeslice,1,99.8,8575,16126,53.2
1785431553.518,17:12:33,timeslice,2,99.9,8782,16126,54.5
1785431553.518,17:12:33,timeslice,3,99.9,8718,16126,54.1
1785431553.518,17:12:33,timeslice,4,99.6,8575,16126,53.2
1785431553.518,17:12:33,timeslice,5,99.9,8622,16126,53.5
1785431553.518,17:12:33,timeslice,6,100.0,8624,16126,53.5
1785431553.518,17:12:33,timeslice,7,100.0,8575,16126,53.2
1785431554.518,17:12:34,timeslice,0,100.0,8622,16126,53.5
1785431554.518,17:12:34,timeslice,1,99.8,8575,16126,53.2
1785431554.518,17:12:34,timeslice,2,99.9,8782,16126,54.5
1785431554.518,17:12:34,timeslice,3,99.9,8718,16126,54.1
1785431554.518,17:12:34,timeslice,4,99.6,8575,16126,53.2
1785431554.518,17:12:34,timeslice,5,99.9,8622,16126,53.5
1785431554.518,17:12:34,timeslice,6,100.0,8624,16126,53.5
1785431554.518,17:12:34,timeslice,7,100.0,8575,16126,53.2
1785431555.518,17:12:35,timeslice,0,100.0,8622,16126,53.5
1785431555.518,17:12:35,timeslice,1,99.8,8575,16126,53.2
1785431555.518,17:12:35,timeslice,2,99.9,8782,16126,54.5
1785431555.518,17:12:35,timeslice,3,99.9,8718,16126,54.1
1785431555.518,17:12:35,timeslice,4,99.6,8575,16126,53.2
1785431555.518,17:12:35,timeslice,5,99.9,8622,16126,53.5
1785431555.518,17:12:35,timeslice,6,100.0,8624,16126,53.5
1785431555.518,17:12:35,timeslice,7,100.0,8575,16126,53.2
1785431556.518,17:12:36,timeslice,0,98.1,10603,16126,65.8
1785431556.518,17:12:36,timeslice,1,98.3,10603,16126,65.8
1785431556.518,17:12:36,timeslice,2,98.5,10603,16126,65.8
1785431556.518,17:12:36,timeslice,3,98.4,10603,16126,65.8
1785431556.518,17:12:36,timeslice,4,98.3,10603,16126,65.8
1785431556.518,17:12:36,timeslice,5,98.5,10603,16126,65.8
1785431556.518,17:12:36,timeslice,6,98.3,10605,16126,65.8
1785431556.518,17:12:36,timeslice,7,98.5,10603,16126,65.8
1785431557.518,17:12:37,timeslice,0,98.1,10603,16126,65.8
1785431557.518,17:12:37,timeslice,1,98.3,10603,16126,65.8
1785431557.518,17:12:37,timeslice,2,98.5,10603,16126,65.8
1785431557.518,17:12:37,timeslice,3,98.4,10603,16126,65.8
1785431557.518,17:12:37,timeslice,4,98.3,10603,16126,65.8
1785431557.518,17:12:37,timeslice,5,98.5,10603,16126,65.8
1785431557.518,17:12:37,timeslice,6,98.3,10605,16126,65.8
1785431557.518,17:12:37,timeslice,7,98.5,10603,16126,65.8
1785431558.518,17:12:38,timeslice,0,98.1,10603,16126,65.8
1785431558.518,17:12:38,timeslice,1,98.3,10603,16126,65.8
1785431558.518,17:12:38,timeslice,2,98.5,10603,16126,65.8
1785431558.518,17:12:38,timeslice,3,98.4,10603,16126,65.8
1785431558.518,17:12:38,timeslice,4,98.3,10603,16126,65.8
1785431558.518,17:12:38,timeslice,5,98.5,10603,16126,65.8
1785431558.518,17:12:38,timeslice,6,98.3,10605,16126,65.8
1785431558.518,17:12:38,timeslice,7,98.5,10603,16126,65.8
1785431559.518,17:12:39,timeslice,0,98.1,10603,16126,65.8
1785431559.518,17:12:39,timeslice,1,98.3,10603,16126,65.8
1785431559.518,17:12:39,timeslice,2,98.5,10603,16126,65.8
1785431559.518,17:12:39,timeslice,3,98.4,10603,16126,65.8
1785431559.518,17:12:39,timeslice,4,98.3,10603,16126,65.8
1785431559.518,17:12:39,timeslice,5,98.5,10603,16126,65.8
1785431559.518,17:12:39,timeslice,6,98.3,10605,16126,65.8
1785431559.518,17:12:39,timeslice,7,98.5,10603,16126,65.8
1785431560.518,17:12:40,timeslice,0,98.1,10603,16126,65.8
1785431560.518,17:12:40,timeslice,1,98.3,10603,16126,65.8
1785431560.518,17:12:40,timeslice,2,98.5,10603,16126,65.8
1785431560.518,17:12:40,timeslice,3,98.4,10603,16126,65.8
1785431560.518,17:12:40,timeslice,4,98.3,10603,16126,65.8
1785431560.518,17:12:40,timeslice,5,98.5,10603,16126,65.8
1785431560.518,17:12:40,timeslice,6,98.3,10605,16126,65.8
1785431560.518,17:12:40,timeslice,7,98.5,10603,16126,65.8
1785431561.519,17:12:41,timeslice,0,96.8,10743,16126,66.6
1785431561.519,17:12:41,timeslice,1,96.5,10743,16126,66.6
1785431561.519,17:12:41,timeslice,2,96.7,10743,16126,66.6
1785431561.519,17:12:41,timeslice,3,96.8,10743,16126,66.6
1785431561.519,17:12:41,timeslice,4,96.5,10743,16126,66.6
1785431561.519,17:12:41,timeslice,5,96.7,10743,16126,66.6
1785431561.519,17:12:41,timeslice,6,96.7,10744,16126,66.6
1785431561.519,17:12:41,timeslice,7,96.8,10743,16126,66.6
1785431562.519,17:12:42,timeslice,0,96.8,10743,16126,66.6
1785431562.519,17:12:42,timeslice,1,96.5,10743,16126,66.6
1785431562.519,17:12:42,timeslice,2,96.7,10743,16126,66.6
1785431562.519,17:12:42,timeslice,3,96.8,10743,16126,66.6
1785431562.519,17:12:42,timeslice,4,96.5,10743,16126,66.6
1785431562.519,17:12:42,timeslice,5,96.7,10743,16126,66.6
1785431562.519,17:12:42,timeslice,6,96.7,10744,16126,66.6
1785431562.519,17:12:42,timeslice,7,96.8,10743,16126,66.6
1785431563.519,17:12:43,timeslice,0,96.8,10743,16126,66.6
1785431563.519,17:12:43,timeslice,1,96.5,10743,16126,66.6
1785431563.519,17:12:43,timeslice,2,96.7,10743,16126,66.6
1785431563.519,17:12:43,timeslice,3,96.8,10743,16126,66.6
1785431563.519,17:12:43,timeslice,4,96.5,10743,16126,66.6
1785431563.519,17:12:43,timeslice,5,96.7,10743,16126,66.6
1785431563.519,17:12:43,timeslice,6,96.7,10744,16126,66.6
1785431563.519,17:12:43,timeslice,7,96.8,10743,16126,66.6
1785431564.519,17:12:44,timeslice,0,96.8,10743,16126,66.6
1785431564.519,17:12:44,timeslice,1,96.5,10743,16126,66.6
1785431564.519,17:12:44,timeslice,2,96.7,10743,16126,66.6
1785431564.519,17:12:44,timeslice,3,96.8,10743,16126,66.6
1785431564.519,17:12:44,timeslice,4,96.5,10743,16126,66.6
1785431564.519,17:12:44,timeslice,5,96.7,10743,16126,66.6
1785431564.519,17:12:44,timeslice,6,96.7,10744,16126,66.6
1785431564.519,17:12:44,timeslice,7,96.8,10743,16126,66.6
1785431565.519,17:12:45,timeslice,0,96.8,10743,16126,66.6
1785431565.519,17:12:45,timeslice,1,96.5,10743,16126,66.6
1785431565.519,17:12:45,timeslice,2,96.7,10743,16126,66.6
1785431565.519,17:12:45,timeslice,3,96.8,10743,16126,66.6
1785431565.519,17:12:45,timeslice,4,96.5,10743,16126,66.6
1785431565.519,17:12:45,timeslice,5,96.7,10743,16126,66.6
1785431565.519,17:12:45,timeslice,6,96.7,10744,16126,66.6
1785431565.519,17:12:45,timeslice,7,96.8,10743,16126,66.6
1785431566.519,17:12:46,timeslice,0,100.0,8542,16126,53.0
1785431566.519,17:12:46,timeslice,1,100.0,8478,16126,52.6
1785431566.519,17:12:46,timeslice,2,100.0,8638,16126,53.6
1785431566.519,17:12:46,timeslice,3,100.0,8638,16126,53.6
1785431566.519,17:12:46,timeslice,4,100.0,8446,16126,52.4
1785431566.519,17:12:46,timeslice,5,100.0,8750,16126,54.3
1785431566.519,17:12:46,timeslice,6,100.0,8752,16126,54.3
1785431566.519,17:12:46,timeslice,7,100.0,8558,16126,53.1
1785431567.519,17:12:47,timeslice,0,100.0,8542,16126,53.0
1785431567.519,17:12:47,timeslice,1,100.0,8478,16126,52.6
1785431567.519,17:12:47,timeslice,2,100.0,8638,16126,53.6
1785431567.519,17:12:47,timeslice,3,100.0,8638,16126,53.6
1785431567.519,17:12:47,timeslice,4,100.0,8446,16126,52.4
1785431567.519,17:12:47,timeslice,5,100.0,8750,16126,54.3
1785431567.519,17:12:47,timeslice,6,100.0,8752,16126,54.3
1785431567.519,17:12:47,timeslice,7,100.0,8558,16126,53.1
1785431568.519,17:12:48,timeslice,0,100.0,8542,16126,53.0
1785431568.519,17:12:48,timeslice,1,100.0,8478,16126,52.6
1785431568.519,17:12:48,timeslice,2,100.0,8638,16126,53.6
1785431568.519,17:12:48,timeslice,3,100.0,8638,16126,53.6
1785431568.519,17:12:48,timeslice,4,100.0,8446,16126,52.4
1785431568.519,17:12:48,timeslice,5,100.0,8750,16126,54.3
1785431568.519,17:12:48,timeslice,6,100.0,8752,16126,54.3
1785431568.519,17:12:48,timeslice,7,100.0,8558,16126,53.1
1785431569.52,17:12:49,timeslice,0,100.0,8542,16126,53.0
1785431569.52,17:12:49,timeslice,1,100.0,8478,16126,52.6
1785431569.52,17:12:49,timeslice,2,100.0,8638,16126,53.6
1785431569.52,17:12:49,timeslice,3,100.0,8638,16126,53.6
1785431569.52,17:12:49,timeslice,4,100.0,8446,16126,52.4
1785431569.52,17:12:49,timeslice,5,100.0,8750,16126,54.3
1785431569.52,17:12:49,timeslice,6,100.0,8752,16126,54.3
1785431569.52,17:12:49,timeslice,7,100.0,8558,16126,53.1
1785431570.52,17:12:50,timeslice,0,100.0,8542,16126,53.0
1785431570.52,17:12:50,timeslice,1,100.0,8478,16126,52.6
1785431570.52,17:12:50,timeslice,2,100.0,8638,16126,53.6
1785431570.52,17:12:50,timeslice,3,100.0,8638,16126,53.6
1785431570.52,17:12:50,timeslice,4,100.0,8446,16126,52.4
1785431570.52,17:12:50,timeslice,5,100.0,8750,16126,54.3
1785431570.52,17:12:50,timeslice,6,100.0,8752,16126,54.3
1785431570.52,17:12:50,timeslice,7,100.0,8558,16126,53.1
1785431571.52,17:12:51,timeslice,0,97.8,10743,16126,66.6
1785431571.52,17:12:51,timeslice,1,98.0,10743,16126,66.6
1785431571.52,17:12:51,timeslice,2,97.3,10743,16126,66.6
1785431571.52,17:12:51,timeslice,3,98.3,10743,16126,66.6
1785431571.52,17:12:51,timeslice,4,97.8,10743,16126,66.6
1785431571.52,17:12:51,timeslice,5,98.1,10743,16126,66.6
1785431571.52,17:12:51,timeslice,6,98.2,10744,16126,66.6
1785431571.52,17:12:51,timeslice,7,98.1,10743,16126,66.6
1785431572.52,17:12:52,timeslice,0,97.8,10743,16126,66.6
1785431572.52,17:12:52,timeslice,1,98.0,10743,16126,66.6
1785431572.52,17:12:52,timeslice,2,97.3,10743,16126,66.6
1785431572.52,17:12:52,timeslice,3,98.3,10743,16126,66.6
1785431572.52,17:12:52,timeslice,4,97.8,10743,16126,66.6
1785431572.52,17:12:52,timeslice,5,98.1,10743,16126,66.6
1785431572.52,17:12:52,timeslice,6,98.2,10744,16126,66.6
1785431572.52,17:12:52,timeslice,7,98.1,10743,16126,66.6
1785431573.52,17:12:53,timeslice,0,97.8,10743,16126,66.6
1785431573.52,17:12:53,timeslice,1,98.0,10743,16126,66.6
1785431573.52,17:12:53,timeslice,2,97.3,10743,16126,66.6
1785431573.52,17:12:53,timeslice,3,98.3,10743,16126,66.6
1785431573.52,17:12:53,timeslice,4,97.8,10743,16126,66.6
1785431573.52,17:12:53,timeslice,5,98.1,10743,16126,66.6
1785431573.52,17:12:53,timeslice,6,98.2,10744,16126,66.6
1785431573.52,17:12:53,timeslice,7,98.1,10743,16126,66.6
1785431574.52,17:12:54,timeslice,0,97.8,10743,16126,66.6
1785431574.52,17:12:54,timeslice,1,98.0,10743,16126,66.6
1785431574.52,17:12:54,timeslice,2,97.3,10743,16126,66.6
1785431574.52,17:12:54,timeslice,3,98.3,10743,16126,66.6
1785431574.52,17:12:54,timeslice,4,97.8,10743,16126,66.6
1785431574.52,17:12:54,timeslice,5,98.1,10743,16126,66.6
1785431574.52,17:12:54,timeslice,6,98.2,10744,16126,66.6
1785431574.52,17:12:54,timeslice,7,98.1,10743,16126,66.6
1785431575.52,17:12:55,timeslice,0,97.8,10743,16126,66.6
1785431575.52,17:12:55,timeslice,1,98.0,10743,16126,66.6
1785431575.52,17:12:55,timeslice,2,97.3,10743,16126,66.6
1785431575.52,17:12:55,timeslice,3,98.3,10743,16126,66.6
1785431575.52,17:12:55,timeslice,4,97.8,10743,16126,66.6
1785431575.52,17:12:55,timeslice,5,98.1,10743,16126,66.6
1785431575.52,17:12:55,timeslice,6,98.2,10744,16126,66.6
1785431575.52,17:12:55,timeslice,7,98.1,10743,16126,66.6
1785431576.521,17:12:56,timeslice,0,99.8,8782,16126,54.5
1785431576.521,17:12:56,timeslice,1,99.7,8590,16126,53.3
1785431576.521,17:12:56,timeslice,2,99.6,8718,16126,54.1
1785431576.521,17:12:56,timeslice,3,99.5,8654,16126,53.7
1785431576.521,17:12:56,timeslice,4,99.7,8510,16126,52.8
1785431576.521,17:12:56,timeslice,5,99.7,8527,16126,52.9
1785431576.521,17:12:56,timeslice,6,99.5,8528,16126,52.9
1785431576.521,17:12:56,timeslice,7,99.7,8575,16126,53.2
1785431577.521,17:12:57,timeslice,0,99.8,8782,16126,54.5
1785431577.521,17:12:57,timeslice,1,99.7,8590,16126,53.3
1785431577.521,17:12:57,timeslice,2,99.6,8718,16126,54.1
1785431577.521,17:12:57,timeslice,3,99.5,8654,16126,53.7
1785431577.521,17:12:57,timeslice,4,99.7,8510,16126,52.8
1785431577.521,17:12:57,timeslice,5,99.7,8527,16126,52.9
1785431577.521,17:12:57,timeslice,6,99.5,8528,16126,52.9
1785431577.521,17:12:57,timeslice,7,99.7,8575,16126,53.2
1785431578.521,17:12:58,timeslice,0,99.8,8782,16126,54.5
1785431578.521,17:12:58,timeslice,1,99.7,8590,16126,53.3
1785431578.521,17:12:58,timeslice,2,99.6,8718,16126,54.1
1785431578.521,17:12:58,timeslice,3,99.5,8654,16126,53.7
1785431578.521,17:12:58,timeslice,4,99.7,8510,16126,52.8
1785431578.521,17:12:58,timeslice,5,99.7,8527,16126,52.9
1785431578.521,17:12:58,timeslice,6,99.5,8528,16126,52.9
1785431578.521,17:12:58,timeslice,7,99.7,8575,16126,53.2
1785431579.521,17:12:59,timeslice,0,99.8,8782,16126,54.5
1785431579.521,17:12:59,timeslice,1,99.7,8590,16126,53.3
1785431579.521,17:12:59,timeslice,2,99.6,8718,16126,54.1
1785431579.521,17:12:59,timeslice,3,99.5,8654,16126,53.7
1785431579.521,17:12:59,timeslice,4,99.7,8510,16126,52.8
1785431579.521,17:12:59,timeslice,5,99.7,8527,16126,52.9
1785431579.521,17:12:59,timeslice,6,99.5,8528,16126,52.9
1785431579.521,17:12:59,timeslice,7,99.7,8575,16126,53.2
1785431580.521,17:13:00,timeslice,0,99.8,8782,16126,54.5
1785431580.521,17:13:00,timeslice,1,99.7,8590,16126,53.3
1785431580.521,17:13:00,timeslice,2,99.6,8718,16126,54.1
1785431580.521,17:13:00,timeslice,3,99.5,8654,16126,53.7
1785431580.521,17:13:00,timeslice,4,99.7,8510,16126,52.8
1785431580.521,17:13:00,timeslice,5,99.7,8527,16126,52.9
1785431580.521,17:13:00,timeslice,6,99.5,8528,16126,52.9
1785431580.521,17:13:00,timeslice,7,99.7,8575,16126,53.2
1785431581.521,17:13:01,timeslice,0,98.1,10743,16126,66.6
1785431581.521,17:13:01,timeslice,1,98.2,10743,16126,66.6
1785431581.521,17:13:01,timeslice,2,98.7,10743,16126,66.6
1785431581.521,17:13:01,timeslice,3,98.4,10743,16126,66.6
1785431581.521,17:13:01,timeslice,4,98.6,10743,16126,66.6
1785431581.521,17:13:01,timeslice,5,98.2,10743,16126,66.6
1785431581.521,17:13:01,timeslice,6,98.7,10744,16126,66.6
1785431581.521,17:13:01,timeslice,7,98.7,10743,16126,66.6
1785431582.521,17:13:02,timeslice,0,98.1,10743,16126,66.6
1785431582.521,17:13:02,timeslice,1,98.2,10743,16126,66.6
1785431582.521,17:13:02,timeslice,2,98.7,10743,16126,66.6
1785431582.521,17:13:02,timeslice,3,98.4,10743,16126,66.6
1785431582.521,17:13:02,timeslice,4,98.6,10743,16126,66.6
1785431582.521,17:13:02,timeslice,5,98.2,10743,16126,66.6
1785431582.521,17:13:02,timeslice,6,98.7,10744,16126,66.6
1785431582.521,17:13:02,timeslice,7,98.7,10743,16126,66.6
1785431583.521,17:13:03,timeslice,0,98.1,10743,16126,66.6
1785431583.521,17:13:03,timeslice,1,98.2,10743,16126,66.6
1785431583.521,17:13:03,timeslice,2,98.7,10743,16126,66.6
1785431583.521,17:13:03,timeslice,3,98.4,10743,16126,66.6
1785431583.521,17:13:03,timeslice,4,98.6,10743,16126,66.6
1785431583.521,17:13:03,timeslice,5,98.2,10743,16126,66.6
1785431583.521,17:13:03,timeslice,6,98.7,10744,16126,66.6
1785431583.521,17:13:03,timeslice,7,98.7,10743,16126,66.6
1785431584.521,17:13:04,timeslice,0,98.1,10743,16126,66.6
1785431584.521,17:13:04,timeslice,1,98.2,10743,16126,66.6
1785431584.521,17:13:04,timeslice,2,98.7,10743,16126,66.6
1785431584.521,17:13:04,timeslice,3,98.4,10743,16126,66.6
1785431584.521,17:13:04,timeslice,4,98.6,10743,16126,66.6
1785431584.521,17:13:04,timeslice,5,98.2,10743,16126,66.6
1785431584.521,17:13:04,timeslice,6,98.7,10744,16126,66.6
1785431584.521,17:13:04,timeslice,7,98.7,10743,16126,66.6
1785431585.522,17:13:05,timeslice,0,98.1,10743,16126,66.6
1785431585.522,17:13:05,timeslice,1,98.2,10743,16126,66.6
1785431585.522,17:13:05,timeslice,2,98.7,10743,16126,66.6
1785431585.522,17:13:05,timeslice,3,98.4,10743,16126,66.6
1785431585.522,17:13:05,timeslice,4,98.6,10743,16126,66.6
1785431585.522,17:13:05,timeslice,5,98.2,10743,16126,66.6
1785431585.522,17:13:05,timeslice,6,98.7,10744,16126,66.6
1785431585.522,17:13:05,timeslice,7,98.7,10743,16126,66.6
1785431586.522,17:13:06,timeslice,0,98.5,8559,16126,53.1
1785431586.522,17:13:06,timeslice,1,98.7,8782,16126,54.5
1785431586.522,17:13:06,timeslice,2,98.7,8526,16126,52.9
1785431586.522,17:13:06,timeslice,3,99.2,8494,16126,52.7
1785431586.522,17:13:06,timeslice,4,98.6,8782,16126,54.5
1785431586.522,17:13:06,timeslice,5,98.5,8462,16126,52.5
1785431586.522,17:13:06,timeslice,6,98.6,8480,16126,52.6
1785431586.522,17:13:06,timeslice,7,99.1,8782,16126,54.5
1785431587.522,17:13:07,timeslice,0,98.5,8559,16126,53.1
1785431587.522,17:13:07,timeslice,1,98.7,8782,16126,54.5
1785431587.522,17:13:07,timeslice,2,98.7,8526,16126,52.9
1785431587.522,17:13:07,timeslice,3,99.2,8494,16126,52.7
1785431587.522,17:13:07,timeslice,4,98.6,8782,16126,54.5
1785431587.522,17:13:07,timeslice,5,98.5,8462,16126,52.5
1785431587.522,17:13:07,timeslice,6,98.6,8480,16126,52.6
1785431587.522,17:13:07,timeslice,7,99.1,8782,16126,54.5
1785431588.522,17:13:08,timeslice,0,98.5,8559,16126,53.1
1785431588.522,17:13:08,timeslice,1,98.7,8782,16126,54.5
1785431588.522,17:13:08,timeslice,2,98.7,8526,16126,52.9
1785431588.522,17:13:08,timeslice,3,99.2,8494,16126,52.7
1785431588.522,17:13:08,timeslice,4,98.6,8782,16126,54.5
1785431588.522,17:13:08,timeslice,5,98.5,8462,16126,52.5
1785431588.522,17:13:08,timeslice,6,98.6,8480,16126,52.6
1785431588.522,17:13:08,timeslice,7,99.1,8782,16126,54.5
1785431589.522,17:13:09,timeslice,0,98.5,8559,16126,53.1
1785431589.522,17:13:09,timeslice,1,98.7,8782,16126,54.5
1785431589.522,17:13:09,timeslice,2,98.7,8526,16126,52.9
1785431589.522,17:13:09,timeslice,3,99.2,8494,16126,52.7
1785431589.522,17:13:09,timeslice,4,98.6,8782,16126,54.5
1785431589.522,17:13:09,timeslice,5,98.5,8462,16126,52.5
1785431589.522,17:13:09,timeslice,6,98.6,8480,16126,52.6
1785431589.522,17:13:09,timeslice,7,99.1,8782,16126,54.5
1785431590.522,17:13:10,timeslice,0,98.5,8559,16126,53.1
1785431590.522,17:13:10,timeslice,1,98.7,8782,16126,54.5
1785431590.522,17:13:10,timeslice,2,98.7,8526,16126,52.9
1785431590.522,17:13:10,timeslice,3,99.2,8494,16126,52.7
1785431590.522,17:13:10,timeslice,4,98.6,8782,16126,54.5
1785431590.522,17:13:10,timeslice,5,98.5,8462,16126,52.5
1785431590.522,17:13:10,timeslice,6,98.6,8480,16126,52.6
1785431590.522,17:13:10,timeslice,7,99.1,8782,16126,54.5
1785431591.522,17:13:11,timeslice,0,96.6,10603,16126,65.8
1785431591.522,17:13:11,timeslice,1,96.8,10603,16126,65.8
1785431591.522,17:13:11,timeslice,2,96.9,10603,16126,65.8
1785431591.522,17:13:11,timeslice,3,96.6,10603,16126,65.8
1785431591.522,17:13:11,timeslice,4,96.8,10603,16126,65.8
1785431591.522,17:13:11,timeslice,5,96.5,10603,16126,65.8
1785431591.522,17:13:11,timeslice,6,96.7,10605,16126,65.8
1785431591.522,17:13:11,timeslice,7,96.7,10603,16126,65.8
1785431592.522,17:13:12,timeslice,0,96.6,10603,16126,65.8
1785431592.522,17:13:12,timeslice,1,96.8,10603,16126,65.8
1785431592.522,17:13:12,timeslice,2,96.9,10603,16126,65.8
1785431592.522,17:13:12,timeslice,3,96.6,10603,16126,65.8
1785431592.522,17:13:12,timeslice,4,96.8,10603,16126,65.8
1785431592.522,17:13:12,timeslice,5,96.5,10603,16126,65.8
1785431592.522,17:13:12,timeslice,6,96.7,10605,16126,65.8
1785431592.522,17:13:12,timeslice,7,96.7,10603,16126,65.8
1785431593.523,17:13:13,timeslice,0,96.6,10603,16126,65.8
1785431593.523,17:13:13,timeslice,1,96.8,10603,16126,65.8
1785431593.523,17:13:13,timeslice,2,96.9,10603,16126,65.8
1785431593.523,17:13:13,timeslice,3,96.6,10603,16126,65.8
1785431593.523,17:13:13,timeslice,4,96.8,10603,16126,65.8
1785431593.523,17:13:13,timeslice,5,96.5,10603,16126,65.8
1785431593.523,17:13:13,timeslice,6,96.7,10605,16126,65.8
1785431593.523,17:13:13,timeslice,7,96.7,10603,16126,65.8
1785431594.523,17:13:14,timeslice,0,96.6,10603,16126,65.8
1785431594.523,17:13:14,timeslice,1,96.8,10603,16126,65.8
1785431594.523,17:13:14,timeslice,2,96.9,10603,16126,65.8
1785431594.523,17:13:14,timeslice,3,96.6,10603,16126,65.8
1785431594.523,17:13:14,timeslice,4,96.8,10603,16126,65.8
1785431594.523,17:13:14,timeslice,5,96.5,10603,16126,65.8
1785431594.523,17:13:14,timeslice,6,96.7,10605,16126,65.8
1785431594.523,17:13:14,timeslice,7,96.7,10603,16126,65.8
1785431595.523,17:13:15,timeslice,0,96.6,10603,16126,65.8
1785431595.523,17:13:15,timeslice,1,96.8,10603,16126,65.8
1785431595.523,17:13:15,timeslice,2,96.9,10603,16126,65.8
1785431595.523,17:13:15,timeslice,3,96.6,10603,16126,65.8
1785431595.523,17:13:15,timeslice,4,96.8,10603,16126,65.8
1785431595.523,17:13:15,timeslice,5,96.5,10603,16126,65.8
1785431595.523,17:13:15,timeslice,6,96.7,10605,16126,65.8
1785431595.523,17:13:15,timeslice,7,96.7,10603,16126,65.8
1785431596.523,17:13:16,timeslice,0,100.0,8510,16126,52.8
1785431596.523,17:13:16,timeslice,1,100.0,8527,16126,52.9
1785431596.523,17:13:16,timeslice,2,100.0,8558,16126,53.1
1785431596.523,17:13:16,timeslice,3,100.0,8558,16126,53.1
1785431596.523,17:13:16,timeslice,4,100.0,8559,16126,53.1
1785431596.523,17:13:16,timeslice,5,100.0,8558,16126,53.1
1785431596.523,17:13:16,timeslice,6,100.0,8480,16126,52.6
1785431596.523,17:13:16,timeslice,7,100.0,8527,16126,52.9
1785431597.523,17:13:17,timeslice,0,100.0,8510,16126,52.8
1785431597.523,17:13:17,timeslice,1,100.0,8527,16126,52.9
1785431597.523,17:13:17,timeslice,2,100.0,8558,16126,53.1
1785431597.523,17:13:17,timeslice,3,100.0,8558,16126,53.1
1785431597.523,17:13:17,timeslice,4,100.0,8559,16126,53.1
1785431597.523,17:13:17,timeslice,5,100.0,8558,16126,53.1
1785431597.523,17:13:17,timeslice,6,100.0,8480,16126,52.6
1785431597.523,17:13:17,timeslice,7,100.0,8527,16126,52.9
1785431598.523,17:13:18,timeslice,0,100.0,8510,16126,52.8
1785431598.523,17:13:18,timeslice,1,100.0,8527,16126,52.9
1785431598.523,17:13:18,timeslice,2,100.0,8558,16126,53.1
1785431598.523,17:13:18,timeslice,3,100.0,8558,16126,53.1
1785431598.523,17:13:18,timeslice,4,100.0,8559,16126,53.1
1785431598.523,17:13:18,timeslice,5,100.0,8558,16126,53.1
1785431598.523,17:13:18,timeslice,6,100.0,8480,16126,52.6
1785431598.523,17:13:18,timeslice,7,100.0,8527,16126,52.9
1785431599.523,17:13:19,timeslice,0,100.0,8510,16126,52.8
1785431599.523,17:13:19,timeslice,1,100.0,8527,16126,52.9
1785431599.523,17:13:19,timeslice,2,100.0,8558,16126,53.1
1785431599.523,17:13:19,timeslice,3,100.0,8558,16126,53.1
1785431599.523,17:13:19,timeslice,4,100.0,8559,16126,53.1
1785431599.523,17:13:19,timeslice,5,100.0,8558,16126,53.1
1785431599.523,17:13:19,timeslice,6,100.0,8480,16126,52.6
1785431599.523,17:13:19,timeslice,7,100.0,8527,16126,52.9
1785431600.523,17:13:20,timeslice,0,100.0,8510,16126,52.8
1785431600.523,17:13:20,timeslice,1,100.0,8527,16126,52.9
1785431600.523,17:13:20,timeslice,2,100.0,8558,16126,53.1
1785431600.523,17:13:20,timeslice,3,100.0,8558,16126,53.1
1785431600.523,17:13:20,timeslice,4,100.0,8559,16126,53.1
1785431600.523,17:13:20,timeslice,5,100.0,8558,16126,53.1
1785431600.523,17:13:20,timeslice,6,100.0,8480,16126,52.6
1785431600.523,17:13:20,timeslice,7,100.0,8527,16126,52.9
1785431601.523,17:13:21,timeslice,0,98.0,10603,16126,65.8
1785431601.523,17:13:21,timeslice,1,98.0,10603,16126,65.8
1785431601.523,17:13:21,timeslice,2,98.3,10603,16126,65.8
1785431601.523,17:13:21,timeslice,3,98.2,10603,16126,65.8
1785431601.523,17:13:21,timeslice,4,98.3,10603,16126,65.8
1785431601.523,17:13:21,timeslice,5,98.5,10603,16126,65.8
1785431601.523,17:13:21,timeslice,6,98.1,10605,16126,65.8
1785431601.523,17:13:21,timeslice,7,98.7,10603,16126,65.8
1785431602.524,17:13:22,timeslice,0,98.0,10603,16126,65.8
1785431602.524,17:13:22,timeslice,1,98.0,10603,16126,65.8
1785431602.524,17:13:22,timeslice,2,98.3,10603,16126,65.8
1785431602.524,17:13:22,timeslice,3,98.2,10603,16126,65.8
1785431602.524,17:13:22,timeslice,4,98.3,10603,16126,65.8
1785431602.524,17:13:22,timeslice,5,98.5,10603,16126,65.8
1785431602.524,17:13:22,timeslice,6,98.1,10605,16126,65.8
1785431602.524,17:13:22,timeslice,7,98.7,10603,16126,65.8
1785431603.524,17:13:23,timeslice,0,98.0,10603,16126,65.8
1785431603.524,17:13:23,timeslice,1,98.0,10603,16126,65.8
1785431603.524,17:13:23,timeslice,2,98.3,10603,16126,65.8
1785431603.524,17:13:23,timeslice,3,98.2,10603,16126,65.8
1785431603.524,17:13:23,timeslice,4,98.3,10603,16126,65.8
1785431603.524,17:13:23,timeslice,5,98.5,10603,16126,65.8
1785431603.524,17:13:23,timeslice,6,98.1,10605,16126,65.8
1785431603.524,17:13:23,timeslice,7,98.7,10603,16126,65.8
1785431604.524,17:13:24,timeslice,0,98.0,10603,16126,65.8
1785431604.524,17:13:24,timeslice,1,98.0,10603,16126,65.8
1785431604.524,17:13:24,timeslice,2,98.3,10603,16126,65.8
1785431604.524,17:13:24,timeslice,3,98.2,10603,16126,65.8
1785431604.524,17:13:24,timeslice,4,98.3,10603,16126,65.8
1785431604.524,17:13:24,timeslice,5,98.5,10603,16126,65.8
1785431604.524,17:13:24,timeslice,6,98.1,10605,16126,65.8
1785431604.524,17:13:24,timeslice,7,98.7,10603,16126,65.8
1785431605.524,17:13:25,timeslice,0,98.0,10603,16126,65.8
1785431605.524,17:13:25,timeslice,1,98.0,10603,16126,65.8
1785431605.524,17:13:25,timeslice,2,98.3,10603,16126,65.8
1785431605.524,17:13:25,timeslice,3,98.2,10603,16126,65.8
1785431605.524,17:13:25,timeslice,4,98.3,10603,16126,65.8
1785431605.524,17:13:25,timeslice,5,98.5,10603,16126,65.8
1785431605.524,17:13:25,timeslice,6,98.1,10605,16126,65.8
1785431605.524,17:13:25,timeslice,7,98.7,10603,16126,65.8
1785431606.524,17:13:26,timeslice,0,99.5,8494,16126,52.7
1785431606.524,17:13:26,timeslice,1,99.4,8526,16126,52.9
1785431606.524,17:13:26,timeslice,2,99.7,8575,16126,53.2
1785431606.524,17:13:26,timeslice,3,99.5,8575,16126,53.2
1785431606.524,17:13:26,timeslice,4,99.5,8606,16126,53.4
1785431606.524,17:13:26,timeslice,5,99.3,8542,16126,53.0
1785431606.524,17:13:26,timeslice,6,99.3,8544,16126,53.0
1785431606.524,17:13:26,timeslice,7,99.5,8526,16126,52.9
1785431607.524,17:13:27,timeslice,0,99.5,8494,16126,52.7
1785431607.524,17:13:27,timeslice,1,99.4,8526,16126,52.9
1785431607.524,17:13:27,timeslice,2,99.7,8575,16126,53.2
1785431607.524,17:13:27,timeslice,3,99.5,8575,16126,53.2
1785431607.524,17:13:27,timeslice,4,99.5,8606,16126,53.4
1785431607.524,17:13:27,timeslice,5,99.3,8542,16126,53.0
1785431607.524,17:13:27,timeslice,6,99.3,8544,16126,53.0
1785431607.524,17:13:27,timeslice,7,99.5,8526,16126,52.9
1785431608.524,17:13:28,timeslice,0,99.5,8494,16126,52.7
1785431608.524,17:13:28,timeslice,1,99.4,8526,16126,52.9
1785431608.524,17:13:28,timeslice,2,99.7,8575,16126,53.2
1785431608.524,17:13:28,timeslice,3,99.5,8575,16126,53.2
1785431608.524,17:13:28,timeslice,4,99.5,8606,16126,53.4
1785431608.524,17:13:28,timeslice,5,99.3,8542,16126,53.0
1785431608.524,17:13:28,timeslice,6,99.3,8544,16126,53.0
1785431608.524,17:13:28,timeslice,7,99.5,8526,16126,52.9
1785431609.524,17:13:29,timeslice,0,99.5,8494,16126,52.7
1785431609.524,17:13:29,timeslice,1,99.4,8526,16126,52.9
1785431609.524,17:13:29,timeslice,2,99.7,8575,16126,53.2
1785431609.524,17:13:29,timeslice,3,99.5,8575,16126,53.2
1785431609.524,17:13:29,timeslice,4,99.5,8606,16126,53.4
1785431609.524,17:13:29,timeslice,5,99.3,8542,16126,53.0
1785431609.524,17:13:29,timeslice,6,99.3,8544,16126,53.0
1785431609.524,17:13:29,timeslice,7,99.5,8526,16126,52.9
1785431610.525,17:13:30,timeslice,0,99.5,8494,16126,52.7
1785431610.525,17:13:30,timeslice,1,99.4,8526,16126,52.9
1785431610.525,17:13:30,timeslice,2,99.7,8575,16126,53.2
1785431610.525,17:13:30,timeslice,3,99.5,8575,16126,53.2
1785431610.525,17:13:30,timeslice,4,99.5,8606,16126,53.4
1785431610.525,17:13:30,timeslice,5,99.3,8542,16126,53.0
1785431610.525,17:13:30,timeslice,6,99.3,8544,16126,53.0
1785431610.525,17:13:30,timeslice,7,99.5,8526,16126,52.9
1785431611.525,17:13:31,timeslice,0,98.3,10603,16126,65.8
1785431611.525,17:13:31,timeslice,1,98.1,10603,16126,65.8
1785431611.525,17:13:31,timeslice,2,98.7,10603,16126,65.8
1785431611.525,17:13:31,timeslice,3,98.1,10603,16126,65.8
1785431611.525,17:13:31,timeslice,4,98.3,10603,16126,65.8
1785431611.525,17:13:31,timeslice,5,98.4,10603,16126,65.8
1785431611.525,17:13:31,timeslice,6,98.2,10605,16126,65.8
1785431611.525,17:13:31,timeslice,7,98.1,10603,16126,65.8
1785431612.525,17:13:32,timeslice,0,98.3,10603,16126,65.8
1785431612.525,17:13:32,timeslice,1,98.1,10603,16126,65.8
1785431612.525,17:13:32,timeslice,2,98.7,10603,16126,65.8
1785431612.525,17:13:32,timeslice,3,98.1,10603,16126,65.8
1785431612.525,17:13:32,timeslice,4,98.3,10603,16126,65.8
1785431612.525,17:13:32,timeslice,5,98.4,10603,16126,65.8
1785431612.525,17:13:32,timeslice,6,98.2,10605,16126,65.8
1785431612.525,17:13:32,timeslice,7,98.1,10603,16126,65.8
1785431613.525,17:13:33,timeslice,0,98.3,10603,16126,65.8
1785431613.525,17:13:33,timeslice,1,98.1,10603,16126,65.8
1785431613.525,17:13:33,timeslice,2,98.7,10603,16126,65.8
1785431613.525,17:13:33,timeslice,3,98.1,10603,16126,65.8
1785431613.525,17:13:33,timeslice,4,98.3,10603,16126,65.8
1785431613.525,17:13:33,timeslice,5,98.4,10603,16126,65.8
1785431613.525,17:13:33,timeslice,6,98.2,10605,16126,65.8
1785431613.525,17:13:33,timeslice,7,98.1,10603,16126,65.8
1785431614.525,17:13:34,timeslice,0,98.3,10603,16126,65.8
1785431614.525,17:13:34,timeslice,1,98.1,10603,16126,65.8
1785431614.525,17:13:34,timeslice,2,98.7,10603,16126,65.8
1785431614.525,17:13:34,timeslice,3,98.1,10603,16126,65.8
1785431614.525,17:13:34,timeslice,4,98.3,10603,16126,65.8
1785431614.525,17:13:34,timeslice,5,98.4,10603,16126,65.8
1785431614.525,17:13:34,timeslice,6,98.2,10605,16126,65.8
1785431614.525,17:13:34,timeslice,7,98.1,10603,16126,65.8
1785431615.525,17:13:35,timeslice,0,98.3,10603,16126,65.8
1785431615.525,17:13:35,timeslice,1,98.1,10603,16126,65.8
1785431615.525,17:13:35,timeslice,2,98.7,10603,16126,65.8
1785431615.525,17:13:35,timeslice,3,98.1,10603,16126,65.8
1785431615.525,17:13:35,timeslice,4,98.3,10603,16126,65.8
1785431615.525,17:13:35,timeslice,5,98.4,10603,16126,65.8
1785431615.525,17:13:35,timeslice,6,98.2,10605,16126,65.8
1785431615.525,17:13:35,timeslice,7,98.1,10603,16126,65.8
1785431616.525,17:13:36,timeslice,0,97.1,10743,16126,66.6
1785431616.525,17:13:36,timeslice,1,97.0,10743,16126,66.6
1785431616.525,17:13:36,timeslice,2,97.3,10743,16126,66.6
1785431616.525,17:13:36,timeslice,3,97.0,10743,16126,66.6
1785431616.525,17:13:36,timeslice,4,96.9,10743,16126,66.6
1785431616.525,17:13:36,timeslice,5,97.2,10743,16126,66.6
1785431616.525,17:13:36,timeslice,6,96.9,10744,16126,66.6
1785431616.525,17:13:36,timeslice,7,97.1,10743,16126,66.6
1785431617.525,17:13:37,timeslice,0,97.1,10743,16126,66.6
1785431617.525,17:13:37,timeslice,1,97.0,10743,16126,66.6
1785431617.525,17:13:37,timeslice,2,97.3,10743,16126,66.6
1785431617.525,17:13:37,timeslice,3,97.0,10743,16126,66.6
1785431617.525,17:13:37,timeslice,4,96.9,10743,16126,66.6
1785431617.525,17:13:37,timeslice,5,97.2,10743,16126,66.6
1785431617.525,17:13:37,timeslice,6,96.9,10744,16126,66.6
1785431617.525,17:13:37,timeslice,7,97.1,10743,16126,66.6
1785431618.525,17:13:38,timeslice,0,97.1,10743,16126,66.6
1785431618.525,17:13:38,timeslice,1,97.0,10743,16126,66.6
1785431618.525,17:13:38,timeslice,2,97.3,10743,16126,66.6
1785431618.525,17:13:38,timeslice,3,97.0,10743,16126,66.6
1785431618.525,17:13:38,timeslice,4,96.9,10743,16126,66.6
1785431618.525,17:13:38,timeslice,5,97.2,10743,16126,66.6
1785431618.525,17:13:38,timeslice,6,96.9,10744,16126,66.6
1785431618.525,17:13:38,timeslice,7,97.1,10743,16126,66.6
1785431619.526,17:13:39,timeslice,0,97.1,10743,16126,66.6
1785431619.526,17:13:39,timeslice,1,97.0,10743,16126,66.6
1785431619.526,17:13:39,timeslice,2,97.3,10743,16126,66.6
1785431619.526,17:13:39,timeslice,3,97.0,10743,16126,66.6
1785431619.526,17:13:39,timeslice,4,96.9,10743,16126,66.6
1785431619.526,17:13:39,timeslice,5,97.2,10743,16126,66.6
1785431619.526,17:13:39,timeslice,6,96.9,10744,16126,66.6
1785431619.526,17:13:39,timeslice,7,97.1,10743,16126,66.6
1785431620.526,17:13:40,timeslice,0,97.1,10743,16126,66.6
1785431620.526,17:13:40,timeslice,1,97.0,10743,16126,66.6
1785431620.526,17:13:40,timeslice,2,97.3,10743,16126,66.6
1785431620.526,17:13:40,timeslice,3,97.0,10743,16126,66.6
1785431620.526,17:13:40,timeslice,4,96.9,10743,16126,66.6
1785431620.526,17:13:40,timeslice,5,97.2,10743,16126,66.6
1785431620.526,17:13:40,timeslice,6,96.9,10744,16126,66.6
1785431620.526,17:13:40,timeslice,7,97.1,10743,16126,66.6
1785431621.526,17:13:41,timeslice,0,100.0,8606,16126,53.4
1785431621.526,17:13:41,timeslice,1,100.0,8559,16126,53.1
1785431621.526,17:13:41,timeslice,2,100.0,8558,16126,53.1
1785431621.526,17:13:41,timeslice,3,100.0,8510,16126,52.8
1785431621.526,17:13:41,timeslice,4,100.0,8510,16126,52.8
1785431621.526,17:13:41,timeslice,5,100.0,8511,16126,52.8
1785431621.526,17:13:41,timeslice,6,100.0,8576,16126,53.2
1785431621.526,17:13:41,timeslice,7,100.0,8543,16126,53.0
1785431622.526,17:13:42,timeslice,0,100.0,8606,16126,53.4
1785431622.526,17:13:42,timeslice,1,100.0,8559,16126,53.1
1785431622.526,17:13:42,timeslice,2,100.0,8558,16126,53.1
1785431622.526,17:13:42,timeslice,3,100.0,8510,16126,52.8
1785431622.526,17:13:42,timeslice,4,100.0,8510,16126,52.8
1785431622.526,17:13:42,timeslice,5,100.0,8511,16126,52.8
1785431622.526,17:13:42,timeslice,6,100.0,8576,16126,53.2
1785431622.526,17:13:42,timeslice,7,100.0,8543,16126,53.0
1785431623.526,17:13:43,timeslice,0,100.0,8606,16126,53.4
1785431623.526,17:13:43,timeslice,1,100.0,8559,16126,53.1
1785431623.526,17:13:43,timeslice,2,100.0,8558,16126,53.1
1785431623.526,17:13:43,timeslice,3,100.0,8510,16126,52.8
1785431623.526,17:13:43,timeslice,4,100.0,8510,16126,52.8
1785431623.526,17:13:43,timeslice,5,100.0,8511,16126,52.8
1785431623.526,17:13:43,timeslice,6,100.0,8576,16126,53.2
1785431623.526,17:13:43,timeslice,7,100.0,8543,16126,53.0
1785431624.526,17:13:44,timeslice,0,100.0,8606,16126,53.4
1785431624.526,17:13:44,timeslice,1,100.0,8559,16126,53.1
1785431624.526,17:13:44,timeslice,2,100.0,8558,16126,53.1
1785431624.526,17:13:44,timeslice,3,100.0,8510,16126,52.8
1785431624.526,17:13:44,timeslice,4,100.0,8510,16126,52.8
1785431624.526,17:13:44,timeslice,5,100.0,8511,16126,52.8
1785431624.526,17:13:44,timeslice,6,100.0,8576,16126,53.2
1785431624.526,17:13:44,timeslice,7,100.0,8543,16126,53.0
1785431625.526,17:13:45,timeslice,0,100.0,8606,16126,53.4
1785431625.526,17:13:45,timeslice,1,100.0,8559,16126,53.1
1785431625.526,17:13:45,timeslice,2,100.0,8558,16126,53.1
1785431625.526,17:13:45,timeslice,3,100.0,8510,16126,52.8
1785431625.526,17:13:45,timeslice,4,100.0,8510,16126,52.8
1785431625.526,17:13:45,timeslice,5,100.0,8511,16126,52.8
1785431625.526,17:13:45,timeslice,6,100.0,8576,16126,53.2
1785431625.526,17:13:45,timeslice,7,100.0,8543,16126,53.0
1785431626.527,17:13:46,timeslice,0,98.4,10743,16126,66.6
1785431626.527,17:13:46,timeslice,1,98.1,10743,16126,66.6
1785431626.527,17:13:46,timeslice,2,98.3,10743,16126,66.6
1785431626.527,17:13:46,timeslice,3,98.2,10743,16126,66.6
1785431626.527,17:13:46,timeslice,4,98.2,10743,16126,66.6
1785431626.527,17:13:46,timeslice,5,98.1,10743,16126,66.6
1785431626.527,17:13:46,timeslice,6,97.8,10744,16126,66.6
1785431626.527,17:13:46,timeslice,7,98.2,10743,16126,66.6
1785431627.527,17:13:47,timeslice,0,98.4,10743,16126,66.6
1785431627.527,17:13:47,timeslice,1,98.1,10743,16126,66.6
1785431627.527,17:13:47,timeslice,2,98.3,10743,16126,66.6
1785431627.527,17:13:47,timeslice,3,98.2,10743,16126,66.6
1785431627.527,17:13:47,timeslice,4,98.2,10743,16126,66.6
1785431627.527,17:13:47,timeslice,5,98.1,10743,16126,66.6
1785431627.527,17:13:47,timeslice,6,97.8,10744,16126,66.6
1785431627.527,17:13:47,timeslice,7,98.2,10743,16126,66.6
1785431628.527,17:13:48,timeslice,0,98.4,10743,16126,66.6
1785431628.527,17:13:48,timeslice,1,98.1,10743,16126,66.6
1785431628.527,17:13:48,timeslice,2,98.3,10743,16126,66.6
1785431628.527,17:13:48,timeslice,3,98.2,10743,16126,66.6
1785431628.527,17:13:48,timeslice,4,98.2,10743,16126,66.6
1785431628.527,17:13:48,timeslice,5,98.1,10743,16126,66.6
1785431628.527,17:13:48,timeslice,6,97.8,10744,16126,66.6
1785431628.527,17:13:48,timeslice,7,98.2,10743,16126,66.6
1785431629.527,17:13:49,timeslice,0,98.4,10743,16126,66.6
1785431629.527,17:13:49,timeslice,1,98.1,10743,16126,66.6
1785431629.527,17:13:49,timeslice,2,98.3,10743,16126,66.6
1785431629.527,17:13:49,timeslice,3,98.2,10743,16126,66.6
1785431629.527,17:13:49,timeslice,4,98.2,10743,16126,66.6
1785431629.527,17:13:49,timeslice,5,98.1,10743,16126,66.6
1785431629.527,17:13:49,timeslice,6,97.8,10744,16126,66.6
1785431629.527,17:13:49,timeslice,7,98.2,10743,16126,66.6
1785431630.527,17:13:50,timeslice,0,98.4,10743,16126,66.6
1785431630.527,17:13:50,timeslice,1,98.1,10743,16126,66.6
1785431630.527,17:13:50,timeslice,2,98.3,10743,16126,66.6
1785431630.527,17:13:50,timeslice,3,98.2,10743,16126,66.6
1785431630.527,17:13:50,timeslice,4,98.2,10743,16126,66.6
1785431630.527,17:13:50,timeslice,5,98.1,10743,16126,66.6
1785431630.527,17:13:50,timeslice,6,97.8,10744,16126,66.6
1785431630.527,17:13:50,timeslice,7,98.2,10743,16126,66.6
1785431631.527,17:13:51,timeslice,0,99.2,8575,16126,53.2
1785431631.527,17:13:51,timeslice,1,99.3,8606,16126,53.4
1785431631.527,17:13:51,timeslice,2,99.3,8575,16126,53.2
1785431631.527,17:13:51,timeslice,3,99.6,8575,16126,53.2
1785431631.527,17:13:51,timeslice,4,99.3,8606,16126,53.4
1785431631.527,17:13:51,timeslice,5,99.2,8590,16126,53.3
1785431631.527,17:13:51,timeslice,6,99.0,8624,16126,53.5
1785431631.527,17:13:51,timeslice,7,99.8,8606,16126,53.4
1785431632.527,17:13:52,timeslice,0,99.2,8575,16126,53.2
1785431632.527,17:13:52,timeslice,1,99.3,8606,16126,53.4
1785431632.527,17:13:52,timeslice,2,99.3,8575,16126,53.2
1785431632.527,17:13:52,timeslice,3,99.6,8575,16126,53.2
1785431632.527,17:13:52,timeslice,4,99.3,8606,16126,53.4
1785431632.527,17:13:52,timeslice,5,99.2,8590,16126,53.3
1785431632.527,17:13:52,timeslice,6,99.0,8624,16126,53.5
1785431632.527,17:13:52,timeslice,7,99.8,8606,16126,53.4
1785431633.527,17:13:53,timeslice,0,99.2,8575,16126,53.2
1785431633.527,17:13:53,timeslice,1,99.3,8606,16126,53.4
1785431633.527,17:13:53,timeslice,2,99.3,8575,16126,53.2
1785431633.527,17:13:53,timeslice,3,99.6,8575,16126,53.2
1785431633.527,17:13:53,timeslice,4,99.3,8606,16126,53.4
1785431633.527,17:13:53,timeslice,5,99.2,8590,16126,53.3
1785431633.527,17:13:53,timeslice,6,99.0,8624,16126,53.5
1785431633.527,17:13:53,timeslice,7,99.8,8606,16126,53.4
1785431634.528,17:13:54,timeslice,0,99.2,8575,16126,53.2
1785431634.528,17:13:54,timeslice,1,99.3,8606,16126,53.4
1785431634.528,17:13:54,timeslice,2,99.3,8575,16126,53.2
1785431634.528,17:13:54,timeslice,3,99.6,8575,16126,53.2
1785431634.528,17:13:54,timeslice,4,99.3,8606,16126,53.4
1785431634.528,17:13:54,timeslice,5,99.2,8590,16126,53.3
1785431634.528,17:13:54,timeslice,6,99.0,8624,16126,53.5
1785431634.528,17:13:54,timeslice,7,99.8,8606,16126,53.4
1785431635.528,17:13:55,timeslice,0,99.2,8575,16126,53.2
1785431635.528,17:13:55,timeslice,1,99.3,8606,16126,53.4
1785431635.528,17:13:55,timeslice,2,99.3,8575,16126,53.2
1785431635.528,17:13:55,timeslice,3,99.6,8575,16126,53.2
1785431635.528,17:13:55,timeslice,4,99.3,8606,16126,53.4
1785431635.528,17:13:55,timeslice,5,99.2,8590,16126,53.3
1785431635.528,17:13:55,timeslice,6,99.0,8624,16126,53.5
1785431635.528,17:13:55,timeslice,7,99.8,8606,16126,53.4
1785431636.528,17:13:56,timeslice,0,95.6,10603,16126,65.8
1785431636.528,17:13:56,timeslice,1,96.0,10603,16126,65.8
1785431636.528,17:13:56,timeslice,2,95.8,10603,16126,65.8
1785431636.528,17:13:56,timeslice,3,96.4,10603,16126,65.8
1785431636.528,17:13:56,timeslice,4,96.3,10603,16126,65.8
1785431636.528,17:13:56,timeslice,5,95.8,10603,16126,65.8
1785431636.528,17:13:56,timeslice,6,96.2,10605,16126,65.8
1785431636.528,17:13:56,timeslice,7,96.2,10603,16126,65.8
1785431637.528,17:13:57,timeslice,0,95.6,10603,16126,65.8
1785431637.528,17:13:57,timeslice,1,96.0,10603,16126,65.8
1785431637.528,17:13:57,timeslice,2,95.8,10603,16126,65.8
1785431637.528,17:13:57,timeslice,3,96.4,10603,16126,65.8
1785431637.528,17:13:57,timeslice,4,96.3,10603,16126,65.8
1785431637.528,17:13:57,timeslice,5,95.8,10603,16126,65.8
1785431637.528,17:13:57,timeslice,6,96.2,10605,16126,65.8
1785431637.528,17:13:57,timeslice,7,96.2,10603,16126,65.8
1785431638.528,17:13:58,timeslice,0,95.6,10603,16126,65.8
1785431638.528,17:13:58,timeslice,1,96.0,10603,16126,65.8
1785431638.528,17:13:58,timeslice,2,95.8,10603,16126,65.8
1785431638.528,17:13:58,timeslice,3,96.4,10603,16126,65.8
1785431638.528,17:13:58,timeslice,4,96.3,10603,16126,65.8
1785431638.528,17:13:58,timeslice,5,95.8,10603,16126,65.8
1785431638.528,17:13:58,timeslice,6,96.2,10605,16126,65.8
1785431638.528,17:13:58,timeslice,7,96.2,10603,16126,65.8
1785431639.528,17:13:59,timeslice,0,95.6,10603,16126,65.8
1785431639.528,17:13:59,timeslice,1,96.0,10603,16126,65.8
1785431639.528,17:13:59,timeslice,2,95.8,10603,16126,65.8
1785431639.528,17:13:59,timeslice,3,96.4,10603,16126,65.8
1785431639.528,17:13:59,timeslice,4,96.3,10603,16126,65.8
1785431639.528,17:13:59,timeslice,5,95.8,10603,16126,65.8
1785431639.528,17:13:59,timeslice,6,96.2,10605,16126,65.8
1785431639.528,17:13:59,timeslice,7,96.2,10603,16126,65.8
1785431640.528,17:14:00,timeslice,0,95.6,10603,16126,65.8
1785431640.528,17:14:00,timeslice,1,96.0,10603,16126,65.8
1785431640.528,17:14:00,timeslice,2,95.8,10603,16126,65.8
1785431640.528,17:14:00,timeslice,3,96.4,10603,16126,65.8
1785431640.528,17:14:00,timeslice,4,96.3,10603,16126,65.8
1785431640.528,17:14:00,timeslice,5,95.8,10603,16126,65.8
1785431640.528,17:14:00,timeslice,6,96.2,10605,16126,65.8
1785431640.528,17:14:00,timeslice,7,96.2,10603,16126,65.8
1785431641.528,17:14:01,timeslice,0,100.0,8750,16126,54.3
1785431641.528,17:14:01,timeslice,1,100.0,8575,16126,53.2
1785431641.528,17:14:01,timeslice,2,100.0,8718,16126,54.1
1785431641.528,17:14:01,timeslice,3,100.0,8718,16126,54.1
1785431641.528,17:14:01,timeslice,4,100.0,8575,16126,53.2
1785431641.528,17:14:01,timeslice,5,100.0,8574,16126,53.2
1785431641.528,17:14:01,timeslice,6,100.0,8656,16126,53.7
1785431641.528,17:14:01,timeslice,7,100.0,8575,16126,53.2
1785431642.529,17:14:02,timeslice,0,100.0,8750,16126,54.3
1785431642.529,17:14:02,timeslice,1,100.0,8575,16126,53.2
1785431642.529,17:14:02,timeslice,2,100.0,8718,16126,54.1
1785431642.529,17:14:02,timeslice,3,100.0,8718,16126,54.1
1785431642.529,17:14:02,timeslice,4,100.0,8575,16126,53.2
1785431642.529,17:14:02,timeslice,5,100.0,8574,16126,53.2
1785431642.529,17:14:02,timeslice,6,100.0,8656,16126,53.7
1785431642.529,17:14:02,timeslice,7,100.0,8575,16126,53.2
1785431643.529,17:14:03,timeslice,0,100.0,8750,16126,54.3
1785431643.529,17:14:03,timeslice,1,100.0,8575,16126,53.2
1785431643.529,17:14:03,timeslice,2,100.0,8718,16126,54.1
1785431643.529,17:14:03,timeslice,3,100.0,8718,16126,54.1
1785431643.529,17:14:03,timeslice,4,100.0,8575,16126,53.2
1785431643.529,17:14:03,timeslice,5,100.0,8574,16126,53.2
1785431643.529,17:14:03,timeslice,6,100.0,8656,16126,53.7
1785431643.529,17:14:03,timeslice,7,100.0,8575,16126,53.2
1785431644.529,17:14:04,timeslice,0,100.0,8750,16126,54.3
1785431644.529,17:14:04,timeslice,1,100.0,8575,16126,53.2
1785431644.529,17:14:04,timeslice,2,100.0,8718,16126,54.1
1785431644.529,17:14:04,timeslice,3,100.0,8718,16126,54.1
1785431644.529,17:14:04,timeslice,4,100.0,8575,16126,53.2
1785431644.529,17:14:04,timeslice,5,100.0,8574,16126,53.2
1785431644.529,17:14:04,timeslice,6,100.0,8656,16126,53.7
1785431644.529,17:14:04,timeslice,7,100.0,8575,16126,53.2
1785431645.529,17:14:05,timeslice,0,100.0,8750,16126,54.3
1785431645.529,17:14:05,timeslice,1,100.0,8575,16126,53.2
1785431645.529,17:14:05,timeslice,2,100.0,8718,16126,54.1
1785431645.529,17:14:05,timeslice,3,100.0,8718,16126,54.1
1785431645.529,17:14:05,timeslice,4,100.0,8575,16126,53.2
1785431645.529,17:14:05,timeslice,5,100.0,8574,16126,53.2
1785431645.529,17:14:05,timeslice,6,100.0,8656,16126,53.7
1785431645.529,17:14:05,timeslice,7,100.0,8575,16126,53.2
1785431646.529,17:14:06,timeslice,0,98.2,10604,16126,65.8
1785431646.529,17:14:06,timeslice,1,98.3,10604,16126,65.8
1785431646.529,17:14:06,timeslice,2,97.7,10604,16126,65.8
1785431646.529,17:14:06,timeslice,3,98.1,10604,16126,65.8
1785431646.529,17:14:06,timeslice,4,98.2,10604,16126,65.8
1785431646.529,17:14:06,timeslice,5,97.9,10603,16126,65.8
1785431646.529,17:14:06,timeslice,6,98.6,10605,16126,65.8
1785431646.529,17:14:06,timeslice,7,97.7,10603,16126,65.8
1785431647.529,17:14:07,timeslice,0,98.2,10604,16126,65.8
1785431647.529,17:14:07,timeslice,1,98.3,10604,16126,65.8
1785431647.529,17:14:07,timeslice,2,97.7,10604,16126,65.8
1785431647.529,17:14:07,timeslice,3,98.1,10604,16126,65.8
1785431647.529,17:14:07,timeslice,4,98.2,10604,16126,65.8
1785431647.529,17:14:07,timeslice,5,97.9,10603,16126,65.8
1785431647.529,17:14:07,timeslice,6,98.6,10605,16126,65.8
1785431647.529,17:14:07,timeslice,7,97.7,10603,16126,65.8
1785431648.529,17:14:08,timeslice,0,98.2,10604,16126,65.8
1785431648.529,17:14:08,timeslice,1,98.3,10604,16126,65.8
1785431648.529,17:14:08,timeslice,2,97.7,10604,16126,65.8
1785431648.529,17:14:08,timeslice,3,98.1,10604,16126,65.8
1785431648.529,17:14:08,timeslice,4,98.2,10604,16126,65.8
1785431648.529,17:14:08,timeslice,5,97.9,10603,16126,65.8
1785431648.529,17:14:08,timeslice,6,98.6,10605,16126,65.8
1785431648.529,17:14:08,timeslice,7,97.7,10603,16126,65.8
1785431649.529,17:14:09,timeslice,0,98.2,10604,16126,65.8
1785431649.529,17:14:09,timeslice,1,98.3,10604,16126,65.8
1785431649.529,17:14:09,timeslice,2,97.7,10604,16126,65.8
1785431649.529,17:14:09,timeslice,3,98.1,10604,16126,65.8
1785431649.529,17:14:09,timeslice,4,98.2,10604,16126,65.8
1785431649.529,17:14:09,timeslice,5,97.9,10603,16126,65.8
1785431649.529,17:14:09,timeslice,6,98.6,10605,16126,65.8
1785431649.529,17:14:09,timeslice,7,97.7,10603,16126,65.8
1785431650.529,17:14:10,timeslice,0,98.2,10604,16126,65.8
1785431650.529,17:14:10,timeslice,1,98.3,10604,16126,65.8
1785431650.529,17:14:10,timeslice,2,97.7,10604,16126,65.8
1785431650.529,17:14:10,timeslice,3,98.1,10604,16126,65.8
1785431650.529,17:14:10,timeslice,4,98.2,10604,16126,65.8
1785431650.529,17:14:10,timeslice,5,97.9,10603,16126,65.8
1785431650.529,17:14:10,timeslice,6,98.6,10605,16126,65.8
1785431650.529,17:14:10,timeslice,7,97.7,10603,16126,65.8
1785431651.53,17:14:11,timeslice,0,99.7,8574,16126,53.2
1785431651.53,17:14:11,timeslice,1,100.0,8590,16126,53.3
1785431651.53,17:14:11,timeslice,2,99.8,8527,16126,52.9
1785431651.53,17:14:11,timeslice,3,100.0,8559,16126,53.1
1785431651.53,17:14:11,timeslice,4,100.0,8638,16126,53.6
1785431651.53,17:14:11,timeslice,5,100.0,8526,16126,52.9
1785431651.53,17:14:11,timeslice,6,100.0,8512,16126,52.8
1785431651.53,17:14:11,timeslice,7,99.9,8606,16126,53.4
1785431652.53,17:14:12,timeslice,0,99.7,8574,16126,53.2
1785431652.53,17:14:12,timeslice,1,100.0,8590,16126,53.3
1785431652.53,17:14:12,timeslice,2,99.8,8527,16126,52.9
1785431652.53,17:14:12,timeslice,3,100.0,8559,16126,53.1
1785431652.53,17:14:12,timeslice,4,100.0,8638,16126,53.6
1785431652.53,17:14:12,timeslice,5,100.0,8526,16126,52.9
1785431652.53,17:14:12,timeslice,6,100.0,8512,16126,52.8
1785431652.53,17:14:12,timeslice,7,99.9,8606,16126,53.4
1785431653.53,17:14:13,timeslice,0,99.7,8574,16126,53.2
1785431653.53,17:14:13,timeslice,1,100.0,8590,16126,53.3
1785431653.53,17:14:13,timeslice,2,99.8,8527,16126,52.9
1785431653.53,17:14:13,timeslice,3,100.0,8559,16126,53.1
1785431653.53,17:14:13,timeslice,4,100.0,8638,16126,53.6
1785431653.53,17:14:13,timeslice,5,100.0,8526,16126,52.9
1785431653.53,17:14:13,timeslice,6,100.0,8512,16126,52.8
1785431653.53,17:14:13,timeslice,7,99.9,8606,16126,53.4
1785431654.53,17:14:14,timeslice,0,99.7,8574,16126,53.2
1785431654.53,17:14:14,timeslice,1,100.0,8590,16126,53.3
1785431654.53,17:14:14,timeslice,2,99.8,8527,16126,52.9
1785431654.53,17:14:14,timeslice,3,100.0,8559,16126,53.1
1785431654.53,17:14:14,timeslice,4,100.0,8638,16126,53.6
1785431654.53,17:14:14,timeslice,5,100.0,8526,16126,52.9
1785431654.53,17:14:14,timeslice,6,100.0,8512,16126,52.8
1785431654.53,17:14:14,timeslice,7,99.9,8606,16126,53.4
1785431655.53,17:14:15,timeslice,0,99.7,8574,16126,53.2
1785431655.53,17:14:15,timeslice,1,100.0,8590,16126,53.3
1785431655.53,17:14:15,timeslice,2,99.8,8527,16126,52.9
1785431655.53,17:14:15,timeslice,3,100.0,8559,16126,53.1
1785431655.53,17:14:15,timeslice,4,100.0,8638,16126,53.6
1785431655.53,17:14:15,timeslice,5,100.0,8526,16126,52.9
1785431655.53,17:14:15,timeslice,6,100.0,8512,16126,52.8
1785431655.53,17:14:15,timeslice,7,99.9,8606,16126,53.4
1785431656.53,17:14:16,timeslice,0,97.8,10604,16126,65.8
1785431656.53,17:14:16,timeslice,1,98.2,10604,16126,65.8
1785431656.53,17:14:16,timeslice,2,98.0,10604,16126,65.8
1785431656.53,17:14:16,timeslice,3,98.3,10604,16126,65.8
1785431656.53,17:14:16,timeslice,4,98.1,10604,16126,65.8
1785431656.53,17:14:16,timeslice,5,98.3,10603,16126,65.8
1785431656.53,17:14:16,timeslice,6,98.1,10605,16126,65.8
1785431656.53,17:14:16,timeslice,7,98.4,10604,16126,65.8
1785431657.531,17:14:17,timeslice,0,97.8,10604,16126,65.8
1785431657.531,17:14:17,timeslice,1,98.2,10604,16126,65.8
1785431657.531,17:14:17,timeslice,2,98.0,10604,16126,65.8
1785431657.531,17:14:17,timeslice,3,98.3,10604,16126,65.8
1785431657.531,17:14:17,timeslice,4,98.1,10604,16126,65.8
1785431657.531,17:14:17,timeslice,5,98.3,10603,16126,65.8
1785431657.531,17:14:17,timeslice,6,98.1,10605,16126,65.8
1785431657.531,17:14:17,timeslice,7,98.4,10604,16126,65.8
1785431658.531,17:14:18,timeslice,0,97.8,10604,16126,65.8
1785431658.531,17:14:18,timeslice,1,98.2,10604,16126,65.8
1785431658.531,17:14:18,timeslice,2,98.0,10604,16126,65.8
1785431658.531,17:14:18,timeslice,3,98.3,10604,16126,65.8
1785431658.531,17:14:18,timeslice,4,98.1,10604,16126,65.8
1785431658.531,17:14:18,timeslice,5,98.3,10603,16126,65.8
1785431658.531,17:14:18,timeslice,6,98.1,10605,16126,65.8
1785431658.531,17:14:18,timeslice,7,98.4,10604,16126,65.8
1785431659.531,17:14:19,timeslice,0,97.8,10604,16126,65.8
1785431659.531,17:14:19,timeslice,1,98.2,10604,16126,65.8
1785431659.531,17:14:19,timeslice,2,98.0,10604,16126,65.8
1785431659.531,17:14:19,timeslice,3,98.3,10604,16126,65.8
1785431659.531,17:14:19,timeslice,4,98.1,10604,16126,65.8
1785431659.531,17:14:19,timeslice,5,98.3,10603,16126,65.8
1785431659.531,17:14:19,timeslice,6,98.1,10605,16126,65.8
1785431659.531,17:14:19,timeslice,7,98.4,10604,16126,65.8
1785431660.531,17:14:20,timeslice,0,97.8,10604,16126,65.8
1785431660.531,17:14:20,timeslice,1,98.2,10604,16126,65.8
1785431660.531,17:14:20,timeslice,2,98.0,10604,16126,65.8
1785431660.531,17:14:20,timeslice,3,98.3,10604,16126,65.8
1785431660.531,17:14:20,timeslice,4,98.1,10604,16126,65.8
1785431660.531,17:14:20,timeslice,5,98.3,10603,16126,65.8
1785431660.531,17:14:20,timeslice,6,98.1,10605,16126,65.8
1785431660.531,17:14:20,timeslice,7,98.4,10604,16126,65.8
1785431661.531,17:14:21,timeslice,0,96.2,10743,16126,66.6
1785431661.531,17:14:21,timeslice,1,96.6,10743,16126,66.6
1785431661.531,17:14:21,timeslice,2,96.5,10743,16126,66.6
1785431661.531,17:14:21,timeslice,3,96.8,10743,16126,66.6
1785431661.531,17:14:21,timeslice,4,96.6,10743,16126,66.6
1785431661.531,17:14:21,timeslice,5,96.8,10743,16126,66.6
1785431661.531,17:14:21,timeslice,6,96.7,10744,16126,66.6
1785431661.531,17:14:21,timeslice,7,96.9,10743,16126,66.6
1785431662.531,17:14:22,timeslice,0,96.2,10743,16126,66.6
1785431662.531,17:14:22,timeslice,1,96.6,10743,16126,66.6
1785431662.531,17:14:22,timeslice,2,96.5,10743,16126,66.6
1785431662.531,17:14:22,timeslice,3,96.8,10743,16126,66.6
1785431662.531,17:14:22,timeslice,4,96.6,10743,16126,66.6
1785431662.531,17:14:22,timeslice,5,96.8,10743,16126,66.6
1785431662.531,17:14:22,timeslice,6,96.7,10744,16126,66.6
1785431662.531,17:14:22,timeslice,7,96.9,10743,16126,66.6
1785431663.532,17:14:23,timeslice,0,96.2,10743,16126,66.6
1785431663.532,17:14:23,timeslice,1,96.6,10743,16126,66.6
1785431663.532,17:14:23,timeslice,2,96.5,10743,16126,66.6
1785431663.532,17:14:23,timeslice,3,96.8,10743,16126,66.6
1785431663.532,17:14:23,timeslice,4,96.6,10743,16126,66.6
1785431663.532,17:14:23,timeslice,5,96.8,10743,16126,66.6
1785431663.532,17:14:23,timeslice,6,96.7,10744,16126,66.6
1785431663.532,17:14:23,timeslice,7,96.9,10743,16126,66.6
1785431664.532,17:14:24,timeslice,0,96.2,10743,16126,66.6
1785431664.532,17:14:24,timeslice,1,96.6,10743,16126,66.6
1785431664.532,17:14:24,timeslice,2,96.5,10743,16126,66.6
1785431664.532,17:14:24,timeslice,3,96.8,10743,16126,66.6
1785431664.532,17:14:24,timeslice,4,96.6,10743,16126,66.6
1785431664.532,17:14:24,timeslice,5,96.8,10743,16126,66.6
1785431664.532,17:14:24,timeslice,6,96.7,10744,16126,66.6
1785431664.532,17:14:24,timeslice,7,96.9,10743,16126,66.6
1785431665.532,17:14:25,timeslice,0,96.2,10743,16126,66.6
1785431665.532,17:14:25,timeslice,1,96.6,10743,16126,66.6
1785431665.532,17:14:25,timeslice,2,96.5,10743,16126,66.6
1785431665.532,17:14:25,timeslice,3,96.8,10743,16126,66.6
1785431665.532,17:14:25,timeslice,4,96.6,10743,16126,66.6
1785431665.532,17:14:25,timeslice,5,96.8,10743,16126,66.6
1785431665.532,17:14:25,timeslice,6,96.7,10744,16126,66.6
1785431665.532,17:14:25,timeslice,7,96.9,10743,16126,66.6
1785431666.532,17:14:26,timeslice,0,100.0,10795,16126,66.9
1785431666.532,17:14:26,timeslice,1,100.0,8606,16126,53.4
1785431666.532,17:14:26,timeslice,2,100.0,10731,16126,66.5
1785431666.532,17:14:26,timeslice,3,100.0,10731,16126,66.5
1785431666.532,17:14:26,timeslice,4,100.0,8542,16126,53.0
1785431666.532,17:14:26,timeslice,5,100.0,10795,16126,66.9
1785431666.532,17:14:26,timeslice,6,100.0,10829,16126,67.2
1785431666.532,17:14:26,timeslice,7,100.0,8575,16126,53.2
1785431667.532,17:14:27,timeslice,0,100.0,10795,16126,66.9
1785431667.532,17:14:27,timeslice,1,100.0,8606,16126,53.4
1785431667.532,17:14:27,timeslice,2,100.0,10731,16126,66.5
1785431667.532,17:14:27,timeslice,3,100.0,10731,16126,66.5
1785431667.532,17:14:27,timeslice,4,100.0,8542,16126,53.0
1785431667.532,17:14:27,timeslice,5,100.0,10795,16126,66.9
1785431667.532,17:14:27,timeslice,6,100.0,10829,16126,67.2
1785431667.532,17:14:27,timeslice,7,100.0,8575,16126,53.2
1785431668.532,17:14:28,timeslice,0,100.0,10795,16126,66.9
1785431668.532,17:14:28,timeslice,1,100.0,8606,16126,53.4
1785431668.532,17:14:28,timeslice,2,100.0,10731,16126,66.5
1785431668.532,17:14:28,timeslice,3,100.0,10731,16126,66.5
1785431668.532,17:14:28,timeslice,4,100.0,8542,16126,53.0
1785431668.532,17:14:28,timeslice,5,100.0,10795,16126,66.9
1785431668.532,17:14:28,timeslice,6,100.0,10829,16126,67.2
1785431668.532,17:14:28,timeslice,7,100.0,8575,16126,53.2
1785431669.533,17:14:29,timeslice,0,100.0,10795,16126,66.9
1785431669.533,17:14:29,timeslice,1,100.0,8606,16126,53.4
1785431669.533,17:14:29,timeslice,2,100.0,10731,16126,66.5
1785431669.533,17:14:29,timeslice,3,100.0,10731,16126,66.5
1785431669.533,17:14:29,timeslice,4,100.0,8542,16126,53.0
1785431669.533,17:14:29,timeslice,5,100.0,10795,16126,66.9
1785431669.533,17:14:29,timeslice,6,100.0,10829,16126,67.2
1785431669.533,17:14:29,timeslice,7,100.0,8575,16126,53.2
1785431670.533,17:14:30,timeslice,0,100.0,10795,16126,66.9
1785431670.533,17:14:30,timeslice,1,100.0,8606,16126,53.4
1785431670.533,17:14:30,timeslice,2,100.0,10731,16126,66.5
1785431670.533,17:14:30,timeslice,3,100.0,10731,16126,66.5
1785431670.533,17:14:30,timeslice,4,100.0,8542,16126,53.0
1785431670.533,17:14:30,timeslice,5,100.0,10795,16126,66.9
1785431670.533,17:14:30,timeslice,6,100.0,10829,16126,67.2
1785431670.533,17:14:30,timeslice,7,100.0,8575,16126,53.2
1785431671.533,17:14:31,timeslice,0,98.0,10743,16126,66.6
1785431671.533,17:14:31,timeslice,1,97.8,10743,16126,66.6
1785431671.533,17:14:31,timeslice,2,98.2,10743,16126,66.6
1785431671.533,17:14:31,timeslice,3,98.3,10743,16126,66.6
1785431671.533,17:14:31,timeslice,4,98.8,10743,16126,66.6
1785431671.533,17:14:31,timeslice,5,98.0,10743,16126,66.6
1785431671.533,17:14:31,timeslice,6,98.4,10744,16126,66.6
1785431671.533,17:14:31,timeslice,7,98.3,10743,16126,66.6
1785431672.533,17:14:32,timeslice,0,98.0,10743,16126,66.6
1785431672.533,17:14:32,timeslice,1,97.8,10743,16126,66.6
1785431672.533,17:14:32,timeslice,2,98.2,10743,16126,66.6
1785431672.533,17:14:32,timeslice,3,98.3,10743,16126,66.6
1785431672.533,17:14:32,timeslice,4,98.8,10743,16126,66.6
1785431672.533,17:14:32,timeslice,5,98.0,10743,16126,66.6
1785431672.533,17:14:32,timeslice,6,98.4,10744,16126,66.6
1785431672.533,17:14:32,timeslice,7,98.3,10743,16126,66.6
1785431673.533,17:14:33,timeslice,0,98.0,10743,16126,66.6
1785431673.533,17:14:33,timeslice,1,97.8,10743,16126,66.6
1785431673.533,17:14:33,timeslice,2,98.2,10743,16126,66.6
1785431673.533,17:14:33,timeslice,3,98.3,10743,16126,66.6
1785431673.533,17:14:33,timeslice,4,98.8,10743,16126,66.6
1785431673.533,17:14:33,timeslice,5,98.0,10743,16126,66.6
1785431673.533,17:14:33,timeslice,6,98.4,10744,16126,66.6
1785431673.533,17:14:33,timeslice,7,98.3,10743,16126,66.6
1785431674.533,17:14:34,timeslice,0,98.0,10743,16126,66.6
1785431674.533,17:14:34,timeslice,1,97.8,10743,16126,66.6
1785431674.533,17:14:34,timeslice,2,98.2,10743,16126,66.6
1785431674.533,17:14:34,timeslice,3,98.3,10743,16126,66.6
1785431674.533,17:14:34,timeslice,4,98.8,10743,16126,66.6
1785431674.533,17:14:34,timeslice,5,98.0,10743,16126,66.6
1785431674.533,17:14:34,timeslice,6,98.4,10744,16126,66.6
1785431674.533,17:14:34,timeslice,7,98.3,10743,16126,66.6
1785431675.533,17:14:35,timeslice,0,98.0,10743,16126,66.6
1785431675.533,17:14:35,timeslice,1,97.8,10743,16126,66.6
1785431675.533,17:14:35,timeslice,2,98.2,10743,16126,66.6
1785431675.533,17:14:35,timeslice,3,98.3,10743,16126,66.6
1785431675.533,17:14:35,timeslice,4,98.8,10743,16126,66.6
1785431675.533,17:14:35,timeslice,5,98.0,10743,16126,66.6
1785431675.533,17:14:35,timeslice,6,98.4,10744,16126,66.6
1785431675.533,17:14:35,timeslice,7,98.3,10743,16126,66.6
1785431676.534,17:14:36,timeslice,0,99.6,8559,16126,53.1
1785431676.534,17:14:36,timeslice,1,99.7,8686,16126,53.9
1785431676.534,17:14:36,timeslice,2,99.5,8526,16126,52.9
1785431676.534,17:14:36,timeslice,3,100.0,8526,16126,52.9
1785431676.534,17:14:36,timeslice,4,100.0,8782,16126,54.5
1785431676.534,17:14:36,timeslice,5,99.9,8478,16126,52.6
1785431676.534,17:14:36,timeslice,6,100.0,8528,16126,52.9
1785431676.534,17:14:36,timeslice,7,100.0,8782,16126,54.5
1785431677.534,17:14:37,timeslice,0,99.6,8559,16126,53.1
1785431677.534,17:14:37,timeslice,1,99.7,8686,16126,53.9
1785431677.534,17:14:37,timeslice,2,99.5,8526,16126,52.9
1785431677.534,17:14:37,timeslice,3,100.0,8526,16126,52.9
1785431677.534,17:14:37,timeslice,4,100.0,8782,16126,54.5
1785431677.534,17:14:37,timeslice,5,99.9,8478,16126,52.6
1785431677.534,17:14:37,timeslice,6,100.0,8528,16126,52.9
1785431677.534,17:14:37,timeslice,7,100.0,8782,16126,54.5
1785431678.534,17:14:38,timeslice,0,99.6,8559,16126,53.1
1785431678.534,17:14:38,timeslice,1,99.7,8686,16126,53.9
1785431678.534,17:14:38,timeslice,2,99.5,8526,16126,52.9
1785431678.534,17:14:38,timeslice,3,100.0,8526,16126,52.9
1785431678.534,17:14:38,timeslice,4,100.0,8782,16126,54.5
1785431678.534,17:14:38,timeslice,5,99.9,8478,16126,52.6
1785431678.534,17:14:38,timeslice,6,100.0,8528,16126,52.9
1785431678.534,17:14:38,timeslice,7,100.0,8782,16126,54.5
1785431679.534,17:14:39,timeslice,0,99.6,8559,16126,53.1
1785431679.534,17:14:39,timeslice,1,99.7,8686,16126,53.9
1785431679.534,17:14:39,timeslice,2,99.5,8526,16126,52.9
1785431679.534,17:14:39,timeslice,3,100.0,8526,16126,52.9
1785431679.534,17:14:39,timeslice,4,100.0,8782,16126,54.5
1785431679.534,17:14:39,timeslice,5,99.9,8478,16126,52.6
1785431679.534,17:14:39,timeslice,6,100.0,8528,16126,52.9
1785431679.534,17:14:39,timeslice,7,100.0,8782,16126,54.5
1785431680.534,17:14:40,timeslice,0,99.6,8559,16126,53.1
1785431680.534,17:14:40,timeslice,1,99.7,8686,16126,53.9
1785431680.534,17:14:40,timeslice,2,99.5,8526,16126,52.9
1785431680.534,17:14:40,timeslice,3,100.0,8526,16126,52.9
1785431680.534,17:14:40,timeslice,4,100.0,8782,16126,54.5
1785431680.534,17:14:40,timeslice,5,99.9,8478,16126,52.6
1785431680.534,17:14:40,timeslice,6,100.0,8528,16126,52.9
1785431680.534,17:14:40,timeslice,7,100.0,8782,16126,54.5
1785431681.534,17:14:41,timeslice,0,94.3,8718,16126,54.1
1785431681.534,17:14:41,timeslice,1,94.6,8511,16126,52.8
1785431681.534,17:14:41,timeslice,2,95.4,8782,16126,54.5
1785431681.534,17:14:41,timeslice,3,94.7,8782,16126,54.5
1785431681.534,17:14:41,timeslice,4,95.2,8575,16126,53.2
1785431681.534,17:14:41,timeslice,5,94.9,8718,16126,54.1
1785431681.534,17:14:41,timeslice,6,95.4,8576,16126,53.2
1785431681.534,17:14:41,timeslice,7,94.8,8575,16126,53.2
1785431682.534,17:14:42,timeslice,0,94.3,8718,16126,54.1
1785431682.534,17:14:42,timeslice,1,94.6,8511,16126,52.8
1785431682.534,17:14:42,timeslice,2,95.4,8782,16126,54.5
1785431682.534,17:14:42,timeslice,3,94.7,8782,16126,54.5
1785431682.534,17:14:42,timeslice,4,95.2,8575,16126,53.2
1785431682.534,17:14:42,timeslice,5,94.9,8718,16126,54.1
1785431682.534,17:14:42,timeslice,6,95.4,8576,16126,53.2
1785431682.534,17:14:42,timeslice,7,94.8,8575,16126,53.2
1785431683.534,17:14:43,timeslice,0,94.3,8718,16126,54.1
1785431683.534,17:14:43,timeslice,1,94.6,8511,16126,52.8
1785431683.534,17:14:43,timeslice,2,95.4,8782,16126,54.5
1785431683.534,17:14:43,timeslice,3,94.7,8782,16126,54.5
1785431683.534,17:14:43,timeslice,4,95.2,8575,16126,53.2
1785431683.534,17:14:43,timeslice,5,94.9,8718,16126,54.1
1785431683.534,17:14:43,timeslice,6,95.4,8576,16126,53.2
1785431683.534,17:14:43,timeslice,7,94.8,8575,16126,53.2
1785431684.534,17:14:44,timeslice,0,94.3,8718,16126,54.1
1785431684.534,17:14:44,timeslice,1,94.6,8511,16126,52.8
1785431684.534,17:14:44,timeslice,2,95.4,8782,16126,54.5
1785431684.534,17:14:44,timeslice,3,94.7,8782,16126,54.5
1785431684.534,17:14:44,timeslice,4,95.2,8575,16126,53.2
1785431684.534,17:14:44,timeslice,5,94.9,8718,16126,54.1
1785431684.534,17:14:44,timeslice,6,95.4,8576,16126,53.2
1785431684.534,17:14:44,timeslice,7,94.8,8575,16126,53.2
1785431685.534,17:14:45,timeslice,0,94.3,8718,16126,54.1
1785431685.534,17:14:45,timeslice,1,94.6,8511,16126,52.8
1785431685.534,17:14:45,timeslice,2,95.4,8782,16126,54.5
1785431685.534,17:14:45,timeslice,3,94.7,8782,16126,54.5
1785431685.534,17:14:45,timeslice,4,95.2,8575,16126,53.2
1785431685.534,17:14:45,timeslice,5,94.9,8718,16126,54.1
1785431685.534,17:14:45,timeslice,6,95.4,8576,16126,53.2
1785431685.534,17:14:45,timeslice,7,94.8,8575,16126,53.2
1785431686.535,17:14:46,timeslice,0,97.2,10743,16126,66.6
1785431686.535,17:14:46,timeslice,1,97.3,10743,16126,66.6
1785431686.535,17:14:46,timeslice,2,97.8,10743,16126,66.6
1785431686.535,17:14:46,timeslice,3,97.5,10743,16126,66.6
1785431686.535,17:14:46,timeslice,4,98.1,10743,16126,66.6
1785431686.535,17:14:46,timeslice,5,97.4,10743,16126,66.6
1785431686.535,17:14:46,timeslice,6,97.7,10744,16126,66.6
1785431686.535,17:14:46,timeslice,7,97.7,10743,16126,66.6
1785431687.535,17:14:47,timeslice,0,97.2,10743,16126,66.6
1785431687.535,17:14:47,timeslice,1,97.3,10743,16126,66.6
1785431687.535,17:14:47,timeslice,2,97.8,10743,16126,66.6
1785431687.535,17:14:47,timeslice,3,97.5,10743,16126,66.6
1785431687.535,17:14:47,timeslice,4,98.1,10743,16126,66.6
1785431687.535,17:14:47,timeslice,5,97.4,10743,16126,66.6
1785431687.535,17:14:47,timeslice,6,97.7,10744,16126,66.6
1785431687.535,17:14:47,timeslice,7,97.7,10743,16126,66.6
1785431688.535,17:14:48,timeslice,0,97.2,10743,16126,66.6
1785431688.535,17:14:48,timeslice,1,97.3,10743,16126,66.6
1785431688.535,17:14:48,timeslice,2,97.8,10743,16126,66.6
1785431688.535,17:14:48,timeslice,3,97.5,10743,16126,66.6
1785431688.535,17:14:48,timeslice,4,98.1,10743,16126,66.6
1785431688.535,17:14:48,timeslice,5,97.4,10743,16126,66.6
1785431688.535,17:14:48,timeslice,6,97.7,10744,16126,66.6
1785431688.535,17:14:48,timeslice,7,97.7,10743,16126,66.6
1785431689.535,17:14:49,timeslice,0,97.2,10743,16126,66.6
1785431689.535,17:14:49,timeslice,1,97.3,10743,16126,66.6
1785431689.535,17:14:49,timeslice,2,97.8,10743,16126,66.6
1785431689.535,17:14:49,timeslice,3,97.5,10743,16126,66.6
1785431689.535,17:14:49,timeslice,4,98.1,10743,16126,66.6
1785431689.535,17:14:49,timeslice,5,97.4,10743,16126,66.6
1785431689.535,17:14:49,timeslice,6,97.7,10744,16126,66.6
1785431689.535,17:14:49,timeslice,7,97.7,10743,16126,66.6
1785431690.535,17:14:50,timeslice,0,97.2,10743,16126,66.6
1785431690.535,17:14:50,timeslice,1,97.3,10743,16126,66.6
1785431690.535,17:14:50,timeslice,2,97.8,10743,16126,66.6
1785431690.535,17:14:50,timeslice,3,97.5,10743,16126,66.6
1785431690.535,17:14:50,timeslice,4,98.1,10743,16126,66.6
1785431690.535,17:14:50,timeslice,5,97.4,10743,16126,66.6
1785431690.535,17:14:50,timeslice,6,97.7,10744,16126,66.6
1785431690.535,17:14:50,timeslice,7,97.7,10743,16126,66.6
1785431691.535,17:14:51,timeslice,0,99.6,8718,16126,54.1
1785431691.535,17:14:51,timeslice,1,99.5,8575,16126,53.2
1785431691.535,17:14:51,timeslice,2,99.7,8606,16126,53.4
1785431691.535,17:14:51,timeslice,3,99.8,8654,16126,53.7
1785431691.535,17:14:51,timeslice,4,99.6,8542,16126,53.0
1785431691.535,17:14:51,timeslice,5,99.7,8591,16126,53.3
1785431691.535,17:14:51,timeslice,6,99.7,8561,16126,53.1
1785431691.535,17:14:51,timeslice,7,99.7,8510,16126,52.8
1785431692.535,17:14:52,timeslice,0,99.6,8718,16126,54.1
1785431692.535,17:14:52,timeslice,1,99.5,8575,16126,53.2
1785431692.535,17:14:52,timeslice,2,99.7,8606,16126,53.4
1785431692.535,17:14:52,timeslice,3,99.8,8654,16126,53.7
1785431692.535,17:14:52,timeslice,4,99.6,8542,16126,53.0
1785431692.535,17:14:52,timeslice,5,99.7,8591,16126,53.3
1785431692.535,17:14:52,timeslice,6,99.7,8561,16126,53.1
1785431692.535,17:14:52,timeslice,7,99.7,8510,16126,52.8
1785431693.535,17:14:53,timeslice,0,99.6,8718,16126,54.1
1785431693.535,17:14:53,timeslice,1,99.5,8575,16126,53.2
1785431693.535,17:14:53,timeslice,2,99.7,8606,16126,53.4
1785431693.535,17:14:53,timeslice,3,99.8,8654,16126,53.7
1785431693.535,17:14:53,timeslice,4,99.6,8542,16126,53.0
1785431693.535,17:14:53,timeslice,5,99.7,8591,16126,53.3
1785431693.535,17:14:53,timeslice,6,99.7,8561,16126,53.1
1785431693.535,17:14:53,timeslice,7,99.7,8510,16126,52.8
1785431694.535,17:14:54,timeslice,0,99.6,8718,16126,54.1
1785431694.535,17:14:54,timeslice,1,99.5,8575,16126,53.2
1785431694.535,17:14:54,timeslice,2,99.7,8606,16126,53.4
1785431694.535,17:14:54,timeslice,3,99.8,8654,16126,53.7
1785431694.535,17:14:54,timeslice,4,99.6,8542,16126,53.0
1785431694.535,17:14:54,timeslice,5,99.7,8591,16126,53.3
1785431694.535,17:14:54,timeslice,6,99.7,8561,16126,53.1
1785431694.535,17:14:54,timeslice,7,99.7,8510,16126,52.8
1785431695.536,17:14:55,timeslice,0,99.6,8718,16126,54.1
1785431695.536,17:14:55,timeslice,1,99.5,8575,16126,53.2
1785431695.536,17:14:55,timeslice,2,99.7,8606,16126,53.4
1785431695.536,17:14:55,timeslice,3,99.8,8654,16126,53.7
1785431695.536,17:14:55,timeslice,4,99.6,8542,16126,53.0
1785431695.536,17:14:55,timeslice,5,99.7,8591,16126,53.3
1785431695.536,17:14:55,timeslice,6,99.7,8561,16126,53.1
1785431695.536,17:14:55,timeslice,7,99.7,8510,16126,52.8
1785431696.536,17:14:56,timeslice,0,98.6,10743,16126,66.6
1785431696.536,17:14:56,timeslice,1,98.4,10697,16126,66.3
1785431696.536,17:14:56,timeslice,2,98.9,10743,16126,66.6
1785431696.536,17:14:56,timeslice,3,98.6,10743,16126,66.6
1785431696.536,17:14:56,timeslice,4,99.0,10697,16126,66.3
1785431696.536,17:14:56,timeslice,5,98.8,10743,16126,66.6
1785431696.536,17:14:56,timeslice,6,98.6,10744,16126,66.6
1785431696.536,17:14:56,timeslice,7,98.7,10697,16126,66.3
1785431697.536,17:14:57,timeslice,0,98.6,10743,16126,66.6
1785431697.536,17:14:57,timeslice,1,98.4,10697,16126,66.3
1785431697.536,17:14:57,timeslice,2,98.9,10743,16126,66.6
1785431697.536,17:14:57,timeslice,3,98.6,10743,16126,66.6
1785431697.536,17:14:57,timeslice,4,99.0,10697,16126,66.3
1785431697.536,17:14:57,timeslice,5,98.8,10743,16126,66.6
1785431697.536,17:14:57,timeslice,6,98.6,10744,16126,66.6
1785431697.536,17:14:57,timeslice,7,98.7,10697,16126,66.3
1785431698.536,17:14:58,timeslice,0,98.6,10743,16126,66.6
1785431698.536,17:14:58,timeslice,1,98.4,10697,16126,66.3
1785431698.536,17:14:58,timeslice,2,98.9,10743,16126,66.6
1785431698.536,17:14:58,timeslice,3,98.6,10743,16126,66.6
1785431698.536,17:14:58,timeslice,4,99.0,10697,16126,66.3
1785431698.536,17:14:58,timeslice,5,98.8,10743,16126,66.6
1785431698.536,17:14:58,timeslice,6,98.6,10744,16126,66.6
1785431698.536,17:14:58,timeslice,7,98.7,10697,16126,66.3
1785431699.536,17:14:59,timeslice,0,98.6,10743,16126,66.6
1785431699.536,17:14:59,timeslice,1,98.4,10697,16126,66.3
1785431699.536,17:14:59,timeslice,2,98.9,10743,16126,66.6
1785431699.536,17:14:59,timeslice,3,98.6,10743,16126,66.6
1785431699.536,17:14:59,timeslice,4,99.0,10697,16126,66.3
1785431699.536,17:14:59,timeslice,5,98.8,10743,16126,66.6
1785431699.536,17:14:59,timeslice,6,98.6,10744,16126,66.6
1785431699.536,17:14:59,timeslice,7,98.7,10697,16126,66.3
1785431700.536,17:15:00,timeslice,0,98.6,10743,16126,66.6
1785431700.536,17:15:00,timeslice,1,98.4,10697,16126,66.3
1785431700.536,17:15:00,timeslice,2,98.9,10743,16126,66.6
1785431700.536,17:15:00,timeslice,3,98.6,10743,16126,66.6
1785431700.536,17:15:00,timeslice,4,99.0,10697,16126,66.3
1785431700.536,17:15:00,timeslice,5,98.8,10743,16126,66.6
1785431700.536,17:15:00,timeslice,6,98.6,10744,16126,66.6
1785431700.536,17:15:00,timeslice,7,98.7,10697,16126,66.3
1785431701.536,17:15:01,timeslice,0,98.7,8510,16126,52.8
1785431701.536,17:15:01,timeslice,1,98.6,8782,16126,54.5
1785431701.536,17:15:01,timeslice,2,98.9,8462,16126,52.5
1785431701.536,17:15:01,timeslice,3,98.7,8478,16126,52.6
1785431701.536,17:15:01,timeslice,4,98.8,8718,16126,54.1
1785431701.536,17:15:01,timeslice,5,98.8,8462,16126,52.5
1785431701.536,17:15:01,timeslice,6,98.6,8592,16126,53.3
1785431701.536,17:15:01,timeslice,7,98.6,8718,16126,54.1
1785431702.536,17:15:02,timeslice,0,98.7,8510,16126,52.8
1785431702.536,17:15:02,timeslice,1,98.6,8782,16126,54.5
1785431702.536,17:15:02,timeslice,2,98.9,8462,16126,52.5
1785431702.536,17:15:02,timeslice,3,98.7,8478,16126,52.6
1785431702.536,17:15:02,timeslice,4,98.8,8718,16126,54.1
1785431702.536,17:15:02,timeslice,5,98.8,8462,16126,52.5
1785431702.536,17:15:02,timeslice,6,98.6,8592,16126,53.3
1785431702.536,17:15:02,timeslice,7,98.6,8718,16126,54.1
1785431703.537,17:15:03,timeslice,0,98.7,8510,16126,52.8
1785431703.537,17:15:03,timeslice,1,98.6,8782,16126,54.5
1785431703.537,17:15:03,timeslice,2,98.9,8462,16126,52.5
1785431703.537,17:15:03,timeslice,3,98.7,8478,16126,52.6
1785431703.537,17:15:03,timeslice,4,98.8,8718,16126,54.1
1785431703.537,17:15:03,timeslice,5,98.8,8462,16126,52.5
1785431703.537,17:15:03,timeslice,6,98.6,8592,16126,53.3
1785431703.537,17:15:03,timeslice,7,98.6,8718,16126,54.1
1785431704.537,17:15:04,timeslice,0,98.7,8510,16126,52.8
1785431704.537,17:15:04,timeslice,1,98.6,8782,16126,54.5
1785431704.537,17:15:04,timeslice,2,98.9,8462,16126,52.5
1785431704.537,17:15:04,timeslice,3,98.7,8478,16126,52.6
1785431704.537,17:15:04,timeslice,4,98.8,8718,16126,54.1
1785431704.537,17:15:04,timeslice,5,98.8,8462,16126,52.5
1785431704.537,17:15:04,timeslice,6,98.6,8592,16126,53.3
1785431704.537,17:15:04,timeslice,7,98.6,8718,16126,54.1
1785431705.537,17:15:05,timeslice,0,98.7,8510,16126,52.8
1785431705.537,17:15:05,timeslice,1,98.6,8782,16126,54.5
1785431705.537,17:15:05,timeslice,2,98.9,8462,16126,52.5
1785431705.537,17:15:05,timeslice,3,98.7,8478,16126,52.6
1785431705.537,17:15:05,timeslice,4,98.8,8718,16126,54.1
1785431705.537,17:15:05,timeslice,5,98.8,8462,16126,52.5
1785431705.537,17:15:05,timeslice,6,98.6,8592,16126,53.3
1785431705.537,17:15:05,timeslice,7,98.6,8718,16126,54.1
1785431706.537,17:15:06,timeslice,0,96.6,10603,16126,65.8
1785431706.537,17:15:06,timeslice,1,96.9,10603,16126,65.8
1785431706.537,17:15:06,timeslice,2,97.2,10603,16126,65.8
1785431706.537,17:15:06,timeslice,3,96.8,10603,16126,65.8
1785431706.537,17:15:06,timeslice,4,97.0,10603,16126,65.8
1785431706.537,17:15:06,timeslice,5,97.1,10603,16126,65.8
1785431706.537,17:15:06,timeslice,6,97.2,10605,16126,65.8
1785431706.537,17:15:06,timeslice,7,96.8,10603,16126,65.8
1785431707.537,17:15:07,timeslice,0,96.6,10603,16126,65.8
1785431707.537,17:15:07,timeslice,1,96.9,10603,16126,65.8
1785431707.537,17:15:07,timeslice,2,97.2,10603,16126,65.8
1785431707.537,17:15:07,timeslice,3,96.8,10603,16126,65.8
1785431707.537,17:15:07,timeslice,4,97.0,10603,16126,65.8
1785431707.537,17:15:07,timeslice,5,97.1,10603,16126,65.8
1785431707.537,17:15:07,timeslice,6,97.2,10605,16126,65.8
1785431707.537,17:15:07,timeslice,7,96.8,10603,16126,65.8
1785431708.537,17:15:08,timeslice,0,96.6,10603,16126,65.8
1785431708.537,17:15:08,timeslice,1,96.9,10603,16126,65.8
1785431708.537,17:15:08,timeslice,2,97.2,10603,16126,65.8
1785431708.537,17:15:08,timeslice,3,96.8,10603,16126,65.8
1785431708.537,17:15:08,timeslice,4,97.0,10603,16126,65.8
1785431708.537,17:15:08,timeslice,5,97.1,10603,16126,65.8
1785431708.537,17:15:08,timeslice,6,97.2,10605,16126,65.8
1785431708.537,17:15:08,timeslice,7,96.8,10603,16126,65.8
1785431709.537,17:15:09,timeslice,0,96.6,10603,16126,65.8
1785431709.537,17:15:09,timeslice,1,96.9,10603,16126,65.8
1785431709.537,17:15:09,timeslice,2,97.2,10603,16126,65.8
1785431709.537,17:15:09,timeslice,3,96.8,10603,16126,65.8
1785431709.537,17:15:09,timeslice,4,97.0,10603,16126,65.8
1785431709.537,17:15:09,timeslice,5,97.1,10603,16126,65.8
1785431709.537,17:15:09,timeslice,6,97.2,10605,16126,65.8
1785431709.537,17:15:09,timeslice,7,96.8,10603,16126,65.8
1785431710.537,17:15:10,timeslice,0,96.6,10603,16126,65.8
1785431710.537,17:15:10,timeslice,1,96.9,10603,16126,65.8
1785431710.537,17:15:10,timeslice,2,97.2,10603,16126,65.8
1785431710.537,17:15:10,timeslice,3,96.8,10603,16126,65.8
1785431710.537,17:15:10,timeslice,4,97.0,10603,16126,65.8
1785431710.537,17:15:10,timeslice,5,97.1,10603,16126,65.8
1785431710.537,17:15:10,timeslice,6,97.2,10605,16126,65.8
1785431710.537,17:15:10,timeslice,7,96.8,10603,16126,65.8
1785431711.538,17:15:11,timeslice,0,100.0,8606,16126,53.4
1785431711.538,17:15:11,timeslice,1,100.0,8591,16126,53.3
1785431711.538,17:15:11,timeslice,2,100.0,8558,16126,53.1
1785431711.538,17:15:11,timeslice,3,100.0,8558,16126,53.1
1785431711.538,17:15:11,timeslice,4,100.0,8559,16126,53.1
1785431711.538,17:15:11,timeslice,5,100.0,8462,16126,52.5
1785431711.538,17:15:11,timeslice,6,100.0,8496,16126,52.7
1785431711.538,17:15:11,timeslice,7,100.0,8559,16126,53.1
1785431712.538,17:15:12,timeslice,0,100.0,8606,16126,53.4
1785431712.538,17:15:12,timeslice,1,100.0,8591,16126,53.3
1785431712.538,17:15:12,timeslice,2,100.0,8558,16126,53.1
1785431712.538,17:15:12,timeslice,3,100.0,8558,16126,53.1
1785431712.538,17:15:12,timeslice,4,100.0,8559,16126,53.1
1785431712.538,17:15:12,timeslice,5,100.0,8462,16126,52.5
1785431712.538,17:15:12,timeslice,6,100.0,8496,16126,52.7
1785431712.538,17:15:12,timeslice,7,100.0,8559,16126,53.1
1785431713.538,17:15:13,timeslice,0,100.0,8606,16126,53.4
1785431713.538,17:15:13,timeslice,1,100.0,8591,16126,53.3
1785431713.538,17:15:13,timeslice,2,100.0,8558,16126,53.1
1785431713.538,17:15:13,timeslice,3,100.0,8558,16126,53.1
1785431713.538,17:15:13,timeslice,4,100.0,8559,16126,53.1
1785431713.538,17:15:13,timeslice,5,100.0,8462,16126,52.5
1785431713.538,17:15:13,timeslice,6,100.0,8496,16126,52.7
1785431713.538,17:15:13,timeslice,7,100.0,8559,16126,53.1
1785431714.538,17:15:14,timeslice,0,100.0,8606,16126,53.4
1785431714.538,17:15:14,timeslice,1,100.0,8591,16126,53.3
1785431714.538,17:15:14,timeslice,2,100.0,8558,16126,53.1
1785431714.538,17:15:14,timeslice,3,100.0,8558,16126,53.1
1785431714.538,17:15:14,timeslice,4,100.0,8559,16126,53.1
1785431714.538,17:15:14,timeslice,5,100.0,8462,16126,52.5
1785431714.538,17:15:14,timeslice,6,100.0,8496,16126,52.7
1785431714.538,17:15:14,timeslice,7,100.0,8559,16126,53.1
1785431715.538,17:15:15,timeslice,0,100.0,8606,16126,53.4
1785431715.538,17:15:15,timeslice,1,100.0,8591,16126,53.3
1785431715.538,17:15:15,timeslice,2,100.0,8558,16126,53.1
1785431715.538,17:15:15,timeslice,3,100.0,8558,16126,53.1
1785431715.538,17:15:15,timeslice,4,100.0,8559,16126,53.1
1785431715.538,17:15:15,timeslice,5,100.0,8462,16126,52.5
1785431715.538,17:15:15,timeslice,6,100.0,8496,16126,52.7
1785431715.538,17:15:15,timeslice,7,100.0,8559,16126,53.1
1785431716.538,17:15:16,timeslice,0,98.4,10603,16126,65.8
1785431716.538,17:15:16,timeslice,1,98.0,10603,16126,65.8
1785431716.538,17:15:16,timeslice,2,98.5,10603,16126,65.8
1785431716.538,17:15:16,timeslice,3,98.8,10603,16126,65.8
1785431716.538,17:15:16,timeslice,4,98.1,10603,16126,65.8
1785431716.538,17:15:16,timeslice,5,98.4,10603,16126,65.8
1785431716.538,17:15:16,timeslice,6,98.3,10605,16126,65.8
1785431716.538,17:15:16,timeslice,7,98.3,10603,16126,65.8
1785431717.538,17:15:17,timeslice,0,98.4,10603,16126,65.8
1785431717.538,17:15:17,timeslice,1,98.0,10603,16126,65.8
1785431717.538,17:15:17,timeslice,2,98.5,10603,16126,65.8
1785431717.538,17:15:17,timeslice,3,98.8,10603,16126,65.8
1785431717.538,17:15:17,timeslice,4,98.1,10603,16126,65.8
1785431717.538,17:15:17,timeslice,5,98.4,10603,16126,65.8
1785431717.538,17:15:17,timeslice,6,98.3,10605,16126,65.8
1785431717.538,17:15:17,timeslice,7,98.3,10603,16126,65.8
1785431718.538,17:15:18,timeslice,0,98.4,10603,16126,65.8
1785431718.538,17:15:18,timeslice,1,98.0,10603,16126,65.8
1785431718.538,17:15:18,timeslice,2,98.5,10603,16126,65.8
1785431718.538,17:15:18,timeslice,3,98.8,10603,16126,65.8
1785431718.538,17:15:18,timeslice,4,98.1,10603,16126,65.8
1785431718.538,17:15:18,timeslice,5,98.4,10603,16126,65.8
1785431718.538,17:15:18,timeslice,6,98.3,10605,16126,65.8
1785431718.538,17:15:18,timeslice,7,98.3,10603,16126,65.8
1785431719.539,17:15:19,timeslice,0,98.4,10603,16126,65.8
1785431719.539,17:15:19,timeslice,1,98.0,10603,16126,65.8
1785431719.539,17:15:19,timeslice,2,98.5,10603,16126,65.8
1785431719.539,17:15:19,timeslice,3,98.8,10603,16126,65.8
1785431719.539,17:15:19,timeslice,4,98.1,10603,16126,65.8
1785431719.539,17:15:19,timeslice,5,98.4,10603,16126,65.8
1785431719.539,17:15:19,timeslice,6,98.3,10605,16126,65.8
1785431719.539,17:15:19,timeslice,7,98.3,10603,16126,65.8
1785431720.539,17:15:20,timeslice,0,98.4,10603,16126,65.8
1785431720.539,17:15:20,timeslice,1,98.0,10603,16126,65.8
1785431720.539,17:15:20,timeslice,2,98.5,10603,16126,65.8
1785431720.539,17:15:20,timeslice,3,98.8,10603,16126,65.8
1785431720.539,17:15:20,timeslice,4,98.1,10603,16126,65.8
1785431720.539,17:15:20,timeslice,5,98.4,10603,16126,65.8
1785431720.539,17:15:20,timeslice,6,98.3,10605,16126,65.8
1785431720.539,17:15:20,timeslice,7,98.3,10603,16126,65.8
1785431721.539,17:15:21,timeslice,0,99.5,8575,16126,53.2
1785431721.539,17:15:21,timeslice,1,99.4,8463,16126,52.5
1785431721.539,17:15:21,timeslice,2,96.8,8575,16126,53.2
1785431721.539,17:15:21,timeslice,3,99.4,8575,16126,53.2
1785431721.539,17:15:21,timeslice,4,99.4,8366,16126,51.9
1785431721.539,17:15:21,timeslice,5,99.4,8575,16126,53.2
1785431721.539,17:15:21,timeslice,6,99.2,8624,16126,53.5
1785431721.539,17:15:21,timeslice,7,99.3,8366,16126,51.9
1785431722.539,17:15:22,timeslice,0,99.5,8575,16126,53.2
1785431722.539,17:15:22,timeslice,1,99.4,8463,16126,52.5
1785431722.539,17:15:22,timeslice,2,96.8,8575,16126,53.2
1785431722.539,17:15:22,timeslice,3,99.4,8575,16126,53.2
1785431722.539,17:15:22,timeslice,4,99.4,8366,16126,51.9
1785431722.539,17:15:22,timeslice,5,99.4,8575,16126,53.2
1785431722.539,17:15:22,timeslice,6,99.2,8624,16126,53.5
1785431722.539,17:15:22,timeslice,7,99.3,8366,16126,51.9
1785431723.539,17:15:23,timeslice,0,99.5,8575,16126,53.2
1785431723.539,17:15:23,timeslice,1,99.4,8463,16126,52.5
1785431723.539,17:15:23,timeslice,2,96.8,8575,16126,53.2
1785431723.539,17:15:23,timeslice,3,99.4,8575,16126,53.2
1785431723.539,17:15:23,timeslice,4,99.4,8366,16126,51.9
1785431723.539,17:15:23,timeslice,5,99.4,8575,16126,53.2
1785431723.539,17:15:23,timeslice,6,99.2,8624,16126,53.5
1785431723.539,17:15:23,timeslice,7,99.3,8366,16126,51.9
1785431724.539,17:15:24,timeslice,0,99.5,8575,16126,53.2
1785431724.539,17:15:24,timeslice,1,99.4,8463,16126,52.5
1785431724.539,17:15:24,timeslice,2,96.8,8575,16126,53.2
1785431724.539,17:15:24,timeslice,3,99.4,8575,16126,53.2
1785431724.539,17:15:24,timeslice,4,99.4,8366,16126,51.9
1785431724.539,17:15:24,timeslice,5,99.4,8575,16126,53.2
1785431724.539,17:15:24,timeslice,6,99.2,8624,16126,53.5
1785431724.539,17:15:24,timeslice,7,99.3,8366,16126,51.9
1785431725.539,17:15:25,timeslice,0,99.5,8575,16126,53.2
1785431725.539,17:15:25,timeslice,1,99.4,8463,16126,52.5
1785431725.539,17:15:25,timeslice,2,96.8,8575,16126,53.2
1785431725.539,17:15:25,timeslice,3,99.4,8575,16126,53.2
1785431725.539,17:15:25,timeslice,4,99.4,8366,16126,51.9
1785431725.539,17:15:25,timeslice,5,99.4,8575,16126,53.2
1785431725.539,17:15:25,timeslice,6,99.2,8624,16126,53.5
1785431725.539,17:15:25,timeslice,7,99.3,8366,16126,51.9
1785431726.539,17:15:26,timeslice,0,98.4,10603,16126,65.8
1785431726.539,17:15:26,timeslice,1,98.4,10603,16126,65.8
1785431726.539,17:15:26,timeslice,2,100.0,10603,16126,65.8
1785431726.539,17:15:26,timeslice,3,98.5,10603,16126,65.8
1785431726.539,17:15:26,timeslice,4,98.5,10603,16126,65.8
1785431726.539,17:15:26,timeslice,5,98.6,10603,16126,65.8
1785431726.539,17:15:26,timeslice,6,98.3,10605,16126,65.8
1785431726.539,17:15:26,timeslice,7,98.3,10603,16126,65.8
1785431727.539,17:15:27,timeslice,0,98.4,10603,16126,65.8
1785431727.539,17:15:27,timeslice,1,98.4,10603,16126,65.8
1785431727.539,17:15:27,timeslice,2,100.0,10603,16126,65.8
1785431727.539,17:15:27,timeslice,3,98.5,10603,16126,65.8
1785431727.539,17:15:27,timeslice,4,98.5,10603,16126,65.8
1785431727.539,17:15:27,timeslice,5,98.6,10603,16126,65.8
1785431727.539,17:15:27,timeslice,6,98.3,10605,16126,65.8
1785431727.539,17:15:27,timeslice,7,98.3,10603,16126,65.8
1785431728.539,17:15:28,timeslice,0,98.4,10603,16126,65.8
1785431728.539,17:15:28,timeslice,1,98.4,10603,16126,65.8
1785431728.539,17:15:28,timeslice,2,100.0,10603,16126,65.8
1785431728.539,17:15:28,timeslice,3,98.5,10603,16126,65.8
1785431728.539,17:15:28,timeslice,4,98.5,10603,16126,65.8
1785431728.539,17:15:28,timeslice,5,98.6,10603,16126,65.8
1785431728.539,17:15:28,timeslice,6,98.3,10605,16126,65.8
1785431728.539,17:15:28,timeslice,7,98.3,10603,16126,65.8
1785431729.54,17:15:29,timeslice,0,98.4,10603,16126,65.8
1785431729.54,17:15:29,timeslice,1,98.4,10603,16126,65.8
1785431729.54,17:15:29,timeslice,2,100.0,10603,16126,65.8
1785431729.54,17:15:29,timeslice,3,98.5,10603,16126,65.8
1785431729.54,17:15:29,timeslice,4,98.5,10603,16126,65.8
1785431729.54,17:15:29,timeslice,5,98.6,10603,16126,65.8
1785431729.54,17:15:29,timeslice,6,98.3,10605,16126,65.8
1785431729.54,17:15:29,timeslice,7,98.3,10603,16126,65.8
1785431730.54,17:15:30,timeslice,0,98.4,10603,16126,65.8
1785431730.54,17:15:30,timeslice,1,98.4,10603,16126,65.8
1785431730.54,17:15:30,timeslice,2,100.0,10603,16126,65.8
1785431730.54,17:15:30,timeslice,3,98.5,10603,16126,65.8
1785431730.54,17:15:30,timeslice,4,98.5,10603,16126,65.8
1785431730.54,17:15:30,timeslice,5,98.6,10603,16126,65.8
1785431730.54,17:15:30,timeslice,6,98.3,10605,16126,65.8
1785431730.54,17:15:30,timeslice,7,98.3,10603,16126,65.8
1785431731.54,17:15:31,timeslice,0,97.1,10743,16126,66.6
1785431731.54,17:15:31,timeslice,1,97.0,10743,16126,66.6
1785431731.54,17:15:31,timeslice,2,98.0,10743,16126,66.6
1785431731.54,17:15:31,timeslice,3,96.9,10743,16126,66.6
1785431731.54,17:15:31,timeslice,4,97.1,10743,16126,66.6
1785431731.54,17:15:31,timeslice,5,97.0,10743,16126,66.6
1785431731.54,17:15:31,timeslice,6,96.8,10744,16126,66.6
1785431731.54,17:15:31,timeslice,7,97.0,10743,16126,66.6
1785431732.54,17:15:32,timeslice,0,97.1,10743,16126,66.6
1785431732.54,17:15:32,timeslice,1,97.0,10743,16126,66.6
1785431732.54,17:15:32,timeslice,2,98.0,10743,16126,66.6
1785431732.54,17:15:32,timeslice,3,96.9,10743,16126,66.6
1785431732.54,17:15:32,timeslice,4,97.1,10743,16126,66.6
1785431732.54,17:15:32,timeslice,5,97.0,10743,16126,66.6
1785431732.54,17:15:32,timeslice,6,96.8,10744,16126,66.6
1785431732.54,17:15:32,timeslice,7,97.0,10743,16126,66.6
1785431733.54,17:15:33,timeslice,0,97.1,10743,16126,66.6
1785431733.54,17:15:33,timeslice,1,97.0,10743,16126,66.6
1785431733.54,17:15:33,timeslice,2,98.0,10743,16126,66.6
1785431733.54,17:15:33,timeslice,3,96.9,10743,16126,66.6
1785431733.54,17:15:33,timeslice,4,97.1,10743,16126,66.6
1785431733.54,17:15:33,timeslice,5,97.0,10743,16126,66.6
1785431733.54,17:15:33,timeslice,6,96.8,10744,16126,66.6
1785431733.54,17:15:33,timeslice,7,97.0,10743,16126,66.6
1785431734.54,17:15:34,timeslice,0,97.1,10743,16126,66.6
1785431734.54,17:15:34,timeslice,1,97.0,10743,16126,66.6
1785431734.54,17:15:34,timeslice,2,98.0,10743,16126,66.6
1785431734.54,17:15:34,timeslice,3,96.9,10743,16126,66.6
1785431734.54,17:15:34,timeslice,4,97.1,10743,16126,66.6
1785431734.54,17:15:34,timeslice,5,97.0,10743,16126,66.6
1785431734.54,17:15:34,timeslice,6,96.8,10744,16126,66.6
1785431734.54,17:15:34,timeslice,7,97.0,10743,16126,66.6
1785431735.54,17:15:35,timeslice,0,97.1,10743,16126,66.6
1785431735.54,17:15:35,timeslice,1,97.0,10743,16126,66.6
1785431735.54,17:15:35,timeslice,2,98.0,10743,16126,66.6
1785431735.54,17:15:35,timeslice,3,96.9,10743,16126,66.6
1785431735.54,17:15:35,timeslice,4,97.1,10743,16126,66.6
1785431735.54,17:15:35,timeslice,5,97.0,10743,16126,66.6
1785431735.54,17:15:35,timeslice,6,96.8,10744,16126,66.6
1785431735.54,17:15:35,timeslice,7,97.0,10743,16126,66.6
1785431736.54,17:15:36,timeslice,0,100.0,8558,16126,53.1
1785431736.54,17:15:36,timeslice,1,100.0,8559,16126,53.1
1785431736.54,17:15:36,timeslice,2,100.0,8511,16126,52.8
1785431736.54,17:15:36,timeslice,3,100.0,8446,16126,52.4
1785431736.54,17:15:36,timeslice,4,100.0,8510,16126,52.8
1785431736.54,17:15:36,timeslice,5,99.6,8575,16126,53.2
1785431736.54,17:15:36,timeslice,6,99.9,8576,16126,53.2
1785431736.54,17:15:36,timeslice,7,100.0,8510,16126,52.8
1785431737.541,17:15:37,timeslice,0,100.0,8558,16126,53.1
1785431737.541,17:15:37,timeslice,1,100.0,8559,16126,53.1
1785431737.541,17:15:37,timeslice,2,100.0,8511,16126,52.8
1785431737.541,17:15:37,timeslice,3,100.0,8446,16126,52.4
1785431737.541,17:15:37,timeslice,4,100.0,8510,16126,52.8
1785431737.541,17:15:37,timeslice,5,99.6,8575,16126,53.2
1785431737.541,17:15:37,timeslice,6,99.9,8576,16126,53.2
1785431737.541,17:15:37,timeslice,7,100.0,8510,16126,52.8
1785431738.541,17:15:38,timeslice,0,100.0,8558,16126,53.1
1785431738.541,17:15:38,timeslice,1,100.0,8559,16126,53.1
1785431738.541,17:15:38,timeslice,2,100.0,8511,16126,52.8
1785431738.541,17:15:38,timeslice,3,100.0,8446,16126,52.4
1785431738.541,17:15:38,timeslice,4,100.0,8510,16126,52.8
1785431738.541,17:15:38,timeslice,5,99.6,8575,16126,53.2
1785431738.541,17:15:38,timeslice,6,99.9,8576,16126,53.2
1785431738.541,17:15:38,timeslice,7,100.0,8510,16126,52.8
1785431739.541,17:15:39,timeslice,0,100.0,8558,16126,53.1
1785431739.541,17:15:39,timeslice,1,100.0,8559,16126,53.1
1785431739.541,17:15:39,timeslice,2,100.0,8511,16126,52.8
1785431739.541,17:15:39,timeslice,3,100.0,8446,16126,52.4
1785431739.541,17:15:39,timeslice,4,100.0,8510,16126,52.8
1785431739.541,17:15:39,timeslice,5,99.6,8575,16126,53.2
1785431739.541,17:15:39,timeslice,6,99.9,8576,16126,53.2
1785431739.541,17:15:39,timeslice,7,100.0,8510,16126,52.8
1785431740.541,17:15:40,timeslice,0,100.0,8558,16126,53.1
1785431740.541,17:15:40,timeslice,1,100.0,8559,16126,53.1
1785431740.541,17:15:40,timeslice,2,100.0,8511,16126,52.8
1785431740.541,17:15:40,timeslice,3,100.0,8446,16126,52.4
1785431740.541,17:15:40,timeslice,4,100.0,8510,16126,52.8
1785431740.541,17:15:40,timeslice,5,99.6,8575,16126,53.2
1785431740.541,17:15:40,timeslice,6,99.9,8576,16126,53.2
1785431740.541,17:15:40,timeslice,7,100.0,8510,16126,52.8
1785431741.541,17:15:41,timeslice,0,97.8,10743,16126,66.6
1785431741.541,17:15:41,timeslice,1,97.9,10743,16126,66.6
1785431741.541,17:15:41,timeslice,2,98.3,10743,16126,66.6
1785431741.541,17:15:41,timeslice,3,97.8,10743,16126,66.6
1785431741.541,17:15:41,timeslice,4,98.1,10743,16126,66.6
1785431741.541,17:15:41,timeslice,5,97.9,10743,16126,66.6
1785431741.541,17:15:41,timeslice,6,97.7,10744,16126,66.6
1785431741.541,17:15:41,timeslice,7,97.4,10743,16126,66.6
1785431742.541,17:15:42,timeslice,0,97.8,10743,16126,66.6
1785431742.541,17:15:42,timeslice,1,97.9,10743,16126,66.6
1785431742.541,17:15:42,timeslice,2,98.3,10743,16126,66.6
1785431742.541,17:15:42,timeslice,3,97.8,10743,16126,66.6
1785431742.541,17:15:42,timeslice,4,98.1,10743,16126,66.6
1785431742.541,17:15:42,timeslice,5,97.9,10743,16126,66.6
1785431742.541,17:15:42,timeslice,6,97.7,10744,16126,66.6
1785431742.541,17:15:42,timeslice,7,97.4,10743,16126,66.6
1785431743.541,17:15:43,timeslice,0,97.8,10743,16126,66.6
1785431743.541,17:15:43,timeslice,1,97.9,10743,16126,66.6
1785431743.541,17:15:43,timeslice,2,98.3,10743,16126,66.6
1785431743.541,17:15:43,timeslice,3,97.8,10743,16126,66.6
1785431743.541,17:15:43,timeslice,4,98.1,10743,16126,66.6
1785431743.541,17:15:43,timeslice,5,97.9,10743,16126,66.6
1785431743.541,17:15:43,timeslice,6,97.7,10744,16126,66.6
1785431743.541,17:15:43,timeslice,7,97.4,10743,16126,66.6
1785431744.541,17:15:44,timeslice,0,97.8,10743,16126,66.6
1785431744.541,17:15:44,timeslice,1,97.9,10743,16126,66.6
1785431744.541,17:15:44,timeslice,2,98.3,10743,16126,66.6
1785431744.541,17:15:44,timeslice,3,97.8,10743,16126,66.6
1785431744.541,17:15:44,timeslice,4,98.1,10743,16126,66.6
1785431744.541,17:15:44,timeslice,5,97.9,10743,16126,66.6
1785431744.541,17:15:44,timeslice,6,97.7,10744,16126,66.6
1785431744.541,17:15:44,timeslice,7,97.4,10743,16126,66.6
1785431745.541,17:15:45,timeslice,0,97.8,10743,16126,66.6
1785431745.541,17:15:45,timeslice,1,97.9,10743,16126,66.6
1785431745.541,17:15:45,timeslice,2,98.3,10743,16126,66.6
1785431745.541,17:15:45,timeslice,3,97.8,10743,16126,66.6
1785431745.541,17:15:45,timeslice,4,98.1,10743,16126,66.6
1785431745.541,17:15:45,timeslice,5,97.9,10743,16126,66.6
1785431745.541,17:15:45,timeslice,6,97.7,10744,16126,66.6
1785431745.541,17:15:45,timeslice,7,97.4,10743,16126,66.6
1785431746.541,17:15:46,timeslice,0,99.4,8542,16126,53.0
1785431746.541,17:15:46,timeslice,1,99.0,8606,16126,53.4
1785431746.541,17:15:46,timeslice,2,98.9,8622,16126,53.5
1785431746.541,17:15:46,timeslice,3,99.2,8622,16126,53.5
1785431746.541,17:15:46,timeslice,4,99.0,8558,16126,53.1
1785431746.541,17:15:46,timeslice,5,99.1,8638,16126,53.6
1785431746.541,17:15:46,timeslice,6,99.2,8688,16126,53.9
1785431746.541,17:15:46,timeslice,7,99.4,8558,16126,53.1
1785431747.542,17:15:47,timeslice,0,99.4,8542,16126,53.0
1785431747.542,17:15:47,timeslice,1,99.0,8606,16126,53.4
1785431747.542,17:15:47,timeslice,2,98.9,8622,16126,53.5
1785431747.542,17:15:47,timeslice,3,99.2,8622,16126,53.5
1785431747.542,17:15:47,timeslice,4,99.0,8558,16126,53.1
1785431747.542,17:15:47,timeslice,5,99.1,8638,16126,53.6
1785431747.542,17:15:47,timeslice,6,99.2,8688,16126,53.9
1785431747.542,17:15:47,timeslice,7,99.4,8558,16126,53.1
1785431748.542,17:15:48,timeslice,0,99.4,8542,16126,53.0
1785431748.542,17:15:48,timeslice,1,99.0,8606,16126,53.4
1785431748.542,17:15:48,timeslice,2,98.9,8622,16126,53.5
1785431748.542,17:15:48,timeslice,3,99.2,8622,16126,53.5
1785431748.542,17:15:48,timeslice,4,99.0,8558,16126,53.1
1785431748.542,17:15:48,timeslice,5,99.1,8638,16126,53.6
1785431748.542,17:15:48,timeslice,6,99.2,8688,16126,53.9
1785431748.542,17:15:48,timeslice,7,99.4,8558,16126,53.1
1785431749.542,17:15:49,timeslice,0,99.4,8542,16126,53.0
1785431749.542,17:15:49,timeslice,1,99.0,8606,16126,53.4
1785431749.542,17:15:49,timeslice,2,98.9,8622,16126,53.5
1785431749.542,17:15:49,timeslice,3,99.2,8622,16126,53.5
1785431749.542,17:15:49,timeslice,4,99.0,8558,16126,53.1
1785431749.542,17:15:49,timeslice,5,99.1,8638,16126,53.6
1785431749.542,17:15:49,timeslice,6,99.2,8688,16126,53.9
1785431749.542,17:15:49,timeslice,7,99.4,8558,16126,53.1
1785431750.542,17:15:50,timeslice,0,99.4,8542,16126,53.0
1785431750.542,17:15:50,timeslice,1,99.0,8606,16126,53.4
1785431750.542,17:15:50,timeslice,2,98.9,8622,16126,53.5
1785431750.542,17:15:50,timeslice,3,99.2,8622,16126,53.5
1785431750.542,17:15:50,timeslice,4,99.0,8558,16126,53.1
1785431750.542,17:15:50,timeslice,5,99.1,8638,16126,53.6
1785431750.542,17:15:50,timeslice,6,99.2,8688,16126,53.9
1785431750.542,17:15:50,timeslice,7,99.4,8558,16126,53.1
1785431751.542,17:15:51,timeslice,0,96.5,10604,16126,65.8
1785431751.542,17:15:51,timeslice,1,96.4,10604,16126,65.8
1785431751.542,17:15:51,timeslice,2,96.5,10604,16126,65.8
1785431751.542,17:15:51,timeslice,3,96.1,10604,16126,65.8
1785431751.542,17:15:51,timeslice,4,96.4,10604,16126,65.8
1785431751.542,17:15:51,timeslice,5,96.2,10603,16126,65.8
1785431751.542,17:15:51,timeslice,6,96.3,10605,16126,65.8
1785431751.542,17:15:51,timeslice,7,96.5,10603,16126,65.8
1785431752.542,17:15:52,timeslice,0,96.5,10604,16126,65.8
1785431752.542,17:15:52,timeslice,1,96.4,10604,16126,65.8
1785431752.542,17:15:52,timeslice,2,96.5,10604,16126,65.8
1785431752.542,17:15:52,timeslice,3,96.1,10604,16126,65.8
1785431752.542,17:15:52,timeslice,4,96.4,10604,16126,65.8
1785431752.542,17:15:52,timeslice,5,96.2,10603,16126,65.8
1785431752.542,17:15:52,timeslice,6,96.3,10605,16126,65.8
1785431752.542,17:15:52,timeslice,7,96.5,10603,16126,65.8
1785431753.542,17:15:53,timeslice,0,96.5,10604,16126,65.8
1785431753.542,17:15:53,timeslice,1,96.4,10604,16126,65.8
1785431753.542,17:15:53,timeslice,2,96.5,10604,16126,65.8
1785431753.542,17:15:53,timeslice,3,96.1,10604,16126,65.8
1785431753.542,17:15:53,timeslice,4,96.4,10604,16126,65.8
1785431753.542,17:15:53,timeslice,5,96.2,10603,16126,65.8
1785431753.542,17:15:53,timeslice,6,96.3,10605,16126,65.8
1785431753.542,17:15:53,timeslice,7,96.5,10603,16126,65.8
1785431754.542,17:15:54,timeslice,0,96.5,10604,16126,65.8
1785431754.542,17:15:54,timeslice,1,96.4,10604,16126,65.8
1785431754.542,17:15:54,timeslice,2,96.5,10604,16126,65.8
1785431754.542,17:15:54,timeslice,3,96.1,10604,16126,65.8
1785431754.542,17:15:54,timeslice,4,96.4,10604,16126,65.8
1785431754.542,17:15:54,timeslice,5,96.2,10603,16126,65.8
1785431754.542,17:15:54,timeslice,6,96.3,10605,16126,65.8
1785431754.542,17:15:54,timeslice,7,96.5,10603,16126,65.8
1785431755.543,17:15:55,timeslice,0,96.5,10604,16126,65.8
1785431755.543,17:15:55,timeslice,1,96.4,10604,16126,65.8
1785431755.543,17:15:55,timeslice,2,96.5,10604,16126,65.8
1785431755.543,17:15:55,timeslice,3,96.1,10604,16126,65.8
1785431755.543,17:15:55,timeslice,4,96.4,10604,16126,65.8
1785431755.543,17:15:55,timeslice,5,96.2,10603,16126,65.8
1785431755.543,17:15:55,timeslice,6,96.3,10605,16126,65.8
1785431755.543,17:15:55,timeslice,7,96.5,10603,16126,65.8
1785431756.543,17:15:56,timeslice,0,100.0,8750,16126,54.3
1785431756.543,17:15:56,timeslice,1,100.0,8494,16126,52.7
1785431756.543,17:15:56,timeslice,2,100.0,8718,16126,54.1
1785431756.543,17:15:56,timeslice,3,100.0,8718,16126,54.1
1785431756.543,17:15:56,timeslice,4,100.0,8511,16126,52.8
1785431756.543,17:15:56,timeslice,5,100.0,8718,16126,54.1
1785431756.543,17:15:56,timeslice,6,100.0,8576,16126,53.2
1785431756.543,17:15:56,timeslice,7,100.0,8575,16126,53.2
1785431757.543,17:15:57,timeslice,0,100.0,8750,16126,54.3
1785431757.543,17:15:57,timeslice,1,100.0,8494,16126,52.7
1785431757.543,17:15:57,timeslice,2,100.0,8718,16126,54.1
1785431757.543,17:15:57,timeslice,3,100.0,8718,16126,54.1
1785431757.543,17:15:57,timeslice,4,100.0,8511,16126,52.8
1785431757.543,17:15:57,timeslice,5,100.0,8718,16126,54.1
1785431757.543,17:15:57,timeslice,6,100.0,8576,16126,53.2
1785431757.543,17:15:57,timeslice,7,100.0,8575,16126,53.2
1785431758.543,17:15:58,timeslice,0,100.0,8750,16126,54.3
1785431758.543,17:15:58,timeslice,1,100.0,8494,16126,52.7
1785431758.543,17:15:58,timeslice,2,100.0,8718,16126,54.1
1785431758.543,17:15:58,timeslice,3,100.0,8718,16126,54.1
1785431758.543,17:15:58,timeslice,4,100.0,8511,16126,52.8
1785431758.543,17:15:58,timeslice,5,100.0,8718,16126,54.1
1785431758.543,17:15:58,timeslice,6,100.0,8576,16126,53.2
1785431758.543,17:15:58,timeslice,7,100.0,8575,16126,53.2
1785431759.543,17:15:59,timeslice,0,100.0,8750,16126,54.3
1785431759.543,17:15:59,timeslice,1,100.0,8494,16126,52.7
1785431759.543,17:15:59,timeslice,2,100.0,8718,16126,54.1
1785431759.543,17:15:59,timeslice,3,100.0,8718,16126,54.1
1785431759.543,17:15:59,timeslice,4,100.0,8511,16126,52.8
1785431759.543,17:15:59,timeslice,5,100.0,8718,16126,54.1
1785431759.543,17:15:59,timeslice,6,100.0,8576,16126,53.2
1785431759.543,17:15:59,timeslice,7,100.0,8575,16126,53.2
1785431760.543,17:16:00,timeslice,0,100.0,8750,16126,54.3
1785431760.543,17:16:00,timeslice,1,100.0,8494,16126,52.7
1785431760.543,17:16:00,timeslice,2,100.0,8718,16126,54.1
1785431760.543,17:16:00,timeslice,3,100.0,8718,16126,54.1
1785431760.543,17:16:00,timeslice,4,100.0,8511,16126,52.8
1785431760.543,17:16:00,timeslice,5,100.0,8718,16126,54.1
1785431760.543,17:16:00,timeslice,6,100.0,8576,16126,53.2
1785431760.543,17:16:00,timeslice,7,100.0,8575,16126,53.2
1785431761.543,17:16:01,timeslice,0,98.4,10603,16126,65.8
1785431761.543,17:16:01,timeslice,1,98.0,10604,16126,65.8
1785431761.543,17:16:01,timeslice,2,98.0,10604,16126,65.8
1785431761.543,17:16:01,timeslice,3,97.9,10604,16126,65.8
1785431761.543,17:16:01,timeslice,4,98.5,10604,16126,65.8
1785431761.543,17:16:01,timeslice,5,98.2,10603,16126,65.8
1785431761.543,17:16:01,timeslice,6,98.2,10605,16126,65.8
1785431761.543,17:16:01,timeslice,7,98.3,10603,16126,65.8
1785431762.543,17:16:02,timeslice,0,98.4,10603,16126,65.8
1785431762.543,17:16:02,timeslice,1,98.0,10604,16126,65.8
1785431762.543,17:16:02,timeslice,2,98.0,10604,16126,65.8
1785431762.543,17:16:02,timeslice,3,97.9,10604,16126,65.8
1785431762.543,17:16:02,timeslice,4,98.5,10604,16126,65.8
1785431762.543,17:16:02,timeslice,5,98.2,10603,16126,65.8
1785431762.543,17:16:02,timeslice,6,98.2,10605,16126,65.8
1785431762.543,17:16:02,timeslice,7,98.3,10603,16126,65.8
1785431763.543,17:16:03,timeslice,0,98.4,10603,16126,65.8
1785431763.543,17:16:03,timeslice,1,98.0,10604,16126,65.8
1785431763.543,17:16:03,timeslice,2,98.0,10604,16126,65.8
1785431763.543,17:16:03,timeslice,3,97.9,10604,16126,65.8
1785431763.543,17:16:03,timeslice,4,98.5,10604,16126,65.8
1785431763.543,17:16:03,timeslice,5,98.2,10603,16126,65.8
1785431763.543,17:16:03,timeslice,6,98.2,10605,16126,65.8
1785431763.543,17:16:03,timeslice,7,98.3,10603,16126,65.8
1785431764.544,17:16:04,timeslice,0,98.4,10603,16126,65.8
1785431764.544,17:16:04,timeslice,1,98.0,10604,16126,65.8
1785431764.544,17:16:04,timeslice,2,98.0,10604,16126,65.8
1785431764.544,17:16:04,timeslice,3,97.9,10604,16126,65.8
1785431764.544,17:16:04,timeslice,4,98.5,10604,16126,65.8
1785431764.544,17:16:04,timeslice,5,98.2,10603,16126,65.8
1785431764.544,17:16:04,timeslice,6,98.2,10605,16126,65.8
1785431764.544,17:16:04,timeslice,7,98.3,10603,16126,65.8
1785431765.544,17:16:05,timeslice,0,98.4,10603,16126,65.8
1785431765.544,17:16:05,timeslice,1,98.0,10604,16126,65.8
1785431765.544,17:16:05,timeslice,2,98.0,10604,16126,65.8
1785431765.544,17:16:05,timeslice,3,97.9,10604,16126,65.8
1785431765.544,17:16:05,timeslice,4,98.5,10604,16126,65.8
1785431765.544,17:16:05,timeslice,5,98.2,10603,16126,65.8
1785431765.544,17:16:05,timeslice,6,98.2,10605,16126,65.8
1785431765.544,17:16:05,timeslice,7,98.3,10603,16126,65.8
1785431766.544,17:16:06,timeslice,0,99.6,8591,16126,53.3
1785431766.544,17:16:06,timeslice,1,99.9,8575,16126,53.2
1785431766.544,17:16:06,timeslice,2,99.5,8559,16126,53.1
1785431766.544,17:16:06,timeslice,3,99.7,8574,16126,53.2
1785431766.544,17:16:06,timeslice,4,100.0,8542,16126,53.0
1785431766.544,17:16:06,timeslice,5,99.8,8559,16126,53.1
1785431766.544,17:16:06,timeslice,6,99.5,8464,16126,52.5
1785431766.544,17:16:06,timeslice,7,99.8,8638,16126,53.6
1785431767.544,17:16:07,timeslice,0,99.6,8591,16126,53.3
1785431767.544,17:16:07,timeslice,1,99.9,8575,16126,53.2
1785431767.544,17:16:07,timeslice,2,99.5,8559,16126,53.1
1785431767.544,17:16:07,timeslice,3,99.7,8574,16126,53.2
1785431767.544,17:16:07,timeslice,4,100.0,8542,16126,53.0
1785431767.544,17:16:07,timeslice,5,99.8,8559,16126,53.1
1785431767.544,17:16:07,timeslice,6,99.5,8464,16126,52.5
1785431767.544,17:16:07,timeslice,7,99.8,8638,16126,53.6
1785431768.544,17:16:08,timeslice,0,99.6,8591,16126,53.3
1785431768.544,17:16:08,timeslice,1,99.9,8575,16126,53.2
1785431768.544,17:16:08,timeslice,2,99.5,8559,16126,53.1
1785431768.544,17:16:08,timeslice,3,99.7,8574,16126,53.2
1785431768.544,17:16:08,timeslice,4,100.0,8542,16126,53.0
1785431768.544,17:16:08,timeslice,5,99.8,8559,16126,53.1
1785431768.544,17:16:08,timeslice,6,99.5,8464,16126,52.5
1785431768.544,17:16:08,timeslice,7,99.8,8638,16126,53.6
1785431769.544,17:16:09,timeslice,0,99.6,8591,16126,53.3
1785431769.544,17:16:09,timeslice,1,99.9,8575,16126,53.2
1785431769.544,17:16:09,timeslice,2,99.5,8559,16126,53.1
1785431769.544,17:16:09,timeslice,3,99.7,8574,16126,53.2
1785431769.544,17:16:09,timeslice,4,100.0,8542,16126,53.0
1785431769.544,17:16:09,timeslice,5,99.8,8559,16126,53.1
1785431769.544,17:16:09,timeslice,6,99.5,8464,16126,52.5
1785431769.544,17:16:09,timeslice,7,99.8,8638,16126,53.6
1785431770.544,17:16:10,timeslice,0,99.6,8591,16126,53.3
1785431770.544,17:16:10,timeslice,1,99.9,8575,16126,53.2
1785431770.544,17:16:10,timeslice,2,99.5,8559,16126,53.1
1785431770.544,17:16:10,timeslice,3,99.7,8574,16126,53.2
1785431770.544,17:16:10,timeslice,4,100.0,8542,16126,53.0
1785431770.544,17:16:10,timeslice,5,99.8,8559,16126,53.1
1785431770.544,17:16:10,timeslice,6,99.5,8464,16126,52.5
1785431770.544,17:16:10,timeslice,7,99.8,8638,16126,53.6
1785431771.544,17:16:11,timeslice,0,97.8,10603,16126,65.8
1785431771.544,17:16:11,timeslice,1,98.4,10603,16126,65.8
1785431771.544,17:16:11,timeslice,2,98.1,10603,16126,65.8
1785431771.544,17:16:11,timeslice,3,97.9,10603,16126,65.8
1785431771.544,17:16:11,timeslice,4,98.4,10603,16126,65.8
1785431771.544,17:16:11,timeslice,5,98.2,10603,16126,65.8
1785431771.544,17:16:11,timeslice,6,97.8,10605,16126,65.8
1785431771.544,17:16:11,timeslice,7,98.3,10603,16126,65.8
1785431772.545,17:16:12,timeslice,0,97.8,10603,16126,65.8
1785431772.545,17:16:12,timeslice,1,98.4,10603,16126,65.8
1785431772.545,17:16:12,timeslice,2,98.1,10603,16126,65.8
1785431772.545,17:16:12,timeslice,3,97.9,10603,16126,65.8
1785431772.545,17:16:12,timeslice,4,98.4,10603,16126,65.8
1785431772.545,17:16:12,timeslice,5,98.2,10603,16126,65.8
1785431772.545,17:16:12,timeslice,6,97.8,10605,16126,65.8
1785431772.545,17:16:12,timeslice,7,98.3,10603,16126,65.8
1785431773.545,17:16:13,timeslice,0,97.8,10603,16126,65.8
1785431773.545,17:16:13,timeslice,1,98.4,10603,16126,65.8
1785431773.545,17:16:13,timeslice,2,98.1,10603,16126,65.8
1785431773.545,17:16:13,timeslice,3,97.9,10603,16126,65.8
1785431773.545,17:16:13,timeslice,4,98.4,10603,16126,65.8
1785431773.545,17:16:13,timeslice,5,98.2,10603,16126,65.8
1785431773.545,17:16:13,timeslice,6,97.8,10605,16126,65.8
1785431773.545,17:16:13,timeslice,7,98.3,10603,16126,65.8
1785431774.545,17:16:14,timeslice,0,97.8,10603,16126,65.8
1785431774.545,17:16:14,timeslice,1,98.4,10603,16126,65.8
1785431774.545,17:16:14,timeslice,2,98.1,10603,16126,65.8
1785431774.545,17:16:14,timeslice,3,97.9,10603,16126,65.8
1785431774.545,17:16:14,timeslice,4,98.4,10603,16126,65.8
1785431774.545,17:16:14,timeslice,5,98.2,10603,16126,65.8
1785431774.545,17:16:14,timeslice,6,97.8,10605,16126,65.8
1785431774.545,17:16:14,timeslice,7,98.3,10603,16126,65.8
1785431775.545,17:16:15,timeslice,0,97.8,10603,16126,65.8
1785431775.545,17:16:15,timeslice,1,98.4,10603,16126,65.8
1785431775.545,17:16:15,timeslice,2,98.1,10603,16126,65.8
1785431775.545,17:16:15,timeslice,3,97.9,10603,16126,65.8
1785431775.545,17:16:15,timeslice,4,98.4,10603,16126,65.8
1785431775.545,17:16:15,timeslice,5,98.2,10603,16126,65.8
1785431775.545,17:16:15,timeslice,6,97.8,10605,16126,65.8
1785431775.545,17:16:15,timeslice,7,98.3,10603,16126,65.8
1785431776.545,17:16:16,timeslice,0,95.9,10743,16126,66.6
1785431776.545,17:16:16,timeslice,1,96.4,10743,16126,66.6
1785431776.545,17:16:16,timeslice,2,96.1,10743,16126,66.6
1785431776.545,17:16:16,timeslice,3,97.0,10743,16126,66.6
1785431776.545,17:16:16,timeslice,4,96.6,10743,16126,66.6
1785431776.545,17:16:16,timeslice,5,96.8,10743,16126,66.6
1785431776.545,17:16:16,timeslice,6,96.6,10744,16126,66.6
1785431776.545,17:16:16,timeslice,7,96.9,10743,16126,66.6
1785431777.545,17:16:17,timeslice,0,95.9,10743,16126,66.6
1785431777.545,17:16:17,timeslice,1,96.4,10743,16126,66.6
1785431777.545,17:16:17,timeslice,2,96.1,10743,16126,66.6
1785431777.545,17:16:17,timeslice,3,97.0,10743,16126,66.6
1785431777.545,17:16:17,timeslice,4,96.6,10743,16126,66.6
1785431777.545,17:16:17,timeslice,5,96.8,10743,16126,66.6
1785431777.545,17:16:17,timeslice,6,96.6,10744,16126,66.6
1785431777.545,17:16:17,timeslice,7,96.9,10743,16126,66.6
1785431778.545,17:16:18,timeslice,0,95.9,10743,16126,66.6
1785431778.545,17:16:18,timeslice,1,96.4,10743,16126,66.6
1785431778.545,17:16:18,timeslice,2,96.1,10743,16126,66.6
1785431778.545,17:16:18,timeslice,3,97.0,10743,16126,66.6
1785431778.545,17:16:18,timeslice,4,96.6,10743,16126,66.6
1785431778.545,17:16:18,timeslice,5,96.8,10743,16126,66.6
1785431778.545,17:16:18,timeslice,6,96.6,10744,16126,66.6
1785431778.545,17:16:18,timeslice,7,96.9,10743,16126,66.6
1785431779.545,17:16:19,timeslice,0,95.9,10743,16126,66.6
1785431779.545,17:16:19,timeslice,1,96.4,10743,16126,66.6
1785431779.545,17:16:19,timeslice,2,96.1,10743,16126,66.6
1785431779.545,17:16:19,timeslice,3,97.0,10743,16126,66.6
1785431779.545,17:16:19,timeslice,4,96.6,10743,16126,66.6
1785431779.545,17:16:19,timeslice,5,96.8,10743,16126,66.6
1785431779.545,17:16:19,timeslice,6,96.6,10744,16126,66.6
1785431779.545,17:16:19,timeslice,7,96.9,10743,16126,66.6
1785431780.545,17:16:20,timeslice,0,95.9,10743,16126,66.6
1785431780.545,17:16:20,timeslice,1,96.4,10743,16126,66.6
1785431780.545,17:16:20,timeslice,2,96.1,10743,16126,66.6
1785431780.545,17:16:20,timeslice,3,97.0,10743,16126,66.6
1785431780.545,17:16:20,timeslice,4,96.6,10743,16126,66.6
1785431780.545,17:16:20,timeslice,5,96.8,10743,16126,66.6
1785431780.545,17:16:20,timeslice,6,96.6,10744,16126,66.6
1785431780.545,17:16:20,timeslice,7,96.9,10743,16126,66.6
1785431781.546,17:16:21,timeslice,0,100.0,8782,16126,54.5
1785431781.546,17:16:21,timeslice,1,100.0,8510,16126,52.8
1785431781.546,17:16:21,timeslice,2,100.0,8718,16126,54.1
1785431781.546,17:16:21,timeslice,3,100.0,8686,16126,53.9
1785431781.546,17:16:21,timeslice,4,100.0,8575,16126,53.2
1785431781.546,17:16:21,timeslice,5,100.0,8654,16126,53.7
1785431781.546,17:16:21,timeslice,6,100.0,8592,16126,53.3
1785431781.546,17:16:21,timeslice,7,100.0,8575,16126,53.2
1785431782.546,17:16:22,timeslice,0,100.0,8782,16126,54.5
1785431782.546,17:16:22,timeslice,1,100.0,8510,16126,52.8
1785431782.546,17:16:22,timeslice,2,100.0,8718,16126,54.1
1785431782.546,17:16:22,timeslice,3,100.0,8686,16126,53.9
1785431782.546,17:16:22,timeslice,4,100.0,8575,16126,53.2
1785431782.546,17:16:22,timeslice,5,100.0,8654,16126,53.7
1785431782.546,17:16:22,timeslice,6,100.0,8592,16126,53.3
1785431782.546,17:16:22,timeslice,7,100.0,8575,16126,53.2
1785431783.546,17:16:23,timeslice,0,100.0,8782,16126,54.5
1785431783.546,17:16:23,timeslice,1,100.0,8510,16126,52.8
1785431783.546,17:16:23,timeslice,2,100.0,8718,16126,54.1
1785431783.546,17:16:23,timeslice,3,100.0,8686,16126,53.9
1785431783.546,17:16:23,timeslice,4,100.0,8575,16126,53.2
1785431783.546,17:16:23,timeslice,5,100.0,8654,16126,53.7
1785431783.546,17:16:23,timeslice,6,100.0,8592,16126,53.3
1785431783.546,17:16:23,timeslice,7,100.0,8575,16126,53.2
1785431784.546,17:16:24,timeslice,0,100.0,8782,16126,54.5
1785431784.546,17:16:24,timeslice,1,100.0,8510,16126,52.8
1785431784.546,17:16:24,timeslice,2,100.0,8718,16126,54.1
1785431784.546,17:16:24,timeslice,3,100.0,8686,16126,53.9
1785431784.546,17:16:24,timeslice,4,100.0,8575,16126,53.2
1785431784.546,17:16:24,timeslice,5,100.0,8654,16126,53.7
1785431784.546,17:16:24,timeslice,6,100.0,8592,16126,53.3
1785431784.546,17:16:24,timeslice,7,100.0,8575,16126,53.2
1785431785.546,17:16:25,timeslice,0,100.0,8782,16126,54.5
1785431785.546,17:16:25,timeslice,1,100.0,8510,16126,52.8
1785431785.546,17:16:25,timeslice,2,100.0,8718,16126,54.1
1785431785.546,17:16:25,timeslice,3,100.0,8686,16126,53.9
1785431785.546,17:16:25,timeslice,4,100.0,8575,16126,53.2
1785431785.546,17:16:25,timeslice,5,100.0,8654,16126,53.7
1785431785.546,17:16:25,timeslice,6,100.0,8592,16126,53.3
1785431785.546,17:16:25,timeslice,7,100.0,8575,16126,53.2
1785431786.546,17:16:26,timeslice,0,97.8,10743,16126,66.6
1785431786.546,17:16:26,timeslice,1,98.0,10743,16126,66.6
1785431786.546,17:16:26,timeslice,2,98.4,10743,16126,66.6
1785431786.546,17:16:26,timeslice,3,98.3,10743,16126,66.6
1785431786.546,17:16:26,timeslice,4,98.3,10743,16126,66.6
1785431786.546,17:16:26,timeslice,5,97.7,10743,16126,66.6
1785431786.546,17:16:26,timeslice,6,97.6,10744,16126,66.6
1785431786.546,17:16:26,timeslice,7,98.9,10743,16126,66.6
1785431787.546,17:16:27,timeslice,0,97.8,10743,16126,66.6
1785431787.546,17:16:27,timeslice,1,98.0,10743,16126,66.6
1785431787.546,17:16:27,timeslice,2,98.4,10743,16126,66.6
1785431787.546,17:16:27,timeslice,3,98.3,10743,16126,66.6
1785431787.546,17:16:27,timeslice,4,98.3,10743,16126,66.6
1785431787.546,17:16:27,timeslice,5,97.7,10743,16126,66.6
1785431787.546,17:16:27,timeslice,6,97.6,10744,16126,66.6
1785431787.546,17:16:27,timeslice,7,98.9,10743,16126,66.6
1785431788.546,17:16:28,timeslice,0,97.8,10743,16126,66.6
1785431788.546,17:16:28,timeslice,1,98.0,10743,16126,66.6
1785431788.546,17:16:28,timeslice,2,98.4,10743,16126,66.6
1785431788.546,17:16:28,timeslice,3,98.3,10743,16126,66.6
1785431788.546,17:16:28,timeslice,4,98.3,10743,16126,66.6
1785431788.546,17:16:28,timeslice,5,97.7,10743,16126,66.6
1785431788.546,17:16:28,timeslice,6,97.6,10744,16126,66.6
1785431788.546,17:16:28,timeslice,7,98.9,10743,16126,66.6
1785431789.547,17:16:29,timeslice,0,97.8,10743,16126,66.6
1785431789.547,17:16:29,timeslice,1,98.0,10743,16126,66.6
1785431789.547,17:16:29,timeslice,2,98.4,10743,16126,66.6
1785431789.547,17:16:29,timeslice,3,98.3,10743,16126,66.6
1785431789.547,17:16:29,timeslice,4,98.3,10743,16126,66.6
1785431789.547,17:16:29,timeslice,5,97.7,10743,16126,66.6
1785431789.547,17:16:29,timeslice,6,97.6,10744,16126,66.6
1785431789.547,17:16:29,timeslice,7,98.9,10743,16126,66.6
1785431790.547,17:16:30,timeslice,0,97.8,10743,16126,66.6
1785431790.547,17:16:30,timeslice,1,98.0,10743,16126,66.6
1785431790.547,17:16:30,timeslice,2,98.4,10743,16126,66.6
1785431790.547,17:16:30,timeslice,3,98.3,10743,16126,66.6
1785431790.547,17:16:30,timeslice,4,98.3,10743,16126,66.6
1785431790.547,17:16:30,timeslice,5,97.7,10743,16126,66.6
1785431790.547,17:16:30,timeslice,6,97.6,10744,16126,66.6
1785431790.547,17:16:30,timeslice,7,98.9,10743,16126,66.6
1785431791.547,17:16:31,timeslice,0,99.7,8527,16126,52.9
1785431791.547,17:16:31,timeslice,1,99.7,8542,16126,53.0
1785431791.547,17:16:31,timeslice,2,99.7,8559,16126,53.1
1785431791.547,17:16:31,timeslice,3,99.9,8591,16126,53.3
1785431791.547,17:16:31,timeslice,4,100.0,8622,16126,53.5
1785431791.547,17:16:31,timeslice,5,99.7,8559,16126,53.1
1785431791.547,17:16:31,timeslice,6,100.0,8512,16126,52.8
1785431791.547,17:16:31,timeslice,7,99.8,8638,16126,53.6
1785431792.547,17:16:32,timeslice,0,99.7,8527,16126,52.9
1785431792.547,17:16:32,timeslice,1,99.7,8542,16126,53.0
1785431792.547,17:16:32,timeslice,2,99.7,8559,16126,53.1
1785431792.547,17:16:32,timeslice,3,99.9,8591,16126,53.3
1785431792.547,17:16:32,timeslice,4,100.0,8622,16126,53.5
1785431792.547,17:16:32,timeslice,5,99.7,8559,16126,53.1
1785431792.547,17:16:32,timeslice,6,100.0,8512,16126,52.8
1785431792.547,17:16:32,timeslice,7,99.8,8638,16126,53.6
1785431793.547,17:16:33,timeslice,0,99.7,8527,16126,52.9
1785431793.547,17:16:33,timeslice,1,99.7,8542,16126,53.0
1785431793.547,17:16:33,timeslice,2,99.7,8559,16126,53.1
1785431793.547,17:16:33,timeslice,3,99.9,8591,16126,53.3
1785431793.547,17:16:33,timeslice,4,100.0,8622,16126,53.5
1785431793.547,17:16:33,timeslice,5,99.7,8559,16126,53.1
1785431793.547,17:16:33,timeslice,6,100.0,8512,16126,52.8
1785431793.547,17:16:33,timeslice,7,99.8,8638,16126,53.6
1785431794.547,17:16:34,timeslice,0,99.7,8527,16126,52.9
1785431794.547,17:16:34,timeslice,1,99.7,8542,16126,53.0
1785431794.547,17:16:34,timeslice,2,99.7,8559,16126,53.1
1785431794.547,17:16:34,timeslice,3,99.9,8591,16126,53.3
1785431794.547,17:16:34,timeslice,4,100.0,8622,16126,53.5
1785431794.547,17:16:34,timeslice,5,99.7,8559,16126,53.1
1785431794.547,17:16:34,timeslice,6,100.0,8512,16126,52.8
1785431794.547,17:16:34,timeslice,7,99.8,8638,16126,53.6
1785431795.547,17:16:35,timeslice,0,99.7,8527,16126,52.9
1785431795.547,17:16:35,timeslice,1,99.7,8542,16126,53.0
1785431795.547,17:16:35,timeslice,2,99.7,8559,16126,53.1
1785431795.547,17:16:35,timeslice,3,99.9,8591,16126,53.3
1785431795.547,17:16:35,timeslice,4,100.0,8622,16126,53.5
1785431795.547,17:16:35,timeslice,5,99.7,8559,16126,53.1
1785431795.547,17:16:35,timeslice,6,100.0,8512,16126,52.8
1785431795.547,17:16:35,timeslice,7,99.8,8638,16126,53.6
1785431796.547,17:16:36,timeslice,0,96.3,10604,16126,65.8
1785431796.547,17:16:36,timeslice,1,95.9,10604,16126,65.8
1785431796.547,17:16:36,timeslice,2,96.1,10604,16126,65.8
1785431796.547,17:16:36,timeslice,3,96.0,10604,16126,65.8
1785431796.547,17:16:36,timeslice,4,96.2,10604,16126,65.8
1785431796.547,17:16:36,timeslice,5,96.0,10603,16126,65.8
1785431796.547,17:16:36,timeslice,6,96.2,10605,16126,65.8
1785431796.547,17:16:36,timeslice,7,95.9,10604,16126,65.8
1785431797.547,17:16:37,timeslice,0,96.3,10604,16126,65.8
1785431797.547,17:16:37,timeslice,1,95.9,10604,16126,65.8
1785431797.547,17:16:37,timeslice,2,96.1,10604,16126,65.8
1785431797.547,17:16:37,timeslice,3,96.0,10604,16126,65.8
1785431797.547,17:16:37,timeslice,4,96.2,10604,16126,65.8
1785431797.547,17:16:37,timeslice,5,96.0,10603,16126,65.8
1785431797.547,17:16:37,timeslice,6,96.2,10605,16126,65.8
1785431797.547,17:16:37,timeslice,7,95.9,10604,16126,65.8
1785431798.548,17:16:38,timeslice,0,96.3,10604,16126,65.8
1785431798.548,17:16:38,timeslice,1,95.9,10604,16126,65.8
1785431798.548,17:16:38,timeslice,2,96.1,10604,16126,65.8
1785431798.548,17:16:38,timeslice,3,96.0,10604,16126,65.8
1785431798.548,17:16:38,timeslice,4,96.2,10604,16126,65.8
1785431798.548,17:16:38,timeslice,5,96.0,10603,16126,65.8
1785431798.548,17:16:38,timeslice,6,96.2,10605,16126,65.8
1785431798.548,17:16:38,timeslice,7,95.9,10604,16126,65.8
1785431799.548,17:16:39,timeslice,0,96.3,10604,16126,65.8
1785431799.548,17:16:39,timeslice,1,95.9,10604,16126,65.8
1785431799.548,17:16:39,timeslice,2,96.1,10604,16126,65.8
1785431799.548,17:16:39,timeslice,3,96.0,10604,16126,65.8
1785431799.548,17:16:39,timeslice,4,96.2,10604,16126,65.8
1785431799.548,17:16:39,timeslice,5,96.0,10603,16126,65.8
1785431799.548,17:16:39,timeslice,6,96.2,10605,16126,65.8
1785431799.548,17:16:39,timeslice,7,95.9,10604,16126,65.8
1785431800.548,17:16:40,timeslice,0,96.3,10604,16126,65.8
1785431800.548,17:16:40,timeslice,1,95.9,10604,16126,65.8
1785431800.548,17:16:40,timeslice,2,96.1,10604,16126,65.8
1785431800.548,17:16:40,timeslice,3,96.0,10604,16126,65.8
1785431800.548,17:16:40,timeslice,4,96.2,10604,16126,65.8
1785431800.548,17:16:40,timeslice,5,96.0,10603,16126,65.8
1785431800.548,17:16:40,timeslice,6,96.2,10605,16126,65.8
1785431800.548,17:16:40,timeslice,7,95.9,10604,16126,65.8
1785431801.548,17:16:41,timeslice,0,100.0,8686,16126,53.9
1785431801.548,17:16:41,timeslice,1,100.0,8446,16126,52.4
1785431801.548,17:16:41,timeslice,2,100.0,8606,16126,53.4
1785431801.548,17:16:41,timeslice,3,100.0,8606,16126,53.4
1785431801.548,17:16:41,timeslice,4,100.0,8478,16126,52.6
1785431801.548,17:16:41,timeslice,5,100.0,8782,16126,54.5
1785431801.548,17:16:41,timeslice,6,100.0,8720,16126,54.1
1785431801.548,17:16:41,timeslice,7,100.0,8575,16126,53.2
1785431802.548,17:16:42,timeslice,0,100.0,8686,16126,53.9
1785431802.548,17:16:42,timeslice,1,100.0,8446,16126,52.4
1785431802.548,17:16:42,timeslice,2,100.0,8606,16126,53.4
1785431802.548,17:16:42,timeslice,3,100.0,8606,16126,53.4
1785431802.548,17:16:42,timeslice,4,100.0,8478,16126,52.6
1785431802.548,17:16:42,timeslice,5,100.0,8782,16126,54.5
1785431802.548,17:16:42,timeslice,6,100.0,8720,16126,54.1
1785431802.548,17:16:42,timeslice,7,100.0,8575,16126,53.2
1785431803.548,17:16:43,timeslice,0,100.0,8686,16126,53.9
1785431803.548,17:16:43,timeslice,1,100.0,8446,16126,52.4
1785431803.548,17:16:43,timeslice,2,100.0,8606,16126,53.4
1785431803.548,17:16:43,timeslice,3,100.0,8606,16126,53.4
1785431803.548,17:16:43,timeslice,4,100.0,8478,16126,52.6
1785431803.548,17:16:43,timeslice,5,100.0,8782,16126,54.5
1785431803.548,17:16:43,timeslice,6,100.0,8720,16126,54.1
1785431803.548,17:16:43,timeslice,7,100.0,8575,16126,53.2
1785431804.548,17:16:44,timeslice,0,100.0,8686,16126,53.9
1785431804.548,17:16:44,timeslice,1,100.0,8446,16126,52.4
1785431804.548,17:16:44,timeslice,2,100.0,8606,16126,53.4
1785431804.548,17:16:44,timeslice,3,100.0,8606,16126,53.4
1785431804.548,17:16:44,timeslice,4,100.0,8478,16126,52.6
1785431804.548,17:16:44,timeslice,5,100.0,8782,16126,54.5
1785431804.548,17:16:44,timeslice,6,100.0,8720,16126,54.1
1785431804.548,17:16:44,timeslice,7,100.0,8575,16126,53.2
1785431805.548,17:16:45,timeslice,0,100.0,8686,16126,53.9
1785431805.548,17:16:45,timeslice,1,100.0,8446,16126,52.4
1785431805.548,17:16:45,timeslice,2,100.0,8606,16126,53.4
1785431805.548,17:16:45,timeslice,3,100.0,8606,16126,53.4
1785431805.548,17:16:45,timeslice,4,100.0,8478,16126,52.6
1785431805.548,17:16:45,timeslice,5,100.0,8782,16126,54.5
1785431805.548,17:16:45,timeslice,6,100.0,8720,16126,54.1
1785431805.548,17:16:45,timeslice,7,100.0,8575,16126,53.2
1785431806.549,17:16:46,timeslice,0,98.1,10604,16126,65.8
1785431806.549,17:16:46,timeslice,1,97.9,10604,16126,65.8
1785431806.549,17:16:46,timeslice,2,98.5,10604,16126,65.8
1785431806.549,17:16:46,timeslice,3,97.5,10604,16126,65.8
1785431806.549,17:16:46,timeslice,4,97.9,10604,16126,65.8
1785431806.549,17:16:46,timeslice,5,99.5,10604,16126,65.8
1785431806.549,17:16:46,timeslice,6,98.2,10605,16126,65.8
1785431806.549,17:16:46,timeslice,7,97.7,10604,16126,65.8
1785431807.549,17:16:47,timeslice,0,98.1,10604,16126,65.8
1785431807.549,17:16:47,timeslice,1,97.9,10604,16126,65.8
1785431807.549,17:16:47,timeslice,2,98.5,10604,16126,65.8
1785431807.549,17:16:47,timeslice,3,97.5,10604,16126,65.8
1785431807.549,17:16:47,timeslice,4,97.9,10604,16126,65.8
1785431807.549,17:16:47,timeslice,5,99.5,10604,16126,65.8
1785431807.549,17:16:47,timeslice,6,98.2,10605,16126,65.8
1785431807.549,17:16:47,timeslice,7,97.7,10604,16126,65.8
1785431808.549,17:16:48,timeslice,0,98.1,10604,16126,65.8
1785431808.549,17:16:48,timeslice,1,97.9,10604,16126,65.8
1785431808.549,17:16:48,timeslice,2,98.5,10604,16126,65.8
1785431808.549,17:16:48,timeslice,3,97.5,10604,16126,65.8
1785431808.549,17:16:48,timeslice,4,97.9,10604,16126,65.8
1785431808.549,17:16:48,timeslice,5,99.5,10604,16126,65.8
1785431808.549,17:16:48,timeslice,6,98.2,10605,16126,65.8
1785431808.549,17:16:48,timeslice,7,97.7,10604,16126,65.8
1785431809.549,17:16:49,timeslice,0,98.1,10604,16126,65.8
1785431809.549,17:16:49,timeslice,1,97.9,10604,16126,65.8
1785431809.549,17:16:49,timeslice,2,98.5,10604,16126,65.8
1785431809.549,17:16:49,timeslice,3,97.5,10604,16126,65.8
1785431809.549,17:16:49,timeslice,4,97.9,10604,16126,65.8
1785431809.549,17:16:49,timeslice,5,99.5,10604,16126,65.8
1785431809.549,17:16:49,timeslice,6,98.2,10605,16126,65.8
1785431809.549,17:16:49,timeslice,7,97.7,10604,16126,65.8
1785431810.549,17:16:50,timeslice,0,98.1,10604,16126,65.8
1785431810.549,17:16:50,timeslice,1,97.9,10604,16126,65.8
1785431810.549,17:16:50,timeslice,2,98.5,10604,16126,65.8
1785431810.549,17:16:50,timeslice,3,97.5,10604,16126,65.8
1785431810.549,17:16:50,timeslice,4,97.9,10604,16126,65.8
1785431810.549,17:16:50,timeslice,5,99.5,10604,16126,65.8
1785431810.549,17:16:50,timeslice,6,98.2,10605,16126,65.8
1785431810.549,17:16:50,timeslice,7,97.7,10604,16126,65.8
1785431811.549,17:16:51,timeslice,0,99.8,8526,16126,52.9
1785431811.549,17:16:51,timeslice,1,100.0,8718,16126,54.1
1785431811.549,17:16:51,timeslice,2,99.9,8462,16126,52.5
1785431811.549,17:16:51,timeslice,3,100.0,8510,16126,52.8
1785431811.549,17:16:51,timeslice,4,99.7,8718,16126,54.1
1785431811.549,17:16:51,timeslice,5,99.3,8606,16126,53.4
1785431811.549,17:16:51,timeslice,6,100.0,8464,16126,52.5
1785431811.549,17:16:51,timeslice,7,100.0,8654,16126,53.7
1785431812.549,17:16:52,timeslice,0,99.8,8526,16126,52.9
1785431812.549,17:16:52,timeslice,1,100.0,8718,16126,54.1
1785431812.549,17:16:52,timeslice,2,99.9,8462,16126,52.5
1785431812.549,17:16:52,timeslice,3,100.0,8510,16126,52.8
1785431812.549,17:16:52,timeslice,4,99.7,8718,16126,54.1
1785431812.549,17:16:52,timeslice,5,99.3,8606,16126,53.4
1785431812.549,17:16:52,timeslice,6,100.0,8464,16126,52.5
1785431812.549,17:16:52,timeslice,7,100.0,8654,16126,53.7
1785431813.55,17:16:53,timeslice,0,0.0,0,0,0.0
1785431813.55,17:16:53,timeslice,1,0.0,0,0,0.0
1785431813.55,17:16:53,timeslice,2,0.0,0,0,0.0
1785431813.55,17:16:53,timeslice,3,0.0,0,0,0.0
1785431813.55,17:16:53,timeslice,4,0.0,0,0,0.0
1785431813.55,17:16:53,timeslice,5,0.0,0,0,0.0
1785431813.55,17:16:53,timeslice,6,0.0,0,0,0.0
1785431813.55,17:16:53,timeslice,7,0.0,0,0,0.0
1785431814.616,17:16:54,timeslice,0,0.0,0,0,0.0
1785431814.616,17:16:54,timeslice,1,0.0,0,0,0.0
1785431814.616,17:16:54,timeslice,2,0.0,0,0,0.0
1785431814.616,17:16:54,timeslice,3,0.0,0,0,0.0
1785431814.616,17:16:54,timeslice,4,0.0,0,0,0.0
1785431814.616,17:16:54,timeslice,5,0.0,0,0,0.0
1785431814.616,17:16:54,timeslice,6,0.0,0,0,0.0
1785431814.616,17:16:54,timeslice,7,0.0,0,0,0.0
1785431815.712,17:16:55,timeslice,0,0.0,0,0,0.0
1785431815.712,17:16:55,timeslice,1,0.0,0,0,0.0
1785431815.712,17:16:55,timeslice,2,0.0,0,0,0.0
1785431815.712,17:16:55,timeslice,3,0.0,0,0,0.0
1785431815.712,17:16:55,timeslice,4,0.0,0,0,0.0
1785431815.712,17:16:55,timeslice,5,0.0,0,0,0.0
1785431815.712,17:16:55,timeslice,6,0.0,0,0,0.0
1785431815.712,17:16:55,timeslice,7,0.0,0,0,0.0
1785431816.712,17:16:56,timeslice,0,0.0,0,0,0.0
1785431816.712,17:16:56,timeslice,1,0.0,0,0,0.0
1785431816.712,17:16:56,timeslice,2,0.0,0,0,0.0
1785431816.712,17:16:56,timeslice,3,0.0,0,0,0.0
1785431816.712,17:16:56,timeslice,4,0.0,0,0,0.0
1785431816.712,17:16:56,timeslice,5,0.0,0,0,0.0
1785431816.712,17:16:56,timeslice,6,0.0,0,0,0.0
1785431816.712,17:16:56,timeslice,7,0.0,0,0,0.0
1785431817.712,17:16:57,timeslice,0,0.0,0,0,0.0
1785431817.712,17:16:57,timeslice,1,0.0,0,0,0.0
1785431817.712,17:16:57,timeslice,2,0.0,0,0,0.0
1785431817.712,17:16:57,timeslice,3,0.0,0,0,0.0
1785431817.712,17:16:57,timeslice,4,0.0,0,0,0.0
1785431817.712,17:16:57,timeslice,5,0.0,0,0,0.0
1785431817.712,17:16:57,timeslice,6,0.0,0,0,0.0
1785431817.712,17:16:57,timeslice,7,0.0,0,0,0.0
1785431818.712,17:16:58,timeslice,0,0.0,0,0,0.0
1785431818.712,17:16:58,timeslice,1,0.0,0,0,0.0
1785431818.712,17:16:58,timeslice,2,0.0,0,0,0.0
1785431818.712,17:16:58,timeslice,3,0.0,0,0,0.0
1785431818.712,17:16:58,timeslice,4,0.0,0,0,0.0
1785431818.712,17:16:58,timeslice,5,0.0,0,0,0.0
1785431818.712,17:16:58,timeslice,6,0.0,0,0,0.0
1785431818.712,17:16:58,timeslice,7,0.0,0,0,0.0
1785431819.712,17:16:59,timeslice,0,0.0,0,0,0.0
1785431819.712,17:16:59,timeslice,1,0.0,0,0,0.0
1785431819.712,17:16:59,timeslice,2,0.0,0,0,0.0
1785431819.712,17:16:59,timeslice,3,0.0,0,0,0.0
1785431819.712,17:16:59,timeslice,4,0.0,0,0,0.0
1785431819.712,17:16:59,timeslice,5,0.0,0,0,0.0
1785431819.712,17:16:59,timeslice,6,0.0,0,0,0.0
1785431819.712,17:16:59,timeslice,7,0.0,0,0,0.0
1785431820.712,17:17:00,timeslice,0,0.0,0,0,0.0
1785431820.712,17:17:00,timeslice,1,0.0,0,0,0.0
1785431820.712,17:17:00,timeslice,2,0.0,0,0,0.0
1785431820.712,17:17:00,timeslice,3,0.0,0,0,0.0
1785431820.712,17:17:00,timeslice,4,0.0,0,0,0.0
1785431820.712,17:17:00,timeslice,5,0.0,0,0,0.0
1785431820.712,17:17:00,timeslice,6,0.0,0,0,0.0
1785431820.712,17:17:00,timeslice,7,0.0,0,0,0.0
1785431821.712,17:17:01,timeslice,0,0.0,0,0,0.0
1785431821.712,17:17:01,timeslice,1,0.0,0,0,0.0
1785431821.712,17:17:01,timeslice,2,0.0,0,0,0.0
1785431821.712,17:17:01,timeslice,3,0.0,0,0,0.0
1785431821.712,17:17:01,timeslice,4,0.0,0,0,0.0
1785431821.712,17:17:01,timeslice,5,0.0,0,0,0.0
1785431821.712,17:17:01,timeslice,6,0.0,0,0,0.0
1785431821.712,17:17:01,timeslice,7,0.0,0,0,0.0
1785431822.713,17:17:02,timeslice,0,0.0,0,0,0.0
1785431822.713,17:17:02,timeslice,1,0.0,0,0,0.0
1785431822.713,17:17:02,timeslice,2,0.0,0,0,0.0
1785431822.713,17:17:02,timeslice,3,0.0,0,0,0.0
1785431822.713,17:17:02,timeslice,4,0.0,0,0,0.0
1785431822.713,17:17:02,timeslice,5,0.0,0,0,0.0
1785431822.713,17:17:02,timeslice,6,0.0,0,0,0.0
1785431822.713,17:17:02,timeslice,7,0.0,0,0,0.0
1785431823.713,17:17:03,timeslice,0,0.0,0,0,0.0
1785431823.713,17:17:03,timeslice,1,0.0,0,0,0.0
1785431823.713,17:17:03,timeslice,2,0.0,0,0,0.0
1785431823.713,17:17:03,timeslice,3,0.0,0,0,0.0
1785431823.713,17:17:03,timeslice,4,0.0,0,0,0.0
1785431823.713,17:17:03,timeslice,5,0.0,0,0,0.0
1785431823.713,17:17:03,timeslice,6,0.0,0,0,0.0
1785431823.713,17:17:03,timeslice,7,0.0,0,0,0.0
1785431824.713,17:17:04,timeslice,0,0.0,0,0,0.0
1785431824.713,17:17:04,timeslice,1,0.0,0,0,0.0
1785431824.713,17:17:04,timeslice,2,0.0,0,0,0.0
1785431824.713,17:17:04,timeslice,3,0.0,0,0,0.0
1785431824.713,17:17:04,timeslice,4,0.0,0,0,0.0
1785431824.713,17:17:04,timeslice,5,0.0,0,0,0.0
1785431824.713,17:17:04,timeslice,6,0.0,0,0,0.0
1785431824.713,17:17:04,timeslice,7,0.0,0,0,0.0
1785431825.713,17:17:05,timeslice,0,0.0,0,0,0.0
1785431825.713,17:17:05,timeslice,1,0.0,0,0,0.0
1785431825.713,17:17:05,timeslice,2,0.0,0,0,0.0
1785431825.713,17:17:05,timeslice,3,0.0,0,0,0.0
1785431825.713,17:17:05,timeslice,4,0.0,0,0,0.0
1785431825.713,17:17:05,timeslice,5,0.0,0,0,0.0
1785431825.713,17:17:05,timeslice,6,0.0,0,0,0.0
1785431825.713,17:17:05,timeslice,7,0.0,0,0,0.0
1785431826.713,17:17:06,timeslice,0,0.0,0,0,0.0
1785431826.713,17:17:06,timeslice,1,0.0,0,0,0.0
1785431826.713,17:17:06,timeslice,2,0.0,0,0,0.0
1785431826.713,17:17:06,timeslice,3,0.0,0,0,0.0
1785431826.713,17:17:06,timeslice,4,0.0,0,0,0.0
1785431826.713,17:17:06,timeslice,5,0.0,0,0,0.0
1785431826.713,17:17:06,timeslice,6,0.0,0,0,0.0
1785431826.713,17:17:06,timeslice,7,0.0,0,0,0.0
1785431827.713,17:17:07,timeslice,0,0.0,0,0,0.0
1785431827.713,17:17:07,timeslice,1,0.0,0,0,0.0
1785431827.713,17:17:07,timeslice,2,0.0,0,0,0.0
1785431827.713,17:17:07,timeslice,3,0.0,0,0,0.0
1785431827.713,17:17:07,timeslice,4,0.0,0,0,0.0
1785431827.713,17:17:07,timeslice,5,0.0,0,0,0.0
1785431827.713,17:17:07,timeslice,6,0.0,0,0,0.0
1785431827.713,17:17:07,timeslice,7,0.0,0,0,0.0
1785431828.713,17:17:08,timeslice,0,0.0,0,0,0.0
1785431828.713,17:17:08,timeslice,1,0.0,0,0,0.0
1785431828.713,17:17:08,timeslice,2,0.0,0,0,0.0
1785431828.713,17:17:08,timeslice,3,0.0,0,0,0.0
1785431828.713,17:17:08,timeslice,4,0.0,0,0,0.0
1785431828.713,17:17:08,timeslice,5,0.0,0,0,0.0
1785431828.713,17:17:08,timeslice,6,0.0,0,0,0.0
1785431828.713,17:17:08,timeslice,7,0.0,0,0,0.0
1785431829.714,17:17:09,timeslice,0,0.0,0,0,0.0
1785431829.714,17:17:09,timeslice,1,0.0,0,0,0.0
1785431829.714,17:17:09,timeslice,2,0.0,0,0,0.0
1785431829.714,17:17:09,timeslice,3,0.0,0,0,0.0
1785431829.714,17:17:09,timeslice,4,0.0,0,0,0.0
1785431829.714,17:17:09,timeslice,5,0.0,0,0,0.0
1785431829.714,17:17:09,timeslice,6,0.0,0,0,0.0
1785431829.714,17:17:09,timeslice,7,0.0,0,0,0.0
1785431830.714,17:17:10,timeslice,0,0.0,0,0,0.0
1785431830.714,17:17:10,timeslice,1,0.0,0,0,0.0
1785431830.714,17:17:10,timeslice,2,0.0,0,0,0.0
1785431830.714,17:17:10,timeslice,3,0.0,0,0,0.0
1785431830.714,17:17:10,timeslice,4,0.0,0,0,0.0
1785431830.714,17:17:10,timeslice,5,0.0,0,0,0.0
1785431830.714,17:17:10,timeslice,6,0.0,0,0,0.0
1785431830.714,17:17:10,timeslice,7,0.0,0,0,0.0
1785431831.714,17:17:11,timeslice,0,0.0,0,0,0.0
1785431831.714,17:17:11,timeslice,1,0.0,0,0,0.0
1785431831.714,17:17:11,timeslice,2,0.0,0,0,0.0
1785431831.714,17:17:11,timeslice,3,0.0,0,0,0.0
1785431831.714,17:17:11,timeslice,4,0.0,0,0,0.0
1785431831.714,17:17:11,timeslice,5,0.0,0,0,0.0
1785431831.714,17:17:11,timeslice,6,0.0,0,0,0.0
1785431831.714,17:17:11,timeslice,7,0.0,0,0,0.0
1785431832.714,17:17:12,timeslice,0,0.0,0,0,0.0
1785431832.714,17:17:12,timeslice,1,0.0,0,0,0.0
1785431832.714,17:17:12,timeslice,2,0.0,0,0,0.0
1785431832.714,17:17:12,timeslice,3,0.0,0,0,0.0
1785431832.714,17:17:12,timeslice,4,0.0,0,0,0.0
1785431832.714,17:17:12,timeslice,5,0.0,0,0,0.0
1785431832.714,17:17:12,timeslice,6,0.0,0,0,0.0
1785431832.714,17:17:12,timeslice,7,0.0,0,0,0.0
1785431833.714,17:17:13,timeslice,0,0.0,0,0,0.0
1785431833.714,17:17:13,timeslice,1,0.0,0,0,0.0
1785431833.714,17:17:13,timeslice,2,0.0,0,0,0.0
1785431833.714,17:17:13,timeslice,3,0.0,0,0,0.0
1785431833.714,17:17:13,timeslice,4,0.0,0,0,0.0
1785431833.714,17:17:13,timeslice,5,0.0,0,0,0.0
1785431833.714,17:17:13,timeslice,6,0.0,0,0,0.0
1785431833.714,17:17:13,timeslice,7,0.0,0,0,0.0
1785431834.714,17:17:14,timeslice,0,0.0,0,0,0.0
1785431834.714,17:17:14,timeslice,1,0.0,0,0,0.0
1785431834.714,17:17:14,timeslice,2,0.0,0,0,0.0
1785431834.714,17:17:14,timeslice,3,0.0,0,0,0.0
1785431834.714,17:17:14,timeslice,4,0.0,0,0,0.0
1785431834.714,17:17:14,timeslice,5,0.0,0,0,0.0
1785431834.714,17:17:14,timeslice,6,0.0,0,0,0.0
1785431834.714,17:17:14,timeslice,7,0.0,0,0,0.0
1785431835.714,17:17:15,timeslice,0,0.0,0,0,0.0
1785431835.714,17:17:15,timeslice,1,0.0,0,0,0.0
1785431835.714,17:17:15,timeslice,2,0.0,0,0,0.0
1785431835.714,17:17:15,timeslice,3,0.0,0,0,0.0
1785431835.714,17:17:15,timeslice,4,0.0,0,0,0.0
1785431835.714,17:17:15,timeslice,5,0.0,0,0,0.0
1785431835.714,17:17:15,timeslice,6,0.0,0,0,0.0
1785431835.714,17:17:15,timeslice,7,0.0,0,0,0.0
1785431836.714,17:17:16,timeslice,0,0.0,0,0,0.0
1785431836.714,17:17:16,timeslice,1,0.0,0,0,0.0
1785431836.714,17:17:16,timeslice,2,0.0,0,0,0.0
1785431836.714,17:17:16,timeslice,3,0.0,0,0,0.0
1785431836.714,17:17:16,timeslice,4,0.0,0,0,0.0
1785431836.714,17:17:16,timeslice,5,0.0,0,0,0.0
1785431836.714,17:17:16,timeslice,6,0.0,0,0,0.0
1785431836.714,17:17:16,timeslice,7,0.0,0,0,0.0
1785431837.715,17:17:17,timeslice,0,0.0,0,0,0.0
1785431837.715,17:17:17,timeslice,1,0.0,0,0,0.0
1785431837.715,17:17:17,timeslice,2,0.0,0,0,0.0
1785431837.715,17:17:17,timeslice,3,0.0,0,0,0.0
1785431837.715,17:17:17,timeslice,4,0.0,0,0,0.0
1785431837.715,17:17:17,timeslice,5,0.0,0,0,0.0
1785431837.715,17:17:17,timeslice,6,0.0,0,0,0.0
1785431837.715,17:17:17,timeslice,7,0.0,0,0,0.0
1785431838.715,17:17:18,timeslice,0,0.0,0,0,0.0
1785431838.715,17:17:18,timeslice,1,0.0,0,0,0.0
1785431838.715,17:17:18,timeslice,2,0.0,0,0,0.0
1785431838.715,17:17:18,timeslice,3,0.0,0,0,0.0
1785431838.715,17:17:18,timeslice,4,0.0,0,0,0.0
1785431838.715,17:17:18,timeslice,5,0.0,0,0,0.0
1785431838.715,17:17:18,timeslice,6,0.0,0,0,0.0
1785431838.715,17:17:18,timeslice,7,0.0,0,0,0.0
1785431839.715,17:17:19,timeslice,0,0.0,0,0,0.0
1785431839.715,17:17:19,timeslice,1,0.0,0,0,0.0
1785431839.715,17:17:19,timeslice,2,0.0,0,0,0.0
1785431839.715,17:17:19,timeslice,3,0.0,0,0,0.0
1785431839.715,17:17:19,timeslice,4,0.0,0,0,0.0
1785431839.715,17:17:19,timeslice,5,0.0,0,0,0.0
1785431839.715,17:17:19,timeslice,6,0.0,0,0,0.0
1785431839.715,17:17:19,timeslice,7,0.0,0,0,0.0
1785431840.715,17:17:20,timeslice,0,0.0,0,0,0.0
1785431840.715,17:17:20,timeslice,1,0.0,0,0,0.0
1785431840.715,17:17:20,timeslice,2,0.0,0,0,0.0
1785431840.715,17:17:20,timeslice,3,0.0,0,0,0.0
1785431840.715,17:17:20,timeslice,4,0.0,0,0,0.0
1785431840.715,17:17:20,timeslice,5,0.0,0,0,0.0
1785431840.715,17:17:20,timeslice,6,0.0,0,0,0.0
1785431840.715,17:17:20,timeslice,7,0.0,0,0,0.0
1785431841.715,17:17:21,timeslice,0,0.0,0,0,0.0
1785431841.715,17:17:21,timeslice,1,0.0,0,0,0.0
1785431841.715,17:17:21,timeslice,2,0.0,0,0,0.0
1785431841.715,17:17:21,timeslice,3,0.0,0,0,0.0
1785431841.715,17:17:21,timeslice,4,0.0,0,0,0.0
1785431841.715,17:17:21,timeslice,5,0.0,0,0,0.0
1785431841.715,17:17:21,timeslice,6,0.0,0,0,0.0
1785431841.715,17:17:21,timeslice,7,0.0,0,0,0.0
1785431842.715,17:17:22,timeslice,0,0.0,0,0,0.0
1785431842.715,17:17:22,timeslice,1,0.0,0,0,0.0
1785431842.715,17:17:22,timeslice,2,0.0,0,0,0.0
1785431842.715,17:17:22,timeslice,3,0.0,0,0,0.0
1785431842.715,17:17:22,timeslice,4,0.0,0,0,0.0
1785431842.715,17:17:22,timeslice,5,0.0,0,0,0.0
1785431842.715,17:17:22,timeslice,6,0.0,0,0,0.0
1785431842.715,17:17:22,timeslice,7,0.0,0,0,0.0
1785431843.716,17:17:23,timeslice,0,0.0,0,0,0.0
1785431843.716,17:17:23,timeslice,1,0.0,0,0,0.0
1785431843.716,17:17:23,timeslice,2,0.0,0,0,0.0
1785431843.716,17:17:23,timeslice,3,0.0,0,0,0.0
1785431843.716,17:17:23,timeslice,4,0.0,0,0,0.0
1785431843.716,17:17:23,timeslice,5,0.0,0,0,0.0
1785431843.716,17:17:23,timeslice,6,0.0,0,0,0.0
1785431843.716,17:17:23,timeslice,7,0.0,0,0,0.0
1785431844.716,17:17:24,timeslice,0,0.0,0,0,0.0
1785431844.716,17:17:24,timeslice,1,0.0,0,0,0.0
1785431844.716,17:17:24,timeslice,2,0.0,0,0,0.0
1785431844.716,17:17:24,timeslice,3,0.0,0,0,0.0
1785431844.716,17:17:24,timeslice,4,0.0,0,0,0.0
1785431844.716,17:17:24,timeslice,5,0.0,0,0,0.0
1785431844.716,17:17:24,timeslice,6,0.0,0,0,0.0
1785431844.716,17:17:24,timeslice,7,0.0,0,0,0.0
1785431845.716,17:17:25,timeslice,0,0.0,0,0,0.0
1785431845.716,17:17:25,timeslice,1,0.0,0,0,0.0
1785431845.716,17:17:25,timeslice,2,0.0,0,0,0.0
1785431845.716,17:17:25,timeslice,3,0.0,0,0,0.0
1785431845.716,17:17:25,timeslice,4,0.0,0,0,0.0
1785431845.716,17:17:25,timeslice,5,0.0,0,0,0.0
1785431845.716,17:17:25,timeslice,6,0.0,0,0,0.0
1785431845.716,17:17:25,timeslice,7,0.0,0,0,0.0
1785431846.716,17:17:26,timeslice,0,0.0,0,0,0.0
1785431846.716,17:17:26,timeslice,1,0.0,0,0,0.0
1785431846.716,17:17:26,timeslice,2,0.0,0,0,0.0
1785431846.716,17:17:26,timeslice,3,0.0,0,0,0.0
1785431846.716,17:17:26,timeslice,4,0.0,0,0,0.0
1785431846.716,17:17:26,timeslice,5,0.0,0,0,0.0
1785431846.716,17:17:26,timeslice,6,0.0,0,0,0.0
1785431846.716,17:17:26,timeslice,7,0.0,0,0,0.0
1785431847.716,17:17:27,timeslice,0,0.0,0,0,0.0
1785431847.716,17:17:27,timeslice,1,0.0,0,0,0.0
1785431847.716,17:17:27,timeslice,2,0.0,0,0,0.0
1785431847.716,17:17:27,timeslice,3,0.0,0,0,0.0
1785431847.716,17:17:27,timeslice,4,0.0,0,0,0.0
1785431847.716,17:17:27,timeslice,5,0.0,0,0,0.0
1785431847.716,17:17:27,timeslice,6,0.0,0,0,0.0
1785431847.716,17:17:27,timeslice,7,0.0,0,0,0.0
1785431848.716,17:17:28,timeslice,0,0.0,0,0,0.0
1785431848.716,17:17:28,timeslice,1,0.0,0,0,0.0
1785431848.716,17:17:28,timeslice,2,0.0,0,0,0.0
1785431848.716,17:17:28,timeslice,3,0.0,0,0,0.0
1785431848.716,17:17:28,timeslice,4,0.0,0,0,0.0
1785431848.716,17:17:28,timeslice,5,0.0,0,0,0.0
1785431848.716,17:17:28,timeslice,6,0.0,0,0,0.0
1785431848.716,17:17:28,timeslice,7,0.0,0,0,0.0
1785431849.716,17:17:29,timeslice,0,0.0,0,0,0.0
1785431849.716,17:17:29,timeslice,1,0.0,0,0,0.0
1785431849.716,17:17:29,timeslice,2,0.0,0,0,0.0
1785431849.716,17:17:29,timeslice,3,0.0,0,0,0.0
1785431849.716,17:17:29,timeslice,4,0.0,0,0,0.0
1785431849.716,17:17:29,timeslice,5,0.0,0,0,0.0
1785431849.716,17:17:29,timeslice,6,0.0,0,0,0.0
1785431849.716,17:17:29,timeslice,7,0.0,0,0,0.0
1785431850.716,17:17:30,timeslice,0,0.0,0,0,0.0
1785431850.716,17:17:30,timeslice,1,0.0,0,0,0.0
1785431850.716,17:17:30,timeslice,2,0.0,0,0,0.0
1785431850.716,17:17:30,timeslice,3,0.0,0,0,0.0
1785431850.716,17:17:30,timeslice,4,0.0,0,0,0.0
1785431850.716,17:17:30,timeslice,5,0.0,0,0,0.0
1785431850.716,17:17:30,timeslice,6,0.0,0,0,0.0
1785431850.716,17:17:30,timeslice,7,0.0,0,0,0.0
1785431851.717,17:17:31,timeslice,0,0.0,0,0,0.0
1785431851.717,17:17:31,timeslice,1,0.0,0,0,0.0
1785431851.717,17:17:31,timeslice,2,0.0,0,0,0.0
1785431851.717,17:17:31,timeslice,3,0.0,0,0,0.0
1785431851.717,17:17:31,timeslice,4,0.0,0,0,0.0
1785431851.717,17:17:31,timeslice,5,0.0,0,0,0.0
1785431851.717,17:17:31,timeslice,6,0.0,0,0,0.0
1785431851.717,17:17:31,timeslice,7,0.0,0,0,0.0
1785431852.717,17:17:32,timeslice,0,0.0,0,0,0.0
1785431852.717,17:17:32,timeslice,1,0.0,0,0,0.0
1785431852.717,17:17:32,timeslice,2,0.0,0,0,0.0
1785431852.717,17:17:32,timeslice,3,0.0,0,0,0.0
1785431852.717,17:17:32,timeslice,4,0.0,0,0,0.0
1785431852.717,17:17:32,timeslice,5,0.0,0,0,0.0
1785431852.717,17:17:32,timeslice,6,0.0,0,0,0.0
1785431852.717,17:17:32,timeslice,7,0.0,0,0,0.0
1785431853.717,17:17:33,timeslice,0,0.0,0,0,0.0
1785431853.717,17:17:33,timeslice,1,0.0,0,0,0.0
1785431853.717,17:17:33,timeslice,2,0.0,0,0,0.0
1785431853.717,17:17:33,timeslice,3,0.0,0,0,0.0
1785431853.717,17:17:33,timeslice,4,0.0,0,0,0.0
1785431853.717,17:17:33,timeslice,5,0.0,0,0,0.0
1785431853.717,17:17:33,timeslice,6,0.0,0,0,0.0
1785431853.717,17:17:33,timeslice,7,0.0,0,0,0.0
1785431854.717,17:17:34,timeslice,0,0.0,0,0,0.0
1785431854.717,17:17:34,timeslice,1,0.0,0,0,0.0
1785431854.717,17:17:34,timeslice,2,0.0,0,0,0.0
1785431854.717,17:17:34,timeslice,3,0.0,0,0,0.0
1785431854.717,17:17:34,timeslice,4,0.0,0,0,0.0
1785431854.717,17:17:34,timeslice,5,0.0,0,0,0.0
1785431854.717,17:17:34,timeslice,6,0.0,0,0,0.0
1785431854.717,17:17:34,timeslice,7,0.0,0,0,0.0
1785431855.717,17:17:35,timeslice,0,0.0,0,0,0.0
1785431855.717,17:17:35,timeslice,1,0.0,0,0,0.0
1785431855.717,17:17:35,timeslice,2,0.0,0,0,0.0
1785431855.717,17:17:35,timeslice,3,0.0,0,0,0.0
1785431855.717,17:17:35,timeslice,4,0.0,0,0,0.0
1785431855.717,17:17:35,timeslice,5,0.0,0,0,0.0
1785431855.717,17:17:35,timeslice,6,0.0,0,0,0.0
1785431855.717,17:17:35,timeslice,7,0.0,0,0,0.0
1785431856.717,17:17:36,timeslice,0,0.0,0,0,0.0
1785431856.717,17:17:36,timeslice,1,0.0,0,0,0.0
1785431856.717,17:17:36,timeslice,2,0.0,0,0,0.0
1785431856.717,17:17:36,timeslice,3,0.0,0,0,0.0
1785431856.717,17:17:36,timeslice,4,0.0,0,0,0.0
1785431856.717,17:17:36,timeslice,5,0.0,0,0,0.0
1785431856.717,17:17:36,timeslice,6,0.0,0,0,0.0
1785431856.717,17:17:36,timeslice,7,0.0,0,0,0.0
1785431857.717,17:17:37,timeslice,0,0.0,0,0,0.0
1785431857.717,17:17:37,timeslice,1,0.0,0,0,0.0
1785431857.717,17:17:37,timeslice,2,0.0,0,0,0.0
1785431857.717,17:17:37,timeslice,3,0.0,0,0,0.0
1785431857.717,17:17:37,timeslice,4,0.0,0,0,0.0
1785431857.717,17:17:37,timeslice,5,0.0,0,0,0.0
1785431857.717,17:17:37,timeslice,6,0.0,0,0,0.0
1785431857.717,17:17:37,timeslice,7,0.0,0,0,0.0
1785431858.717,17:17:38,timeslice,0,0.0,0,0,0.0
1785431858.717,17:17:38,timeslice,1,0.0,0,0,0.0
1785431858.717,17:17:38,timeslice,2,0.0,0,0,0.0
1785431858.717,17:17:38,timeslice,3,0.0,0,0,0.0
1785431858.717,17:17:38,timeslice,4,0.0,0,0,0.0
1785431858.717,17:17:38,timeslice,5,0.0,0,0,0.0
1785431858.717,17:17:38,timeslice,6,0.0,0,0,0.0
1785431858.717,17:17:38,timeslice,7,0.0,0,0,0.0
1785431859.717,17:17:39,timeslice,0,0.0,0,0,0.0
1785431859.717,17:17:39,timeslice,1,0.0,0,0,0.0
1785431859.717,17:17:39,timeslice,2,0.0,0,0,0.0
1785431859.717,17:17:39,timeslice,3,0.0,0,0,0.0
1785431859.717,17:17:39,timeslice,4,0.0,0,0,0.0
1785431859.717,17:17:39,timeslice,5,0.0,0,0,0.0
1785431859.717,17:17:39,timeslice,6,0.0,0,0,0.0
1785431859.717,17:17:39,timeslice,7,0.0,0,0,0.0
1785431860.718,17:17:40,timeslice,0,0.0,0,0,0.0
1785431860.718,17:17:40,timeslice,1,0.0,0,0,0.0
1785431860.718,17:17:40,timeslice,2,0.0,0,0,0.0
1785431860.718,17:17:40,timeslice,3,0.0,0,0,0.0
1785431860.718,17:17:40,timeslice,4,0.0,0,0,0.0
1785431860.718,17:17:40,timeslice,5,0.0,0,0,0.0
1785431860.718,17:17:40,timeslice,6,0.0,0,0,0.0
1785431860.718,17:17:40,timeslice,7,0.0,0,0,0.0
1785431861.718,17:17:41,timeslice,0,0.0,0,0,0.0
1785431861.718,17:17:41,timeslice,1,0.0,0,0,0.0
1785431861.718,17:17:41,timeslice,2,0.0,0,0,0.0
1785431861.718,17:17:41,timeslice,3,0.0,0,0,0.0
1785431861.718,17:17:41,timeslice,4,0.0,0,0,0.0
1785431861.718,17:17:41,timeslice,5,0.0,0,0,0.0
1785431861.718,17:17:41,timeslice,6,0.0,0,0,0.0
1785431861.718,17:17:41,timeslice,7,0.0,0,0,0.0
1785431862.718,17:17:42,timeslice,0,0.0,0,0,0.0
1785431862.718,17:17:42,timeslice,1,0.0,0,0,0.0
1785431862.718,17:17:42,timeslice,2,0.0,0,0,0.0
1785431862.718,17:17:42,timeslice,3,0.0,0,0,0.0
1785431862.718,17:17:42,timeslice,4,0.0,0,0,0.0
1785431862.718,17:17:42,timeslice,5,0.0,0,0,0.0
1785431862.718,17:17:42,timeslice,6,0.0,0,0,0.0
1785431862.718,17:17:42,timeslice,7,0.0,0,0,0.0
1785431863.718,17:17:43,timeslice,0,0.0,0,0,0.0
1785431863.718,17:17:43,timeslice,1,0.0,0,0,0.0
1785431863.718,17:17:43,timeslice,2,0.0,0,0,0.0
1785431863.718,17:17:43,timeslice,3,0.0,0,0,0.0
1785431863.718,17:17:43,timeslice,4,0.0,0,0,0.0
1785431863.718,17:17:43,timeslice,5,0.0,0,0,0.0
1785431863.718,17:17:43,timeslice,6,0.0,0,0,0.0
1785431863.718,17:17:43,timeslice,7,0.0,0,0,0.0
1785431864.718,17:17:44,timeslice,0,0.0,0,0,0.0
1785431864.718,17:17:44,timeslice,1,0.0,0,0,0.0
1785431864.718,17:17:44,timeslice,2,0.0,0,0,0.0
1785431864.718,17:17:44,timeslice,3,0.0,0,0,0.0
1785431864.718,17:17:44,timeslice,4,0.0,0,0,0.0
1785431864.718,17:17:44,timeslice,5,0.0,0,0,0.0
1785431864.718,17:17:44,timeslice,6,0.0,0,0,0.0
1785431864.718,17:17:44,timeslice,7,0.0,0,0,0.0
1785431865.718,17:17:45,timeslice,0,0.0,0,0,0.0
1785431865.718,17:17:45,timeslice,1,0.0,0,0,0.0
1785431865.718,17:17:45,timeslice,2,0.0,0,0,0.0
1785431865.718,17:17:45,timeslice,3,0.0,0,0,0.0
1785431865.718,17:17:45,timeslice,4,0.0,0,0,0.0
1785431865.718,17:17:45,timeslice,5,0.0,0,0,0.0
1785431865.718,17:17:45,timeslice,6,0.0,0,0,0.0
1785431865.718,17:17:45,timeslice,7,0.0,0,0,0.0
1785431866.719,17:17:46,timeslice,0,0.0,0,0,0.0
1785431866.719,17:17:46,timeslice,1,0.0,0,0,0.0
1785431866.719,17:17:46,timeslice,2,0.0,0,0,0.0
1785431866.719,17:17:46,timeslice,3,0.0,0,0,0.0
1785431866.719,17:17:46,timeslice,4,0.0,0,0,0.0
1785431866.719,17:17:46,timeslice,5,0.0,0,0,0.0
1785431866.719,17:17:46,timeslice,6,0.0,0,0,0.0
1785431866.719,17:17:46,timeslice,7,0.0,0,0,0.0
1785431867.719,17:17:47,timeslice,0,0.0,0,0,0.0
1785431867.719,17:17:47,timeslice,1,0.0,0,0,0.0
1785431867.719,17:17:47,timeslice,2,0.0,0,0,0.0
1785431867.719,17:17:47,timeslice,3,0.0,0,0,0.0
1785431867.719,17:17:47,timeslice,4,0.0,0,0,0.0
1785431867.719,17:17:47,timeslice,5,0.0,0,0,0.0
1785431867.719,17:17:47,timeslice,6,0.0,0,0,0.0
1785431867.719,17:17:47,timeslice,7,0.0,0,0,0.0
1785431868.719,17:17:48,timeslice,0,0.0,0,0,0.0
1785431868.719,17:17:48,timeslice,1,0.0,0,0,0.0
1785431868.719,17:17:48,timeslice,2,0.0,0,0,0.0
1785431868.719,17:17:48,timeslice,3,0.0,0,0,0.0
1785431868.719,17:17:48,timeslice,4,0.0,0,0,0.0
1785431868.719,17:17:48,timeslice,5,0.0,0,0,0.0
1785431868.719,17:17:48,timeslice,6,0.0,0,0,0.0
1785431868.719,17:17:48,timeslice,7,0.0,0,0,0.0
1785431869.719,17:17:49,timeslice,0,0.0,0,0,0.0
1785431869.719,17:17:49,timeslice,1,0.0,0,0,0.0
1785431869.719,17:17:49,timeslice,2,0.0,0,0,0.0
1785431869.719,17:17:49,timeslice,3,0.0,0,0,0.0
1785431869.719,17:17:49,timeslice,4,0.0,0,0,0.0
1785431869.719,17:17:49,timeslice,5,0.0,0,0,0.0
1785431869.719,17:17:49,timeslice,6,0.0,0,0,0.0
1785431869.719,17:17:49,timeslice,7,0.0,0,0,0.0
1785431870.719,17:17:50,timeslice,0,0.0,0,0,0.0
1785431870.719,17:17:50,timeslice,1,0.0,0,0,0.0
1785431870.719,17:17:50,timeslice,2,0.0,0,0,0.0
1785431870.719,17:17:50,timeslice,3,0.0,0,0,0.0
1785431870.719,17:17:50,timeslice,4,0.0,0,0,0.0
1785431870.719,17:17:50,timeslice,5,0.0,0,0,0.0
1785431870.719,17:17:50,timeslice,6,0.0,0,0,0.0
1785431870.719,17:17:50,timeslice,7,0.0,0,0,0.0
1785431871.719,17:17:51,timeslice,0,0.0,0,0,0.0
1785431871.719,17:17:51,timeslice,1,0.0,0,0,0.0
1785431871.719,17:17:51,timeslice,2,0.0,0,0,0.0
1785431871.719,17:17:51,timeslice,3,0.0,0,0,0.0
1785431871.719,17:17:51,timeslice,4,0.0,0,0,0.0
1785431871.719,17:17:51,timeslice,5,0.0,0,0,0.0
1785431871.719,17:17:51,timeslice,6,0.0,0,0,0.0
1785431871.719,17:17:51,timeslice,7,0.0,0,0,0.0
1785431872.719,17:17:52,timeslice,0,0.0,0,0,0.0
1785431872.719,17:17:52,timeslice,1,0.0,0,0,0.0
1785431872.719,17:17:52,timeslice,2,0.0,0,0,0.0
1785431872.719,17:17:52,timeslice,3,0.0,0,0,0.0
1785431872.719,17:17:52,timeslice,4,0.0,0,0,0.0
1785431872.719,17:17:52,timeslice,5,0.0,0,0,0.0
1785431872.719,17:17:52,timeslice,6,0.0,0,0,0.0
1785431872.719,17:17:52,timeslice,7,0.0,0,0,0.0
1785431873.719,17:17:53,timeslice,0,0.0,0,0,0.0
1785431873.719,17:17:53,timeslice,1,0.0,0,0,0.0
1785431873.719,17:17:53,timeslice,2,0.0,0,0,0.0
1785431873.719,17:17:53,timeslice,3,0.0,0,0,0.0
1785431873.719,17:17:53,timeslice,4,0.0,0,0,0.0
1785431873.719,17:17:53,timeslice,5,0.0,0,0,0.0
1785431873.719,17:17:53,timeslice,6,0.0,0,0,0.0
1785431873.719,17:17:53,timeslice,7,0.0,0,0,0.0
1785431874.719,17:17:54,timeslice,0,0.0,0,0,0.0
1785431874.719,17:17:54,timeslice,1,0.0,0,0,0.0
1785431874.719,17:17:54,timeslice,2,0.0,0,0,0.0
1785431874.719,17:17:54,timeslice,3,0.0,0,0,0.0
1785431874.719,17:17:54,timeslice,4,0.0,0,0,0.0
1785431874.719,17:17:54,timeslice,5,0.0,0,0,0.0
1785431874.719,17:17:54,timeslice,6,0.0,0,0,0.0
1785431874.719,17:17:54,timeslice,7,0.0,0,0,0.0
1785431875.72,17:17:55,timeslice,0,0.0,0,0,0.0
1785431875.72,17:17:55,timeslice,1,0.0,0,0,0.0
1785431875.72,17:17:55,timeslice,2,0.0,0,0,0.0
1785431875.72,17:17:55,timeslice,3,0.0,0,0,0.0
1785431875.72,17:17:55,timeslice,4,0.0,0,0,0.0
1785431875.72,17:17:55,timeslice,5,0.0,0,0,0.0
1785431875.72,17:17:55,timeslice,6,0.0,0,0,0.0
1785431875.72,17:17:55,timeslice,7,0.0,0,0,0.0
1785431876.72,17:17:56,timeslice,0,0.0,0,0,0.0
1785431876.72,17:17:56,timeslice,1,0.0,0,0,0.0
1785431876.72,17:17:56,timeslice,2,0.0,0,0,0.0
1785431876.72,17:17:56,timeslice,3,0.0,0,0,0.0
1785431876.72,17:17:56,timeslice,4,0.0,0,0,0.0
1785431876.72,17:17:56,timeslice,5,0.0,0,0,0.0
1785431876.72,17:17:56,timeslice,6,0.0,0,0,0.0
1785431876.72,17:17:56,timeslice,7,0.0,0,0,0.0
1785431877.72,17:17:57,timeslice,0,0.0,0,0,0.0
1785431877.72,17:17:57,timeslice,1,0.0,0,0,0.0
1785431877.72,17:17:57,timeslice,2,0.0,0,0,0.0
1785431877.72,17:17:57,timeslice,3,0.0,0,0,0.0
1785431877.72,17:17:57,timeslice,4,0.0,0,0,0.0
1785431877.72,17:17:57,timeslice,5,0.0,0,0,0.0
1785431877.72,17:17:57,timeslice,6,0.0,0,0,0.0
1785431877.72,17:17:57,timeslice,7,0.0,0,0,0.0
1785431878.72,17:17:58,timeslice,0,0.0,0,0,0.0
1785431878.72,17:17:58,timeslice,1,0.0,0,0,0.0
1785431878.72,17:17:58,timeslice,2,0.0,0,0,0.0
1785431878.72,17:17:58,timeslice,3,0.0,0,0,0.0
1785431878.72,17:17:58,timeslice,4,0.0,0,0,0.0
1785431878.72,17:17:58,timeslice,5,0.0,0,0,0.0
1785431878.72,17:17:58,timeslice,6,0.0,0,0,0.0
1785431878.72,17:17:58,timeslice,7,0.0,0,0,0.0
1785431879.72,17:17:59,timeslice,0,0.0,0,0,0.0
1785431879.72,17:17:59,timeslice,1,0.0,0,0,0.0
1785431879.72,17:17:59,timeslice,2,0.0,0,0,0.0
1785431879.72,17:17:59,timeslice,3,0.0,0,0,0.0
1785431879.72,17:17:59,timeslice,4,0.0,0,0,0.0
1785431879.72,17:17:59,timeslice,5,0.0,0,0,0.0
1785431879.72,17:17:59,timeslice,6,0.0,0,0,0.0
1785431879.72,17:17:59,timeslice,7,0.0,0,0,0.0
1785431880.72,17:18:00,timeslice,0,0.0,0,0,0.0
1785431880.72,17:18:00,timeslice,1,0.0,0,0,0.0
1785431880.72,17:18:00,timeslice,2,0.0,0,0,0.0
1785431880.72,17:18:00,timeslice,3,0.0,0,0,0.0
1785431880.72,17:18:00,timeslice,4,0.0,0,0,0.0
1785431880.72,17:18:00,timeslice,5,0.0,0,0,0.0
1785431880.72,17:18:00,timeslice,6,0.0,0,0,0.0
1785431880.72,17:18:00,timeslice,7,0.0,0,0,0.0
1785431881.72,17:18:01,timeslice,0,0.0,0,0,0.0
1785431881.72,17:18:01,timeslice,1,0.0,0,0,0.0
1785431881.72,17:18:01,timeslice,2,0.0,0,0,0.0
1785431881.72,17:18:01,timeslice,3,0.0,0,0,0.0
1785431881.72,17:18:01,timeslice,4,0.0,0,0,0.0
1785431881.72,17:18:01,timeslice,5,0.0,0,0,0.0
1785431881.72,17:18:01,timeslice,6,0.0,0,0,0.0
1785431881.72,17:18:01,timeslice,7,0.0,0,0,0.0
1785431882.72,17:18:02,timeslice,0,0.0,0,0,0.0
1785431882.72,17:18:02,timeslice,1,0.0,0,0,0.0
1785431882.72,17:18:02,timeslice,2,0.0,0,0,0.0
1785431882.72,17:18:02,timeslice,3,0.0,0,0,0.0
1785431882.72,17:18:02,timeslice,4,0.0,0,0,0.0
1785431882.72,17:18:02,timeslice,5,0.0,0,0,0.0
1785431882.72,17:18:02,timeslice,6,0.0,0,0,0.0
1785431882.72,17:18:02,timeslice,7,0.0,0,0,0.0
1785431883.72,17:18:03,timeslice,0,0.0,0,0,0.0
1785431883.72,17:18:03,timeslice,1,0.0,0,0,0.0
1785431883.72,17:18:03,timeslice,2,0.0,0,0,0.0
1785431883.72,17:18:03,timeslice,3,0.0,0,0,0.0
1785431883.72,17:18:03,timeslice,4,0.0,0,0,0.0
1785431883.72,17:18:03,timeslice,5,0.0,0,0,0.0
1785431883.72,17:18:03,timeslice,6,0.0,0,0,0.0
1785431883.72,17:18:03,timeslice,7,0.0,0,0,0.0
1785431884.721,17:18:04,timeslice,0,0.0,0,0,0.0
1785431884.721,17:18:04,timeslice,1,0.0,0,0,0.0
1785431884.721,17:18:04,timeslice,2,0.0,0,0,0.0
1785431884.721,17:18:04,timeslice,3,0.0,0,0,0.0
1785431884.721,17:18:04,timeslice,4,0.0,0,0,0.0
1785431884.721,17:18:04,timeslice,5,0.0,0,0,0.0
1785431884.721,17:18:04,timeslice,6,0.0,0,0,0.0
1785431884.721,17:18:04,timeslice,7,0.0,0,0,0.0
1785431885.721,17:18:05,timeslice,0,0.0,0,0,0.0
1785431885.721,17:18:05,timeslice,1,0.0,0,0,0.0
1785431885.721,17:18:05,timeslice,2,0.0,0,0,0.0
1785431885.721,17:18:05,timeslice,3,0.0,0,0,0.0
1785431885.721,17:18:05,timeslice,4,0.0,0,0,0.0
1785431885.721,17:18:05,timeslice,5,0.0,0,0,0.0
1785431885.721,17:18:05,timeslice,6,0.0,0,0,0.0
1785431885.721,17:18:05,timeslice,7,0.0,0,0,0.0
1785431886.721,17:18:06,timeslice,0,0.0,0,0,0.0
1785431886.721,17:18:06,timeslice,1,0.0,0,0,0.0
1785431886.721,17:18:06,timeslice,2,0.0,0,0,0.0
1785431886.721,17:18:06,timeslice,3,0.0,0,0,0.0
1785431886.721,17:18:06,timeslice,4,0.0,0,0,0.0
1785431886.721,17:18:06,timeslice,5,0.0,0,0,0.0
1785431886.721,17:18:06,timeslice,6,0.0,0,0,0.0
1785431886.721,17:18:06,timeslice,7,0.0,0,0,0.0
1785431887.721,17:18:07,timeslice,0,0.0,0,0,0.0
1785431887.721,17:18:07,timeslice,1,0.0,0,0,0.0
1785431887.721,17:18:07,timeslice,2,0.0,0,0,0.0
1785431887.721,17:18:07,timeslice,3,0.0,0,0,0.0
1785431887.721,17:18:07,timeslice,4,0.0,0,0,0.0
1785431887.721,17:18:07,timeslice,5,0.0,0,0,0.0
1785431887.721,17:18:07,timeslice,6,0.0,0,0,0.0
1785431887.721,17:18:07,timeslice,7,0.0,0,0,0.0
1785431888.721,17:18:08,timeslice,0,0.0,0,0,0.0
1785431888.721,17:18:08,timeslice,1,0.0,0,0,0.0
1785431888.721,17:18:08,timeslice,2,0.0,0,0,0.0
1785431888.721,17:18:08,timeslice,3,0.0,0,0,0.0
1785431888.721,17:18:08,timeslice,4,0.0,0,0,0.0
1785431888.721,17:18:08,timeslice,5,0.0,0,0,0.0
1785431888.721,17:18:08,timeslice,6,0.0,0,0,0.0
1785431888.721,17:18:08,timeslice,7,0.0,0,0,0.0
1785431889.721,17:18:09,timeslice,0,0.0,0,0,0.0
1785431889.721,17:18:09,timeslice,1,0.0,0,0,0.0
1785431889.721,17:18:09,timeslice,2,0.0,0,0,0.0
1785431889.721,17:18:09,timeslice,3,0.0,0,0,0.0
1785431889.721,17:18:09,timeslice,4,0.0,0,0,0.0
1785431889.721,17:18:09,timeslice,5,0.0,0,0,0.0
1785431889.721,17:18:09,timeslice,6,0.0,0,0,0.0
1785431889.721,17:18:09,timeslice,7,0.0,0,0,0.0
1785431890.721,17:18:10,timeslice,0,0.0,0,0,0.0
1785431890.721,17:18:10,timeslice,1,0.0,0,0,0.0
1785431890.721,17:18:10,timeslice,2,0.0,0,0,0.0
1785431890.721,17:18:10,timeslice,3,0.0,0,0,0.0
1785431890.721,17:18:10,timeslice,4,0.0,0,0,0.0
1785431890.721,17:18:10,timeslice,5,0.0,0,0,0.0
1785431890.721,17:18:10,timeslice,6,0.0,0,0,0.0
1785431890.721,17:18:10,timeslice,7,0.0,0,0,0.0
1785431891.721,17:18:11,timeslice,0,0.0,0,0,0.0
1785431891.721,17:18:11,timeslice,1,0.0,0,0,0.0
1785431891.721,17:18:11,timeslice,2,0.0,0,0,0.0
1785431891.721,17:18:11,timeslice,3,0.0,0,0,0.0
1785431891.721,17:18:11,timeslice,4,0.0,0,0,0.0
1785431891.721,17:18:11,timeslice,5,0.0,0,0,0.0
1785431891.721,17:18:11,timeslice,6,0.0,0,0,0.0
1785431891.721,17:18:11,timeslice,7,0.0,0,0,0.0
1785431892.721,17:18:12,timeslice,0,0.0,0,0,0.0
1785431892.721,17:18:12,timeslice,1,0.0,0,0,0.0
1785431892.721,17:18:12,timeslice,2,0.0,0,0,0.0
1785431892.721,17:18:12,timeslice,3,0.0,0,0,0.0
1785431892.721,17:18:12,timeslice,4,0.0,0,0,0.0
1785431892.721,17:18:12,timeslice,5,0.0,0,0,0.0
1785431892.721,17:18:12,timeslice,6,0.0,0,0,0.0
1785431892.721,17:18:12,timeslice,7,0.0,0,0,0.0
1785431893.721,17:18:13,timeslice,0,0.0,0,0,0.0
1785431893.721,17:18:13,timeslice,1,0.0,0,0,0.0
1785431893.721,17:18:13,timeslice,2,0.0,0,0,0.0
1785431893.721,17:18:13,timeslice,3,0.0,0,0,0.0
1785431893.721,17:18:13,timeslice,4,0.0,0,0,0.0
1785431893.721,17:18:13,timeslice,5,0.0,0,0,0.0
1785431893.721,17:18:13,timeslice,6,0.0,0,0,0.0
1785431893.721,17:18:13,timeslice,7,0.0,0,0,0.0
1785431894.722,17:18:14,timeslice,0,0.0,0,0,0.0
1785431894.722,17:18:14,timeslice,1,0.0,0,0,0.0
1785431894.722,17:18:14,timeslice,2,0.0,0,0,0.0
1785431894.722,17:18:14,timeslice,3,0.0,0,0,0.0
1785431894.722,17:18:14,timeslice,4,0.0,0,0,0.0
1785431894.722,17:18:14,timeslice,5,0.0,0,0,0.0
1785431894.722,17:18:14,timeslice,6,0.0,0,0,0.0
1785431894.722,17:18:14,timeslice,7,0.0,0,0,0.0
1785431895.722,17:18:15,timeslice,0,0.0,0,0,0.0
1785431895.722,17:18:15,timeslice,1,0.0,0,0,0.0
1785431895.722,17:18:15,timeslice,2,0.0,0,0,0.0
1785431895.722,17:18:15,timeslice,3,0.0,0,0,0.0
1785431895.722,17:18:15,timeslice,4,0.0,0,0,0.0
1785431895.722,17:18:15,timeslice,5,0.0,0,0,0.0
1785431895.722,17:18:15,timeslice,6,0.0,0,0,0.0
1785431895.722,17:18:15,timeslice,7,0.0,0,0,0.0
1785431896.722,17:18:16,timeslice,0,0.0,0,0,0.0
1785431896.722,17:18:16,timeslice,1,0.0,0,0,0.0
1785431896.722,17:18:16,timeslice,2,0.0,0,0,0.0
1785431896.722,17:18:16,timeslice,3,0.0,0,0,0.0
1785431896.722,17:18:16,timeslice,4,0.0,0,0,0.0
1785431896.722,17:18:16,timeslice,5,0.0,0,0,0.0
1785431896.722,17:18:16,timeslice,6,0.0,0,0,0.0
1785431896.722,17:18:16,timeslice,7,0.0,0,0,0.0
1785431897.722,17:18:17,timeslice,0,0.0,0,0,0.0
1785431897.722,17:18:17,timeslice,1,0.0,0,0,0.0
1785431897.722,17:18:17,timeslice,2,0.0,0,0,0.0
1785431897.722,17:18:17,timeslice,3,0.0,0,0,0.0
1785431897.722,17:18:17,timeslice,4,0.0,0,0,0.0
1785431897.722,17:18:17,timeslice,5,0.0,0,0,0.0
1785431897.722,17:18:17,timeslice,6,0.0,0,0,0.0
1785431897.722,17:18:17,timeslice,7,0.0,0,0,0.0
1785431898.722,17:18:18,timeslice,0,0.0,0,0,0.0
1785431898.722,17:18:18,timeslice,1,0.0,0,0,0.0
1785431898.722,17:18:18,timeslice,2,0.0,0,0,0.0
1785431898.722,17:18:18,timeslice,3,0.0,0,0,0.0
1785431898.722,17:18:18,timeslice,4,0.0,0,0,0.0
1785431898.722,17:18:18,timeslice,5,0.0,0,0,0.0
1785431898.722,17:18:18,timeslice,6,0.0,0,0,0.0
1785431898.722,17:18:18,timeslice,7,0.0,0,0,0.0
1785431899.722,17:18:19,timeslice,0,0.0,0,0,0.0
1785431899.722,17:18:19,timeslice,1,0.0,0,0,0.0
1785431899.722,17:18:19,timeslice,2,0.0,0,0,0.0
1785431899.722,17:18:19,timeslice,3,0.0,0,0,0.0
1785431899.722,17:18:19,timeslice,4,0.0,0,0,0.0
1785431899.722,17:18:19,timeslice,5,0.0,0,0,0.0
1785431899.722,17:18:19,timeslice,6,0.0,0,0,0.0
1785431899.722,17:18:19,timeslice,7,0.0,0,0,0.0
1785431900.722,17:18:20,timeslice,0,0.0,0,0,0.0
1785431900.722,17:18:20,timeslice,1,0.0,0,0,0.0
1785431900.722,17:18:20,timeslice,2,0.0,0,0,0.0
1785431900.722,17:18:20,timeslice,3,0.0,0,0,0.0
1785431900.722,17:18:20,timeslice,4,0.0,0,0,0.0
1785431900.722,17:18:20,timeslice,5,0.0,0,0,0.0
1785431900.722,17:18:20,timeslice,6,0.0,0,0,0.0
1785431900.722,17:18:20,timeslice,7,0.0,0,0,0.0
1785431901.722,17:18:21,timeslice,0,0.0,0,0,0.0
1785431901.722,17:18:21,timeslice,1,0.0,0,0,0.0
1785431901.722,17:18:21,timeslice,2,0.0,0,0,0.0
1785431901.722,17:18:21,timeslice,3,0.0,0,0,0.0
1785431901.722,17:18:21,timeslice,4,0.0,0,0,0.0
1785431901.722,17:18:21,timeslice,5,0.0,0,0,0.0
1785431901.722,17:18:21,timeslice,6,0.0,0,0,0.0
1785431901.722,17:18:21,timeslice,7,0.0,0,0,0.0
1785431902.722,17:18:22,timeslice,0,0.0,0,0,0.0
1785431902.722,17:18:22,timeslice,1,0.0,0,0,0.0
1785431902.722,17:18:22,timeslice,2,0.0,0,0,0.0
1785431902.722,17:18:22,timeslice,3,0.0,0,0,0.0
1785431902.722,17:18:22,timeslice,4,0.0,0,0,0.0
1785431902.722,17:18:22,timeslice,5,0.0,0,0,0.0
1785431902.722,17:18:22,timeslice,6,0.0,0,0,0.0
1785431902.722,17:18:22,timeslice,7,0.0,0,0,0.0
1785431903.723,17:18:23,timeslice,0,0.0,0,0,0.0
1785431903.723,17:18:23,timeslice,1,0.0,0,0,0.0
1785431903.723,17:18:23,timeslice,2,0.0,0,0,0.0
1785431903.723,17:18:23,timeslice,3,0.0,0,0,0.0
1785431903.723,17:18:23,timeslice,4,0.0,0,0,0.0
1785431903.723,17:18:23,timeslice,5,0.0,0,0,0.0
1785431903.723,17:18:23,timeslice,6,0.0,0,0,0.0
1785431903.723,17:18:23,timeslice,7,0.0,0,0,0.0
1785431904.723,17:18:24,timeslice,0,0.0,0,0,0.0
1785431904.723,17:18:24,timeslice,1,0.0,0,0,0.0
1785431904.723,17:18:24,timeslice,2,0.0,0,0,0.0
1785431904.723,17:18:24,timeslice,3,0.0,0,0,0.0
1785431904.723,17:18:24,timeslice,4,0.0,0,0,0.0
1785431904.723,17:18:24,timeslice,5,0.0,0,0,0.0
1785431904.723,17:18:24,timeslice,6,0.0,0,0,0.0
1785431904.723,17:18:24,timeslice,7,0.0,0,0,0.0
1785431905.723,17:18:25,timeslice,0,0.0,0,0,0.0
1785431905.723,17:18:25,timeslice,1,0.0,0,0,0.0
1785431905.723,17:18:25,timeslice,2,0.0,0,0,0.0
1785431905.723,17:18:25,timeslice,3,0.0,0,0,0.0
1785431905.723,17:18:25,timeslice,4,0.0,0,0,0.0
1785431905.723,17:18:25,timeslice,5,0.0,0,0,0.0
1785431905.723,17:18:25,timeslice,6,0.0,0,0,0.0
1785431905.723,17:18:25,timeslice,7,0.0,0,0,0.0
1785431906.723,17:18:26,timeslice,0,0.0,0,0,0.0
1785431906.723,17:18:26,timeslice,1,0.0,0,0,0.0
1785431906.723,17:18:26,timeslice,2,0.0,0,0,0.0
1785431906.723,17:18:26,timeslice,3,0.0,0,0,0.0
1785431906.723,17:18:26,timeslice,4,0.0,0,0,0.0
1785431906.723,17:18:26,timeslice,5,0.0,0,0,0.0
1785431906.723,17:18:26,timeslice,6,0.0,0,0,0.0
1785431906.723,17:18:26,timeslice,7,0.0,0,0,0.0
1785431907.723,17:18:27,timeslice,0,0.0,0,0,0.0
1785431907.723,17:18:27,timeslice,1,0.0,0,0,0.0
1785431907.723,17:18:27,timeslice,2,0.0,0,0,0.0
1785431907.723,17:18:27,timeslice,3,0.0,0,0,0.0
1785431907.723,17:18:27,timeslice,4,0.0,0,0,0.0
1785431907.723,17:18:27,timeslice,5,0.0,0,0,0.0
1785431907.723,17:18:27,timeslice,6,0.0,0,0,0.0
1785431907.723,17:18:27,timeslice,7,0.0,0,0,0.0
1785431908.723,17:18:28,timeslice,0,0.0,0,0,0.0
1785431908.723,17:18:28,timeslice,1,0.0,0,0,0.0
1785431908.723,17:18:28,timeslice,2,0.0,0,0,0.0
1785431908.723,17:18:28,timeslice,3,0.0,0,0,0.0
1785431908.723,17:18:28,timeslice,4,0.0,0,0,0.0
1785431908.723,17:18:28,timeslice,5,0.0,0,0,0.0
1785431908.723,17:18:28,timeslice,6,0.0,0,0,0.0
1785431908.723,17:18:28,timeslice,7,0.0,0,0,0.0
1785431909.723,17:18:29,timeslice,0,0.0,0,0,0.0
1785431909.723,17:18:29,timeslice,1,0.0,0,0,0.0
1785431909.723,17:18:29,timeslice,2,0.0,0,0,0.0
1785431909.723,17:18:29,timeslice,3,0.0,0,0,0.0
1785431909.723,17:18:29,timeslice,4,0.0,0,0,0.0
1785431909.723,17:18:29,timeslice,5,0.0,0,0,0.0
1785431909.723,17:18:29,timeslice,6,0.0,0,0,0.0
1785431909.723,17:18:29,timeslice,7,0.0,0,0,0.0
1785431910.723,17:18:30,timeslice,0,0.0,0,0,0.0
1785431910.723,17:18:30,timeslice,1,0.0,0,0,0.0
1785431910.723,17:18:30,timeslice,2,0.0,0,0,0.0
1785431910.723,17:18:30,timeslice,3,0.0,0,0,0.0
1785431910.723,17:18:30,timeslice,4,0.0,0,0,0.0
1785431910.723,17:18:30,timeslice,5,0.0,0,0,0.0
1785431910.723,17:18:30,timeslice,6,0.0,0,0,0.0
1785431910.723,17:18:30,timeslice,7,0.0,0,0,0.0
1785431911.723,17:18:31,timeslice,0,0.0,0,0,0.0
1785431911.723,17:18:31,timeslice,1,0.0,0,0,0.0
1785431911.723,17:18:31,timeslice,2,0.0,0,0,0.0
1785431911.723,17:18:31,timeslice,3,0.0,0,0,0.0
1785431911.723,17:18:31,timeslice,4,0.0,0,0,0.0
1785431911.723,17:18:31,timeslice,5,0.0,0,0,0.0
1785431911.723,17:18:31,timeslice,6,0.0,0,0,0.0
1785431911.723,17:18:31,timeslice,7,0.0,0,0,0.0
1785431912.724,17:18:32,timeslice,0,0.0,0,0,0.0
1785431912.724,17:18:32,timeslice,1,0.0,0,0,0.0
1785431912.724,17:18:32,timeslice,2,0.0,0,0,0.0
1785431912.724,17:18:32,timeslice,3,0.0,0,0,0.0
1785431912.724,17:18:32,timeslice,4,0.0,0,0,0.0
1785431912.724,17:18:32,timeslice,5,0.0,0,0,0.0
1785431912.724,17:18:32,timeslice,6,0.0,0,0,0.0
1785431912.724,17:18:32,timeslice,7,0.0,0,0,0.0
1785431913.724,17:18:33,timeslice,0,0.0,0,0,0.0
1785431913.724,17:18:33,timeslice,1,0.0,0,0,0.0
1785431913.724,17:18:33,timeslice,2,0.0,0,0,0.0
1785431913.724,17:18:33,timeslice,3,0.0,0,0,0.0
1785431913.724,17:18:33,timeslice,4,0.0,0,0,0.0
1785431913.724,17:18:33,timeslice,5,0.0,0,0,0.0
1785431913.724,17:18:33,timeslice,6,0.0,0,0,0.0
1785431913.724,17:18:33,timeslice,7,0.0,0,0,0.0
1785431914.724,17:18:34,timeslice,0,0.0,0,0,0.0
1785431914.724,17:18:34,timeslice,1,0.0,0,0,0.0
1785431914.724,17:18:34,timeslice,2,0.0,0,0,0.0
1785431914.724,17:18:34,timeslice,3,0.0,0,0,0.0
1785431914.724,17:18:34,timeslice,4,0.0,0,0,0.0
1785431914.724,17:18:34,timeslice,5,0.0,0,0,0.0
1785431914.724,17:18:34,timeslice,6,0.0,0,0,0.0
1785431914.724,17:18:34,timeslice,7,0.0,0,0,0.0
1785431915.724,17:18:35,timeslice,0,0.0,0,0,0.0
1785431915.724,17:18:35,timeslice,1,0.0,0,0,0.0
1785431915.724,17:18:35,timeslice,2,0.0,0,0,0.0
1785431915.724,17:18:35,timeslice,3,0.0,0,0,0.0
1785431915.724,17:18:35,timeslice,4,0.0,0,0,0.0
1785431915.724,17:18:35,timeslice,5,0.0,0,0,0.0
1785431915.724,17:18:35,timeslice,6,0.0,0,0,0.0
1785431915.724,17:18:35,timeslice,7,0.0,0,0,0.0
1785431916.724,17:18:36,timeslice,0,0.0,0,0,0.0
1785431916.724,17:18:36,timeslice,1,0.0,0,0,0.0
1785431916.724,17:18:36,timeslice,2,0.0,0,0,0.0
1785431916.724,17:18:36,timeslice,3,0.0,0,0,0.0
1785431916.724,17:18:36,timeslice,4,0.0,0,0,0.0
1785431916.724,17:18:36,timeslice,5,0.0,0,0,0.0
1785431916.724,17:18:36,timeslice,6,0.0,0,0,0.0
1785431916.724,17:18:36,timeslice,7,0.0,0,0,0.0
1785431917.724,17:18:37,timeslice,0,0.0,0,0,0.0
1785431917.724,17:18:37,timeslice,1,0.0,0,0,0.0
1785431917.724,17:18:37,timeslice,2,0.0,0,0,0.0
1785431917.724,17:18:37,timeslice,3,0.0,0,0,0.0
1785431917.724,17:18:37,timeslice,4,0.0,0,0,0.0
1785431917.724,17:18:37,timeslice,5,0.0,0,0,0.0
1785431917.724,17:18:37,timeslice,6,0.0,0,0,0.0
1785431917.724,17:18:37,timeslice,7,0.0,0,0,0.0
1785431918.724,17:18:38,timeslice,0,0.0,0,0,0.0
1785431918.724,17:18:38,timeslice,1,0.0,0,0,0.0
1785431918.724,17:18:38,timeslice,2,0.0,0,0,0.0
1785431918.724,17:18:38,timeslice,3,0.0,0,0,0.0
1785431918.724,17:18:38,timeslice,4,0.0,0,0,0.0
1785431918.724,17:18:38,timeslice,5,0.0,0,0,0.0
1785431918.724,17:18:38,timeslice,6,0.0,0,0,0.0
1785431918.724,17:18:38,timeslice,7,0.0,0,0,0.0
1785431919.724,17:18:39,timeslice,0,0.0,0,0,0.0
1785431919.724,17:18:39,timeslice,1,0.0,0,0,0.0
1785431919.724,17:18:39,timeslice,2,0.0,0,0,0.0
1785431919.724,17:18:39,timeslice,3,0.0,0,0,0.0
1785431919.724,17:18:39,timeslice,4,0.0,0,0,0.0
1785431919.724,17:18:39,timeslice,5,0.0,0,0,0.0
1785431919.724,17:18:39,timeslice,6,0.0,0,0,0.0
1785431919.724,17:18:39,timeslice,7,0.0,0,0,0.0
1785431920.725,17:18:40,timeslice,0,0.0,0,0,0.0
1785431920.725,17:18:40,timeslice,1,0.0,0,0,0.0
1785431920.725,17:18:40,timeslice,2,0.0,0,0,0.0
1785431920.725,17:18:40,timeslice,3,0.0,0,0,0.0
1785431920.725,17:18:40,timeslice,4,0.0,0,0,0.0
1785431920.725,17:18:40,timeslice,5,0.0,0,0,0.0
1785431920.725,17:18:40,timeslice,6,0.0,0,0,0.0
1785431920.725,17:18:40,timeslice,7,0.0,0,0,0.0
1785431921.725,17:18:41,timeslice,0,0.0,0,0,0.0
1785431921.725,17:18:41,timeslice,1,0.0,0,0,0.0
1785431921.725,17:18:41,timeslice,2,0.0,0,0,0.0
1785431921.725,17:18:41,timeslice,3,0.0,0,0,0.0
1785431921.725,17:18:41,timeslice,4,0.0,0,0,0.0
1785431921.725,17:18:41,timeslice,5,0.0,0,0,0.0
1785431921.725,17:18:41,timeslice,6,0.0,0,0,0.0
1785431921.725,17:18:41,timeslice,7,0.0,0,0,0.0
1785431922.725,17:18:42,timeslice,0,0.0,0,0,0.0
1785431922.725,17:18:42,timeslice,1,0.0,0,0,0.0
1785431922.725,17:18:42,timeslice,2,0.0,0,0,0.0
1785431922.725,17:18:42,timeslice,3,0.0,0,0,0.0
1785431922.725,17:18:42,timeslice,4,0.0,0,0,0.0
1785431922.725,17:18:42,timeslice,5,0.0,0,0,0.0
1785431922.725,17:18:42,timeslice,6,0.0,0,0,0.0
1785431922.725,17:18:42,timeslice,7,0.0,0,0,0.0
1785431923.725,17:18:43,timeslice,0,0.0,0,0,0.0
1785431923.725,17:18:43,timeslice,1,0.0,0,0,0.0
1785431923.725,17:18:43,timeslice,2,0.0,0,0,0.0
1785431923.725,17:18:43,timeslice,3,0.0,0,0,0.0
1785431923.725,17:18:43,timeslice,4,0.0,0,0,0.0
1785431923.725,17:18:43,timeslice,5,0.0,0,0,0.0
1785431923.725,17:18:43,timeslice,6,0.0,0,0,0.0
1785431923.725,17:18:43,timeslice,7,0.0,0,0,0.0
1785431924.725,17:18:44,timeslice,0,0.0,0,0,0.0
1785431924.725,17:18:44,timeslice,1,0.0,0,0,0.0
1785431924.725,17:18:44,timeslice,2,0.0,0,0,0.0
1785431924.725,17:18:44,timeslice,3,0.0,0,0,0.0
1785431924.725,17:18:44,timeslice,4,0.0,0,0,0.0
1785431924.725,17:18:44,timeslice,5,0.0,0,0,0.0
1785431924.725,17:18:44,timeslice,6,0.0,0,0,0.0
1785431924.725,17:18:44,timeslice,7,0.0,0,0,0.0
1785431925.725,17:18:45,timeslice,0,0.0,0,0,0.0
1785431925.725,17:18:45,timeslice,1,0.0,0,0,0.0
1785431925.725,17:18:45,timeslice,2,0.0,0,0,0.0
1785431925.725,17:18:45,timeslice,3,0.0,0,0,0.0
1785431925.725,17:18:45,timeslice,4,0.0,0,0,0.0
1785431925.725,17:18:45,timeslice,5,0.0,0,0,0.0
1785431925.725,17:18:45,timeslice,6,0.0,0,0,0.0
1785431925.725,17:18:45,timeslice,7,0.0,0,0,0.0
1785431926.725,17:18:46,timeslice,0,0.0,0,0,0.0
1785431926.725,17:18:46,timeslice,1,0.0,0,0,0.0
1785431926.725,17:18:46,timeslice,2,0.0,0,0,0.0
1785431926.725,17:18:46,timeslice,3,0.0,0,0,0.0
1785431926.725,17:18:46,timeslice,4,0.0,0,0,0.0
1785431926.725,17:18:46,timeslice,5,0.0,0,0,0.0
1785431926.725,17:18:46,timeslice,6,0.0,0,0,0.0
1785431926.725,17:18:46,timeslice,7,0.0,0,0,0.0
1785431927.725,17:18:47,timeslice,0,0.0,0,0,0.0
1785431927.725,17:18:47,timeslice,1,0.0,0,0,0.0
1785431927.725,17:18:47,timeslice,2,0.0,0,0,0.0
1785431927.725,17:18:47,timeslice,3,0.0,0,0,0.0
1785431927.725,17:18:47,timeslice,4,0.0,0,0,0.0
1785431927.725,17:18:47,timeslice,5,0.0,0,0,0.0
1785431927.725,17:18:47,timeslice,6,0.0,0,0,0.0
1785431927.725,17:18:47,timeslice,7,0.0,0,0,0.0
1785431928.725,17:18:48,timeslice,0,0.0,0,0,0.0
1785431928.725,17:18:48,timeslice,1,0.0,0,0,0.0
1785431928.725,17:18:48,timeslice,2,0.0,0,0,0.0
1785431928.725,17:18:48,timeslice,3,0.0,0,0,0.0
1785431928.725,17:18:48,timeslice,4,0.0,0,0,0.0
1785431928.725,17:18:48,timeslice,5,0.0,0,0,0.0
1785431928.725,17:18:48,timeslice,6,0.0,0,0,0.0
1785431928.725,17:18:48,timeslice,7,0.0,0,0,0.0
1785431929.726,17:18:49,timeslice,0,0.0,0,0,0.0
1785431929.726,17:18:49,timeslice,1,0.0,0,0,0.0
1785431929.726,17:18:49,timeslice,2,0.0,0,0,0.0
1785431929.726,17:18:49,timeslice,3,0.0,0,0,0.0
1785431929.726,17:18:49,timeslice,4,0.0,0,0,0.0
1785431929.726,17:18:49,timeslice,5,0.0,0,0,0.0
1785431929.726,17:18:49,timeslice,6,0.0,0,0,0.0
1785431929.726,17:18:49,timeslice,7,0.0,0,0,0.0
1785431930.726,17:18:50,timeslice,0,0.0,0,0,0.0
1785431930.726,17:18:50,timeslice,1,0.0,0,0,0.0
1785431930.726,17:18:50,timeslice,2,0.0,0,0,0.0
1785431930.726,17:18:50,timeslice,3,0.0,0,0,0.0
1785431930.726,17:18:50,timeslice,4,0.0,0,0,0.0
1785431930.726,17:18:50,timeslice,5,0.0,0,0,0.0
1785431930.726,17:18:50,timeslice,6,0.0,0,0,0.0
1785431930.726,17:18:50,timeslice,7,0.0,0,0,0.0
1785431931.726,17:18:51,timeslice,0,0.0,0,0,0.0
1785431931.726,17:18:51,timeslice,1,0.0,0,0,0.0
1785431931.726,17:18:51,timeslice,2,0.0,0,0,0.0
1785431931.726,17:18:51,timeslice,3,0.0,0,0,0.0
1785431931.726,17:18:51,timeslice,4,0.0,0,0,0.0
1785431931.726,17:18:51,timeslice,5,0.0,0,0,0.0
1785431931.726,17:18:51,timeslice,6,0.0,0,0,0.0
1785431931.726,17:18:51,timeslice,7,0.0,0,0,0.0
1785431932.726,17:18:52,timeslice,0,0.0,0,0,0.0
1785431932.726,17:18:52,timeslice,1,0.0,0,0,0.0
1785431932.726,17:18:52,timeslice,2,0.0,0,0,0.0
1785431932.726,17:18:52,timeslice,3,0.0,0,0,0.0
1785431932.726,17:18:52,timeslice,4,0.0,0,0,0.0
1785431932.726,17:18:52,timeslice,5,0.0,0,0,0.0
1785431932.726,17:18:52,timeslice,6,0.0,0,0,0.0
1785431932.726,17:18:52,timeslice,7,0.0,0,0,0.0
1785431933.726,17:18:53,timeslice,0,0.0,0,0,0.0
1785431933.726,17:18:53,timeslice,1,0.0,0,0,0.0
1785431933.726,17:18:53,timeslice,2,0.0,0,0,0.0
1785431933.726,17:18:53,timeslice,3,0.0,0,0,0.0
1785431933.726,17:18:53,timeslice,4,0.0,0,0,0.0
1785431933.726,17:18:53,timeslice,5,0.0,0,0,0.0
1785431933.726,17:18:53,timeslice,6,0.0,0,0,0.0
1785431933.726,17:18:53,timeslice,7,0.0,0,0,0.0
1785431934.726,17:18:54,timeslice,0,0.0,0,0,0.0
1785431934.726,17:18:54,timeslice,1,0.0,0,0,0.0
1785431934.726,17:18:54,timeslice,2,0.0,0,0,0.0
1785431934.726,17:18:54,timeslice,3,0.0,0,0,0.0
1785431934.726,17:18:54,timeslice,4,0.0,0,0,0.0
1785431934.726,17:18:54,timeslice,5,0.0,0,0,0.0
1785431934.726,17:18:54,timeslice,6,0.0,0,0,0.0
1785431934.726,17:18:54,timeslice,7,0.0,0,0,0.0
1785431935.726,17:18:55,timeslice,0,0.0,0,0,0.0
1785431935.726,17:18:55,timeslice,1,0.0,0,0,0.0
1785431935.726,17:18:55,timeslice,2,0.0,0,0,0.0
1785431935.726,17:18:55,timeslice,3,0.0,0,0,0.0
1785431935.726,17:18:55,timeslice,4,0.0,0,0,0.0
1785431935.726,17:18:55,timeslice,5,0.0,0,0,0.0
1785431935.726,17:18:55,timeslice,6,0.0,0,0,0.0
1785431935.726,17:18:55,timeslice,7,0.0,0,0,0.0
1785431936.726,17:18:56,timeslice,0,0.0,0,0,0.0
1785431936.726,17:18:56,timeslice,1,0.0,0,0,0.0
1785431936.726,17:18:56,timeslice,2,0.0,0,0,0.0
1785431936.726,17:18:56,timeslice,3,0.0,0,0,0.0
1785431936.726,17:18:56,timeslice,4,0.0,0,0,0.0
1785431936.726,17:18:56,timeslice,5,0.0,0,0,0.0
1785431936.726,17:18:56,timeslice,6,0.0,0,0,0.0
1785431936.726,17:18:56,timeslice,7,0.0,0,0,0.0
1785431937.726,17:18:57,timeslice,0,0.0,0,0,0.0
1785431937.726,17:18:57,timeslice,1,0.0,0,0,0.0
1785431937.726,17:18:57,timeslice,2,0.0,0,0,0.0
1785431937.726,17:18:57,timeslice,3,0.0,0,0,0.0
1785431937.726,17:18:57,timeslice,4,0.0,0,0,0.0
1785431937.726,17:18:57,timeslice,5,0.0,0,0,0.0
1785431937.726,17:18:57,timeslice,6,0.0,0,0,0.0
1785431937.726,17:18:57,timeslice,7,0.0,0,0,0.0
1785431938.727,17:18:58,timeslice,0,0.0,0,0,0.0
1785431938.727,17:18:58,timeslice,1,0.0,0,0,0.0
1785431938.727,17:18:58,timeslice,2,0.0,0,0,0.0
1785431938.727,17:18:58,timeslice,3,0.0,0,0,0.0
1785431938.727,17:18:58,timeslice,4,0.0,0,0,0.0
1785431938.727,17:18:58,timeslice,5,0.0,0,0,0.0
1785431938.727,17:18:58,timeslice,6,0.0,0,0,0.0
1785431938.727,17:18:58,timeslice,7,0.0,0,0,0.0
1785431939.727,17:18:59,timeslice,0,0.0,0,0,0.0
1785431939.727,17:18:59,timeslice,1,0.0,0,0,0.0
1785431939.727,17:18:59,timeslice,2,0.0,0,0,0.0
1785431939.727,17:18:59,timeslice,3,0.0,0,0,0.0
1785431939.727,17:18:59,timeslice,4,0.0,0,0,0.0
1785431939.727,17:18:59,timeslice,5,0.0,0,0,0.0
1785431939.727,17:18:59,timeslice,6,0.0,0,0,0.0
1785431939.727,17:18:59,timeslice,7,0.0,0,0,0.0
1785431940.727,17:19:00,timeslice,0,0.0,0,0,0.0
1785431940.727,17:19:00,timeslice,1,0.0,0,0,0.0
1785431940.727,17:19:00,timeslice,2,0.0,0,0,0.0
1785431940.727,17:19:00,timeslice,3,0.0,0,0,0.0
1785431940.727,17:19:00,timeslice,4,0.0,0,0,0.0
1785431940.727,17:19:00,timeslice,5,0.0,0,0,0.0
1785431940.727,17:19:00,timeslice,6,0.0,0,0,0.0
1785431940.727,17:19:00,timeslice,7,0.0,0,0,0.0
1785431941.727,17:19:01,timeslice,0,0.0,0,0,0.0
1785431941.727,17:19:01,timeslice,1,0.0,0,0,0.0
1785431941.727,17:19:01,timeslice,2,0.0,0,0,0.0
1785431941.727,17:19:01,timeslice,3,0.0,0,0,0.0
1785431941.727,17:19:01,timeslice,4,0.0,0,0,0.0
1785431941.727,17:19:01,timeslice,5,0.0,0,0,0.0
1785431941.727,17:19:01,timeslice,6,0.0,0,0,0.0
1785431941.727,17:19:01,timeslice,7,0.0,0,0,0.0
1785431942.727,17:19:02,timeslice,0,0.0,0,0,0.0
1785431942.727,17:19:02,timeslice,1,0.0,0,0,0.0
1785431942.727,17:19:02,timeslice,2,0.0,0,0,0.0
1785431942.727,17:19:02,timeslice,3,0.0,0,0,0.0
1785431942.727,17:19:02,timeslice,4,0.0,0,0,0.0
1785431942.727,17:19:02,timeslice,5,0.0,0,0,0.0
1785431942.727,17:19:02,timeslice,6,0.0,0,0,0.0
1785431942.727,17:19:02,timeslice,7,0.0,0,0,0.0
1785431943.727,17:19:03,timeslice,0,0.0,0,0,0.0
1785431943.727,17:19:03,timeslice,1,0.0,0,0,0.0
1785431943.727,17:19:03,timeslice,2,0.0,0,0,0.0
1785431943.727,17:19:03,timeslice,3,0.0,0,0,0.0
1785431943.727,17:19:03,timeslice,4,0.0,0,0,0.0
1785431943.727,17:19:03,timeslice,5,0.0,0,0,0.0
1785431943.727,17:19:03,timeslice,6,0.0,0,0,0.0
1785431943.727,17:19:03,timeslice,7,0.0,0,0,0.0
1785431944.727,17:19:04,timeslice,0,0.0,0,0,0.0
1785431944.727,17:19:04,timeslice,1,0.0,0,0,0.0
1785431944.727,17:19:04,timeslice,2,0.0,0,0,0.0
1785431944.727,17:19:04,timeslice,3,0.0,0,0,0.0
1785431944.727,17:19:04,timeslice,4,0.0,0,0,0.0
1785431944.727,17:19:04,timeslice,5,0.0,0,0,0.0
1785431944.727,17:19:04,timeslice,6,0.0,0,0,0.0
1785431944.727,17:19:04,timeslice,7,0.0,0,0,0.0
1785431945.727,17:19:05,timeslice,0,0.0,0,0,0.0
1785431945.727,17:19:05,timeslice,1,0.0,0,0,0.0
1785431945.727,17:19:05,timeslice,2,0.0,0,0,0.0
1785431945.727,17:19:05,timeslice,3,0.0,0,0,0.0
1785431945.727,17:19:05,timeslice,4,0.0,0,0,0.0
1785431945.727,17:19:05,timeslice,5,0.0,0,0,0.0
1785431945.727,17:19:05,timeslice,6,0.0,0,0,0.0
1785431945.727,17:19:05,timeslice,7,0.0,0,0,0.0
1785431946.727,17:19:06,timeslice,0,0.0,0,0,0.0
1785431946.727,17:19:06,timeslice,1,0.0,0,0,0.0
1785431946.727,17:19:06,timeslice,2,0.0,0,0,0.0
1785431946.727,17:19:06,timeslice,3,0.0,0,0,0.0
1785431946.727,17:19:06,timeslice,4,0.0,0,0,0.0
1785431946.727,17:19:06,timeslice,5,0.0,0,0,0.0
1785431946.727,17:19:06,timeslice,6,0.0,0,0,0.0
1785431946.727,17:19:06,timeslice,7,0.0,0,0,0.0
1785431947.728,17:19:07,timeslice,0,0.0,0,0,0.0
1785431947.728,17:19:07,timeslice,1,0.0,0,0,0.0
1785431947.728,17:19:07,timeslice,2,0.0,0,0,0.0
1785431947.728,17:19:07,timeslice,3,0.0,0,0,0.0
1785431947.728,17:19:07,timeslice,4,0.0,0,0,0.0
1785431947.728,17:19:07,timeslice,5,0.0,0,0,0.0
1785431947.728,17:19:07,timeslice,6,0.0,0,0,0.0
1785431947.728,17:19:07,timeslice,7,0.0,0,0,0.0
1785431948.728,17:19:08,timeslice,0,0.0,0,0,0.0
1785431948.728,17:19:08,timeslice,1,0.0,0,0,0.0
1785431948.728,17:19:08,timeslice,2,0.0,0,0,0.0
1785431948.728,17:19:08,timeslice,3,0.0,0,0,0.0
1785431948.728,17:19:08,timeslice,4,0.0,0,0,0.0
1785431948.728,17:19:08,timeslice,5,0.0,0,0,0.0
1785431948.728,17:19:08,timeslice,6,0.0,0,0,0.0
1785431948.728,17:19:08,timeslice,7,0.0,0,0,0.0
1785431949.728,17:19:09,timeslice,0,0.0,0,0,0.0
1785431949.728,17:19:09,timeslice,1,0.0,0,0,0.0
1785431949.728,17:19:09,timeslice,2,0.0,0,0,0.0
1785431949.728,17:19:09,timeslice,3,0.0,0,0,0.0
1785431949.728,17:19:09,timeslice,4,0.0,0,0,0.0
1785431949.728,17:19:09,timeslice,5,0.0,0,0,0.0
1785431949.728,17:19:09,timeslice,6,0.0,0,0,0.0
1785431949.728,17:19:09,timeslice,7,0.0,0,0,0.0
1785431950.728,17:19:10,timeslice,0,0.0,0,0,0.0
1785431950.728,17:19:10,timeslice,1,0.0,0,0,0.0
1785431950.728,17:19:10,timeslice,2,0.0,0,0,0.0
1785431950.728,17:19:10,timeslice,3,0.0,0,0,0.0
1785431950.728,17:19:10,timeslice,4,0.0,0,0,0.0
1785431950.728,17:19:10,timeslice,5,0.0,0,0,0.0
1785431950.728,17:19:10,timeslice,6,0.0,0,0,0.0
1785431950.728,17:19:10,timeslice,7,0.0,0,0,0.0
1785431951.728,17:19:11,timeslice,0,0.0,0,0,0.0
1785431951.728,17:19:11,timeslice,1,0.0,0,0,0.0
1785431951.728,17:19:11,timeslice,2,0.0,0,0,0.0
1785431951.728,17:19:11,timeslice,3,0.0,0,0,0.0
1785431951.728,17:19:11,timeslice,4,0.0,0,0,0.0
1785431951.728,17:19:11,timeslice,5,0.0,0,0,0.0
1785431951.728,17:19:11,timeslice,6,0.0,0,0,0.0
1785431951.728,17:19:11,timeslice,7,0.0,0,0,0.0
1785431952.728,17:19:12,timeslice,0,0.0,0,0,0.0
1785431952.728,17:19:12,timeslice,1,0.0,0,0,0.0
1785431952.728,17:19:12,timeslice,2,0.0,0,0,0.0
1785431952.728,17:19:12,timeslice,3,0.0,0,0,0.0
1785431952.728,17:19:12,timeslice,4,0.0,0,0,0.0
1785431952.728,17:19:12,timeslice,5,0.0,0,0,0.0
1785431952.728,17:19:12,timeslice,6,0.0,0,0,0.0
1785431952.728,17:19:12,timeslice,7,0.0,0,0,0.0
1785431953.728,17:19:13,timeslice,0,0.0,0,0,0.0
1785431953.728,17:19:13,timeslice,1,0.0,0,0,0.0
1785431953.728,17:19:13,timeslice,2,0.0,0,0,0.0
1785431953.728,17:19:13,timeslice,3,0.0,0,0,0.0
1785431953.728,17:19:13,timeslice,4,0.0,0,0,0.0
1785431953.728,17:19:13,timeslice,5,0.0,0,0,0.0
1785431953.728,17:19:13,timeslice,6,0.0,0,0,0.0
1785431953.728,17:19:13,timeslice,7,0.0,0,0,0.0
1785431954.728,17:19:14,timeslice,0,0.0,0,0,0.0
1785431954.728,17:19:14,timeslice,1,0.0,0,0,0.0
1785431954.728,17:19:14,timeslice,2,0.0,0,0,0.0
1785431954.728,17:19:14,timeslice,3,0.0,0,0,0.0
1785431954.728,17:19:14,timeslice,4,0.0,0,0,0.0
1785431954.728,17:19:14,timeslice,5,0.0,0,0,0.0
1785431954.728,17:19:14,timeslice,6,0.0,0,0,0.0
1785431954.728,17:19:14,timeslice,7,0.0,0,0,0.0
1785431955.729,17:19:15,timeslice,0,0.0,0,0,0.0
1785431955.729,17:19:15,timeslice,1,0.0,0,0,0.0
1785431955.729,17:19:15,timeslice,2,0.0,0,0,0.0
1785431955.729,17:19:15,timeslice,3,0.0,0,0,0.0
1785431955.729,17:19:15,timeslice,4,0.0,0,0,0.0
1785431955.729,17:19:15,timeslice,5,0.0,0,0,0.0
1785431955.729,17:19:15,timeslice,6,0.0,0,0,0.0
1785431955.729,17:19:15,timeslice,7,0.0,0,0,0.0
1785431956.729,17:19:16,timeslice,0,0.0,0,0,0.0
1785431956.729,17:19:16,timeslice,1,0.0,0,0,0.0
1785431956.729,17:19:16,timeslice,2,0.0,0,0,0.0
1785431956.729,17:19:16,timeslice,3,0.0,0,0,0.0
1785431956.729,17:19:16,timeslice,4,0.0,0,0,0.0
1785431956.729,17:19:16,timeslice,5,0.0,0,0,0.0
1785431956.729,17:19:16,timeslice,6,0.0,0,0,0.0
1785431956.729,17:19:16,timeslice,7,0.0,0,0,0.0
1785431957.729,17:19:17,timeslice,0,0.0,0,0,0.0
1785431957.729,17:19:17,timeslice,1,0.0,0,0,0.0
1785431957.729,17:19:17,timeslice,2,0.0,0,0,0.0
1785431957.729,17:19:17,timeslice,3,0.0,0,0,0.0
1785431957.729,17:19:17,timeslice,4,0.0,0,0,0.0
1785431957.729,17:19:17,timeslice,5,0.0,0,0,0.0
1785431957.729,17:19:17,timeslice,6,0.0,0,0,0.0
1785431957.729,17:19:17,timeslice,7,0.0,0,0,0.0
1785431958.729,17:19:18,timeslice,0,0.0,0,0,0.0
1785431958.729,17:19:18,timeslice,1,0.0,0,0,0.0
1785431958.729,17:19:18,timeslice,2,0.0,0,0,0.0
1785431958.729,17:19:18,timeslice,3,0.0,0,0,0.0
1785431958.729,17:19:18,timeslice,4,0.0,0,0,0.0
1785431958.729,17:19:18,timeslice,5,0.0,0,0,0.0
1785431958.729,17:19:18,timeslice,6,0.0,0,0,0.0
1785431958.729,17:19:18,timeslice,7,0.0,0,0,0.0
1785431959.729,17:19:19,timeslice,0,0.0,0,0,0.0
1785431959.729,17:19:19,timeslice,1,0.0,0,0,0.0
1785431959.729,17:19:19,timeslice,2,0.0,0,0,0.0
1785431959.729,17:19:19,timeslice,3,0.0,0,0,0.0
1785431959.729,17:19:19,timeslice,4,0.0,0,0,0.0
1785431959.729,17:19:19,timeslice,5,0.0,0,0,0.0
1785431959.729,17:19:19,timeslice,6,0.0,0,0,0.0
1785431959.729,17:19:19,timeslice,7,0.0,0,0,0.0
1785431960.729,17:19:20,timeslice,0,0.0,0,0,0.0
1785431960.729,17:19:20,timeslice,1,0.0,0,0,0.0
1785431960.729,17:19:20,timeslice,2,0.0,0,0,0.0
1785431960.729,17:19:20,timeslice,3,0.0,0,0,0.0
1785431960.729,17:19:20,timeslice,4,0.0,0,0,0.0
1785431960.729,17:19:20,timeslice,5,0.0,0,0,0.0
1785431960.729,17:19:20,timeslice,6,0.0,0,0,0.0
1785431960.729,17:19:20,timeslice,7,0.0,0,0,0.0
1785431961.729,17:19:21,timeslice,0,0.0,0,0,0.0
1785431961.729,17:19:21,timeslice,1,0.0,0,0,0.0
1785431961.729,17:19:21,timeslice,2,0.0,0,0,0.0
1785431961.729,17:19:21,timeslice,3,0.0,0,0,0.0
1785431961.729,17:19:21,timeslice,4,0.0,0,0,0.0
1785431961.729,17:19:21,timeslice,5,0.0,0,0,0.0
1785431961.729,17:19:21,timeslice,6,0.0,0,0,0.0
1785431961.729,17:19:21,timeslice,7,0.0,0,0,0.0
1785431962.729,17:19:22,timeslice,0,0.0,0,0,0.0
1785431962.729,17:19:22,timeslice,1,0.0,0,0,0.0
1785431962.729,17:19:22,timeslice,2,0.0,0,0,0.0
1785431962.729,17:19:22,timeslice,3,0.0,0,0,0.0
1785431962.729,17:19:22,timeslice,4,0.0,0,0,0.0
1785431962.729,17:19:22,timeslice,5,0.0,0,0,0.0
1785431962.729,17:19:22,timeslice,6,0.0,0,0,0.0
1785431962.729,17:19:22,timeslice,7,0.0,0,0,0.0
1785431963.73,17:19:23,timeslice,0,0.0,0,0,0.0
1785431963.73,17:19:23,timeslice,1,0.0,0,0,0.0
1785431963.73,17:19:23,timeslice,2,0.0,0,0,0.0
1785431963.73,17:19:23,timeslice,3,0.0,0,0,0.0
1785431963.73,17:19:23,timeslice,4,0.0,0,0,0.0
1785431963.73,17:19:23,timeslice,5,0.0,0,0,0.0
1785431963.73,17:19:23,timeslice,6,0.0,0,0,0.0
1785431963.73,17:19:23,timeslice,7,0.0,0,0,0.0
1785431964.73,17:19:24,timeslice,0,0.0,0,0,0.0
1785431964.73,17:19:24,timeslice,1,0.0,0,0,0.0
1785431964.73,17:19:24,timeslice,2,0.0,0,0,0.0
1785431964.73,17:19:24,timeslice,3,0.0,0,0,0.0
1785431964.73,17:19:24,timeslice,4,0.0,0,0,0.0
1785431964.73,17:19:24,timeslice,5,0.0,0,0,0.0
1785431964.73,17:19:24,timeslice,6,0.0,0,0,0.0
1785431964.73,17:19:24,timeslice,7,0.0,0,0,0.0
1785431965.73,17:19:25,timeslice,0,0.0,0,0,0.0
1785431965.73,17:19:25,timeslice,1,0.0,0,0,0.0
1785431965.73,17:19:25,timeslice,2,0.0,0,0,0.0
1785431965.73,17:19:25,timeslice,3,0.0,0,0,0.0
1785431965.73,17:19:25,timeslice,4,0.0,0,0,0.0
1785431965.73,17:19:25,timeslice,5,0.0,0,0,0.0
1785431965.73,17:19:25,timeslice,6,0.0,0,0,0.0
1785431965.73,17:19:25,timeslice,7,0.0,0,0,0.0
1785431966.73,17:19:26,timeslice,0,0.0,0,0,0.0
1785431966.73,17:19:26,timeslice,1,0.0,0,0,0.0
1785431966.73,17:19:26,timeslice,2,0.0,0,0,0.0
1785431966.73,17:19:26,timeslice,3,0.0,0,0,0.0
1785431966.73,17:19:26,timeslice,4,0.0,0,0,0.0
1785431966.73,17:19:26,timeslice,5,0.0,0,0,0.0
1785431966.73,17:19:26,timeslice,6,0.0,0,0,0.0
1785431966.73,17:19:26,timeslice,7,0.0,0,0,0.0
1785431967.73,17:19:27,timeslice,0,0.0,0,0,0.0
1785431967.73,17:19:27,timeslice,1,0.0,0,0,0.0
1785431967.73,17:19:27,timeslice,2,0.0,0,0,0.0
1785431967.73,17:19:27,timeslice,3,0.0,0,0,0.0
1785431967.73,17:19:27,timeslice,4,0.0,0,0,0.0
1785431967.73,17:19:27,timeslice,5,0.0,0,0,0.0
1785431967.73,17:19:27,timeslice,6,0.0,0,0,0.0
1785431967.73,17:19:27,timeslice,7,0.0,0,0,0.0
1785431968.73,17:19:28,timeslice,0,0.0,0,0,0.0
1785431968.73,17:19:28,timeslice,1,0.0,0,0,0.0
1785431968.73,17:19:28,timeslice,2,0.0,0,0,0.0
1785431968.73,17:19:28,timeslice,3,0.0,0,0,0.0
1785431968.73,17:19:28,timeslice,4,0.0,0,0,0.0
1785431968.73,17:19:28,timeslice,5,0.0,0,0,0.0
1785431968.73,17:19:28,timeslice,6,0.0,0,0,0.0
1785431968.73,17:19:28,timeslice,7,0.0,0,0,0.0
1785431969.73,17:19:29,timeslice,0,0.0,0,0,0.0
1785431969.73,17:19:29,timeslice,1,0.0,0,0,0.0
1785431969.73,17:19:29,timeslice,2,0.0,0,0,0.0
1785431969.73,17:19:29,timeslice,3,0.0,0,0,0.0
1785431969.73,17:19:29,timeslice,4,0.0,0,0,0.0
1785431969.73,17:19:29,timeslice,5,0.0,0,0,0.0
1785431969.73,17:19:29,timeslice,6,0.0,0,0,0.0
1785431969.73,17:19:29,timeslice,7,0.0,0,0,0.0
1785431970.73,17:19:30,timeslice,0,0.0,0,0,0.0
1785431970.73,17:19:30,timeslice,1,0.0,0,0,0.0
1785431970.73,17:19:30,timeslice,2,0.0,0,0,0.0
1785431970.73,17:19:30,timeslice,3,0.0,0,0,0.0
1785431970.73,17:19:30,timeslice,4,0.0,0,0,0.0
1785431970.73,17:19:30,timeslice,5,0.0,0,0,0.0
1785431970.73,17:19:30,timeslice,6,0.0,0,0,0.0
1785431970.73,17:19:30,timeslice,7,0.0,0,0,0.0
1785431971.731,17:19:31,timeslice,0,0.0,0,0,0.0
1785431971.731,17:19:31,timeslice,1,0.0,0,0,0.0
1785431971.731,17:19:31,timeslice,2,0.0,0,0,0.0
1785431971.731,17:19:31,timeslice,3,0.0,0,0,0.0
1785431971.731,17:19:31,timeslice,4,0.0,0,0,0.0
1785431971.731,17:19:31,timeslice,5,0.0,0,0,0.0
1785431971.731,17:19:31,timeslice,6,0.0,0,0,0.0
1785431971.731,17:19:31,timeslice,7,0.0,0,0,0.0
1785431972.731,17:19:32,timeslice,0,0.0,0,0,0.0
1785431972.731,17:19:32,timeslice,1,0.0,0,0,0.0
1785431972.731,17:19:32,timeslice,2,0.0,0,0,0.0
1785431972.731,17:19:32,timeslice,3,0.0,0,0,0.0
1785431972.731,17:19:32,timeslice,4,0.0,0,0,0.0
1785431972.731,17:19:32,timeslice,5,0.0,0,0,0.0
1785431972.731,17:19:32,timeslice,6,0.0,0,0,0.0
1785431972.731,17:19:32,timeslice,7,0.0,0,0,0.0
1785431973.731,17:19:33,timeslice,0,0.0,0,0,0.0
1785431973.731,17:19:33,timeslice,1,0.0,0,0,0.0
1785431973.731,17:19:33,timeslice,2,0.0,0,0,0.0
1785431973.731,17:19:33,timeslice,3,0.0,0,0,0.0
1785431973.731,17:19:33,timeslice,4,0.0,0,0,0.0
1785431973.731,17:19:33,timeslice,5,0.0,0,0,0.0
1785431973.731,17:19:33,timeslice,6,0.0,0,0,0.0
1785431973.731,17:19:33,timeslice,7,0.0,0,0,0.0
1785431974.731,17:19:34,timeslice,0,0.0,0,0,0.0
1785431974.731,17:19:34,timeslice,1,0.0,0,0,0.0
1785431974.731,17:19:34,timeslice,2,0.0,0,0,0.0
1785431974.731,17:19:34,timeslice,3,0.0,0,0,0.0
1785431974.731,17:19:34,timeslice,4,0.0,0,0,0.0
1785431974.731,17:19:34,timeslice,5,0.0,0,0,0.0
1785431974.731,17:19:34,timeslice,6,0.0,0,0,0.0
1785431974.731,17:19:34,timeslice,7,0.0,0,0,0.0
1785431975.731,17:19:35,timeslice,0,0.0,0,0,0.0
1785431975.731,17:19:35,timeslice,1,0.0,0,0,0.0
1785431975.731,17:19:35,timeslice,2,0.0,0,0,0.0
1785431975.731,17:19:35,timeslice,3,0.0,0,0,0.0
1785431975.731,17:19:35,timeslice,4,0.0,0,0,0.0
1785431975.731,17:19:35,timeslice,5,0.0,0,0,0.0
1785431975.731,17:19:35,timeslice,6,0.0,0,0,0.0
1785431975.731,17:19:35,timeslice,7,0.0,0,0,0.0
1785431976.731,17:19:36,timeslice,0,0.0,0,0,0.0
1785431976.731,17:19:36,timeslice,1,0.0,0,0,0.0
1785431976.731,17:19:36,timeslice,2,0.0,0,0,0.0
1785431976.731,17:19:36,timeslice,3,0.0,0,0,0.0
1785431976.731,17:19:36,timeslice,4,0.0,0,0,0.0
1785431976.731,17:19:36,timeslice,5,0.0,0,0,0.0
1785431976.731,17:19:36,timeslice,6,0.0,0,0,0.0
1785431976.731,17:19:36,timeslice,7,0.0,0,0,0.0
1785431977.731,17:19:37,timeslice,0,0.0,0,0,0.0
1785431977.731,17:19:37,timeslice,1,0.0,0,0,0.0
1785431977.731,17:19:37,timeslice,2,0.0,0,0,0.0
1785431977.731,17:19:37,timeslice,3,0.0,0,0,0.0
1785431977.731,17:19:37,timeslice,4,0.0,0,0,0.0
1785431977.731,17:19:37,timeslice,5,0.0,0,0,0.0
1785431977.731,17:19:37,timeslice,6,0.0,0,0,0.0
1785431977.731,17:19:37,timeslice,7,0.0,0,0,0.0
1785431978.731,17:19:38,timeslice,0,0.0,0,0,0.0
1785431978.731,17:19:38,timeslice,1,0.0,0,0,0.0
1785431978.731,17:19:38,timeslice,2,0.0,0,0,0.0
1785431978.731,17:19:38,timeslice,3,0.0,0,0,0.0
1785431978.731,17:19:38,timeslice,4,0.0,0,0,0.0
1785431978.731,17:19:38,timeslice,5,0.0,0,0,0.0
1785431978.731,17:19:38,timeslice,6,0.0,0,0,0.0
1785431978.731,17:19:38,timeslice,7,0.0,0,0,0.0
1785431979.731,17:19:39,timeslice,0,0.0,0,0,0.0
1785431979.731,17:19:39,timeslice,1,0.0,0,0,0.0
1785431979.731,17:19:39,timeslice,2,0.0,0,0,0.0
1785431979.731,17:19:39,timeslice,3,0.0,0,0,0.0
1785431979.731,17:19:39,timeslice,4,0.0,0,0,0.0
1785431979.731,17:19:39,timeslice,5,0.0,0,0,0.0
1785431979.731,17:19:39,timeslice,6,0.0,0,0,0.0
1785431979.731,17:19:39,timeslice,7,0.0,0,0,0.0
1785431980.732,17:19:40,timeslice,0,0.0,0,0,0.0
1785431980.732,17:19:40,timeslice,1,0.0,0,0,0.0
1785431980.732,17:19:40,timeslice,2,0.0,0,0,0.0
1785431980.732,17:19:40,timeslice,3,0.0,0,0,0.0
1785431980.732,17:19:40,timeslice,4,0.0,0,0,0.0
1785431980.732,17:19:40,timeslice,5,0.0,0,0,0.0
1785431980.732,17:19:40,timeslice,6,0.0,0,0,0.0
1785431980.732,17:19:40,timeslice,7,0.0,0,0,0.0
1785431981.732,17:19:41,timeslice,0,0.0,0,0,0.0
1785431981.732,17:19:41,timeslice,1,0.0,0,0,0.0
1785431981.732,17:19:41,timeslice,2,0.0,0,0,0.0
1785431981.732,17:19:41,timeslice,3,0.0,0,0,0.0
1785431981.732,17:19:41,timeslice,4,0.0,0,0,0.0
1785431981.732,17:19:41,timeslice,5,0.0,0,0,0.0
1785431981.732,17:19:41,timeslice,6,0.0,0,0,0.0
1785431981.732,17:19:41,timeslice,7,0.0,0,0,0.0
1785431982.732,17:19:42,timeslice,0,0.0,0,0,0.0
1785431982.732,17:19:42,timeslice,1,0.0,0,0,0.0
1785431982.732,17:19:42,timeslice,2,0.0,0,0,0.0
1785431982.732,17:19:42,timeslice,3,0.0,0,0,0.0
1785431982.732,17:19:42,timeslice,4,0.0,0,0,0.0
1785431982.732,17:19:42,timeslice,5,0.0,0,0,0.0
1785431982.732,17:19:42,timeslice,6,0.0,0,0,0.0
1785431982.732,17:19:42,timeslice,7,0.0,0,0,0.0
1785431983.732,17:19:43,timeslice,0,0.0,0,0,0.0
1785431983.732,17:19:43,timeslice,1,0.0,0,0,0.0
1785431983.732,17:19:43,timeslice,2,0.0,0,0,0.0
1785431983.732,17:19:43,timeslice,3,0.0,0,0,0.0
1785431983.732,17:19:43,timeslice,4,0.0,0,0,0.0
1785431983.732,17:19:43,timeslice,5,0.0,0,0,0.0
1785431983.732,17:19:43,timeslice,6,0.0,0,0,0.0
1785431983.732,17:19:43,timeslice,7,0.0,0,0,0.0
1785431984.732,17:19:44,timeslice,0,0.0,0,0,0.0
1785431984.732,17:19:44,timeslice,1,0.0,0,0,0.0
1785431984.732,17:19:44,timeslice,2,0.0,0,0,0.0
1785431984.732,17:19:44,timeslice,3,0.0,0,0,0.0
1785431984.732,17:19:44,timeslice,4,0.0,0,0,0.0
1785431984.732,17:19:44,timeslice,5,0.0,0,0,0.0
1785431984.732,17:19:44,timeslice,6,0.0,0,0,0.0
1785431984.732,17:19:44,timeslice,7,0.0,0,0,0.0
1785431985.732,17:19:45,timeslice,0,0.0,0,0,0.0
1785431985.732,17:19:45,timeslice,1,0.0,0,0,0.0
1785431985.732,17:19:45,timeslice,2,0.0,0,0,0.0
1785431985.732,17:19:45,timeslice,3,0.0,0,0,0.0
1785431985.732,17:19:45,timeslice,4,0.0,0,0,0.0
1785431985.732,17:19:45,timeslice,5,0.0,0,0,0.0
1785431985.732,17:19:45,timeslice,6,0.0,0,0,0.0
1785431985.732,17:19:45,timeslice,7,0.0,0,0,0.0
1785431986.732,17:19:46,timeslice,0,0.0,0,0,0.0
1785431986.732,17:19:46,timeslice,1,0.0,0,0,0.0
1785431986.732,17:19:46,timeslice,2,0.0,0,0,0.0
1785431986.732,17:19:46,timeslice,3,0.0,0,0,0.0
1785431986.732,17:19:46,timeslice,4,0.0,0,0,0.0
1785431986.732,17:19:46,timeslice,5,0.0,0,0,0.0
1785431986.732,17:19:46,timeslice,6,0.0,0,0,0.0
1785431986.732,17:19:46,timeslice,7,0.0,0,0,0.0
1785431987.732,17:19:47,timeslice,0,0.0,0,0,0.0
1785431987.732,17:19:47,timeslice,1,0.0,0,0,0.0
1785431987.732,17:19:47,timeslice,2,0.0,0,0,0.0
1785431987.732,17:19:47,timeslice,3,0.0,0,0,0.0
1785431987.732,17:19:47,timeslice,4,0.0,0,0,0.0
1785431987.732,17:19:47,timeslice,5,0.0,0,0,0.0
1785431987.732,17:19:47,timeslice,6,0.0,0,0,0.0
1785431987.732,17:19:47,timeslice,7,0.0,0,0,0.0
1785431988.732,17:19:48,timeslice,0,0.0,0,0,0.0
1785431988.732,17:19:48,timeslice,1,0.0,0,0,0.0
1785431988.732,17:19:48,timeslice,2,0.0,0,0,0.0
1785431988.732,17:19:48,timeslice,3,0.0,0,0,0.0
1785431988.732,17:19:48,timeslice,4,0.0,0,0,0.0
1785431988.732,17:19:48,timeslice,5,0.0,0,0,0.0
1785431988.732,17:19:48,timeslice,6,0.0,0,0,0.0
1785431988.732,17:19:48,timeslice,7,0.0,0,0,0.0
1785431989.733,17:19:49,timeslice,0,0.0,0,0,0.0
1785431989.733,17:19:49,timeslice,1,0.0,0,0,0.0
1785431989.733,17:19:49,timeslice,2,0.0,0,0,0.0
1785431989.733,17:19:49,timeslice,3,0.0,0,0,0.0
1785431989.733,17:19:49,timeslice,4,0.0,0,0,0.0
1785431989.733,17:19:49,timeslice,5,0.0,0,0,0.0
1785431989.733,17:19:49,timeslice,6,0.0,0,0,0.0
1785431989.733,17:19:49,timeslice,7,0.0,0,0,0.0
1785431990.733,17:19:50,timeslice,0,0.0,0,0,0.0
1785431990.733,17:19:50,timeslice,1,0.0,0,0,0.0
1785431990.733,17:19:50,timeslice,2,0.0,0,0,0.0
1785431990.733,17:19:50,timeslice,3,0.0,0,0,0.0
1785431990.733,17:19:50,timeslice,4,0.0,0,0,0.0
1785431990.733,17:19:50,timeslice,5,0.0,0,0,0.0
1785431990.733,17:19:50,timeslice,6,0.0,0,0,0.0
1785431990.733,17:19:50,timeslice,7,0.0,0,0,0.0
1785431991.733,17:19:51,timeslice,0,0.0,0,0,0.0
1785431991.733,17:19:51,timeslice,1,0.0,0,0,0.0
1785431991.733,17:19:51,timeslice,2,0.0,0,0,0.0
1785431991.733,17:19:51,timeslice,3,0.0,0,0,0.0
1785431991.733,17:19:51,timeslice,4,0.0,0,0,0.0
1785431991.733,17:19:51,timeslice,5,0.0,0,0,0.0
1785431991.733,17:19:51,timeslice,6,0.0,0,0,0.0
1785431991.733,17:19:51,timeslice,7,0.0,0,0,0.0
1785431992.733,17:19:52,timeslice,0,0.0,0,0,0.0
1785431992.733,17:19:52,timeslice,1,0.0,0,0,0.0
1785431992.733,17:19:52,timeslice,2,0.0,0,0,0.0
1785431992.733,17:19:52,timeslice,3,0.0,0,0,0.0
1785431992.733,17:19:52,timeslice,4,0.0,0,0,0.0
1785431992.733,17:19:52,timeslice,5,0.0,0,0,0.0
1785431992.733,17:19:52,timeslice,6,0.0,0,0,0.0
1785431992.733,17:19:52,timeslice,7,0.0,0,0,0.0
1785431993.733,17:19:53,timeslice,0,0.0,0,0,0.0
1785431993.733,17:19:53,timeslice,1,0.0,0,0,0.0
1785431993.733,17:19:53,timeslice,2,0.0,0,0,0.0
1785431993.733,17:19:53,timeslice,3,0.0,0,0,0.0
1785431993.733,17:19:53,timeslice,4,0.0,0,0,0.0
1785431993.733,17:19:53,timeslice,5,0.0,0,0,0.0
1785431993.733,17:19:53,timeslice,6,0.0,0,0,0.0
1785431993.733,17:19:53,timeslice,7,0.0,0,0,0.0
1785431994.733,17:19:54,timeslice,0,0.0,0,0,0.0
1785431994.733,17:19:54,timeslice,1,0.0,0,0,0.0
1785431994.733,17:19:54,timeslice,2,0.0,0,0,0.0
1785431994.733,17:19:54,timeslice,3,0.0,0,0,0.0
1785431994.733,17:19:54,timeslice,4,0.0,0,0,0.0
1785431994.733,17:19:54,timeslice,5,0.0,0,0,0.0
1785431994.733,17:19:54,timeslice,6,0.0,0,0,0.0
1785431994.733,17:19:54,timeslice,7,0.0,0,0,0.0
1785431995.733,17:19:55,timeslice,0,0.0,0,0,0.0
1785431995.733,17:19:55,timeslice,1,0.0,0,0,0.0
1785431995.733,17:19:55,timeslice,2,0.0,0,0,0.0
1785431995.733,17:19:55,timeslice,3,0.0,0,0,0.0
1785431995.733,17:19:55,timeslice,4,0.0,0,0,0.0
1785431995.733,17:19:55,timeslice,5,0.0,0,0,0.0
1785431995.733,17:19:55,timeslice,6,0.0,0,0,0.0
1785431995.733,17:19:55,timeslice,7,0.0,0,0,0.0
1785431996.733,17:19:56,timeslice,0,0.0,0,0,0.0
1785431996.733,17:19:56,timeslice,1,0.0,0,0,0.0
1785431996.733,17:19:56,timeslice,2,0.0,0,0,0.0
1785431996.733,17:19:56,timeslice,3,0.0,0,0,0.0
1785431996.733,17:19:56,timeslice,4,0.0,0,0,0.0
1785431996.733,17:19:56,timeslice,5,0.0,0,0,0.0
1785431996.733,17:19:56,timeslice,6,0.0,0,0,0.0
1785431996.733,17:19:56,timeslice,7,0.0,0,0,0.0
1785431997.733,17:19:57,timeslice,0,0.0,0,0,0.0
1785431997.733,17:19:57,timeslice,1,0.0,0,0,0.0
1785431997.733,17:19:57,timeslice,2,0.0,0,0,0.0
1785431997.733,17:19:57,timeslice,3,0.0,0,0,0.0
1785431997.733,17:19:57,timeslice,4,0.0,0,0,0.0
1785431997.733,17:19:57,timeslice,5,0.0,0,0,0.0
1785431997.733,17:19:57,timeslice,6,0.0,0,0,0.0
1785431997.733,17:19:57,timeslice,7,0.0,0,0,0.0
1785431998.734,17:19:58,timeslice,0,0.0,0,0,0.0
1785431998.734,17:19:58,timeslice,1,0.0,0,0,0.0
1785431998.734,17:19:58,timeslice,2,0.0,0,0,0.0
1785431998.734,17:19:58,timeslice,3,0.0,0,0,0.0
1785431998.734,17:19:58,timeslice,4,0.0,0,0,0.0
1785431998.734,17:19:58,timeslice,5,0.0,0,0,0.0
1785431998.734,17:19:58,timeslice,6,0.0,0,0,0.0
1785431998.734,17:19:58,timeslice,7,0.0,0,0,0.0
1785431999.734,17:19:59,timeslice,0,0.0,0,0,0.0
1785431999.734,17:19:59,timeslice,1,0.0,0,0,0.0
1785431999.734,17:19:59,timeslice,2,0.0,0,0,0.0
1785431999.734,17:19:59,timeslice,3,0.0,0,0,0.0
1785431999.734,17:19:59,timeslice,4,0.0,0,0,0.0
1785431999.734,17:19:59,timeslice,5,0.0,0,0,0.0
1785431999.734,17:19:59,timeslice,6,0.0,0,0,0.0
1785431999.734,17:19:59,timeslice,7,0.0,0,0,0.0
1785432000.734,17:20:00,timeslice,0,0.0,0,0,0.0
1785432000.734,17:20:00,timeslice,1,0.0,0,0,0.0
1785432000.734,17:20:00,timeslice,2,0.0,0,0,0.0
1785432000.734,17:20:00,timeslice,3,0.0,0,0,0.0
1785432000.734,17:20:00,timeslice,4,0.0,0,0,0.0
1785432000.734,17:20:00,timeslice,5,0.0,0,0,0.0
1785432000.734,17:20:00,timeslice,6,0.0,0,0,0.0
1785432000.734,17:20:00,timeslice,7,0.0,0,0,0.0
1785432001.734,17:20:01,timeslice,0,0.0,0,0,0.0
1785432001.734,17:20:01,timeslice,1,0.0,0,0,0.0
1785432001.734,17:20:01,timeslice,2,0.0,0,0,0.0
1785432001.734,17:20:01,timeslice,3,0.0,0,0,0.0
1785432001.734,17:20:01,timeslice,4,0.0,0,0,0.0
1785432001.734,17:20:01,timeslice,5,0.0,0,0,0.0
1785432001.734,17:20:01,timeslice,6,0.0,0,0,0.0
1785432001.734,17:20:01,timeslice,7,0.0,0,0,0.0
1785432002.734,17:20:02,timeslice,0,0.0,0,0,0.0
1785432002.734,17:20:02,timeslice,1,0.0,0,0,0.0
1785432002.734,17:20:02,timeslice,2,0.0,0,0,0.0
1785432002.734,17:20:02,timeslice,3,0.0,0,0,0.0
1785432002.734,17:20:02,timeslice,4,0.0,0,0,0.0
1785432002.734,17:20:02,timeslice,5,0.0,0,0,0.0
1785432002.734,17:20:02,timeslice,6,0.0,0,0,0.0
1785432002.734,17:20:02,timeslice,7,0.0,0,0,0.0
1785432003.734,17:20:03,timeslice,0,0.0,0,0,0.0
1785432003.734,17:20:03,timeslice,1,0.0,0,0,0.0
1785432003.734,17:20:03,timeslice,2,0.0,0,0,0.0
1785432003.734,17:20:03,timeslice,3,0.0,0,0,0.0
1785432003.734,17:20:03,timeslice,4,0.0,0,0,0.0
1785432003.734,17:20:03,timeslice,5,0.0,0,0,0.0
1785432003.734,17:20:03,timeslice,6,0.0,0,0,0.0
1785432003.734,17:20:03,timeslice,7,0.0,0,0,0.0
1785432004.734,17:20:04,timeslice,0,0.0,0,0,0.0
1785432004.734,17:20:04,timeslice,1,0.0,0,0,0.0
1785432004.734,17:20:04,timeslice,2,0.0,0,0,0.0
1785432004.734,17:20:04,timeslice,3,0.0,0,0,0.0
1785432004.734,17:20:04,timeslice,4,0.0,0,0,0.0
1785432004.734,17:20:04,timeslice,5,0.0,0,0,0.0
1785432004.734,17:20:04,timeslice,6,0.0,0,0,0.0
1785432004.734,17:20:04,timeslice,7,0.0,0,0,0.0
1785432005.734,17:20:05,timeslice,0,0.0,0,0,0.0
1785432005.734,17:20:05,timeslice,1,0.0,0,0,0.0
1785432005.734,17:20:05,timeslice,2,0.0,0,0,0.0
1785432005.734,17:20:05,timeslice,3,0.0,0,0,0.0
1785432005.734,17:20:05,timeslice,4,0.0,0,0,0.0
1785432005.734,17:20:05,timeslice,5,0.0,0,0,0.0
1785432005.734,17:20:05,timeslice,6,0.0,0,0,0.0
1785432005.734,17:20:05,timeslice,7,0.0,0,0,0.0
1785432006.734,17:20:06,timeslice,0,0.0,0,0,0.0
1785432006.734,17:20:06,timeslice,1,0.0,0,0,0.0
1785432006.734,17:20:06,timeslice,2,0.0,0,0,0.0
1785432006.734,17:20:06,timeslice,3,0.0,0,0,0.0
1785432006.734,17:20:06,timeslice,4,0.0,0,0,0.0
1785432006.734,17:20:06,timeslice,5,0.0,0,0,0.0
1785432006.734,17:20:06,timeslice,6,0.0,0,0,0.0
1785432006.734,17:20:06,timeslice,7,0.0,0,0,0.0
1785432007.735,17:20:07,timeslice,0,0.0,0,0,0.0
1785432007.735,17:20:07,timeslice,1,0.0,0,0,0.0
1785432007.735,17:20:07,timeslice,2,0.0,0,0,0.0
1785432007.735,17:20:07,timeslice,3,0.0,0,0,0.0
1785432007.735,17:20:07,timeslice,4,0.0,0,0,0.0
1785432007.735,17:20:07,timeslice,5,0.0,0,0,0.0
1785432007.735,17:20:07,timeslice,6,0.0,0,0,0.0
1785432007.735,17:20:07,timeslice,7,0.0,0,0,0.0
1785432008.735,17:20:08,timeslice,0,0.0,0,0,0.0
1785432008.735,17:20:08,timeslice,1,0.0,0,0,0.0
1785432008.735,17:20:08,timeslice,2,0.0,0,0,0.0
1785432008.735,17:20:08,timeslice,3,0.0,0,0,0.0
1785432008.735,17:20:08,timeslice,4,0.0,0,0,0.0
1785432008.735,17:20:08,timeslice,5,0.0,0,0,0.0
1785432008.735,17:20:08,timeslice,6,0.0,0,0,0.0
1785432008.735,17:20:08,timeslice,7,0.0,0,0,0.0
1785432009.735,17:20:09,timeslice,0,0.0,0,0,0.0
1785432009.735,17:20:09,timeslice,1,0.0,0,0,0.0
1785432009.735,17:20:09,timeslice,2,0.0,0,0,0.0
1785432009.735,17:20:09,timeslice,3,0.0,0,0,0.0
1785432009.735,17:20:09,timeslice,4,0.0,0,0,0.0
1785432009.735,17:20:09,timeslice,5,0.0,0,0,0.0
1785432009.735,17:20:09,timeslice,6,0.0,0,0,0.0
1785432009.735,17:20:09,timeslice,7,0.0,0,0,0.0
1785432010.735,17:20:10,timeslice,0,0.0,0,0,0.0
1785432010.735,17:20:10,timeslice,1,0.0,0,0,0.0
1785432010.735,17:20:10,timeslice,2,0.0,0,0,0.0
1785432010.735,17:20:10,timeslice,3,0.0,0,0,0.0
1785432010.735,17:20:10,timeslice,4,0.0,0,0,0.0
1785432010.735,17:20:10,timeslice,5,0.0,0,0,0.0
1785432010.735,17:20:10,timeslice,6,0.0,0,0,0.0
1785432010.735,17:20:10,timeslice,7,0.0,0,0,0.0
1785432011.735,17:20:11,timeslice,0,0.0,0,0,0.0
1785432011.735,17:20:11,timeslice,1,0.0,0,0,0.0
1785432011.735,17:20:11,timeslice,2,0.0,0,0,0.0
1785432011.735,17:20:11,timeslice,3,0.0,0,0,0.0
1785432011.735,17:20:11,timeslice,4,0.0,0,0,0.0
1785432011.735,17:20:11,timeslice,5,0.0,0,0,0.0
1785432011.735,17:20:11,timeslice,6,0.0,0,0,0.0
1785432011.735,17:20:11,timeslice,7,0.0,0,0,0.0
1785432012.735,17:20:12,timeslice,0,0.0,0,0,0.0
1785432012.735,17:20:12,timeslice,1,0.0,0,0,0.0
1785432012.735,17:20:12,timeslice,2,0.0,0,0,0.0
1785432012.735,17:20:12,timeslice,3,0.0,0,0,0.0
1785432012.735,17:20:12,timeslice,4,0.0,0,0,0.0
1785432012.735,17:20:12,timeslice,5,0.0,0,0,0.0
1785432012.735,17:20:12,timeslice,6,0.0,0,0,0.0
1785432012.735,17:20:12,timeslice,7,0.0,0,0,0.0
1785432013.735,17:20:13,timeslice,0,0.0,0,0,0.0
1785432013.735,17:20:13,timeslice,1,0.0,0,0,0.0
1785432013.735,17:20:13,timeslice,2,0.0,0,0,0.0
1785432013.735,17:20:13,timeslice,3,0.0,0,0,0.0
1785432013.735,17:20:13,timeslice,4,0.0,0,0,0.0
1785432013.735,17:20:13,timeslice,5,0.0,0,0,0.0
1785432013.735,17:20:13,timeslice,6,0.0,0,0,0.0
1785432013.735,17:20:13,timeslice,7,0.0,0,0,0.0
1785432014.735,17:20:14,timeslice,0,0.0,0,0,0.0
1785432014.735,17:20:14,timeslice,1,0.0,0,0,0.0
1785432014.735,17:20:14,timeslice,2,0.0,0,0,0.0
1785432014.735,17:20:14,timeslice,3,0.0,0,0,0.0
1785432014.735,17:20:14,timeslice,4,0.0,0,0,0.0
1785432014.735,17:20:14,timeslice,5,0.0,0,0,0.0
1785432014.735,17:20:14,timeslice,6,0.0,0,0,0.0
1785432014.735,17:20:14,timeslice,7,0.0,0,0,0.0
1785432015.736,17:20:15,timeslice,0,0.0,0,0,0.0
1785432015.736,17:20:15,timeslice,1,0.0,0,0,0.0
1785432015.736,17:20:15,timeslice,2,0.0,0,0,0.0
1785432015.736,17:20:15,timeslice,3,0.0,0,0,0.0
1785432015.736,17:20:15,timeslice,4,0.0,0,0,0.0
1785432015.736,17:20:15,timeslice,5,0.0,0,0,0.0
1785432015.736,17:20:15,timeslice,6,0.0,0,0,0.0
1785432015.736,17:20:15,timeslice,7,0.0,0,0,0.0
1785432016.736,17:20:16,timeslice,0,0.0,0,0,0.0
1785432016.736,17:20:16,timeslice,1,0.0,0,0,0.0
1785432016.736,17:20:16,timeslice,2,0.0,0,0,0.0
1785432016.736,17:20:16,timeslice,3,0.0,0,0,0.0
1785432016.736,17:20:16,timeslice,4,0.0,0,0,0.0
1785432016.736,17:20:16,timeslice,5,0.0,0,0,0.0
1785432016.736,17:20:16,timeslice,6,0.0,0,0,0.0
1785432016.736,17:20:16,timeslice,7,0.0,0,0,0.0
1785432017.736,17:20:17,timeslice,0,0.0,0,0,0.0
1785432017.736,17:20:17,timeslice,1,0.0,0,0,0.0
1785432017.736,17:20:17,timeslice,2,0.0,0,0,0.0
1785432017.736,17:20:17,timeslice,3,0.0,0,0,0.0
1785432017.736,17:20:17,timeslice,4,0.0,0,0,0.0
1785432017.736,17:20:17,timeslice,5,0.0,0,0,0.0
1785432017.736,17:20:17,timeslice,6,0.0,0,0,0.0
1785432017.736,17:20:17,timeslice,7,0.0,0,0,0.0
1785432018.736,17:20:18,timeslice,0,0.0,0,0,0.0
1785432018.736,17:20:18,timeslice,1,0.0,0,0,0.0
1785432018.736,17:20:18,timeslice,2,0.0,0,0,0.0
1785432018.736,17:20:18,timeslice,3,0.0,0,0,0.0
1785432018.736,17:20:18,timeslice,4,0.0,0,0,0.0
1785432018.736,17:20:18,timeslice,5,0.0,0,0,0.0
1785432018.736,17:20:18,timeslice,6,0.0,0,0,0.0
1785432018.736,17:20:18,timeslice,7,0.0,0,0,0.0
1785432019.736,17:20:19,timeslice,0,0.0,0,0,0.0
1785432019.736,17:20:19,timeslice,1,0.0,0,0,0.0
1785432019.736,17:20:19,timeslice,2,0.0,0,0,0.0
1785432019.736,17:20:19,timeslice,3,0.0,0,0,0.0
1785432019.736,17:20:19,timeslice,4,0.0,0,0,0.0
1785432019.736,17:20:19,timeslice,5,0.0,0,0,0.0
1785432019.736,17:20:19,timeslice,6,0.0,0,0,0.0
1785432019.736,17:20:19,timeslice,7,0.0,0,0,0.0
1785432020.736,17:20:20,timeslice,0,0.0,0,0,0.0
1785432020.736,17:20:20,timeslice,1,0.0,0,0,0.0
1785432020.736,17:20:20,timeslice,2,0.0,0,0,0.0
1785432020.736,17:20:20,timeslice,3,0.0,0,0,0.0
1785432020.736,17:20:20,timeslice,4,0.0,0,0,0.0
1785432020.736,17:20:20,timeslice,5,0.0,0,0,0.0
1785432020.736,17:20:20,timeslice,6,0.0,0,0,0.0
1785432020.736,17:20:20,timeslice,7,0.0,0,0,0.0
1785432021.736,17:20:21,timeslice,0,0.0,0,0,0.0
1785432021.736,17:20:21,timeslice,1,0.0,0,0,0.0
1785432021.736,17:20:21,timeslice,2,0.0,0,0,0.0
1785432021.736,17:20:21,timeslice,3,0.0,0,0,0.0
1785432021.736,17:20:21,timeslice,4,0.0,0,0,0.0
1785432021.736,17:20:21,timeslice,5,0.0,0,0,0.0
1785432021.736,17:20:21,timeslice,6,0.0,0,0,0.0
1785432021.736,17:20:21,timeslice,7,0.0,0,0,0.0
1785432022.736,17:20:22,timeslice,0,0.0,0,0,0.0
1785432022.736,17:20:22,timeslice,1,0.0,0,0,0.0
1785432022.736,17:20:22,timeslice,2,0.0,0,0,0.0
1785432022.736,17:20:22,timeslice,3,0.0,0,0,0.0
1785432022.736,17:20:22,timeslice,4,0.0,0,0,0.0
1785432022.736,17:20:22,timeslice,5,0.0,0,0,0.0
1785432022.736,17:20:22,timeslice,6,0.0,0,0,0.0
1785432022.736,17:20:22,timeslice,7,0.0,0,0,0.0
1785432023.736,17:20:23,timeslice,0,0.0,0,0,0.0
1785432023.736,17:20:23,timeslice,1,0.0,0,0,0.0
1785432023.736,17:20:23,timeslice,2,0.0,0,0,0.0
1785432023.736,17:20:23,timeslice,3,0.0,0,0,0.0
1785432023.736,17:20:23,timeslice,4,0.0,0,0,0.0
1785432023.736,17:20:23,timeslice,5,0.0,0,0,0.0
1785432023.736,17:20:23,timeslice,6,0.0,0,0,0.0
1785432023.736,17:20:23,timeslice,7,0.0,0,0,0.0
1785432024.737,17:20:24,timeslice,0,0.0,0,0,0.0
1785432024.737,17:20:24,timeslice,1,0.0,0,0,0.0
1785432024.737,17:20:24,timeslice,2,0.0,0,0,0.0
1785432024.737,17:20:24,timeslice,3,0.0,0,0,0.0
1785432024.737,17:20:24,timeslice,4,0.0,0,0,0.0
1785432024.737,17:20:24,timeslice,5,0.0,0,0,0.0
1785432024.737,17:20:24,timeslice,6,0.0,0,0,0.0
1785432024.737,17:20:24,timeslice,7,0.0,0,0,0.0
1785432025.737,17:20:25,timeslice,0,0.0,0,0,0.0
1785432025.737,17:20:25,timeslice,1,0.0,0,0,0.0
1785432025.737,17:20:25,timeslice,2,0.0,0,0,0.0
1785432025.737,17:20:25,timeslice,3,0.0,0,0,0.0
1785432025.737,17:20:25,timeslice,4,0.0,0,0,0.0
1785432025.737,17:20:25,timeslice,5,0.0,0,0,0.0
1785432025.737,17:20:25,timeslice,6,0.0,0,0,0.0
1785432025.737,17:20:25,timeslice,7,0.0,0,0,0.0
1785432026.737,17:20:26,timeslice,0,0.0,0,0,0.0
1785432026.737,17:20:26,timeslice,1,0.0,0,0,0.0
1785432026.737,17:20:26,timeslice,2,0.0,0,0,0.0
1785432026.737,17:20:26,timeslice,3,0.0,0,0,0.0
1785432026.737,17:20:26,timeslice,4,0.0,0,0,0.0
1785432026.737,17:20:26,timeslice,5,0.0,0,0,0.0
1785432026.737,17:20:26,timeslice,6,0.0,0,0,0.0
1785432026.737,17:20:26,timeslice,7,0.0,0,0,0.0
1785432027.737,17:20:27,timeslice,0,0.0,0,0,0.0
1785432027.737,17:20:27,timeslice,1,0.0,0,0,0.0
1785432027.737,17:20:27,timeslice,2,0.0,0,0,0.0
1785432027.737,17:20:27,timeslice,3,0.0,0,0,0.0
1785432027.737,17:20:27,timeslice,4,0.0,0,0,0.0
1785432027.737,17:20:27,timeslice,5,0.0,0,0,0.0
1785432027.737,17:20:27,timeslice,6,0.0,0,0,0.0
1785432027.737,17:20:27,timeslice,7,0.0,0,0,0.0
1785432028.737,17:20:28,timeslice,0,0.0,0,0,0.0
1785432028.737,17:20:28,timeslice,1,0.0,0,0,0.0
1785432028.737,17:20:28,timeslice,2,0.0,0,0,0.0
1785432028.737,17:20:28,timeslice,3,0.0,0,0,0.0
1785432028.737,17:20:28,timeslice,4,0.0,0,0,0.0
1785432028.737,17:20:28,timeslice,5,0.0,0,0,0.0
1785432028.737,17:20:28,timeslice,6,0.0,0,0,0.0
1785432028.737,17:20:28,timeslice,7,0.0,0,0,0.0
1785432029.737,17:20:29,timeslice,0,0.0,0,0,0.0
1785432029.737,17:20:29,timeslice,1,0.0,0,0,0.0
1785432029.737,17:20:29,timeslice,2,0.0,0,0,0.0
1785432029.737,17:20:29,timeslice,3,0.0,0,0,0.0
1785432029.737,17:20:29,timeslice,4,0.0,0,0,0.0
1785432029.737,17:20:29,timeslice,5,0.0,0,0,0.0
1785432029.737,17:20:29,timeslice,6,0.0,0,0,0.0
1785432029.737,17:20:29,timeslice,7,0.0,0,0,0.0
1785432030.737,17:20:30,timeslice,0,0.0,0,0,0.0
1785432030.737,17:20:30,timeslice,1,0.0,0,0,0.0
1785432030.737,17:20:30,timeslice,2,0.0,0,0,0.0
1785432030.737,17:20:30,timeslice,3,0.0,0,0,0.0
1785432030.737,17:20:30,timeslice,4,0.0,0,0,0.0
1785432030.737,17:20:30,timeslice,5,0.0,0,0,0.0
1785432030.737,17:20:30,timeslice,6,0.0,0,0,0.0
1785432030.737,17:20:30,timeslice,7,0.0,0,0,0.0
1785432031.737,17:20:31,timeslice,0,0.0,0,0,0.0
1785432031.737,17:20:31,timeslice,1,0.0,0,0,0.0
1785432031.737,17:20:31,timeslice,2,0.0,0,0,0.0
1785432031.737,17:20:31,timeslice,3,0.0,0,0,0.0
1785432031.737,17:20:31,timeslice,4,0.0,0,0,0.0
1785432031.737,17:20:31,timeslice,5,0.0,0,0,0.0
1785432031.737,17:20:31,timeslice,6,0.0,0,0,0.0
1785432031.737,17:20:31,timeslice,7,0.0,0,0,0.0
1785432032.737,17:20:32,timeslice,0,0.0,0,0,0.0
1785432032.737,17:20:32,timeslice,1,0.0,0,0,0.0
1785432032.737,17:20:32,timeslice,2,0.0,0,0,0.0
1785432032.737,17:20:32,timeslice,3,0.0,0,0,0.0
1785432032.737,17:20:32,timeslice,4,0.0,0,0,0.0
1785432032.737,17:20:32,timeslice,5,0.0,0,0,0.0
1785432032.737,17:20:32,timeslice,6,0.0,0,0,0.0
1785432032.737,17:20:32,timeslice,7,0.0,0,0,0.0
1785432033.738,17:20:33,timeslice,0,0.0,0,0,0.0
1785432033.738,17:20:33,timeslice,1,0.0,0,0,0.0
1785432033.738,17:20:33,timeslice,2,0.0,0,0,0.0
1785432033.738,17:20:33,timeslice,3,0.0,0,0,0.0
1785432033.738,17:20:33,timeslice,4,0.0,0,0,0.0
1785432033.738,17:20:33,timeslice,5,0.0,0,0,0.0
1785432033.738,17:20:33,timeslice,6,0.0,0,0,0.0
1785432033.738,17:20:33,timeslice,7,0.0,0,0,0.0
1785432034.738,17:20:34,timeslice,0,0.0,0,0,0.0
1785432034.738,17:20:34,timeslice,1,0.0,0,0,0.0
1785432034.738,17:20:34,timeslice,2,0.0,0,0,0.0
1785432034.738,17:20:34,timeslice,3,0.0,0,0,0.0
1785432034.738,17:20:34,timeslice,4,0.0,0,0,0.0
1785432034.738,17:20:34,timeslice,5,0.0,0,0,0.0
1785432034.738,17:20:34,timeslice,6,0.0,0,0,0.0
1785432034.738,17:20:34,timeslice,7,0.0,0,0,0.0
1785432035.738,17:20:35,timeslice,0,0.0,0,0,0.0
1785432035.738,17:20:35,timeslice,1,0.0,0,0,0.0
1785432035.738,17:20:35,timeslice,2,0.0,0,0,0.0
1785432035.738,17:20:35,timeslice,3,0.0,0,0,0.0
1785432035.738,17:20:35,timeslice,4,0.0,0,0,0.0
1785432035.738,17:20:35,timeslice,5,0.0,0,0,0.0
1785432035.738,17:20:35,timeslice,6,0.0,0,0,0.0
1785432035.738,17:20:35,timeslice,7,0.0,0,0,0.0
1785432036.738,17:20:36,timeslice,0,0.0,0,0,0.0
1785432036.738,17:20:36,timeslice,1,0.0,0,0,0.0
1785432036.738,17:20:36,timeslice,2,0.0,0,0,0.0
1785432036.738,17:20:36,timeslice,3,0.0,0,0,0.0
1785432036.738,17:20:36,timeslice,4,0.0,0,0,0.0
1785432036.738,17:20:36,timeslice,5,0.0,0,0,0.0
1785432036.738,17:20:36,timeslice,6,0.0,0,0,0.0
1785432036.738,17:20:36,timeslice,7,0.0,0,0,0.0
1785432037.738,17:20:37,timeslice,0,0.0,0,0,0.0
1785432037.738,17:20:37,timeslice,1,0.0,0,0,0.0
1785432037.738,17:20:37,timeslice,2,0.0,0,0,0.0
1785432037.738,17:20:37,timeslice,3,0.0,0,0,0.0
1785432037.738,17:20:37,timeslice,4,0.0,0,0,0.0
1785432037.738,17:20:37,timeslice,5,0.0,0,0,0.0
1785432037.738,17:20:37,timeslice,6,0.0,0,0,0.0
1785432037.738,17:20:37,timeslice,7,0.0,0,0,0.0
1785432038.738,17:20:38,timeslice,0,0.0,0,0,0.0
1785432038.738,17:20:38,timeslice,1,0.0,0,0,0.0
1785432038.738,17:20:38,timeslice,2,0.0,0,0,0.0
1785432038.738,17:20:38,timeslice,3,0.0,0,0,0.0
1785432038.738,17:20:38,timeslice,4,0.0,0,0,0.0
1785432038.738,17:20:38,timeslice,5,0.0,0,0,0.0
1785432038.738,17:20:38,timeslice,6,0.0,0,0,0.0
1785432038.738,17:20:38,timeslice,7,0.0,0,0,0.0
1785432039.738,17:20:39,timeslice,0,0.0,0,0,0.0
1785432039.738,17:20:39,timeslice,1,0.0,0,0,0.0
1785432039.738,17:20:39,timeslice,2,0.0,0,0,0.0
1785432039.738,17:20:39,timeslice,3,0.0,0,0,0.0
1785432039.738,17:20:39,timeslice,4,0.0,0,0,0.0
1785432039.738,17:20:39,timeslice,5,0.0,0,0,0.0
1785432039.738,17:20:39,timeslice,6,0.0,0,0,0.0
1785432039.738,17:20:39,timeslice,7,0.0,0,0,0.0
1785432040.738,17:20:40,timeslice,0,0.0,0,0,0.0
1785432040.738,17:20:40,timeslice,1,0.0,0,0,0.0
1785432040.738,17:20:40,timeslice,2,0.0,0,0,0.0
1785432040.738,17:20:40,timeslice,3,0.0,0,0,0.0
1785432040.738,17:20:40,timeslice,4,0.0,0,0,0.0
1785432040.738,17:20:40,timeslice,5,0.0,0,0,0.0
1785432040.738,17:20:40,timeslice,6,0.0,0,0,0.0
1785432040.738,17:20:40,timeslice,7,0.0,0,0,0.0
1785432041.738,17:20:41,timeslice,0,0.0,0,0,0.0
1785432041.738,17:20:41,timeslice,1,0.0,0,0,0.0
1785432041.738,17:20:41,timeslice,2,0.0,0,0,0.0
1785432041.738,17:20:41,timeslice,3,0.0,0,0,0.0
1785432041.738,17:20:41,timeslice,4,0.0,0,0,0.0
1785432041.738,17:20:41,timeslice,5,0.0,0,0,0.0
1785432041.738,17:20:41,timeslice,6,0.0,0,0,0.0
1785432041.738,17:20:41,timeslice,7,0.0,0,0,0.0
1785432042.739,17:20:42,timeslice,0,0.0,0,0,0.0
1785432042.739,17:20:42,timeslice,1,0.0,0,0,0.0
1785432042.739,17:20:42,timeslice,2,0.0,0,0,0.0
1785432042.739,17:20:42,timeslice,3,0.0,0,0,0.0
1785432042.739,17:20:42,timeslice,4,0.0,0,0,0.0
1785432042.739,17:20:42,timeslice,5,0.0,0,0,0.0
1785432042.739,17:20:42,timeslice,6,0.0,0,0,0.0
1785432042.739,17:20:42,timeslice,7,0.0,0,0,0.0
1785432043.739,17:20:43,timeslice,0,0.0,0,0,0.0
1785432043.739,17:20:43,timeslice,1,0.0,0,0,0.0
1785432043.739,17:20:43,timeslice,2,0.0,0,0,0.0
1785432043.739,17:20:43,timeslice,3,0.0,0,0,0.0
1785432043.739,17:20:43,timeslice,4,0.0,0,0,0.0
1785432043.739,17:20:43,timeslice,5,0.0,0,0,0.0
1785432043.739,17:20:43,timeslice,6,0.0,0,0,0.0
1785432043.739,17:20:43,timeslice,7,0.0,0,0,0.0
1785432044.739,17:20:44,timeslice,0,0.0,0,0,0.0
1785432044.739,17:20:44,timeslice,1,0.0,0,0,0.0
1785432044.739,17:20:44,timeslice,2,0.0,0,0,0.0
1785432044.739,17:20:44,timeslice,3,0.0,0,0,0.0
1785432044.739,17:20:44,timeslice,4,0.0,0,0,0.0
1785432044.739,17:20:44,timeslice,5,0.0,0,0,0.0
1785432044.739,17:20:44,timeslice,6,0.0,0,0,0.0
1785432044.739,17:20:44,timeslice,7,0.0,0,0,0.0
1785432045.739,17:20:45,timeslice,0,0.0,0,0,0.0
1785432045.739,17:20:45,timeslice,1,0.0,0,0,0.0
1785432045.739,17:20:45,timeslice,2,0.0,0,0,0.0
1785432045.739,17:20:45,timeslice,3,0.0,0,0,0.0
1785432045.739,17:20:45,timeslice,4,0.0,0,0,0.0
1785432045.739,17:20:45,timeslice,5,0.0,0,0,0.0
1785432045.739,17:20:45,timeslice,6,0.0,0,0,0.0
1785432045.739,17:20:45,timeslice,7,0.0,0,0,0.0
1785432046.739,17:20:46,timeslice,0,0.0,0,0,0.0
1785432046.739,17:20:46,timeslice,1,0.0,0,0,0.0
1785432046.739,17:20:46,timeslice,2,0.0,0,0,0.0
1785432046.739,17:20:46,timeslice,3,0.0,0,0,0.0
1785432046.739,17:20:46,timeslice,4,0.0,0,0,0.0
1785432046.739,17:20:46,timeslice,5,0.0,0,0,0.0
1785432046.739,17:20:46,timeslice,6,0.0,0,0,0.0
1785432046.739,17:20:46,timeslice,7,0.0,0,0,0.0
1785432047.739,17:20:47,timeslice,0,0.0,0,0,0.0
1785432047.739,17:20:47,timeslice,1,0.0,0,0,0.0
1785432047.739,17:20:47,timeslice,2,0.0,0,0,0.0
1785432047.739,17:20:47,timeslice,3,0.0,0,0,0.0
1785432047.739,17:20:47,timeslice,4,0.0,0,0,0.0
1785432047.739,17:20:47,timeslice,5,0.0,0,0,0.0
1785432047.739,17:20:47,timeslice,6,0.0,0,0,0.0
1785432047.739,17:20:47,timeslice,7,0.0,0,0,0.0
1785432048.739,17:20:48,timeslice,0,0.0,0,0,0.0
1785432048.739,17:20:48,timeslice,1,0.0,0,0,0.0
1785432048.739,17:20:48,timeslice,2,0.0,0,0,0.0
1785432048.739,17:20:48,timeslice,3,0.0,0,0,0.0
1785432048.739,17:20:48,timeslice,4,0.0,0,0,0.0
1785432048.739,17:20:48,timeslice,5,0.0,0,0,0.0
1785432048.739,17:20:48,timeslice,6,0.0,0,0,0.0
1785432048.739,17:20:48,timeslice,7,0.0,0,0,0.0
1785432049.739,17:20:49,timeslice,0,0.0,0,0,0.0
1785432049.739,17:20:49,timeslice,1,0.0,0,0,0.0
1785432049.739,17:20:49,timeslice,2,0.0,0,0,0.0
1785432049.739,17:20:49,timeslice,3,0.0,0,0,0.0
1785432049.739,17:20:49,timeslice,4,0.0,0,0,0.0
1785432049.739,17:20:49,timeslice,5,0.0,0,0,0.0
1785432049.739,17:20:49,timeslice,6,0.0,0,0,0.0
1785432049.739,17:20:49,timeslice,7,0.0,0,0,0.0
1785432050.739,17:20:50,timeslice,0,0.0,0,0,0.0
1785432050.739,17:20:50,timeslice,1,0.0,0,0,0.0
1785432050.739,17:20:50,timeslice,2,0.0,0,0,0.0
1785432050.739,17:20:50,timeslice,3,0.0,0,0,0.0
1785432050.739,17:20:50,timeslice,4,0.0,0,0,0.0
1785432050.739,17:20:50,timeslice,5,0.0,0,0,0.0
1785432050.739,17:20:50,timeslice,6,0.0,0,0,0.0
1785432050.739,17:20:50,timeslice,7,0.0,0,0,0.0
1785432051.74,17:20:51,timeslice,0,0.0,0,0,0.0
1785432051.74,17:20:51,timeslice,1,0.0,0,0,0.0
1785432051.74,17:20:51,timeslice,2,0.0,0,0,0.0
1785432051.74,17:20:51,timeslice,3,0.0,0,0,0.0
1785432051.74,17:20:51,timeslice,4,0.0,0,0,0.0
1785432051.74,17:20:51,timeslice,5,0.0,0,0,0.0
1785432051.74,17:20:51,timeslice,6,0.0,0,0,0.0
1785432051.74,17:20:51,timeslice,7,0.0,0,0,0.0
1785432052.74,17:20:52,timeslice,0,0.0,0,0,0.0
1785432052.74,17:20:52,timeslice,1,0.0,0,0,0.0
1785432052.74,17:20:52,timeslice,2,0.0,0,0,0.0
1785432052.74,17:20:52,timeslice,3,0.0,0,0,0.0
1785432052.74,17:20:52,timeslice,4,0.0,0,0,0.0
1785432052.74,17:20:52,timeslice,5,0.0,0,0,0.0
1785432052.74,17:20:52,timeslice,6,0.0,0,0,0.0
1785432052.74,17:20:52,timeslice,7,0.0,0,0,0.0
1785432053.74,17:20:53,timeslice,0,0.0,0,0,0.0
1785432053.74,17:20:53,timeslice,1,0.0,0,0,0.0
1785432053.74,17:20:53,timeslice,2,0.0,0,0,0.0
1785432053.74,17:20:53,timeslice,3,0.0,0,0,0.0
1785432053.74,17:20:53,timeslice,4,0.0,0,0,0.0
1785432053.74,17:20:53,timeslice,5,0.0,0,0,0.0
1785432053.74,17:20:53,timeslice,6,0.0,0,0,0.0
1785432053.74,17:20:53,timeslice,7,0.0,0,0,0.0
1785432054.74,17:20:54,timeslice,0,0.0,0,0,0.0
1785432054.74,17:20:54,timeslice,1,0.0,0,0,0.0
1785432054.74,17:20:54,timeslice,2,0.0,0,0,0.0
1785432054.74,17:20:54,timeslice,3,0.0,0,0,0.0
1785432054.74,17:20:54,timeslice,4,0.0,0,0,0.0
1785432054.74,17:20:54,timeslice,5,0.0,0,0,0.0
1785432054.74,17:20:54,timeslice,6,0.0,0,0,0.0
1785432054.74,17:20:54,timeslice,7,0.0,0,0,0.0
1785432055.74,17:20:55,timeslice,0,0.0,0,0,0.0
1785432055.74,17:20:55,timeslice,1,0.0,0,0,0.0
1785432055.74,17:20:55,timeslice,2,0.0,0,0,0.0
1785432055.74,17:20:55,timeslice,3,0.0,0,0,0.0
1785432055.74,17:20:55,timeslice,4,0.0,0,0,0.0
1785432055.74,17:20:55,timeslice,5,0.0,0,0,0.0
1785432055.74,17:20:55,timeslice,6,0.0,0,0,0.0
1785432055.74,17:20:55,timeslice,7,0.0,0,0,0.0
1785432056.74,17:20:56,timeslice,0,0.0,0,0,0.0
1785432056.74,17:20:56,timeslice,1,0.0,0,0,0.0
1785432056.74,17:20:56,timeslice,2,0.0,0,0,0.0
1785432056.74,17:20:56,timeslice,3,0.0,0,0,0.0
1785432056.74,17:20:56,timeslice,4,0.0,0,0,0.0
1785432056.74,17:20:56,timeslice,5,0.0,0,0,0.0
1785432056.74,17:20:56,timeslice,6,0.0,0,0,0.0
1785432056.74,17:20:56,timeslice,7,0.0,0,0,0.0
1785432057.74,17:20:57,timeslice,0,0.0,0,0,0.0
1785432057.74,17:20:57,timeslice,1,0.0,0,0,0.0
1785432057.74,17:20:57,timeslice,2,0.0,0,0,0.0
1785432057.74,17:20:57,timeslice,3,0.0,0,0,0.0
1785432057.74,17:20:57,timeslice,4,0.0,0,0,0.0
1785432057.74,17:20:57,timeslice,5,0.0,0,0,0.0
1785432057.74,17:20:57,timeslice,6,0.0,0,0,0.0
1785432057.74,17:20:57,timeslice,7,0.0,0,0,0.0
1785432058.74,17:20:58,timeslice,0,0.0,0,0,0.0
1785432058.74,17:20:58,timeslice,1,0.0,0,0,0.0
1785432058.74,17:20:58,timeslice,2,0.0,0,0,0.0
1785432058.74,17:20:58,timeslice,3,0.0,0,0,0.0
1785432058.74,17:20:58,timeslice,4,0.0,0,0,0.0
1785432058.74,17:20:58,timeslice,5,0.0,0,0,0.0
1785432058.74,17:20:58,timeslice,6,0.0,0,0,0.0
1785432058.74,17:20:58,timeslice,7,0.0,0,0,0.0
1785432059.74,17:20:59,timeslice,0,0.0,0,0,0.0
1785432059.74,17:20:59,timeslice,1,0.0,0,0,0.0
1785432059.74,17:20:59,timeslice,2,0.0,0,0,0.0
1785432059.74,17:20:59,timeslice,3,0.0,0,0,0.0
1785432059.74,17:20:59,timeslice,4,0.0,0,0,0.0
1785432059.74,17:20:59,timeslice,5,0.0,0,0,0.0
1785432059.74,17:20:59,timeslice,6,0.0,0,0,0.0
1785432059.74,17:20:59,timeslice,7,0.0,0,0,0.0
1785432060.74,17:21:00,timeslice,0,0.0,0,0,0.0
1785432060.74,17:21:00,timeslice,1,0.0,0,0,0.0
1785432060.74,17:21:00,timeslice,2,0.0,0,0,0.0
1785432060.74,17:21:00,timeslice,3,0.0,0,0,0.0
1785432060.74,17:21:00,timeslice,4,0.0,0,0,0.0
1785432060.74,17:21:00,timeslice,5,0.0,0,0,0.0
1785432060.74,17:21:00,timeslice,6,0.0,0,0,0.0
1785432060.74,17:21:00,timeslice,7,0.0,0,0,0.0
1785432061.741,17:21:01,timeslice,0,0.0,0,0,0.0
1785432061.741,17:21:01,timeslice,1,0.0,0,0,0.0
1785432061.741,17:21:01,timeslice,2,0.0,0,0,0.0
1785432061.741,17:21:01,timeslice,3,0.0,0,0,0.0
1785432061.741,17:21:01,timeslice,4,0.0,0,0,0.0
1785432061.741,17:21:01,timeslice,5,0.0,0,0,0.0
1785432061.741,17:21:01,timeslice,6,0.0,0,0,0.0
1785432061.741,17:21:01,timeslice,7,0.0,0,0,0.0
1785432062.741,17:21:02,timeslice,0,0.0,0,0,0.0
1785432062.741,17:21:02,timeslice,1,0.0,0,0,0.0
1785432062.741,17:21:02,timeslice,2,0.0,0,0,0.0
1785432062.741,17:21:02,timeslice,3,0.0,0,0,0.0
1785432062.741,17:21:02,timeslice,4,0.0,0,0,0.0
1785432062.741,17:21:02,timeslice,5,0.0,0,0,0.0
1785432062.741,17:21:02,timeslice,6,0.0,0,0,0.0
1785432062.741,17:21:02,timeslice,7,0.0,0,0,0.0
1785432063.741,17:21:03,timeslice,0,0.0,0,0,0.0
1785432063.741,17:21:03,timeslice,1,0.0,0,0,0.0
1785432063.741,17:21:03,timeslice,2,0.0,0,0,0.0
1785432063.741,17:21:03,timeslice,3,0.0,0,0,0.0
1785432063.741,17:21:03,timeslice,4,0.0,0,0,0.0
1785432063.741,17:21:03,timeslice,5,0.0,0,0,0.0
1785432063.741,17:21:03,timeslice,6,0.0,0,0,0.0
1785432063.741,17:21:03,timeslice,7,0.0,0,0,0.0
1785432064.741,17:21:04,timeslice,0,0.0,0,0,0.0
1785432064.741,17:21:04,timeslice,1,0.0,0,0,0.0
1785432064.741,17:21:04,timeslice,2,0.0,0,0,0.0
1785432064.741,17:21:04,timeslice,3,0.0,0,0,0.0
1785432064.741,17:21:04,timeslice,4,0.0,0,0,0.0
1785432064.741,17:21:04,timeslice,5,0.0,0,0,0.0
1785432064.741,17:21:04,timeslice,6,0.0,0,0,0.0
1785432064.741,17:21:04,timeslice,7,0.0,0,0,0.0
1785432065.741,17:21:05,timeslice,0,0.0,0,0,0.0
1785432065.741,17:21:05,timeslice,1,0.0,0,0,0.0
1785432065.741,17:21:05,timeslice,2,0.0,0,0,0.0
1785432065.741,17:21:05,timeslice,3,0.0,0,0,0.0
1785432065.741,17:21:05,timeslice,4,0.0,0,0,0.0
1785432065.741,17:21:05,timeslice,5,0.0,0,0,0.0
1785432065.741,17:21:05,timeslice,6,0.0,0,0,0.0
1785432065.741,17:21:05,timeslice,7,0.0,0,0,0.0
1785432066.741,17:21:06,timeslice,0,0.0,0,0,0.0
1785432066.741,17:21:06,timeslice,1,0.0,0,0,0.0
1785432066.741,17:21:06,timeslice,2,0.0,0,0,0.0
1785432066.741,17:21:06,timeslice,3,0.0,0,0,0.0
1785432066.741,17:21:06,timeslice,4,0.0,0,0,0.0
1785432066.741,17:21:06,timeslice,5,0.0,0,0,0.0
1785432066.741,17:21:06,timeslice,6,0.0,0,0,0.0
1785432066.741,17:21:06,timeslice,7,0.0,0,0,0.0
1785432067.741,17:21:07,timeslice,0,0.0,0,0,0.0
1785432067.741,17:21:07,timeslice,1,0.0,0,0,0.0
1785432067.741,17:21:07,timeslice,2,0.0,0,0,0.0
1785432067.741,17:21:07,timeslice,3,0.0,0,0,0.0
1785432067.741,17:21:07,timeslice,4,0.0,0,0,0.0
1785432067.741,17:21:07,timeslice,5,0.0,0,0,0.0
1785432067.741,17:21:07,timeslice,6,0.0,0,0,0.0
1785432067.741,17:21:07,timeslice,7,0.0,0,0,0.0
1785432068.741,17:21:08,timeslice,0,0.0,0,0,0.0
1785432068.741,17:21:08,timeslice,1,0.0,0,0,0.0
1785432068.741,17:21:08,timeslice,2,0.0,0,0,0.0
1785432068.741,17:21:08,timeslice,3,0.0,0,0,0.0
1785432068.741,17:21:08,timeslice,4,0.0,0,0,0.0
1785432068.741,17:21:08,timeslice,5,0.0,0,0,0.0
1785432068.741,17:21:08,timeslice,6,0.0,0,0,0.0
1785432068.741,17:21:08,timeslice,7,0.0,0,0,0.0
1785432069.742,17:21:09,timeslice,0,0.0,0,0,0.0
1785432069.742,17:21:09,timeslice,1,0.0,0,0,0.0
1785432069.742,17:21:09,timeslice,2,0.0,0,0,0.0
1785432069.742,17:21:09,timeslice,3,0.0,0,0,0.0
1785432069.742,17:21:09,timeslice,4,0.0,0,0,0.0
1785432069.742,17:21:09,timeslice,5,0.0,0,0,0.0
1785432069.742,17:21:09,timeslice,6,0.0,0,0,0.0
1785432069.742,17:21:09,timeslice,7,0.0,0,0,0.0
1785432070.742,17:21:10,timeslice,0,0.0,0,0,0.0
1785432070.742,17:21:10,timeslice,1,0.0,0,0,0.0
1785432070.742,17:21:10,timeslice,2,0.0,0,0,0.0
1785432070.742,17:21:10,timeslice,3,0.0,0,0,0.0
1785432070.742,17:21:10,timeslice,4,0.0,0,0,0.0
1785432070.742,17:21:10,timeslice,5,0.0,0,0,0.0
1785432070.742,17:21:10,timeslice,6,0.0,0,0,0.0
1785432070.742,17:21:10,timeslice,7,0.0,0,0,0.0
1785432071.742,17:21:11,timeslice,0,0.0,0,0,0.0
1785432071.742,17:21:11,timeslice,1,0.0,0,0,0.0
1785432071.742,17:21:11,timeslice,2,0.0,0,0,0.0
1785432071.742,17:21:11,timeslice,3,0.0,0,0,0.0
1785432071.742,17:21:11,timeslice,4,0.0,0,0,0.0
1785432071.742,17:21:11,timeslice,5,0.0,0,0,0.0
1785432071.742,17:21:11,timeslice,6,0.0,0,0,0.0
1785432071.742,17:21:11,timeslice,7,0.0,0,0,0.0
1785432072.742,17:21:12,timeslice,0,0.0,0,0,0.0
1785432072.742,17:21:12,timeslice,1,0.0,0,0,0.0
1785432072.742,17:21:12,timeslice,2,0.0,0,0,0.0
1785432072.742,17:21:12,timeslice,3,0.0,0,0,0.0
1785432072.742,17:21:12,timeslice,4,0.0,0,0,0.0
1785432072.742,17:21:12,timeslice,5,0.0,0,0,0.0
1785432072.742,17:21:12,timeslice,6,0.0,0,0,0.0
1785432072.742,17:21:12,timeslice,7,0.0,0,0,0.0
1785432073.742,17:21:13,timeslice,0,0.0,0,0,0.0
1785432073.742,17:21:13,timeslice,1,0.0,0,0,0.0
1785432073.742,17:21:13,timeslice,2,0.0,0,0,0.0
1785432073.742,17:21:13,timeslice,3,0.0,0,0,0.0
1785432073.742,17:21:13,timeslice,4,0.0,0,0,0.0
1785432073.742,17:21:13,timeslice,5,0.0,0,0,0.0
1785432073.742,17:21:13,timeslice,6,0.0,0,0,0.0
1785432073.742,17:21:13,timeslice,7,0.0,0,0,0.0
1785432074.742,17:21:14,timeslice,0,0.0,0,0,0.0
1785432074.742,17:21:14,timeslice,1,0.0,0,0,0.0
1785432074.742,17:21:14,timeslice,2,0.0,0,0,0.0
1785432074.742,17:21:14,timeslice,3,0.0,0,0,0.0
1785432074.742,17:21:14,timeslice,4,0.0,0,0,0.0
1785432074.742,17:21:14,timeslice,5,0.0,0,0,0.0
1785432074.742,17:21:14,timeslice,6,0.0,0,0,0.0
1785432074.742,17:21:14,timeslice,7,0.0,0,0,0.0
1785432075.742,17:21:15,timeslice,0,0.0,0,0,0.0
1785432075.742,17:21:15,timeslice,1,0.0,0,0,0.0
1785432075.742,17:21:15,timeslice,2,0.0,0,0,0.0
1785432075.742,17:21:15,timeslice,3,0.0,0,0,0.0
1785432075.742,17:21:15,timeslice,4,0.0,0,0,0.0
1785432075.742,17:21:15,timeslice,5,0.0,0,0,0.0
1785432075.742,17:21:15,timeslice,6,0.0,0,0,0.0
1785432075.742,17:21:15,timeslice,7,0.0,0,0,0.0
1785432076.742,17:21:16,timeslice,0,0.0,0,0,0.0
1785432076.742,17:21:16,timeslice,1,0.0,0,0,0.0
1785432076.742,17:21:16,timeslice,2,0.0,0,0,0.0
1785432076.742,17:21:16,timeslice,3,0.0,0,0,0.0
1785432076.742,17:21:16,timeslice,4,0.0,0,0,0.0
1785432076.742,17:21:16,timeslice,5,0.0,0,0,0.0
1785432076.742,17:21:16,timeslice,6,0.0,0,0,0.0
1785432076.742,17:21:16,timeslice,7,0.0,0,0,0.0
1785432077.742,17:21:17,timeslice,0,0.0,0,0,0.0
1785432077.742,17:21:17,timeslice,1,0.0,0,0,0.0
1785432077.742,17:21:17,timeslice,2,0.0,0,0,0.0
1785432077.742,17:21:17,timeslice,3,0.0,0,0,0.0
1785432077.742,17:21:17,timeslice,4,0.0,0,0,0.0
1785432077.742,17:21:17,timeslice,5,0.0,0,0,0.0
1785432077.742,17:21:17,timeslice,6,0.0,0,0,0.0
1785432077.742,17:21:17,timeslice,7,0.0,0,0,0.0
1785432078.743,17:21:18,timeslice,0,0.0,0,0,0.0
1785432078.743,17:21:18,timeslice,1,0.0,0,0,0.0
1785432078.743,17:21:18,timeslice,2,0.0,0,0,0.0
1785432078.743,17:21:18,timeslice,3,0.0,0,0,0.0
1785432078.743,17:21:18,timeslice,4,0.0,0,0,0.0
1785432078.743,17:21:18,timeslice,5,0.0,0,0,0.0
1785432078.743,17:21:18,timeslice,6,0.0,0,0,0.0
1785432078.743,17:21:18,timeslice,7,0.0,0,0,0.0
1785432079.743,17:21:19,timeslice,0,0.0,0,0,0.0
1785432079.743,17:21:19,timeslice,1,0.0,0,0,0.0
1785432079.743,17:21:19,timeslice,2,0.0,0,0,0.0
1785432079.743,17:21:19,timeslice,3,0.0,0,0,0.0
1785432079.743,17:21:19,timeslice,4,0.0,0,0,0.0
1785432079.743,17:21:19,timeslice,5,0.0,0,0,0.0
1785432079.743,17:21:19,timeslice,6,0.0,0,0,0.0
1785432079.743,17:21:19,timeslice,7,0.0,0,0,0.0
1785432080.743,17:21:20,timeslice,0,0.0,0,0,0.0
1785432080.743,17:21:20,timeslice,1,0.0,0,0,0.0
1785432080.743,17:21:20,timeslice,2,0.0,0,0,0.0
1785432080.743,17:21:20,timeslice,3,0.0,0,0,0.0
1785432080.743,17:21:20,timeslice,4,0.0,0,0,0.0
1785432080.743,17:21:20,timeslice,5,0.0,0,0,0.0
1785432080.743,17:21:20,timeslice,6,0.0,0,0,0.0
1785432080.743,17:21:20,timeslice,7,0.0,0,0,0.0
1785432081.743,17:21:21,timeslice,0,0.0,0,0,0.0
1785432081.743,17:21:21,timeslice,1,0.0,0,0,0.0
1785432081.743,17:21:21,timeslice,2,0.0,0,0,0.0
1785432081.743,17:21:21,timeslice,3,0.0,0,0,0.0
1785432081.743,17:21:21,timeslice,4,0.0,0,0,0.0
1785432081.743,17:21:21,timeslice,5,0.0,0,0,0.0
1785432081.743,17:21:21,timeslice,6,0.0,0,0,0.0
1785432081.743,17:21:21,timeslice,7,0.0,0,0,0.0
1785432082.743,17:21:22,timeslice,0,0.0,0,0,0.0
1785432082.743,17:21:22,timeslice,1,0.0,0,0,0.0
1785432082.743,17:21:22,timeslice,2,0.0,0,0,0.0
1785432082.743,17:21:22,timeslice,3,0.0,0,0,0.0
1785432082.743,17:21:22,timeslice,4,0.0,0,0,0.0
1785432082.743,17:21:22,timeslice,5,0.0,0,0,0.0
1785432082.743,17:21:22,timeslice,6,0.0,0,0,0.0
1785432082.743,17:21:22,timeslice,7,0.0,0,0,0.0
1785432083.743,17:21:23,timeslice,0,0.0,0,0,0.0
1785432083.743,17:21:23,timeslice,1,0.0,0,0,0.0
1785432083.743,17:21:23,timeslice,2,0.0,0,0,0.0
1785432083.743,17:21:23,timeslice,3,0.0,0,0,0.0
1785432083.743,17:21:23,timeslice,4,0.0,0,0,0.0
1785432083.743,17:21:23,timeslice,5,0.0,0,0,0.0
1785432083.743,17:21:23,timeslice,6,0.0,0,0,0.0
1785432083.743,17:21:23,timeslice,7,0.0,0,0,0.0
1785432084.743,17:21:24,timeslice,0,0.0,0,0,0.0
1785432084.743,17:21:24,timeslice,1,0.0,0,0,0.0
1785432084.743,17:21:24,timeslice,2,0.0,0,0,0.0
1785432084.743,17:21:24,timeslice,3,0.0,0,0,0.0
1785432084.743,17:21:24,timeslice,4,0.0,0,0,0.0
1785432084.743,17:21:24,timeslice,5,0.0,0,0,0.0
1785432084.743,17:21:24,timeslice,6,0.0,0,0,0.0
1785432084.743,17:21:24,timeslice,7,0.0,0,0,0.0
1785432085.743,17:21:25,timeslice,0,0.0,0,0,0.0
1785432085.743,17:21:25,timeslice,1,0.0,0,0,0.0
1785432085.743,17:21:25,timeslice,2,0.0,0,0,0.0
1785432085.743,17:21:25,timeslice,3,0.0,0,0,0.0
1785432085.743,17:21:25,timeslice,4,0.0,0,0,0.0
1785432085.743,17:21:25,timeslice,5,0.0,0,0,0.0
1785432085.743,17:21:25,timeslice,6,0.0,0,0,0.0
1785432085.743,17:21:25,timeslice,7,0.0,0,0,0.0
1785432086.743,17:21:26,timeslice,0,0.0,0,0,0.0
1785432086.743,17:21:26,timeslice,1,0.0,0,0,0.0
1785432086.743,17:21:26,timeslice,2,0.0,0,0,0.0
1785432086.743,17:21:26,timeslice,3,0.0,0,0,0.0
1785432086.743,17:21:26,timeslice,4,0.0,0,0,0.0
1785432086.743,17:21:26,timeslice,5,0.0,0,0,0.0
1785432086.743,17:21:26,timeslice,6,0.0,0,0,0.0
1785432086.743,17:21:26,timeslice,7,0.0,0,0,0.0
1785432087.744,17:21:27,timeslice,0,0.0,0,0,0.0
1785432087.744,17:21:27,timeslice,1,0.0,0,0,0.0
1785432087.744,17:21:27,timeslice,2,0.0,0,0,0.0
1785432087.744,17:21:27,timeslice,3,0.0,0,0,0.0
1785432087.744,17:21:27,timeslice,4,0.0,0,0,0.0
1785432087.744,17:21:27,timeslice,5,0.0,0,0,0.0
1785432087.744,17:21:27,timeslice,6,0.0,0,0,0.0
1785432087.744,17:21:27,timeslice,7,0.0,0,0,0.0
1785432088.744,17:21:28,timeslice,0,0.0,0,0,0.0
1785432088.744,17:21:28,timeslice,1,0.0,0,0,0.0
1785432088.744,17:21:28,timeslice,2,0.0,0,0,0.0
1785432088.744,17:21:28,timeslice,3,0.0,0,0,0.0
1785432088.744,17:21:28,timeslice,4,0.0,0,0,0.0
1785432088.744,17:21:28,timeslice,5,0.0,0,0,0.0
1785432088.744,17:21:28,timeslice,6,0.0,0,0,0.0
1785432088.744,17:21:28,timeslice,7,0.0,0,0,0.0
1785432089.744,17:21:29,timeslice,0,0.0,0,0,0.0
1785432089.744,17:21:29,timeslice,1,0.0,0,0,0.0
1785432089.744,17:21:29,timeslice,2,0.0,0,0,0.0
1785432089.744,17:21:29,timeslice,3,0.0,0,0,0.0
1785432089.744,17:21:29,timeslice,4,0.0,0,0,0.0
1785432089.744,17:21:29,timeslice,5,0.0,0,0,0.0
1785432089.744,17:21:29,timeslice,6,0.0,0,0,0.0
1785432089.744,17:21:29,timeslice,7,0.0,0,0,0.0
1785432090.744,17:21:30,timeslice,0,0.0,0,0,0.0
1785432090.744,17:21:30,timeslice,1,0.0,0,0,0.0
1785432090.744,17:21:30,timeslice,2,0.0,0,0,0.0
1785432090.744,17:21:30,timeslice,3,0.0,0,0,0.0
1785432090.744,17:21:30,timeslice,4,0.0,0,0,0.0
1785432090.744,17:21:30,timeslice,5,0.0,0,0,0.0
1785432090.744,17:21:30,timeslice,6,0.0,0,0,0.0
1785432090.744,17:21:30,timeslice,7,0.0,0,0,0.0
1785432091.744,17:21:31,timeslice,0,0.0,0,0,0.0
1785432091.744,17:21:31,timeslice,1,0.0,0,0,0.0
1785432091.744,17:21:31,timeslice,2,0.0,0,0,0.0
1785432091.744,17:21:31,timeslice,3,0.0,0,0,0.0
1785432091.744,17:21:31,timeslice,4,0.0,0,0,0.0
1785432091.744,17:21:31,timeslice,5,0.0,0,0,0.0
1785432091.744,17:21:31,timeslice,6,0.0,0,0,0.0
1785432091.744,17:21:31,timeslice,7,0.0,0,0,0.0
1785432092.744,17:21:32,timeslice,0,0.0,0,0,0.0
1785432092.744,17:21:32,timeslice,1,0.0,0,0,0.0
1785432092.744,17:21:32,timeslice,2,0.0,0,0,0.0
1785432092.744,17:21:32,timeslice,3,0.0,0,0,0.0
1785432092.744,17:21:32,timeslice,4,0.0,0,0,0.0
1785432092.744,17:21:32,timeslice,5,0.0,0,0,0.0
1785432092.744,17:21:32,timeslice,6,0.0,0,0,0.0
1785432092.744,17:21:32,timeslice,7,0.0,0,0,0.0
1785432093.744,17:21:33,timeslice,0,0.0,0,0,0.0
1785432093.744,17:21:33,timeslice,1,0.0,0,0,0.0
1785432093.744,17:21:33,timeslice,2,0.0,0,0,0.0
1785432093.744,17:21:33,timeslice,3,0.0,0,0,0.0
1785432093.744,17:21:33,timeslice,4,0.0,0,0,0.0
1785432093.744,17:21:33,timeslice,5,0.0,0,0,0.0
1785432093.744,17:21:33,timeslice,6,0.0,0,0,0.0
1785432093.744,17:21:33,timeslice,7,0.0,0,0,0.0
1785432094.744,17:21:34,timeslice,0,0.0,0,0,0.0
1785432094.744,17:21:34,timeslice,1,0.0,0,0,0.0
1785432094.744,17:21:34,timeslice,2,0.0,0,0,0.0
1785432094.744,17:21:34,timeslice,3,0.0,0,0,0.0
1785432094.744,17:21:34,timeslice,4,0.0,0,0,0.0
1785432094.744,17:21:34,timeslice,5,0.0,0,0,0.0
1785432094.744,17:21:34,timeslice,6,0.0,0,0,0.0
1785432094.744,17:21:34,timeslice,7,0.0,0,0,0.0
1785432095.745,17:21:35,timeslice,0,0.0,0,0,0.0
1785432095.745,17:21:35,timeslice,1,0.0,0,0,0.0
1785432095.745,17:21:35,timeslice,2,0.0,0,0,0.0
1785432095.745,17:21:35,timeslice,3,0.0,0,0,0.0
1785432095.745,17:21:35,timeslice,4,0.0,0,0,0.0
1785432095.745,17:21:35,timeslice,5,0.0,0,0,0.0
1785432095.745,17:21:35,timeslice,6,0.0,0,0,0.0
1785432095.745,17:21:35,timeslice,7,0.0,0,0,0.0
1785432096.745,17:21:36,timeslice,0,0.0,0,0,0.0
1785432096.745,17:21:36,timeslice,1,0.0,0,0,0.0
1785432096.745,17:21:36,timeslice,2,0.0,0,0,0.0
1785432096.745,17:21:36,timeslice,3,0.0,0,0,0.0
1785432096.745,17:21:36,timeslice,4,0.0,0,0,0.0
1785432096.745,17:21:36,timeslice,5,0.0,0,0,0.0
1785432096.745,17:21:36,timeslice,6,0.0,0,0,0.0
1785432096.745,17:21:36,timeslice,7,0.0,0,0,0.0
1785432097.745,17:21:37,timeslice,0,0.0,0,0,0.0
1785432097.745,17:21:37,timeslice,1,0.0,0,0,0.0
1785432097.745,17:21:37,timeslice,2,0.0,0,0,0.0
1785432097.745,17:21:37,timeslice,3,0.0,0,0,0.0
1785432097.745,17:21:37,timeslice,4,0.0,0,0,0.0
1785432097.745,17:21:37,timeslice,5,0.0,0,0,0.0
1785432097.745,17:21:37,timeslice,6,0.0,0,0,0.0
1785432097.745,17:21:37,timeslice,7,0.0,0,0,0.0
1785432098.745,17:21:38,timeslice,0,0.0,0,0,0.0
1785432098.745,17:21:38,timeslice,1,0.0,0,0,0.0
1785432098.745,17:21:38,timeslice,2,0.0,0,0,0.0
1785432098.745,17:21:38,timeslice,3,0.0,0,0,0.0
1785432098.745,17:21:38,timeslice,4,0.0,0,0,0.0
1785432098.745,17:21:38,timeslice,5,0.0,0,0,0.0
1785432098.745,17:21:38,timeslice,6,0.0,0,0,0.0
1785432098.745,17:21:38,timeslice,7,0.0,0,0,0.0
1785432099.745,17:21:39,timeslice,0,0.0,0,0,0.0
1785432099.745,17:21:39,timeslice,1,0.0,0,0,0.0
1785432099.745,17:21:39,timeslice,2,0.0,0,0,0.0
1785432099.745,17:21:39,timeslice,3,0.0,0,0,0.0
1785432099.745,17:21:39,timeslice,4,0.0,0,0,0.0
1785432099.745,17:21:39,timeslice,5,0.0,0,0,0.0
1785432099.745,17:21:39,timeslice,6,0.0,0,0,0.0
1785432099.745,17:21:39,timeslice,7,0.0,0,0,0.0
1785432100.745,17:21:40,timeslice,0,0.0,0,0,0.0
1785432100.745,17:21:40,timeslice,1,0.0,0,0,0.0
1785432100.745,17:21:40,timeslice,2,0.0,0,0,0.0
1785432100.745,17:21:40,timeslice,3,0.0,0,0,0.0
1785432100.745,17:21:40,timeslice,4,0.0,0,0,0.0
1785432100.745,17:21:40,timeslice,5,0.0,0,0,0.0
1785432100.745,17:21:40,timeslice,6,0.0,0,0,0.0
1785432100.745,17:21:40,timeslice,7,0.0,0,0,0.0
1785432101.745,17:21:41,timeslice,0,0.0,0,0,0.0
1785432101.745,17:21:41,timeslice,1,0.0,0,0,0.0
1785432101.745,17:21:41,timeslice,2,0.0,0,0,0.0
1785432101.745,17:21:41,timeslice,3,0.0,0,0,0.0
1785432101.745,17:21:41,timeslice,4,0.0,0,0,0.0
1785432101.745,17:21:41,timeslice,5,0.0,0,0,0.0
1785432101.745,17:21:41,timeslice,6,0.0,0,0,0.0
1785432101.745,17:21:41,timeslice,7,0.0,0,0,0.0
1785432102.745,17:21:42,timeslice,0,0.0,0,0,0.0
1785432102.745,17:21:42,timeslice,1,0.0,0,0,0.0
1785432102.745,17:21:42,timeslice,2,0.0,0,0,0.0
1785432102.745,17:21:42,timeslice,3,0.0,0,0,0.0
1785432102.745,17:21:42,timeslice,4,0.0,0,0,0.0
1785432102.745,17:21:42,timeslice,5,0.0,0,0,0.0
1785432102.745,17:21:42,timeslice,6,0.0,0,0,0.0
1785432102.745,17:21:42,timeslice,7,0.0,0,0,0.0
1785432103.746,17:21:43,timeslice,0,0.0,0,0,0.0
1785432103.746,17:21:43,timeslice,1,0.0,0,0,0.0
1785432103.746,17:21:43,timeslice,2,0.0,0,0,0.0
1785432103.746,17:21:43,timeslice,3,0.0,0,0,0.0
1785432103.746,17:21:43,timeslice,4,0.0,0,0,0.0
1785432103.746,17:21:43,timeslice,5,0.0,0,0,0.0
1785432103.746,17:21:43,timeslice,6,0.0,0,0,0.0
1785432103.746,17:21:43,timeslice,7,0.0,0,0,0.0
1785432104.746,17:21:44,timeslice,0,0.0,0,0,0.0
1785432104.746,17:21:44,timeslice,1,0.0,0,0,0.0
1785432104.746,17:21:44,timeslice,2,0.0,0,0,0.0
1785432104.746,17:21:44,timeslice,3,0.0,0,0,0.0
1785432104.746,17:21:44,timeslice,4,0.0,0,0,0.0
1785432104.746,17:21:44,timeslice,5,0.0,0,0,0.0
1785432104.746,17:21:44,timeslice,6,0.0,0,0,0.0
1785432104.746,17:21:44,timeslice,7,0.0,0,0,0.0
1785432105.746,17:21:45,timeslice,0,0.0,0,0,0.0
1785432105.746,17:21:45,timeslice,1,0.0,0,0,0.0
1785432105.746,17:21:45,timeslice,2,0.0,0,0,0.0
1785432105.746,17:21:45,timeslice,3,0.0,0,0,0.0
1785432105.746,17:21:45,timeslice,4,0.0,0,0,0.0
1785432105.746,17:21:45,timeslice,5,0.0,0,0,0.0
1785432105.746,17:21:45,timeslice,6,0.0,0,0,0.0
1785432105.746,17:21:45,timeslice,7,0.0,0,0,0.0
1785432106.746,17:21:46,timeslice,0,0.0,0,0,0.0
1785432106.746,17:21:46,timeslice,1,0.0,0,0,0.0
1785432106.746,17:21:46,timeslice,2,0.0,0,0,0.0
1785432106.746,17:21:46,timeslice,3,0.0,0,0,0.0
1785432106.746,17:21:46,timeslice,4,0.0,0,0,0.0
1785432106.746,17:21:46,timeslice,5,0.0,0,0,0.0
1785432106.746,17:21:46,timeslice,6,0.0,0,0,0.0
1785432106.746,17:21:46,timeslice,7,0.0,0,0,0.0
1785432107.746,17:21:47,timeslice,0,0.0,0,0,0.0
1785432107.746,17:21:47,timeslice,1,0.0,0,0,0.0
1785432107.746,17:21:47,timeslice,2,0.0,0,0,0.0
1785432107.746,17:21:47,timeslice,3,0.0,0,0,0.0
1785432107.746,17:21:47,timeslice,4,0.0,0,0,0.0
1785432107.746,17:21:47,timeslice,5,0.0,0,0,0.0
1785432107.746,17:21:47,timeslice,6,0.0,0,0,0.0
1785432107.746,17:21:47,timeslice,7,0.0,0,0,0.0
1785432108.746,17:21:48,timeslice,0,0.0,0,0,0.0
1785432108.746,17:21:48,timeslice,1,0.0,0,0,0.0
1785432108.746,17:21:48,timeslice,2,0.0,0,0,0.0
1785432108.746,17:21:48,timeslice,3,0.0,0,0,0.0
1785432108.746,17:21:48,timeslice,4,0.0,0,0,0.0
1785432108.746,17:21:48,timeslice,5,0.0,0,0,0.0
1785432108.746,17:21:48,timeslice,6,0.0,0,0,0.0
1785432108.746,17:21:48,timeslice,7,0.0,0,0,0.0
1785432109.746,17:21:49,timeslice,0,0.0,0,0,0.0
1785432109.746,17:21:49,timeslice,1,0.0,0,0,0.0
1785432109.746,17:21:49,timeslice,2,0.0,0,0,0.0
1785432109.746,17:21:49,timeslice,3,0.0,0,0,0.0
1785432109.746,17:21:49,timeslice,4,0.0,0,0,0.0
1785432109.746,17:21:49,timeslice,5,0.0,0,0,0.0
1785432109.746,17:21:49,timeslice,6,0.0,0,0,0.0
1785432109.746,17:21:49,timeslice,7,0.0,0,0,0.0
1785432110.746,17:21:50,timeslice,0,0.0,0,0,0.0
1785432110.746,17:21:50,timeslice,1,0.0,0,0,0.0
1785432110.746,17:21:50,timeslice,2,0.0,0,0,0.0
1785432110.746,17:21:50,timeslice,3,0.0,0,0,0.0
1785432110.746,17:21:50,timeslice,4,0.0,0,0,0.0
1785432110.746,17:21:50,timeslice,5,0.0,0,0,0.0
1785432110.746,17:21:50,timeslice,6,0.0,0,0,0.0
1785432110.746,17:21:50,timeslice,7,0.0,0,0,0.0
1785432111.747,17:21:51,timeslice,0,0.0,0,0,0.0
1785432111.747,17:21:51,timeslice,1,0.0,0,0,0.0
1785432111.747,17:21:51,timeslice,2,0.0,0,0,0.0
1785432111.747,17:21:51,timeslice,3,0.0,0,0,0.0
1785432111.747,17:21:51,timeslice,4,0.0,0,0,0.0
1785432111.747,17:21:51,timeslice,5,0.0,0,0,0.0
1785432111.747,17:21:51,timeslice,6,0.0,0,0,0.0
1785432111.747,17:21:51,timeslice,7,0.0,0,0,0.0
1785432112.747,17:21:52,timeslice,0,0.0,0,0,0.0
1785432112.747,17:21:52,timeslice,1,0.0,0,0,0.0
1785432112.747,17:21:52,timeslice,2,0.0,0,0,0.0
1785432112.747,17:21:52,timeslice,3,0.0,0,0,0.0
1785432112.747,17:21:52,timeslice,4,0.0,0,0,0.0
1785432112.747,17:21:52,timeslice,5,0.0,0,0,0.0
1785432112.747,17:21:52,timeslice,6,0.0,0,0,0.0
1785432112.747,17:21:52,timeslice,7,0.0,0,0,0.0
1785432113.747,17:21:53,timeslice,0,0.0,0,0,0.0
1785432113.747,17:21:53,timeslice,1,0.0,0,0,0.0
1785432113.747,17:21:53,timeslice,2,0.0,0,0,0.0
1785432113.747,17:21:53,timeslice,3,0.0,0,0,0.0
1785432113.747,17:21:53,timeslice,4,0.0,0,0,0.0
1785432113.747,17:21:53,timeslice,5,0.0,0,0,0.0
1785432113.747,17:21:53,timeslice,6,0.0,0,0,0.0
1785432113.747,17:21:53,timeslice,7,0.0,0,0,0.0
1785432114.747,17:21:54,timeslice,0,0.0,0,0,0.0
1785432114.747,17:21:54,timeslice,1,0.0,0,0,0.0
1785432114.747,17:21:54,timeslice,2,0.0,0,0,0.0
1785432114.747,17:21:54,timeslice,3,0.0,0,0,0.0
1785432114.747,17:21:54,timeslice,4,0.0,0,0,0.0
1785432114.747,17:21:54,timeslice,5,0.0,0,0,0.0
1785432114.747,17:21:54,timeslice,6,0.0,0,0,0.0
1785432114.747,17:21:54,timeslice,7,0.0,0,0,0.0
1785432115.747,17:21:55,timeslice,0,0.0,0,0,0.0
1785432115.747,17:21:55,timeslice,1,0.0,0,0,0.0
1785432115.747,17:21:55,timeslice,2,0.0,0,0,0.0
1785432115.747,17:21:55,timeslice,3,0.0,0,0,0.0
1785432115.747,17:21:55,timeslice,4,0.0,0,0,0.0
1785432115.747,17:21:55,timeslice,5,0.0,0,0,0.0
1785432115.747,17:21:55,timeslice,6,0.0,0,0,0.0
1785432115.747,17:21:55,timeslice,7,0.0,0,0,0.0
1785432116.747,17:21:56,timeslice,0,0.0,0,0,0.0
1785432116.747,17:21:56,timeslice,1,0.0,0,0,0.0
1785432116.747,17:21:56,timeslice,2,0.0,0,0,0.0
1785432116.747,17:21:56,timeslice,3,0.0,0,0,0.0
1785432116.747,17:21:56,timeslice,4,0.0,0,0,0.0
1785432116.747,17:21:56,timeslice,5,0.0,0,0,0.0
1785432116.747,17:21:56,timeslice,6,0.0,0,0,0.0
1785432116.747,17:21:56,timeslice,7,0.0,0,0,0.0
1785432117.747,17:21:57,timeslice,0,0.0,0,0,0.0
1785432117.747,17:21:57,timeslice,1,0.0,0,0,0.0
1785432117.747,17:21:57,timeslice,2,0.0,0,0,0.0
1785432117.747,17:21:57,timeslice,3,0.0,0,0,0.0
1785432117.747,17:21:57,timeslice,4,0.0,0,0,0.0
1785432117.747,17:21:57,timeslice,5,0.0,0,0,0.0
1785432117.747,17:21:57,timeslice,6,0.0,0,0,0.0
1785432117.747,17:21:57,timeslice,7,0.0,0,0,0.0
1785432118.747,17:21:58,timeslice,0,0.0,0,0,0.0
1785432118.747,17:21:58,timeslice,1,0.0,0,0,0.0
1785432118.747,17:21:58,timeslice,2,0.0,0,0,0.0
1785432118.747,17:21:58,timeslice,3,0.0,0,0,0.0
1785432118.747,17:21:58,timeslice,4,0.0,0,0,0.0
1785432118.747,17:21:58,timeslice,5,0.0,0,0,0.0
1785432118.747,17:21:58,timeslice,6,0.0,0,0,0.0
1785432118.747,17:21:58,timeslice,7,0.0,0,0,0.0
1785432119.748,17:21:59,timeslice,0,0.0,0,0,0.0
1785432119.748,17:21:59,timeslice,1,0.0,0,0,0.0
1785432119.748,17:21:59,timeslice,2,0.0,0,0,0.0
1785432119.748,17:21:59,timeslice,3,0.0,0,0,0.0
1785432119.748,17:21:59,timeslice,4,0.0,0,0,0.0
1785432119.748,17:21:59,timeslice,5,0.0,0,0,0.0
1785432119.748,17:21:59,timeslice,6,0.0,0,0,0.0
1785432119.748,17:21:59,timeslice,7,0.0,0,0,0.0
1785432120.857,17:22:00,timeslice,0,0.0,0,0,0.0
1785432120.857,17:22:00,timeslice,1,0.0,0,0,0.0
1785432120.857,17:22:00,timeslice,2,0.0,0,0,0.0
1785432120.857,17:22:00,timeslice,3,0.0,0,0,0.0
1785432120.857,17:22:00,timeslice,4,0.0,0,0,0.0
1785432120.857,17:22:00,timeslice,5,0.0,0,0,0.0
1785432120.857,17:22:00,timeslice,6,0.0,0,0,0.0
1785432120.857,17:22:00,timeslice,7,0.0,0,0,0.0
1785432121.922,17:22:01,timeslice,0,0.0,0,0,0.0
1785432121.922,17:22:01,timeslice,1,0.0,0,0,0.0
1785432121.922,17:22:01,timeslice,2,0.0,0,0,0.0
1785432121.922,17:22:01,timeslice,3,0.0,0,0,0.0
1785432121.922,17:22:01,timeslice,4,0.0,0,0,0.0
1785432121.922,17:22:01,timeslice,5,0.0,0,0,0.0
1785432121.922,17:22:01,timeslice,6,0.0,0,0,0.0
1785432121.922,17:22:01,timeslice,7,0.0,0,0,0.0
1785432122.944,17:22:02,timeslice,0,0.0,0,0,0.0
1785432122.944,17:22:02,timeslice,1,0.0,0,0,0.0
1785432122.944,17:22:02,timeslice,2,0.0,0,0,0.0
1785432122.944,17:22:02,timeslice,3,0.0,0,0,0.0
1785432122.944,17:22:02,timeslice,4,0.0,0,0,0.0
1785432122.944,17:22:02,timeslice,5,0.0,0,0,0.0
1785432122.944,17:22:02,timeslice,6,0.0,0,0,0.0
1785432122.944,17:22:02,timeslice,7,0.0,0,0,0.0
1785432123.944,17:22:03,timeslice,0,0.0,0,0,0.0
1785432123.944,17:22:03,timeslice,1,0.0,0,0,0.0
1785432123.944,17:22:03,timeslice,2,0.0,0,0,0.0
1785432123.944,17:22:03,timeslice,3,0.0,0,0,0.0
1785432123.944,17:22:03,timeslice,4,0.0,0,0,0.0
1785432123.944,17:22:03,timeslice,5,0.0,0,0,0.0
1785432123.944,17:22:03,timeslice,6,0.0,0,0,0.0
1785432123.944,17:22:03,timeslice,7,0.0,0,0,0.0
1785432124.944,17:22:04,timeslice,0,0.0,0,0,0.0
1785432124.944,17:22:04,timeslice,1,0.0,0,0,0.0
1785432124.944,17:22:04,timeslice,2,0.0,0,0,0.0
1785432124.944,17:22:04,timeslice,3,0.0,0,0,0.0
1785432124.944,17:22:04,timeslice,4,0.0,0,0,0.0
1785432124.944,17:22:04,timeslice,5,0.0,0,0,0.0
1785432124.944,17:22:04,timeslice,6,0.0,0,0,0.0
1785432124.944,17:22:04,timeslice,7,0.0,0,0,0.0
1785432125.944,17:22:05,timeslice,0,0.0,7389,16126,45.8
1785432125.944,17:22:05,timeslice,1,0.0,7389,16126,45.8
1785432125.944,17:22:05,timeslice,2,0.0,7389,16126,45.8
1785432125.944,17:22:05,timeslice,3,0.0,7389,16126,45.8
1785432125.944,17:22:05,timeslice,4,0.0,7389,16126,45.8
1785432125.944,17:22:05,timeslice,5,0.0,7389,16126,45.8
1785432125.944,17:22:05,timeslice,6,0.0,7390,16126,45.8
1785432125.944,17:22:05,timeslice,7,0.0,7389,16126,45.8
1785432126.944,17:22:06,timeslice,0,0.0,7389,16126,45.8
1785432126.944,17:22:06,timeslice,1,0.0,7389,16126,45.8
1785432126.944,17:22:06,timeslice,2,0.0,7389,16126,45.8
1785432126.944,17:22:06,timeslice,3,0.0,7389,16126,45.8
1785432126.944,17:22:06,timeslice,4,0.0,7389,16126,45.8
1785432126.944,17:22:06,timeslice,5,0.0,7389,16126,45.8
1785432126.944,17:22:06,timeslice,6,0.0,7390,16126,45.8
1785432126.944,17:22:06,timeslice,7,0.0,7389,16126,45.8
1785432127.944,17:22:07,timeslice,0,0.0,7389,16126,45.8
1785432127.944,17:22:07,timeslice,1,0.0,7389,16126,45.8
1785432127.944,17:22:07,timeslice,2,0.0,7389,16126,45.8
1785432127.944,17:22:07,timeslice,3,0.0,7389,16126,45.8
1785432127.944,17:22:07,timeslice,4,0.0,7389,16126,45.8
1785432127.944,17:22:07,timeslice,5,0.0,7389,16126,45.8
1785432127.944,17:22:07,timeslice,6,0.0,7390,16126,45.8
1785432127.944,17:22:07,timeslice,7,0.0,7389,16126,45.8
1785432128.944,17:22:08,timeslice,0,0.0,7389,16126,45.8
1785432128.944,17:22:08,timeslice,1,0.0,7389,16126,45.8
1785432128.944,17:22:08,timeslice,2,0.0,7389,16126,45.8
1785432128.944,17:22:08,timeslice,3,0.0,7389,16126,45.8
1785432128.944,17:22:08,timeslice,4,0.0,7389,16126,45.8
1785432128.944,17:22:08,timeslice,5,0.0,7389,16126,45.8
1785432128.944,17:22:08,timeslice,6,0.0,7390,16126,45.8
1785432128.944,17:22:08,timeslice,7,0.0,7389,16126,45.8
1785432129.944,17:22:09,timeslice,0,0.0,7389,16126,45.8
1785432129.944,17:22:09,timeslice,1,0.0,7389,16126,45.8
1785432129.944,17:22:09,timeslice,2,0.0,7389,16126,45.8
1785432129.944,17:22:09,timeslice,3,0.0,7389,16126,45.8
1785432129.944,17:22:09,timeslice,4,0.0,7389,16126,45.8
1785432129.944,17:22:09,timeslice,5,0.0,7389,16126,45.8
1785432129.944,17:22:09,timeslice,6,0.0,7390,16126,45.8
1785432129.944,17:22:09,timeslice,7,0.0,7389,16126,45.8
1785432130.945,17:22:10,timeslice,0,0.0,7389,16126,45.8
1785432130.945,17:22:10,timeslice,1,0.0,7389,16126,45.8
1785432130.945,17:22:10,timeslice,2,0.0,7389,16126,45.8
1785432130.945,17:22:10,timeslice,3,0.0,7389,16126,45.8
1785432130.945,17:22:10,timeslice,4,0.0,7389,16126,45.8
1785432130.945,17:22:10,timeslice,5,0.0,7389,16126,45.8
1785432130.945,17:22:10,timeslice,6,0.0,7390,16126,45.8
1785432130.945,17:22:10,timeslice,7,0.0,7389,16126,45.8
1785432131.945,17:22:11,timeslice,0,0.0,7389,16126,45.8
1785432131.945,17:22:11,timeslice,1,0.0,7389,16126,45.8
1785432131.945,17:22:11,timeslice,2,0.0,7389,16126,45.8
1785432131.945,17:22:11,timeslice,3,0.0,7389,16126,45.8
1785432131.945,17:22:11,timeslice,4,0.0,7389,16126,45.8
1785432131.945,17:22:11,timeslice,5,0.0,7389,16126,45.8
1785432131.945,17:22:11,timeslice,6,0.0,7390,16126,45.8
1785432131.945,17:22:11,timeslice,7,0.0,7389,16126,45.8
1785432132.945,17:22:12,timeslice,0,0.0,7389,16126,45.8
1785432132.945,17:22:12,timeslice,1,0.0,7389,16126,45.8
1785432132.945,17:22:12,timeslice,2,0.0,7389,16126,45.8
1785432132.945,17:22:12,timeslice,3,0.0,7389,16126,45.8
1785432132.945,17:22:12,timeslice,4,0.0,7389,16126,45.8
1785432132.945,17:22:12,timeslice,5,0.0,7389,16126,45.8
1785432132.945,17:22:12,timeslice,6,0.0,7390,16126,45.8
1785432132.945,17:22:12,timeslice,7,0.0,7389,16126,45.8
1785432133.945,17:22:13,timeslice,0,0.0,7389,16126,45.8
1785432133.945,17:22:13,timeslice,1,0.0,7389,16126,45.8
1785432133.945,17:22:13,timeslice,2,0.0,7389,16126,45.8
1785432133.945,17:22:13,timeslice,3,0.0,7389,16126,45.8
1785432133.945,17:22:13,timeslice,4,0.0,7389,16126,45.8
1785432133.945,17:22:13,timeslice,5,0.0,7389,16126,45.8
1785432133.945,17:22:13,timeslice,6,0.0,7390,16126,45.8
1785432133.945,17:22:13,timeslice,7,0.0,7389,16126,45.8
1785432134.945,17:22:14,timeslice,0,0.0,7389,16126,45.8
1785432134.945,17:22:14,timeslice,1,0.0,7389,16126,45.8
1785432134.945,17:22:14,timeslice,2,0.0,7389,16126,45.8
1785432134.945,17:22:14,timeslice,3,0.0,7389,16126,45.8
1785432134.945,17:22:14,timeslice,4,0.0,7389,16126,45.8
1785432134.945,17:22:14,timeslice,5,0.0,7389,16126,45.8
1785432134.945,17:22:14,timeslice,6,0.0,7390,16126,45.8
1785432134.945,17:22:14,timeslice,7,0.0,7389,16126,45.8
1785432135.945,17:22:15,timeslice,0,0.0,7389,16126,45.8
1785432135.945,17:22:15,timeslice,1,0.0,7389,16126,45.8
1785432135.945,17:22:15,timeslice,2,0.0,7389,16126,45.8
1785432135.945,17:22:15,timeslice,3,0.0,7389,16126,45.8
1785432135.945,17:22:15,timeslice,4,0.0,7389,16126,45.8
1785432135.945,17:22:15,timeslice,5,0.0,7389,16126,45.8
1785432135.945,17:22:15,timeslice,6,0.0,7390,16126,45.8
1785432135.945,17:22:15,timeslice,7,0.0,7389,16126,45.8
1785432136.945,17:22:16,timeslice,0,0.0,7389,16126,45.8
1785432136.945,17:22:16,timeslice,1,0.0,7389,16126,45.8
1785432136.945,17:22:16,timeslice,2,0.0,7389,16126,45.8
1785432136.945,17:22:16,timeslice,3,0.0,7389,16126,45.8
1785432136.945,17:22:16,timeslice,4,0.0,7389,16126,45.8
1785432136.945,17:22:16,timeslice,5,0.0,7389,16126,45.8
1785432136.945,17:22:16,timeslice,6,0.0,7390,16126,45.8
1785432136.945,17:22:16,timeslice,7,0.0,7389,16126,45.8
1785432137.946,17:22:17,timeslice,0,0.0,7389,16126,45.8
1785432137.946,17:22:17,timeslice,1,0.0,7389,16126,45.8
1785432137.946,17:22:17,timeslice,2,0.0,7389,16126,45.8
1785432137.946,17:22:17,timeslice,3,0.0,7389,16126,45.8
1785432137.946,17:22:17,timeslice,4,0.0,7389,16126,45.8
1785432137.946,17:22:17,timeslice,5,0.0,7389,16126,45.8
1785432137.946,17:22:17,timeslice,6,0.0,7390,16126,45.8
1785432137.946,17:22:17,timeslice,7,0.0,7389,16126,45.8
1785432138.946,17:22:18,timeslice,0,0.0,7389,16126,45.8
1785432138.946,17:22:18,timeslice,1,0.0,7389,16126,45.8
1785432138.946,17:22:18,timeslice,2,0.0,7389,16126,45.8
1785432138.946,17:22:18,timeslice,3,0.0,7389,16126,45.8
1785432138.946,17:22:18,timeslice,4,0.0,7389,16126,45.8
1785432138.946,17:22:18,timeslice,5,0.0,7389,16126,45.8
1785432138.946,17:22:18,timeslice,6,0.0,7390,16126,45.8
1785432138.946,17:22:18,timeslice,7,0.0,7389,16126,45.8
1785432139.946,17:22:19,timeslice,0,0.0,7389,16126,45.8
1785432139.946,17:22:19,timeslice,1,0.0,7389,16126,45.8
1785432139.946,17:22:19,timeslice,2,0.0,7389,16126,45.8
1785432139.946,17:22:19,timeslice,3,0.0,7389,16126,45.8
1785432139.946,17:22:19,timeslice,4,0.0,7389,16126,45.8
1785432139.946,17:22:19,timeslice,5,0.0,7389,16126,45.8
1785432139.946,17:22:19,timeslice,6,0.0,7390,16126,45.8
1785432139.946,17:22:19,timeslice,7,0.0,7389,16126,45.8
1785432140.946,17:22:20,timeslice,0,0.0,7389,16126,45.8
1785432140.946,17:22:20,timeslice,1,0.0,7389,16126,45.8
1785432140.946,17:22:20,timeslice,2,0.0,7389,16126,45.8
1785432140.946,17:22:20,timeslice,3,0.0,7389,16126,45.8
1785432140.946,17:22:20,timeslice,4,0.0,7389,16126,45.8
1785432140.946,17:22:20,timeslice,5,0.0,7389,16126,45.8
1785432140.946,17:22:20,timeslice,6,0.0,7390,16126,45.8
1785432140.946,17:22:20,timeslice,7,0.0,7389,16126,45.8
1785432141.946,17:22:21,timeslice,0,0.0,7389,16126,45.8
1785432141.946,17:22:21,timeslice,1,0.0,7389,16126,45.8
1785432141.946,17:22:21,timeslice,2,0.0,7389,16126,45.8
1785432141.946,17:22:21,timeslice,3,0.0,7389,16126,45.8
1785432141.946,17:22:21,timeslice,4,0.0,7389,16126,45.8
1785432141.946,17:22:21,timeslice,5,0.0,7389,16126,45.8
1785432141.946,17:22:21,timeslice,6,0.0,7390,16126,45.8
1785432141.946,17:22:21,timeslice,7,0.0,7389,16126,45.8
1785432142.946,17:22:22,timeslice,0,0.0,7389,16126,45.8
1785432142.946,17:22:22,timeslice,1,0.0,7389,16126,45.8
1785432142.946,17:22:22,timeslice,2,0.0,7389,16126,45.8
1785432142.946,17:22:22,timeslice,3,0.0,7389,16126,45.8
1785432142.946,17:22:22,timeslice,4,0.0,7389,16126,45.8
1785432142.946,17:22:22,timeslice,5,0.0,7389,16126,45.8
1785432142.946,17:22:22,timeslice,6,0.0,7390,16126,45.8
1785432142.946,17:22:22,timeslice,7,0.0,7389,16126,45.8
1785432143.947,17:22:23,timeslice,0,0.0,7389,16126,45.8
1785432143.947,17:22:23,timeslice,1,0.0,7389,16126,45.8
1785432143.947,17:22:23,timeslice,2,0.0,7389,16126,45.8
1785432143.947,17:22:23,timeslice,3,0.0,7389,16126,45.8
1785432143.947,17:22:23,timeslice,4,0.0,7389,16126,45.8
1785432143.947,17:22:23,timeslice,5,0.0,7389,16126,45.8
1785432143.947,17:22:23,timeslice,6,0.0,7390,16126,45.8
1785432143.947,17:22:23,timeslice,7,0.0,7389,16126,45.8
1785432144.947,17:22:24,timeslice,0,0.0,7389,16126,45.8
1785432144.947,17:22:24,timeslice,1,0.0,7389,16126,45.8
1785432144.947,17:22:24,timeslice,2,0.0,7389,16126,45.8
1785432144.947,17:22:24,timeslice,3,0.0,7389,16126,45.8
1785432144.947,17:22:24,timeslice,4,0.0,7389,16126,45.8
1785432144.947,17:22:24,timeslice,5,0.0,7389,16126,45.8
1785432144.947,17:22:24,timeslice,6,0.0,7390,16126,45.8
1785432144.947,17:22:24,timeslice,7,0.0,7389,16126,45.8
1785432145.947,17:22:25,timeslice,0,0.0,7389,16126,45.8
1785432145.947,17:22:25,timeslice,1,0.0,7389,16126,45.8
1785432145.947,17:22:25,timeslice,2,0.0,7389,16126,45.8
1785432145.947,17:22:25,timeslice,3,0.0,7389,16126,45.8
1785432145.947,17:22:25,timeslice,4,0.0,7389,16126,45.8
1785432145.947,17:22:25,timeslice,5,0.0,7389,16126,45.8
1785432145.947,17:22:25,timeslice,6,0.0,7390,16126,45.8
1785432145.947,17:22:25,timeslice,7,0.0,7389,16126,45.8
1785432146.947,17:22:26,timeslice,0,0.0,7389,16126,45.8
1785432146.947,17:22:26,timeslice,1,0.0,7389,16126,45.8
1785432146.947,17:22:26,timeslice,2,0.0,7389,16126,45.8
1785432146.947,17:22:26,timeslice,3,0.0,7389,16126,45.8
1785432146.947,17:22:26,timeslice,4,0.0,7389,16126,45.8
1785432146.947,17:22:26,timeslice,5,0.0,7389,16126,45.8
1785432146.947,17:22:26,timeslice,6,0.0,7390,16126,45.8
1785432146.947,17:22:26,timeslice,7,0.0,7389,16126,45.8
1785432147.947,17:22:27,timeslice,0,0.0,7389,16126,45.8
1785432147.947,17:22:27,timeslice,1,0.0,7389,16126,45.8
1785432147.947,17:22:27,timeslice,2,0.0,7389,16126,45.8
1785432147.947,17:22:27,timeslice,3,0.0,7389,16126,45.8
1785432147.947,17:22:27,timeslice,4,0.0,7389,16126,45.8
1785432147.947,17:22:27,timeslice,5,0.0,7389,16126,45.8
1785432147.947,17:22:27,timeslice,6,0.0,7390,16126,45.8
1785432147.947,17:22:27,timeslice,7,0.0,7389,16126,45.8
1785432148.947,17:22:28,timeslice,0,0.0,7389,16126,45.8
1785432148.947,17:22:28,timeslice,1,0.0,7389,16126,45.8
1785432148.947,17:22:28,timeslice,2,0.0,7389,16126,45.8
1785432148.947,17:22:28,timeslice,3,0.0,7389,16126,45.8
1785432148.947,17:22:28,timeslice,4,0.0,7389,16126,45.8
1785432148.947,17:22:28,timeslice,5,0.0,7389,16126,45.8
1785432148.947,17:22:28,timeslice,6,0.0,7390,16126,45.8
1785432148.947,17:22:28,timeslice,7,0.0,7389,16126,45.8
1785432149.947,17:22:29,timeslice,0,0.0,7389,16126,45.8
1785432149.947,17:22:29,timeslice,1,0.0,7389,16126,45.8
1785432149.947,17:22:29,timeslice,2,0.0,7389,16126,45.8
1785432149.947,17:22:29,timeslice,3,0.0,7389,16126,45.8
1785432149.947,17:22:29,timeslice,4,0.0,7389,16126,45.8
1785432149.947,17:22:29,timeslice,5,0.0,7389,16126,45.8
1785432149.947,17:22:29,timeslice,6,0.0,7390,16126,45.8
1785432149.947,17:22:29,timeslice,7,0.0,7389,16126,45.8
1785432150.948,17:22:30,timeslice,0,0.0,7389,16126,45.8
1785432150.948,17:22:30,timeslice,1,0.0,7389,16126,45.8
1785432150.948,17:22:30,timeslice,2,0.0,7389,16126,45.8
1785432150.948,17:22:30,timeslice,3,0.0,7389,16126,45.8
1785432150.948,17:22:30,timeslice,4,0.0,7389,16126,45.8
1785432150.948,17:22:30,timeslice,5,0.0,7389,16126,45.8
1785432150.948,17:22:30,timeslice,6,0.0,7390,16126,45.8
1785432150.948,17:22:30,timeslice,7,0.0,7389,16126,45.8
1785432151.948,17:22:31,timeslice,0,0.0,7389,16126,45.8
1785432151.948,17:22:31,timeslice,1,0.0,7389,16126,45.8
1785432151.948,17:22:31,timeslice,2,0.0,7389,16126,45.8
1785432151.948,17:22:31,timeslice,3,0.0,7389,16126,45.8
1785432151.948,17:22:31,timeslice,4,0.0,7389,16126,45.8
1785432151.948,17:22:31,timeslice,5,0.0,7389,16126,45.8
1785432151.948,17:22:31,timeslice,6,0.0,7390,16126,45.8
1785432151.948,17:22:31,timeslice,7,0.0,7389,16126,45.8
1785432152.948,17:22:32,timeslice,0,0.0,7389,16126,45.8
1785432152.948,17:22:32,timeslice,1,0.0,7389,16126,45.8
1785432152.948,17:22:32,timeslice,2,0.0,7389,16126,45.8
1785432152.948,17:22:32,timeslice,3,0.0,7389,16126,45.8
1785432152.948,17:22:32,timeslice,4,0.0,7389,16126,45.8
1785432152.948,17:22:32,timeslice,5,0.0,7389,16126,45.8
1785432152.948,17:22:32,timeslice,6,0.0,7390,16126,45.8
1785432152.948,17:22:32,timeslice,7,0.0,7389,16126,45.8
1785432153.948,17:22:33,timeslice,0,0.0,7389,16126,45.8
1785432153.948,17:22:33,timeslice,1,0.0,7389,16126,45.8
1785432153.948,17:22:33,timeslice,2,0.0,7389,16126,45.8
1785432153.948,17:22:33,timeslice,3,0.0,7389,16126,45.8
1785432153.948,17:22:33,timeslice,4,0.0,7389,16126,45.8
1785432153.948,17:22:33,timeslice,5,0.0,7389,16126,45.8
1785432153.948,17:22:33,timeslice,6,0.0,7390,16126,45.8
1785432153.948,17:22:33,timeslice,7,0.0,7389,16126,45.8
1785432154.948,17:22:34,timeslice,0,0.0,7389,16126,45.8
1785432154.948,17:22:34,timeslice,1,0.0,7389,16126,45.8
1785432154.948,17:22:34,timeslice,2,0.0,7389,16126,45.8
1785432154.948,17:22:34,timeslice,3,0.0,7389,16126,45.8
1785432154.948,17:22:34,timeslice,4,0.0,7389,16126,45.8
1785432154.948,17:22:34,timeslice,5,0.0,7389,16126,45.8
1785432154.948,17:22:34,timeslice,6,0.0,7390,16126,45.8
1785432154.948,17:22:34,timeslice,7,0.0,7389,16126,45.8
1785432155.948,17:22:35,timeslice,0,0.0,7389,16126,45.8
1785432155.948,17:22:35,timeslice,1,0.0,7389,16126,45.8
1785432155.948,17:22:35,timeslice,2,0.0,7389,16126,45.8
1785432155.948,17:22:35,timeslice,3,0.0,7389,16126,45.8
1785432155.948,17:22:35,timeslice,4,0.0,7389,16126,45.8
1785432155.948,17:22:35,timeslice,5,0.0,7389,16126,45.8
1785432155.948,17:22:35,timeslice,6,0.0,7390,16126,45.8
1785432155.948,17:22:35,timeslice,7,0.0,7389,16126,45.8
1785432156.948,17:22:36,timeslice,0,70.5,8526,16126,52.9
1785432156.948,17:22:36,timeslice,1,55.2,10743,16126,66.6
1785432156.948,17:22:36,timeslice,2,67.6,8558,16126,53.1
1785432156.948,17:22:36,timeslice,3,73.2,8510,16126,52.8
1785432156.948,17:22:36,timeslice,4,59.2,10743,16126,66.6
1785432156.948,17:22:36,timeslice,5,71.8,8462,16126,52.5
1785432156.948,17:22:36,timeslice,6,73.2,8560,16126,53.1
1785432156.948,17:22:36,timeslice,7,48.4,10743,16126,66.6
1785432157.948,17:22:37,timeslice,0,70.5,8526,16126,52.9
1785432157.948,17:22:37,timeslice,1,55.2,10743,16126,66.6
1785432157.948,17:22:37,timeslice,2,67.6,8558,16126,53.1
1785432157.948,17:22:37,timeslice,3,73.2,8510,16126,52.8
1785432157.948,17:22:37,timeslice,4,59.2,10743,16126,66.6
1785432157.948,17:22:37,timeslice,5,71.8,8462,16126,52.5
1785432157.948,17:22:37,timeslice,6,73.2,8560,16126,53.1
1785432157.948,17:22:37,timeslice,7,48.4,10743,16126,66.6
1785432158.948,17:22:38,timeslice,0,70.5,8526,16126,52.9
1785432158.948,17:22:38,timeslice,1,55.2,10743,16126,66.6
1785432158.948,17:22:38,timeslice,2,67.6,8558,16126,53.1
1785432158.948,17:22:38,timeslice,3,73.2,8510,16126,52.8
1785432158.948,17:22:38,timeslice,4,59.2,10743,16126,66.6
1785432158.948,17:22:38,timeslice,5,71.8,8462,16126,52.5
1785432158.948,17:22:38,timeslice,6,73.2,8560,16126,53.1
1785432158.948,17:22:38,timeslice,7,48.4,10743,16126,66.6
1785432159.949,17:22:39,timeslice,0,70.5,8526,16126,52.9
1785432159.949,17:22:39,timeslice,1,55.2,10743,16126,66.6
1785432159.949,17:22:39,timeslice,2,67.6,8558,16126,53.1
1785432159.949,17:22:39,timeslice,3,73.2,8510,16126,52.8
1785432159.949,17:22:39,timeslice,4,59.2,10743,16126,66.6
1785432159.949,17:22:39,timeslice,5,71.8,8462,16126,52.5
1785432159.949,17:22:39,timeslice,6,73.2,8560,16126,53.1
1785432159.949,17:22:39,timeslice,7,48.4,10743,16126,66.6
1785432160.949,17:22:40,timeslice,0,70.5,8526,16126,52.9
1785432160.949,17:22:40,timeslice,1,55.2,10743,16126,66.6
1785432160.949,17:22:40,timeslice,2,67.6,8558,16126,53.1
1785432160.949,17:22:40,timeslice,3,73.2,8510,16126,52.8
1785432160.949,17:22:40,timeslice,4,59.2,10743,16126,66.6
1785432160.949,17:22:40,timeslice,5,71.8,8462,16126,52.5
1785432160.949,17:22:40,timeslice,6,73.2,8560,16126,53.1
1785432160.949,17:22:40,timeslice,7,48.4,10743,16126,66.6
1785432161.949,17:22:41,timeslice,0,98.0,10603,16126,65.8
1785432161.949,17:22:41,timeslice,1,100.0,8575,16126,53.2
1785432161.949,17:22:41,timeslice,2,100.0,10603,16126,65.8
1785432161.949,17:22:41,timeslice,3,98.0,10603,16126,65.8
1785432161.949,17:22:41,timeslice,4,100.0,8575,16126,53.2
1785432161.949,17:22:41,timeslice,5,100.0,10603,16126,65.8
1785432161.949,17:22:41,timeslice,6,100.0,10605,16126,65.8
1785432161.949,17:22:41,timeslice,7,97.8,8575,16126,53.2
1785432162.949,17:22:42,timeslice,0,98.0,10603,16126,65.8
1785432162.949,17:22:42,timeslice,1,100.0,8575,16126,53.2
1785432162.949,17:22:42,timeslice,2,100.0,10603,16126,65.8
1785432162.949,17:22:42,timeslice,3,98.0,10603,16126,65.8
1785432162.949,17:22:42,timeslice,4,100.0,8575,16126,53.2
1785432162.949,17:22:42,timeslice,5,100.0,10603,16126,65.8
1785432162.949,17:22:42,timeslice,6,100.0,10605,16126,65.8
1785432162.949,17:22:42,timeslice,7,97.8,8575,16126,53.2
1785432163.949,17:22:43,timeslice,0,98.0,10603,16126,65.8
1785432163.949,17:22:43,timeslice,1,100.0,8575,16126,53.2
1785432163.949,17:22:43,timeslice,2,100.0,10603,16126,65.8
1785432163.949,17:22:43,timeslice,3,98.0,10603,16126,65.8
1785432163.949,17:22:43,timeslice,4,100.0,8575,16126,53.2
1785432163.949,17:22:43,timeslice,5,100.0,10603,16126,65.8
1785432163.949,17:22:43,timeslice,6,100.0,10605,16126,65.8
1785432163.949,17:22:43,timeslice,7,97.8,8575,16126,53.2
1785432164.949,17:22:44,timeslice,0,98.0,10603,16126,65.8
1785432164.949,17:22:44,timeslice,1,100.0,8575,16126,53.2
1785432164.949,17:22:44,timeslice,2,100.0,10603,16126,65.8
1785432164.949,17:22:44,timeslice,3,98.0,10603,16126,65.8
1785432164.949,17:22:44,timeslice,4,100.0,8575,16126,53.2
1785432164.949,17:22:44,timeslice,5,100.0,10603,16126,65.8
1785432164.949,17:22:44,timeslice,6,100.0,10605,16126,65.8
1785432164.949,17:22:44,timeslice,7,97.8,8575,16126,53.2
1785432165.949,17:22:45,timeslice,0,98.0,10603,16126,65.8
1785432165.949,17:22:45,timeslice,1,100.0,8575,16126,53.2
1785432165.949,17:22:45,timeslice,2,100.0,10603,16126,65.8
1785432165.949,17:22:45,timeslice,3,98.0,10603,16126,65.8
1785432165.949,17:22:45,timeslice,4,100.0,8575,16126,53.2
1785432165.949,17:22:45,timeslice,5,100.0,10603,16126,65.8
1785432165.949,17:22:45,timeslice,6,100.0,10605,16126,65.8
1785432165.949,17:22:45,timeslice,7,97.8,8575,16126,53.2
1785432166.949,17:22:46,timeslice,0,99.9,8478,16126,52.6
1785432166.949,17:22:46,timeslice,1,98.1,10743,16126,66.6
1785432166.949,17:22:46,timeslice,2,98.1,8575,16126,53.2
1785432166.949,17:22:46,timeslice,3,99.4,8511,16126,52.8
1785432166.949,17:22:46,timeslice,4,98.7,10743,16126,66.6
1785432166.949,17:22:46,timeslice,5,98.3,8575,16126,53.2
1785432166.949,17:22:46,timeslice,6,98.2,8544,16126,53.0
1785432166.949,17:22:46,timeslice,7,99.4,10743,16126,66.6
1785432167.95,17:22:47,timeslice,0,99.9,8478,16126,52.6
1785432167.95,17:22:47,timeslice,1,98.1,10743,16126,66.6
1785432167.95,17:22:47,timeslice,2,98.1,8575,16126,53.2
1785432167.95,17:22:47,timeslice,3,99.4,8511,16126,52.8
1785432167.95,17:22:47,timeslice,4,98.7,10743,16126,66.6
1785432167.95,17:22:47,timeslice,5,98.3,8575,16126,53.2
1785432167.95,17:22:47,timeslice,6,98.2,8544,16126,53.0
1785432167.95,17:22:47,timeslice,7,99.4,10743,16126,66.6
1785432168.95,17:22:48,timeslice,0,99.9,8478,16126,52.6
1785432168.95,17:22:48,timeslice,1,98.1,10743,16126,66.6
1785432168.95,17:22:48,timeslice,2,98.1,8575,16126,53.2
1785432168.95,17:22:48,timeslice,3,99.4,8511,16126,52.8
1785432168.95,17:22:48,timeslice,4,98.7,10743,16126,66.6
1785432168.95,17:22:48,timeslice,5,98.3,8575,16126,53.2
1785432168.95,17:22:48,timeslice,6,98.2,8544,16126,53.0
1785432168.95,17:22:48,timeslice,7,99.4,10743,16126,66.6
1785432169.95,17:22:49,timeslice,0,99.9,8478,16126,52.6
1785432169.95,17:22:49,timeslice,1,98.1,10743,16126,66.6
1785432169.95,17:22:49,timeslice,2,98.1,8575,16126,53.2
1785432169.95,17:22:49,timeslice,3,99.4,8511,16126,52.8
1785432169.95,17:22:49,timeslice,4,98.7,10743,16126,66.6
1785432169.95,17:22:49,timeslice,5,98.3,8575,16126,53.2
1785432169.95,17:22:49,timeslice,6,98.2,8544,16126,53.0
1785432169.95,17:22:49,timeslice,7,99.4,10743,16126,66.6
1785432170.95,17:22:50,timeslice,0,99.9,8478,16126,52.6
1785432170.95,17:22:50,timeslice,1,98.1,10743,16126,66.6
1785432170.95,17:22:50,timeslice,2,98.1,8575,16126,53.2
1785432170.95,17:22:50,timeslice,3,99.4,8511,16126,52.8
1785432170.95,17:22:50,timeslice,4,98.7,10743,16126,66.6
1785432170.95,17:22:50,timeslice,5,98.3,8575,16126,53.2
1785432170.95,17:22:50,timeslice,6,98.2,8544,16126,53.0
1785432170.95,17:22:50,timeslice,7,99.4,10743,16126,66.6
1785432171.95,17:22:51,timeslice,0,97.9,10603,16126,65.8
1785432171.95,17:22:51,timeslice,1,99.2,8654,16126,53.7
1785432171.95,17:22:51,timeslice,2,99.4,10603,16126,65.8
1785432171.95,17:22:51,timeslice,3,98.3,10603,16126,65.8
1785432171.95,17:22:51,timeslice,4,98.8,8718,16126,54.1
1785432171.95,17:22:51,timeslice,5,98.9,10603,16126,65.8
1785432171.95,17:22:51,timeslice,6,99.3,10605,16126,65.8
1785432171.95,17:22:51,timeslice,7,98.2,8654,16126,53.7
1785432172.95,17:22:52,timeslice,0,97.9,10603,16126,65.8
1785432172.95,17:22:52,timeslice,1,99.2,8654,16126,53.7
1785432172.95,17:22:52,timeslice,2,99.4,10603,16126,65.8
1785432172.95,17:22:52,timeslice,3,98.3,10603,16126,65.8
1785432172.95,17:22:52,timeslice,4,98.8,8718,16126,54.1
1785432172.95,17:22:52,timeslice,5,98.9,10603,16126,65.8
1785432172.95,17:22:52,timeslice,6,99.3,10605,16126,65.8
1785432172.95,17:22:52,timeslice,7,98.2,8654,16126,53.7
1785432173.95,17:22:53,timeslice,0,97.9,10603,16126,65.8
1785432173.95,17:22:53,timeslice,1,99.2,8654,16126,53.7
1785432173.95,17:22:53,timeslice,2,99.4,10603,16126,65.8
1785432173.95,17:22:53,timeslice,3,98.3,10603,16126,65.8
1785432173.95,17:22:53,timeslice,4,98.8,8718,16126,54.1
1785432173.95,17:22:53,timeslice,5,98.9,10603,16126,65.8
1785432173.95,17:22:53,timeslice,6,99.3,10605,16126,65.8
1785432173.95,17:22:53,timeslice,7,98.2,8654,16126,53.7
1785432174.95,17:22:54,timeslice,0,97.9,10603,16126,65.8
1785432174.95,17:22:54,timeslice,1,99.2,8654,16126,53.7
1785432174.95,17:22:54,timeslice,2,99.4,10603,16126,65.8
1785432174.95,17:22:54,timeslice,3,98.3,10603,16126,65.8
1785432174.95,17:22:54,timeslice,4,98.8,8718,16126,54.1
1785432174.95,17:22:54,timeslice,5,98.9,10603,16126,65.8
1785432174.95,17:22:54,timeslice,6,99.3,10605,16126,65.8
1785432174.95,17:22:54,timeslice,7,98.2,8654,16126,53.7
1785432175.95,17:22:55,timeslice,0,97.9,10603,16126,65.8
1785432175.95,17:22:55,timeslice,1,99.2,8654,16126,53.7
1785432175.95,17:22:55,timeslice,2,99.4,10603,16126,65.8
1785432175.95,17:22:55,timeslice,3,98.3,10603,16126,65.8
1785432175.95,17:22:55,timeslice,4,98.8,8718,16126,54.1
1785432175.95,17:22:55,timeslice,5,98.9,10603,16126,65.8
1785432175.95,17:22:55,timeslice,6,99.3,10605,16126,65.8
1785432175.95,17:22:55,timeslice,7,98.2,8654,16126,53.7
1785432176.951,17:22:56,timeslice,0,97.1,10743,16126,66.6
1785432176.951,17:22:56,timeslice,1,96.7,10603,16126,65.8
1785432176.951,17:22:56,timeslice,2,96.6,10743,16126,66.6
1785432176.951,17:22:56,timeslice,3,97.2,10743,16126,66.6
1785432176.951,17:22:56,timeslice,4,96.3,10603,16126,65.8
1785432176.951,17:22:56,timeslice,5,96.3,10743,16126,66.6
1785432176.951,17:22:56,timeslice,6,96.2,10744,16126,66.6
1785432176.951,17:22:56,timeslice,7,97.0,10603,16126,65.8
1785432177.951,17:22:57,timeslice,0,97.1,10743,16126,66.6
1785432177.951,17:22:57,timeslice,1,96.7,10603,16126,65.8
1785432177.951,17:22:57,timeslice,2,96.6,10743,16126,66.6
1785432177.951,17:22:57,timeslice,3,97.2,10743,16126,66.6
1785432177.951,17:22:57,timeslice,4,96.3,10603,16126,65.8
1785432177.951,17:22:57,timeslice,5,96.3,10743,16126,66.6
1785432177.951,17:22:57,timeslice,6,96.2,10744,16126,66.6
1785432177.951,17:22:57,timeslice,7,97.0,10603,16126,65.8
1785432178.951,17:22:58,timeslice,0,97.1,10743,16126,66.6
1785432178.951,17:22:58,timeslice,1,96.7,10603,16126,65.8
1785432178.951,17:22:58,timeslice,2,96.6,10743,16126,66.6
1785432178.951,17:22:58,timeslice,3,97.2,10743,16126,66.6
1785432178.951,17:22:58,timeslice,4,96.3,10603,16126,65.8
1785432178.951,17:22:58,timeslice,5,96.3,10743,16126,66.6
1785432178.951,17:22:58,timeslice,6,96.2,10744,16126,66.6
1785432178.951,17:22:58,timeslice,7,97.0,10603,16126,65.8
1785432179.951,17:22:59,timeslice,0,97.1,10743,16126,66.6
1785432179.951,17:22:59,timeslice,1,96.7,10603,16126,65.8
1785432179.951,17:22:59,timeslice,2,96.6,10743,16126,66.6
1785432179.951,17:22:59,timeslice,3,97.2,10743,16126,66.6
1785432179.951,17:22:59,timeslice,4,96.3,10603,16126,65.8
1785432179.951,17:22:59,timeslice,5,96.3,10743,16126,66.6
1785432179.951,17:22:59,timeslice,6,96.2,10744,16126,66.6
1785432179.951,17:22:59,timeslice,7,97.0,10603,16126,65.8
1785432180.951,17:23:00,timeslice,0,97.1,10743,16126,66.6
1785432180.951,17:23:00,timeslice,1,96.7,10603,16126,65.8
1785432180.951,17:23:00,timeslice,2,96.6,10743,16126,66.6
1785432180.951,17:23:00,timeslice,3,97.2,10743,16126,66.6
1785432180.951,17:23:00,timeslice,4,96.3,10603,16126,65.8
1785432180.951,17:23:00,timeslice,5,96.3,10743,16126,66.6
1785432180.951,17:23:00,timeslice,6,96.2,10744,16126,66.6
1785432180.951,17:23:00,timeslice,7,97.0,10603,16126,65.8
1785432181.951,17:23:01,timeslice,0,100.0,8478,16126,52.6
1785432181.951,17:23:01,timeslice,1,100.0,8590,16126,53.3
1785432181.951,17:23:01,timeslice,2,100.0,8575,16126,53.2
1785432181.951,17:23:01,timeslice,3,100.0,8478,16126,52.6
1785432181.951,17:23:01,timeslice,4,100.0,8606,16126,53.4
1785432181.951,17:23:01,timeslice,5,100.0,8542,16126,53.0
1785432181.951,17:23:01,timeslice,6,100.0,8544,16126,53.0
1785432181.951,17:23:01,timeslice,7,100.0,8606,16126,53.4
1785432182.951,17:23:02,timeslice,0,100.0,8478,16126,52.6
1785432182.951,17:23:02,timeslice,1,100.0,8590,16126,53.3
1785432182.951,17:23:02,timeslice,2,100.0,8575,16126,53.2
1785432182.951,17:23:02,timeslice,3,100.0,8478,16126,52.6
1785432182.951,17:23:02,timeslice,4,100.0,8606,16126,53.4
1785432182.951,17:23:02,timeslice,5,100.0,8542,16126,53.0
1785432182.951,17:23:02,timeslice,6,100.0,8544,16126,53.0
1785432182.951,17:23:02,timeslice,7,100.0,8606,16126,53.4
1785432183.951,17:23:03,timeslice,0,100.0,8478,16126,52.6
1785432183.951,17:23:03,timeslice,1,100.0,8590,16126,53.3
1785432183.951,17:23:03,timeslice,2,100.0,8575,16126,53.2
1785432183.951,17:23:03,timeslice,3,100.0,8478,16126,52.6
1785432183.951,17:23:03,timeslice,4,100.0,8606,16126,53.4
1785432183.951,17:23:03,timeslice,5,100.0,8542,16126,53.0
1785432183.951,17:23:03,timeslice,6,100.0,8544,16126,53.0
1785432183.951,17:23:03,timeslice,7,100.0,8606,16126,53.4
1785432184.951,17:23:04,timeslice,0,100.0,8478,16126,52.6
1785432184.951,17:23:04,timeslice,1,100.0,8590,16126,53.3
1785432184.951,17:23:04,timeslice,2,100.0,8575,16126,53.2
1785432184.951,17:23:04,timeslice,3,100.0,8478,16126,52.6
1785432184.951,17:23:04,timeslice,4,100.0,8606,16126,53.4
1785432184.951,17:23:04,timeslice,5,100.0,8542,16126,53.0
1785432184.951,17:23:04,timeslice,6,100.0,8544,16126,53.0
1785432184.951,17:23:04,timeslice,7,100.0,8606,16126,53.4
1785432185.952,17:23:05,timeslice,0,100.0,8478,16126,52.6
1785432185.952,17:23:05,timeslice,1,100.0,8590,16126,53.3
1785432185.952,17:23:05,timeslice,2,100.0,8575,16126,53.2
1785432185.952,17:23:05,timeslice,3,100.0,8478,16126,52.6
1785432185.952,17:23:05,timeslice,4,100.0,8606,16126,53.4
1785432185.952,17:23:05,timeslice,5,100.0,8542,16126,53.0
1785432185.952,17:23:05,timeslice,6,100.0,8544,16126,53.0
1785432185.952,17:23:05,timeslice,7,100.0,8606,16126,53.4
1785432186.952,17:23:06,timeslice,0,98.0,10743,16126,66.6
1785432186.952,17:23:06,timeslice,1,97.9,10603,16126,65.8
1785432186.952,17:23:06,timeslice,2,98.5,10743,16126,66.6
1785432186.952,17:23:06,timeslice,3,98.3,10743,16126,66.6
1785432186.952,17:23:06,timeslice,4,98.5,10603,16126,65.8
1785432186.952,17:23:06,timeslice,5,98.2,10743,16126,66.6
1785432186.952,17:23:06,timeslice,6,98.2,10744,16126,66.6
1785432186.952,17:23:06,timeslice,7,98.2,10603,16126,65.8
1785432187.952,17:23:07,timeslice,0,98.0,10743,16126,66.6
1785432187.952,17:23:07,timeslice,1,97.9,10603,16126,65.8
1785432187.952,17:23:07,timeslice,2,98.5,10743,16126,66.6
1785432187.952,17:23:07,timeslice,3,98.3,10743,16126,66.6
1785432187.952,17:23:07,timeslice,4,98.5,10603,16126,65.8
1785432187.952,17:23:07,timeslice,5,98.2,10743,16126,66.6
1785432187.952,17:23:07,timeslice,6,98.2,10744,16126,66.6
1785432187.952,17:23:07,timeslice,7,98.2,10603,16126,65.8
1785432188.952,17:23:08,timeslice,0,98.0,10743,16126,66.6
1785432188.952,17:23:08,timeslice,1,97.9,10603,16126,65.8
1785432188.952,17:23:08,timeslice,2,98.5,10743,16126,66.6
1785432188.952,17:23:08,timeslice,3,98.3,10743,16126,66.6
1785432188.952,17:23:08,timeslice,4,98.5,10603,16126,65.8
1785432188.952,17:23:08,timeslice,5,98.2,10743,16126,66.6
1785432188.952,17:23:08,timeslice,6,98.2,10744,16126,66.6
1785432188.952,17:23:08,timeslice,7,98.2,10603,16126,65.8
1785432189.952,17:23:09,timeslice,0,98.0,10743,16126,66.6
1785432189.952,17:23:09,timeslice,1,97.9,10603,16126,65.8
1785432189.952,17:23:09,timeslice,2,98.5,10743,16126,66.6
1785432189.952,17:23:09,timeslice,3,98.3,10743,16126,66.6
1785432189.952,17:23:09,timeslice,4,98.5,10603,16126,65.8
1785432189.952,17:23:09,timeslice,5,98.2,10743,16126,66.6
1785432189.952,17:23:09,timeslice,6,98.2,10744,16126,66.6
1785432189.952,17:23:09,timeslice,7,98.2,10603,16126,65.8
1785432190.952,17:23:10,timeslice,0,98.0,10743,16126,66.6
1785432190.952,17:23:10,timeslice,1,97.9,10603,16126,65.8
1785432190.952,17:23:10,timeslice,2,98.5,10743,16126,66.6
1785432190.952,17:23:10,timeslice,3,98.3,10743,16126,66.6
1785432190.952,17:23:10,timeslice,4,98.5,10603,16126,65.8
1785432190.952,17:23:10,timeslice,5,98.2,10743,16126,66.6
1785432190.952,17:23:10,timeslice,6,98.2,10744,16126,66.6
1785432190.952,17:23:10,timeslice,7,98.2,10603,16126,65.8
1785432191.952,17:23:11,timeslice,0,99.2,8750,16126,54.3
1785432191.952,17:23:11,timeslice,1,100.0,8575,16126,53.2
1785432191.952,17:23:11,timeslice,2,99.7,8574,16126,53.2
1785432191.952,17:23:11,timeslice,3,99.2,8686,16126,53.9
1785432191.952,17:23:11,timeslice,4,100.0,8574,16126,53.2
1785432191.952,17:23:11,timeslice,5,99.8,8591,16126,53.3
1785432191.952,17:23:11,timeslice,6,100.0,8528,16126,52.9
1785432191.952,17:23:11,timeslice,7,99.4,8590,16126,53.3
1785432192.952,17:23:12,timeslice,0,99.2,8750,16126,54.3
1785432192.952,17:23:12,timeslice,1,100.0,8575,16126,53.2
1785432192.952,17:23:12,timeslice,2,99.7,8574,16126,53.2
1785432192.952,17:23:12,timeslice,3,99.2,8686,16126,53.9
1785432192.952,17:23:12,timeslice,4,100.0,8574,16126,53.2
1785432192.952,17:23:12,timeslice,5,99.8,8591,16126,53.3
1785432192.952,17:23:12,timeslice,6,100.0,8528,16126,52.9
1785432192.952,17:23:12,timeslice,7,99.4,8590,16126,53.3
1785432193.953,17:23:13,timeslice,0,99.2,8750,16126,54.3
1785432193.953,17:23:13,timeslice,1,100.0,8575,16126,53.2
1785432193.953,17:23:13,timeslice,2,99.7,8574,16126,53.2
1785432193.953,17:23:13,timeslice,3,99.2,8686,16126,53.9
1785432193.953,17:23:13,timeslice,4,100.0,8574,16126,53.2
1785432193.953,17:23:13,timeslice,5,99.8,8591,16126,53.3
1785432193.953,17:23:13,timeslice,6,100.0,8528,16126,52.9
1785432193.953,17:23:13,timeslice,7,99.4,8590,16126,53.3
1785432194.953,17:23:14,timeslice,0,99.2,8750,16126,54.3
1785432194.953,17:23:14,timeslice,1,100.0,8575,16126,53.2
1785432194.953,17:23:14,timeslice,2,99.7,8574,16126,53.2
1785432194.953,17:23:14,timeslice,3,99.2,8686,16126,53.9
1785432194.953,17:23:14,timeslice,4,100.0,8574,16126,53.2
1785432194.953,17:23:14,timeslice,5,99.8,8591,16126,53.3
1785432194.953,17:23:14,timeslice,6,100.0,8528,16126,52.9
1785432194.953,17:23:14,timeslice,7,99.4,8590,16126,53.3
1785432195.953,17:23:15,timeslice,0,99.2,8750,16126,54.3
1785432195.953,17:23:15,timeslice,1,100.0,8575,16126,53.2
1785432195.953,17:23:15,timeslice,2,99.7,8574,16126,53.2
1785432195.953,17:23:15,timeslice,3,99.2,8686,16126,53.9
1785432195.953,17:23:15,timeslice,4,100.0,8574,16126,53.2
1785432195.953,17:23:15,timeslice,5,99.8,8591,16126,53.3
1785432195.953,17:23:15,timeslice,6,100.0,8528,16126,52.9
1785432195.953,17:23:15,timeslice,7,99.4,8590,16126,53.3
1785432196.953,17:23:16,timeslice,0,96.1,10603,16126,65.8
1785432196.953,17:23:16,timeslice,1,98.4,10603,16126,65.8
1785432196.953,17:23:16,timeslice,2,98.5,10603,16126,65.8
1785432196.953,17:23:16,timeslice,3,96.2,10603,16126,65.8
1785432196.953,17:23:16,timeslice,4,98.5,10603,16126,65.8
1785432196.953,17:23:16,timeslice,5,98.0,10603,16126,65.8
1785432196.953,17:23:16,timeslice,6,97.7,10605,16126,65.8
1785432196.953,17:23:16,timeslice,7,96.1,10603,16126,65.8
1785432197.953,17:23:17,timeslice,0,96.1,10603,16126,65.8
1785432197.953,17:23:17,timeslice,1,98.4,10603,16126,65.8
1785432197.953,17:23:17,timeslice,2,98.5,10603,16126,65.8
1785432197.953,17:23:17,timeslice,3,96.2,10603,16126,65.8
1785432197.953,17:23:17,timeslice,4,98.5,10603,16126,65.8
1785432197.953,17:23:17,timeslice,5,98.0,10603,16126,65.8
1785432197.953,17:23:17,timeslice,6,97.7,10605,16126,65.8
1785432197.953,17:23:17,timeslice,7,96.1,10603,16126,65.8
1785432198.953,17:23:18,timeslice,0,96.1,10603,16126,65.8
1785432198.953,17:23:18,timeslice,1,98.4,10603,16126,65.8
1785432198.953,17:23:18,timeslice,2,98.5,10603,16126,65.8
1785432198.953,17:23:18,timeslice,3,96.2,10603,16126,65.8
1785432198.953,17:23:18,timeslice,4,98.5,10603,16126,65.8
1785432198.953,17:23:18,timeslice,5,98.0,10603,16126,65.8
1785432198.953,17:23:18,timeslice,6,97.7,10605,16126,65.8
1785432198.953,17:23:18,timeslice,7,96.1,10603,16126,65.8
1785432199.953,17:23:19,timeslice,0,96.1,10603,16126,65.8
1785432199.953,17:23:19,timeslice,1,98.4,10603,16126,65.8
1785432199.953,17:23:19,timeslice,2,98.5,10603,16126,65.8
1785432199.953,17:23:19,timeslice,3,96.2,10603,16126,65.8
1785432199.953,17:23:19,timeslice,4,98.5,10603,16126,65.8
1785432199.953,17:23:19,timeslice,5,98.0,10603,16126,65.8
1785432199.953,17:23:19,timeslice,6,97.7,10605,16126,65.8
1785432199.953,17:23:19,timeslice,7,96.1,10603,16126,65.8
1785432200.953,17:23:20,timeslice,0,96.1,10603,16126,65.8
1785432200.953,17:23:20,timeslice,1,98.4,10603,16126,65.8
1785432200.953,17:23:20,timeslice,2,98.5,10603,16126,65.8
1785432200.953,17:23:20,timeslice,3,96.2,10603,16126,65.8
1785432200.953,17:23:20,timeslice,4,98.5,10603,16126,65.8
1785432200.953,17:23:20,timeslice,5,98.0,10603,16126,65.8
1785432200.953,17:23:20,timeslice,6,97.7,10605,16126,65.8
1785432200.953,17:23:20,timeslice,7,96.1,10603,16126,65.8
1785432201.953,17:23:21,timeslice,0,100.0,8543,16126,53.0
1785432201.953,17:23:21,timeslice,1,96.7,10743,16126,66.6
1785432201.953,17:23:21,timeslice,2,96.4,8526,16126,52.9
1785432201.953,17:23:21,timeslice,3,100.0,8510,16126,52.8
1785432201.953,17:23:21,timeslice,4,96.6,10743,16126,66.6
1785432201.953,17:23:21,timeslice,5,96.4,8510,16126,52.8
1785432201.953,17:23:21,timeslice,6,96.3,8592,16126,53.3
1785432201.953,17:23:21,timeslice,7,100.0,10743,16126,66.6
1785432202.954,17:23:22,timeslice,0,100.0,8543,16126,53.0
1785432202.954,17:23:22,timeslice,1,96.7,10743,16126,66.6
1785432202.954,17:23:22,timeslice,2,96.4,8526,16126,52.9
1785432202.954,17:23:22,timeslice,3,100.0,8510,16126,52.8
1785432202.954,17:23:22,timeslice,4,96.6,10743,16126,66.6
1785432202.954,17:23:22,timeslice,5,96.4,8510,16126,52.8
1785432202.954,17:23:22,timeslice,6,96.3,8592,16126,53.3
1785432202.954,17:23:22,timeslice,7,100.0,10743,16126,66.6
1785432203.954,17:23:23,timeslice,0,100.0,8543,16126,53.0
1785432203.954,17:23:23,timeslice,1,96.7,10743,16126,66.6
1785432203.954,17:23:23,timeslice,2,96.4,8526,16126,52.9
1785432203.954,17:23:23,timeslice,3,100.0,8510,16126,52.8
1785432203.954,17:23:23,timeslice,4,96.6,10743,16126,66.6
1785432203.954,17:23:23,timeslice,5,96.4,8510,16126,52.8
1785432203.954,17:23:23,timeslice,6,96.3,8592,16126,53.3
1785432203.954,17:23:23,timeslice,7,100.0,10743,16126,66.6
1785432204.954,17:23:24,timeslice,0,100.0,8543,16126,53.0
1785432204.954,17:23:24,timeslice,1,96.7,10743,16126,66.6
1785432204.954,17:23:24,timeslice,2,96.4,8526,16126,52.9
1785432204.954,17:23:24,timeslice,3,100.0,8510,16126,52.8
1785432204.954,17:23:24,timeslice,4,96.6,10743,16126,66.6
1785432204.954,17:23:24,timeslice,5,96.4,8510,16126,52.8
1785432204.954,17:23:24,timeslice,6,96.3,8592,16126,53.3
1785432204.954,17:23:24,timeslice,7,100.0,10743,16126,66.6
1785432205.954,17:23:25,timeslice,0,100.0,8543,16126,53.0
1785432205.954,17:23:25,timeslice,1,96.7,10743,16126,66.6
1785432205.954,17:23:25,timeslice,2,96.4,8526,16126,52.9
1785432205.954,17:23:25,timeslice,3,100.0,8510,16126,52.8
1785432205.954,17:23:25,timeslice,4,96.6,10743,16126,66.6
1785432205.954,17:23:25,timeslice,5,96.4,8510,16126,52.8
1785432205.954,17:23:25,timeslice,6,96.3,8592,16126,53.3
1785432205.954,17:23:25,timeslice,7,100.0,10743,16126,66.6
1785432206.954,17:23:26,timeslice,0,98.0,10603,16126,65.8
1785432206.954,17:23:26,timeslice,1,100.0,8575,16126,53.2
1785432206.954,17:23:26,timeslice,2,100.0,10603,16126,65.8
1785432206.954,17:23:26,timeslice,3,98.2,10603,16126,65.8
1785432206.954,17:23:26,timeslice,4,100.0,8575,16126,53.2
1785432206.954,17:23:26,timeslice,5,100.0,10603,16126,65.8
1785432206.954,17:23:26,timeslice,6,100.0,10605,16126,65.8
1785432206.954,17:23:26,timeslice,7,98.3,8575,16126,53.2
1785432207.954,17:23:27,timeslice,0,98.0,10603,16126,65.8
1785432207.954,17:23:27,timeslice,1,100.0,8575,16126,53.2
1785432207.954,17:23:27,timeslice,2,100.0,10603,16126,65.8
1785432207.954,17:23:27,timeslice,3,98.2,10603,16126,65.8
1785432207.954,17:23:27,timeslice,4,100.0,8575,16126,53.2
1785432207.954,17:23:27,timeslice,5,100.0,10603,16126,65.8
1785432207.954,17:23:27,timeslice,6,100.0,10605,16126,65.8
1785432207.954,17:23:27,timeslice,7,98.3,8575,16126,53.2
1785432208.954,17:23:28,timeslice,0,98.0,10603,16126,65.8
1785432208.954,17:23:28,timeslice,1,100.0,8575,16126,53.2
1785432208.954,17:23:28,timeslice,2,100.0,10603,16126,65.8
1785432208.954,17:23:28,timeslice,3,98.2,10603,16126,65.8
1785432208.954,17:23:28,timeslice,4,100.0,8575,16126,53.2
1785432208.954,17:23:28,timeslice,5,100.0,10603,16126,65.8
1785432208.954,17:23:28,timeslice,6,100.0,10605,16126,65.8
1785432208.954,17:23:28,timeslice,7,98.3,8575,16126,53.2
1785432209.954,17:23:29,timeslice,0,98.0,10603,16126,65.8
1785432209.954,17:23:29,timeslice,1,100.0,8575,16126,53.2
1785432209.954,17:23:29,timeslice,2,100.0,10603,16126,65.8
1785432209.954,17:23:29,timeslice,3,98.2,10603,16126,65.8
1785432209.954,17:23:29,timeslice,4,100.0,8575,16126,53.2
1785432209.954,17:23:29,timeslice,5,100.0,10603,16126,65.8
1785432209.954,17:23:29,timeslice,6,100.0,10605,16126,65.8
1785432209.954,17:23:29,timeslice,7,98.3,8575,16126,53.2
1785432210.954,17:23:30,timeslice,0,98.0,10603,16126,65.8
1785432210.954,17:23:30,timeslice,1,100.0,8575,16126,53.2
1785432210.954,17:23:30,timeslice,2,100.0,10603,16126,65.8
1785432210.954,17:23:30,timeslice,3,98.2,10603,16126,65.8
1785432210.954,17:23:30,timeslice,4,100.0,8575,16126,53.2
1785432210.954,17:23:30,timeslice,5,100.0,10603,16126,65.8
1785432210.954,17:23:30,timeslice,6,100.0,10605,16126,65.8
1785432210.954,17:23:30,timeslice,7,98.3,8575,16126,53.2
1785432211.955,17:23:31,timeslice,0,100.0,8462,16126,52.5
1785432211.955,17:23:31,timeslice,1,98.3,10743,16126,66.6
1785432211.955,17:23:31,timeslice,2,97.9,8575,16126,53.2
1785432211.955,17:23:31,timeslice,3,99.9,8446,16126,52.4
1785432211.955,17:23:31,timeslice,4,98.7,10743,16126,66.6
1785432211.955,17:23:31,timeslice,5,97.8,8575,16126,53.2
1785432211.955,17:23:31,timeslice,6,97.7,8576,16126,53.2
1785432211.955,17:23:31,timeslice,7,100.0,10743,16126,66.6
1785432212.955,17:23:32,timeslice,0,100.0,8462,16126,52.5
1785432212.955,17:23:32,timeslice,1,98.3,10743,16126,66.6
1785432212.955,17:23:32,timeslice,2,97.9,8575,16126,53.2
1785432212.955,17:23:32,timeslice,3,99.9,8446,16126,52.4
1785432212.955,17:23:32,timeslice,4,98.7,10743,16126,66.6
1785432212.955,17:23:32,timeslice,5,97.8,8575,16126,53.2
1785432212.955,17:23:32,timeslice,6,97.7,8576,16126,53.2
1785432212.955,17:23:32,timeslice,7,100.0,10743,16126,66.6
1785432213.955,17:23:33,timeslice,0,100.0,8462,16126,52.5
1785432213.955,17:23:33,timeslice,1,98.3,10743,16126,66.6
1785432213.955,17:23:33,timeslice,2,97.9,8575,16126,53.2
1785432213.955,17:23:33,timeslice,3,99.9,8446,16126,52.4
1785432213.955,17:23:33,timeslice,4,98.7,10743,16126,66.6
1785432213.955,17:23:33,timeslice,5,97.8,8575,16126,53.2
1785432213.955,17:23:33,timeslice,6,97.7,8576,16126,53.2
1785432213.955,17:23:33,timeslice,7,100.0,10743,16126,66.6
1785432214.955,17:23:34,timeslice,0,100.0,8462,16126,52.5
1785432214.955,17:23:34,timeslice,1,98.3,10743,16126,66.6
1785432214.955,17:23:34,timeslice,2,97.9,8575,16126,53.2
1785432214.955,17:23:34,timeslice,3,99.9,8446,16126,52.4
1785432214.955,17:23:34,timeslice,4,98.7,10743,16126,66.6
1785432214.955,17:23:34,timeslice,5,97.8,8575,16126,53.2
1785432214.955,17:23:34,timeslice,6,97.7,8576,16126,53.2
1785432214.955,17:23:34,timeslice,7,100.0,10743,16126,66.6
1785432215.955,17:23:35,timeslice,0,100.0,8462,16126,52.5
1785432215.955,17:23:35,timeslice,1,98.3,10743,16126,66.6
1785432215.955,17:23:35,timeslice,2,97.9,8575,16126,53.2
1785432215.955,17:23:35,timeslice,3,99.9,8446,16126,52.4
1785432215.955,17:23:35,timeslice,4,98.7,10743,16126,66.6
1785432215.955,17:23:35,timeslice,5,97.8,8575,16126,53.2
1785432215.955,17:23:35,timeslice,6,97.7,8576,16126,53.2
1785432215.955,17:23:35,timeslice,7,100.0,10743,16126,66.6
1785432216.955,17:23:36,timeslice,0,98.9,10603,16126,65.8
1785432216.955,17:23:36,timeslice,1,99.9,8718,16126,54.1
1785432216.955,17:23:36,timeslice,2,99.7,10603,16126,65.8
1785432216.955,17:23:36,timeslice,3,98.1,10603,16126,65.8
1785432216.955,17:23:36,timeslice,4,99.7,8718,16126,54.1
1785432216.955,17:23:36,timeslice,5,99.6,10603,16126,65.8
1785432216.955,17:23:36,timeslice,6,99.7,10605,16126,65.8
1785432216.955,17:23:36,timeslice,7,98.3,8654,16126,53.7
1785432217.955,17:23:37,timeslice,0,98.9,10603,16126,65.8
1785432217.955,17:23:37,timeslice,1,99.9,8718,16126,54.1
1785432217.955,17:23:37,timeslice,2,99.7,10603,16126,65.8
1785432217.955,17:23:37,timeslice,3,98.1,10603,16126,65.8
1785432217.955,17:23:37,timeslice,4,99.7,8718,16126,54.1
1785432217.955,17:23:37,timeslice,5,99.6,10603,16126,65.8
1785432217.955,17:23:37,timeslice,6,99.7,10605,16126,65.8
1785432217.955,17:23:37,timeslice,7,98.3,8654,16126,53.7
1785432218.955,17:23:38,timeslice,0,98.9,10603,16126,65.8
1785432218.955,17:23:38,timeslice,1,99.9,8718,16126,54.1
1785432218.955,17:23:38,timeslice,2,99.7,10603,16126,65.8
1785432218.955,17:23:38,timeslice,3,98.1,10603,16126,65.8
1785432218.955,17:23:38,timeslice,4,99.7,8718,16126,54.1
1785432218.955,17:23:38,timeslice,5,99.6,10603,16126,65.8
1785432218.955,17:23:38,timeslice,6,99.7,10605,16126,65.8
1785432218.955,17:23:38,timeslice,7,98.3,8654,16126,53.7
1785432219.956,17:23:39,timeslice,0,98.9,10603,16126,65.8
1785432219.956,17:23:39,timeslice,1,99.9,8718,16126,54.1
1785432219.956,17:23:39,timeslice,2,99.7,10603,16126,65.8
1785432219.956,17:23:39,timeslice,3,98.1,10603,16126,65.8
1785432219.956,17:23:39,timeslice,4,99.7,8718,16126,54.1
1785432219.956,17:23:39,timeslice,5,99.6,10603,16126,65.8
1785432219.956,17:23:39,timeslice,6,99.7,10605,16126,65.8
1785432219.956,17:23:39,timeslice,7,98.3,8654,16126,53.7
1785432220.956,17:23:40,timeslice,0,98.9,10603,16126,65.8
1785432220.956,17:23:40,timeslice,1,99.9,8718,16126,54.1
1785432220.956,17:23:40,timeslice,2,99.7,10603,16126,65.8
1785432220.956,17:23:40,timeslice,3,98.1,10603,16126,65.8
1785432220.956,17:23:40,timeslice,4,99.7,8718,16126,54.1
1785432220.956,17:23:40,timeslice,5,99.6,10603,16126,65.8
1785432220.956,17:23:40,timeslice,6,99.7,10605,16126,65.8
1785432220.956,17:23:40,timeslice,7,98.3,8654,16126,53.7
1785432221.956,17:23:41,timeslice,0,96.6,10743,16126,66.6
1785432221.956,17:23:41,timeslice,1,98.9,10743,16126,66.6
1785432221.956,17:23:41,timeslice,2,98.4,10743,16126,66.6
1785432221.956,17:23:41,timeslice,3,96.4,10743,16126,66.6
1785432221.956,17:23:41,timeslice,4,98.7,10743,16126,66.6
1785432221.956,17:23:41,timeslice,5,98.6,10743,16126,66.6
1785432221.956,17:23:41,timeslice,6,98.4,10744,16126,66.6
1785432221.956,17:23:41,timeslice,7,96.7,10743,16126,66.6
1785432222.956,17:23:42,timeslice,0,96.6,10743,16126,66.6
1785432222.956,17:23:42,timeslice,1,98.9,10743,16126,66.6
1785432222.956,17:23:42,timeslice,2,98.4,10743,16126,66.6
1785432222.956,17:23:42,timeslice,3,96.4,10743,16126,66.6
1785432222.956,17:23:42,timeslice,4,98.7,10743,16126,66.6
1785432222.956,17:23:42,timeslice,5,98.6,10743,16126,66.6
1785432222.956,17:23:42,timeslice,6,98.4,10744,16126,66.6
1785432222.956,17:23:42,timeslice,7,96.7,10743,16126,66.6
1785432223.956,17:23:43,timeslice,0,96.6,10743,16126,66.6
1785432223.956,17:23:43,timeslice,1,98.9,10743,16126,66.6
1785432223.956,17:23:43,timeslice,2,98.4,10743,16126,66.6
1785432223.956,17:23:43,timeslice,3,96.4,10743,16126,66.6
1785432223.956,17:23:43,timeslice,4,98.7,10743,16126,66.6
1785432223.956,17:23:43,timeslice,5,98.6,10743,16126,66.6
1785432223.956,17:23:43,timeslice,6,98.4,10744,16126,66.6
1785432223.956,17:23:43,timeslice,7,96.7,10743,16126,66.6
1785432224.956,17:23:44,timeslice,0,96.6,10743,16126,66.6
1785432224.956,17:23:44,timeslice,1,98.9,10743,16126,66.6
1785432224.956,17:23:44,timeslice,2,98.4,10743,16126,66.6
1785432224.956,17:23:44,timeslice,3,96.4,10743,16126,66.6
1785432224.956,17:23:44,timeslice,4,98.7,10743,16126,66.6
1785432224.956,17:23:44,timeslice,5,98.6,10743,16126,66.6
1785432224.956,17:23:44,timeslice,6,98.4,10744,16126,66.6
1785432224.956,17:23:44,timeslice,7,96.7,10743,16126,66.6
1785432225.956,17:23:45,timeslice,0,96.6,10743,16126,66.6
1785432225.956,17:23:45,timeslice,1,98.9,10743,16126,66.6
1785432225.956,17:23:45,timeslice,2,98.4,10743,16126,66.6
1785432225.956,17:23:45,timeslice,3,96.4,10743,16126,66.6
1785432225.956,17:23:45,timeslice,4,98.7,10743,16126,66.6
1785432225.956,17:23:45,timeslice,5,98.6,10743,16126,66.6
1785432225.956,17:23:45,timeslice,6,98.4,10744,16126,66.6
1785432225.956,17:23:45,timeslice,7,96.7,10743,16126,66.6
1785432226.956,17:23:46,timeslice,0,100.0,8510,16126,52.8
1785432226.956,17:23:46,timeslice,1,98.8,8494,16126,52.7
1785432226.956,17:23:46,timeslice,2,98.8,8575,16126,53.2
1785432226.956,17:23:46,timeslice,3,100.0,8510,16126,52.8
1785432226.956,17:23:46,timeslice,4,98.4,8510,16126,52.8
1785432226.956,17:23:46,timeslice,5,98.9,8511,16126,52.8
1785432226.956,17:23:46,timeslice,6,98.6,8576,16126,53.2
1785432226.956,17:23:46,timeslice,7,100.0,8478,16126,52.6
1785432227.957,17:23:47,timeslice,0,100.0,8510,16126,52.8
1785432227.957,17:23:47,timeslice,1,98.8,8494,16126,52.7
1785432227.957,17:23:47,timeslice,2,98.8,8575,16126,53.2
1785432227.957,17:23:47,timeslice,3,100.0,8510,16126,52.8
1785432227.957,17:23:47,timeslice,4,98.4,8510,16126,52.8
1785432227.957,17:23:47,timeslice,5,98.9,8511,16126,52.8
1785432227.957,17:23:47,timeslice,6,98.6,8576,16126,53.2
1785432227.957,17:23:47,timeslice,7,100.0,8478,16126,52.6
1785432228.957,17:23:48,timeslice,0,100.0,8510,16126,52.8
1785432228.957,17:23:48,timeslice,1,98.8,8494,16126,52.7
1785432228.957,17:23:48,timeslice,2,98.8,8575,16126,53.2
1785432228.957,17:23:48,timeslice,3,100.0,8510,16126,52.8
1785432228.957,17:23:48,timeslice,4,98.4,8510,16126,52.8
1785432228.957,17:23:48,timeslice,5,98.9,8511,16126,52.8
1785432228.957,17:23:48,timeslice,6,98.6,8576,16126,53.2
1785432228.957,17:23:48,timeslice,7,100.0,8478,16126,52.6
1785432229.957,17:23:49,timeslice,0,100.0,8510,16126,52.8
1785432229.957,17:23:49,timeslice,1,98.8,8494,16126,52.7
1785432229.957,17:23:49,timeslice,2,98.8,8575,16126,53.2
1785432229.957,17:23:49,timeslice,3,100.0,8510,16126,52.8
1785432229.957,17:23:49,timeslice,4,98.4,8510,16126,52.8
1785432229.957,17:23:49,timeslice,5,98.9,8511,16126,52.8
1785432229.957,17:23:49,timeslice,6,98.6,8576,16126,53.2
1785432229.957,17:23:49,timeslice,7,100.0,8478,16126,52.6
1785432230.957,17:23:50,timeslice,0,100.0,8510,16126,52.8
1785432230.957,17:23:50,timeslice,1,98.8,8494,16126,52.7
1785432230.957,17:23:50,timeslice,2,98.8,8575,16126,53.2
1785432230.957,17:23:50,timeslice,3,100.0,8510,16126,52.8
1785432230.957,17:23:50,timeslice,4,98.4,8510,16126,52.8
1785432230.957,17:23:50,timeslice,5,98.9,8511,16126,52.8
1785432230.957,17:23:50,timeslice,6,98.6,8576,16126,53.2
1785432230.957,17:23:50,timeslice,7,100.0,8478,16126,52.6
1785432231.957,17:23:51,timeslice,0,98.4,10743,16126,66.6
1785432231.957,17:23:51,timeslice,1,97.1,10604,16126,65.8
1785432231.957,17:23:51,timeslice,2,96.7,10743,16126,66.6
1785432231.957,17:23:51,timeslice,3,98.3,10743,16126,66.6
1785432231.957,17:23:51,timeslice,4,97.0,10604,16126,65.8
1785432231.957,17:23:51,timeslice,5,96.8,10743,16126,66.6
1785432231.957,17:23:51,timeslice,6,97.0,10744,16126,66.6
1785432231.957,17:23:51,timeslice,7,98.3,10603,16126,65.8
1785432232.957,17:23:52,timeslice,0,98.4,10743,16126,66.6
1785432232.957,17:23:52,timeslice,1,97.1,10604,16126,65.8
1785432232.957,17:23:52,timeslice,2,96.7,10743,16126,66.6
1785432232.957,17:23:52,timeslice,3,98.3,10743,16126,66.6
1785432232.957,17:23:52,timeslice,4,97.0,10604,16126,65.8
1785432232.957,17:23:52,timeslice,5,96.8,10743,16126,66.6
1785432232.957,17:23:52,timeslice,6,97.0,10744,16126,66.6
1785432232.957,17:23:52,timeslice,7,98.3,10603,16126,65.8
1785432233.957,17:23:53,timeslice,0,98.4,10743,16126,66.6
1785432233.957,17:23:53,timeslice,1,97.1,10604,16126,65.8
1785432233.957,17:23:53,timeslice,2,96.7,10743,16126,66.6
1785432233.957,17:23:53,timeslice,3,98.3,10743,16126,66.6
1785432233.957,17:23:53,timeslice,4,97.0,10604,16126,65.8
1785432233.957,17:23:53,timeslice,5,96.8,10743,16126,66.6
1785432233.957,17:23:53,timeslice,6,97.0,10744,16126,66.6
1785432233.957,17:23:53,timeslice,7,98.3,10603,16126,65.8
1785432234.957,17:23:54,timeslice,0,98.4,10743,16126,66.6
1785432234.957,17:23:54,timeslice,1,97.1,10604,16126,65.8
1785432234.957,17:23:54,timeslice,2,96.7,10743,16126,66.6
1785432234.957,17:23:54,timeslice,3,98.3,10743,16126,66.6
1785432234.957,17:23:54,timeslice,4,97.0,10604,16126,65.8
1785432234.957,17:23:54,timeslice,5,96.8,10743,16126,66.6
1785432234.957,17:23:54,timeslice,6,97.0,10744,16126,66.6
1785432234.957,17:23:54,timeslice,7,98.3,10603,16126,65.8
1785432235.957,17:23:55,timeslice,0,98.4,10743,16126,66.6
1785432235.957,17:23:55,timeslice,1,97.1,10604,16126,65.8
1785432235.957,17:23:55,timeslice,2,96.7,10743,16126,66.6
1785432235.957,17:23:55,timeslice,3,98.3,10743,16126,66.6
1785432235.957,17:23:55,timeslice,4,97.0,10604,16126,65.8
1785432235.957,17:23:55,timeslice,5,96.8,10743,16126,66.6
1785432235.957,17:23:55,timeslice,6,97.0,10744,16126,66.6
1785432235.957,17:23:55,timeslice,7,98.3,10603,16126,65.8
1785432236.958,17:23:56,timeslice,0,99.7,8542,16126,53.0
1785432236.958,17:23:56,timeslice,1,100.0,8462,16126,52.5
1785432236.958,17:23:56,timeslice,2,100.0,8670,16126,53.8
1785432236.958,17:23:56,timeslice,3,99.9,8575,16126,53.2
1785432236.958,17:23:56,timeslice,4,100.0,8558,16126,53.1
1785432236.958,17:23:56,timeslice,5,100.0,8670,16126,53.8
1785432236.958,17:23:56,timeslice,6,100.0,8656,16126,53.7
1785432236.958,17:23:56,timeslice,7,99.7,8478,16126,52.6
1785432237.958,17:23:57,timeslice,0,99.7,8542,16126,53.0
1785432237.958,17:23:57,timeslice,1,100.0,8462,16126,52.5
1785432237.958,17:23:57,timeslice,2,100.0,8670,16126,53.8
1785432237.958,17:23:57,timeslice,3,99.9,8575,16126,53.2
1785432237.958,17:23:57,timeslice,4,100.0,8558,16126,53.1
1785432237.958,17:23:57,timeslice,5,100.0,8670,16126,53.8
1785432237.958,17:23:57,timeslice,6,100.0,8656,16126,53.7
1785432237.958,17:23:57,timeslice,7,99.7,8478,16126,52.6
1785432238.958,17:23:58,timeslice,0,99.7,8542,16126,53.0
1785432238.958,17:23:58,timeslice,1,100.0,8462,16126,52.5
1785432238.958,17:23:58,timeslice,2,100.0,8670,16126,53.8
1785432238.958,17:23:58,timeslice,3,99.9,8575,16126,53.2
1785432238.958,17:23:58,timeslice,4,100.0,8558,16126,53.1
1785432238.958,17:23:58,timeslice,5,100.0,8670,16126,53.8
1785432238.958,17:23:58,timeslice,6,100.0,8656,16126,53.7
1785432238.958,17:23:58,timeslice,7,99.7,8478,16126,52.6
1785432239.958,17:23:59,timeslice,0,99.7,8542,16126,53.0
1785432239.958,17:23:59,timeslice,1,100.0,8462,16126,52.5
1785432239.958,17:23:59,timeslice,2,100.0,8670,16126,53.8
1785432239.958,17:23:59,timeslice,3,99.9,8575,16126,53.2
1785432239.958,17:23:59,timeslice,4,100.0,8558,16126,53.1
1785432239.958,17:23:59,timeslice,5,100.0,8670,16126,53.8
1785432239.958,17:23:59,timeslice,6,100.0,8656,16126,53.7
1785432239.958,17:23:59,timeslice,7,99.7,8478,16126,52.6
1785432240.958,17:24:00,timeslice,0,99.7,8542,16126,53.0
1785432240.958,17:24:00,timeslice,1,100.0,8462,16126,52.5
1785432240.958,17:24:00,timeslice,2,100.0,8670,16126,53.8
1785432240.958,17:24:00,timeslice,3,99.9,8575,16126,53.2
1785432240.958,17:24:00,timeslice,4,100.0,8558,16126,53.1
1785432240.958,17:24:00,timeslice,5,100.0,8670,16126,53.8
1785432240.958,17:24:00,timeslice,6,100.0,8656,16126,53.7
1785432240.958,17:24:00,timeslice,7,99.7,8478,16126,52.6
1785432241.958,17:24:01,timeslice,0,98.1,10743,16126,66.6
1785432241.958,17:24:01,timeslice,1,97.8,10604,16126,65.8
1785432241.958,17:24:01,timeslice,2,98.2,10743,16126,66.6
1785432241.958,17:24:01,timeslice,3,98.4,10743,16126,66.6
1785432241.958,17:24:01,timeslice,4,98.5,10604,16126,65.8
1785432241.958,17:24:01,timeslice,5,98.2,10743,16126,66.6
1785432241.958,17:24:01,timeslice,6,98.7,10744,16126,66.6
1785432241.958,17:24:01,timeslice,7,98.2,10604,16126,65.8
1785432242.958,17:24:02,timeslice,0,98.1,10743,16126,66.6
1785432242.958,17:24:02,timeslice,1,97.8,10604,16126,65.8
1785432242.958,17:24:02,timeslice,2,98.2,10743,16126,66.6
1785432242.958,17:24:02,timeslice,3,98.4,10743,16126,66.6
1785432242.958,17:24:02,timeslice,4,98.5,10604,16126,65.8
1785432242.958,17:24:02,timeslice,5,98.2,10743,16126,66.6
1785432242.958,17:24:02,timeslice,6,98.7,10744,16126,66.6
1785432242.958,17:24:02,timeslice,7,98.2,10604,16126,65.8
1785432243.958,17:24:03,timeslice,0,98.1,10743,16126,66.6
1785432243.958,17:24:03,timeslice,1,97.8,10604,16126,65.8
1785432243.958,17:24:03,timeslice,2,98.2,10743,16126,66.6
1785432243.958,17:24:03,timeslice,3,98.4,10743,16126,66.6
1785432243.958,17:24:03,timeslice,4,98.5,10604,16126,65.8
1785432243.958,17:24:03,timeslice,5,98.2,10743,16126,66.6
1785432243.958,17:24:03,timeslice,6,98.7,10744,16126,66.6
1785432243.958,17:24:03,timeslice,7,98.2,10604,16126,65.8
1785432244.958,17:24:04,timeslice,0,98.1,10743,16126,66.6
1785432244.958,17:24:04,timeslice,1,97.8,10604,16126,65.8
1785432244.958,17:24:04,timeslice,2,98.2,10743,16126,66.6
1785432244.958,17:24:04,timeslice,3,98.4,10743,16126,66.6
1785432244.958,17:24:04,timeslice,4,98.5,10604,16126,65.8
1785432244.958,17:24:04,timeslice,5,98.2,10743,16126,66.6
1785432244.958,17:24:04,timeslice,6,98.7,10744,16126,66.6
1785432244.958,17:24:04,timeslice,7,98.2,10604,16126,65.8
1785432245.959,17:24:05,timeslice,0,98.1,10743,16126,66.6
1785432245.959,17:24:05,timeslice,1,97.8,10604,16126,65.8
1785432245.959,17:24:05,timeslice,2,98.2,10743,16126,66.6
1785432245.959,17:24:05,timeslice,3,98.4,10743,16126,66.6
1785432245.959,17:24:05,timeslice,4,98.5,10604,16126,65.8
1785432245.959,17:24:05,timeslice,5,98.2,10743,16126,66.6
1785432245.959,17:24:05,timeslice,6,98.7,10744,16126,66.6
1785432245.959,17:24:05,timeslice,7,98.2,10604,16126,65.8
1785432246.959,17:24:06,timeslice,0,99.1,8718,16126,54.1
1785432246.959,17:24:06,timeslice,1,99.7,8654,16126,53.7
1785432246.959,17:24:06,timeslice,2,99.4,8591,16126,53.3
1785432246.959,17:24:06,timeslice,3,98.7,8782,16126,54.5
1785432246.959,17:24:06,timeslice,4,99.6,8542,16126,53.0
1785432246.959,17:24:06,timeslice,5,99.5,8591,16126,53.3
1785432246.959,17:24:06,timeslice,6,99.5,8561,16126,53.1
1785432246.959,17:24:06,timeslice,7,98.8,8622,16126,53.5
1785432247.959,17:24:07,timeslice,0,99.1,8718,16126,54.1
1785432247.959,17:24:07,timeslice,1,99.7,8654,16126,53.7
1785432247.959,17:24:07,timeslice,2,99.4,8591,16126,53.3
1785432247.959,17:24:07,timeslice,3,98.7,8782,16126,54.5
1785432247.959,17:24:07,timeslice,4,99.6,8542,16126,53.0
1785432247.959,17:24:07,timeslice,5,99.5,8591,16126,53.3
1785432247.959,17:24:07,timeslice,6,99.5,8561,16126,53.1
1785432247.959,17:24:07,timeslice,7,98.8,8622,16126,53.5
1785432248.959,17:24:08,timeslice,0,99.1,8718,16126,54.1
1785432248.959,17:24:08,timeslice,1,99.7,8654,16126,53.7
1785432248.959,17:24:08,timeslice,2,99.4,8591,16126,53.3
1785432248.959,17:24:08,timeslice,3,98.7,8782,16126,54.5
1785432248.959,17:24:08,timeslice,4,99.6,8542,16126,53.0
1785432248.959,17:24:08,timeslice,5,99.5,8591,16126,53.3
1785432248.959,17:24:08,timeslice,6,99.5,8561,16126,53.1
1785432248.959,17:24:08,timeslice,7,98.8,8622,16126,53.5
1785432249.959,17:24:09,timeslice,0,99.1,8718,16126,54.1
1785432249.959,17:24:09,timeslice,1,99.7,8654,16126,53.7
1785432249.959,17:24:09,timeslice,2,99.4,8591,16126,53.3
1785432249.959,17:24:09,timeslice,3,98.7,8782,16126,54.5
1785432249.959,17:24:09,timeslice,4,99.6,8542,16126,53.0
1785432249.959,17:24:09,timeslice,5,99.5,8591,16126,53.3
1785432249.959,17:24:09,timeslice,6,99.5,8561,16126,53.1
1785432249.959,17:24:09,timeslice,7,98.8,8622,16126,53.5
1785432250.959,17:24:10,timeslice,0,99.1,8718,16126,54.1
1785432250.959,17:24:10,timeslice,1,99.7,8654,16126,53.7
1785432250.959,17:24:10,timeslice,2,99.4,8591,16126,53.3
1785432250.959,17:24:10,timeslice,3,98.7,8782,16126,54.5
1785432250.959,17:24:10,timeslice,4,99.6,8542,16126,53.0
1785432250.959,17:24:10,timeslice,5,99.5,8591,16126,53.3
1785432250.959,17:24:10,timeslice,6,99.5,8561,16126,53.1
1785432250.959,17:24:10,timeslice,7,98.8,8622,16126,53.5
1785432251.959,17:24:11,timeslice,0,96.4,10604,16126,65.8
1785432251.959,17:24:11,timeslice,1,98.5,10683,16126,66.2
1785432251.959,17:24:11,timeslice,2,98.2,10604,16126,65.8
1785432251.959,17:24:11,timeslice,3,96.6,10604,16126,65.8
1785432251.959,17:24:11,timeslice,4,98.8,10683,16126,66.2
1785432251.959,17:24:11,timeslice,5,98.6,10603,16126,65.8
1785432251.959,17:24:11,timeslice,6,98.8,10605,16126,65.8
1785432251.959,17:24:11,timeslice,7,96.4,10683,16126,66.2
1785432252.959,17:24:12,timeslice,0,96.4,10604,16126,65.8
1785432252.959,17:24:12,timeslice,1,98.5,10683,16126,66.2
1785432252.959,17:24:12,timeslice,2,98.2,10604,16126,65.8
1785432252.959,17:24:12,timeslice,3,96.6,10604,16126,65.8
1785432252.959,17:24:12,timeslice,4,98.8,10683,16126,66.2
1785432252.959,17:24:12,timeslice,5,98.6,10603,16126,65.8
1785432252.959,17:24:12,timeslice,6,98.8,10605,16126,65.8
1785432252.959,17:24:12,timeslice,7,96.4,10683,16126,66.2
1785432253.959,17:24:13,timeslice,0,96.4,10604,16126,65.8
1785432253.959,17:24:13,timeslice,1,98.5,10683,16126,66.2
1785432253.959,17:24:13,timeslice,2,98.2,10604,16126,65.8
1785432253.959,17:24:13,timeslice,3,96.6,10604,16126,65.8
1785432253.959,17:24:13,timeslice,4,98.8,10683,16126,66.2
1785432253.959,17:24:13,timeslice,5,98.6,10603,16126,65.8
1785432253.959,17:24:13,timeslice,6,98.8,10605,16126,65.8
1785432253.959,17:24:13,timeslice,7,96.4,10683,16126,66.2
1785432254.96,17:24:14,timeslice,0,96.4,10604,16126,65.8
1785432254.96,17:24:14,timeslice,1,98.5,10683,16126,66.2
1785432254.96,17:24:14,timeslice,2,98.2,10604,16126,65.8
1785432254.96,17:24:14,timeslice,3,96.6,10604,16126,65.8
1785432254.96,17:24:14,timeslice,4,98.8,10683,16126,66.2
1785432254.96,17:24:14,timeslice,5,98.6,10603,16126,65.8
1785432254.96,17:24:14,timeslice,6,98.8,10605,16126,65.8
1785432254.96,17:24:14,timeslice,7,96.4,10683,16126,66.2
1785432255.96,17:24:15,timeslice,0,96.4,10604,16126,65.8
1785432255.96,17:24:15,timeslice,1,98.5,10683,16126,66.2
1785432255.96,17:24:15,timeslice,2,98.2,10604,16126,65.8
1785432255.96,17:24:15,timeslice,3,96.6,10604,16126,65.8
1785432255.96,17:24:15,timeslice,4,98.8,10683,16126,66.2
1785432255.96,17:24:15,timeslice,5,98.6,10603,16126,65.8
1785432255.96,17:24:15,timeslice,6,98.8,10605,16126,65.8
1785432255.96,17:24:15,timeslice,7,96.4,10683,16126,66.2
1785432256.96,17:24:16,timeslice,0,100.0,8494,16126,52.7
1785432256.96,17:24:16,timeslice,1,97.1,10743,16126,66.6
1785432256.96,17:24:16,timeslice,2,96.9,8606,16126,53.4
1785432256.96,17:24:16,timeslice,3,100.0,8462,16126,52.5
1785432256.96,17:24:16,timeslice,4,97.3,10743,16126,66.6
1785432256.96,17:24:16,timeslice,5,97.2,8590,16126,53.3
1785432256.96,17:24:16,timeslice,6,97.1,8560,16126,53.1
1785432256.96,17:24:16,timeslice,7,100.0,10743,16126,66.6
1785432257.96,17:24:17,timeslice,0,100.0,8494,16126,52.7
1785432257.96,17:24:17,timeslice,1,97.1,10743,16126,66.6
1785432257.96,17:24:17,timeslice,2,96.9,8606,16126,53.4
1785432257.96,17:24:17,timeslice,3,100.0,8462,16126,52.5
1785432257.96,17:24:17,timeslice,4,97.3,10743,16126,66.6
1785432257.96,17:24:17,timeslice,5,97.2,8590,16126,53.3
1785432257.96,17:24:17,timeslice,6,97.1,8560,16126,53.1
1785432257.96,17:24:17,timeslice,7,100.0,10743,16126,66.6
1785432258.96,17:24:18,timeslice,0,100.0,8494,16126,52.7
1785432258.96,17:24:18,timeslice,1,97.1,10743,16126,66.6
1785432258.96,17:24:18,timeslice,2,96.9,8606,16126,53.4
1785432258.96,17:24:18,timeslice,3,100.0,8462,16126,52.5
1785432258.96,17:24:18,timeslice,4,97.3,10743,16126,66.6
1785432258.96,17:24:18,timeslice,5,97.2,8590,16126,53.3
1785432258.96,17:24:18,timeslice,6,97.1,8560,16126,53.1
1785432258.96,17:24:18,timeslice,7,100.0,10743,16126,66.6
1785432259.96,17:24:19,timeslice,0,100.0,8494,16126,52.7
1785432259.96,17:24:19,timeslice,1,97.1,10743,16126,66.6
1785432259.96,17:24:19,timeslice,2,96.9,8606,16126,53.4
1785432259.96,17:24:19,timeslice,3,100.0,8462,16126,52.5
1785432259.96,17:24:19,timeslice,4,97.3,10743,16126,66.6
1785432259.96,17:24:19,timeslice,5,97.2,8590,16126,53.3
1785432259.96,17:24:19,timeslice,6,97.1,8560,16126,53.1
1785432259.96,17:24:19,timeslice,7,100.0,10743,16126,66.6
1785432260.96,17:24:20,timeslice,0,100.0,8494,16126,52.7
1785432260.96,17:24:20,timeslice,1,97.1,10743,16126,66.6
1785432260.96,17:24:20,timeslice,2,96.9,8606,16126,53.4
1785432260.96,17:24:20,timeslice,3,100.0,8462,16126,52.5
1785432260.96,17:24:20,timeslice,4,97.3,10743,16126,66.6
1785432260.96,17:24:20,timeslice,5,97.2,8590,16126,53.3
1785432260.96,17:24:20,timeslice,6,97.1,8560,16126,53.1
1785432260.96,17:24:20,timeslice,7,100.0,10743,16126,66.6
1785432261.96,17:24:21,timeslice,0,98.0,10604,16126,65.8
1785432261.96,17:24:21,timeslice,1,99.8,8575,16126,53.2
1785432261.96,17:24:21,timeslice,2,99.7,10604,16126,65.8
1785432261.96,17:24:21,timeslice,3,98.1,10604,16126,65.8
1785432261.96,17:24:21,timeslice,4,100.0,8575,16126,53.2
1785432261.96,17:24:21,timeslice,5,100.0,10603,16126,65.8
1785432261.96,17:24:21,timeslice,6,99.7,10605,16126,65.8
1785432261.96,17:24:21,timeslice,7,98.0,8542,16126,53.0
1785432262.96,17:24:22,timeslice,0,98.0,10604,16126,65.8
1785432262.96,17:24:22,timeslice,1,99.8,8575,16126,53.2
1785432262.96,17:24:22,timeslice,2,99.7,10604,16126,65.8
1785432262.96,17:24:22,timeslice,3,98.1,10604,16126,65.8
1785432262.96,17:24:22,timeslice,4,100.0,8575,16126,53.2
1785432262.96,17:24:22,timeslice,5,100.0,10603,16126,65.8
1785432262.96,17:24:22,timeslice,6,99.7,10605,16126,65.8
1785432262.96,17:24:22,timeslice,7,98.0,8542,16126,53.0
1785432263.961,17:24:23,timeslice,0,98.0,10604,16126,65.8
1785432263.961,17:24:23,timeslice,1,99.8,8575,16126,53.2
1785432263.961,17:24:23,timeslice,2,99.7,10604,16126,65.8
1785432263.961,17:24:23,timeslice,3,98.1,10604,16126,65.8
1785432263.961,17:24:23,timeslice,4,100.0,8575,16126,53.2
1785432263.961,17:24:23,timeslice,5,100.0,10603,16126,65.8
1785432263.961,17:24:23,timeslice,6,99.7,10605,16126,65.8
1785432263.961,17:24:23,timeslice,7,98.0,8542,16126,53.0
1785432264.961,17:24:24,timeslice,0,98.0,10604,16126,65.8
1785432264.961,17:24:24,timeslice,1,99.8,8575,16126,53.2
1785432264.961,17:24:24,timeslice,2,99.7,10604,16126,65.8
1785432264.961,17:24:24,timeslice,3,98.1,10604,16126,65.8
1785432264.961,17:24:24,timeslice,4,100.0,8575,16126,53.2
1785432264.961,17:24:24,timeslice,5,100.0,10603,16126,65.8
1785432264.961,17:24:24,timeslice,6,99.7,10605,16126,65.8
1785432264.961,17:24:24,timeslice,7,98.0,8542,16126,53.0
1785432265.961,17:24:25,timeslice,0,98.0,10604,16126,65.8
1785432265.961,17:24:25,timeslice,1,99.8,8575,16126,53.2
1785432265.961,17:24:25,timeslice,2,99.7,10604,16126,65.8
1785432265.961,17:24:25,timeslice,3,98.1,10604,16126,65.8
1785432265.961,17:24:25,timeslice,4,100.0,8575,16126,53.2
1785432265.961,17:24:25,timeslice,5,100.0,10603,16126,65.8
1785432265.961,17:24:25,timeslice,6,99.7,10605,16126,65.8
1785432265.961,17:24:25,timeslice,7,98.0,8542,16126,53.0
1785432266.961,17:24:26,timeslice,0,99.5,8446,16126,52.4
1785432266.961,17:24:26,timeslice,1,98.1,10743,16126,66.6
1785432266.961,17:24:26,timeslice,2,98.0,8575,16126,53.2
1785432266.961,17:24:26,timeslice,3,99.5,8446,16126,52.4
1785432266.961,17:24:26,timeslice,4,98.7,10743,16126,66.6
1785432266.961,17:24:26,timeslice,5,98.4,8575,16126,53.2
1785432266.961,17:24:26,timeslice,6,97.9,8576,16126,53.2
1785432266.961,17:24:26,timeslice,7,99.4,10743,16126,66.6
1785432267.961,17:24:27,timeslice,0,99.5,8446,16126,52.4
1785432267.961,17:24:27,timeslice,1,98.1,10743,16126,66.6
1785432267.961,17:24:27,timeslice,2,98.0,8575,16126,53.2
1785432267.961,17:24:27,timeslice,3,99.5,8446,16126,52.4
1785432267.961,17:24:27,timeslice,4,98.7,10743,16126,66.6
1785432267.961,17:24:27,timeslice,5,98.4,8575,16126,53.2
1785432267.961,17:24:27,timeslice,6,97.9,8576,16126,53.2
1785432267.961,17:24:27,timeslice,7,99.4,10743,16126,66.6
1785432268.961,17:24:28,timeslice,0,99.5,8446,16126,52.4
1785432268.961,17:24:28,timeslice,1,98.1,10743,16126,66.6
1785432268.961,17:24:28,timeslice,2,98.0,8575,16126,53.2
1785432268.961,17:24:28,timeslice,3,99.5,8446,16126,52.4
1785432268.961,17:24:28,timeslice,4,98.7,10743,16126,66.6
1785432268.961,17:24:28,timeslice,5,98.4,8575,16126,53.2
1785432268.961,17:24:28,timeslice,6,97.9,8576,16126,53.2
1785432268.961,17:24:28,timeslice,7,99.4,10743,16126,66.6
1785432269.961,17:24:29,timeslice,0,99.5,8446,16126,52.4
1785432269.961,17:24:29,timeslice,1,98.1,10743,16126,66.6
1785432269.961,17:24:29,timeslice,2,98.0,8575,16126,53.2
1785432269.961,17:24:29,timeslice,3,99.5,8446,16126,52.4
1785432269.961,17:24:29,timeslice,4,98.7,10743,16126,66.6
1785432269.961,17:24:29,timeslice,5,98.4,8575,16126,53.2
1785432269.961,17:24:29,timeslice,6,97.9,8576,16126,53.2
1785432269.961,17:24:29,timeslice,7,99.4,10743,16126,66.6
1785432270.961,17:24:30,timeslice,0,99.5,8446,16126,52.4
1785432270.961,17:24:30,timeslice,1,98.1,10743,16126,66.6
1785432270.961,17:24:30,timeslice,2,98.0,8575,16126,53.2
1785432270.961,17:24:30,timeslice,3,99.5,8446,16126,52.4
1785432270.961,17:24:30,timeslice,4,98.7,10743,16126,66.6
1785432270.961,17:24:30,timeslice,5,98.4,8575,16126,53.2
1785432270.961,17:24:30,timeslice,6,97.9,8576,16126,53.2
1785432270.961,17:24:30,timeslice,7,99.4,10743,16126,66.6
1785432271.961,17:24:31,timeslice,0,98.4,10603,16126,65.8
1785432271.961,17:24:31,timeslice,1,99.0,8686,16126,53.9
1785432271.961,17:24:31,timeslice,2,98.6,10603,16126,65.8
1785432271.961,17:24:31,timeslice,3,98.1,10603,16126,65.8
1785432271.961,17:24:31,timeslice,4,99.4,8686,16126,53.9
1785432271.961,17:24:31,timeslice,5,98.8,10603,16126,65.8
1785432271.961,17:24:31,timeslice,6,99.0,10605,16126,65.8
1785432271.961,17:24:31,timeslice,7,98.2,8718,16126,54.1
1785432272.962,17:24:32,timeslice,0,98.4,10603,16126,65.8
1785432272.962,17:24:32,timeslice,1,99.0,8686,16126,53.9
1785432272.962,17:24:32,timeslice,2,98.6,10603,16126,65.8
1785432272.962,17:24:32,timeslice,3,98.1,10603,16126,65.8
1785432272.962,17:24:32,timeslice,4,99.4,8686,16126,53.9
1785432272.962,17:24:32,timeslice,5,98.8,10603,16126,65.8
1785432272.962,17:24:32,timeslice,6,99.0,10605,16126,65.8
1785432272.962,17:24:32,timeslice,7,98.2,8718,16126,54.1
1785432273.962,17:24:33,timeslice,0,98.4,10603,16126,65.8
1785432273.962,17:24:33,timeslice,1,99.0,8686,16126,53.9
1785432273.962,17:24:33,timeslice,2,98.6,10603,16126,65.8
1785432273.962,17:24:33,timeslice,3,98.1,10603,16126,65.8
1785432273.962,17:24:33,timeslice,4,99.4,8686,16126,53.9
1785432273.962,17:24:33,timeslice,5,98.8,10603,16126,65.8
1785432273.962,17:24:33,timeslice,6,99.0,10605,16126,65.8
1785432273.962,17:24:33,timeslice,7,98.2,8718,16126,54.1
1785432274.962,17:24:34,timeslice,0,98.4,10603,16126,65.8
1785432274.962,17:24:34,timeslice,1,99.0,8686,16126,53.9
1785432274.962,17:24:34,timeslice,2,98.6,10603,16126,65.8
1785432274.962,17:24:34,timeslice,3,98.1,10603,16126,65.8
1785432274.962,17:24:34,timeslice,4,99.4,8686,16126,53.9
1785432274.962,17:24:34,timeslice,5,98.8,10603,16126,65.8
1785432274.962,17:24:34,timeslice,6,99.0,10605,16126,65.8
1785432274.962,17:24:34,timeslice,7,98.2,8718,16126,54.1
1785432275.962,17:24:35,timeslice,0,98.4,10603,16126,65.8
1785432275.962,17:24:35,timeslice,1,99.0,8686,16126,53.9
1785432275.962,17:24:35,timeslice,2,98.6,10603,16126,65.8
1785432275.962,17:24:35,timeslice,3,98.1,10603,16126,65.8
1785432275.962,17:24:35,timeslice,4,99.4,8686,16126,53.9
1785432275.962,17:24:35,timeslice,5,98.8,10603,16126,65.8
1785432275.962,17:24:35,timeslice,6,99.0,10605,16126,65.8
1785432275.962,17:24:35,timeslice,7,98.2,8718,16126,54.1
1785432276.962,17:24:36,timeslice,0,97.0,10743,16126,66.6
1785432276.962,17:24:36,timeslice,1,96.4,10604,16126,65.8
1785432276.962,17:24:36,timeslice,2,96.2,10743,16126,66.6
1785432276.962,17:24:36,timeslice,3,97.0,10743,16126,66.6
1785432276.962,17:24:36,timeslice,4,96.5,10604,16126,65.8
1785432276.962,17:24:36,timeslice,5,96.2,10743,16126,66.6
1785432276.962,17:24:36,timeslice,6,96.3,10744,16126,66.6
1785432276.962,17:24:36,timeslice,7,97.1,10604,16126,65.8
1785432277.962,17:24:37,timeslice,0,97.0,10743,16126,66.6
1785432277.962,17:24:37,timeslice,1,96.4,10604,16126,65.8
1785432277.962,17:24:37,timeslice,2,96.2,10743,16126,66.6
1785432277.962,17:24:37,timeslice,3,97.0,10743,16126,66.6
1785432277.962,17:24:37,timeslice,4,96.5,10604,16126,65.8
1785432277.962,17:24:37,timeslice,5,96.2,10743,16126,66.6
1785432277.962,17:24:37,timeslice,6,96.3,10744,16126,66.6
1785432277.962,17:24:37,timeslice,7,97.1,10604,16126,65.8
1785432278.962,17:24:38,timeslice,0,97.0,10743,16126,66.6
1785432278.962,17:24:38,timeslice,1,96.4,10604,16126,65.8
1785432278.962,17:24:38,timeslice,2,96.2,10743,16126,66.6
1785432278.962,17:24:38,timeslice,3,97.0,10743,16126,66.6
1785432278.962,17:24:38,timeslice,4,96.5,10604,16126,65.8
1785432278.962,17:24:38,timeslice,5,96.2,10743,16126,66.6
1785432278.962,17:24:38,timeslice,6,96.3,10744,16126,66.6
1785432278.962,17:24:38,timeslice,7,97.1,10604,16126,65.8
1785432279.962,17:24:39,timeslice,0,97.0,10743,16126,66.6
1785432279.962,17:24:39,timeslice,1,96.4,10604,16126,65.8
1785432279.962,17:24:39,timeslice,2,96.2,10743,16126,66.6
1785432279.962,17:24:39,timeslice,3,97.0,10743,16126,66.6
1785432279.962,17:24:39,timeslice,4,96.5,10604,16126,65.8
1785432279.962,17:24:39,timeslice,5,96.2,10743,16126,66.6
1785432279.962,17:24:39,timeslice,6,96.3,10744,16126,66.6
1785432279.962,17:24:39,timeslice,7,97.1,10604,16126,65.8
1785432280.962,17:24:40,timeslice,0,97.0,10743,16126,66.6
1785432280.962,17:24:40,timeslice,1,96.4,10604,16126,65.8
1785432280.962,17:24:40,timeslice,2,96.2,10743,16126,66.6
1785432280.962,17:24:40,timeslice,3,97.0,10743,16126,66.6
1785432280.962,17:24:40,timeslice,4,96.5,10604,16126,65.8
1785432280.962,17:24:40,timeslice,5,96.2,10743,16126,66.6
1785432280.962,17:24:40,timeslice,6,96.3,10744,16126,66.6
1785432280.962,17:24:40,timeslice,7,97.1,10604,16126,65.8
1785432281.963,17:24:41,timeslice,0,100.0,8510,16126,52.8
1785432281.963,17:24:41,timeslice,1,100.0,8559,16126,53.1
1785432281.963,17:24:41,timeslice,2,100.0,8558,16126,53.1
1785432281.963,17:24:41,timeslice,3,100.0,8510,16126,52.8
1785432281.963,17:24:41,timeslice,4,100.0,8527,16126,52.9
1785432281.963,17:24:41,timeslice,5,100.0,8462,16126,52.5
1785432281.963,17:24:41,timeslice,6,100.0,8464,16126,52.5
1785432281.963,17:24:41,timeslice,7,100.0,8510,16126,52.8
1785432282.963,17:24:42,timeslice,0,100.0,8510,16126,52.8
1785432282.963,17:24:42,timeslice,1,100.0,8559,16126,53.1
1785432282.963,17:24:42,timeslice,2,100.0,8558,16126,53.1
1785432282.963,17:24:42,timeslice,3,100.0,8510,16126,52.8
1785432282.963,17:24:42,timeslice,4,100.0,8527,16126,52.9
1785432282.963,17:24:42,timeslice,5,100.0,8462,16126,52.5
1785432282.963,17:24:42,timeslice,6,100.0,8464,16126,52.5
1785432282.963,17:24:42,timeslice,7,100.0,8510,16126,52.8
1785432283.963,17:24:43,timeslice,0,100.0,8510,16126,52.8
1785432283.963,17:24:43,timeslice,1,100.0,8559,16126,53.1
1785432283.963,17:24:43,timeslice,2,100.0,8558,16126,53.1
1785432283.963,17:24:43,timeslice,3,100.0,8510,16126,52.8
1785432283.963,17:24:43,timeslice,4,100.0,8527,16126,52.9
1785432283.963,17:24:43,timeslice,5,100.0,8462,16126,52.5
1785432283.963,17:24:43,timeslice,6,100.0,8464,16126,52.5
1785432283.963,17:24:43,timeslice,7,100.0,8510,16126,52.8
1785432284.963,17:24:44,timeslice,0,100.0,8510,16126,52.8
1785432284.963,17:24:44,timeslice,1,100.0,8559,16126,53.1
1785432284.963,17:24:44,timeslice,2,100.0,8558,16126,53.1
1785432284.963,17:24:44,timeslice,3,100.0,8510,16126,52.8
1785432284.963,17:24:44,timeslice,4,100.0,8527,16126,52.9
1785432284.963,17:24:44,timeslice,5,100.0,8462,16126,52.5
1785432284.963,17:24:44,timeslice,6,100.0,8464,16126,52.5
1785432284.963,17:24:44,timeslice,7,100.0,8510,16126,52.8
1785432285.963,17:24:45,timeslice,0,100.0,8510,16126,52.8
1785432285.963,17:24:45,timeslice,1,100.0,8559,16126,53.1
1785432285.963,17:24:45,timeslice,2,100.0,8558,16126,53.1
1785432285.963,17:24:45,timeslice,3,100.0,8510,16126,52.8
1785432285.963,17:24:45,timeslice,4,100.0,8527,16126,52.9
1785432285.963,17:24:45,timeslice,5,100.0,8462,16126,52.5
1785432285.963,17:24:45,timeslice,6,100.0,8464,16126,52.5
1785432285.963,17:24:45,timeslice,7,100.0,8510,16126,52.8
1785432286.963,17:24:46,timeslice,0,98.2,10743,16126,66.6
1785432286.963,17:24:46,timeslice,1,98.4,10604,16126,65.8
1785432286.963,17:24:46,timeslice,2,97.8,10743,16126,66.6
1785432286.963,17:24:46,timeslice,3,98.0,10743,16126,66.6
1785432286.963,17:24:46,timeslice,4,98.9,10604,16126,65.8
1785432286.963,17:24:46,timeslice,5,98.2,10743,16126,66.6
1785432286.963,17:24:46,timeslice,6,98.3,10744,16126,66.6
1785432286.963,17:24:46,timeslice,7,98.4,10604,16126,65.8
1785432287.963,17:24:47,timeslice,0,98.2,10743,16126,66.6
1785432287.963,17:24:47,timeslice,1,98.4,10604,16126,65.8
1785432287.963,17:24:47,timeslice,2,97.8,10743,16126,66.6
1785432287.963,17:24:47,timeslice,3,98.0,10743,16126,66.6
1785432287.963,17:24:47,timeslice,4,98.9,10604,16126,65.8
1785432287.963,17:24:47,timeslice,5,98.2,10743,16126,66.6
1785432287.963,17:24:47,timeslice,6,98.3,10744,16126,66.6
1785432287.963,17:24:47,timeslice,7,98.4,10604,16126,65.8
1785432288.963,17:24:48,timeslice,0,98.2,10743,16126,66.6
1785432288.963,17:24:48,timeslice,1,98.4,10604,16126,65.8
1785432288.963,17:24:48,timeslice,2,97.8,10743,16126,66.6
1785432288.963,17:24:48,timeslice,3,98.0,10743,16126,66.6
1785432288.963,17:24:48,timeslice,4,98.9,10604,16126,65.8
1785432288.963,17:24:48,timeslice,5,98.2,10743,16126,66.6
1785432288.963,17:24:48,timeslice,6,98.3,10744,16126,66.6
1785432288.963,17:24:48,timeslice,7,98.4,10604,16126,65.8
1785432289.964,17:24:49,timeslice,0,98.2,10743,16126,66.6
1785432289.964,17:24:49,timeslice,1,98.4,10604,16126,65.8
1785432289.964,17:24:49,timeslice,2,97.8,10743,16126,66.6
1785432289.964,17:24:49,timeslice,3,98.0,10743,16126,66.6
1785432289.964,17:24:49,timeslice,4,98.9,10604,16126,65.8
1785432289.964,17:24:49,timeslice,5,98.2,10743,16126,66.6
1785432289.964,17:24:49,timeslice,6,98.3,10744,16126,66.6
1785432289.964,17:24:49,timeslice,7,98.4,10604,16126,65.8
1785432290.964,17:24:50,timeslice,0,98.2,10743,16126,66.6
1785432290.964,17:24:50,timeslice,1,98.4,10604,16126,65.8
1785432290.964,17:24:50,timeslice,2,97.8,10743,16126,66.6
1785432290.964,17:24:50,timeslice,3,98.0,10743,16126,66.6
1785432290.964,17:24:50,timeslice,4,98.9,10604,16126,65.8
1785432290.964,17:24:50,timeslice,5,98.2,10743,16126,66.6
1785432290.964,17:24:50,timeslice,6,98.3,10744,16126,66.6
1785432290.964,17:24:50,timeslice,7,98.4,10604,16126,65.8
1785432291.964,17:24:51,timeslice,0,93.9,10743,16126,66.6
1785432291.964,17:24:51,timeslice,1,94.4,10603,16126,65.8
1785432291.964,17:24:51,timeslice,2,94.0,10743,16126,66.6
1785432291.964,17:24:51,timeslice,3,93.8,10743,16126,66.6
1785432291.964,17:24:51,timeslice,4,94.3,10603,16126,65.8
1785432291.964,17:24:51,timeslice,5,93.9,10743,16126,66.6
1785432291.964,17:24:51,timeslice,6,93.9,10744,16126,66.6
1785432291.964,17:24:51,timeslice,7,94.0,10603,16126,65.8
1785432292.964,17:24:52,timeslice,0,93.9,10743,16126,66.6
1785432292.964,17:24:52,timeslice,1,94.4,10603,16126,65.8
1785432292.964,17:24:52,timeslice,2,94.0,10743,16126,66.6
1785432292.964,17:24:52,timeslice,3,93.8,10743,16126,66.6
1785432292.964,17:24:52,timeslice,4,94.3,10603,16126,65.8
1785432292.964,17:24:52,timeslice,5,93.9,10743,16126,66.6
1785432292.964,17:24:52,timeslice,6,93.9,10744,16126,66.6
1785432292.964,17:24:52,timeslice,7,94.0,10603,16126,65.8
1785432293.965,17:24:53,timeslice,0,93.9,10743,16126,66.6
1785432293.965,17:24:53,timeslice,1,94.4,10603,16126,65.8
1785432293.965,17:24:53,timeslice,2,94.0,10743,16126,66.6
1785432293.965,17:24:53,timeslice,3,93.8,10743,16126,66.6
1785432293.965,17:24:53,timeslice,4,94.3,10603,16126,65.8
1785432293.965,17:24:53,timeslice,5,93.9,10743,16126,66.6
1785432293.965,17:24:53,timeslice,6,93.9,10744,16126,66.6
1785432293.965,17:24:53,timeslice,7,94.0,10603,16126,65.8
1785432294.965,17:24:54,timeslice,0,93.9,10743,16126,66.6
1785432294.965,17:24:54,timeslice,1,94.4,10603,16126,65.8
1785432294.965,17:24:54,timeslice,2,94.0,10743,16126,66.6
1785432294.965,17:24:54,timeslice,3,93.8,10743,16126,66.6
1785432294.965,17:24:54,timeslice,4,94.3,10603,16126,65.8
1785432294.965,17:24:54,timeslice,5,93.9,10743,16126,66.6
1785432294.965,17:24:54,timeslice,6,93.9,10744,16126,66.6
1785432294.965,17:24:54,timeslice,7,94.0,10603,16126,65.8
1785432295.965,17:24:55,timeslice,0,93.9,10743,16126,66.6
1785432295.965,17:24:55,timeslice,1,94.4,10603,16126,65.8
1785432295.965,17:24:55,timeslice,2,94.0,10743,16126,66.6
1785432295.965,17:24:55,timeslice,3,93.8,10743,16126,66.6
1785432295.965,17:24:55,timeslice,4,94.3,10603,16126,65.8
1785432295.965,17:24:55,timeslice,5,93.9,10743,16126,66.6
1785432295.965,17:24:55,timeslice,6,93.9,10744,16126,66.6
1785432295.965,17:24:55,timeslice,7,94.0,10603,16126,65.8
1785432296.965,17:24:56,timeslice,0,99.7,8542,16126,53.0
1785432296.965,17:24:56,timeslice,1,100.0,8686,16126,53.9
1785432296.965,17:24:56,timeslice,2,100.0,8526,16126,52.9
1785432296.965,17:24:56,timeslice,3,99.9,8591,16126,53.3
1785432296.965,17:24:56,timeslice,4,100.0,8718,16126,54.1
1785432296.965,17:24:56,timeslice,5,100.0,8543,16126,53.0
1785432296.965,17:24:56,timeslice,6,100.0,8512,16126,52.8
1785432296.965,17:24:56,timeslice,7,100.0,8718,16126,54.1
1785432297.965,17:24:57,timeslice,0,99.7,8542,16126,53.0
1785432297.965,17:24:57,timeslice,1,100.0,8686,16126,53.9
1785432297.965,17:24:57,timeslice,2,100.0,8526,16126,52.9
1785432297.965,17:24:57,timeslice,3,99.9,8591,16126,53.3
1785432297.965,17:24:57,timeslice,4,100.0,8718,16126,54.1
1785432297.965,17:24:57,timeslice,5,100.0,8543,16126,53.0
1785432297.965,17:24:57,timeslice,6,100.0,8512,16126,52.8
1785432297.965,17:24:57,timeslice,7,100.0,8718,16126,54.1
1785432298.965,17:24:58,timeslice,0,99.7,8542,16126,53.0
1785432298.965,17:24:58,timeslice,1,100.0,8686,16126,53.9
1785432298.965,17:24:58,timeslice,2,100.0,8526,16126,52.9
1785432298.965,17:24:58,timeslice,3,99.9,8591,16126,53.3
1785432298.965,17:24:58,timeslice,4,100.0,8718,16126,54.1
1785432298.965,17:24:58,timeslice,5,100.0,8543,16126,53.0
1785432298.965,17:24:58,timeslice,6,100.0,8512,16126,52.8
1785432298.965,17:24:58,timeslice,7,100.0,8718,16126,54.1
1785432299.965,17:24:59,timeslice,0,99.7,8542,16126,53.0
1785432299.965,17:24:59,timeslice,1,100.0,8686,16126,53.9
1785432299.965,17:24:59,timeslice,2,100.0,8526,16126,52.9
1785432299.965,17:24:59,timeslice,3,99.9,8591,16126,53.3
1785432299.965,17:24:59,timeslice,4,100.0,8718,16126,54.1
1785432299.965,17:24:59,timeslice,5,100.0,8543,16126,53.0
1785432299.965,17:24:59,timeslice,6,100.0,8512,16126,52.8
1785432299.965,17:24:59,timeslice,7,100.0,8718,16126,54.1
1785432300.966,17:25:00,timeslice,0,99.7,8542,16126,53.0
1785432300.966,17:25:00,timeslice,1,100.0,8686,16126,53.9
1785432300.966,17:25:00,timeslice,2,100.0,8526,16126,52.9
1785432300.966,17:25:00,timeslice,3,99.9,8591,16126,53.3
1785432300.966,17:25:00,timeslice,4,100.0,8718,16126,54.1
1785432300.966,17:25:00,timeslice,5,100.0,8543,16126,53.0
1785432300.966,17:25:00,timeslice,6,100.0,8512,16126,52.8
1785432300.966,17:25:00,timeslice,7,100.0,8718,16126,54.1
1785432301.966,17:25:01,timeslice,0,98.1,10743,16126,66.6
1785432301.966,17:25:01,timeslice,1,98.6,10603,16126,65.8
1785432301.966,17:25:01,timeslice,2,98.6,10743,16126,66.6
1785432301.966,17:25:01,timeslice,3,98.2,10743,16126,66.6
1785432301.966,17:25:01,timeslice,4,98.5,10603,16126,65.8
1785432301.966,17:25:01,timeslice,5,98.6,10743,16126,66.6
1785432301.966,17:25:01,timeslice,6,99.0,10744,16126,66.6
1785432301.966,17:25:01,timeslice,7,98.2,10603,16126,65.8
1785432302.966,17:25:02,timeslice,0,98.1,10743,16126,66.6
1785432302.966,17:25:02,timeslice,1,98.6,10603,16126,65.8
1785432302.966,17:25:02,timeslice,2,98.6,10743,16126,66.6
1785432302.966,17:25:02,timeslice,3,98.2,10743,16126,66.6
1785432302.966,17:25:02,timeslice,4,98.5,10603,16126,65.8
1785432302.966,17:25:02,timeslice,5,98.6,10743,16126,66.6
1785432302.966,17:25:02,timeslice,6,99.0,10744,16126,66.6
1785432302.966,17:25:02,timeslice,7,98.2,10603,16126,65.8
1785432303.966,17:25:03,timeslice,0,98.1,10743,16126,66.6
1785432303.966,17:25:03,timeslice,1,98.6,10603,16126,65.8
1785432303.966,17:25:03,timeslice,2,98.6,10743,16126,66.6
1785432303.966,17:25:03,timeslice,3,98.2,10743,16126,66.6
1785432303.966,17:25:03,timeslice,4,98.5,10603,16126,65.8
1785432303.966,17:25:03,timeslice,5,98.6,10743,16126,66.6
1785432303.966,17:25:03,timeslice,6,99.0,10744,16126,66.6
1785432303.966,17:25:03,timeslice,7,98.2,10603,16126,65.8
1785432304.966,17:25:04,timeslice,0,98.1,10743,16126,66.6
1785432304.966,17:25:04,timeslice,1,98.6,10603,16126,65.8
1785432304.966,17:25:04,timeslice,2,98.6,10743,16126,66.6
1785432304.966,17:25:04,timeslice,3,98.2,10743,16126,66.6
1785432304.966,17:25:04,timeslice,4,98.5,10603,16126,65.8
1785432304.966,17:25:04,timeslice,5,98.6,10743,16126,66.6
1785432304.966,17:25:04,timeslice,6,99.0,10744,16126,66.6
1785432304.966,17:25:04,timeslice,7,98.2,10603,16126,65.8
1785432305.966,17:25:05,timeslice,0,98.1,10743,16126,66.6
1785432305.966,17:25:05,timeslice,1,98.6,10603,16126,65.8
1785432305.966,17:25:05,timeslice,2,98.6,10743,16126,66.6
1785432305.966,17:25:05,timeslice,3,98.2,10743,16126,66.6
1785432305.966,17:25:05,timeslice,4,98.5,10603,16126,65.8
1785432305.966,17:25:05,timeslice,5,98.6,10743,16126,66.6
1785432305.966,17:25:05,timeslice,6,99.0,10744,16126,66.6
1785432305.966,17:25:05,timeslice,7,98.2,10603,16126,65.8
1785432306.966,17:25:06,timeslice,0,98.9,8590,16126,53.3
1785432306.966,17:25:06,timeslice,1,99.4,8510,16126,52.8
1785432306.966,17:25:06,timeslice,2,99.2,8606,16126,53.4
1785432306.966,17:25:06,timeslice,3,99.1,8558,16126,53.1
1785432306.966,17:25:06,timeslice,4,99.4,8559,16126,53.1
1785432306.966,17:25:06,timeslice,5,99.6,8510,16126,52.8
1785432306.966,17:25:06,timeslice,6,99.7,8496,16126,52.7
1785432306.966,17:25:06,timeslice,7,99.1,8478,16126,52.6
1785432307.966,17:25:07,timeslice,0,98.9,8590,16126,53.3
1785432307.966,17:25:07,timeslice,1,99.4,8510,16126,52.8
1785432307.966,17:25:07,timeslice,2,99.2,8606,16126,53.4
1785432307.966,17:25:07,timeslice,3,99.1,8558,16126,53.1
1785432307.966,17:25:07,timeslice,4,99.4,8559,16126,53.1
1785432307.966,17:25:07,timeslice,5,99.6,8510,16126,52.8
1785432307.966,17:25:07,timeslice,6,99.7,8496,16126,52.7
1785432307.966,17:25:07,timeslice,7,99.1,8478,16126,52.6
1785432308.966,17:25:08,timeslice,0,98.9,8590,16126,53.3
1785432308.966,17:25:08,timeslice,1,99.4,8510,16126,52.8
1785432308.966,17:25:08,timeslice,2,99.2,8606,16126,53.4
1785432308.966,17:25:08,timeslice,3,99.1,8558,16126,53.1
1785432308.966,17:25:08,timeslice,4,99.4,8559,16126,53.1
1785432308.966,17:25:08,timeslice,5,99.6,8510,16126,52.8
1785432308.966,17:25:08,timeslice,6,99.7,8496,16126,52.7
1785432308.966,17:25:08,timeslice,7,99.1,8478,16126,52.6
1785432309.967,17:25:09,timeslice,0,98.9,8590,16126,53.3
1785432309.967,17:25:09,timeslice,1,99.4,8510,16126,52.8
1785432309.967,17:25:09,timeslice,2,99.2,8606,16126,53.4
1785432309.967,17:25:09,timeslice,3,99.1,8558,16126,53.1
1785432309.967,17:25:09,timeslice,4,99.4,8559,16126,53.1
1785432309.967,17:25:09,timeslice,5,99.6,8510,16126,52.8
1785432309.967,17:25:09,timeslice,6,99.7,8496,16126,52.7
1785432309.967,17:25:09,timeslice,7,99.1,8478,16126,52.6
1785432310.967,17:25:10,timeslice,0,98.9,8590,16126,53.3
1785432310.967,17:25:10,timeslice,1,99.4,8510,16126,52.8
1785432310.967,17:25:10,timeslice,2,99.2,8606,16126,53.4
1785432310.967,17:25:10,timeslice,3,99.1,8558,16126,53.1
1785432310.967,17:25:10,timeslice,4,99.4,8559,16126,53.1
1785432310.967,17:25:10,timeslice,5,99.6,8510,16126,52.8
1785432310.967,17:25:10,timeslice,6,99.7,8496,16126,52.7
1785432310.967,17:25:10,timeslice,7,99.1,8478,16126,52.6
1785432311.967,17:25:11,timeslice,0,96.4,10603,16126,65.8
1785432311.967,17:25:11,timeslice,1,98.1,10603,16126,65.8
1785432311.967,17:25:11,timeslice,2,98.6,10603,16126,65.8
1785432311.967,17:25:11,timeslice,3,96.5,10603,16126,65.8
1785432311.967,17:25:11,timeslice,4,98.1,10603,16126,65.8
1785432311.967,17:25:11,timeslice,5,98.4,10603,16126,65.8
1785432311.967,17:25:11,timeslice,6,98.7,10605,16126,65.8
1785432311.967,17:25:11,timeslice,7,96.6,10603,16126,65.8
1785432312.967,17:25:12,timeslice,0,96.4,10603,16126,65.8
1785432312.967,17:25:12,timeslice,1,98.1,10603,16126,65.8
1785432312.967,17:25:12,timeslice,2,98.6,10603,16126,65.8
1785432312.967,17:25:12,timeslice,3,96.5,10603,16126,65.8
1785432312.967,17:25:12,timeslice,4,98.1,10603,16126,65.8
1785432312.967,17:25:12,timeslice,5,98.4,10603,16126,65.8
1785432312.967,17:25:12,timeslice,6,98.7,10605,16126,65.8
1785432312.967,17:25:12,timeslice,7,96.6,10603,16126,65.8
1785432313.967,17:25:13,timeslice,0,96.4,10603,16126,65.8
1785432313.967,17:25:13,timeslice,1,98.1,10603,16126,65.8
1785432313.967,17:25:13,timeslice,2,98.6,10603,16126,65.8
1785432313.967,17:25:13,timeslice,3,96.5,10603,16126,65.8
1785432313.967,17:25:13,timeslice,4,98.1,10603,16126,65.8
1785432313.967,17:25:13,timeslice,5,98.4,10603,16126,65.8
1785432313.967,17:25:13,timeslice,6,98.7,10605,16126,65.8
1785432313.967,17:25:13,timeslice,7,96.6,10603,16126,65.8
1785432314.967,17:25:14,timeslice,0,96.4,10603,16126,65.8
1785432314.967,17:25:14,timeslice,1,98.1,10603,16126,65.8
1785432314.967,17:25:14,timeslice,2,98.6,10603,16126,65.8
1785432314.967,17:25:14,timeslice,3,96.5,10603,16126,65.8
1785432314.967,17:25:14,timeslice,4,98.1,10603,16126,65.8
1785432314.967,17:25:14,timeslice,5,98.4,10603,16126,65.8
1785432314.967,17:25:14,timeslice,6,98.7,10605,16126,65.8
1785432314.967,17:25:14,timeslice,7,96.6,10603,16126,65.8
1785432315.967,17:25:15,timeslice,0,96.4,10603,16126,65.8
1785432315.967,17:25:15,timeslice,1,98.1,10603,16126,65.8
1785432315.967,17:25:15,timeslice,2,98.6,10603,16126,65.8
1785432315.967,17:25:15,timeslice,3,96.5,10603,16126,65.8
1785432315.967,17:25:15,timeslice,4,98.1,10603,16126,65.8
1785432315.967,17:25:15,timeslice,5,98.4,10603,16126,65.8
1785432315.967,17:25:15,timeslice,6,98.7,10605,16126,65.8
1785432315.967,17:25:15,timeslice,7,96.6,10603,16126,65.8
1785432316.967,17:25:16,timeslice,0,100.0,8494,16126,52.7
1785432316.967,17:25:16,timeslice,1,97.2,10743,16126,66.6
1785432316.967,17:25:16,timeslice,2,97.2,8575,16126,53.2
1785432316.967,17:25:16,timeslice,3,100.0,8575,16126,53.2
1785432316.967,17:25:16,timeslice,4,97.1,10743,16126,66.6
1785432316.967,17:25:16,timeslice,5,97.0,8575,16126,53.2
1785432316.967,17:25:16,timeslice,6,96.2,8592,16126,53.3
1785432316.967,17:25:16,timeslice,7,100.0,10743,16126,66.6
1785432317.968,17:25:17,timeslice,0,100.0,8494,16126,52.7
1785432317.968,17:25:17,timeslice,1,97.2,10743,16126,66.6
1785432317.968,17:25:17,timeslice,2,97.2,8575,16126,53.2
1785432317.968,17:25:17,timeslice,3,100.0,8575,16126,53.2
1785432317.968,17:25:17,timeslice,4,97.1,10743,16126,66.6
1785432317.968,17:25:17,timeslice,5,97.0,8575,16126,53.2
1785432317.968,17:25:17,timeslice,6,96.2,8592,16126,53.3
1785432317.968,17:25:17,timeslice,7,100.0,10743,16126,66.6
1785432318.968,17:25:18,timeslice,0,100.0,8494,16126,52.7
1785432318.968,17:25:18,timeslice,1,97.2,10743,16126,66.6
1785432318.968,17:25:18,timeslice,2,97.2,8575,16126,53.2
1785432318.968,17:25:18,timeslice,3,100.0,8575,16126,53.2
1785432318.968,17:25:18,timeslice,4,97.1,10743,16126,66.6
1785432318.968,17:25:18,timeslice,5,97.0,8575,16126,53.2
1785432318.968,17:25:18,timeslice,6,96.2,8592,16126,53.3
1785432318.968,17:25:18,timeslice,7,100.0,10743,16126,66.6
1785432319.968,17:25:19,timeslice,0,100.0,8494,16126,52.7
1785432319.968,17:25:19,timeslice,1,97.2,10743,16126,66.6
1785432319.968,17:25:19,timeslice,2,97.2,8575,16126,53.2
1785432319.968,17:25:19,timeslice,3,100.0,8575,16126,53.2
1785432319.968,17:25:19,timeslice,4,97.1,10743,16126,66.6
1785432319.968,17:25:19,timeslice,5,97.0,8575,16126,53.2
1785432319.968,17:25:19,timeslice,6,96.2,8592,16126,53.3
1785432319.968,17:25:19,timeslice,7,100.0,10743,16126,66.6
1785432320.968,17:25:20,timeslice,0,100.0,8494,16126,52.7
1785432320.968,17:25:20,timeslice,1,97.2,10743,16126,66.6
1785432320.968,17:25:20,timeslice,2,97.2,8575,16126,53.2
1785432320.968,17:25:20,timeslice,3,100.0,8575,16126,53.2
1785432320.968,17:25:20,timeslice,4,97.1,10743,16126,66.6
1785432320.968,17:25:20,timeslice,5,97.0,8575,16126,53.2
1785432320.968,17:25:20,timeslice,6,96.2,8592,16126,53.3
1785432320.968,17:25:20,timeslice,7,100.0,10743,16126,66.6
1785432321.968,17:25:21,timeslice,0,98.6,10603,16126,65.8
1785432321.968,17:25:21,timeslice,1,100.0,8718,16126,54.1
1785432321.968,17:25:21,timeslice,2,100.0,10603,16126,65.8
1785432321.968,17:25:21,timeslice,3,98.7,10603,16126,65.8
1785432321.968,17:25:21,timeslice,4,100.0,8782,16126,54.5
1785432321.968,17:25:21,timeslice,5,100.0,10603,16126,65.8
1785432321.968,17:25:21,timeslice,6,100.0,10605,16126,65.8
1785432321.968,17:25:21,timeslice,7,98.5,8574,16126,53.2
1785432322.968,17:25:22,timeslice,0,98.6,10603,16126,65.8
1785432322.968,17:25:22,timeslice,1,100.0,8718,16126,54.1
1785432322.968,17:25:22,timeslice,2,100.0,10603,16126,65.8
1785432322.968,17:25:22,timeslice,3,98.7,10603,16126,65.8
1785432322.968,17:25:22,timeslice,4,100.0,8782,16126,54.5
1785432322.968,17:25:22,timeslice,5,100.0,10603,16126,65.8
1785432322.968,17:25:22,timeslice,6,100.0,10605,16126,65.8
1785432322.968,17:25:22,timeslice,7,98.5,8574,16126,53.2
1785432323.968,17:25:23,timeslice,0,98.6,10603,16126,65.8
1785432323.968,17:25:23,timeslice,1,100.0,8718,16126,54.1
1785432323.968,17:25:23,timeslice,2,100.0,10603,16126,65.8
1785432323.968,17:25:23,timeslice,3,98.7,10603,16126,65.8
1785432323.968,17:25:23,timeslice,4,100.0,8782,16126,54.5
1785432323.968,17:25:23,timeslice,5,100.0,10603,16126,65.8
1785432323.968,17:25:23,timeslice,6,100.0,10605,16126,65.8
1785432323.968,17:25:23,timeslice,7,98.5,8574,16126,53.2
1785432324.968,17:25:24,timeslice,0,98.6,10603,16126,65.8
1785432324.968,17:25:24,timeslice,1,100.0,8718,16126,54.1
1785432324.968,17:25:24,timeslice,2,100.0,10603,16126,65.8
1785432324.968,17:25:24,timeslice,3,98.7,10603,16126,65.8
1785432324.968,17:25:24,timeslice,4,100.0,8782,16126,54.5
1785432324.968,17:25:24,timeslice,5,100.0,10603,16126,65.8
1785432324.968,17:25:24,timeslice,6,100.0,10605,16126,65.8
1785432324.968,17:25:24,timeslice,7,98.5,8574,16126,53.2
1785432325.968,17:25:25,timeslice,0,98.6,10603,16126,65.8
1785432325.968,17:25:25,timeslice,1,100.0,8718,16126,54.1
1785432325.968,17:25:25,timeslice,2,100.0,10603,16126,65.8
1785432325.968,17:25:25,timeslice,3,98.7,10603,16126,65.8
1785432325.968,17:25:25,timeslice,4,100.0,8782,16126,54.5
1785432325.968,17:25:25,timeslice,5,100.0,10603,16126,65.8
1785432325.968,17:25:25,timeslice,6,100.0,10605,16126,65.8
1785432325.968,17:25:25,timeslice,7,98.5,8574,16126,53.2
1785432326.969,17:25:26,timeslice,0,99.5,8686,16126,53.9
1785432326.969,17:25:26,timeslice,1,98.5,10743,16126,66.6
1785432326.969,17:25:26,timeslice,2,98.2,8782,16126,54.5
1785432326.969,17:25:26,timeslice,3,100.0,8718,16126,54.1
1785432326.969,17:25:26,timeslice,4,98.5,10743,16126,66.6
1785432326.969,17:25:26,timeslice,5,98.7,8718,16126,54.1
1785432326.969,17:25:26,timeslice,6,98.0,8720,16126,54.1
1785432326.969,17:25:26,timeslice,7,99.9,10743,16126,66.6
1785432327.969,17:25:27,timeslice,0,99.5,8686,16126,53.9
1785432327.969,17:25:27,timeslice,1,98.5,10743,16126,66.6
1785432327.969,17:25:27,timeslice,2,98.2,8782,16126,54.5
1785432327.969,17:25:27,timeslice,3,100.0,8718,16126,54.1
1785432327.969,17:25:27,timeslice,4,98.5,10743,16126,66.6
1785432327.969,17:25:27,timeslice,5,98.7,8718,16126,54.1
1785432327.969,17:25:27,timeslice,6,98.0,8720,16126,54.1
1785432327.969,17:25:27,timeslice,7,99.9,10743,16126,66.6
1785432328.969,17:25:28,timeslice,0,99.5,8686,16126,53.9
1785432328.969,17:25:28,timeslice,1,98.5,10743,16126,66.6
1785432328.969,17:25:28,timeslice,2,98.2,8782,16126,54.5
1785432328.969,17:25:28,timeslice,3,100.0,8718,16126,54.1
1785432328.969,17:25:28,timeslice,4,98.5,10743,16126,66.6
1785432328.969,17:25:28,timeslice,5,98.7,8718,16126,54.1
1785432328.969,17:25:28,timeslice,6,98.0,8720,16126,54.1
1785432328.969,17:25:28,timeslice,7,99.9,10743,16126,66.6
1785432329.969,17:25:29,timeslice,0,99.5,8686,16126,53.9
1785432329.969,17:25:29,timeslice,1,98.5,10743,16126,66.6
1785432329.969,17:25:29,timeslice,2,98.2,8782,16126,54.5
1785432329.969,17:25:29,timeslice,3,100.0,8718,16126,54.1
1785432329.969,17:25:29,timeslice,4,98.5,10743,16126,66.6
1785432329.969,17:25:29,timeslice,5,98.7,8718,16126,54.1
1785432329.969,17:25:29,timeslice,6,98.0,8720,16126,54.1
1785432329.969,17:25:29,timeslice,7,99.9,10743,16126,66.6
1785432330.969,17:25:30,timeslice,0,99.5,8686,16126,53.9
1785432330.969,17:25:30,timeslice,1,98.5,10743,16126,66.6
1785432330.969,17:25:30,timeslice,2,98.2,8782,16126,54.5
1785432330.969,17:25:30,timeslice,3,100.0,8718,16126,54.1
1785432330.969,17:25:30,timeslice,4,98.5,10743,16126,66.6
1785432330.969,17:25:30,timeslice,5,98.7,8718,16126,54.1
1785432330.969,17:25:30,timeslice,6,98.0,8720,16126,54.1
1785432330.969,17:25:30,timeslice,7,99.9,10743,16126,66.6
1785432331.969,17:25:31,timeslice,0,98.2,10603,16126,65.8
1785432331.969,17:25:31,timeslice,1,99.8,8558,16126,53.1
1785432331.969,17:25:31,timeslice,2,99.1,10603,16126,65.8
1785432331.969,17:25:31,timeslice,3,97.8,10603,16126,65.8
1785432331.969,17:25:31,timeslice,4,99.3,8462,16126,52.5
1785432331.969,17:25:31,timeslice,5,99.5,10603,16126,65.8
1785432331.969,17:25:31,timeslice,6,99.2,10605,16126,65.8
1785432331.969,17:25:31,timeslice,7,98.1,8558,16126,53.1
1785432332.969,17:25:32,timeslice,0,98.2,10603,16126,65.8
1785432332.969,17:25:32,timeslice,1,99.8,8558,16126,53.1
1785432332.969,17:25:32,timeslice,2,99.1,10603,16126,65.8
1785432332.969,17:25:32,timeslice,3,97.8,10603,16126,65.8
1785432332.969,17:25:32,timeslice,4,99.3,8462,16126,52.5
1785432332.969,17:25:32,timeslice,5,99.5,10603,16126,65.8
1785432332.969,17:25:32,timeslice,6,99.2,10605,16126,65.8
1785432332.969,17:25:32,timeslice,7,98.1,8558,16126,53.1
1785432333.969,17:25:33,timeslice,0,98.2,10603,16126,65.8
1785432333.969,17:25:33,timeslice,1,99.8,8558,16126,53.1
1785432333.969,17:25:33,timeslice,2,99.1,10603,16126,65.8
1785432333.969,17:25:33,timeslice,3,97.8,10603,16126,65.8
1785432333.969,17:25:33,timeslice,4,99.3,8462,16126,52.5
1785432333.969,17:25:33,timeslice,5,99.5,10603,16126,65.8
1785432333.969,17:25:33,timeslice,6,99.2,10605,16126,65.8
1785432333.969,17:25:33,timeslice,7,98.1,8558,16126,53.1
1785432334.969,17:25:34,timeslice,0,98.2,10603,16126,65.8
1785432334.969,17:25:34,timeslice,1,99.8,8558,16126,53.1
1785432334.969,17:25:34,timeslice,2,99.1,10603,16126,65.8
1785432334.969,17:25:34,timeslice,3,97.8,10603,16126,65.8
1785432334.969,17:25:34,timeslice,4,99.3,8462,16126,52.5
1785432334.969,17:25:34,timeslice,5,99.5,10603,16126,65.8
1785432334.969,17:25:34,timeslice,6,99.2,10605,16126,65.8
1785432334.969,17:25:34,timeslice,7,98.1,8558,16126,53.1
1785432335.97,17:25:35,timeslice,0,98.2,10603,16126,65.8
1785432335.97,17:25:35,timeslice,1,99.8,8558,16126,53.1
1785432335.97,17:25:35,timeslice,2,99.1,10603,16126,65.8
1785432335.97,17:25:35,timeslice,3,97.8,10603,16126,65.8
1785432335.97,17:25:35,timeslice,4,99.3,8462,16126,52.5
1785432335.97,17:25:35,timeslice,5,99.5,10603,16126,65.8
1785432335.97,17:25:35,timeslice,6,99.2,10605,16126,65.8
1785432335.97,17:25:35,timeslice,7,98.1,8558,16126,53.1
1785432336.97,17:25:36,timeslice,0,96.9,10743,16126,66.6
1785432336.97,17:25:36,timeslice,1,96.2,10603,16126,65.8
1785432336.97,17:25:36,timeslice,2,95.8,10743,16126,66.6
1785432336.97,17:25:36,timeslice,3,96.6,10743,16126,66.6
1785432336.97,17:25:36,timeslice,4,96.4,10603,16126,65.8
1785432336.97,17:25:36,timeslice,5,96.3,10743,16126,66.6
1785432336.97,17:25:36,timeslice,6,96.4,10744,16126,66.6
1785432336.97,17:25:36,timeslice,7,97.1,10603,16126,65.8
1785432337.97,17:25:37,timeslice,0,96.9,10743,16126,66.6
1785432337.97,17:25:37,timeslice,1,96.2,10603,16126,65.8
1785432337.97,17:25:37,timeslice,2,95.8,10743,16126,66.6
1785432337.97,17:25:37,timeslice,3,96.6,10743,16126,66.6
1785432337.97,17:25:37,timeslice,4,96.4,10603,16126,65.8
1785432337.97,17:25:37,timeslice,5,96.3,10743,16126,66.6
1785432337.97,17:25:37,timeslice,6,96.4,10744,16126,66.6
1785432337.97,17:25:37,timeslice,7,97.1,10603,16126,65.8
1785432338.97,17:25:38,timeslice,0,96.9,10743,16126,66.6
1785432338.97,17:25:38,timeslice,1,96.2,10603,16126,65.8
1785432338.97,17:25:38,timeslice,2,95.8,10743,16126,66.6
1785432338.97,17:25:38,timeslice,3,96.6,10743,16126,66.6
1785432338.97,17:25:38,timeslice,4,96.4,10603,16126,65.8
1785432338.97,17:25:38,timeslice,5,96.3,10743,16126,66.6
1785432338.97,17:25:38,timeslice,6,96.4,10744,16126,66.6
1785432338.97,17:25:38,timeslice,7,97.1,10603,16126,65.8
1785432339.97,17:25:39,timeslice,0,96.9,10743,16126,66.6
1785432339.97,17:25:39,timeslice,1,96.2,10603,16126,65.8
1785432339.97,17:25:39,timeslice,2,95.8,10743,16126,66.6
1785432339.97,17:25:39,timeslice,3,96.6,10743,16126,66.6
1785432339.97,17:25:39,timeslice,4,96.4,10603,16126,65.8
1785432339.97,17:25:39,timeslice,5,96.3,10743,16126,66.6
1785432339.97,17:25:39,timeslice,6,96.4,10744,16126,66.6
1785432339.97,17:25:39,timeslice,7,97.1,10603,16126,65.8
1785432340.97,17:25:40,timeslice,0,96.9,10743,16126,66.6
1785432340.97,17:25:40,timeslice,1,96.2,10603,16126,65.8
1785432340.97,17:25:40,timeslice,2,95.8,10743,16126,66.6
1785432340.97,17:25:40,timeslice,3,96.6,10743,16126,66.6
1785432340.97,17:25:40,timeslice,4,96.4,10603,16126,65.8
1785432340.97,17:25:40,timeslice,5,96.3,10743,16126,66.6
1785432340.97,17:25:40,timeslice,6,96.4,10744,16126,66.6
1785432340.97,17:25:40,timeslice,7,97.1,10603,16126,65.8
1785432341.97,17:25:41,timeslice,0,100.0,8590,16126,53.3
1785432341.97,17:25:41,timeslice,1,100.0,8575,16126,53.2
1785432341.97,17:25:41,timeslice,2,100.0,8686,16126,53.9
1785432341.97,17:25:41,timeslice,3,100.0,8590,16126,53.3
1785432341.97,17:25:41,timeslice,4,100.0,8494,16126,52.7
1785432341.97,17:25:41,timeslice,5,100.0,8782,16126,54.5
1785432341.97,17:25:41,timeslice,6,100.0,8720,16126,54.1
1785432341.97,17:25:41,timeslice,7,100.0,8590,16126,53.3
1785432342.97,17:25:42,timeslice,0,100.0,8590,16126,53.3
1785432342.97,17:25:42,timeslice,1,100.0,8575,16126,53.2
1785432342.97,17:25:42,timeslice,2,100.0,8686,16126,53.9
1785432342.97,17:25:42,timeslice,3,100.0,8590,16126,53.3
1785432342.97,17:25:42,timeslice,4,100.0,8494,16126,52.7
1785432342.97,17:25:42,timeslice,5,100.0,8782,16126,54.5
1785432342.97,17:25:42,timeslice,6,100.0,8720,16126,54.1
1785432342.97,17:25:42,timeslice,7,100.0,8590,16126,53.3
1785432343.97,17:25:43,timeslice,0,100.0,8590,16126,53.3
1785432343.97,17:25:43,timeslice,1,100.0,8575,16126,53.2
1785432343.97,17:25:43,timeslice,2,100.0,8686,16126,53.9
1785432343.97,17:25:43,timeslice,3,100.0,8590,16126,53.3
1785432343.97,17:25:43,timeslice,4,100.0,8494,16126,52.7
1785432343.97,17:25:43,timeslice,5,100.0,8782,16126,54.5
1785432343.97,17:25:43,timeslice,6,100.0,8720,16126,54.1
1785432343.97,17:25:43,timeslice,7,100.0,8590,16126,53.3
1785432344.971,17:25:44,timeslice,0,100.0,8590,16126,53.3
1785432344.971,17:25:44,timeslice,1,100.0,8575,16126,53.2
1785432344.971,17:25:44,timeslice,2,100.0,8686,16126,53.9
1785432344.971,17:25:44,timeslice,3,100.0,8590,16126,53.3
1785432344.971,17:25:44,timeslice,4,100.0,8494,16126,52.7
1785432344.971,17:25:44,timeslice,5,100.0,8782,16126,54.5
1785432344.971,17:25:44,timeslice,6,100.0,8720,16126,54.1
1785432344.971,17:25:44,timeslice,7,100.0,8590,16126,53.3
1785432345.971,17:25:45,timeslice,0,100.0,8590,16126,53.3
1785432345.971,17:25:45,timeslice,1,100.0,8575,16126,53.2
1785432345.971,17:25:45,timeslice,2,100.0,8686,16126,53.9
1785432345.971,17:25:45,timeslice,3,100.0,8590,16126,53.3
1785432345.971,17:25:45,timeslice,4,100.0,8494,16126,52.7
1785432345.971,17:25:45,timeslice,5,100.0,8782,16126,54.5
1785432345.971,17:25:45,timeslice,6,100.0,8720,16126,54.1
1785432345.971,17:25:45,timeslice,7,100.0,8590,16126,53.3
1785432346.971,17:25:46,timeslice,0,98.0,10743,16126,66.6
1785432346.971,17:25:46,timeslice,1,98.4,10603,16126,65.8
1785432346.971,17:25:46,timeslice,2,98.1,10743,16126,66.6
1785432346.971,17:25:46,timeslice,3,98.0,10743,16126,66.6
1785432346.971,17:25:46,timeslice,4,98.5,10603,16126,65.8
1785432346.971,17:25:46,timeslice,5,98.2,10743,16126,66.6
1785432346.971,17:25:46,timeslice,6,98.0,10744,16126,66.6
1785432346.971,17:25:46,timeslice,7,98.4,10603,16126,65.8
1785432347.971,17:25:47,timeslice,0,98.0,10743,16126,66.6
1785432347.971,17:25:47,timeslice,1,98.4,10603,16126,65.8
1785432347.971,17:25:47,timeslice,2,98.1,10743,16126,66.6
1785432347.971,17:25:47,timeslice,3,98.0,10743,16126,66.6
1785432347.971,17:25:47,timeslice,4,98.5,10603,16126,65.8
1785432347.971,17:25:47,timeslice,5,98.2,10743,16126,66.6
1785432347.971,17:25:47,timeslice,6,98.0,10744,16126,66.6
1785432347.971,17:25:47,timeslice,7,98.4,10603,16126,65.8
