ts,wall,phase,chip,duty_cycle_pct,mem_used_mib,mem_total_mib,mem_pct
1785431217.621,17:06:57,timeslice,0,0.0,7389,16126,45.8
1785431217.621,17:06:57,timeslice,1,0.0,7389,16126,45.8
1785431217.621,17:06:57,timeslice,2,0.0,7389,16126,45.8
1785431217.621,17:06:57,timeslice,3,0.0,7389,16126,45.8
1785431217.621,17:06:57,timeslice,4,0.0,7389,16126,45.8
1785431217.621,17:06:57,timeslice,5,0.0,7389,16126,45.8
1785431217.621,17:06:57,timeslice,6,0.0,7390,16126,45.8
1785431217.621,17:06:57,timeslice,7,0.0,7389,16126,45.8
1785431218.621,17:06:58,timeslice,0,0.0,7389,16126,45.8
1785431218.621,17:06:58,timeslice,1,0.0,7389,16126,45.8
1785431218.621,17:06:58,timeslice,2,0.0,7389,16126,45.8
1785431218.621,17:06:58,timeslice,3,0.0,7389,16126,45.8
1785431218.621,17:06:58,timeslice,4,0.0,7389,16126,45.8
1785431218.621,17:06:58,timeslice,5,0.0,7389,16126,45.8
1785431218.621,17:06:58,timeslice,6,0.0,7390,16126,45.8
1785431218.621,17:06:58,timeslice,7,0.0,7389,16126,45.8
1785431219.621,17:06:59,timeslice,0,0.0,7389,16126,45.8
1785431219.621,17:06:59,timeslice,1,0.0,7389,16126,45.8
1785431219.621,17:06:59,timeslice,2,0.0,7389,16126,45.8
1785431219.621,17:06:59,timeslice,3,0.0,7389,16126,45.8
1785431219.621,17:06:59,timeslice,4,0.0,7389,16126,45.8
1785431219.621,17:06:59,timeslice,5,0.0,7389,16126,45.8
1785431219.621,17:06:59,timeslice,6,0.0,7390,16126,45.8
1785431219.621,17:06:59,timeslice,7,0.0,7389,16126,45.8
1785431220.621,17:07:00,timeslice,0,0.0,7389,16126,45.8
1785431220.621,17:07:00,timeslice,1,0.0,7389,16126,45.8
1785431220.621,17:07:00,timeslice,2,0.0,7389,16126,45.8
1785431220.621,17:07:00,timeslice,3,0.0,7389,16126,45.8
1785431220.621,17:07:00,timeslice,4,0.0,7389,16126,45.8
1785431220.621,17:07:00,timeslice,5,0.0,7389,16126,45.8
1785431220.621,17:07:00,timeslice,6,0.0,7390,16126,45.8
1785431220.621,17:07:00,timeslice,7,0.0,7389,16126,45.8
1785431221.621,17:07:01,timeslice,0,0.0,7389,16126,45.8
1785431221.621,17:07:01,timeslice,1,0.0,7389,16126,45.8
1785431221.621,17:07:01,timeslice,2,0.0,7389,16126,45.8
1785431221.621,17:07:01,timeslice,3,0.0,7389,16126,45.8
1785431221.621,17:07:01,timeslice,4,0.0,7389,16126,45.8
1785431221.621,17:07:01,timeslice,5,0.0,7389,16126,45.8
1785431221.621,17:07:01,timeslice,6,0.0,7390,16126,45.8
1785431221.621,17:07:01,timeslice,7,0.0,7389,16126,45.8
1785431222.621,17:07:02,timeslice,0,0.0,7389,16126,45.8
1785431222.621,17:07:02,timeslice,1,0.0,7389,16126,45.8
1785431222.621,17:07:02,timeslice,2,0.0,7389,16126,45.8
1785431222.621,17:07:02,timeslice,3,0.0,7389,16126,45.8
1785431222.621,17:07:02,timeslice,4,0.0,7389,16126,45.8
1785431222.621,17:07:02,timeslice,5,0.0,7389,16126,45.8
1785431222.621,17:07:02,timeslice,6,0.0,7390,16126,45.8
1785431222.621,17:07:02,timeslice,7,0.0,7389,16126,45.8
1785431223.621,17:07:03,timeslice,0,0.0,7389,16126,45.8
1785431223.621,17:07:03,timeslice,1,0.0,7389,16126,45.8
1785431223.621,17:07:03,timeslice,2,0.0,7389,16126,45.8
1785431223.621,17:07:03,timeslice,3,0.0,7389,16126,45.8
1785431223.621,17:07:03,timeslice,4,0.0,7389,16126,45.8
1785431223.621,17:07:03,timeslice,5,0.0,7389,16126,45.8
1785431223.621,17:07:03,timeslice,6,0.0,7390,16126,45.8
1785431223.621,17:07:03,timeslice,7,0.0,7389,16126,45.8
1785431224.622,17:07:04,timeslice,0,0.0,7389,16126,45.8
1785431224.622,17:07:04,timeslice,1,0.0,7389,16126,45.8
1785431224.622,17:07:04,timeslice,2,0.0,7389,16126,45.8
1785431224.622,17:07:04,timeslice,3,0.0,7389,16126,45.8
1785431224.622,17:07:04,timeslice,4,0.0,7389,16126,45.8
1785431224.622,17:07:04,timeslice,5,0.0,7389,16126,45.8
1785431224.622,17:07:04,timeslice,6,0.0,7390,16126,45.8
1785431224.622,17:07:04,timeslice,7,0.0,7389,16126,45.8
1785431225.622,17:07:05,timeslice,0,0.0,7389,16126,45.8
1785431225.622,17:07:05,timeslice,1,0.0,7389,16126,45.8
1785431225.622,17:07:05,timeslice,2,0.0,7389,16126,45.8
1785431225.622,17:07:05,timeslice,3,0.0,7389,16126,45.8
1785431225.622,17:07:05,timeslice,4,0.0,7389,16126,45.8
1785431225.622,17:07:05,timeslice,5,0.0,7389,16126,45.8
1785431225.622,17:07:05,timeslice,6,0.0,7390,16126,45.8
1785431225.622,17:07:05,timeslice,7,0.0,7389,16126,45.8
1785431226.622,17:07:06,timeslice,0,0.0,7389,16126,45.8
1785431226.622,17:07:06,timeslice,1,0.0,7389,16126,45.8
1785431226.622,17:07:06,timeslice,2,0.0,7389,16126,45.8
1785431226.622,17:07:06,timeslice,3,0.0,7389,16126,45.8
1785431226.622,17:07:06,timeslice,4,0.0,7389,16126,45.8
1785431226.622,17:07:06,timeslice,5,0.0,7389,16126,45.8
1785431226.622,17:07:06,timeslice,6,0.0,7390,16126,45.8
1785431226.622,17:07:06,timeslice,7,0.0,7389,16126,45.8
1785431227.622,17:07:07,timeslice,0,0.0,7389,16126,45.8
1785431227.622,17:07:07,timeslice,1,0.0,7389,16126,45.8
1785431227.622,17:07:07,timeslice,2,0.0,7389,16126,45.8
1785431227.622,17:07:07,timeslice,3,0.0,7389,16126,45.8
1785431227.622,17:07:07,timeslice,4,0.0,7389,16126,45.8
1785431227.622,17:07:07,timeslice,5,0.0,7389,16126,45.8
1785431227.622,17:07:07,timeslice,6,0.0,7390,16126,45.8
1785431227.622,17:07:07,timeslice,7,0.0,7389,16126,45.8
1785431228.622,17:07:08,timeslice,0,0.0,7389,16126,45.8
1785431228.622,17:07:08,timeslice,1,0.0,7389,16126,45.8
1785431228.622,17:07:08,timeslice,2,0.0,7389,16126,45.8
1785431228.622,17:07:08,timeslice,3,0.0,7389,16126,45.8
1785431228.622,17:07:08,timeslice,4,0.0,7389,16126,45.8
1785431228.622,17:07:08,timeslice,5,0.0,7389,16126,45.8
1785431228.622,17:07:08,timeslice,6,0.0,7390,16126,45.8
1785431228.622,17:07:08,timeslice,7,0.0,7389,16126,45.8
1785431229.622,17:07:09,timeslice,0,0.0,7389,16126,45.8
1785431229.622,17:07:09,timeslice,1,0.0,7389,16126,45.8
1785431229.622,17:07:09,timeslice,2,0.0,7389,16126,45.8
1785431229.622,17:07:09,timeslice,3,0.0,7389,16126,45.8
1785431229.622,17:07:09,timeslice,4,0.0,7389,16126,45.8
1785431229.622,17:07:09,timeslice,5,0.0,7389,16126,45.8
1785431229.622,17:07:09,timeslice,6,0.0,7390,16126,45.8
1785431229.622,17:07:09,timeslice,7,0.0,7389,16126,45.8
1785431230.622,17:07:10,timeslice,0,0.0,7389,16126,45.8
1785431230.622,17:07:10,timeslice,1,0.0,7389,16126,45.8
1785431230.622,17:07:10,timeslice,2,0.0,7389,16126,45.8
1785431230.622,17:07:10,timeslice,3,0.0,7389,16126,45.8
1785431230.622,17:07:10,timeslice,4,0.0,7389,16126,45.8
1785431230.622,17:07:10,timeslice,5,0.0,7389,16126,45.8
1785431230.622,17:07:10,timeslice,6,0.0,7390,16126,45.8
1785431230.622,17:07:10,timeslice,7,0.0,7389,16126,45.8
1785431231.622,17:07:11,timeslice,0,0.0,7389,16126,45.8
1785431231.622,17:07:11,timeslice,1,0.0,7389,16126,45.8
1785431231.622,17:07:11,timeslice,2,0.0,7389,16126,45.8
1785431231.622,17:07:11,timeslice,3,0.0,7389,16126,45.8
1785431231.622,17:07:11,timeslice,4,0.0,7389,16126,45.8
1785431231.622,17:07:11,timeslice,5,0.0,7389,16126,45.8
1785431231.622,17:07:11,timeslice,6,0.0,7390,16126,45.8
1785431231.622,17:07:11,timeslice,7,0.0,7389,16126,45.8
1785431232.622,17:07:12,timeslice,0,0.0,7389,16126,45.8
1785431232.622,17:07:12,timeslice,1,0.0,7389,16126,45.8
1785431232.622,17:07:12,timeslice,2,0.0,7389,16126,45.8
1785431232.622,17:07:12,timeslice,3,0.0,7389,16126,45.8
1785431232.622,17:07:12,timeslice,4,0.0,7389,16126,45.8
1785431232.622,17:07:12,timeslice,5,0.0,7389,16126,45.8
1785431232.622,17:07:12,timeslice,6,0.0,7390,16126,45.8
1785431232.622,17:07:12,timeslice,7,0.0,7389,16126,45.8
1785431233.623,17:07:13,timeslice,0,5.0,6405,16126,39.7
1785431233.623,17:07:13,timeslice,1,12.6,6422,16126,39.8
1785431233.623,17:07:13,timeslice,2,13.0,6422,16126,39.8
1785431233.623,17:07:13,timeslice,3,13.4,6363,16126,39.5
1785431233.623,17:07:13,timeslice,4,11.9,6418,16126,39.8
1785431233.623,17:07:13,timeslice,5,12.2,6419,16126,39.8
1785431233.623,17:07:13,timeslice,6,10.5,6322,16126,39.2
1785431233.623,17:07:13,timeslice,7,12.9,6415,16126,39.8
1785431234.623,17:07:14,timeslice,0,5.0,6405,16126,39.7
1785431234.623,17:07:14,timeslice,1,12.6,6422,16126,39.8
1785431234.623,17:07:14,timeslice,2,13.0,6422,16126,39.8
1785431234.623,17:07:14,timeslice,3,13.4,6363,16126,39.5
1785431234.623,17:07:14,timeslice,4,11.9,6418,16126,39.8
1785431234.623,17:07:14,timeslice,5,12.2,6419,16126,39.8
1785431234.623,17:07:14,timeslice,6,10.5,6322,16126,39.2
1785431234.623,17:07:14,timeslice,7,12.9,6415,16126,39.8
1785431235.623,17:07:15,timeslice,0,5.0,6405,16126,39.7
1785431235.623,17:07:15,timeslice,1,12.6,6422,16126,39.8
1785431235.623,17:07:15,timeslice,2,13.0,6422,16126,39.8
1785431235.623,17:07:15,timeslice,3,13.4,6363,16126,39.5
1785431235.623,17:07:15,timeslice,4,11.9,6418,16126,39.8
1785431235.623,17:07:15,timeslice,5,12.2,6419,16126,39.8
1785431235.623,17:07:15,timeslice,6,10.5,6322,16126,39.2
1785431235.623,17:07:15,timeslice,7,12.9,6415,16126,39.8
1785431236.623,17:07:16,timeslice,0,5.0,6405,16126,39.7
1785431236.623,17:07:16,timeslice,1,12.6,6422,16126,39.8
1785431236.623,17:07:16,timeslice,2,13.0,6422,16126,39.8
1785431236.623,17:07:16,timeslice,3,13.4,6363,16126,39.5
1785431236.623,17:07:16,timeslice,4,11.9,6418,16126,39.8
1785431236.623,17:07:16,timeslice,5,12.2,6419,16126,39.8
1785431236.623,17:07:16,timeslice,6,10.5,6322,16126,39.2
1785431236.623,17:07:16,timeslice,7,12.9,6415,16126,39.8
1785431237.623,17:07:17,timeslice,0,5.0,6405,16126,39.7
1785431237.623,17:07:17,timeslice,1,12.6,6422,16126,39.8
1785431237.623,17:07:17,timeslice,2,13.0,6422,16126,39.8
1785431237.623,17:07:17,timeslice,3,13.4,6363,16126,39.5
1785431237.623,17:07:17,timeslice,4,11.9,6418,16126,39.8
1785431237.623,17:07:17,timeslice,5,12.2,6419,16126,39.8
1785431237.623,17:07:17,timeslice,6,10.5,6322,16126,39.2
1785431237.623,17:07:17,timeslice,7,12.9,6415,16126,39.8
1785431238.623,17:07:18,timeslice,0,98.0,8494,16126,52.7
1785431238.623,17:07:18,timeslice,1,98.1,8575,16126,53.2
1785431238.623,17:07:18,timeslice,2,98.6,8591,16126,53.3
1785431238.623,17:07:18,timeslice,3,97.6,8575,16126,53.2
1785431238.623,17:07:18,timeslice,4,97.9,8575,16126,53.2
1785431238.623,17:07:18,timeslice,5,98.4,8686,16126,53.9
1785431238.623,17:07:18,timeslice,6,56.6,8544,16126,53.0
1785431238.623,17:07:18,timeslice,7,97.0,8622,16126,53.5
1785431239.623,17:07:19,timeslice,0,98.0,8494,16126,52.7
1785431239.623,17:07:19,timeslice,1,98.1,8575,16126,53.2
1785431239.623,17:07:19,timeslice,2,98.6,8591,16126,53.3
1785431239.623,17:07:19,timeslice,3,97.6,8575,16126,53.2
1785431239.623,17:07:19,timeslice,4,97.9,8575,16126,53.2
1785431239.623,17:07:19,timeslice,5,98.4,8686,16126,53.9
1785431239.623,17:07:19,timeslice,6,56.6,8544,16126,53.0
1785431239.623,17:07:19,timeslice,7,97.0,8622,16126,53.5
1785431240.623,17:07:20,timeslice,0,98.0,8494,16126,52.7
1785431240.623,17:07:20,timeslice,1,98.1,8575,16126,53.2
1785431240.623,17:07:20,timeslice,2,98.6,8591,16126,53.3
1785431240.623,17:07:20,timeslice,3,97.6,8575,16126,53.2
1785431240.623,17:07:20,timeslice,4,97.9,8575,16126,53.2
1785431240.623,17:07:20,timeslice,5,98.4,8686,16126,53.9
1785431240.623,17:07:20,timeslice,6,56.6,8544,16126,53.0
1785431240.623,17:07:20,timeslice,7,97.0,8622,16126,53.5
1785431241.623,17:07:21,timeslice,0,98.0,8494,16126,52.7
1785431241.623,17:07:21,timeslice,1,98.1,8575,16126,53.2
1785431241.623,17:07:21,timeslice,2,98.6,8591,16126,53.3
1785431241.623,17:07:21,timeslice,3,97.6,8575,16126,53.2
1785431241.623,17:07:21,timeslice,4,97.9,8575,16126,53.2
1785431241.623,17:07:21,timeslice,5,98.4,8686,16126,53.9
1785431241.623,17:07:21,timeslice,6,56.6,8544,16126,53.0
1785431241.623,17:07:21,timeslice,7,97.0,8622,16126,53.5
1785431242.624,17:07:22,timeslice,0,98.0,8494,16126,52.7
1785431242.624,17:07:22,timeslice,1,98.1,8575,16126,53.2
1785431242.624,17:07:22,timeslice,2,98.6,8591,16126,53.3
1785431242.624,17:07:22,timeslice,3,97.6,8575,16126,53.2
1785431242.624,17:07:22,timeslice,4,97.9,8575,16126,53.2
1785431242.624,17:07:22,timeslice,5,98.4,8686,16126,53.9
1785431242.624,17:07:22,timeslice,6,56.6,8544,16126,53.0
1785431242.624,17:07:22,timeslice,7,97.0,8622,16126,53.5
1785431243.624,17:07:23,timeslice,0,98.5,10603,16126,65.8
1785431243.624,17:07:23,timeslice,1,98.2,10603,16126,65.8
1785431243.624,17:07:23,timeslice,2,98.8,10603,16126,65.8
1785431243.624,17:07:23,timeslice,3,98.2,10603,16126,65.8
1785431243.624,17:07:23,timeslice,4,98.2,10603,16126,65.8
1785431243.624,17:07:23,timeslice,5,98.3,10603,16126,65.8
1785431243.624,17:07:23,timeslice,6,98.3,10605,16126,65.8
1785431243.624,17:07:23,timeslice,7,98.1,10603,16126,65.8
1785431244.624,17:07:24,timeslice,0,98.5,10603,16126,65.8
1785431244.624,17:07:24,timeslice,1,98.2,10603,16126,65.8
1785431244.624,17:07:24,timeslice,2,98.8,10603,16126,65.8
1785431244.624,17:07:24,timeslice,3,98.2,10603,16126,65.8
1785431244.624,17:07:24,timeslice,4,98.2,10603,16126,65.8
1785431244.624,17:07:24,timeslice,5,98.3,10603,16126,65.8
1785431244.624,17:07:24,timeslice,6,98.3,10605,16126,65.8
1785431244.624,17:07:24,timeslice,7,98.1,10603,16126,65.8
1785431245.624,17:07:25,timeslice,0,98.5,10603,16126,65.8
1785431245.624,17:07:25,timeslice,1,98.2,10603,16126,65.8
1785431245.624,17:07:25,timeslice,2,98.8,10603,16126,65.8
1785431245.624,17:07:25,timeslice,3,98.2,10603,16126,65.8
1785431245.624,17:07:25,timeslice,4,98.2,10603,16126,65.8
1785431245.624,17:07:25,timeslice,5,98.3,10603,16126,65.8
1785431245.624,17:07:25,timeslice,6,98.3,10605,16126,65.8
1785431245.624,17:07:25,timeslice,7,98.1,10603,16126,65.8
1785431246.624,17:07:26,timeslice,0,98.5,10603,16126,65.8
1785431246.624,17:07:26,timeslice,1,98.2,10603,16126,65.8
1785431246.624,17:07:26,timeslice,2,98.8,10603,16126,65.8
1785431246.624,17:07:26,timeslice,3,98.2,10603,16126,65.8
1785431246.624,17:07:26,timeslice,4,98.2,10603,16126,65.8
1785431246.624,17:07:26,timeslice,5,98.3,10603,16126,65.8
1785431246.624,17:07:26,timeslice,6,98.3,10605,16126,65.8
1785431246.624,17:07:26,timeslice,7,98.1,10603,16126,65.8
1785431247.624,17:07:27,timeslice,0,98.5,10603,16126,65.8
1785431247.624,17:07:27,timeslice,1,98.2,10603,16126,65.8
1785431247.624,17:07:27,timeslice,2,98.8,10603,16126,65.8
1785431247.624,17:07:27,timeslice,3,98.2,10603,16126,65.8
1785431247.624,17:07:27,timeslice,4,98.2,10603,16126,65.8
1785431247.624,17:07:27,timeslice,5,98.3,10603,16126,65.8
1785431247.624,17:07:27,timeslice,6,98.3,10605,16126,65.8
1785431247.624,17:07:27,timeslice,7,98.1,10603,16126,65.8
1785431248.624,17:07:28,timeslice,0,96.5,10743,16126,66.6
1785431248.624,17:07:28,timeslice,1,96.5,10743,16126,66.6
1785431248.624,17:07:28,timeslice,2,96.5,10743,16126,66.6
1785431248.624,17:07:28,timeslice,3,96.6,10743,16126,66.6
1785431248.624,17:07:28,timeslice,4,96.8,10743,16126,66.6
1785431248.624,17:07:28,timeslice,5,96.7,10743,16126,66.6
1785431248.624,17:07:28,timeslice,6,96.5,10744,16126,66.6
1785431248.624,17:07:28,timeslice,7,96.2,10743,16126,66.6
1785431249.624,17:07:29,timeslice,0,96.5,10743,16126,66.6
1785431249.624,17:07:29,timeslice,1,96.5,10743,16126,66.6
1785431249.624,17:07:29,timeslice,2,96.5,10743,16126,66.6
1785431249.624,17:07:29,timeslice,3,96.6,10743,16126,66.6
1785431249.624,17:07:29,timeslice,4,96.8,10743,16126,66.6
1785431249.624,17:07:29,timeslice,5,96.7,10743,16126,66.6
1785431249.624,17:07:29,timeslice,6,96.5,10744,16126,66.6
1785431249.624,17:07:29,timeslice,7,96.2,10743,16126,66.6
1785431250.625,17:07:30,timeslice,0,96.5,10743,16126,66.6
1785431250.625,17:07:30,timeslice,1,96.5,10743,16126,66.6
1785431250.625,17:07:30,timeslice,2,96.5,10743,16126,66.6
1785431250.625,17:07:30,timeslice,3,96.6,10743,16126,66.6
1785431250.625,17:07:30,timeslice,4,96.8,10743,16126,66.6
1785431250.625,17:07:30,timeslice,5,96.7,10743,16126,66.6
1785431250.625,17:07:30,timeslice,6,96.5,10744,16126,66.6
1785431250.625,17:07:30,timeslice,7,96.2,10743,16126,66.6
1785431251.625,17:07:31,timeslice,0,96.5,10743,16126,66.6
1785431251.625,17:07:31,timeslice,1,96.5,10743,16126,66.6
1785431251.625,17:07:31,timeslice,2,96.5,10743,16126,66.6
1785431251.625,17:07:31,timeslice,3,96.6,10743,16126,66.6
1785431251.625,17:07:31,timeslice,4,96.8,10743,16126,66.6
1785431251.625,17:07:31,timeslice,5,96.7,10743,16126,66.6
1785431251.625,17:07:31,timeslice,6,96.5,10744,16126,66.6
1785431251.625,17:07:31,timeslice,7,96.2,10743,16126,66.6
1785431252.625,17:07:32,timeslice,0,96.5,10743,16126,66.6
1785431252.625,17:07:32,timeslice,1,96.5,10743,16126,66.6
1785431252.625,17:07:32,timeslice,2,96.5,10743,16126,66.6
1785431252.625,17:07:32,timeslice,3,96.6,10743,16126,66.6
1785431252.625,17:07:32,timeslice,4,96.8,10743,16126,66.6
1785431252.625,17:07:32,timeslice,5,96.7,10743,16126,66.6
1785431252.625,17:07:32,timeslice,6,96.5,10744,16126,66.6
1785431252.625,17:07:32,timeslice,7,96.2,10743,16126,66.6
1785431253.625,17:07:33,timeslice,0,100.0,8510,16126,52.8
1785431253.625,17:07:33,timeslice,1,100.0,8575,16126,53.2
1785431253.625,17:07:33,timeslice,2,100.0,8559,16126,53.1
1785431253.625,17:07:33,timeslice,3,100.0,8575,16126,53.2
1785431253.625,17:07:33,timeslice,4,100.0,8590,16126,53.3
1785431253.625,17:07:33,timeslice,5,100.0,8782,16126,54.5
1785431253.625,17:07:33,timeslice,6,100.0,8528,16126,52.9
1785431253.625,17:07:33,timeslice,7,100.0,8686,16126,53.9
1785431254.625,17:07:34,timeslice,0,100.0,8510,16126,52.8
1785431254.625,17:07:34,timeslice,1,100.0,8575,16126,53.2
1785431254.625,17:07:34,timeslice,2,100.0,8559,16126,53.1
1785431254.625,17:07:34,timeslice,3,100.0,8575,16126,53.2
1785431254.625,17:07:34,timeslice,4,100.0,8590,16126,53.3
1785431254.625,17:07:34,timeslice,5,100.0,8782,16126,54.5
1785431254.625,17:07:34,timeslice,6,100.0,8528,16126,52.9
1785431254.625,17:07:34,timeslice,7,100.0,8686,16126,53.9
1785431255.625,17:07:35,timeslice,0,100.0,8510,16126,52.8
1785431255.625,17:07:35,timeslice,1,100.0,8575,16126,53.2
1785431255.625,17:07:35,timeslice,2,100.0,8559,16126,53.1
1785431255.625,17:07:35,timeslice,3,100.0,8575,16126,53.2
1785431255.625,17:07:35,timeslice,4,100.0,8590,16126,53.3
1785431255.625,17:07:35,timeslice,5,100.0,8782,16126,54.5
1785431255.625,17:07:35,timeslice,6,100.0,8528,16126,52.9
1785431255.625,17:07:35,timeslice,7,100.0,8686,16126,53.9
1785431256.625,17:07:36,timeslice,0,100.0,8510,16126,52.8
1785431256.625,17:07:36,timeslice,1,100.0,8575,16126,53.2
1785431256.625,17:07:36,timeslice,2,100.0,8559,16126,53.1
1785431256.625,17:07:36,timeslice,3,100.0,8575,16126,53.2
1785431256.625,17:07:36,timeslice,4,100.0,8590,16126,53.3
1785431256.625,17:07:36,timeslice,5,100.0,8782,16126,54.5
1785431256.625,17:07:36,timeslice,6,100.0,8528,16126,52.9
1785431256.625,17:07:36,timeslice,7,100.0,8686,16126,53.9
1785431257.625,17:07:37,timeslice,0,100.0,8510,16126,52.8
1785431257.625,17:07:37,timeslice,1,100.0,8575,16126,53.2
1785431257.625,17:07:37,timeslice,2,100.0,8559,16126,53.1
1785431257.625,17:07:37,timeslice,3,100.0,8575,16126,53.2
1785431257.625,17:07:37,timeslice,4,100.0,8590,16126,53.3
1785431257.625,17:07:37,timeslice,5,100.0,8782,16126,54.5
1785431257.625,17:07:37,timeslice,6,100.0,8528,16126,52.9
1785431257.625,17:07:37,timeslice,7,100.0,8686,16126,53.9
1785431258.625,17:07:38,timeslice,0,98.2,10743,16126,66.6
1785431258.625,17:07:38,timeslice,1,97.8,10743,16126,66.6
1785431258.625,17:07:38,timeslice,2,98.5,10743,16126,66.6
1785431258.625,17:07:38,timeslice,3,98.7,10743,16126,66.6
1785431258.625,17:07:38,timeslice,4,98.3,10743,16126,66.6
1785431258.625,17:07:38,timeslice,5,98.0,10743,16126,66.6
1785431258.625,17:07:38,timeslice,6,97.5,10744,16126,66.6
1785431258.625,17:07:38,timeslice,7,98.2,10743,16126,66.6
1785431259.626,17:07:39,timeslice,0,98.2,10743,16126,66.6
1785431259.626,17:07:39,timeslice,1,97.8,10743,16126,66.6
1785431259.626,17:07:39,timeslice,2,98.5,10743,16126,66.6
1785431259.626,17:07:39,timeslice,3,98.7,10743,16126,66.6
1785431259.626,17:07:39,timeslice,4,98.3,10743,16126,66.6
1785431259.626,17:07:39,timeslice,5,98.0,10743,16126,66.6
1785431259.626,17:07:39,timeslice,6,97.5,10744,16126,66.6
1785431259.626,17:07:39,timeslice,7,98.2,10743,16126,66.6
1785431260.626,17:07:40,timeslice,0,98.2,10743,16126,66.6
1785431260.626,17:07:40,timeslice,1,97.8,10743,16126,66.6
1785431260.626,17:07:40,timeslice,2,98.5,10743,16126,66.6
1785431260.626,17:07:40,timeslice,3,98.7,10743,16126,66.6
1785431260.626,17:07:40,timeslice,4,98.3,10743,16126,66.6
1785431260.626,17:07:40,timeslice,5,98.0,10743,16126,66.6
1785431260.626,17:07:40,timeslice,6,97.5,10744,16126,66.6
1785431260.626,17:07:40,timeslice,7,98.2,10743,16126,66.6
1785431261.626,17:07:41,timeslice,0,98.2,10743,16126,66.6
1785431261.626,17:07:41,timeslice,1,97.8,10743,16126,66.6
1785431261.626,17:07:41,timeslice,2,98.5,10743,16126,66.6
1785431261.626,17:07:41,timeslice,3,98.7,10743,16126,66.6
1785431261.626,17:07:41,timeslice,4,98.3,10743,16126,66.6
1785431261.626,17:07:41,timeslice,5,98.0,10743,16126,66.6
1785431261.626,17:07:41,timeslice,6,97.5,10744,16126,66.6
1785431261.626,17:07:41,timeslice,7,98.2,10743,16126,66.6
1785431262.626,17:07:42,timeslice,0,98.2,10743,16126,66.6
1785431262.626,17:07:42,timeslice,1,97.8,10743,16126,66.6
1785431262.626,17:07:42,timeslice,2,98.5,10743,16126,66.6
1785431262.626,17:07:42,timeslice,3,98.7,10743,16126,66.6
1785431262.626,17:07:42,timeslice,4,98.3,10743,16126,66.6
1785431262.626,17:07:42,timeslice,5,98.0,10743,16126,66.6
1785431262.626,17:07:42,timeslice,6,97.5,10744,16126,66.6
1785431262.626,17:07:42,timeslice,7,98.2,10743,16126,66.6
1785431263.626,17:07:43,timeslice,0,99.3,8782,16126,54.5
1785431263.626,17:07:43,timeslice,1,99.5,8718,16126,54.1
1785431263.626,17:07:43,timeslice,2,99.5,8462,16126,52.5
1785431263.626,17:07:43,timeslice,3,99.7,8654,16126,53.7
1785431263.626,17:07:43,timeslice,4,99.5,8558,16126,53.1
1785431263.626,17:07:43,timeslice,5,99.8,8510,16126,52.8
1785431263.626,17:07:43,timeslice,6,99.9,8512,16126,52.8
1785431263.626,17:07:43,timeslice,7,99.8,8494,16126,52.7
1785431264.626,17:07:44,timeslice,0,99.3,8782,16126,54.5
1785431264.626,17:07:44,timeslice,1,99.5,8718,16126,54.1
1785431264.626,17:07:44,timeslice,2,99.5,8462,16126,52.5
1785431264.626,17:07:44,timeslice,3,99.7,8654,16126,53.7
1785431264.626,17:07:44,timeslice,4,99.5,8558,16126,53.1
1785431264.626,17:07:44,timeslice,5,99.8,8510,16126,52.8
1785431264.626,17:07:44,timeslice,6,99.9,8512,16126,52.8
1785431264.626,17:07:44,timeslice,7,99.8,8494,16126,52.7
1785431265.626,17:07:45,timeslice,0,99.3,8782,16126,54.5
1785431265.626,17:07:45,timeslice,1,99.5,8718,16126,54.1
1785431265.626,17:07:45,timeslice,2,99.5,8462,16126,52.5
1785431265.626,17:07:45,timeslice,3,99.7,8654,16126,53.7
1785431265.626,17:07:45,timeslice,4,99.5,8558,16126,53.1
1785431265.626,17:07:45,timeslice,5,99.8,8510,16126,52.8
1785431265.626,17:07:45,timeslice,6,99.9,8512,16126,52.8
1785431265.626,17:07:45,timeslice,7,99.8,8494,16126,52.7
1785431266.626,17:07:46,timeslice,0,99.3,8782,16126,54.5
1785431266.626,17:07:46,timeslice,1,99.5,8718,16126,54.1
1785431266.626,17:07:46,timeslice,2,99.5,8462,16126,52.5
1785431266.626,17:07:46,timeslice,3,99.7,8654,16126,53.7
1785431266.626,17:07:46,timeslice,4,99.5,8558,16126,53.1
1785431266.626,17:07:46,timeslice,5,99.8,8510,16126,52.8
1785431266.626,17:07:46,timeslice,6,99.9,8512,16126,52.8
1785431266.626,17:07:46,timeslice,7,99.8,8494,16126,52.7
1785431267.627,17:07:47,timeslice,0,99.3,8782,16126,54.5
1785431267.627,17:07:47,timeslice,1,99.5,8718,16126,54.1
1785431267.627,17:07:47,timeslice,2,99.5,8462,16126,52.5
1785431267.627,17:07:47,timeslice,3,99.7,8654,16126,53.7
1785431267.627,17:07:47,timeslice,4,99.5,8558,16126,53.1
1785431267.627,17:07:47,timeslice,5,99.8,8510,16126,52.8
1785431267.627,17:07:47,timeslice,6,99.9,8512,16126,52.8
1785431267.627,17:07:47,timeslice,7,99.8,8494,16126,52.7
1785431268.627,17:07:48,timeslice,0,96.1,10603,16126,65.8
1785431268.627,17:07:48,timeslice,1,98.5,10743,16126,66.6
1785431268.627,17:07:48,timeslice,2,98.8,10743,16126,66.6
1785431268.627,17:07:48,timeslice,3,98.2,10743,16126,66.6
1785431268.627,17:07:48,timeslice,4,98.6,10743,16126,66.6
1785431268.627,17:07:48,timeslice,5,98.3,10743,16126,66.6
1785431268.627,17:07:48,timeslice,6,98.4,10744,16126,66.6
1785431268.627,17:07:48,timeslice,7,98.2,10743,16126,66.6
1785431269.627,17:07:49,timeslice,0,96.1,10603,16126,65.8
1785431269.627,17:07:49,timeslice,1,98.5,10743,16126,66.6
1785431269.627,17:07:49,timeslice,2,98.8,10743,16126,66.6
1785431269.627,17:07:49,timeslice,3,98.2,10743,16126,66.6
1785431269.627,17:07:49,timeslice,4,98.6,10743,16126,66.6
1785431269.627,17:07:49,timeslice,5,98.3,10743,16126,66.6
1785431269.627,17:07:49,timeslice,6,98.4,10744,16126,66.6
1785431269.627,17:07:49,timeslice,7,98.2,10743,16126,66.6
1785431270.627,17:07:50,timeslice,0,96.1,10603,16126,65.8
1785431270.627,17:07:50,timeslice,1,98.5,10743,16126,66.6
1785431270.627,17:07:50,timeslice,2,98.8,10743,16126,66.6
1785431270.627,17:07:50,timeslice,3,98.2,10743,16126,66.6
1785431270.627,17:07:50,timeslice,4,98.6,10743,16126,66.6
1785431270.627,17:07:50,timeslice,5,98.3,10743,16126,66.6
1785431270.627,17:07:50,timeslice,6,98.4,10744,16126,66.6
1785431270.627,17:07:50,timeslice,7,98.2,10743,16126,66.6
1785431271.627,17:07:51,timeslice,0,96.1,10603,16126,65.8
1785431271.627,17:07:51,timeslice,1,98.5,10743,16126,66.6
1785431271.627,17:07:51,timeslice,2,98.8,10743,16126,66.6
1785431271.627,17:07:51,timeslice,3,98.2,10743,16126,66.6
1785431271.627,17:07:51,timeslice,4,98.6,10743,16126,66.6
1785431271.627,17:07:51,timeslice,5,98.3,10743,16126,66.6
1785431271.627,17:07:51,timeslice,6,98.4,10744,16126,66.6
1785431271.627,17:07:51,timeslice,7,98.2,10743,16126,66.6
1785431272.627,17:07:52,timeslice,0,96.1,10603,16126,65.8
1785431272.627,17:07:52,timeslice,1,98.5,10743,16126,66.6
1785431272.627,17:07:52,timeslice,2,98.8,10743,16126,66.6
1785431272.627,17:07:52,timeslice,3,98.2,10743,16126,66.6
1785431272.627,17:07:52,timeslice,4,98.6,10743,16126,66.6
1785431272.627,17:07:52,timeslice,5,98.3,10743,16126,66.6
1785431272.627,17:07:52,timeslice,6,98.4,10744,16126,66.6
1785431272.627,17:07:52,timeslice,7,98.2,10743,16126,66.6
1785431273.627,17:07:53,timeslice,0,100.0,8526,16126,52.9
1785431273.627,17:07:53,timeslice,1,98.6,8606,16126,53.4
1785431273.627,17:07:53,timeslice,2,98.8,8606,16126,53.4
1785431273.627,17:07:53,timeslice,3,98.7,8606,16126,53.4
1785431273.627,17:07:53,timeslice,4,98.0,8510,16126,52.8
1785431273.627,17:07:53,timeslice,5,98.5,8575,16126,53.2
1785431273.627,17:07:53,timeslice,6,98.7,8608,16126,53.4
1785431273.627,17:07:53,timeslice,7,98.7,8575,16126,53.2
1785431274.627,17:07:54,timeslice,0,100.0,8526,16126,52.9
1785431274.627,17:07:54,timeslice,1,98.6,8606,16126,53.4
1785431274.627,17:07:54,timeslice,2,98.8,8606,16126,53.4
1785431274.627,17:07:54,timeslice,3,98.7,8606,16126,53.4
1785431274.627,17:07:54,timeslice,4,98.0,8510,16126,52.8
1785431274.627,17:07:54,timeslice,5,98.5,8575,16126,53.2
1785431274.627,17:07:54,timeslice,6,98.7,8608,16126,53.4
1785431274.627,17:07:54,timeslice,7,98.7,8575,16126,53.2
1785431275.628,17:07:55,timeslice,0,100.0,8526,16126,52.9
1785431275.628,17:07:55,timeslice,1,98.6,8606,16126,53.4
1785431275.628,17:07:55,timeslice,2,98.8,8606,16126,53.4
1785431275.628,17:07:55,timeslice,3,98.7,8606,16126,53.4
1785431275.628,17:07:55,timeslice,4,98.0,8510,16126,52.8
1785431275.628,17:07:55,timeslice,5,98.5,8575,16126,53.2
1785431275.628,17:07:55,timeslice,6,98.7,8608,16126,53.4
1785431275.628,17:07:55,timeslice,7,98.7,8575,16126,53.2
1785431276.628,17:07:56,timeslice,0,100.0,8526,16126,52.9
1785431276.628,17:07:56,timeslice,1,98.6,8606,16126,53.4
1785431276.628,17:07:56,timeslice,2,98.8,8606,16126,53.4
1785431276.628,17:07:56,timeslice,3,98.7,8606,16126,53.4
1785431276.628,17:07:56,timeslice,4,98.0,8510,16126,52.8
1785431276.628,17:07:56,timeslice,5,98.5,8575,16126,53.2
1785431276.628,17:07:56,timeslice,6,98.7,8608,16126,53.4
1785431276.628,17:07:56,timeslice,7,98.7,8575,16126,53.2
1785431277.628,17:07:57,timeslice,0,100.0,8526,16126,52.9
1785431277.628,17:07:57,timeslice,1,98.6,8606,16126,53.4
1785431277.628,17:07:57,timeslice,2,98.8,8606,16126,53.4
1785431277.628,17:07:57,timeslice,3,98.7,8606,16126,53.4
1785431277.628,17:07:57,timeslice,4,98.0,8510,16126,52.8
1785431277.628,17:07:57,timeslice,5,98.5,8575,16126,53.2
1785431277.628,17:07:57,timeslice,6,98.7,8608,16126,53.4
1785431277.628,17:07:57,timeslice,7,98.7,8575,16126,53.2
1785431278.628,17:07:58,timeslice,0,98.2,10603,16126,65.8
1785431278.628,17:07:58,timeslice,1,96.7,10603,16126,65.8
1785431278.628,17:07:58,timeslice,2,96.5,10603,16126,65.8
1785431278.628,17:07:58,timeslice,3,96.5,10603,16126,65.8
1785431278.628,17:07:58,timeslice,4,96.7,10603,16126,65.8
1785431278.628,17:07:58,timeslice,5,96.6,10603,16126,65.8
1785431278.628,17:07:58,timeslice,6,96.8,10605,16126,65.8
1785431278.628,17:07:58,timeslice,7,96.2,10603,16126,65.8
1785431279.628,17:07:59,timeslice,0,98.2,10603,16126,65.8
1785431279.628,17:07:59,timeslice,1,96.7,10603,16126,65.8
1785431279.628,17:07:59,timeslice,2,96.5,10603,16126,65.8
1785431279.628,17:07:59,timeslice,3,96.5,10603,16126,65.8
1785431279.628,17:07:59,timeslice,4,96.7,10603,16126,65.8
1785431279.628,17:07:59,timeslice,5,96.6,10603,16126,65.8
1785431279.628,17:07:59,timeslice,6,96.8,10605,16126,65.8
1785431279.628,17:07:59,timeslice,7,96.2,10603,16126,65.8
1785431280.628,17:08:00,timeslice,0,98.2,10603,16126,65.8
1785431280.628,17:08:00,timeslice,1,96.7,10603,16126,65.8
1785431280.628,17:08:00,timeslice,2,96.5,10603,16126,65.8
1785431280.628,17:08:00,timeslice,3,96.5,10603,16126,65.8
1785431280.628,17:08:00,timeslice,4,96.7,10603,16126,65.8
1785431280.628,17:08:00,timeslice,5,96.6,10603,16126,65.8
1785431280.628,17:08:00,timeslice,6,96.8,10605,16126,65.8
1785431280.628,17:08:00,timeslice,7,96.2,10603,16126,65.8
1785431281.628,17:08:01,timeslice,0,98.2,10603,16126,65.8
1785431281.628,17:08:01,timeslice,1,96.7,10603,16126,65.8
1785431281.628,17:08:01,timeslice,2,96.5,10603,16126,65.8
1785431281.628,17:08:01,timeslice,3,96.5,10603,16126,65.8
1785431281.628,17:08:01,timeslice,4,96.7,10603,16126,65.8
1785431281.628,17:08:01,timeslice,5,96.6,10603,16126,65.8
1785431281.628,17:08:01,timeslice,6,96.8,10605,16126,65.8
1785431281.628,17:08:01,timeslice,7,96.2,10603,16126,65.8
1785431282.628,17:08:02,timeslice,0,98.2,10603,16126,65.8
1785431282.628,17:08:02,timeslice,1,96.7,10603,16126,65.8
1785431282.628,17:08:02,timeslice,2,96.5,10603,16126,65.8
1785431282.628,17:08:02,timeslice,3,96.5,10603,16126,65.8
1785431282.628,17:08:02,timeslice,4,96.7,10603,16126,65.8
1785431282.628,17:08:02,timeslice,5,96.6,10603,16126,65.8
1785431282.628,17:08:02,timeslice,6,96.8,10605,16126,65.8
1785431282.628,17:08:02,timeslice,7,96.2,10603,16126,65.8
1785431283.629,17:08:03,timeslice,0,100.0,8575,16126,53.2
1785431283.629,17:08:03,timeslice,1,100.0,8575,16126,53.2
1785431283.629,17:08:03,timeslice,2,100.0,8559,16126,53.1
1785431283.629,17:08:03,timeslice,3,100.0,8542,16126,53.0
1785431283.629,17:08:03,timeslice,4,99.9,8590,16126,53.3
1785431283.629,17:08:03,timeslice,5,100.0,8718,16126,54.1
1785431283.629,17:08:03,timeslice,6,100.0,8529,16126,52.9
1785431283.629,17:08:03,timeslice,7,100.0,8686,16126,53.9
1785431284.629,17:08:04,timeslice,0,100.0,8575,16126,53.2
1785431284.629,17:08:04,timeslice,1,100.0,8575,16126,53.2
1785431284.629,17:08:04,timeslice,2,100.0,8559,16126,53.1
1785431284.629,17:08:04,timeslice,3,100.0,8542,16126,53.0
1785431284.629,17:08:04,timeslice,4,99.9,8590,16126,53.3
1785431284.629,17:08:04,timeslice,5,100.0,8718,16126,54.1
1785431284.629,17:08:04,timeslice,6,100.0,8529,16126,52.9
1785431284.629,17:08:04,timeslice,7,100.0,8686,16126,53.9
1785431285.629,17:08:05,timeslice,0,100.0,8575,16126,53.2
1785431285.629,17:08:05,timeslice,1,100.0,8575,16126,53.2
1785431285.629,17:08:05,timeslice,2,100.0,8559,16126,53.1
1785431285.629,17:08:05,timeslice,3,100.0,8542,16126,53.0
1785431285.629,17:08:05,timeslice,4,99.9,8590,16126,53.3
1785431285.629,17:08:05,timeslice,5,100.0,8718,16126,54.1
1785431285.629,17:08:05,timeslice,6,100.0,8529,16126,52.9
1785431285.629,17:08:05,timeslice,7,100.0,8686,16126,53.9
1785431286.629,17:08:06,timeslice,0,100.0,8575,16126,53.2
1785431286.629,17:08:06,timeslice,1,100.0,8575,16126,53.2
1785431286.629,17:08:06,timeslice,2,100.0,8559,16126,53.1
1785431286.629,17:08:06,timeslice,3,100.0,8542,16126,53.0
1785431286.629,17:08:06,timeslice,4,99.9,8590,16126,53.3
1785431286.629,17:08:06,timeslice,5,100.0,8718,16126,54.1
1785431286.629,17:08:06,timeslice,6,100.0,8529,16126,52.9
1785431286.629,17:08:06,timeslice,7,100.0,8686,16126,53.9
1785431287.629,17:08:07,timeslice,0,100.0,8575,16126,53.2
1785431287.629,17:08:07,timeslice,1,100.0,8575,16126,53.2
1785431287.629,17:08:07,timeslice,2,100.0,8559,16126,53.1
1785431287.629,17:08:07,timeslice,3,100.0,8542,16126,53.0
1785431287.629,17:08:07,timeslice,4,99.9,8590,16126,53.3
1785431287.629,17:08:07,timeslice,5,100.0,8718,16126,54.1
1785431287.629,17:08:07,timeslice,6,100.0,8529,16126,52.9
1785431287.629,17:08:07,timeslice,7,100.0,8686,16126,53.9
1785431288.629,17:08:08,timeslice,0,97.8,10603,16126,65.8
1785431288.629,17:08:08,timeslice,1,97.9,10603,16126,65.8
1785431288.629,17:08:08,timeslice,2,97.9,10603,16126,65.8
1785431288.629,17:08:08,timeslice,3,98.0,10603,16126,65.8
1785431288.629,17:08:08,timeslice,4,97.6,10603,16126,65.8
1785431288.629,17:08:08,timeslice,5,97.5,10603,16126,65.8
1785431288.629,17:08:08,timeslice,6,98.2,10605,16126,65.8
1785431288.629,17:08:08,timeslice,7,97.6,10603,16126,65.8
1785431289.629,17:08:09,timeslice,0,97.8,10603,16126,65.8
1785431289.629,17:08:09,timeslice,1,97.9,10603,16126,65.8
1785431289.629,17:08:09,timeslice,2,97.9,10603,16126,65.8
1785431289.629,17:08:09,timeslice,3,98.0,10603,16126,65.8
1785431289.629,17:08:09,timeslice,4,97.6,10603,16126,65.8
1785431289.629,17:08:09,timeslice,5,97.5,10603,16126,65.8
1785431289.629,17:08:09,timeslice,6,98.2,10605,16126,65.8
1785431289.629,17:08:09,timeslice,7,97.6,10603,16126,65.8
1785431290.629,17:08:10,timeslice,0,97.8,10603,16126,65.8
1785431290.629,17:08:10,timeslice,1,97.9,10603,16126,65.8
1785431290.629,17:08:10,timeslice,2,97.9,10603,16126,65.8
1785431290.629,17:08:10,timeslice,3,98.0,10603,16126,65.8
1785431290.629,17:08:10,timeslice,4,97.6,10603,16126,65.8
1785431290.629,17:08:10,timeslice,5,97.5,10603,16126,65.8
1785431290.629,17:08:10,timeslice,6,98.2,10605,16126,65.8
1785431290.629,17:08:10,timeslice,7,97.6,10603,16126,65.8
1785431291.63,17:08:11,timeslice,0,97.8,10603,16126,65.8
1785431291.63,17:08:11,timeslice,1,97.9,10603,16126,65.8
1785431291.63,17:08:11,timeslice,2,97.9,10603,16126,65.8
1785431291.63,17:08:11,timeslice,3,98.0,10603,16126,65.8
1785431291.63,17:08:11,timeslice,4,97.6,10603,16126,65.8
1785431291.63,17:08:11,timeslice,5,97.5,10603,16126,65.8
1785431291.63,17:08:11,timeslice,6,98.2,10605,16126,65.8
1785431291.63,17:08:11,timeslice,7,97.6,10603,16126,65.8
1785431292.63,17:08:12,timeslice,0,97.8,10603,16126,65.8
1785431292.63,17:08:12,timeslice,1,97.9,10603,16126,65.8
1785431292.63,17:08:12,timeslice,2,97.9,10603,16126,65.8
1785431292.63,17:08:12,timeslice,3,98.0,10603,16126,65.8
1785431292.63,17:08:12,timeslice,4,97.6,10603,16126,65.8
1785431292.63,17:08:12,timeslice,5,97.5,10603,16126,65.8
1785431292.63,17:08:12,timeslice,6,98.2,10605,16126,65.8
1785431292.63,17:08:12,timeslice,7,97.6,10603,16126,65.8
1785431293.63,17:08:13,timeslice,0,96.3,10743,16126,66.6
1785431293.63,17:08:13,timeslice,1,99.1,8782,16126,54.5
1785431293.63,17:08:13,timeslice,2,99.2,8558,16126,53.1
1785431293.63,17:08:13,timeslice,3,99.4,8654,16126,53.7
1785431293.63,17:08:13,timeslice,4,99.0,8574,16126,53.2
1785431293.63,17:08:13,timeslice,5,99.2,8478,16126,52.6
1785431293.63,17:08:13,timeslice,6,99.5,8560,16126,53.1
1785431293.63,17:08:13,timeslice,7,99.3,8510,16126,52.8
1785431294.63,17:08:14,timeslice,0,96.3,10743,16126,66.6
1785431294.63,17:08:14,timeslice,1,99.1,8782,16126,54.5
1785431294.63,17:08:14,timeslice,2,99.2,8558,16126,53.1
1785431294.63,17:08:14,timeslice,3,99.4,8654,16126,53.7
1785431294.63,17:08:14,timeslice,4,99.0,8574,16126,53.2
1785431294.63,17:08:14,timeslice,5,99.2,8478,16126,52.6
1785431294.63,17:08:14,timeslice,6,99.5,8560,16126,53.1
1785431294.63,17:08:14,timeslice,7,99.3,8510,16126,52.8
1785431295.63,17:08:15,timeslice,0,96.3,10743,16126,66.6
1785431295.63,17:08:15,timeslice,1,99.1,8782,16126,54.5
1785431295.63,17:08:15,timeslice,2,99.2,8558,16126,53.1
1785431295.63,17:08:15,timeslice,3,99.4,8654,16126,53.7
1785431295.63,17:08:15,timeslice,4,99.0,8574,16126,53.2
1785431295.63,17:08:15,timeslice,5,99.2,8478,16126,52.6
1785431295.63,17:08:15,timeslice,6,99.5,8560,16126,53.1
1785431295.63,17:08:15,timeslice,7,99.3,8510,16126,52.8
1785431296.63,17:08:16,timeslice,0,96.3,10743,16126,66.6
1785431296.63,17:08:16,timeslice,1,99.1,8782,16126,54.5
1785431296.63,17:08:16,timeslice,2,99.2,8558,16126,53.1
1785431296.63,17:08:16,timeslice,3,99.4,8654,16126,53.7
1785431296.63,17:08:16,timeslice,4,99.0,8574,16126,53.2
1785431296.63,17:08:16,timeslice,5,99.2,8478,16126,52.6
1785431296.63,17:08:16,timeslice,6,99.5,8560,16126,53.1
1785431296.63,17:08:16,timeslice,7,99.3,8510,16126,52.8
1785431297.63,17:08:17,timeslice,0,96.3,10743,16126,66.6
1785431297.63,17:08:17,timeslice,1,99.1,8782,16126,54.5
1785431297.63,17:08:17,timeslice,2,99.2,8558,16126,53.1
1785431297.63,17:08:17,timeslice,3,99.4,8654,16126,53.7
1785431297.63,17:08:17,timeslice,4,99.0,8574,16126,53.2
1785431297.63,17:08:17,timeslice,5,99.2,8478,16126,52.6
1785431297.63,17:08:17,timeslice,6,99.5,8560,16126,53.1
1785431297.63,17:08:17,timeslice,7,99.3,8510,16126,52.8
1785431298.63,17:08:18,timeslice,0,100.0,10668,16126,66.2
1785431298.63,17:08:18,timeslice,1,98.6,10603,16126,65.8
1785431298.63,17:08:18,timeslice,2,98.2,10603,16126,65.8
1785431298.63,17:08:18,timeslice,3,98.4,10603,16126,65.8
1785431298.63,17:08:18,timeslice,4,98.2,10603,16126,65.8
1785431298.63,17:08:18,timeslice,5,98.4,10603,16126,65.8
1785431298.63,17:08:18,timeslice,6,98.4,10605,16126,65.8
1785431298.63,17:08:18,timeslice,7,98.5,10603,16126,65.8
1785431299.63,17:08:19,timeslice,0,100.0,10668,16126,66.2
1785431299.63,17:08:19,timeslice,1,98.6,10603,16126,65.8
1785431299.63,17:08:19,timeslice,2,98.2,10603,16126,65.8
1785431299.63,17:08:19,timeslice,3,98.4,10603,16126,65.8
1785431299.63,17:08:19,timeslice,4,98.2,10603,16126,65.8
1785431299.63,17:08:19,timeslice,5,98.4,10603,16126,65.8
1785431299.63,17:08:19,timeslice,6,98.4,10605,16126,65.8
1785431299.63,17:08:19,timeslice,7,98.5,10603,16126,65.8
1785431300.631,17:08:20,timeslice,0,100.0,10668,16126,66.2
1785431300.631,17:08:20,timeslice,1,98.6,10603,16126,65.8
1785431300.631,17:08:20,timeslice,2,98.2,10603,16126,65.8
1785431300.631,17:08:20,timeslice,3,98.4,10603,16126,65.8
1785431300.631,17:08:20,timeslice,4,98.2,10603,16126,65.8
1785431300.631,17:08:20,timeslice,5,98.4,10603,16126,65.8
1785431300.631,17:08:20,timeslice,6,98.4,10605,16126,65.8
1785431300.631,17:08:20,timeslice,7,98.5,10603,16126,65.8
1785431301.631,17:08:21,timeslice,0,100.0,10668,16126,66.2
1785431301.631,17:08:21,timeslice,1,98.6,10603,16126,65.8
1785431301.631,17:08:21,timeslice,2,98.2,10603,16126,65.8
1785431301.631,17:08:21,timeslice,3,98.4,10603,16126,65.8
1785431301.631,17:08:21,timeslice,4,98.2,10603,16126,65.8
1785431301.631,17:08:21,timeslice,5,98.4,10603,16126,65.8
1785431301.631,17:08:21,timeslice,6,98.4,10605,16126,65.8
1785431301.631,17:08:21,timeslice,7,98.5,10603,16126,65.8
1785431302.631,17:08:22,timeslice,0,100.0,10668,16126,66.2
1785431302.631,17:08:22,timeslice,1,98.6,10603,16126,65.8
1785431302.631,17:08:22,timeslice,2,98.2,10603,16126,65.8
1785431302.631,17:08:22,timeslice,3,98.4,10603,16126,65.8
1785431302.631,17:08:22,timeslice,4,98.2,10603,16126,65.8
1785431302.631,17:08:22,timeslice,5,98.4,10603,16126,65.8
1785431302.631,17:08:22,timeslice,6,98.4,10605,16126,65.8
1785431302.631,17:08:22,timeslice,7,98.5,10603,16126,65.8
1785431303.631,17:08:23,timeslice,0,97.3,10743,16126,66.6
1785431303.631,17:08:23,timeslice,1,97.0,10743,16126,66.6
1785431303.631,17:08:23,timeslice,2,96.9,10743,16126,66.6
1785431303.631,17:08:23,timeslice,3,97.2,10743,16126,66.6
1785431303.631,17:08:23,timeslice,4,96.7,10743,16126,66.6
1785431303.631,17:08:23,timeslice,5,97.2,10743,16126,66.6
1785431303.631,17:08:23,timeslice,6,97.2,10744,16126,66.6
1785431303.631,17:08:23,timeslice,7,97.1,10743,16126,66.6
1785431304.631,17:08:24,timeslice,0,97.3,10743,16126,66.6
1785431304.631,17:08:24,timeslice,1,97.0,10743,16126,66.6
1785431304.631,17:08:24,timeslice,2,96.9,10743,16126,66.6
1785431304.631,17:08:24,timeslice,3,97.2,10743,16126,66.6
1785431304.631,17:08:24,timeslice,4,96.7,10743,16126,66.6
1785431304.631,17:08:24,timeslice,5,97.2,10743,16126,66.6
1785431304.631,17:08:24,timeslice,6,97.2,10744,16126,66.6
1785431304.631,17:08:24,timeslice,7,97.1,10743,16126,66.6
1785431305.631,17:08:25,timeslice,0,97.3,10743,16126,66.6
1785431305.631,17:08:25,timeslice,1,97.0,10743,16126,66.6
1785431305.631,17:08:25,timeslice,2,96.9,10743,16126,66.6
1785431305.631,17:08:25,timeslice,3,97.2,10743,16126,66.6
1785431305.631,17:08:25,timeslice,4,96.7,10743,16126,66.6
1785431305.631,17:08:25,timeslice,5,97.2,10743,16126,66.6
1785431305.631,17:08:25,timeslice,6,97.2,10744,16126,66.6
1785431305.631,17:08:25,timeslice,7,97.1,10743,16126,66.6
1785431306.631,17:08:26,timeslice,0,97.3,10743,16126,66.6
1785431306.631,17:08:26,timeslice,1,97.0,10743,16126,66.6
1785431306.631,17:08:26,timeslice,2,96.9,10743,16126,66.6
1785431306.631,17:08:26,timeslice,3,97.2,10743,16126,66.6
1785431306.631,17:08:26,timeslice,4,96.7,10743,16126,66.6
1785431306.631,17:08:26,timeslice,5,97.2,10743,16126,66.6
1785431306.631,17:08:26,timeslice,6,97.2,10744,16126,66.6
1785431306.631,17:08:26,timeslice,7,97.1,10743,16126,66.6
1785431307.631,17:08:27,timeslice,0,97.3,10743,16126,66.6
1785431307.631,17:08:27,timeslice,1,97.0,10743,16126,66.6
1785431307.631,17:08:27,timeslice,2,96.9,10743,16126,66.6
1785431307.631,17:08:27,timeslice,3,97.2,10743,16126,66.6
1785431307.631,17:08:27,timeslice,4,96.7,10743,16126,66.6
1785431307.631,17:08:27,timeslice,5,97.2,10743,16126,66.6
1785431307.631,17:08:27,timeslice,6,97.2,10744,16126,66.6
1785431307.631,17:08:27,timeslice,7,97.1,10743,16126,66.6
1785431308.632,17:08:28,timeslice,0,99.8,8782,16126,54.5
1785431308.632,17:08:28,timeslice,1,100.0,8718,16126,54.1
1785431308.632,17:08:28,timeslice,2,100.0,8446,16126,52.4
1785431308.632,17:08:28,timeslice,3,100.0,8654,16126,53.7
1785431308.632,17:08:28,timeslice,4,100.0,8542,16126,53.0
1785431308.632,17:08:28,timeslice,5,100.0,8510,16126,52.8
1785431308.632,17:08:28,timeslice,6,100.0,8512,16126,52.8
1785431308.632,17:08:28,timeslice,7,99.9,8510,16126,52.8
1785431309.632,17:08:29,timeslice,0,99.8,8782,16126,54.5
1785431309.632,17:08:29,timeslice,1,100.0,8718,16126,54.1
1785431309.632,17:08:29,timeslice,2,100.0,8446,16126,52.4
1785431309.632,17:08:29,timeslice,3,100.0,8654,16126,53.7
1785431309.632,17:08:29,timeslice,4,100.0,8542,16126,53.0
1785431309.632,17:08:29,timeslice,5,100.0,8510,16126,52.8
1785431309.632,17:08:29,timeslice,6,100.0,8512,16126,52.8
1785431309.632,17:08:29,timeslice,7,99.9,8510,16126,52.8
1785431310.632,17:08:30,timeslice,0,99.8,8782,16126,54.5
1785431310.632,17:08:30,timeslice,1,100.0,8718,16126,54.1
1785431310.632,17:08:30,timeslice,2,100.0,8446,16126,52.4
1785431310.632,17:08:30,timeslice,3,100.0,8654,16126,53.7
1785431310.632,17:08:30,timeslice,4,100.0,8542,16126,53.0
1785431310.632,17:08:30,timeslice,5,100.0,8510,16126,52.8
1785431310.632,17:08:30,timeslice,6,100.0,8512,16126,52.8
1785431310.632,17:08:30,timeslice,7,99.9,8510,16126,52.8
1785431311.632,17:08:31,timeslice,0,99.8,8782,16126,54.5
1785431311.632,17:08:31,timeslice,1,100.0,8718,16126,54.1
1785431311.632,17:08:31,timeslice,2,100.0,8446,16126,52.4
1785431311.632,17:08:31,timeslice,3,100.0,8654,16126,53.7
1785431311.632,17:08:31,timeslice,4,100.0,8542,16126,53.0
1785431311.632,17:08:31,timeslice,5,100.0,8510,16126,52.8
1785431311.632,17:08:31,timeslice,6,100.0,8512,16126,52.8
1785431311.632,17:08:31,timeslice,7,99.9,8510,16126,52.8
1785431312.632,17:08:32,timeslice,0,99.8,8782,16126,54.5
1785431312.632,17:08:32,timeslice,1,100.0,8718,16126,54.1
1785431312.632,17:08:32,timeslice,2,100.0,8446,16126,52.4
1785431312.632,17:08:32,timeslice,3,100.0,8654,16126,53.7
1785431312.632,17:08:32,timeslice,4,100.0,8542,16126,53.0
1785431312.632,17:08:32,timeslice,5,100.0,8510,16126,52.8
1785431312.632,17:08:32,timeslice,6,100.0,8512,16126,52.8
1785431312.632,17:08:32,timeslice,7,99.9,8510,16126,52.8
1785431313.632,17:08:33,timeslice,0,98.0,10743,16126,66.6
1785431313.632,17:08:33,timeslice,1,98.0,10743,16126,66.6
1785431313.632,17:08:33,timeslice,2,98.0,10743,16126,66.6
1785431313.632,17:08:33,timeslice,3,98.2,10743,16126,66.6
1785431313.632,17:08:33,timeslice,4,98.7,10743,16126,66.6
1785431313.632,17:08:33,timeslice,5,98.0,10743,16126,66.6
1785431313.632,17:08:33,timeslice,6,98.4,10744,16126,66.6
1785431313.632,17:08:33,timeslice,7,97.8,10743,16126,66.6
1785431314.632,17:08:34,timeslice,0,98.0,10743,16126,66.6
1785431314.632,17:08:34,timeslice,1,98.0,10743,16126,66.6
1785431314.632,17:08:34,timeslice,2,98.0,10743,16126,66.6
1785431314.632,17:08:34,timeslice,3,98.2,10743,16126,66.6
1785431314.632,17:08:34,timeslice,4,98.7,10743,16126,66.6
1785431314.632,17:08:34,timeslice,5,98.0,10743,16126,66.6
1785431314.632,17:08:34,timeslice,6,98.4,10744,16126,66.6
1785431314.632,17:08:34,timeslice,7,97.8,10743,16126,66.6
1785431315.632,17:08:35,timeslice,0,98.0,10743,16126,66.6
1785431315.632,17:08:35,timeslice,1,98.0,10743,16126,66.6
1785431315.632,17:08:35,timeslice,2,98.0,10743,16126,66.6
1785431315.632,17:08:35,timeslice,3,98.2,10743,16126,66.6
1785431315.632,17:08:35,timeslice,4,98.7,10743,16126,66.6
1785431315.632,17:08:35,timeslice,5,98.0,10743,16126,66.6
1785431315.632,17:08:35,timeslice,6,98.4,10744,16126,66.6
1785431315.632,17:08:35,timeslice,7,97.8,10743,16126,66.6
1785431316.632,17:08:36,timeslice,0,98.0,10743,16126,66.6
1785431316.632,17:08:36,timeslice,1,98.0,10743,16126,66.6
1785431316.632,17:08:36,timeslice,2,98.0,10743,16126,66.6
1785431316.632,17:08:36,timeslice,3,98.2,10743,16126,66.6
1785431316.632,17:08:36,timeslice,4,98.7,10743,16126,66.6
1785431316.632,17:08:36,timeslice,5,98.0,10743,16126,66.6
1785431316.632,17:08:36,timeslice,6,98.4,10744,16126,66.6
1785431316.632,17:08:36,timeslice,7,97.8,10743,16126,66.6
1785431317.633,17:08:37,timeslice,0,98.0,10743,16126,66.6
1785431317.633,17:08:37,timeslice,1,98.0,10743,16126,66.6
1785431317.633,17:08:37,timeslice,2,98.0,10743,16126,66.6
1785431317.633,17:08:37,timeslice,3,98.2,10743,16126,66.6
1785431317.633,17:08:37,timeslice,4,98.7,10743,16126,66.6
1785431317.633,17:08:37,timeslice,5,98.0,10743,16126,66.6
1785431317.633,17:08:37,timeslice,6,98.4,10744,16126,66.6
1785431317.633,17:08:37,timeslice,7,97.8,10743,16126,66.6
1785431318.633,17:08:38,timeslice,0,98.8,8606,16126,53.4
1785431318.633,17:08:38,timeslice,1,99.1,8606,16126,53.4
1785431318.633,17:08:38,timeslice,2,99.0,8590,16126,53.3
1785431318.633,17:08:38,timeslice,3,99.5,8558,16126,53.1
1785431318.633,17:08:38,timeslice,4,99.0,8510,16126,52.8
1785431318.633,17:08:38,timeslice,5,99.3,8575,16126,53.2
1785431318.633,17:08:38,timeslice,6,98.9,8560,16126,53.1
1785431318.633,17:08:38,timeslice,7,99.4,8575,16126,53.2
1785431319.633,17:08:39,timeslice,0,98.8,8606,16126,53.4
1785431319.633,17:08:39,timeslice,1,99.1,8606,16126,53.4
1785431319.633,17:08:39,timeslice,2,99.0,8590,16126,53.3
1785431319.633,17:08:39,timeslice,3,99.5,8558,16126,53.1
1785431319.633,17:08:39,timeslice,4,99.0,8510,16126,52.8
1785431319.633,17:08:39,timeslice,5,99.3,8575,16126,53.2
1785431319.633,17:08:39,timeslice,6,98.9,8560,16126,53.1
1785431319.633,17:08:39,timeslice,7,99.4,8575,16126,53.2
1785431320.633,17:08:40,timeslice,0,98.8,8606,16126,53.4
1785431320.633,17:08:40,timeslice,1,99.1,8606,16126,53.4
1785431320.633,17:08:40,timeslice,2,99.0,8590,16126,53.3
1785431320.633,17:08:40,timeslice,3,99.5,8558,16126,53.1
1785431320.633,17:08:40,timeslice,4,99.0,8510,16126,52.8
1785431320.633,17:08:40,timeslice,5,99.3,8575,16126,53.2
1785431320.633,17:08:40,timeslice,6,98.9,8560,16126,53.1
1785431320.633,17:08:40,timeslice,7,99.4,8575,16126,53.2
1785431321.633,17:08:41,timeslice,0,98.8,8606,16126,53.4
1785431321.633,17:08:41,timeslice,1,99.1,8606,16126,53.4
1785431321.633,17:08:41,timeslice,2,99.0,8590,16126,53.3
1785431321.633,17:08:41,timeslice,3,99.5,8558,16126,53.1
1785431321.633,17:08:41,timeslice,4,99.0,8510,16126,52.8
1785431321.633,17:08:41,timeslice,5,99.3,8575,16126,53.2
1785431321.633,17:08:41,timeslice,6,98.9,8560,16126,53.1
1785431321.633,17:08:41,timeslice,7,99.4,8575,16126,53.2
1785431322.633,17:08:42,timeslice,0,98.8,8606,16126,53.4
1785431322.633,17:08:42,timeslice,1,99.1,8606,16126,53.4
1785431322.633,17:08:42,timeslice,2,99.0,8590,16126,53.3
1785431322.633,17:08:42,timeslice,3,99.5,8558,16126,53.1
1785431322.633,17:08:42,timeslice,4,99.0,8510,16126,52.8
1785431322.633,17:08:42,timeslice,5,99.3,8575,16126,53.2
1785431322.633,17:08:42,timeslice,6,98.9,8560,16126,53.1
1785431322.633,17:08:42,timeslice,7,99.4,8575,16126,53.2
1785431323.633,17:08:43,timeslice,0,96.4,10604,16126,65.8
1785431323.633,17:08:43,timeslice,1,96.4,10603,16126,65.8
1785431323.633,17:08:43,timeslice,2,96.4,10604,16126,65.8
1785431323.633,17:08:43,timeslice,3,96.3,10604,16126,65.8
1785431323.633,17:08:43,timeslice,4,96.4,10603,16126,65.8
1785431323.633,17:08:43,timeslice,5,96.7,10603,16126,65.8
1785431323.633,17:08:43,timeslice,6,96.3,10605,16126,65.8
1785431323.633,17:08:43,timeslice,7,96.5,10604,16126,65.8
1785431324.633,17:08:44,timeslice,0,96.4,10604,16126,65.8
1785431324.633,17:08:44,timeslice,1,96.4,10603,16126,65.8
1785431324.633,17:08:44,timeslice,2,96.4,10604,16126,65.8
1785431324.633,17:08:44,timeslice,3,96.3,10604,16126,65.8
1785431324.633,17:08:44,timeslice,4,96.4,10603,16126,65.8
1785431324.633,17:08:44,timeslice,5,96.7,10603,16126,65.8
1785431324.633,17:08:44,timeslice,6,96.3,10605,16126,65.8
1785431324.633,17:08:44,timeslice,7,96.5,10604,16126,65.8
1785431325.634,17:08:45,timeslice,0,96.4,10604,16126,65.8
1785431325.634,17:08:45,timeslice,1,96.4,10603,16126,65.8
1785431325.634,17:08:45,timeslice,2,96.4,10604,16126,65.8
1785431325.634,17:08:45,timeslice,3,96.3,10604,16126,65.8
1785431325.634,17:08:45,timeslice,4,96.4,10603,16126,65.8
1785431325.634,17:08:45,timeslice,5,96.7,10603,16126,65.8
1785431325.634,17:08:45,timeslice,6,96.3,10605,16126,65.8
1785431325.634,17:08:45,timeslice,7,96.5,10604,16126,65.8
1785431326.634,17:08:46,timeslice,0,96.4,10604,16126,65.8
1785431326.634,17:08:46,timeslice,1,96.4,10603,16126,65.8
1785431326.634,17:08:46,timeslice,2,96.4,10604,16126,65.8
1785431326.634,17:08:46,timeslice,3,96.3,10604,16126,65.8
1785431326.634,17:08:46,timeslice,4,96.4,10603,16126,65.8
1785431326.634,17:08:46,timeslice,5,96.7,10603,16126,65.8
1785431326.634,17:08:46,timeslice,6,96.3,10605,16126,65.8
1785431326.634,17:08:46,timeslice,7,96.5,10604,16126,65.8
1785431327.634,17:08:47,timeslice,0,96.4,10604,16126,65.8
1785431327.634,17:08:47,timeslice,1,96.4,10603,16126,65.8
1785431327.634,17:08:47,timeslice,2,96.4,10604,16126,65.8
1785431327.634,17:08:47,timeslice,3,96.3,10604,16126,65.8
1785431327.634,17:08:47,timeslice,4,96.4,10603,16126,65.8
1785431327.634,17:08:47,timeslice,5,96.7,10603,16126,65.8
1785431327.634,17:08:47,timeslice,6,96.3,10605,16126,65.8
1785431327.634,17:08:47,timeslice,7,96.5,10604,16126,65.8
1785431328.634,17:08:48,timeslice,0,100.0,8575,16126,53.2
1785431328.634,17:08:48,timeslice,1,100.0,8622,16126,53.5
1785431328.634,17:08:48,timeslice,2,100.0,8478,16126,52.6
1785431328.634,17:08:48,timeslice,3,100.0,8638,16126,53.6
1785431328.634,17:08:48,timeslice,4,100.0,8590,16126,53.3
1785431328.634,17:08:48,timeslice,5,100.0,8558,16126,53.1
1785431328.634,17:08:48,timeslice,6,100.0,8496,16126,52.7
1785431328.634,17:08:48,timeslice,7,100.0,8558,16126,53.1
1785431329.634,17:08:49,timeslice,0,100.0,8575,16126,53.2
1785431329.634,17:08:49,timeslice,1,100.0,8622,16126,53.5
1785431329.634,17:08:49,timeslice,2,100.0,8478,16126,52.6
1785431329.634,17:08:49,timeslice,3,100.0,8638,16126,53.6
1785431329.634,17:08:49,timeslice,4,100.0,8590,16126,53.3
1785431329.634,17:08:49,timeslice,5,100.0,8558,16126,53.1
1785431329.634,17:08:49,timeslice,6,100.0,8496,16126,52.7
1785431329.634,17:08:49,timeslice,7,100.0,8558,16126,53.1
1785431330.634,17:08:50,timeslice,0,100.0,8575,16126,53.2
1785431330.634,17:08:50,timeslice,1,100.0,8622,16126,53.5
1785431330.634,17:08:50,timeslice,2,100.0,8478,16126,52.6
1785431330.634,17:08:50,timeslice,3,100.0,8638,16126,53.6
1785431330.634,17:08:50,timeslice,4,100.0,8590,16126,53.3
1785431330.634,17:08:50,timeslice,5,100.0,8558,16126,53.1
1785431330.634,17:08:50,timeslice,6,100.0,8496,16126,52.7
1785431330.634,17:08:50,timeslice,7,100.0,8558,16126,53.1
1785431331.634,17:08:51,timeslice,0,100.0,8575,16126,53.2
1785431331.634,17:08:51,timeslice,1,100.0,8622,16126,53.5
1785431331.634,17:08:51,timeslice,2,100.0,8478,16126,52.6
1785431331.634,17:08:51,timeslice,3,100.0,8638,16126,53.6
1785431331.634,17:08:51,timeslice,4,100.0,8590,16126,53.3
1785431331.634,17:08:51,timeslice,5,100.0,8558,16126,53.1
1785431331.634,17:08:51,timeslice,6,100.0,8496,16126,52.7
1785431331.634,17:08:51,timeslice,7,100.0,8558,16126,53.1
1785431332.634,17:08:52,timeslice,0,100.0,8575,16126,53.2
1785431332.634,17:08:52,timeslice,1,100.0,8622,16126,53.5
1785431332.634,17:08:52,timeslice,2,100.0,8478,16126,52.6
1785431332.634,17:08:52,timeslice,3,100.0,8638,16126,53.6
1785431332.634,17:08:52,timeslice,4,100.0,8590,16126,53.3
1785431332.634,17:08:52,timeslice,5,100.0,8558,16126,53.1
1785431332.634,17:08:52,timeslice,6,100.0,8496,16126,52.7
1785431332.634,17:08:52,timeslice,7,100.0,8558,16126,53.1
1785431333.635,17:08:53,timeslice,0,97.7,10604,16126,65.8
1785431333.635,17:08:53,timeslice,1,98.0,10603,16126,65.8
1785431333.635,17:08:53,timeslice,2,97.7,10604,16126,65.8
1785431333.635,17:08:53,timeslice,3,98.5,10604,16126,65.8
1785431333.635,17:08:53,timeslice,4,98.4,10603,16126,65.8
1785431333.635,17:08:53,timeslice,5,98.5,10603,16126,65.8
1785431333.635,17:08:53,timeslice,6,98.3,10605,16126,65.8
1785431333.635,17:08:53,timeslice,7,97.8,10603,16126,65.8
1785431334.635,17:08:54,timeslice,0,97.7,10604,16126,65.8
1785431334.635,17:08:54,timeslice,1,98.0,10603,16126,65.8
1785431334.635,17:08:54,timeslice,2,97.7,10604,16126,65.8
1785431334.635,17:08:54,timeslice,3,98.5,10604,16126,65.8
1785431334.635,17:08:54,timeslice,4,98.4,10603,16126,65.8
1785431334.635,17:08:54,timeslice,5,98.5,10603,16126,65.8
1785431334.635,17:08:54,timeslice,6,98.3,10605,16126,65.8
1785431334.635,17:08:54,timeslice,7,97.8,10603,16126,65.8
1785431335.635,17:08:55,timeslice,0,97.7,10604,16126,65.8
1785431335.635,17:08:55,timeslice,1,98.0,10603,16126,65.8
1785431335.635,17:08:55,timeslice,2,97.7,10604,16126,65.8
1785431335.635,17:08:55,timeslice,3,98.5,10604,16126,65.8
1785431335.635,17:08:55,timeslice,4,98.4,10603,16126,65.8
1785431335.635,17:08:55,timeslice,5,98.5,10603,16126,65.8
1785431335.635,17:08:55,timeslice,6,98.3,10605,16126,65.8
1785431335.635,17:08:55,timeslice,7,97.8,10603,16126,65.8
1785431336.635,17:08:56,timeslice,0,97.7,10604,16126,65.8
1785431336.635,17:08:56,timeslice,1,98.0,10603,16126,65.8
1785431336.635,17:08:56,timeslice,2,97.7,10604,16126,65.8
1785431336.635,17:08:56,timeslice,3,98.5,10604,16126,65.8
1785431336.635,17:08:56,timeslice,4,98.4,10603,16126,65.8
1785431336.635,17:08:56,timeslice,5,98.5,10603,16126,65.8
1785431336.635,17:08:56,timeslice,6,98.3,10605,16126,65.8
1785431336.635,17:08:56,timeslice,7,97.8,10603,16126,65.8
1785431337.635,17:08:57,timeslice,0,97.7,10604,16126,65.8
1785431337.635,17:08:57,timeslice,1,98.0,10603,16126,65.8
1785431337.635,17:08:57,timeslice,2,97.7,10604,16126,65.8
1785431337.635,17:08:57,timeslice,3,98.5,10604,16126,65.8
1785431337.635,17:08:57,timeslice,4,98.4,10603,16126,65.8
1785431337.635,17:08:57,timeslice,5,98.5,10603,16126,65.8
1785431337.635,17:08:57,timeslice,6,98.3,10605,16126,65.8
1785431337.635,17:08:57,timeslice,7,97.8,10603,16126,65.8
1785431338.635,17:08:58,timeslice,0,99.1,8559,16126,53.1
1785431338.635,17:08:58,timeslice,1,99.6,8510,16126,52.8
1785431338.635,17:08:58,timeslice,2,99.2,8542,16126,53.0
1785431338.635,17:08:58,timeslice,3,99.4,8462,16126,52.5
1785431338.635,17:08:58,timeslice,4,99.7,8446,16126,52.4
1785431338.635,17:08:58,timeslice,5,99.8,8510,16126,52.8
1785431338.635,17:08:58,timeslice,6,99.7,8576,16126,53.2
1785431338.635,17:08:58,timeslice,7,99.5,8510,16126,52.8
1785431339.635,17:08:59,timeslice,0,99.1,8559,16126,53.1
1785431339.635,17:08:59,timeslice,1,99.6,8510,16126,52.8
1785431339.635,17:08:59,timeslice,2,99.2,8542,16126,53.0
1785431339.635,17:08:59,timeslice,3,99.4,8462,16126,52.5
1785431339.635,17:08:59,timeslice,4,99.7,8446,16126,52.4
1785431339.635,17:08:59,timeslice,5,99.8,8510,16126,52.8
1785431339.635,17:08:59,timeslice,6,99.7,8576,16126,53.2
1785431339.635,17:08:59,timeslice,7,99.5,8510,16126,52.8
1785431340.635,17:09:00,timeslice,0,99.1,8559,16126,53.1
1785431340.635,17:09:00,timeslice,1,99.6,8510,16126,52.8
1785431340.635,17:09:00,timeslice,2,99.2,8542,16126,53.0
1785431340.635,17:09:00,timeslice,3,99.4,8462,16126,52.5
1785431340.635,17:09:00,timeslice,4,99.7,8446,16126,52.4
1785431340.635,17:09:00,timeslice,5,99.8,8510,16126,52.8
1785431340.635,17:09:00,timeslice,6,99.7,8576,16126,53.2
1785431340.635,17:09:00,timeslice,7,99.5,8510,16126,52.8
1785431341.635,17:09:01,timeslice,0,99.1,8559,16126,53.1
1785431341.635,17:09:01,timeslice,1,99.6,8510,16126,52.8
1785431341.635,17:09:01,timeslice,2,99.2,8542,16126,53.0
1785431341.635,17:09:01,timeslice,3,99.4,8462,16126,52.5
1785431341.635,17:09:01,timeslice,4,99.7,8446,16126,52.4
1785431341.635,17:09:01,timeslice,5,99.8,8510,16126,52.8
1785431341.635,17:09:01,timeslice,6,99.7,8576,16126,53.2
1785431341.635,17:09:01,timeslice,7,99.5,8510,16126,52.8
1785431342.636,17:09:02,timeslice,0,99.1,8559,16126,53.1
1785431342.636,17:09:02,timeslice,1,99.6,8510,16126,52.8
1785431342.636,17:09:02,timeslice,2,99.2,8542,16126,53.0
1785431342.636,17:09:02,timeslice,3,99.4,8462,16126,52.5
1785431342.636,17:09:02,timeslice,4,99.7,8446,16126,52.4
1785431342.636,17:09:02,timeslice,5,99.8,8510,16126,52.8
1785431342.636,17:09:02,timeslice,6,99.7,8576,16126,53.2
1785431342.636,17:09:02,timeslice,7,99.5,8510,16126,52.8
1785431343.636,17:09:03,timeslice,0,97.7,10603,16126,65.8
1785431343.636,17:09:03,timeslice,1,98.2,10604,16126,65.8
1785431343.636,17:09:03,timeslice,2,98.3,10604,16126,65.8
1785431343.636,17:09:03,timeslice,3,98.3,10604,16126,65.8
1785431343.636,17:09:03,timeslice,4,98.4,10604,16126,65.8
1785431343.636,17:09:03,timeslice,5,98.5,10603,16126,65.8
1785431343.636,17:09:03,timeslice,6,98.2,10605,16126,65.8
1785431343.636,17:09:03,timeslice,7,98.2,10603,16126,65.8
1785431344.636,17:09:04,timeslice,0,97.7,10603,16126,65.8
1785431344.636,17:09:04,timeslice,1,98.2,10604,16126,65.8
1785431344.636,17:09:04,timeslice,2,98.3,10604,16126,65.8
1785431344.636,17:09:04,timeslice,3,98.3,10604,16126,65.8
1785431344.636,17:09:04,timeslice,4,98.4,10604,16126,65.8
1785431344.636,17:09:04,timeslice,5,98.5,10603,16126,65.8
1785431344.636,17:09:04,timeslice,6,98.2,10605,16126,65.8
1785431344.636,17:09:04,timeslice,7,98.2,10603,16126,65.8
1785431345.636,17:09:05,timeslice,0,97.7,10603,16126,65.8
1785431345.636,17:09:05,timeslice,1,98.2,10604,16126,65.8
1785431345.636,17:09:05,timeslice,2,98.3,10604,16126,65.8
1785431345.636,17:09:05,timeslice,3,98.3,10604,16126,65.8
1785431345.636,17:09:05,timeslice,4,98.4,10604,16126,65.8
1785431345.636,17:09:05,timeslice,5,98.5,10603,16126,65.8
1785431345.636,17:09:05,timeslice,6,98.2,10605,16126,65.8
1785431345.636,17:09:05,timeslice,7,98.2,10603,16126,65.8
1785431346.636,17:09:06,timeslice,0,97.7,10603,16126,65.8
1785431346.636,17:09:06,timeslice,1,98.2,10604,16126,65.8
1785431346.636,17:09:06,timeslice,2,98.3,10604,16126,65.8
1785431346.636,17:09:06,timeslice,3,98.3,10604,16126,65.8
1785431346.636,17:09:06,timeslice,4,98.4,10604,16126,65.8
1785431346.636,17:09:06,timeslice,5,98.5,10603,16126,65.8
1785431346.636,17:09:06,timeslice,6,98.2,10605,16126,65.8
1785431346.636,17:09:06,timeslice,7,98.2,10603,16126,65.8
1785431347.636,17:09:07,timeslice,0,97.7,10603,16126,65.8
1785431347.636,17:09:07,timeslice,1,98.2,10604,16126,65.8
1785431347.636,17:09:07,timeslice,2,98.3,10604,16126,65.8
1785431347.636,17:09:07,timeslice,3,98.3,10604,16126,65.8
1785431347.636,17:09:07,timeslice,4,98.4,10604,16126,65.8
1785431347.636,17:09:07,timeslice,5,98.5,10603,16126,65.8
1785431347.636,17:09:07,timeslice,6,98.2,10605,16126,65.8
1785431347.636,17:09:07,timeslice,7,98.2,10603,16126,65.8
1785431348.636,17:09:08,timeslice,0,97.1,10743,16126,66.6
1785431348.636,17:09:08,timeslice,1,96.7,10743,16126,66.6
1785431348.636,17:09:08,timeslice,2,96.9,10743,16126,66.6
1785431348.636,17:09:08,timeslice,3,96.8,10743,16126,66.6
1785431348.636,17:09:08,timeslice,4,96.5,10743,16126,66.6
1785431348.636,17:09:08,timeslice,5,96.4,10743,16126,66.6
1785431348.636,17:09:08,timeslice,6,96.7,10744,16126,66.6
1785431348.636,17:09:08,timeslice,7,96.6,10743,16126,66.6
1785431349.636,17:09:09,timeslice,0,97.1,10743,16126,66.6
1785431349.636,17:09:09,timeslice,1,96.7,10743,16126,66.6
1785431349.636,17:09:09,timeslice,2,96.9,10743,16126,66.6
1785431349.636,17:09:09,timeslice,3,96.8,10743,16126,66.6
1785431349.636,17:09:09,timeslice,4,96.5,10743,16126,66.6
1785431349.636,17:09:09,timeslice,5,96.4,10743,16126,66.6
1785431349.636,17:09:09,timeslice,6,96.7,10744,16126,66.6
1785431349.636,17:09:09,timeslice,7,96.6,10743,16126,66.6
1785431350.637,17:09:10,timeslice,0,97.1,10743,16126,66.6
1785431350.637,17:09:10,timeslice,1,96.7,10743,16126,66.6
1785431350.637,17:09:10,timeslice,2,96.9,10743,16126,66.6
1785431350.637,17:09:10,timeslice,3,96.8,10743,16126,66.6
1785431350.637,17:09:10,timeslice,4,96.5,10743,16126,66.6
1785431350.637,17:09:10,timeslice,5,96.4,10743,16126,66.6
1785431350.637,17:09:10,timeslice,6,96.7,10744,16126,66.6
1785431350.637,17:09:10,timeslice,7,96.6,10743,16126,66.6
1785431351.637,17:09:11,timeslice,0,97.1,10743,16126,66.6
1785431351.637,17:09:11,timeslice,1,96.7,10743,16126,66.6
1785431351.637,17:09:11,timeslice,2,96.9,10743,16126,66.6
1785431351.637,17:09:11,timeslice,3,96.8,10743,16126,66.6
1785431351.637,17:09:11,timeslice,4,96.5,10743,16126,66.6
1785431351.637,17:09:11,timeslice,5,96.4,10743,16126,66.6
1785431351.637,17:09:11,timeslice,6,96.7,10744,16126,66.6
1785431351.637,17:09:11,timeslice,7,96.6,10743,16126,66.6
1785431352.637,17:09:12,timeslice,0,97.1,10743,16126,66.6
1785431352.637,17:09:12,timeslice,1,96.7,10743,16126,66.6
1785431352.637,17:09:12,timeslice,2,96.9,10743,16126,66.6
1785431352.637,17:09:12,timeslice,3,96.8,10743,16126,66.6
1785431352.637,17:09:12,timeslice,4,96.5,10743,16126,66.6
1785431352.637,17:09:12,timeslice,5,96.4,10743,16126,66.6
1785431352.637,17:09:12,timeslice,6,96.7,10744,16126,66.6
1785431352.637,17:09:12,timeslice,7,96.6,10743,16126,66.6
1785431353.637,17:09:13,timeslice,0,100.0,8559,16126,53.1
1785431353.637,17:09:13,timeslice,1,100.0,8510,16126,52.8
1785431353.637,17:09:13,timeslice,2,100.0,8590,16126,53.3
1785431353.637,17:09:13,timeslice,3,100.0,8526,16126,52.9
1785431353.637,17:09:13,timeslice,4,100.0,8510,16126,52.8
1785431353.637,17:09:13,timeslice,5,100.0,8462,16126,52.5
1785431353.637,17:09:13,timeslice,6,100.0,8576,16126,53.2
1785431353.637,17:09:13,timeslice,7,100.0,8558,16126,53.1
1785431354.637,17:09:14,timeslice,0,100.0,8559,16126,53.1
1785431354.637,17:09:14,timeslice,1,100.0,8510,16126,52.8
1785431354.637,17:09:14,timeslice,2,100.0,8590,16126,53.3
1785431354.637,17:09:14,timeslice,3,100.0,8526,16126,52.9
1785431354.637,17:09:14,timeslice,4,100.0,8510,16126,52.8
1785431354.637,17:09:14,timeslice,5,100.0,8462,16126,52.5
1785431354.637,17:09:14,timeslice,6,100.0,8576,16126,53.2
1785431354.637,17:09:14,timeslice,7,100.0,8558,16126,53.1
1785431355.638,17:09:15,timeslice,0,100.0,8559,16126,53.1
1785431355.638,17:09:15,timeslice,1,100.0,8510,16126,52.8
1785431355.638,17:09:15,timeslice,2,100.0,8590,16126,53.3
1785431355.638,17:09:15,timeslice,3,100.0,8526,16126,52.9
1785431355.638,17:09:15,timeslice,4,100.0,8510,16126,52.8
1785431355.638,17:09:15,timeslice,5,100.0,8462,16126,52.5
1785431355.638,17:09:15,timeslice,6,100.0,8576,16126,53.2
1785431355.638,17:09:15,timeslice,7,100.0,8558,16126,53.1
1785431356.638,17:09:16,timeslice,0,100.0,8559,16126,53.1
1785431356.638,17:09:16,timeslice,1,100.0,8510,16126,52.8
1785431356.638,17:09:16,timeslice,2,100.0,8590,16126,53.3
1785431356.638,17:09:16,timeslice,3,100.0,8526,16126,52.9
1785431356.638,17:09:16,timeslice,4,100.0,8510,16126,52.8
1785431356.638,17:09:16,timeslice,5,100.0,8462,16126,52.5
1785431356.638,17:09:16,timeslice,6,100.0,8576,16126,53.2
1785431356.638,17:09:16,timeslice,7,100.0,8558,16126,53.1
1785431357.638,17:09:17,timeslice,0,100.0,8559,16126,53.1
1785431357.638,17:09:17,timeslice,1,100.0,8510,16126,52.8
1785431357.638,17:09:17,timeslice,2,100.0,8590,16126,53.3
1785431357.638,17:09:17,timeslice,3,100.0,8526,16126,52.9
1785431357.638,17:09:17,timeslice,4,100.0,8510,16126,52.8
1785431357.638,17:09:17,timeslice,5,100.0,8462,16126,52.5
1785431357.638,17:09:17,timeslice,6,100.0,8576,16126,53.2
1785431357.638,17:09:17,timeslice,7,100.0,8558,16126,53.1
1785431358.638,17:09:18,timeslice,0,98.7,10743,16126,66.6
1785431358.638,17:09:18,timeslice,1,98.1,10743,16126,66.6
1785431358.638,17:09:18,timeslice,2,98.4,10743,16126,66.6
1785431358.638,17:09:18,timeslice,3,98.7,10743,16126,66.6
1785431358.638,17:09:18,timeslice,4,98.0,10743,16126,66.6
1785431358.638,17:09:18,timeslice,5,97.8,10743,16126,66.6
1785431358.638,17:09:18,timeslice,6,98.7,10744,16126,66.6
1785431358.638,17:09:18,timeslice,7,98.5,10743,16126,66.6
1785431359.638,17:09:19,timeslice,0,98.7,10743,16126,66.6
1785431359.638,17:09:19,timeslice,1,98.1,10743,16126,66.6
1785431359.638,17:09:19,timeslice,2,98.4,10743,16126,66.6
1785431359.638,17:09:19,timeslice,3,98.7,10743,16126,66.6
1785431359.638,17:09:19,timeslice,4,98.0,10743,16126,66.6
1785431359.638,17:09:19,timeslice,5,97.8,10743,16126,66.6
1785431359.638,17:09:19,timeslice,6,98.7,10744,16126,66.6
1785431359.638,17:09:19,timeslice,7,98.5,10743,16126,66.6
1785431360.638,17:09:20,timeslice,0,98.7,10743,16126,66.6
1785431360.638,17:09:20,timeslice,1,98.1,10743,16126,66.6
1785431360.638,17:09:20,timeslice,2,98.4,10743,16126,66.6
1785431360.638,17:09:20,timeslice,3,98.7,10743,16126,66.6
1785431360.638,17:09:20,timeslice,4,98.0,10743,16126,66.6
1785431360.638,17:09:20,timeslice,5,97.8,10743,16126,66.6
1785431360.638,17:09:20,timeslice,6,98.7,10744,16126,66.6
1785431360.638,17:09:20,timeslice,7,98.5,10743,16126,66.6
1785431361.638,17:09:21,timeslice,0,98.7,10743,16126,66.6
1785431361.638,17:09:21,timeslice,1,98.1,10743,16126,66.6
1785431361.638,17:09:21,timeslice,2,98.4,10743,16126,66.6
1785431361.638,17:09:21,timeslice,3,98.7,10743,16126,66.6
1785431361.638,17:09:21,timeslice,4,98.0,10743,16126,66.6
1785431361.638,17:09:21,timeslice,5,97.8,10743,16126,66.6
1785431361.638,17:09:21,timeslice,6,98.7,10744,16126,66.6
1785431361.638,17:09:21,timeslice,7,98.5,10743,16126,66.6
1785431362.638,17:09:22,timeslice,0,98.7,10743,16126,66.6
1785431362.638,17:09:22,timeslice,1,98.1,10743,16126,66.6
1785431362.638,17:09:22,timeslice,2,98.4,10743,16126,66.6
1785431362.638,17:09:22,timeslice,3,98.7,10743,16126,66.6
1785431362.638,17:09:22,timeslice,4,98.0,10743,16126,66.6
1785431362.638,17:09:22,timeslice,5,97.8,10743,16126,66.6
1785431362.638,17:09:22,timeslice,6,98.7,10744,16126,66.6
1785431362.638,17:09:22,timeslice,7,98.5,10743,16126,66.6
1785431363.638,17:09:23,timeslice,0,99.7,8494,16126,52.7
1785431363.638,17:09:23,timeslice,1,99.4,8575,16126,53.2
1785431363.638,17:09:23,timeslice,2,99.2,8559,16126,53.1
1785431363.638,17:09:23,timeslice,3,99.6,8590,16126,53.3
1785431363.638,17:09:23,timeslice,4,99.7,8622,16126,53.5
1785431363.638,17:09:23,timeslice,5,99.5,8782,16126,54.5
1785431363.638,17:09:23,timeslice,6,99.9,8528,16126,52.9
1785431363.638,17:09:23,timeslice,7,99.6,8590,16126,53.3
1785431364.639,17:09:24,timeslice,0,99.7,8494,16126,52.7
1785431364.639,17:09:24,timeslice,1,99.4,8575,16126,53.2
1785431364.639,17:09:24,timeslice,2,99.2,8559,16126,53.1
1785431364.639,17:09:24,timeslice,3,99.6,8590,16126,53.3
1785431364.639,17:09:24,timeslice,4,99.7,8622,16126,53.5
1785431364.639,17:09:24,timeslice,5,99.5,8782,16126,54.5
1785431364.639,17:09:24,timeslice,6,99.9,8528,16126,52.9
1785431364.639,17:09:24,timeslice,7,99.6,8590,16126,53.3
1785431365.639,17:09:25,timeslice,0,99.7,8494,16126,52.7
1785431365.639,17:09:25,timeslice,1,99.4,8575,16126,53.2
1785431365.639,17:09:25,timeslice,2,99.2,8559,16126,53.1
1785431365.639,17:09:25,timeslice,3,99.6,8590,16126,53.3
1785431365.639,17:09:25,timeslice,4,99.7,8622,16126,53.5
1785431365.639,17:09:25,timeslice,5,99.5,8782,16126,54.5
1785431365.639,17:09:25,timeslice,6,99.9,8528,16126,52.9
1785431365.639,17:09:25,timeslice,7,99.6,8590,16126,53.3
1785431366.639,17:09:26,timeslice,0,99.7,8494,16126,52.7
1785431366.639,17:09:26,timeslice,1,99.4,8575,16126,53.2
1785431366.639,17:09:26,timeslice,2,99.2,8559,16126,53.1
1785431366.639,17:09:26,timeslice,3,99.6,8590,16126,53.3
1785431366.639,17:09:26,timeslice,4,99.7,8622,16126,53.5
1785431366.639,17:09:26,timeslice,5,99.5,8782,16126,54.5
1785431366.639,17:09:26,timeslice,6,99.9,8528,16126,52.9
1785431366.639,17:09:26,timeslice,7,99.6,8590,16126,53.3
1785431367.639,17:09:27,timeslice,0,99.7,8494,16126,52.7
1785431367.639,17:09:27,timeslice,1,99.4,8575,16126,53.2
1785431367.639,17:09:27,timeslice,2,99.2,8559,16126,53.1
1785431367.639,17:09:27,timeslice,3,99.6,8590,16126,53.3
1785431367.639,17:09:27,timeslice,4,99.7,8622,16126,53.5
1785431367.639,17:09:27,timeslice,5,99.5,8782,16126,54.5
1785431367.639,17:09:27,timeslice,6,99.9,8528,16126,52.9
1785431367.639,17:09:27,timeslice,7,99.6,8590,16126,53.3
1785431368.639,17:09:28,timeslice,0,96.1,10604,16126,65.8
1785431368.639,17:09:28,timeslice,1,96.1,10697,16126,66.3
1785431368.639,17:09:28,timeslice,2,98.5,10743,16126,66.6
1785431368.639,17:09:28,timeslice,3,98.6,10697,16126,66.3
1785431368.639,17:09:28,timeslice,4,95.7,10697,16126,66.3
1785431368.639,17:09:28,timeslice,5,98.6,10743,16126,66.6
1785431368.639,17:09:28,timeslice,6,98.5,10744,16126,66.6
1785431368.639,17:09:28,timeslice,7,98.5,10743,16126,66.6
1785431369.639,17:09:29,timeslice,0,96.1,10604,16126,65.8
1785431369.639,17:09:29,timeslice,1,96.1,10697,16126,66.3
1785431369.639,17:09:29,timeslice,2,98.5,10743,16126,66.6
1785431369.639,17:09:29,timeslice,3,98.6,10697,16126,66.3
1785431369.639,17:09:29,timeslice,4,95.7,10697,16126,66.3
1785431369.639,17:09:29,timeslice,5,98.6,10743,16126,66.6
1785431369.639,17:09:29,timeslice,6,98.5,10744,16126,66.6
1785431369.639,17:09:29,timeslice,7,98.5,10743,16126,66.6
1785431370.639,17:09:30,timeslice,0,96.1,10604,16126,65.8
1785431370.639,17:09:30,timeslice,1,96.1,10697,16126,66.3
1785431370.639,17:09:30,timeslice,2,98.5,10743,16126,66.6
1785431370.639,17:09:30,timeslice,3,98.6,10697,16126,66.3
1785431370.639,17:09:30,timeslice,4,95.7,10697,16126,66.3
1785431370.639,17:09:30,timeslice,5,98.6,10743,16126,66.6
1785431370.639,17:09:30,timeslice,6,98.5,10744,16126,66.6
1785431370.639,17:09:30,timeslice,7,98.5,10743,16126,66.6
1785431371.639,17:09:31,timeslice,0,96.1,10604,16126,65.8
1785431371.639,17:09:31,timeslice,1,96.1,10697,16126,66.3
1785431371.639,17:09:31,timeslice,2,98.5,10743,16126,66.6
1785431371.639,17:09:31,timeslice,3,98.6,10697,16126,66.3
1785431371.639,17:09:31,timeslice,4,95.7,10697,16126,66.3
1785431371.639,17:09:31,timeslice,5,98.6,10743,16126,66.6
1785431371.639,17:09:31,timeslice,6,98.5,10744,16126,66.6
1785431371.639,17:09:31,timeslice,7,98.5,10743,16126,66.6
1785431372.639,17:09:32,timeslice,0,96.1,10604,16126,65.8
1785431372.639,17:09:32,timeslice,1,96.1,10697,16126,66.3
1785431372.639,17:09:32,timeslice,2,98.5,10743,16126,66.6
1785431372.639,17:09:32,timeslice,3,98.6,10697,16126,66.3
1785431372.639,17:09:32,timeslice,4,95.7,10697,16126,66.3
1785431372.639,17:09:32,timeslice,5,98.6,10743,16126,66.6
1785431372.639,17:09:32,timeslice,6,98.5,10744,16126,66.6
1785431372.639,17:09:32,timeslice,7,98.5,10743,16126,66.6
1785431373.64,17:09:33,timeslice,0,96.9,10743,16126,66.6
1785431373.64,17:09:33,timeslice,1,96.4,10743,16126,66.6
1785431373.64,17:09:33,timeslice,2,94.7,10743,16126,66.6
1785431373.64,17:09:33,timeslice,3,93.9,10743,16126,66.6
1785431373.64,17:09:33,timeslice,4,97.1,10743,16126,66.6
1785431373.64,17:09:33,timeslice,5,94.6,10743,16126,66.6
1785431373.64,17:09:33,timeslice,6,94.9,10744,16126,66.6
1785431373.64,17:09:33,timeslice,7,94.1,10743,16126,66.6
1785431374.64,17:09:34,timeslice,0,96.9,10743,16126,66.6
1785431374.64,17:09:34,timeslice,1,96.4,10743,16126,66.6
1785431374.64,17:09:34,timeslice,2,94.7,10743,16126,66.6
1785431374.64,17:09:34,timeslice,3,93.9,10743,16126,66.6
1785431374.64,17:09:34,timeslice,4,97.1,10743,16126,66.6
1785431374.64,17:09:34,timeslice,5,94.6,10743,16126,66.6
1785431374.64,17:09:34,timeslice,6,94.9,10744,16126,66.6
1785431374.64,17:09:34,timeslice,7,94.1,10743,16126,66.6
1785431375.64,17:09:35,timeslice,0,96.9,10743,16126,66.6
1785431375.64,17:09:35,timeslice,1,96.4,10743,16126,66.6
1785431375.64,17:09:35,timeslice,2,94.7,10743,16126,66.6
1785431375.64,17:09:35,timeslice,3,93.9,10743,16126,66.6
1785431375.64,17:09:35,timeslice,4,97.1,10743,16126,66.6
1785431375.64,17:09:35,timeslice,5,94.6,10743,16126,66.6
1785431375.64,17:09:35,timeslice,6,94.9,10744,16126,66.6
1785431375.64,17:09:35,timeslice,7,94.1,10743,16126,66.6
1785431376.64,17:09:36,timeslice,0,96.9,10743,16126,66.6
1785431376.64,17:09:36,timeslice,1,96.4,10743,16126,66.6
1785431376.64,17:09:36,timeslice,2,94.7,10743,16126,66.6
1785431376.64,17:09:36,timeslice,3,93.9,10743,16126,66.6
1785431376.64,17:09:36,timeslice,4,97.1,10743,16126,66.6
1785431376.64,17:09:36,timeslice,5,94.6,10743,16126,66.6
1785431376.64,17:09:36,timeslice,6,94.9,10744,16126,66.6
1785431376.64,17:09:36,timeslice,7,94.1,10743,16126,66.6
1785431377.64,17:09:37,timeslice,0,96.9,10743,16126,66.6
1785431377.64,17:09:37,timeslice,1,96.4,10743,16126,66.6
1785431377.64,17:09:37,timeslice,2,94.7,10743,16126,66.6
1785431377.64,17:09:37,timeslice,3,93.9,10743,16126,66.6
1785431377.64,17:09:37,timeslice,4,97.1,10743,16126,66.6
1785431377.64,17:09:37,timeslice,5,94.6,10743,16126,66.6
1785431377.64,17:09:37,timeslice,6,94.9,10744,16126,66.6
1785431377.64,17:09:37,timeslice,7,94.1,10743,16126,66.6
1785431378.64,17:09:38,timeslice,0,99.3,8575,16126,53.2
1785431378.64,17:09:38,timeslice,1,99.4,8606,16126,53.4
1785431378.64,17:09:38,timeslice,2,99.3,8510,16126,52.8
1785431378.64,17:09:38,timeslice,3,100.0,8686,16126,53.9
1785431378.64,17:09:38,timeslice,4,99.4,8686,16126,53.9
1785431378.64,17:09:38,timeslice,5,99.6,8591,16126,53.3
1785431378.64,17:09:38,timeslice,6,99.8,8448,16126,52.4
1785431378.64,17:09:38,timeslice,7,99.6,8574,16126,53.2
1785431379.64,17:09:39,timeslice,0,99.3,8575,16126,53.2
1785431379.64,17:09:39,timeslice,1,99.4,8606,16126,53.4
1785431379.64,17:09:39,timeslice,2,99.3,8510,16126,52.8
1785431379.64,17:09:39,timeslice,3,100.0,8686,16126,53.9
1785431379.64,17:09:39,timeslice,4,99.4,8686,16126,53.9
1785431379.64,17:09:39,timeslice,5,99.6,8591,16126,53.3
1785431379.64,17:09:39,timeslice,6,99.8,8448,16126,52.4
1785431379.64,17:09:39,timeslice,7,99.6,8574,16126,53.2
1785431380.64,17:09:40,timeslice,0,99.3,8575,16126,53.2
1785431380.64,17:09:40,timeslice,1,99.4,8606,16126,53.4
1785431380.64,17:09:40,timeslice,2,99.3,8510,16126,52.8
1785431380.64,17:09:40,timeslice,3,100.0,8686,16126,53.9
1785431380.64,17:09:40,timeslice,4,99.4,8686,16126,53.9
1785431380.64,17:09:40,timeslice,5,99.6,8591,16126,53.3
1785431380.64,17:09:40,timeslice,6,99.8,8448,16126,52.4
1785431380.64,17:09:40,timeslice,7,99.6,8574,16126,53.2
1785431381.64,17:09:41,timeslice,0,99.3,8575,16126,53.2
1785431381.64,17:09:41,timeslice,1,99.4,8606,16126,53.4
1785431381.64,17:09:41,timeslice,2,99.3,8510,16126,52.8
1785431381.64,17:09:41,timeslice,3,100.0,8686,16126,53.9
1785431381.64,17:09:41,timeslice,4,99.4,8686,16126,53.9
1785431381.64,17:09:41,timeslice,5,99.6,8591,16126,53.3
1785431381.64,17:09:41,timeslice,6,99.8,8448,16126,52.4
1785431381.64,17:09:41,timeslice,7,99.6,8574,16126,53.2
1785431382.641,17:09:42,timeslice,0,99.3,8575,16126,53.2
1785431382.641,17:09:42,timeslice,1,99.4,8606,16126,53.4
1785431382.641,17:09:42,timeslice,2,99.3,8510,16126,52.8
1785431382.641,17:09:42,timeslice,3,100.0,8686,16126,53.9
1785431382.641,17:09:42,timeslice,4,99.4,8686,16126,53.9
1785431382.641,17:09:42,timeslice,5,99.6,8591,16126,53.3
1785431382.641,17:09:42,timeslice,6,99.8,8448,16126,52.4
1785431382.641,17:09:42,timeslice,7,99.6,8574,16126,53.2
1785431383.641,17:09:43,timeslice,0,96.1,10603,16126,65.8
1785431383.641,17:09:43,timeslice,1,96.0,10603,16126,65.8
1785431383.641,17:09:43,timeslice,2,95.8,10743,16126,66.6
1785431383.641,17:09:43,timeslice,3,98.4,10603,16126,65.8
1785431383.641,17:09:43,timeslice,4,95.2,10603,16126,65.8
1785431383.641,17:09:43,timeslice,5,98.5,10743,16126,66.6
1785431383.641,17:09:43,timeslice,6,98.9,10744,16126,66.6
1785431383.641,17:09:43,timeslice,7,98.7,10743,16126,66.6
1785431384.641,17:09:44,timeslice,0,96.1,10603,16126,65.8
1785431384.641,17:09:44,timeslice,1,96.0,10603,16126,65.8
1785431384.641,17:09:44,timeslice,2,95.8,10743,16126,66.6
1785431384.641,17:09:44,timeslice,3,98.4,10603,16126,65.8
1785431384.641,17:09:44,timeslice,4,95.2,10603,16126,65.8
1785431384.641,17:09:44,timeslice,5,98.5,10743,16126,66.6
1785431384.641,17:09:44,timeslice,6,98.9,10744,16126,66.6
1785431384.641,17:09:44,timeslice,7,98.7,10743,16126,66.6
1785431385.641,17:09:45,timeslice,0,96.1,10603,16126,65.8
1785431385.641,17:09:45,timeslice,1,96.0,10603,16126,65.8
1785431385.641,17:09:45,timeslice,2,95.8,10743,16126,66.6
1785431385.641,17:09:45,timeslice,3,98.4,10603,16126,65.8
1785431385.641,17:09:45,timeslice,4,95.2,10603,16126,65.8
1785431385.641,17:09:45,timeslice,5,98.5,10743,16126,66.6
1785431385.641,17:09:45,timeslice,6,98.9,10744,16126,66.6
1785431385.641,17:09:45,timeslice,7,98.7,10743,16126,66.6
1785431386.641,17:09:46,timeslice,0,96.1,10603,16126,65.8
1785431386.641,17:09:46,timeslice,1,96.0,10603,16126,65.8
1785431386.641,17:09:46,timeslice,2,95.8,10743,16126,66.6
1785431386.641,17:09:46,timeslice,3,98.4,10603,16126,65.8
1785431386.641,17:09:46,timeslice,4,95.2,10603,16126,65.8
1785431386.641,17:09:46,timeslice,5,98.5,10743,16126,66.6
1785431386.641,17:09:46,timeslice,6,98.9,10744,16126,66.6
1785431386.641,17:09:46,timeslice,7,98.7,10743,16126,66.6
1785431387.641,17:09:47,timeslice,0,96.1,10603,16126,65.8
1785431387.641,17:09:47,timeslice,1,96.0,10603,16126,65.8
1785431387.641,17:09:47,timeslice,2,95.8,10743,16126,66.6
1785431387.641,17:09:47,timeslice,3,98.4,10603,16126,65.8
1785431387.641,17:09:47,timeslice,4,95.2,10603,16126,65.8
1785431387.641,17:09:47,timeslice,5,98.5,10743,16126,66.6
1785431387.641,17:09:47,timeslice,6,98.9,10744,16126,66.6
1785431387.641,17:09:47,timeslice,7,98.7,10743,16126,66.6
1785431388.641,17:09:48,timeslice,0,100.0,8591,16126,53.3
1785431388.641,17:09:48,timeslice,1,100.0,8559,16126,53.1
1785431388.641,17:09:48,timeslice,2,100.0,8575,16126,53.2
1785431388.641,17:09:48,timeslice,3,98.4,8510,16126,52.8
1785431388.641,17:09:48,timeslice,4,100.0,8462,16126,52.5
1785431388.641,17:09:48,timeslice,5,98.6,8558,16126,53.1
1785431388.641,17:09:48,timeslice,6,99.2,8576,16126,53.2
1785431388.641,17:09:48,timeslice,7,98.9,8606,16126,53.4
1785431389.641,17:09:49,timeslice,0,100.0,8591,16126,53.3
1785431389.641,17:09:49,timeslice,1,100.0,8559,16126,53.1
1785431389.641,17:09:49,timeslice,2,100.0,8575,16126,53.2
1785431389.641,17:09:49,timeslice,3,98.4,8510,16126,52.8
1785431389.641,17:09:49,timeslice,4,100.0,8462,16126,52.5
1785431389.641,17:09:49,timeslice,5,98.6,8558,16126,53.1
1785431389.641,17:09:49,timeslice,6,99.2,8576,16126,53.2
1785431389.641,17:09:49,timeslice,7,98.9,8606,16126,53.4
1785431390.642,17:09:50,timeslice,0,100.0,8591,16126,53.3
1785431390.642,17:09:50,timeslice,1,100.0,8559,16126,53.1
1785431390.642,17:09:50,timeslice,2,100.0,8575,16126,53.2
1785431390.642,17:09:50,timeslice,3,98.4,8510,16126,52.8
1785431390.642,17:09:50,timeslice,4,100.0,8462,16126,52.5
1785431390.642,17:09:50,timeslice,5,98.6,8558,16126,53.1
1785431390.642,17:09:50,timeslice,6,99.2,8576,16126,53.2
1785431390.642,17:09:50,timeslice,7,98.9,8606,16126,53.4
1785431391.642,17:09:51,timeslice,0,100.0,8591,16126,53.3
1785431391.642,17:09:51,timeslice,1,100.0,8559,16126,53.1
1785431391.642,17:09:51,timeslice,2,100.0,8575,16126,53.2
1785431391.642,17:09:51,timeslice,3,98.4,8510,16126,52.8
1785431391.642,17:09:51,timeslice,4,100.0,8462,16126,52.5
1785431391.642,17:09:51,timeslice,5,98.6,8558,16126,53.1
1785431391.642,17:09:51,timeslice,6,99.2,8576,16126,53.2
1785431391.642,17:09:51,timeslice,7,98.9,8606,16126,53.4
1785431392.642,17:09:52,timeslice,0,100.0,8591,16126,53.3
1785431392.642,17:09:52,timeslice,1,100.0,8559,16126,53.1
1785431392.642,17:09:52,timeslice,2,100.0,8575,16126,53.2
1785431392.642,17:09:52,timeslice,3,98.4,8510,16126,52.8
1785431392.642,17:09:52,timeslice,4,100.0,8462,16126,52.5
1785431392.642,17:09:52,timeslice,5,98.6,8558,16126,53.1
1785431392.642,17:09:52,timeslice,6,99.2,8576,16126,53.2
1785431392.642,17:09:52,timeslice,7,98.9,8606,16126,53.4
1785431393.642,17:09:53,timeslice,0,98.5,10603,16126,65.8
1785431393.642,17:09:53,timeslice,1,98.4,10603,16126,65.8
1785431393.642,17:09:53,timeslice,2,98.8,10603,16126,65.8
1785431393.642,17:09:53,timeslice,3,96.8,10603,16126,65.8
1785431393.642,17:09:53,timeslice,4,97.3,10603,16126,65.8
1785431393.642,17:09:53,timeslice,5,97.1,10603,16126,65.8
1785431393.642,17:09:53,timeslice,6,97.0,10605,16126,65.8
1785431393.642,17:09:53,timeslice,7,97.2,10603,16126,65.8
1785431394.642,17:09:54,timeslice,0,98.5,10603,16126,65.8
1785431394.642,17:09:54,timeslice,1,98.4,10603,16126,65.8
1785431394.642,17:09:54,timeslice,2,98.8,10603,16126,65.8
1785431394.642,17:09:54,timeslice,3,96.8,10603,16126,65.8
1785431394.642,17:09:54,timeslice,4,97.3,10603,16126,65.8
1785431394.642,17:09:54,timeslice,5,97.1,10603,16126,65.8
1785431394.642,17:09:54,timeslice,6,97.0,10605,16126,65.8
1785431394.642,17:09:54,timeslice,7,97.2,10603,16126,65.8
1785431395.642,17:09:55,timeslice,0,98.5,10603,16126,65.8
1785431395.642,17:09:55,timeslice,1,98.4,10603,16126,65.8
1785431395.642,17:09:55,timeslice,2,98.8,10603,16126,65.8
1785431395.642,17:09:55,timeslice,3,96.8,10603,16126,65.8
1785431395.642,17:09:55,timeslice,4,97.3,10603,16126,65.8
1785431395.642,17:09:55,timeslice,5,97.1,10603,16126,65.8
1785431395.642,17:09:55,timeslice,6,97.0,10605,16126,65.8
1785431395.642,17:09:55,timeslice,7,97.2,10603,16126,65.8
1785431396.642,17:09:56,timeslice,0,98.5,10603,16126,65.8
1785431396.642,17:09:56,timeslice,1,98.4,10603,16126,65.8
1785431396.642,17:09:56,timeslice,2,98.8,10603,16126,65.8
1785431396.642,17:09:56,timeslice,3,96.8,10603,16126,65.8
1785431396.642,17:09:56,timeslice,4,97.3,10603,16126,65.8
1785431396.642,17:09:56,timeslice,5,97.1,10603,16126,65.8
1785431396.642,17:09:56,timeslice,6,97.0,10605,16126,65.8
1785431396.642,17:09:56,timeslice,7,97.2,10603,16126,65.8
1785431397.642,17:09:57,timeslice,0,98.5,10603,16126,65.8
1785431397.642,17:09:57,timeslice,1,98.4,10603,16126,65.8
1785431397.642,17:09:57,timeslice,2,98.8,10603,16126,65.8
1785431397.642,17:09:57,timeslice,3,96.8,10603,16126,65.8
1785431397.642,17:09:57,timeslice,4,97.3,10603,16126,65.8
1785431397.642,17:09:57,timeslice,5,97.1,10603,16126,65.8
1785431397.642,17:09:57,timeslice,6,97.0,10605,16126,65.8
1785431397.642,17:09:57,timeslice,7,97.2,10603,16126,65.8
1785431398.642,17:09:58,timeslice,0,99.8,8606,16126,53.4
1785431398.642,17:09:58,timeslice,1,100.0,8558,16126,53.1
1785431398.642,17:09:58,timeslice,2,100.0,8654,16126,53.7
1785431398.642,17:09:58,timeslice,3,100.0,8510,16126,52.8
1785431398.642,17:09:58,timeslice,4,100.0,8479,16126,52.6
1785431398.642,17:09:58,timeslice,5,100.0,8670,16126,53.8
1785431398.642,17:09:58,timeslice,6,100.0,8624,16126,53.5
1785431398.642,17:09:58,timeslice,7,100.0,8542,16126,53.0
1785431399.643,17:09:59,timeslice,0,99.8,8606,16126,53.4
1785431399.643,17:09:59,timeslice,1,100.0,8558,16126,53.1
1785431399.643,17:09:59,timeslice,2,100.0,8654,16126,53.7
1785431399.643,17:09:59,timeslice,3,100.0,8510,16126,52.8
1785431399.643,17:09:59,timeslice,4,100.0,8479,16126,52.6
1785431399.643,17:09:59,timeslice,5,100.0,8670,16126,53.8
1785431399.643,17:09:59,timeslice,6,100.0,8624,16126,53.5
1785431399.643,17:09:59,timeslice,7,100.0,8542,16126,53.0
1785431400.643,17:10:00,timeslice,0,99.8,8606,16126,53.4
1785431400.643,17:10:00,timeslice,1,100.0,8558,16126,53.1
1785431400.643,17:10:00,timeslice,2,100.0,8654,16126,53.7
1785431400.643,17:10:00,timeslice,3,100.0,8510,16126,52.8
1785431400.643,17:10:00,timeslice,4,100.0,8479,16126,52.6
1785431400.643,17:10:00,timeslice,5,100.0,8670,16126,53.8
1785431400.643,17:10:00,timeslice,6,100.0,8624,16126,53.5
1785431400.643,17:10:00,timeslice,7,100.0,8542,16126,53.0
1785431401.643,17:10:01,timeslice,0,99.8,8606,16126,53.4
1785431401.643,17:10:01,timeslice,1,100.0,8558,16126,53.1
1785431401.643,17:10:01,timeslice,2,100.0,8654,16126,53.7
1785431401.643,17:10:01,timeslice,3,100.0,8510,16126,52.8
1785431401.643,17:10:01,timeslice,4,100.0,8479,16126,52.6
1785431401.643,17:10:01,timeslice,5,100.0,8670,16126,53.8
1785431401.643,17:10:01,timeslice,6,100.0,8624,16126,53.5
1785431401.643,17:10:01,timeslice,7,100.0,8542,16126,53.0
1785431402.643,17:10:02,timeslice,0,99.8,8606,16126,53.4
1785431402.643,17:10:02,timeslice,1,100.0,8558,16126,53.1
1785431402.643,17:10:02,timeslice,2,100.0,8654,16126,53.7
1785431402.643,17:10:02,timeslice,3,100.0,8510,16126,52.8
1785431402.643,17:10:02,timeslice,4,100.0,8479,16126,52.6
1785431402.643,17:10:02,timeslice,5,100.0,8670,16126,53.8
1785431402.643,17:10:02,timeslice,6,100.0,8624,16126,53.5
1785431402.643,17:10:02,timeslice,7,100.0,8542,16126,53.0
1785431403.643,17:10:03,timeslice,0,98.2,10603,16126,65.8
1785431403.643,17:10:03,timeslice,1,98.3,10603,16126,65.8
1785431403.643,17:10:03,timeslice,2,98.2,10603,16126,65.8
1785431403.643,17:10:03,timeslice,3,97.8,10603,16126,65.8
1785431403.643,17:10:03,timeslice,4,97.8,10603,16126,65.8
1785431403.643,17:10:03,timeslice,5,97.6,10603,16126,65.8
1785431403.643,17:10:03,timeslice,6,98.5,10605,16126,65.8
1785431403.643,17:10:03,timeslice,7,98.1,10603,16126,65.8
1785431404.643,17:10:04,timeslice,0,98.2,10603,16126,65.8
1785431404.643,17:10:04,timeslice,1,98.3,10603,16126,65.8
1785431404.643,17:10:04,timeslice,2,98.2,10603,16126,65.8
1785431404.643,17:10:04,timeslice,3,97.8,10603,16126,65.8
1785431404.643,17:10:04,timeslice,4,97.8,10603,16126,65.8
1785431404.643,17:10:04,timeslice,5,97.6,10603,16126,65.8
1785431404.643,17:10:04,timeslice,6,98.5,10605,16126,65.8
1785431404.643,17:10:04,timeslice,7,98.1,10603,16126,65.8
1785431405.643,17:10:05,timeslice,0,98.2,10603,16126,65.8
1785431405.643,17:10:05,timeslice,1,98.3,10603,16126,65.8
1785431405.643,17:10:05,timeslice,2,98.2,10603,16126,65.8
1785431405.643,17:10:05,timeslice,3,97.8,10603,16126,65.8
1785431405.643,17:10:05,timeslice,4,97.8,10603,16126,65.8
1785431405.643,17:10:05,timeslice,5,97.6,10603,16126,65.8
1785431405.643,17:10:05,timeslice,6,98.5,10605,16126,65.8
1785431405.643,17:10:05,timeslice,7,98.1,10603,16126,65.8
1785431406.643,17:10:06,timeslice,0,98.2,10603,16126,65.8
1785431406.643,17:10:06,timeslice,1,98.3,10603,16126,65.8
1785431406.643,17:10:06,timeslice,2,98.2,10603,16126,65.8
1785431406.643,17:10:06,timeslice,3,97.8,10603,16126,65.8
1785431406.643,17:10:06,timeslice,4,97.8,10603,16126,65.8
1785431406.643,17:10:06,timeslice,5,97.6,10603,16126,65.8
1785431406.643,17:10:06,timeslice,6,98.5,10605,16126,65.8
1785431406.643,17:10:06,timeslice,7,98.1,10603,16126,65.8
1785431407.643,17:10:07,timeslice,0,98.2,10603,16126,65.8
1785431407.643,17:10:07,timeslice,1,98.3,10603,16126,65.8
1785431407.643,17:10:07,timeslice,2,98.2,10603,16126,65.8
1785431407.643,17:10:07,timeslice,3,97.8,10603,16126,65.8
1785431407.643,17:10:07,timeslice,4,97.8,10603,16126,65.8
1785431407.643,17:10:07,timeslice,5,97.6,10603,16126,65.8
1785431407.643,17:10:07,timeslice,6,98.5,10605,16126,65.8
1785431407.643,17:10:07,timeslice,7,98.1,10603,16126,65.8
1785431408.644,17:10:08,timeslice,0,97.0,10743,16126,66.6
1785431408.644,17:10:08,timeslice,1,96.7,10743,16126,66.6
1785431408.644,17:10:08,timeslice,2,96.5,8366,16126,51.9
1785431408.644,17:10:08,timeslice,3,96.5,10743,16126,66.6
1785431408.644,17:10:08,timeslice,4,96.6,10743,16126,66.6
1785431408.644,17:10:08,timeslice,5,96.4,8559,16126,53.1
1785431408.644,17:10:08,timeslice,6,96.6,8416,16126,52.2
1785431408.644,17:10:08,timeslice,7,99.4,8542,16126,53.0
1785431409.644,17:10:09,timeslice,0,97.0,10743,16126,66.6
1785431409.644,17:10:09,timeslice,1,96.7,10743,16126,66.6
1785431409.644,17:10:09,timeslice,2,96.5,8366,16126,51.9
1785431409.644,17:10:09,timeslice,3,96.5,10743,16126,66.6
1785431409.644,17:10:09,timeslice,4,96.6,10743,16126,66.6
1785431409.644,17:10:09,timeslice,5,96.4,8559,16126,53.1
1785431409.644,17:10:09,timeslice,6,96.6,8416,16126,52.2
1785431409.644,17:10:09,timeslice,7,99.4,8542,16126,53.0
1785431410.644,17:10:10,timeslice,0,97.0,10743,16126,66.6
1785431410.644,17:10:10,timeslice,1,96.7,10743,16126,66.6
1785431410.644,17:10:10,timeslice,2,96.5,8366,16126,51.9
1785431410.644,17:10:10,timeslice,3,96.5,10743,16126,66.6
1785431410.644,17:10:10,timeslice,4,96.6,10743,16126,66.6
1785431410.644,17:10:10,timeslice,5,96.4,8559,16126,53.1
1785431410.644,17:10:10,timeslice,6,96.6,8416,16126,52.2
1785431410.644,17:10:10,timeslice,7,99.4,8542,16126,53.0
1785431411.644,17:10:11,timeslice,0,97.0,10743,16126,66.6
1785431411.644,17:10:11,timeslice,1,96.7,10743,16126,66.6
1785431411.644,17:10:11,timeslice,2,96.5,8366,16126,51.9
1785431411.644,17:10:11,timeslice,3,96.5,10743,16126,66.6
1785431411.644,17:10:11,timeslice,4,96.6,10743,16126,66.6
1785431411.644,17:10:11,timeslice,5,96.4,8559,16126,53.1
1785431411.644,17:10:11,timeslice,6,96.6,8416,16126,52.2
1785431411.644,17:10:11,timeslice,7,99.4,8542,16126,53.0
1785431412.644,17:10:12,timeslice,0,97.0,10743,16126,66.6
1785431412.644,17:10:12,timeslice,1,96.7,10743,16126,66.6
1785431412.644,17:10:12,timeslice,2,96.5,8366,16126,51.9
1785431412.644,17:10:12,timeslice,3,96.5,10743,16126,66.6
1785431412.644,17:10:12,timeslice,4,96.6,10743,16126,66.6
1785431412.644,17:10:12,timeslice,5,96.4,8559,16126,53.1
1785431412.644,17:10:12,timeslice,6,96.6,8416,16126,52.2
1785431412.644,17:10:12,timeslice,7,99.4,8542,16126,53.0
1785431413.644,17:10:13,timeslice,0,100.0,8510,16126,52.8
1785431413.644,17:10:13,timeslice,1,100.0,10667,16126,66.1
1785431413.644,17:10:13,timeslice,2,100.0,10603,16126,65.8
1785431413.644,17:10:13,timeslice,3,100.0,10539,16126,65.4
1785431413.644,17:10:13,timeslice,4,100.0,10571,16126,65.6
1785431413.644,17:10:13,timeslice,5,100.0,10603,16126,65.8
1785431413.644,17:10:13,timeslice,6,100.0,10605,16126,65.8
1785431413.644,17:10:13,timeslice,7,98.6,10603,16126,65.8
1785431414.644,17:10:14,timeslice,0,100.0,8510,16126,52.8
1785431414.644,17:10:14,timeslice,1,100.0,10667,16126,66.1
1785431414.644,17:10:14,timeslice,2,100.0,10603,16126,65.8
1785431414.644,17:10:14,timeslice,3,100.0,10539,16126,65.4
1785431414.644,17:10:14,timeslice,4,100.0,10571,16126,65.6
1785431414.644,17:10:14,timeslice,5,100.0,10603,16126,65.8
1785431414.644,17:10:14,timeslice,6,100.0,10605,16126,65.8
1785431414.644,17:10:14,timeslice,7,98.6,10603,16126,65.8
1785431415.644,17:10:15,timeslice,0,100.0,8510,16126,52.8
1785431415.644,17:10:15,timeslice,1,100.0,10667,16126,66.1
1785431415.644,17:10:15,timeslice,2,100.0,10603,16126,65.8
1785431415.644,17:10:15,timeslice,3,100.0,10539,16126,65.4
1785431415.644,17:10:15,timeslice,4,100.0,10571,16126,65.6
1785431415.644,17:10:15,timeslice,5,100.0,10603,16126,65.8
1785431415.644,17:10:15,timeslice,6,100.0,10605,16126,65.8
1785431415.644,17:10:15,timeslice,7,98.6,10603,16126,65.8
1785431416.644,17:10:16,timeslice,0,100.0,8510,16126,52.8
1785431416.644,17:10:16,timeslice,1,100.0,10667,16126,66.1
1785431416.644,17:10:16,timeslice,2,100.0,10603,16126,65.8
1785431416.644,17:10:16,timeslice,3,100.0,10539,16126,65.4
1785431416.644,17:10:16,timeslice,4,100.0,10571,16126,65.6
1785431416.644,17:10:16,timeslice,5,100.0,10603,16126,65.8
1785431416.644,17:10:16,timeslice,6,100.0,10605,16126,65.8
1785431416.644,17:10:16,timeslice,7,98.6,10603,16126,65.8
1785431417.645,17:10:17,timeslice,0,100.0,8510,16126,52.8
1785431417.645,17:10:17,timeslice,1,100.0,10667,16126,66.1
1785431417.645,17:10:17,timeslice,2,100.0,10603,16126,65.8
1785431417.645,17:10:17,timeslice,3,100.0,10539,16126,65.4
1785431417.645,17:10:17,timeslice,4,100.0,10571,16126,65.6
1785431417.645,17:10:17,timeslice,5,100.0,10603,16126,65.8
1785431417.645,17:10:17,timeslice,6,100.0,10605,16126,65.8
1785431417.645,17:10:17,timeslice,7,98.6,10603,16126,65.8
1785431418.645,17:10:18,timeslice,0,97.9,10743,16126,66.6
1785431418.645,17:10:18,timeslice,1,98.3,10743,16126,66.6
1785431418.645,17:10:18,timeslice,2,98.2,10743,16126,66.6
1785431418.645,17:10:18,timeslice,3,98.3,10743,16126,66.6
1785431418.645,17:10:18,timeslice,4,98.2,10743,16126,66.6
1785431418.645,17:10:18,timeslice,5,98.3,10743,16126,66.6
1785431418.645,17:10:18,timeslice,6,98.1,10744,16126,66.6
1785431418.645,17:10:18,timeslice,7,97.3,10743,16126,66.6
1785431419.645,17:10:19,timeslice,0,97.9,10743,16126,66.6
1785431419.645,17:10:19,timeslice,1,98.3,10743,16126,66.6
1785431419.645,17:10:19,timeslice,2,98.2,10743,16126,66.6
1785431419.645,17:10:19,timeslice,3,98.3,10743,16126,66.6
1785431419.645,17:10:19,timeslice,4,98.2,10743,16126,66.6
1785431419.645,17:10:19,timeslice,5,98.3,10743,16126,66.6
1785431419.645,17:10:19,timeslice,6,98.1,10744,16126,66.6
1785431419.645,17:10:19,timeslice,7,97.3,10743,16126,66.6
1785431420.645,17:10:20,timeslice,0,97.9,10743,16126,66.6
1785431420.645,17:10:20,timeslice,1,98.3,10743,16126,66.6
1785431420.645,17:10:20,timeslice,2,98.2,10743,16126,66.6
1785431420.645,17:10:20,timeslice,3,98.3,10743,16126,66.6
1785431420.645,17:10:20,timeslice,4,98.2,10743,16126,66.6
1785431420.645,17:10:20,timeslice,5,98.3,10743,16126,66.6
1785431420.645,17:10:20,timeslice,6,98.1,10744,16126,66.6
1785431420.645,17:10:20,timeslice,7,97.3,10743,16126,66.6
1785431421.645,17:10:21,timeslice,0,97.9,10743,16126,66.6
1785431421.645,17:10:21,timeslice,1,98.3,10743,16126,66.6
1785431421.645,17:10:21,timeslice,2,98.2,10743,16126,66.6
1785431421.645,17:10:21,timeslice,3,98.3,10743,16126,66.6
1785431421.645,17:10:21,timeslice,4,98.2,10743,16126,66.6
1785431421.645,17:10:21,timeslice,5,98.3,10743,16126,66.6
1785431421.645,17:10:21,timeslice,6,98.1,10744,16126,66.6
1785431421.645,17:10:21,timeslice,7,97.3,10743,16126,66.6
1785431422.645,17:10:22,timeslice,0,97.9,10743,16126,66.6
1785431422.645,17:10:22,timeslice,1,98.3,10743,16126,66.6
1785431422.645,17:10:22,timeslice,2,98.2,10743,16126,66.6
1785431422.645,17:10:22,timeslice,3,98.3,10743,16126,66.6
1785431422.645,17:10:22,timeslice,4,98.2,10743,16126,66.6
1785431422.645,17:10:22,timeslice,5,98.3,10743,16126,66.6
1785431422.645,17:10:22,timeslice,6,98.1,10744,16126,66.6
1785431422.645,17:10:22,timeslice,7,97.3,10743,16126,66.6
1785431423.645,17:10:23,timeslice,0,100.0,8686,16126,53.9
1785431423.645,17:10:23,timeslice,1,99.8,8782,16126,54.5
1785431423.645,17:10:23,timeslice,2,99.7,8558,16126,53.1
1785431423.645,17:10:23,timeslice,3,100.0,8622,16126,53.5
1785431423.645,17:10:23,timeslice,4,99.8,8527,16126,52.9
1785431423.645,17:10:23,timeslice,5,100.0,8510,16126,52.8
1785431423.645,17:10:23,timeslice,6,99.9,8608,16126,53.4
1785431423.645,17:10:23,timeslice,7,100.0,8543,16126,53.0
1785431424.645,17:10:24,timeslice,0,100.0,8686,16126,53.9
1785431424.645,17:10:24,timeslice,1,99.8,8782,16126,54.5
1785431424.645,17:10:24,timeslice,2,99.7,8558,16126,53.1
1785431424.645,17:10:24,timeslice,3,100.0,8622,16126,53.5
1785431424.645,17:10:24,timeslice,4,99.8,8527,16126,52.9
1785431424.645,17:10:24,timeslice,5,100.0,8510,16126,52.8
1785431424.645,17:10:24,timeslice,6,99.9,8608,16126,53.4
1785431424.645,17:10:24,timeslice,7,100.0,8543,16126,53.0
1785431425.646,17:10:25,timeslice,0,100.0,8686,16126,53.9
1785431425.646,17:10:25,timeslice,1,99.8,8782,16126,54.5
1785431425.646,17:10:25,timeslice,2,99.7,8558,16126,53.1
1785431425.646,17:10:25,timeslice,3,100.0,8622,16126,53.5
1785431425.646,17:10:25,timeslice,4,99.8,8527,16126,52.9
1785431425.646,17:10:25,timeslice,5,100.0,8510,16126,52.8
1785431425.646,17:10:25,timeslice,6,99.9,8608,16126,53.4
1785431425.646,17:10:25,timeslice,7,100.0,8543,16126,53.0
1785431426.646,17:10:26,timeslice,0,100.0,8686,16126,53.9
1785431426.646,17:10:26,timeslice,1,99.8,8782,16126,54.5
1785431426.646,17:10:26,timeslice,2,99.7,8558,16126,53.1
1785431426.646,17:10:26,timeslice,3,100.0,8622,16126,53.5
1785431426.646,17:10:26,timeslice,4,99.8,8527,16126,52.9
1785431426.646,17:10:26,timeslice,5,100.0,8510,16126,52.8
1785431426.646,17:10:26,timeslice,6,99.9,8608,16126,53.4
1785431426.646,17:10:26,timeslice,7,100.0,8543,16126,53.0
1785431427.646,17:10:27,timeslice,0,100.0,8686,16126,53.9
1785431427.646,17:10:27,timeslice,1,99.8,8782,16126,54.5
1785431427.646,17:10:27,timeslice,2,99.7,8558,16126,53.1
1785431427.646,17:10:27,timeslice,3,100.0,8622,16126,53.5
1785431427.646,17:10:27,timeslice,4,99.8,8527,16126,52.9
1785431427.646,17:10:27,timeslice,5,100.0,8510,16126,52.8
1785431427.646,17:10:27,timeslice,6,99.9,8608,16126,53.4
1785431427.646,17:10:27,timeslice,7,100.0,8543,16126,53.0
1785431428.646,17:10:28,timeslice,0,98.3,10743,16126,66.6
1785431428.646,17:10:28,timeslice,1,98.2,10743,16126,66.6
1785431428.646,17:10:28,timeslice,2,98.4,10743,16126,66.6
1785431428.646,17:10:28,timeslice,3,98.3,10743,16126,66.6
1785431428.646,17:10:28,timeslice,4,98.3,10743,16126,66.6
1785431428.646,17:10:28,timeslice,5,98.2,10743,16126,66.6
1785431428.646,17:10:28,timeslice,6,98.0,10744,16126,66.6
1785431428.646,17:10:28,timeslice,7,98.3,10743,16126,66.6
1785431429.646,17:10:29,timeslice,0,98.3,10743,16126,66.6
1785431429.646,17:10:29,timeslice,1,98.2,10743,16126,66.6
1785431429.646,17:10:29,timeslice,2,98.4,10743,16126,66.6
1785431429.646,17:10:29,timeslice,3,98.3,10743,16126,66.6
1785431429.646,17:10:29,timeslice,4,98.3,10743,16126,66.6
1785431429.646,17:10:29,timeslice,5,98.2,10743,16126,66.6
1785431429.646,17:10:29,timeslice,6,98.0,10744,16126,66.6
1785431429.646,17:10:29,timeslice,7,98.3,10743,16126,66.6
1785431430.646,17:10:30,timeslice,0,98.3,10743,16126,66.6
1785431430.646,17:10:30,timeslice,1,98.2,10743,16126,66.6
1785431430.646,17:10:30,timeslice,2,98.4,10743,16126,66.6
1785431430.646,17:10:30,timeslice,3,98.3,10743,16126,66.6
1785431430.646,17:10:30,timeslice,4,98.3,10743,16126,66.6
1785431430.646,17:10:30,timeslice,5,98.2,10743,16126,66.6
1785431430.646,17:10:30,timeslice,6,98.0,10744,16126,66.6
1785431430.646,17:10:30,timeslice,7,98.3,10743,16126,66.6
1785431431.646,17:10:31,timeslice,0,98.3,10743,16126,66.6
1785431431.646,17:10:31,timeslice,1,98.2,10743,16126,66.6
1785431431.646,17:10:31,timeslice,2,98.4,10743,16126,66.6
1785431431.646,17:10:31,timeslice,3,98.3,10743,16126,66.6
1785431431.646,17:10:31,timeslice,4,98.3,10743,16126,66.6
1785431431.646,17:10:31,timeslice,5,98.2,10743,16126,66.6
1785431431.646,17:10:31,timeslice,6,98.0,10744,16126,66.6
1785431431.646,17:10:31,timeslice,7,98.3,10743,16126,66.6
1785431432.646,17:10:32,timeslice,0,98.3,10743,16126,66.6
1785431432.646,17:10:32,timeslice,1,98.2,10743,16126,66.6
1785431432.646,17:10:32,timeslice,2,98.4,10743,16126,66.6
1785431432.646,17:10:32,timeslice,3,98.3,10743,16126,66.6
1785431432.646,17:10:32,timeslice,4,98.3,10743,16126,66.6
1785431432.646,17:10:32,timeslice,5,98.2,10743,16126,66.6
1785431432.646,17:10:32,timeslice,6,98.0,10744,16126,66.6
1785431432.646,17:10:32,timeslice,7,98.3,10743,16126,66.6
1785431433.647,17:10:33,timeslice,0,99.1,8527,16126,52.9
1785431433.647,17:10:33,timeslice,1,98.6,8526,16126,52.9
1785431433.647,17:10:33,timeslice,2,99.3,8590,16126,53.3
1785431433.647,17:10:33,timeslice,3,98.9,8526,16126,52.9
1785431433.647,17:10:33,timeslice,4,99.0,8542,16126,53.0
1785431433.647,17:10:33,timeslice,5,98.8,8558,16126,53.1
1785431433.647,17:10:33,timeslice,6,98.9,8576,16126,53.2
1785431433.647,17:10:33,timeslice,7,99.1,8558,16126,53.1
1785431434.647,17:10:34,timeslice,0,99.1,8527,16126,52.9
1785431434.647,17:10:34,timeslice,1,98.6,8526,16126,52.9
1785431434.647,17:10:34,timeslice,2,99.3,8590,16126,53.3
1785431434.647,17:10:34,timeslice,3,98.9,8526,16126,52.9
1785431434.647,17:10:34,timeslice,4,99.0,8542,16126,53.0
1785431434.647,17:10:34,timeslice,5,98.8,8558,16126,53.1
1785431434.647,17:10:34,timeslice,6,98.9,8576,16126,53.2
1785431434.647,17:10:34,timeslice,7,99.1,8558,16126,53.1
1785431435.647,17:10:35,timeslice,0,99.1,8527,16126,52.9
1785431435.647,17:10:35,timeslice,1,98.6,8526,16126,52.9
1785431435.647,17:10:35,timeslice,2,99.3,8590,16126,53.3
1785431435.647,17:10:35,timeslice,3,98.9,8526,16126,52.9
1785431435.647,17:10:35,timeslice,4,99.0,8542,16126,53.0
1785431435.647,17:10:35,timeslice,5,98.8,8558,16126,53.1
1785431435.647,17:10:35,timeslice,6,98.9,8576,16126,53.2
1785431435.647,17:10:35,timeslice,7,99.1,8558,16126,53.1
1785431436.647,17:10:36,timeslice,0,99.1,8527,16126,52.9
1785431436.647,17:10:36,timeslice,1,98.6,8526,16126,52.9
1785431436.647,17:10:36,timeslice,2,99.3,8590,16126,53.3
1785431436.647,17:10:36,timeslice,3,98.9,8526,16126,52.9
1785431436.647,17:10:36,timeslice,4,99.0,8542,16126,53.0
1785431436.647,17:10:36,timeslice,5,98.8,8558,16126,53.1
1785431436.647,17:10:36,timeslice,6,98.9,8576,16126,53.2
1785431436.647,17:10:36,timeslice,7,99.1,8558,16126,53.1
1785431437.647,17:10:37,timeslice,0,99.1,8527,16126,52.9
1785431437.647,17:10:37,timeslice,1,98.6,8526,16126,52.9
1785431437.647,17:10:37,timeslice,2,99.3,8590,16126,53.3
1785431437.647,17:10:37,timeslice,3,98.9,8526,16126,52.9
1785431437.647,17:10:37,timeslice,4,99.0,8542,16126,53.0
1785431437.647,17:10:37,timeslice,5,98.8,8558,16126,53.1
1785431437.647,17:10:37,timeslice,6,98.9,8576,16126,53.2
1785431437.647,17:10:37,timeslice,7,99.1,8558,16126,53.1
1785431438.647,17:10:38,timeslice,0,96.5,10603,16126,65.8
1785431438.647,17:10:38,timeslice,1,96.4,10603,16126,65.8
1785431438.647,17:10:38,timeslice,2,96.5,10603,16126,65.8
1785431438.647,17:10:38,timeslice,3,96.3,10603,16126,65.8
1785431438.647,17:10:38,timeslice,4,96.4,10603,16126,65.8
1785431438.647,17:10:38,timeslice,5,96.5,10603,16126,65.8
1785431438.647,17:10:38,timeslice,6,96.4,10605,16126,65.8
1785431438.647,17:10:38,timeslice,7,96.5,10603,16126,65.8
1785431439.647,17:10:39,timeslice,0,96.5,10603,16126,65.8
1785431439.647,17:10:39,timeslice,1,96.4,10603,16126,65.8
1785431439.647,17:10:39,timeslice,2,96.5,10603,16126,65.8
1785431439.647,17:10:39,timeslice,3,96.3,10603,16126,65.8
1785431439.647,17:10:39,timeslice,4,96.4,10603,16126,65.8
1785431439.647,17:10:39,timeslice,5,96.5,10603,16126,65.8
1785431439.647,17:10:39,timeslice,6,96.4,10605,16126,65.8
1785431439.647,17:10:39,timeslice,7,96.5,10603,16126,65.8
1785431440.647,17:10:40,timeslice,0,96.5,10603,16126,65.8
1785431440.647,17:10:40,timeslice,1,96.4,10603,16126,65.8
1785431440.647,17:10:40,timeslice,2,96.5,10603,16126,65.8
1785431440.647,17:10:40,timeslice,3,96.3,10603,16126,65.8
1785431440.647,17:10:40,timeslice,4,96.4,10603,16126,65.8
1785431440.647,17:10:40,timeslice,5,96.5,10603,16126,65.8
1785431440.647,17:10:40,timeslice,6,96.4,10605,16126,65.8
1785431440.647,17:10:40,timeslice,7,96.5,10603,16126,65.8
1785431441.648,17:10:41,timeslice,0,96.5,10603,16126,65.8
1785431441.648,17:10:41,timeslice,1,96.4,10603,16126,65.8
1785431441.648,17:10:41,timeslice,2,96.5,10603,16126,65.8
1785431441.648,17:10:41,timeslice,3,96.3,10603,16126,65.8
1785431441.648,17:10:41,timeslice,4,96.4,10603,16126,65.8
1785431441.648,17:10:41,timeslice,5,96.5,10603,16126,65.8
1785431441.648,17:10:41,timeslice,6,96.4,10605,16126,65.8
1785431441.648,17:10:41,timeslice,7,96.5,10603,16126,65.8
1785431442.648,17:10:42,timeslice,0,96.5,10603,16126,65.8
1785431442.648,17:10:42,timeslice,1,96.4,10603,16126,65.8
1785431442.648,17:10:42,timeslice,2,96.5,10603,16126,65.8
1785431442.648,17:10:42,timeslice,3,96.3,10603,16126,65.8
1785431442.648,17:10:42,timeslice,4,96.4,10603,16126,65.8
1785431442.648,17:10:42,timeslice,5,96.5,10603,16126,65.8
1785431442.648,17:10:42,timeslice,6,96.4,10605,16126,65.8
1785431442.648,17:10:42,timeslice,7,96.5,10603,16126,65.8
1785431443.648,17:10:43,timeslice,0,100.0,8558,16126,53.1
1785431443.648,17:10:43,timeslice,1,100.0,8510,16126,52.8
1785431443.648,17:10:43,timeslice,2,100.0,8574,16126,53.2
1785431443.648,17:10:43,timeslice,3,100.0,8575,16126,53.2
1785431443.648,17:10:43,timeslice,4,100.0,8575,16126,53.2
1785431443.648,17:10:43,timeslice,5,100.0,8590,16126,53.3
1785431443.648,17:10:43,timeslice,6,100.0,8720,16126,54.1
1785431443.648,17:10:43,timeslice,7,100.0,8622,16126,53.5
1785431444.648,17:10:44,timeslice,0,100.0,8558,16126,53.1
1785431444.648,17:10:44,timeslice,1,100.0,8510,16126,52.8
1785431444.648,17:10:44,timeslice,2,100.0,8574,16126,53.2
1785431444.648,17:10:44,timeslice,3,100.0,8575,16126,53.2
1785431444.648,17:10:44,timeslice,4,100.0,8575,16126,53.2
1785431444.648,17:10:44,timeslice,5,100.0,8590,16126,53.3
1785431444.648,17:10:44,timeslice,6,100.0,8720,16126,54.1
1785431444.648,17:10:44,timeslice,7,100.0,8622,16126,53.5
1785431445.648,17:10:45,timeslice,0,100.0,8558,16126,53.1
1785431445.648,17:10:45,timeslice,1,100.0,8510,16126,52.8
1785431445.648,17:10:45,timeslice,2,100.0,8574,16126,53.2
1785431445.648,17:10:45,timeslice,3,100.0,8575,16126,53.2
1785431445.648,17:10:45,timeslice,4,100.0,8575,16126,53.2
1785431445.648,17:10:45,timeslice,5,100.0,8590,16126,53.3
1785431445.648,17:10:45,timeslice,6,100.0,8720,16126,54.1
1785431445.648,17:10:45,timeslice,7,100.0,8622,16126,53.5
1785431446.648,17:10:46,timeslice,0,100.0,8558,16126,53.1
1785431446.648,17:10:46,timeslice,1,100.0,8510,16126,52.8
1785431446.648,17:10:46,timeslice,2,100.0,8574,16126,53.2
1785431446.648,17:10:46,timeslice,3,100.0,8575,16126,53.2
1785431446.648,17:10:46,timeslice,4,100.0,8575,16126,53.2
1785431446.648,17:10:46,timeslice,5,100.0,8590,16126,53.3
1785431446.648,17:10:46,timeslice,6,100.0,8720,16126,54.1
1785431446.648,17:10:46,timeslice,7,100.0,8622,16126,53.5
1785431447.648,17:10:47,timeslice,0,100.0,8558,16126,53.1
1785431447.648,17:10:47,timeslice,1,100.0,8510,16126,52.8
1785431447.648,17:10:47,timeslice,2,100.0,8574,16126,53.2
1785431447.648,17:10:47,timeslice,3,100.0,8575,16126,53.2
1785431447.648,17:10:47,timeslice,4,100.0,8575,16126,53.2
1785431447.648,17:10:47,timeslice,5,100.0,8590,16126,53.3
1785431447.648,17:10:47,timeslice,6,100.0,8720,16126,54.1
1785431447.648,17:10:47,timeslice,7,100.0,8622,16126,53.5
1785431448.648,17:10:48,timeslice,0,98.1,10604,16126,65.8
1785431448.648,17:10:48,timeslice,1,97.9,10604,16126,65.8
1785431448.648,17:10:48,timeslice,2,98.1,10604,16126,65.8
1785431448.648,17:10:48,timeslice,3,98.0,10604,16126,65.8
1785431448.648,17:10:48,timeslice,4,98.4,10604,16126,65.8
1785431448.648,17:10:48,timeslice,5,98.2,10603,16126,65.8
1785431448.648,17:10:48,timeslice,6,98.0,10605,16126,65.8
1785431448.648,17:10:48,timeslice,7,98.1,10603,16126,65.8
1785431449.649,17:10:49,timeslice,0,98.1,10604,16126,65.8
1785431449.649,17:10:49,timeslice,1,97.9,10604,16126,65.8
1785431449.649,17:10:49,timeslice,2,98.1,10604,16126,65.8
1785431449.649,17:10:49,timeslice,3,98.0,10604,16126,65.8
1785431449.649,17:10:49,timeslice,4,98.4,10604,16126,65.8
1785431449.649,17:10:49,timeslice,5,98.2,10603,16126,65.8
1785431449.649,17:10:49,timeslice,6,98.0,10605,16126,65.8
1785431449.649,17:10:49,timeslice,7,98.1,10603,16126,65.8
1785431450.649,17:10:50,timeslice,0,98.1,10604,16126,65.8
1785431450.649,17:10:50,timeslice,1,97.9,10604,16126,65.8
1785431450.649,17:10:50,timeslice,2,98.1,10604,16126,65.8
1785431450.649,17:10:50,timeslice,3,98.0,10604,16126,65.8
1785431450.649,17:10:50,timeslice,4,98.4,10604,16126,65.8
1785431450.649,17:10:50,timeslice,5,98.2,10603,16126,65.8
1785431450.649,17:10:50,timeslice,6,98.0,10605,16126,65.8
1785431450.649,17:10:50,timeslice,7,98.1,10603,16126,65.8
1785431451.649,17:10:51,timeslice,0,98.1,10604,16126,65.8
1785431451.649,17:10:51,timeslice,1,97.9,10604,16126,65.8
1785431451.649,17:10:51,timeslice,2,98.1,10604,16126,65.8
1785431451.649,17:10:51,timeslice,3,98.0,10604,16126,65.8
1785431451.649,17:10:51,timeslice,4,98.4,10604,16126,65.8
1785431451.649,17:10:51,timeslice,5,98.2,10603,16126,65.8
1785431451.649,17:10:51,timeslice,6,98.0,10605,16126,65.8
1785431451.649,17:10:51,timeslice,7,98.1,10603,16126,65.8
1785431452.649,17:10:52,timeslice,0,98.1,10604,16126,65.8
1785431452.649,17:10:52,timeslice,1,97.9,10604,16126,65.8
1785431452.649,17:10:52,timeslice,2,98.1,10604,16126,65.8
1785431452.649,17:10:52,timeslice,3,98.0,10604,16126,65.8
1785431452.649,17:10:52,timeslice,4,98.4,10604,16126,65.8
1785431452.649,17:10:52,timeslice,5,98.2,10603,16126,65.8
1785431452.649,17:10:52,timeslice,6,98.0,10605,16126,65.8
1785431452.649,17:10:52,timeslice,7,98.1,10603,16126,65.8
1785431453.649,17:10:53,timeslice,0,99.5,8606,16126,53.4
1785431453.649,17:10:53,timeslice,1,99.5,8750,16126,54.3
1785431453.649,17:10:53,timeslice,2,99.6,8558,16126,53.1
1785431453.649,17:10:53,timeslice,3,99.8,8654,16126,53.7
1785431453.649,17:10:53,timeslice,4,99.7,8654,16126,53.7
1785431453.649,17:10:53,timeslice,5,99.9,8559,16126,53.1
1785431453.649,17:10:53,timeslice,6,99.2,8496,16126,52.7
1785431453.649,17:10:53,timeslice,7,99.8,8527,16126,52.9
1785431454.649,17:10:54,timeslice,0,99.5,8606,16126,53.4
1785431454.649,17:10:54,timeslice,1,99.5,8750,16126,54.3
1785431454.649,17:10:54,timeslice,2,99.6,8558,16126,53.1
1785431454.649,17:10:54,timeslice,3,99.8,8654,16126,53.7
1785431454.649,17:10:54,timeslice,4,99.7,8654,16126,53.7
1785431454.649,17:10:54,timeslice,5,99.9,8559,16126,53.1
1785431454.649,17:10:54,timeslice,6,99.2,8496,16126,52.7
1785431454.649,17:10:54,timeslice,7,99.8,8527,16126,52.9
1785431455.649,17:10:55,timeslice,0,99.5,8606,16126,53.4
1785431455.649,17:10:55,timeslice,1,99.5,8750,16126,54.3
1785431455.649,17:10:55,timeslice,2,99.6,8558,16126,53.1
1785431455.649,17:10:55,timeslice,3,99.8,8654,16126,53.7
1785431455.649,17:10:55,timeslice,4,99.7,8654,16126,53.7
1785431455.649,17:10:55,timeslice,5,99.9,8559,16126,53.1
1785431455.649,17:10:55,timeslice,6,99.2,8496,16126,52.7
1785431455.649,17:10:55,timeslice,7,99.8,8527,16126,52.9
1785431456.649,17:10:56,timeslice,0,99.5,8606,16126,53.4
1785431456.649,17:10:56,timeslice,1,99.5,8750,16126,54.3
1785431456.649,17:10:56,timeslice,2,99.6,8558,16126,53.1
1785431456.649,17:10:56,timeslice,3,99.8,8654,16126,53.7
1785431456.649,17:10:56,timeslice,4,99.7,8654,16126,53.7
1785431456.649,17:10:56,timeslice,5,99.9,8559,16126,53.1
1785431456.649,17:10:56,timeslice,6,99.2,8496,16126,52.7
1785431456.649,17:10:56,timeslice,7,99.8,8527,16126,52.9
1785431457.65,17:10:57,timeslice,0,99.5,8606,16126,53.4
1785431457.65,17:10:57,timeslice,1,99.5,8750,16126,54.3
1785431457.65,17:10:57,timeslice,2,99.6,8558,16126,53.1
1785431457.65,17:10:57,timeslice,3,99.8,8654,16126,53.7
1785431457.65,17:10:57,timeslice,4,99.7,8654,16126,53.7
1785431457.65,17:10:57,timeslice,5,99.9,8559,16126,53.1
1785431457.65,17:10:57,timeslice,6,99.2,8496,16126,52.7
1785431457.65,17:10:57,timeslice,7,99.8,8527,16126,52.9
1785431458.65,17:10:58,timeslice,0,98.1,10603,16126,65.8
1785431458.65,17:10:58,timeslice,1,98.2,10603,16126,65.8
1785431458.65,17:10:58,timeslice,2,98.0,10604,16126,65.8
1785431458.65,17:10:58,timeslice,3,98.5,10603,16126,65.8
1785431458.65,17:10:58,timeslice,4,97.9,10603,16126,65.8
1785431458.65,17:10:58,timeslice,5,98.7,10603,16126,65.8
1785431458.65,17:10:58,timeslice,6,98.3,10605,16126,65.8
1785431458.65,17:10:58,timeslice,7,98.7,10604,16126,65.8
1785431459.65,17:10:59,timeslice,0,98.1,10603,16126,65.8
1785431459.65,17:10:59,timeslice,1,98.2,10603,16126,65.8
1785431459.65,17:10:59,timeslice,2,98.0,10604,16126,65.8
1785431459.65,17:10:59,timeslice,3,98.5,10603,16126,65.8
1785431459.65,17:10:59,timeslice,4,97.9,10603,16126,65.8
1785431459.65,17:10:59,timeslice,5,98.7,10603,16126,65.8
1785431459.65,17:10:59,timeslice,6,98.3,10605,16126,65.8
1785431459.65,17:10:59,timeslice,7,98.7,10604,16126,65.8
1785431460.65,17:11:00,timeslice,0,98.1,10603,16126,65.8
1785431460.65,17:11:00,timeslice,1,98.2,10603,16126,65.8
1785431460.65,17:11:00,timeslice,2,98.0,10604,16126,65.8
1785431460.65,17:11:00,timeslice,3,98.5,10603,16126,65.8
1785431460.65,17:11:00,timeslice,4,97.9,10603,16126,65.8
1785431460.65,17:11:00,timeslice,5,98.7,10603,16126,65.8
1785431460.65,17:11:00,timeslice,6,98.3,10605,16126,65.8
1785431460.65,17:11:00,timeslice,7,98.7,10604,16126,65.8
1785431461.65,17:11:01,timeslice,0,98.1,10603,16126,65.8
1785431461.65,17:11:01,timeslice,1,98.2,10603,16126,65.8
1785431461.65,17:11:01,timeslice,2,98.0,10604,16126,65.8
1785431461.65,17:11:01,timeslice,3,98.5,10603,16126,65.8
1785431461.65,17:11:01,timeslice,4,97.9,10603,16126,65.8
1785431461.65,17:11:01,timeslice,5,98.7,10603,16126,65.8
1785431461.65,17:11:01,timeslice,6,98.3,10605,16126,65.8
1785431461.65,17:11:01,timeslice,7,98.7,10604,16126,65.8
1785431462.65,17:11:02,timeslice,0,98.1,10603,16126,65.8
1785431462.65,17:11:02,timeslice,1,98.2,10603,16126,65.8
1785431462.65,17:11:02,timeslice,2,98.0,10604,16126,65.8
1785431462.65,17:11:02,timeslice,3,98.5,10603,16126,65.8
1785431462.65,17:11:02,timeslice,4,97.9,10603,16126,65.8
1785431462.65,17:11:02,timeslice,5,98.7,10603,16126,65.8
1785431462.65,17:11:02,timeslice,6,98.3,10605,16126,65.8
1785431462.65,17:11:02,timeslice,7,98.7,10604,16126,65.8
1785431463.65,17:11:03,timeslice,0,97.4,10743,16126,66.6
1785431463.65,17:11:03,timeslice,1,96.9,10743,16126,66.6
1785431463.65,17:11:03,timeslice,2,97.3,10743,16126,66.6
1785431463.65,17:11:03,timeslice,3,96.4,10743,16126,66.6
1785431463.65,17:11:03,timeslice,4,97.0,10743,16126,66.6
1785431463.65,17:11:03,timeslice,5,96.5,10743,16126,66.6
1785431463.65,17:11:03,timeslice,6,96.6,10744,16126,66.6
1785431463.65,17:11:03,timeslice,7,96.6,10743,16126,66.6
1785431464.65,17:11:04,timeslice,0,97.4,10743,16126,66.6
1785431464.65,17:11:04,timeslice,1,96.9,10743,16126,66.6
1785431464.65,17:11:04,timeslice,2,97.3,10743,16126,66.6
1785431464.65,17:11:04,timeslice,3,96.4,10743,16126,66.6
1785431464.65,17:11:04,timeslice,4,97.0,10743,16126,66.6
1785431464.65,17:11:04,timeslice,5,96.5,10743,16126,66.6
1785431464.65,17:11:04,timeslice,6,96.6,10744,16126,66.6
1785431464.65,17:11:04,timeslice,7,96.6,10743,16126,66.6
1785431465.65,17:11:05,timeslice,0,97.4,10743,16126,66.6
1785431465.65,17:11:05,timeslice,1,96.9,10743,16126,66.6
1785431465.65,17:11:05,timeslice,2,97.3,10743,16126,66.6
1785431465.65,17:11:05,timeslice,3,96.4,10743,16126,66.6
1785431465.65,17:11:05,timeslice,4,97.0,10743,16126,66.6
1785431465.65,17:11:05,timeslice,5,96.5,10743,16126,66.6
1785431465.65,17:11:05,timeslice,6,96.6,10744,16126,66.6
1785431465.65,17:11:05,timeslice,7,96.6,10743,16126,66.6
1785431466.651,17:11:06,timeslice,0,97.4,10743,16126,66.6
1785431466.651,17:11:06,timeslice,1,96.9,10743,16126,66.6
1785431466.651,17:11:06,timeslice,2,97.3,10743,16126,66.6
1785431466.651,17:11:06,timeslice,3,96.4,10743,16126,66.6
1785431466.651,17:11:06,timeslice,4,97.0,10743,16126,66.6
1785431466.651,17:11:06,timeslice,5,96.5,10743,16126,66.6
1785431466.651,17:11:06,timeslice,6,96.6,10744,16126,66.6
1785431466.651,17:11:06,timeslice,7,96.6,10743,16126,66.6
1785431467.651,17:11:07,timeslice,0,97.4,10743,16126,66.6
1785431467.651,17:11:07,timeslice,1,96.9,10743,16126,66.6
1785431467.651,17:11:07,timeslice,2,97.3,10743,16126,66.6
1785431467.651,17:11:07,timeslice,3,96.4,10743,16126,66.6
1785431467.651,17:11:07,timeslice,4,97.0,10743,16126,66.6
1785431467.651,17:11:07,timeslice,5,96.5,10743,16126,66.6
1785431467.651,17:11:07,timeslice,6,96.6,10744,16126,66.6
1785431467.651,17:11:07,timeslice,7,96.6,10743,16126,66.6
1785431468.651,17:11:08,timeslice,0,100.0,8638,16126,53.6
1785431468.651,17:11:08,timeslice,1,100.0,8718,16126,54.1
1785431468.651,17:11:08,timeslice,2,100.0,8606,16126,53.4
1785431468.651,17:11:08,timeslice,3,100.0,8782,16126,54.5
1785431468.651,17:11:08,timeslice,4,100.0,8718,16126,54.1
1785431468.651,17:11:08,timeslice,5,100.0,8559,16126,53.1
1785431468.651,17:11:08,timeslice,6,100.0,8512,16126,52.8
1785431468.651,17:11:08,timeslice,7,100.0,8574,16126,53.2
1785431469.651,17:11:09,timeslice,0,100.0,8638,16126,53.6
1785431469.651,17:11:09,timeslice,1,100.0,8718,16126,54.1
1785431469.651,17:11:09,timeslice,2,100.0,8606,16126,53.4
1785431469.651,17:11:09,timeslice,3,100.0,8782,16126,54.5
1785431469.651,17:11:09,timeslice,4,100.0,8718,16126,54.1
1785431469.651,17:11:09,timeslice,5,100.0,8559,16126,53.1
1785431469.651,17:11:09,timeslice,6,100.0,8512,16126,52.8
1785431469.651,17:11:09,timeslice,7,100.0,8574,16126,53.2
1785431470.651,17:11:10,timeslice,0,100.0,8638,16126,53.6
1785431470.651,17:11:10,timeslice,1,100.0,8718,16126,54.1
1785431470.651,17:11:10,timeslice,2,100.0,8606,16126,53.4
1785431470.651,17:11:10,timeslice,3,100.0,8782,16126,54.5
1785431470.651,17:11:10,timeslice,4,100.0,8718,16126,54.1
1785431470.651,17:11:10,timeslice,5,100.0,8559,16126,53.1
1785431470.651,17:11:10,timeslice,6,100.0,8512,16126,52.8
1785431470.651,17:11:10,timeslice,7,100.0,8574,16126,53.2
1785431471.651,17:11:11,timeslice,0,100.0,8638,16126,53.6
1785431471.651,17:11:11,timeslice,1,100.0,8718,16126,54.1
1785431471.651,17:11:11,timeslice,2,100.0,8606,16126,53.4
1785431471.651,17:11:11,timeslice,3,100.0,8782,16126,54.5
1785431471.651,17:11:11,timeslice,4,100.0,8718,16126,54.1
1785431471.651,17:11:11,timeslice,5,100.0,8559,16126,53.1
1785431471.651,17:11:11,timeslice,6,100.0,8512,16126,52.8
1785431471.651,17:11:11,timeslice,7,100.0,8574,16126,53.2
1785431472.651,17:11:12,timeslice,0,100.0,8638,16126,53.6
1785431472.651,17:11:12,timeslice,1,100.0,8718,16126,54.1
1785431472.651,17:11:12,timeslice,2,100.0,8606,16126,53.4
1785431472.651,17:11:12,timeslice,3,100.0,8782,16126,54.5
1785431472.651,17:11:12,timeslice,4,100.0,8718,16126,54.1
1785431472.651,17:11:12,timeslice,5,100.0,8559,16126,53.1
1785431472.651,17:11:12,timeslice,6,100.0,8512,16126,52.8
1785431472.651,17:11:12,timeslice,7,100.0,8574,16126,53.2
1785431473.651,17:11:13,timeslice,0,98.1,10743,16126,66.6
1785431473.651,17:11:13,timeslice,1,98.1,10743,16126,66.6
1785431473.651,17:11:13,timeslice,2,98.4,10743,16126,66.6
1785431473.651,17:11:13,timeslice,3,98.2,10743,16126,66.6
1785431473.651,17:11:13,timeslice,4,98.4,10743,16126,66.6
1785431473.651,17:11:13,timeslice,5,97.9,10743,16126,66.6
1785431473.651,17:11:13,timeslice,6,98.5,10744,16126,66.6
1785431473.651,17:11:13,timeslice,7,98.5,10743,16126,66.6
1785431474.652,17:11:14,timeslice,0,98.1,10743,16126,66.6
1785431474.652,17:11:14,timeslice,1,98.1,10743,16126,66.6
1785431474.652,17:11:14,timeslice,2,98.4,10743,16126,66.6
1785431474.652,17:11:14,timeslice,3,98.2,10743,16126,66.6
1785431474.652,17:11:14,timeslice,4,98.4,10743,16126,66.6
1785431474.652,17:11:14,timeslice,5,97.9,10743,16126,66.6
1785431474.652,17:11:14,timeslice,6,98.5,10744,16126,66.6
1785431474.652,17:11:14,timeslice,7,98.5,10743,16126,66.6
1785431475.652,17:11:15,timeslice,0,98.1,10743,16126,66.6
1785431475.652,17:11:15,timeslice,1,98.1,10743,16126,66.6
1785431475.652,17:11:15,timeslice,2,98.4,10743,16126,66.6
1785431475.652,17:11:15,timeslice,3,98.2,10743,16126,66.6
1785431475.652,17:11:15,timeslice,4,98.4,10743,16126,66.6
1785431475.652,17:11:15,timeslice,5,97.9,10743,16126,66.6
1785431475.652,17:11:15,timeslice,6,98.5,10744,16126,66.6
1785431475.652,17:11:15,timeslice,7,98.5,10743,16126,66.6
1785431476.652,17:11:16,timeslice,0,98.1,10743,16126,66.6
1785431476.652,17:11:16,timeslice,1,98.1,10743,16126,66.6
1785431476.652,17:11:16,timeslice,2,98.4,10743,16126,66.6
1785431476.652,17:11:16,timeslice,3,98.2,10743,16126,66.6
1785431476.652,17:11:16,timeslice,4,98.4,10743,16126,66.6
1785431476.652,17:11:16,timeslice,5,97.9,10743,16126,66.6
1785431476.652,17:11:16,timeslice,6,98.5,10744,16126,66.6
1785431476.652,17:11:16,timeslice,7,98.5,10743,16126,66.6
1785431477.652,17:11:17,timeslice,0,98.1,10743,16126,66.6
1785431477.652,17:11:17,timeslice,1,98.1,10743,16126,66.6
1785431477.652,17:11:17,timeslice,2,98.4,10743,16126,66.6
1785431477.652,17:11:17,timeslice,3,98.2,10743,16126,66.6
1785431477.652,17:11:17,timeslice,4,98.4,10743,16126,66.6
1785431477.652,17:11:17,timeslice,5,97.9,10743,16126,66.6
1785431477.652,17:11:17,timeslice,6,98.5,10744,16126,66.6
1785431477.652,17:11:17,timeslice,7,98.5,10743,16126,66.6
1785431478.652,17:11:18,timeslice,0,99.9,8575,16126,53.2
1785431478.652,17:11:18,timeslice,1,99.3,8575,16126,53.2
1785431478.652,17:11:18,timeslice,2,99.5,8526,16126,52.9
1785431478.652,17:11:18,timeslice,3,99.6,8606,16126,53.4
1785431478.652,17:11:18,timeslice,4,99.4,8718,16126,54.1
1785431478.652,17:11:18,timeslice,5,99.6,8718,16126,54.1
1785431478.652,17:11:18,timeslice,6,99.8,8528,16126,52.9
1785431478.652,17:11:18,timeslice,7,99.8,8718,16126,54.1
1785431479.652,17:11:19,timeslice,0,99.9,8575,16126,53.2
1785431479.652,17:11:19,timeslice,1,99.3,8575,16126,53.2
1785431479.652,17:11:19,timeslice,2,99.5,8526,16126,52.9
1785431479.652,17:11:19,timeslice,3,99.6,8606,16126,53.4
1785431479.652,17:11:19,timeslice,4,99.4,8718,16126,54.1
1785431479.652,17:11:19,timeslice,5,99.6,8718,16126,54.1
1785431479.652,17:11:19,timeslice,6,99.8,8528,16126,52.9
1785431479.652,17:11:19,timeslice,7,99.8,8718,16126,54.1
1785431480.652,17:11:20,timeslice,0,99.9,8575,16126,53.2
1785431480.652,17:11:20,timeslice,1,99.3,8575,16126,53.2
1785431480.652,17:11:20,timeslice,2,99.5,8526,16126,52.9
1785431480.652,17:11:20,timeslice,3,99.6,8606,16126,53.4
1785431480.652,17:11:20,timeslice,4,99.4,8718,16126,54.1
1785431480.652,17:11:20,timeslice,5,99.6,8718,16126,54.1
1785431480.652,17:11:20,timeslice,6,99.8,8528,16126,52.9
1785431480.652,17:11:20,timeslice,7,99.8,8718,16126,54.1
1785431481.653,17:11:21,timeslice,0,99.9,8575,16126,53.2
1785431481.653,17:11:21,timeslice,1,99.3,8575,16126,53.2
1785431481.653,17:11:21,timeslice,2,99.5,8526,16126,52.9
1785431481.653,17:11:21,timeslice,3,99.6,8606,16126,53.4
1785431481.653,17:11:21,timeslice,4,99.4,8718,16126,54.1
1785431481.653,17:11:21,timeslice,5,99.6,8718,16126,54.1
1785431481.653,17:11:21,timeslice,6,99.8,8528,16126,52.9
1785431481.653,17:11:21,timeslice,7,99.8,8718,16126,54.1
1785431482.653,17:11:22,timeslice,0,99.9,8575,16126,53.2
1785431482.653,17:11:22,timeslice,1,99.3,8575,16126,53.2
1785431482.653,17:11:22,timeslice,2,99.5,8526,16126,52.9
1785431482.653,17:11:22,timeslice,3,99.6,8606,16126,53.4
1785431482.653,17:11:22,timeslice,4,99.4,8718,16126,54.1
1785431482.653,17:11:22,timeslice,5,99.6,8718,16126,54.1
1785431482.653,17:11:22,timeslice,6,99.8,8528,16126,52.9
1785431482.653,17:11:22,timeslice,7,99.8,8718,16126,54.1
1785431483.653,17:11:23,timeslice,0,97.1,10604,16126,65.8
1785431483.653,17:11:23,timeslice,1,96.8,10604,16126,65.8
1785431483.653,17:11:23,timeslice,2,96.8,10604,16126,65.8
1785431483.653,17:11:23,timeslice,3,96.8,10604,16126,65.8
1785431483.653,17:11:23,timeslice,4,96.7,10604,16126,65.8
1785431483.653,17:11:23,timeslice,5,96.7,10603,16126,65.8
1785431483.653,17:11:23,timeslice,6,97.0,10605,16126,65.8
1785431483.653,17:11:23,timeslice,7,96.6,10603,16126,65.8
1785431484.653,17:11:24,timeslice,0,97.1,10604,16126,65.8
1785431484.653,17:11:24,timeslice,1,96.8,10604,16126,65.8
1785431484.653,17:11:24,timeslice,2,96.8,10604,16126,65.8
1785431484.653,17:11:24,timeslice,3,96.8,10604,16126,65.8
1785431484.653,17:11:24,timeslice,4,96.7,10604,16126,65.8
1785431484.653,17:11:24,timeslice,5,96.7,10603,16126,65.8
1785431484.653,17:11:24,timeslice,6,97.0,10605,16126,65.8
1785431484.653,17:11:24,timeslice,7,96.6,10603,16126,65.8
1785431485.653,17:11:25,timeslice,0,97.1,10604,16126,65.8
1785431485.653,17:11:25,timeslice,1,96.8,10604,16126,65.8
1785431485.653,17:11:25,timeslice,2,96.8,10604,16126,65.8
1785431485.653,17:11:25,timeslice,3,96.8,10604,16126,65.8
1785431485.653,17:11:25,timeslice,4,96.7,10604,16126,65.8
1785431485.653,17:11:25,timeslice,5,96.7,10603,16126,65.8
1785431485.653,17:11:25,timeslice,6,97.0,10605,16126,65.8
1785431485.653,17:11:25,timeslice,7,96.6,10603,16126,65.8
1785431486.654,17:11:26,timeslice,0,97.1,10604,16126,65.8
1785431486.654,17:11:26,timeslice,1,96.8,10604,16126,65.8
1785431486.654,17:11:26,timeslice,2,96.8,10604,16126,65.8
1785431486.654,17:11:26,timeslice,3,96.8,10604,16126,65.8
1785431486.654,17:11:26,timeslice,4,96.7,10604,16126,65.8
1785431486.654,17:11:26,timeslice,5,96.7,10603,16126,65.8
1785431486.654,17:11:26,timeslice,6,97.0,10605,16126,65.8
1785431486.654,17:11:26,timeslice,7,96.6,10603,16126,65.8
1785431487.654,17:11:27,timeslice,0,97.1,10604,16126,65.8
1785431487.654,17:11:27,timeslice,1,96.8,10604,16126,65.8
1785431487.654,17:11:27,timeslice,2,96.8,10604,16126,65.8
1785431487.654,17:11:27,timeslice,3,96.8,10604,16126,65.8
1785431487.654,17:11:27,timeslice,4,96.7,10604,16126,65.8
1785431487.654,17:11:27,timeslice,5,96.7,10603,16126,65.8
1785431487.654,17:11:27,timeslice,6,97.0,10605,16126,65.8
1785431487.654,17:11:27,timeslice,7,96.6,10603,16126,65.8
1785431488.654,17:11:28,timeslice,0,100.0,8591,16126,53.3
1785431488.654,17:11:28,timeslice,1,100.0,8559,16126,53.1
1785431488.654,17:11:28,timeslice,2,100.0,8542,16126,53.0
1785431488.654,17:11:28,timeslice,3,99.8,8478,16126,52.6
1785431488.654,17:11:28,timeslice,4,100.0,8462,16126,52.5
1785431488.654,17:11:28,timeslice,5,100.0,8558,16126,53.1
1785431488.654,17:11:28,timeslice,6,100.0,8576,16126,53.2
1785431488.654,17:11:28,timeslice,7,100.0,8606,16126,53.4
1785431489.654,17:11:29,timeslice,0,100.0,8591,16126,53.3
1785431489.654,17:11:29,timeslice,1,100.0,8559,16126,53.1
1785431489.654,17:11:29,timeslice,2,100.0,8542,16126,53.0
1785431489.654,17:11:29,timeslice,3,99.8,8478,16126,52.6
1785431489.654,17:11:29,timeslice,4,100.0,8462,16126,52.5
1785431489.654,17:11:29,timeslice,5,100.0,8558,16126,53.1
1785431489.654,17:11:29,timeslice,6,100.0,8576,16126,53.2
1785431489.654,17:11:29,timeslice,7,100.0,8606,16126,53.4
1785431490.654,17:11:30,timeslice,0,100.0,8591,16126,53.3
1785431490.654,17:11:30,timeslice,1,100.0,8559,16126,53.1
1785431490.654,17:11:30,timeslice,2,100.0,8542,16126,53.0
1785431490.654,17:11:30,timeslice,3,99.8,8478,16126,52.6
1785431490.654,17:11:30,timeslice,4,100.0,8462,16126,52.5
1785431490.654,17:11:30,timeslice,5,100.0,8558,16126,53.1
1785431490.654,17:11:30,timeslice,6,100.0,8576,16126,53.2
1785431490.654,17:11:30,timeslice,7,100.0,8606,16126,53.4
1785431491.654,17:11:31,timeslice,0,100.0,8591,16126,53.3
1785431491.654,17:11:31,timeslice,1,100.0,8559,16126,53.1
1785431491.654,17:11:31,timeslice,2,100.0,8542,16126,53.0
1785431491.654,17:11:31,timeslice,3,99.8,8478,16126,52.6
1785431491.654,17:11:31,timeslice,4,100.0,8462,16126,52.5
1785431491.654,17:11:31,timeslice,5,100.0,8558,16126,53.1
1785431491.654,17:11:31,timeslice,6,100.0,8576,16126,53.2
1785431491.654,17:11:31,timeslice,7,100.0,8606,16126,53.4
1785431492.654,17:11:32,timeslice,0,100.0,8591,16126,53.3
1785431492.654,17:11:32,timeslice,1,100.0,8559,16126,53.1
1785431492.654,17:11:32,timeslice,2,100.0,8542,16126,53.0
1785431492.654,17:11:32,timeslice,3,99.8,8478,16126,52.6
1785431492.654,17:11:32,timeslice,4,100.0,8462,16126,52.5
1785431492.654,17:11:32,timeslice,5,100.0,8558,16126,53.1
1785431492.654,17:11:32,timeslice,6,100.0,8576,16126,53.2
1785431492.654,17:11:32,timeslice,7,100.0,8606,16126,53.4
1785431493.654,17:11:33,timeslice,0,98.8,10604,16126,65.8
1785431493.654,17:11:33,timeslice,1,98.3,10604,16126,65.8
1785431493.654,17:11:33,timeslice,2,97.7,10604,16126,65.8
1785431493.654,17:11:33,timeslice,3,97.9,10604,16126,65.8
1785431493.654,17:11:33,timeslice,4,98.0,10604,16126,65.8
1785431493.654,17:11:33,timeslice,5,98.1,10603,16126,65.8
1785431493.654,17:11:33,timeslice,6,98.4,10605,16126,65.8
1785431493.654,17:11:33,timeslice,7,97.9,10604,16126,65.8
1785431494.655,17:11:34,timeslice,0,98.8,10604,16126,65.8
1785431494.655,17:11:34,timeslice,1,98.3,10604,16126,65.8
1785431494.655,17:11:34,timeslice,2,97.7,10604,16126,65.8
1785431494.655,17:11:34,timeslice,3,97.9,10604,16126,65.8
1785431494.655,17:11:34,timeslice,4,98.0,10604,16126,65.8
1785431494.655,17:11:34,timeslice,5,98.1,10603,16126,65.8
1785431494.655,17:11:34,timeslice,6,98.4,10605,16126,65.8
1785431494.655,17:11:34,timeslice,7,97.9,10604,16126,65.8
1785431495.655,17:11:35,timeslice,0,98.8,10604,16126,65.8
1785431495.655,17:11:35,timeslice,1,98.3,10604,16126,65.8
1785431495.655,17:11:35,timeslice,2,97.7,10604,16126,65.8
1785431495.655,17:11:35,timeslice,3,97.9,10604,16126,65.8
1785431495.655,17:11:35,timeslice,4,98.0,10604,16126,65.8
1785431495.655,17:11:35,timeslice,5,98.1,10603,16126,65.8
1785431495.655,17:11:35,timeslice,6,98.4,10605,16126,65.8
1785431495.655,17:11:35,timeslice,7,97.9,10604,16126,65.8
1785431496.655,17:11:36,timeslice,0,98.8,10604,16126,65.8
1785431496.655,17:11:36,timeslice,1,98.3,10604,16126,65.8
1785431496.655,17:11:36,timeslice,2,97.7,10604,16126,65.8
1785431496.655,17:11:36,timeslice,3,97.9,10604,16126,65.8
1785431496.655,17:11:36,timeslice,4,98.0,10604,16126,65.8
1785431496.655,17:11:36,timeslice,5,98.1,10603,16126,65.8
1785431496.655,17:11:36,timeslice,6,98.4,10605,16126,65.8
1785431496.655,17:11:36,timeslice,7,97.9,10604,16126,65.8
1785431497.655,17:11:37,timeslice,0,98.8,10604,16126,65.8
1785431497.655,17:11:37,timeslice,1,98.3,10604,16126,65.8
1785431497.655,17:11:37,timeslice,2,97.7,10604,16126,65.8
1785431497.655,17:11:37,timeslice,3,97.9,10604,16126,65.8
1785431497.655,17:11:37,timeslice,4,98.0,10604,16126,65.8
1785431497.655,17:11:37,timeslice,5,98.1,10603,16126,65.8
1785431497.655,17:11:37,timeslice,6,98.4,10605,16126,65.8
1785431497.655,17:11:37,timeslice,7,97.9,10604,16126,65.8
1785431498.655,17:11:38,timeslice,0,96.9,10743,16126,66.6
1785431498.655,17:11:38,timeslice,1,97.0,10743,16126,66.6
1785431498.655,17:11:38,timeslice,2,96.4,8527,16126,52.9
1785431498.655,17:11:38,timeslice,3,99.2,10743,16126,66.6
1785431498.655,17:11:38,timeslice,4,96.5,10743,16126,66.6
1785431498.655,17:11:38,timeslice,5,96.5,8606,16126,53.4
1785431498.655,17:11:38,timeslice,6,99.4,8720,16126,54.1
1785431498.655,17:11:38,timeslice,7,99.4,8590,16126,53.3
1785431499.655,17:11:39,timeslice,0,96.9,10743,16126,66.6
1785431499.655,17:11:39,timeslice,1,97.0,10743,16126,66.6
1785431499.655,17:11:39,timeslice,2,96.4,8527,16126,52.9
1785431499.655,17:11:39,timeslice,3,99.2,10743,16126,66.6
1785431499.655,17:11:39,timeslice,4,96.5,10743,16126,66.6
1785431499.655,17:11:39,timeslice,5,96.5,8606,16126,53.4
1785431499.655,17:11:39,timeslice,6,99.4,8720,16126,54.1
1785431499.655,17:11:39,timeslice,7,99.4,8590,16126,53.3
1785431500.655,17:11:40,timeslice,0,96.9,10743,16126,66.6
1785431500.655,17:11:40,timeslice,1,97.0,10743,16126,66.6
1785431500.655,17:11:40,timeslice,2,96.4,8527,16126,52.9
1785431500.655,17:11:40,timeslice,3,99.2,10743,16126,66.6
1785431500.655,17:11:40,timeslice,4,96.5,10743,16126,66.6
1785431500.655,17:11:40,timeslice,5,96.5,8606,16126,53.4
1785431500.655,17:11:40,timeslice,6,99.4,8720,16126,54.1
1785431500.655,17:11:40,timeslice,7,99.4,8590,16126,53.3
1785431501.655,17:11:41,timeslice,0,96.9,10743,16126,66.6
1785431501.655,17:11:41,timeslice,1,97.0,10743,16126,66.6
1785431501.655,17:11:41,timeslice,2,96.4,8527,16126,52.9
1785431501.655,17:11:41,timeslice,3,99.2,10743,16126,66.6
1785431501.655,17:11:41,timeslice,4,96.5,10743,16126,66.6
1785431501.655,17:11:41,timeslice,5,96.5,8606,16126,53.4
1785431501.655,17:11:41,timeslice,6,99.4,8720,16126,54.1
1785431501.655,17:11:41,timeslice,7,99.4,8590,16126,53.3
1785431502.655,17:11:42,timeslice,0,96.9,10743,16126,66.6
1785431502.655,17:11:42,timeslice,1,97.0,10743,16126,66.6
1785431502.655,17:11:42,timeslice,2,96.4,8527,16126,52.9
1785431502.655,17:11:42,timeslice,3,99.2,10743,16126,66.6
1785431502.655,17:11:42,timeslice,4,96.5,10743,16126,66.6
1785431502.655,17:11:42,timeslice,5,96.5,8606,16126,53.4
1785431502.655,17:11:42,timeslice,6,99.4,8720,16126,54.1
1785431502.655,17:11:42,timeslice,7,99.4,8590,16126,53.3
1785431503.656,17:11:43,timeslice,0,100.0,10839,16126,67.2
1785431503.656,17:11:43,timeslice,1,100.0,10587,16126,65.7
1785431503.656,17:11:43,timeslice,2,100.0,10604,16126,65.8
1785431503.656,17:11:43,timeslice,3,98.4,10699,16126,66.3
1785431503.656,17:11:43,timeslice,4,100.0,10699,16126,66.3
1785431503.656,17:11:43,timeslice,5,100.0,10603,16126,65.8
1785431503.656,17:11:43,timeslice,6,98.6,10605,16126,65.8
1785431503.656,17:11:43,timeslice,7,98.7,10603,16126,65.8
1785431504.656,17:11:44,timeslice,0,100.0,10839,16126,67.2
1785431504.656,17:11:44,timeslice,1,100.0,10587,16126,65.7
1785431504.656,17:11:44,timeslice,2,100.0,10604,16126,65.8
1785431504.656,17:11:44,timeslice,3,98.4,10699,16126,66.3
1785431504.656,17:11:44,timeslice,4,100.0,10699,16126,66.3
1785431504.656,17:11:44,timeslice,5,100.0,10603,16126,65.8
1785431504.656,17:11:44,timeslice,6,98.6,10605,16126,65.8
1785431504.656,17:11:44,timeslice,7,98.7,10603,16126,65.8
1785431505.656,17:11:45,timeslice,0,100.0,10839,16126,67.2
1785431505.656,17:11:45,timeslice,1,100.0,10587,16126,65.7
1785431505.656,17:11:45,timeslice,2,100.0,10604,16126,65.8
1785431505.656,17:11:45,timeslice,3,98.4,10699,16126,66.3
1785431505.656,17:11:45,timeslice,4,100.0,10699,16126,66.3
1785431505.656,17:11:45,timeslice,5,100.0,10603,16126,65.8
1785431505.656,17:11:45,timeslice,6,98.6,10605,16126,65.8
1785431505.656,17:11:45,timeslice,7,98.7,10603,16126,65.8
1785431506.656,17:11:46,timeslice,0,100.0,10839,16126,67.2
1785431506.656,17:11:46,timeslice,1,100.0,10587,16126,65.7
1785431506.656,17:11:46,timeslice,2,100.0,10604,16126,65.8
1785431506.656,17:11:46,timeslice,3,98.4,10699,16126,66.3
1785431506.656,17:11:46,timeslice,4,100.0,10699,16126,66.3
1785431506.656,17:11:46,timeslice,5,100.0,10603,16126,65.8
1785431506.656,17:11:46,timeslice,6,98.6,10605,16126,65.8
1785431506.656,17:11:46,timeslice,7,98.7,10603,16126,65.8
1785431507.656,17:11:47,timeslice,0,0.0,0,0,0.0
1785431507.656,17:11:47,timeslice,1,0.0,0,0,0.0
1785431507.656,17:11:47,timeslice,2,0.0,0,0,0.0
1785431507.656,17:11:47,timeslice,3,0.0,0,0,0.0
1785431507.656,17:11:47,timeslice,4,0.0,0,0,0.0
1785431507.656,17:11:47,timeslice,5,0.0,0,0,0.0
1785431507.656,17:11:47,timeslice,6,0.0,0,0,0.0
1785431507.656,17:11:47,timeslice,7,0.0,0,0,0.0
1785431508.737,17:11:48,timeslice,0,0.0,0,0,0.0
1785431508.737,17:11:48,timeslice,1,0.0,0,0,0.0
1785431508.737,17:11:48,timeslice,2,0.0,0,0,0.0
1785431508.737,17:11:48,timeslice,3,0.0,0,0,0.0
1785431508.737,17:11:48,timeslice,4,0.0,0,0,0.0
1785431508.737,17:11:48,timeslice,5,0.0,0,0,0.0
1785431508.737,17:11:48,timeslice,6,0.0,0,0,0.0
1785431508.737,17:11:48,timeslice,7,0.0,0,0,0.0
1785431509.752,17:11:49,timeslice,0,0.0,0,0,0.0
1785431509.752,17:11:49,timeslice,1,0.0,0,0,0.0
1785431509.752,17:11:49,timeslice,2,0.0,0,0,0.0
1785431509.752,17:11:49,timeslice,3,0.0,0,0,0.0
1785431509.752,17:11:49,timeslice,4,0.0,0,0,0.0
1785431509.752,17:11:49,timeslice,5,0.0,0,0,0.0
1785431509.752,17:11:49,timeslice,6,0.0,0,0,0.0
1785431509.752,17:11:49,timeslice,7,0.0,0,0,0.0
1785431510.752,17:11:50,timeslice,0,0.0,0,0,0.0
1785431510.752,17:11:50,timeslice,1,0.0,0,0,0.0
1785431510.752,17:11:50,timeslice,2,0.0,0,0,0.0
1785431510.752,17:11:50,timeslice,3,0.0,0,0,0.0
1785431510.752,17:11:50,timeslice,4,0.0,0,0,0.0
1785431510.752,17:11:50,timeslice,5,0.0,0,0,0.0
1785431510.752,17:11:50,timeslice,6,0.0,0,0,0.0
1785431510.752,17:11:50,timeslice,7,0.0,0,0,0.0
1785431511.752,17:11:51,timeslice,0,0.0,0,0,0.0
1785431511.752,17:11:51,timeslice,1,0.0,0,0,0.0
1785431511.752,17:11:51,timeslice,2,0.0,0,0,0.0
1785431511.752,17:11:51,timeslice,3,0.0,0,0,0.0
1785431511.752,17:11:51,timeslice,4,0.0,0,0,0.0
1785431511.752,17:11:51,timeslice,5,0.0,0,0,0.0
1785431511.752,17:11:51,timeslice,6,0.0,0,0,0.0
1785431511.752,17:11:51,timeslice,7,0.0,0,0,0.0
1785431512.752,17:11:52,timeslice,0,0.0,0,0,0.0
1785431512.752,17:11:52,timeslice,1,0.0,0,0,0.0
1785431512.752,17:11:52,timeslice,2,0.0,0,0,0.0
1785431512.752,17:11:52,timeslice,3,0.0,0,0,0.0
1785431512.752,17:11:52,timeslice,4,0.0,0,0,0.0
1785431512.752,17:11:52,timeslice,5,0.0,0,0,0.0
1785431512.752,17:11:52,timeslice,6,0.0,0,0,0.0
1785431512.752,17:11:52,timeslice,7,0.0,0,0,0.0
1785431513.752,17:11:53,timeslice,0,0.0,0,0,0.0
1785431513.752,17:11:53,timeslice,1,0.0,0,0,0.0
1785431513.752,17:11:53,timeslice,2,0.0,0,0,0.0
1785431513.752,17:11:53,timeslice,3,0.0,0,0,0.0
1785431513.752,17:11:53,timeslice,4,0.0,0,0,0.0
1785431513.752,17:11:53,timeslice,5,0.0,0,0,0.0
1785431513.752,17:11:53,timeslice,6,0.0,0,0,0.0
1785431513.752,17:11:53,timeslice,7,0.0,0,0,0.0
1785431514.752,17:11:54,timeslice,0,0.0,0,0,0.0
1785431514.752,17:11:54,timeslice,1,0.0,0,0,0.0
1785431514.752,17:11:54,timeslice,2,0.0,0,0,0.0
1785431514.752,17:11:54,timeslice,3,0.0,0,0,0.0
1785431514.752,17:11:54,timeslice,4,0.0,0,0,0.0
1785431514.752,17:11:54,timeslice,5,0.0,0,0,0.0
1785431514.752,17:11:54,timeslice,6,0.0,0,0,0.0
1785431514.752,17:11:54,timeslice,7,0.0,0,0,0.0
1785431515.753,17:11:55,timeslice,0,0.0,0,0,0.0
1785431515.753,17:11:55,timeslice,1,0.0,0,0,0.0
1785431515.753,17:11:55,timeslice,2,0.0,0,0,0.0
1785431515.753,17:11:55,timeslice,3,0.0,0,0,0.0
1785431515.753,17:11:55,timeslice,4,0.0,0,0,0.0
1785431515.753,17:11:55,timeslice,5,0.0,0,0,0.0
1785431515.753,17:11:55,timeslice,6,0.0,0,0,0.0
1785431515.753,17:11:55,timeslice,7,0.0,0,0,0.0
1785431516.753,17:11:56,timeslice,0,0.0,0,0,0.0
1785431516.753,17:11:56,timeslice,1,0.0,0,0,0.0
1785431516.753,17:11:56,timeslice,2,0.0,0,0,0.0
1785431516.753,17:11:56,timeslice,3,0.0,0,0,0.0
1785431516.753,17:11:56,timeslice,4,0.0,0,0,0.0
1785431516.753,17:11:56,timeslice,5,0.0,0,0,0.0
1785431516.753,17:11:56,timeslice,6,0.0,0,0,0.0
1785431516.753,17:11:56,timeslice,7,0.0,0,0,0.0
1785431517.753,17:11:57,timeslice,0,0.0,0,0,0.0
1785431517.753,17:11:57,timeslice,1,0.0,0,0,0.0
1785431517.753,17:11:57,timeslice,2,0.0,0,0,0.0
1785431517.753,17:11:57,timeslice,3,0.0,0,0,0.0
1785431517.753,17:11:57,timeslice,4,0.0,0,0,0.0
1785431517.753,17:11:57,timeslice,5,0.0,0,0,0.0
1785431517.753,17:11:57,timeslice,6,0.0,0,0,0.0
1785431517.753,17:11:57,timeslice,7,0.0,0,0,0.0
1785431518.753,17:11:58,timeslice,0,0.0,0,0,0.0
1785431518.753,17:11:58,timeslice,1,0.0,0,0,0.0
1785431518.753,17:11:58,timeslice,2,0.0,0,0,0.0
1785431518.753,17:11:58,timeslice,3,0.0,0,0,0.0
1785431518.753,17:11:58,timeslice,4,0.0,0,0,0.0
1785431518.753,17:11:58,timeslice,5,0.0,0,0,0.0
1785431518.753,17:11:58,timeslice,6,0.0,0,0,0.0
1785431518.753,17:11:58,timeslice,7,0.0,0,0,0.0
1785431519.753,17:11:59,timeslice,0,0.0,0,0,0.0
1785431519.753,17:11:59,timeslice,1,0.0,0,0,0.0
1785431519.753,17:11:59,timeslice,2,0.0,0,0,0.0
1785431519.753,17:11:59,timeslice,3,0.0,0,0,0.0
1785431519.753,17:11:59,timeslice,4,0.0,0,0,0.0
1785431519.753,17:11:59,timeslice,5,0.0,0,0,0.0
1785431519.753,17:11:59,timeslice,6,0.0,0,0,0.0
1785431519.753,17:11:59,timeslice,7,0.0,0,0,0.0
1785431520.753,17:12:00,timeslice,0,0.0,0,0,0.0
1785431520.753,17:12:00,timeslice,1,0.0,0,0,0.0
1785431520.753,17:12:00,timeslice,2,0.0,0,0,0.0
1785431520.753,17:12:00,timeslice,3,0.0,0,0,0.0
1785431520.753,17:12:00,timeslice,4,0.0,0,0,0.0
1785431520.753,17:12:00,timeslice,5,0.0,0,0,0.0
1785431520.753,17:12:00,timeslice,6,0.0,0,0,0.0
1785431520.753,17:12:00,timeslice,7,0.0,0,0,0.0
1785431521.753,17:12:01,timeslice,0,0.0,0,0,0.0
1785431521.753,17:12:01,timeslice,1,0.0,0,0,0.0
1785431521.753,17:12:01,timeslice,2,0.0,0,0,0.0
1785431521.753,17:12:01,timeslice,3,0.0,0,0,0.0
1785431521.753,17:12:01,timeslice,4,0.0,0,0,0.0
1785431521.753,17:12:01,timeslice,5,0.0,0,0,0.0
1785431521.753,17:12:01,timeslice,6,0.0,0,0,0.0
1785431521.753,17:12:01,timeslice,7,0.0,0,0,0.0
1785431522.754,17:12:02,timeslice,0,0.0,0,0,0.0
1785431522.754,17:12:02,timeslice,1,0.0,0,0,0.0
1785431522.754,17:12:02,timeslice,2,0.0,0,0,0.0
1785431522.754,17:12:02,timeslice,3,0.0,0,0,0.0
1785431522.754,17:12:02,timeslice,4,0.0,0,0,0.0
1785431522.754,17:12:02,timeslice,5,0.0,0,0,0.0
1785431522.754,17:12:02,timeslice,6,0.0,0,0,0.0
1785431522.754,17:12:02,timeslice,7,0.0,0,0,0.0
1785431523.754,17:12:03,timeslice,0,0.0,0,0,0.0
1785431523.754,17:12:03,timeslice,1,0.0,0,0,0.0
1785431523.754,17:12:03,timeslice,2,0.0,0,0,0.0
1785431523.754,17:12:03,timeslice,3,0.0,0,0,0.0
1785431523.754,17:12:03,timeslice,4,0.0,0,0,0.0
1785431523.754,17:12:03,timeslice,5,0.0,0,0,0.0
1785431523.754,17:12:03,timeslice,6,0.0,0,0,0.0
1785431523.754,17:12:03,timeslice,7,0.0,0,0,0.0
1785431524.754,17:12:04,timeslice,0,0.0,0,0,0.0
1785431524.754,17:12:04,timeslice,1,0.0,0,0,0.0
1785431524.754,17:12:04,timeslice,2,0.0,0,0,0.0
1785431524.754,17:12:04,timeslice,3,0.0,0,0,0.0
1785431524.754,17:12:04,timeslice,4,0.0,0,0,0.0
1785431524.754,17:12:04,timeslice,5,0.0,0,0,0.0
1785431524.754,17:12:04,timeslice,6,0.0,0,0,0.0
1785431524.754,17:12:04,timeslice,7,0.0,0,0,0.0
1785431525.754,17:12:05,timeslice,0,0.0,0,0,0.0
1785431525.754,17:12:05,timeslice,1,0.0,0,0,0.0
1785431525.754,17:12:05,timeslice,2,0.0,0,0,0.0
1785431525.754,17:12:05,timeslice,3,0.0,0,0,0.0
1785431525.754,17:12:05,timeslice,4,0.0,0,0,0.0
1785431525.754,17:12:05,timeslice,5,0.0,0,0,0.0
1785431525.754,17:12:05,timeslice,6,0.0,0,0,0.0
1785431525.754,17:12:05,timeslice,7,0.0,0,0,0.0
1785431526.754,17:12:06,timeslice,0,0.0,0,0,0.0
1785431526.754,17:12:06,timeslice,1,0.0,0,0,0.0
1785431526.754,17:12:06,timeslice,2,0.0,0,0,0.0
1785431526.754,17:12:06,timeslice,3,0.0,0,0,0.0
1785431526.754,17:12:06,timeslice,4,0.0,0,0,0.0
1785431526.754,17:12:06,timeslice,5,0.0,0,0,0.0
1785431526.754,17:12:06,timeslice,6,0.0,0,0,0.0
1785431526.754,17:12:06,timeslice,7,0.0,0,0,0.0
1785431527.754,17:12:07,timeslice,0,0.0,0,0,0.0
1785431527.754,17:12:07,timeslice,1,0.0,0,0,0.0
1785431527.754,17:12:07,timeslice,2,0.0,0,0,0.0
1785431527.754,17:12:07,timeslice,3,0.0,0,0,0.0
1785431527.754,17:12:07,timeslice,4,0.0,0,0,0.0
1785431527.754,17:12:07,timeslice,5,0.0,0,0,0.0
1785431527.754,17:12:07,timeslice,6,0.0,0,0,0.0
1785431527.754,17:12:07,timeslice,7,0.0,0,0,0.0
1785431528.754,17:12:08,timeslice,0,0.0,0,0,0.0
1785431528.754,17:12:08,timeslice,1,0.0,0,0,0.0
1785431528.754,17:12:08,timeslice,2,0.0,0,0,0.0
1785431528.754,17:12:08,timeslice,3,0.0,0,0,0.0
1785431528.754,17:12:08,timeslice,4,0.0,0,0,0.0
1785431528.754,17:12:08,timeslice,5,0.0,0,0,0.0
1785431528.754,17:12:08,timeslice,6,0.0,0,0,0.0
1785431528.754,17:12:08,timeslice,7,0.0,0,0,0.0
1785431529.754,17:12:09,timeslice,0,0.0,0,0,0.0
1785431529.754,17:12:09,timeslice,1,0.0,0,0,0.0
1785431529.754,17:12:09,timeslice,2,0.0,0,0,0.0
1785431529.754,17:12:09,timeslice,3,0.0,0,0,0.0
1785431529.754,17:12:09,timeslice,4,0.0,0,0,0.0
1785431529.754,17:12:09,timeslice,5,0.0,0,0,0.0
1785431529.754,17:12:09,timeslice,6,0.0,0,0,0.0
1785431529.754,17:12:09,timeslice,7,0.0,0,0,0.0
1785431530.754,17:12:10,timeslice,0,0.0,0,0,0.0
1785431530.754,17:12:10,timeslice,1,0.0,0,0,0.0
1785431530.754,17:12:10,timeslice,2,0.0,0,0,0.0
1785431530.754,17:12:10,timeslice,3,0.0,0,0,0.0
1785431530.754,17:12:10,timeslice,4,0.0,0,0,0.0
1785431530.754,17:12:10,timeslice,5,0.0,0,0,0.0
1785431530.754,17:12:10,timeslice,6,0.0,0,0,0.0
1785431530.754,17:12:10,timeslice,7,0.0,0,0,0.0
1785431531.755,17:12:11,timeslice,0,0.0,0,0,0.0
1785431531.755,17:12:11,timeslice,1,0.0,0,0,0.0
1785431531.755,17:12:11,timeslice,2,0.0,0,0,0.0
1785431531.755,17:12:11,timeslice,3,0.0,0,0,0.0
1785431531.755,17:12:11,timeslice,4,0.0,0,0,0.0
1785431531.755,17:12:11,timeslice,5,0.0,0,0,0.0
1785431531.755,17:12:11,timeslice,6,0.0,0,0,0.0
1785431531.755,17:12:11,timeslice,7,0.0,0,0,0.0
1785431532.755,17:12:12,timeslice,0,0.0,0,0,0.0
1785431532.755,17:12:12,timeslice,1,0.0,0,0,0.0
1785431532.755,17:12:12,timeslice,2,0.0,0,0,0.0
1785431532.755,17:12:12,timeslice,3,0.0,0,0,0.0
1785431532.755,17:12:12,timeslice,4,0.0,0,0,0.0
1785431532.755,17:12:12,timeslice,5,0.0,0,0,0.0
1785431532.755,17:12:12,timeslice,6,0.0,0,0,0.0
1785431532.755,17:12:12,timeslice,7,0.0,0,0,0.0
1785431533.755,17:12:13,timeslice,0,0.0,0,0,0.0
1785431533.755,17:12:13,timeslice,1,0.0,0,0,0.0
1785431533.755,17:12:13,timeslice,2,0.0,0,0,0.0
1785431533.755,17:12:13,timeslice,3,0.0,0,0,0.0
1785431533.755,17:12:13,timeslice,4,0.0,0,0,0.0
1785431533.755,17:12:13,timeslice,5,0.0,0,0,0.0
1785431533.755,17:12:13,timeslice,6,0.0,0,0,0.0
1785431533.755,17:12:13,timeslice,7,0.0,0,0,0.0
1785431534.755,17:12:14,timeslice,0,0.0,0,0,0.0
1785431534.755,17:12:14,timeslice,1,0.0,0,0,0.0
1785431534.755,17:12:14,timeslice,2,0.0,0,0,0.0
1785431534.755,17:12:14,timeslice,3,0.0,0,0,0.0
1785431534.755,17:12:14,timeslice,4,0.0,0,0,0.0
1785431534.755,17:12:14,timeslice,5,0.0,0,0,0.0
1785431534.755,17:12:14,timeslice,6,0.0,0,0,0.0
1785431534.755,17:12:14,timeslice,7,0.0,0,0,0.0
1785431535.755,17:12:15,timeslice,0,0.0,0,0,0.0
1785431535.755,17:12:15,timeslice,1,0.0,0,0,0.0
1785431535.755,17:12:15,timeslice,2,0.0,0,0,0.0
1785431535.755,17:12:15,timeslice,3,0.0,0,0,0.0
1785431535.755,17:12:15,timeslice,4,0.0,0,0,0.0
1785431535.755,17:12:15,timeslice,5,0.0,0,0,0.0
1785431535.755,17:12:15,timeslice,6,0.0,0,0,0.0
1785431535.755,17:12:15,timeslice,7,0.0,0,0,0.0
1785431536.755,17:12:16,timeslice,0,0.0,0,0,0.0
1785431536.755,17:12:16,timeslice,1,0.0,0,0,0.0
1785431536.755,17:12:16,timeslice,2,0.0,0,0,0.0
1785431536.755,17:12:16,timeslice,3,0.0,0,0,0.0
1785431536.755,17:12:16,timeslice,4,0.0,0,0,0.0
1785431536.755,17:12:16,timeslice,5,0.0,0,0,0.0
1785431536.755,17:12:16,timeslice,6,0.0,0,0,0.0
1785431536.755,17:12:16,timeslice,7,0.0,0,0,0.0
1785431537.755,17:12:17,timeslice,0,0.0,0,0,0.0
1785431537.755,17:12:17,timeslice,1,0.0,0,0,0.0
1785431537.755,17:12:17,timeslice,2,0.0,0,0,0.0
1785431537.755,17:12:17,timeslice,3,0.0,0,0,0.0
1785431537.755,17:12:17,timeslice,4,0.0,0,0,0.0
1785431537.755,17:12:17,timeslice,5,0.0,0,0,0.0
1785431537.755,17:12:17,timeslice,6,0.0,0,0,0.0
1785431537.755,17:12:17,timeslice,7,0.0,0,0,0.0
1785431538.756,17:12:18,timeslice,0,0.0,0,0,0.0
1785431538.756,17:12:18,timeslice,1,0.0,0,0,0.0
1785431538.756,17:12:18,timeslice,2,0.0,0,0,0.0
1785431538.756,17:12:18,timeslice,3,0.0,0,0,0.0
1785431538.756,17:12:18,timeslice,4,0.0,0,0,0.0
1785431538.756,17:12:18,timeslice,5,0.0,0,0,0.0
1785431538.756,17:12:18,timeslice,6,0.0,0,0,0.0
1785431538.756,17:12:18,timeslice,7,0.0,0,0,0.0
1785431539.756,17:12:19,timeslice,0,0.0,0,0,0.0
1785431539.756,17:12:19,timeslice,1,0.0,0,0,0.0
1785431539.756,17:12:19,timeslice,2,0.0,0,0,0.0
1785431539.756,17:12:19,timeslice,3,0.0,0,0,0.0
1785431539.756,17:12:19,timeslice,4,0.0,0,0,0.0
1785431539.756,17:12:19,timeslice,5,0.0,0,0,0.0
1785431539.756,17:12:19,timeslice,6,0.0,0,0,0.0
1785431539.756,17:12:19,timeslice,7,0.0,0,0,0.0
1785431540.756,17:12:20,timeslice,0,0.0,0,0,0.0
1785431540.756,17:12:20,timeslice,1,0.0,0,0,0.0
1785431540.756,17:12:20,timeslice,2,0.0,0,0,0.0
1785431540.756,17:12:20,timeslice,3,0.0,0,0,0.0
1785431540.756,17:12:20,timeslice,4,0.0,0,0,0.0
1785431540.756,17:12:20,timeslice,5,0.0,0,0,0.0
1785431540.756,17:12:20,timeslice,6,0.0,0,0,0.0
1785431540.756,17:12:20,timeslice,7,0.0,0,0,0.0
1785431541.756,17:12:21,timeslice,0,0.0,0,0,0.0
1785431541.756,17:12:21,timeslice,1,0.0,0,0,0.0
1785431541.756,17:12:21,timeslice,2,0.0,0,0,0.0
1785431541.756,17:12:21,timeslice,3,0.0,0,0,0.0
1785431541.756,17:12:21,timeslice,4,0.0,0,0,0.0
1785431541.756,17:12:21,timeslice,5,0.0,0,0,0.0
1785431541.756,17:12:21,timeslice,6,0.0,0,0,0.0
1785431541.756,17:12:21,timeslice,7,0.0,0,0,0.0
1785431542.756,17:12:22,timeslice,0,0.0,0,0,0.0
1785431542.756,17:12:22,timeslice,1,0.0,0,0,0.0
1785431542.756,17:12:22,timeslice,2,0.0,0,0,0.0
1785431542.756,17:12:22,timeslice,3,0.0,0,0,0.0
1785431542.756,17:12:22,timeslice,4,0.0,0,0,0.0
1785431542.756,17:12:22,timeslice,5,0.0,0,0,0.0
1785431542.756,17:12:22,timeslice,6,0.0,0,0,0.0
1785431542.756,17:12:22,timeslice,7,0.0,0,0,0.0
1785431543.756,17:12:23,timeslice,0,0.0,0,0,0.0
1785431543.756,17:12:23,timeslice,1,0.0,0,0,0.0
1785431543.756,17:12:23,timeslice,2,0.0,0,0,0.0
1785431543.756,17:12:23,timeslice,3,0.0,0,0,0.0
1785431543.756,17:12:23,timeslice,4,0.0,0,0,0.0
1785431543.756,17:12:23,timeslice,5,0.0,0,0,0.0
1785431543.756,17:12:23,timeslice,6,0.0,0,0,0.0
1785431543.756,17:12:23,timeslice,7,0.0,0,0,0.0
1785431544.756,17:12:24,timeslice,0,0.0,0,0,0.0
1785431544.756,17:12:24,timeslice,1,0.0,0,0,0.0
1785431544.756,17:12:24,timeslice,2,0.0,0,0,0.0
1785431544.756,17:12:24,timeslice,3,0.0,0,0,0.0
1785431544.756,17:12:24,timeslice,4,0.0,0,0,0.0
1785431544.756,17:12:24,timeslice,5,0.0,0,0,0.0
1785431544.756,17:12:24,timeslice,6,0.0,0,0,0.0
1785431544.756,17:12:24,timeslice,7,0.0,0,0,0.0
1785431545.756,17:12:25,timeslice,0,0.0,0,0,0.0
1785431545.756,17:12:25,timeslice,1,0.0,0,0,0.0
1785431545.756,17:12:25,timeslice,2,0.0,0,0,0.0
1785431545.756,17:12:25,timeslice,3,0.0,0,0,0.0
1785431545.756,17:12:25,timeslice,4,0.0,0,0,0.0
1785431545.756,17:12:25,timeslice,5,0.0,0,0,0.0
1785431545.756,17:12:25,timeslice,6,0.0,0,0,0.0
1785431545.756,17:12:25,timeslice,7,0.0,0,0,0.0
1785431546.756,17:12:26,timeslice,0,0.0,0,0,0.0
1785431546.756,17:12:26,timeslice,1,0.0,0,0,0.0
1785431546.756,17:12:26,timeslice,2,0.0,0,0,0.0
1785431546.756,17:12:26,timeslice,3,0.0,0,0,0.0
1785431546.756,17:12:26,timeslice,4,0.0,0,0,0.0
1785431546.756,17:12:26,timeslice,5,0.0,0,0,0.0
1785431546.756,17:12:26,timeslice,6,0.0,0,0,0.0
1785431546.756,17:12:26,timeslice,7,0.0,0,0,0.0
1785431547.757,17:12:27,timeslice,0,0.0,0,0,0.0
1785431547.757,17:12:27,timeslice,1,0.0,0,0,0.0
1785431547.757,17:12:27,timeslice,2,0.0,0,0,0.0
1785431547.757,17:12:27,timeslice,3,0.0,0,0,0.0
1785431547.757,17:12:27,timeslice,4,0.0,0,0,0.0
1785431547.757,17:12:27,timeslice,5,0.0,0,0,0.0
1785431547.757,17:12:27,timeslice,6,0.0,0,0,0.0
1785431547.757,17:12:27,timeslice,7,0.0,0,0,0.0
1785431548.757,17:12:28,timeslice,0,0.0,0,0,0.0
1785431548.757,17:12:28,timeslice,1,0.0,0,0,0.0
1785431548.757,17:12:28,timeslice,2,0.0,0,0,0.0
1785431548.757,17:12:28,timeslice,3,0.0,0,0,0.0
1785431548.757,17:12:28,timeslice,4,0.0,0,0,0.0
1785431548.757,17:12:28,timeslice,5,0.0,0,0,0.0
1785431548.757,17:12:28,timeslice,6,0.0,0,0,0.0
1785431548.757,17:12:28,timeslice,7,0.0,0,0,0.0
1785431549.757,17:12:29,timeslice,0,0.0,0,0,0.0
1785431549.757,17:12:29,timeslice,1,0.0,0,0,0.0
1785431549.757,17:12:29,timeslice,2,0.0,0,0,0.0
1785431549.757,17:12:29,timeslice,3,0.0,0,0,0.0
1785431549.757,17:12:29,timeslice,4,0.0,0,0,0.0
1785431549.757,17:12:29,timeslice,5,0.0,0,0,0.0
1785431549.757,17:12:29,timeslice,6,0.0,0,0,0.0
1785431549.757,17:12:29,timeslice,7,0.0,0,0,0.0
1785431550.757,17:12:30,timeslice,0,0.0,0,0,0.0
1785431550.757,17:12:30,timeslice,1,0.0,0,0,0.0
1785431550.757,17:12:30,timeslice,2,0.0,0,0,0.0
1785431550.757,17:12:30,timeslice,3,0.0,0,0,0.0
1785431550.757,17:12:30,timeslice,4,0.0,0,0,0.0
1785431550.757,17:12:30,timeslice,5,0.0,0,0,0.0
1785431550.757,17:12:30,timeslice,6,0.0,0,0,0.0
1785431550.757,17:12:30,timeslice,7,0.0,0,0,0.0
1785431551.757,17:12:31,timeslice,0,0.0,0,0,0.0
1785431551.757,17:12:31,timeslice,1,0.0,0,0,0.0
1785431551.757,17:12:31,timeslice,2,0.0,0,0,0.0
1785431551.757,17:12:31,timeslice,3,0.0,0,0,0.0
1785431551.757,17:12:31,timeslice,4,0.0,0,0,0.0
1785431551.757,17:12:31,timeslice,5,0.0,0,0,0.0
1785431551.757,17:12:31,timeslice,6,0.0,0,0,0.0
1785431551.757,17:12:31,timeslice,7,0.0,0,0,0.0
1785431552.757,17:12:32,timeslice,0,0.0,0,0,0.0
1785431552.757,17:12:32,timeslice,1,0.0,0,0,0.0
1785431552.757,17:12:32,timeslice,2,0.0,0,0,0.0
1785431552.757,17:12:32,timeslice,3,0.0,0,0,0.0
1785431552.757,17:12:32,timeslice,4,0.0,0,0,0.0
1785431552.757,17:12:32,timeslice,5,0.0,0,0,0.0
1785431552.757,17:12:32,timeslice,6,0.0,0,0,0.0
1785431552.757,17:12:32,timeslice,7,0.0,0,0,0.0
1785431553.757,17:12:33,timeslice,0,0.0,0,0,0.0
1785431553.757,17:12:33,timeslice,1,0.0,0,0,0.0
1785431553.757,17:12:33,timeslice,2,0.0,0,0,0.0
1785431553.757,17:12:33,timeslice,3,0.0,0,0,0.0
1785431553.757,17:12:33,timeslice,4,0.0,0,0,0.0
1785431553.757,17:12:33,timeslice,5,0.0,0,0,0.0
1785431553.757,17:12:33,timeslice,6,0.0,0,0,0.0
1785431553.757,17:12:33,timeslice,7,0.0,0,0,0.0
1785431554.758,17:12:34,timeslice,0,0.0,0,0,0.0
1785431554.758,17:12:34,timeslice,1,0.0,0,0,0.0
1785431554.758,17:12:34,timeslice,2,0.0,0,0,0.0
1785431554.758,17:12:34,timeslice,3,0.0,0,0,0.0
1785431554.758,17:12:34,timeslice,4,0.0,0,0,0.0
1785431554.758,17:12:34,timeslice,5,0.0,0,0,0.0
1785431554.758,17:12:34,timeslice,6,0.0,0,0,0.0
1785431554.758,17:12:34,timeslice,7,0.0,0,0,0.0
1785431555.758,17:12:35,timeslice,0,0.0,0,0,0.0
1785431555.758,17:12:35,timeslice,1,0.0,0,0,0.0
1785431555.758,17:12:35,timeslice,2,0.0,0,0,0.0
1785431555.758,17:12:35,timeslice,3,0.0,0,0,0.0
1785431555.758,17:12:35,timeslice,4,0.0,0,0,0.0
1785431555.758,17:12:35,timeslice,5,0.0,0,0,0.0
1785431555.758,17:12:35,timeslice,6,0.0,0,0,0.0
1785431555.758,17:12:35,timeslice,7,0.0,0,0,0.0
1785431556.758,17:12:36,timeslice,0,0.0,0,0,0.0
1785431556.758,17:12:36,timeslice,1,0.0,0,0,0.0
1785431556.758,17:12:36,timeslice,2,0.0,0,0,0.0
1785431556.758,17:12:36,timeslice,3,0.0,0,0,0.0
1785431556.758,17:12:36,timeslice,4,0.0,0,0,0.0
1785431556.758,17:12:36,timeslice,5,0.0,0,0,0.0
1785431556.758,17:12:36,timeslice,6,0.0,0,0,0.0
1785431556.758,17:12:36,timeslice,7,0.0,0,0,0.0
1785431557.758,17:12:37,timeslice,0,0.0,0,0,0.0
1785431557.758,17:12:37,timeslice,1,0.0,0,0,0.0
1785431557.758,17:12:37,timeslice,2,0.0,0,0,0.0
1785431557.758,17:12:37,timeslice,3,0.0,0,0,0.0
1785431557.758,17:12:37,timeslice,4,0.0,0,0,0.0
1785431557.758,17:12:37,timeslice,5,0.0,0,0,0.0
1785431557.758,17:12:37,timeslice,6,0.0,0,0,0.0
1785431557.758,17:12:37,timeslice,7,0.0,0,0,0.0
1785431558.758,17:12:38,timeslice,0,0.0,0,0,0.0
1785431558.758,17:12:38,timeslice,1,0.0,0,0,0.0
1785431558.758,17:12:38,timeslice,2,0.0,0,0,0.0
1785431558.758,17:12:38,timeslice,3,0.0,0,0,0.0
1785431558.758,17:12:38,timeslice,4,0.0,0,0,0.0
1785431558.758,17:12:38,timeslice,5,0.0,0,0,0.0
1785431558.758,17:12:38,timeslice,6,0.0,0,0,0.0
1785431558.758,17:12:38,timeslice,7,0.0,0,0,0.0
1785431559.758,17:12:39,timeslice,0,0.0,0,0,0.0
1785431559.758,17:12:39,timeslice,1,0.0,0,0,0.0
1785431559.758,17:12:39,timeslice,2,0.0,0,0,0.0
1785431559.758,17:12:39,timeslice,3,0.0,0,0,0.0
1785431559.758,17:12:39,timeslice,4,0.0,0,0,0.0
1785431559.758,17:12:39,timeslice,5,0.0,0,0,0.0
1785431559.758,17:12:39,timeslice,6,0.0,0,0,0.0
1785431559.758,17:12:39,timeslice,7,0.0,0,0,0.0
1785431560.758,17:12:40,timeslice,0,0.0,0,0,0.0
1785431560.758,17:12:40,timeslice,1,0.0,0,0,0.0
1785431560.758,17:12:40,timeslice,2,0.0,0,0,0.0
1785431560.758,17:12:40,timeslice,3,0.0,0,0,0.0
1785431560.758,17:12:40,timeslice,4,0.0,0,0,0.0
1785431560.758,17:12:40,timeslice,5,0.0,0,0,0.0
1785431560.758,17:12:40,timeslice,6,0.0,0,0,0.0
1785431560.758,17:12:40,timeslice,7,0.0,0,0,0.0
1785431561.758,17:12:41,timeslice,0,0.0,0,0,0.0
1785431561.758,17:12:41,timeslice,1,0.0,0,0,0.0
1785431561.758,17:12:41,timeslice,2,0.0,0,0,0.0
1785431561.758,17:12:41,timeslice,3,0.0,0,0,0.0
1785431561.758,17:12:41,timeslice,4,0.0,0,0,0.0
1785431561.758,17:12:41,timeslice,5,0.0,0,0,0.0
1785431561.758,17:12:41,timeslice,6,0.0,0,0,0.0
1785431561.758,17:12:41,timeslice,7,0.0,0,0,0.0
1785431562.759,17:12:42,timeslice,0,0.0,0,0,0.0
1785431562.759,17:12:42,timeslice,1,0.0,0,0,0.0
1785431562.759,17:12:42,timeslice,2,0.0,0,0,0.0
1785431562.759,17:12:42,timeslice,3,0.0,0,0,0.0
1785431562.759,17:12:42,timeslice,4,0.0,0,0,0.0
1785431562.759,17:12:42,timeslice,5,0.0,0,0,0.0
1785431562.759,17:12:42,timeslice,6,0.0,0,0,0.0
1785431562.759,17:12:42,timeslice,7,0.0,0,0,0.0
1785431563.759,17:12:43,timeslice,0,0.0,0,0,0.0
1785431563.759,17:12:43,timeslice,1,0.0,0,0,0.0
1785431563.759,17:12:43,timeslice,2,0.0,0,0,0.0
1785431563.759,17:12:43,timeslice,3,0.0,0,0,0.0
1785431563.759,17:12:43,timeslice,4,0.0,0,0,0.0
1785431563.759,17:12:43,timeslice,5,0.0,0,0,0.0
1785431563.759,17:12:43,timeslice,6,0.0,0,0,0.0
1785431563.759,17:12:43,timeslice,7,0.0,0,0,0.0
1785431564.759,17:12:44,timeslice,0,0.0,0,0,0.0
1785431564.759,17:12:44,timeslice,1,0.0,0,0,0.0
1785431564.759,17:12:44,timeslice,2,0.0,0,0,0.0
1785431564.759,17:12:44,timeslice,3,0.0,0,0,0.0
1785431564.759,17:12:44,timeslice,4,0.0,0,0,0.0
1785431564.759,17:12:44,timeslice,5,0.0,0,0,0.0
1785431564.759,17:12:44,timeslice,6,0.0,0,0,0.0
1785431564.759,17:12:44,timeslice,7,0.0,0,0,0.0
1785431565.759,17:12:45,timeslice,0,0.0,0,0,0.0
1785431565.759,17:12:45,timeslice,1,0.0,0,0,0.0
1785431565.759,17:12:45,timeslice,2,0.0,0,0,0.0
1785431565.759,17:12:45,timeslice,3,0.0,0,0,0.0
1785431565.759,17:12:45,timeslice,4,0.0,0,0,0.0
1785431565.759,17:12:45,timeslice,5,0.0,0,0,0.0
1785431565.759,17:12:45,timeslice,6,0.0,0,0,0.0
1785431565.759,17:12:45,timeslice,7,0.0,0,0,0.0
1785431566.759,17:12:46,timeslice,0,0.0,0,0,0.0
1785431566.759,17:12:46,timeslice,1,0.0,0,0,0.0
1785431566.759,17:12:46,timeslice,2,0.0,0,0,0.0
1785431566.759,17:12:46,timeslice,3,0.0,0,0,0.0
1785431566.759,17:12:46,timeslice,4,0.0,0,0,0.0
1785431566.759,17:12:46,timeslice,5,0.0,0,0,0.0
1785431566.759,17:12:46,timeslice,6,0.0,0,0,0.0
1785431566.759,17:12:46,timeslice,7,0.0,0,0,0.0
1785431567.759,17:12:47,timeslice,0,0.0,0,0,0.0
1785431567.759,17:12:47,timeslice,1,0.0,0,0,0.0
1785431567.759,17:12:47,timeslice,2,0.0,0,0,0.0
1785431567.759,17:12:47,timeslice,3,0.0,0,0,0.0
1785431567.759,17:12:47,timeslice,4,0.0,0,0,0.0
1785431567.759,17:12:47,timeslice,5,0.0,0,0,0.0
1785431567.759,17:12:47,timeslice,6,0.0,0,0,0.0
1785431567.759,17:12:47,timeslice,7,0.0,0,0,0.0
1785431568.759,17:12:48,timeslice,0,0.0,0,0,0.0
1785431568.759,17:12:48,timeslice,1,0.0,0,0,0.0
1785431568.759,17:12:48,timeslice,2,0.0,0,0,0.0
1785431568.759,17:12:48,timeslice,3,0.0,0,0,0.0
1785431568.759,17:12:48,timeslice,4,0.0,0,0,0.0
1785431568.759,17:12:48,timeslice,5,0.0,0,0,0.0
1785431568.759,17:12:48,timeslice,6,0.0,0,0,0.0
1785431568.759,17:12:48,timeslice,7,0.0,0,0,0.0
1785431569.759,17:12:49,timeslice,0,0.0,0,0,0.0
1785431569.759,17:12:49,timeslice,1,0.0,0,0,0.0
1785431569.759,17:12:49,timeslice,2,0.0,0,0,0.0
1785431569.759,17:12:49,timeslice,3,0.0,0,0,0.0
1785431569.759,17:12:49,timeslice,4,0.0,0,0,0.0
1785431569.759,17:12:49,timeslice,5,0.0,0,0,0.0
1785431569.759,17:12:49,timeslice,6,0.0,0,0,0.0
1785431569.759,17:12:49,timeslice,7,0.0,0,0,0.0
1785431570.759,17:12:50,timeslice,0,0.0,0,0,0.0
1785431570.759,17:12:50,timeslice,1,0.0,0,0,0.0
1785431570.759,17:12:50,timeslice,2,0.0,0,0,0.0
1785431570.759,17:12:50,timeslice,3,0.0,0,0,0.0
1785431570.759,17:12:50,timeslice,4,0.0,0,0,0.0
1785431570.759,17:12:50,timeslice,5,0.0,0,0,0.0
1785431570.759,17:12:50,timeslice,6,0.0,0,0,0.0
1785431570.759,17:12:50,timeslice,7,0.0,0,0,0.0
1785431571.76,17:12:51,timeslice,0,0.0,0,0,0.0
1785431571.76,17:12:51,timeslice,1,0.0,0,0,0.0
1785431571.76,17:12:51,timeslice,2,0.0,0,0,0.0
1785431571.76,17:12:51,timeslice,3,0.0,0,0,0.0
1785431571.76,17:12:51,timeslice,4,0.0,0,0,0.0
1785431571.76,17:12:51,timeslice,5,0.0,0,0,0.0
1785431571.76,17:12:51,timeslice,6,0.0,0,0,0.0
1785431571.76,17:12:51,timeslice,7,0.0,0,0,0.0
1785431572.76,17:12:52,timeslice,0,0.0,0,0,0.0
1785431572.76,17:12:52,timeslice,1,0.0,0,0,0.0
1785431572.76,17:12:52,timeslice,2,0.0,0,0,0.0
1785431572.76,17:12:52,timeslice,3,0.0,0,0,0.0
1785431572.76,17:12:52,timeslice,4,0.0,0,0,0.0
1785431572.76,17:12:52,timeslice,5,0.0,0,0,0.0
1785431572.76,17:12:52,timeslice,6,0.0,0,0,0.0
1785431572.76,17:12:52,timeslice,7,0.0,0,0,0.0
1785431573.76,17:12:53,timeslice,0,0.0,0,0,0.0
1785431573.76,17:12:53,timeslice,1,0.0,0,0,0.0
1785431573.76,17:12:53,timeslice,2,0.0,0,0,0.0
1785431573.76,17:12:53,timeslice,3,0.0,0,0,0.0
1785431573.76,17:12:53,timeslice,4,0.0,0,0,0.0
1785431573.76,17:12:53,timeslice,5,0.0,0,0,0.0
1785431573.76,17:12:53,timeslice,6,0.0,0,0,0.0
1785431573.76,17:12:53,timeslice,7,0.0,0,0,0.0
1785431574.76,17:12:54,timeslice,0,0.0,0,0,0.0
1785431574.76,17:12:54,timeslice,1,0.0,0,0,0.0
1785431574.76,17:12:54,timeslice,2,0.0,0,0,0.0
1785431574.76,17:12:54,timeslice,3,0.0,0,0,0.0
1785431574.76,17:12:54,timeslice,4,0.0,0,0,0.0
1785431574.76,17:12:54,timeslice,5,0.0,0,0,0.0
1785431574.76,17:12:54,timeslice,6,0.0,0,0,0.0
1785431574.76,17:12:54,timeslice,7,0.0,0,0,0.0
1785431575.76,17:12:55,timeslice,0,0.0,0,0,0.0
1785431575.76,17:12:55,timeslice,1,0.0,0,0,0.0
1785431575.76,17:12:55,timeslice,2,0.0,0,0,0.0
1785431575.76,17:12:55,timeslice,3,0.0,0,0,0.0
1785431575.76,17:12:55,timeslice,4,0.0,0,0,0.0
1785431575.76,17:12:55,timeslice,5,0.0,0,0,0.0
1785431575.76,17:12:55,timeslice,6,0.0,0,0,0.0
1785431575.76,17:12:55,timeslice,7,0.0,0,0,0.0
1785431576.76,17:12:56,timeslice,0,0.0,0,0,0.0
1785431576.76,17:12:56,timeslice,1,0.0,0,0,0.0
1785431576.76,17:12:56,timeslice,2,0.0,0,0,0.0
1785431576.76,17:12:56,timeslice,3,0.0,0,0,0.0
1785431576.76,17:12:56,timeslice,4,0.0,0,0,0.0
1785431576.76,17:12:56,timeslice,5,0.0,0,0,0.0
1785431576.76,17:12:56,timeslice,6,0.0,0,0,0.0
1785431576.76,17:12:56,timeslice,7,0.0,0,0,0.0
1785431577.76,17:12:57,timeslice,0,0.0,0,0,0.0
1785431577.76,17:12:57,timeslice,1,0.0,0,0,0.0
1785431577.76,17:12:57,timeslice,2,0.0,0,0,0.0
1785431577.76,17:12:57,timeslice,3,0.0,0,0,0.0
1785431577.76,17:12:57,timeslice,4,0.0,0,0,0.0
1785431577.76,17:12:57,timeslice,5,0.0,0,0,0.0
1785431577.76,17:12:57,timeslice,6,0.0,0,0,0.0
1785431577.76,17:12:57,timeslice,7,0.0,0,0,0.0
1785431578.76,17:12:58,timeslice,0,0.0,0,0,0.0
1785431578.76,17:12:58,timeslice,1,0.0,0,0,0.0
1785431578.76,17:12:58,timeslice,2,0.0,0,0,0.0
1785431578.76,17:12:58,timeslice,3,0.0,0,0,0.0
1785431578.76,17:12:58,timeslice,4,0.0,0,0,0.0
1785431578.76,17:12:58,timeslice,5,0.0,0,0,0.0
1785431578.76,17:12:58,timeslice,6,0.0,0,0,0.0
1785431578.76,17:12:58,timeslice,7,0.0,0,0,0.0
1785431579.761,17:12:59,timeslice,0,0.0,0,0,0.0
1785431579.761,17:12:59,timeslice,1,0.0,0,0,0.0
1785431579.761,17:12:59,timeslice,2,0.0,0,0,0.0
1785431579.761,17:12:59,timeslice,3,0.0,0,0,0.0
1785431579.761,17:12:59,timeslice,4,0.0,0,0,0.0
1785431579.761,17:12:59,timeslice,5,0.0,0,0,0.0
1785431579.761,17:12:59,timeslice,6,0.0,0,0,0.0
1785431579.761,17:12:59,timeslice,7,0.0,0,0,0.0
1785431580.761,17:13:00,timeslice,0,0.0,0,0,0.0
1785431580.761,17:13:00,timeslice,1,0.0,0,0,0.0
1785431580.761,17:13:00,timeslice,2,0.0,0,0,0.0
1785431580.761,17:13:00,timeslice,3,0.0,0,0,0.0
1785431580.761,17:13:00,timeslice,4,0.0,0,0,0.0
1785431580.761,17:13:00,timeslice,5,0.0,0,0,0.0
1785431580.761,17:13:00,timeslice,6,0.0,0,0,0.0
1785431580.761,17:13:00,timeslice,7,0.0,0,0,0.0
1785431581.761,17:13:01,timeslice,0,0.0,0,0,0.0
1785431581.761,17:13:01,timeslice,1,0.0,0,0,0.0
1785431581.761,17:13:01,timeslice,2,0.0,0,0,0.0
1785431581.761,17:13:01,timeslice,3,0.0,0,0,0.0
1785431581.761,17:13:01,timeslice,4,0.0,0,0,0.0
1785431581.761,17:13:01,timeslice,5,0.0,0,0,0.0
1785431581.761,17:13:01,timeslice,6,0.0,0,0,0.0
1785431581.761,17:13:01,timeslice,7,0.0,0,0,0.0
1785431582.761,17:13:02,timeslice,0,0.0,0,0,0.0
1785431582.761,17:13:02,timeslice,1,0.0,0,0,0.0
1785431582.761,17:13:02,timeslice,2,0.0,0,0,0.0
1785431582.761,17:13:02,timeslice,3,0.0,0,0,0.0
1785431582.761,17:13:02,timeslice,4,0.0,0,0,0.0
1785431582.761,17:13:02,timeslice,5,0.0,0,0,0.0
1785431582.761,17:13:02,timeslice,6,0.0,0,0,0.0
1785431582.761,17:13:02,timeslice,7,0.0,0,0,0.0
1785431583.761,17:13:03,timeslice,0,0.0,0,0,0.0
1785431583.761,17:13:03,timeslice,1,0.0,0,0,0.0
1785431583.761,17:13:03,timeslice,2,0.0,0,0,0.0
1785431583.761,17:13:03,timeslice,3,0.0,0,0,0.0
1785431583.761,17:13:03,timeslice,4,0.0,0,0,0.0
1785431583.761,17:13:03,timeslice,5,0.0,0,0,0.0
1785431583.761,17:13:03,timeslice,6,0.0,0,0,0.0
1785431583.761,17:13:03,timeslice,7,0.0,0,0,0.0
1785431584.761,17:13:04,timeslice,0,0.0,0,0,0.0
1785431584.761,17:13:04,timeslice,1,0.0,0,0,0.0
1785431584.761,17:13:04,timeslice,2,0.0,0,0,0.0
1785431584.761,17:13:04,timeslice,3,0.0,0,0,0.0
1785431584.761,17:13:04,timeslice,4,0.0,0,0,0.0
1785431584.761,17:13:04,timeslice,5,0.0,0,0,0.0
1785431584.761,17:13:04,timeslice,6,0.0,0,0,0.0
1785431584.761,17:13:04,timeslice,7,0.0,0,0,0.0
1785431585.761,17:13:05,timeslice,0,0.0,0,0,0.0
1785431585.761,17:13:05,timeslice,1,0.0,0,0,0.0
1785431585.761,17:13:05,timeslice,2,0.0,0,0,0.0
1785431585.761,17:13:05,timeslice,3,0.0,0,0,0.0
1785431585.761,17:13:05,timeslice,4,0.0,0,0,0.0
1785431585.761,17:13:05,timeslice,5,0.0,0,0,0.0
1785431585.761,17:13:05,timeslice,6,0.0,0,0,0.0
1785431585.761,17:13:05,timeslice,7,0.0,0,0,0.0
1785431586.761,17:13:06,timeslice,0,0.0,0,0,0.0
1785431586.761,17:13:06,timeslice,1,0.0,0,0,0.0
1785431586.761,17:13:06,timeslice,2,0.0,0,0,0.0
1785431586.761,17:13:06,timeslice,3,0.0,0,0,0.0
1785431586.761,17:13:06,timeslice,4,0.0,0,0,0.0
1785431586.761,17:13:06,timeslice,5,0.0,0,0,0.0
1785431586.761,17:13:06,timeslice,6,0.0,0,0,0.0
1785431586.761,17:13:06,timeslice,7,0.0,0,0,0.0
1785431587.761,17:13:07,timeslice,0,0.0,0,0,0.0
1785431587.761,17:13:07,timeslice,1,0.0,0,0,0.0
1785431587.761,17:13:07,timeslice,2,0.0,0,0,0.0
1785431587.761,17:13:07,timeslice,3,0.0,0,0,0.0
1785431587.761,17:13:07,timeslice,4,0.0,0,0,0.0
1785431587.761,17:13:07,timeslice,5,0.0,0,0,0.0
1785431587.761,17:13:07,timeslice,6,0.0,0,0,0.0
1785431587.761,17:13:07,timeslice,7,0.0,0,0,0.0
1785431588.762,17:13:08,timeslice,0,0.0,0,0,0.0
1785431588.762,17:13:08,timeslice,1,0.0,0,0,0.0
1785431588.762,17:13:08,timeslice,2,0.0,0,0,0.0
1785431588.762,17:13:08,timeslice,3,0.0,0,0,0.0
1785431588.762,17:13:08,timeslice,4,0.0,0,0,0.0
1785431588.762,17:13:08,timeslice,5,0.0,0,0,0.0
1785431588.762,17:13:08,timeslice,6,0.0,0,0,0.0
1785431588.762,17:13:08,timeslice,7,0.0,0,0,0.0
1785431589.762,17:13:09,timeslice,0,0.0,0,0,0.0
1785431589.762,17:13:09,timeslice,1,0.0,0,0,0.0
1785431589.762,17:13:09,timeslice,2,0.0,0,0,0.0
1785431589.762,17:13:09,timeslice,3,0.0,0,0,0.0
1785431589.762,17:13:09,timeslice,4,0.0,0,0,0.0
1785431589.762,17:13:09,timeslice,5,0.0,0,0,0.0
1785431589.762,17:13:09,timeslice,6,0.0,0,0,0.0
1785431589.762,17:13:09,timeslice,7,0.0,0,0,0.0
1785431590.762,17:13:10,timeslice,0,0.0,0,0,0.0
1785431590.762,17:13:10,timeslice,1,0.0,0,0,0.0
1785431590.762,17:13:10,timeslice,2,0.0,0,0,0.0
1785431590.762,17:13:10,timeslice,3,0.0,0,0,0.0
1785431590.762,17:13:10,timeslice,4,0.0,0,0,0.0
1785431590.762,17:13:10,timeslice,5,0.0,0,0,0.0
1785431590.762,17:13:10,timeslice,6,0.0,0,0,0.0
1785431590.762,17:13:10,timeslice,7,0.0,0,0,0.0
1785431591.762,17:13:11,timeslice,0,0.0,0,0,0.0
1785431591.762,17:13:11,timeslice,1,0.0,0,0,0.0
1785431591.762,17:13:11,timeslice,2,0.0,0,0,0.0
1785431591.762,17:13:11,timeslice,3,0.0,0,0,0.0
1785431591.762,17:13:11,timeslice,4,0.0,0,0,0.0
1785431591.762,17:13:11,timeslice,5,0.0,0,0,0.0
1785431591.762,17:13:11,timeslice,6,0.0,0,0,0.0
1785431591.762,17:13:11,timeslice,7,0.0,0,0,0.0
1785431592.762,17:13:12,timeslice,0,0.0,0,0,0.0
1785431592.762,17:13:12,timeslice,1,0.0,0,0,0.0
1785431592.762,17:13:12,timeslice,2,0.0,0,0,0.0
1785431592.762,17:13:12,timeslice,3,0.0,0,0,0.0
1785431592.762,17:13:12,timeslice,4,0.0,0,0,0.0
1785431592.762,17:13:12,timeslice,5,0.0,0,0,0.0
1785431592.762,17:13:12,timeslice,6,0.0,0,0,0.0
1785431592.762,17:13:12,timeslice,7,0.0,0,0,0.0
1785431593.762,17:13:13,timeslice,0,0.0,0,0,0.0
1785431593.762,17:13:13,timeslice,1,0.0,0,0,0.0
1785431593.762,17:13:13,timeslice,2,0.0,0,0,0.0
1785431593.762,17:13:13,timeslice,3,0.0,0,0,0.0
1785431593.762,17:13:13,timeslice,4,0.0,0,0,0.0
1785431593.762,17:13:13,timeslice,5,0.0,0,0,0.0
1785431593.762,17:13:13,timeslice,6,0.0,0,0,0.0
1785431593.762,17:13:13,timeslice,7,0.0,0,0,0.0
1785431594.762,17:13:14,timeslice,0,0.0,0,0,0.0
1785431594.762,17:13:14,timeslice,1,0.0,0,0,0.0
1785431594.762,17:13:14,timeslice,2,0.0,0,0,0.0
1785431594.762,17:13:14,timeslice,3,0.0,0,0,0.0
1785431594.762,17:13:14,timeslice,4,0.0,0,0,0.0
1785431594.762,17:13:14,timeslice,5,0.0,0,0,0.0
1785431594.762,17:13:14,timeslice,6,0.0,0,0,0.0
1785431594.762,17:13:14,timeslice,7,0.0,0,0,0.0
1785431595.762,17:13:15,timeslice,0,0.0,0,0,0.0
1785431595.762,17:13:15,timeslice,1,0.0,0,0,0.0
1785431595.762,17:13:15,timeslice,2,0.0,0,0,0.0
1785431595.762,17:13:15,timeslice,3,0.0,0,0,0.0
1785431595.762,17:13:15,timeslice,4,0.0,0,0,0.0
1785431595.762,17:13:15,timeslice,5,0.0,0,0,0.0
1785431595.762,17:13:15,timeslice,6,0.0,0,0,0.0
1785431595.762,17:13:15,timeslice,7,0.0,0,0,0.0
1785431596.763,17:13:16,timeslice,0,0.0,0,0,0.0
1785431596.763,17:13:16,timeslice,1,0.0,0,0,0.0
1785431596.763,17:13:16,timeslice,2,0.0,0,0,0.0
1785431596.763,17:13:16,timeslice,3,0.0,0,0,0.0
1785431596.763,17:13:16,timeslice,4,0.0,0,0,0.0
1785431596.763,17:13:16,timeslice,5,0.0,0,0,0.0
1785431596.763,17:13:16,timeslice,6,0.0,0,0,0.0
1785431596.763,17:13:16,timeslice,7,0.0,0,0,0.0
1785431597.763,17:13:17,timeslice,0,0.0,0,0,0.0
1785431597.763,17:13:17,timeslice,1,0.0,0,0,0.0
1785431597.763,17:13:17,timeslice,2,0.0,0,0,0.0
1785431597.763,17:13:17,timeslice,3,0.0,0,0,0.0
1785431597.763,17:13:17,timeslice,4,0.0,0,0,0.0
1785431597.763,17:13:17,timeslice,5,0.0,0,0,0.0
1785431597.763,17:13:17,timeslice,6,0.0,0,0,0.0
1785431597.763,17:13:17,timeslice,7,0.0,0,0,0.0
1785431598.763,17:13:18,timeslice,0,0.0,0,0,0.0
1785431598.763,17:13:18,timeslice,1,0.0,0,0,0.0
1785431598.763,17:13:18,timeslice,2,0.0,0,0,0.0
1785431598.763,17:13:18,timeslice,3,0.0,0,0,0.0
1785431598.763,17:13:18,timeslice,4,0.0,0,0,0.0
1785431598.763,17:13:18,timeslice,5,0.0,0,0,0.0
1785431598.763,17:13:18,timeslice,6,0.0,0,0,0.0
1785431598.763,17:13:18,timeslice,7,0.0,0,0,0.0
1785431599.763,17:13:19,timeslice,0,0.0,0,0,0.0
1785431599.763,17:13:19,timeslice,1,0.0,0,0,0.0
1785431599.763,17:13:19,timeslice,2,0.0,0,0,0.0
1785431599.763,17:13:19,timeslice,3,0.0,0,0,0.0
1785431599.763,17:13:19,timeslice,4,0.0,0,0,0.0
1785431599.763,17:13:19,timeslice,5,0.0,0,0,0.0
1785431599.763,17:13:19,timeslice,6,0.0,0,0,0.0
1785431599.763,17:13:19,timeslice,7,0.0,0,0,0.0
1785431600.763,17:13:20,timeslice,0,0.0,0,0,0.0
1785431600.763,17:13:20,timeslice,1,0.0,0,0,0.0
1785431600.763,17:13:20,timeslice,2,0.0,0,0,0.0
1785431600.763,17:13:20,timeslice,3,0.0,0,0,0.0
1785431600.763,17:13:20,timeslice,4,0.0,0,0,0.0
1785431600.763,17:13:20,timeslice,5,0.0,0,0,0.0
1785431600.763,17:13:20,timeslice,6,0.0,0,0,0.0
1785431600.763,17:13:20,timeslice,7,0.0,0,0,0.0
1785431601.763,17:13:21,timeslice,0,0.0,0,0,0.0
1785431601.763,17:13:21,timeslice,1,0.0,0,0,0.0
1785431601.763,17:13:21,timeslice,2,0.0,0,0,0.0
1785431601.763,17:13:21,timeslice,3,0.0,0,0,0.0
1785431601.763,17:13:21,timeslice,4,0.0,0,0,0.0
1785431601.763,17:13:21,timeslice,5,0.0,0,0,0.0
1785431601.763,17:13:21,timeslice,6,0.0,0,0,0.0
1785431601.763,17:13:21,timeslice,7,0.0,0,0,0.0
1785431602.763,17:13:22,timeslice,0,0.0,0,0,0.0
1785431602.763,17:13:22,timeslice,1,0.0,0,0,0.0
1785431602.763,17:13:22,timeslice,2,0.0,0,0,0.0
1785431602.763,17:13:22,timeslice,3,0.0,0,0,0.0
1785431602.763,17:13:22,timeslice,4,0.0,0,0,0.0
1785431602.763,17:13:22,timeslice,5,0.0,0,0,0.0
1785431602.763,17:13:22,timeslice,6,0.0,0,0,0.0
1785431602.763,17:13:22,timeslice,7,0.0,0,0,0.0
1785431603.763,17:13:23,timeslice,0,0.0,0,0,0.0
1785431603.763,17:13:23,timeslice,1,0.0,0,0,0.0
1785431603.763,17:13:23,timeslice,2,0.0,0,0,0.0
1785431603.763,17:13:23,timeslice,3,0.0,0,0,0.0
1785431603.763,17:13:23,timeslice,4,0.0,0,0,0.0
1785431603.763,17:13:23,timeslice,5,0.0,0,0,0.0
1785431603.763,17:13:23,timeslice,6,0.0,0,0,0.0
1785431603.763,17:13:23,timeslice,7,0.0,0,0,0.0
1785431604.764,17:13:24,timeslice,0,0.0,0,0,0.0
1785431604.764,17:13:24,timeslice,1,0.0,0,0,0.0
1785431604.764,17:13:24,timeslice,2,0.0,0,0,0.0
1785431604.764,17:13:24,timeslice,3,0.0,0,0,0.0
1785431604.764,17:13:24,timeslice,4,0.0,0,0,0.0
1785431604.764,17:13:24,timeslice,5,0.0,0,0,0.0
1785431604.764,17:13:24,timeslice,6,0.0,0,0,0.0
1785431604.764,17:13:24,timeslice,7,0.0,0,0,0.0
1785431605.764,17:13:25,timeslice,0,0.0,0,0,0.0
1785431605.764,17:13:25,timeslice,1,0.0,0,0,0.0
1785431605.764,17:13:25,timeslice,2,0.0,0,0,0.0
1785431605.764,17:13:25,timeslice,3,0.0,0,0,0.0
1785431605.764,17:13:25,timeslice,4,0.0,0,0,0.0
1785431605.764,17:13:25,timeslice,5,0.0,0,0,0.0
1785431605.764,17:13:25,timeslice,6,0.0,0,0,0.0
1785431605.764,17:13:25,timeslice,7,0.0,0,0,0.0
1785431606.764,17:13:26,timeslice,0,0.0,0,0,0.0
1785431606.764,17:13:26,timeslice,1,0.0,0,0,0.0
1785431606.764,17:13:26,timeslice,2,0.0,0,0,0.0
1785431606.764,17:13:26,timeslice,3,0.0,0,0,0.0
1785431606.764,17:13:26,timeslice,4,0.0,0,0,0.0
1785431606.764,17:13:26,timeslice,5,0.0,0,0,0.0
1785431606.764,17:13:26,timeslice,6,0.0,0,0,0.0
1785431606.764,17:13:26,timeslice,7,0.0,0,0,0.0
1785431607.764,17:13:27,timeslice,0,0.0,0,0,0.0
1785431607.764,17:13:27,timeslice,1,0.0,0,0,0.0
1785431607.764,17:13:27,timeslice,2,0.0,0,0,0.0
1785431607.764,17:13:27,timeslice,3,0.0,0,0,0.0
1785431607.764,17:13:27,timeslice,4,0.0,0,0,0.0
1785431607.764,17:13:27,timeslice,5,0.0,0,0,0.0
1785431607.764,17:13:27,timeslice,6,0.0,0,0,0.0
1785431607.764,17:13:27,timeslice,7,0.0,0,0,0.0
1785431608.764,17:13:28,timeslice,0,0.0,0,0,0.0
1785431608.764,17:13:28,timeslice,1,0.0,0,0,0.0
1785431608.764,17:13:28,timeslice,2,0.0,0,0,0.0
1785431608.764,17:13:28,timeslice,3,0.0,0,0,0.0
1785431608.764,17:13:28,timeslice,4,0.0,0,0,0.0
1785431608.764,17:13:28,timeslice,5,0.0,0,0,0.0
1785431608.764,17:13:28,timeslice,6,0.0,0,0,0.0
1785431608.764,17:13:28,timeslice,7,0.0,0,0,0.0
1785431609.764,17:13:29,timeslice,0,0.0,0,0,0.0
1785431609.764,17:13:29,timeslice,1,0.0,0,0,0.0
1785431609.764,17:13:29,timeslice,2,0.0,0,0,0.0
1785431609.764,17:13:29,timeslice,3,0.0,0,0,0.0
1785431609.764,17:13:29,timeslice,4,0.0,0,0,0.0
1785431609.764,17:13:29,timeslice,5,0.0,0,0,0.0
1785431609.764,17:13:29,timeslice,6,0.0,0,0,0.0
1785431609.764,17:13:29,timeslice,7,0.0,0,0,0.0
1785431610.764,17:13:30,timeslice,0,0.0,0,0,0.0
1785431610.764,17:13:30,timeslice,1,0.0,0,0,0.0
1785431610.764,17:13:30,timeslice,2,0.0,0,0,0.0
1785431610.764,17:13:30,timeslice,3,0.0,0,0,0.0
1785431610.764,17:13:30,timeslice,4,0.0,0,0,0.0
1785431610.764,17:13:30,timeslice,5,0.0,0,0,0.0
1785431610.764,17:13:30,timeslice,6,0.0,0,0,0.0
1785431610.764,17:13:30,timeslice,7,0.0,0,0,0.0
1785431611.764,17:13:31,timeslice,0,0.0,0,0,0.0
1785431611.764,17:13:31,timeslice,1,0.0,0,0,0.0
1785431611.764,17:13:31,timeslice,2,0.0,0,0,0.0
1785431611.764,17:13:31,timeslice,3,0.0,0,0,0.0
1785431611.764,17:13:31,timeslice,4,0.0,0,0,0.0
1785431611.764,17:13:31,timeslice,5,0.0,0,0,0.0
1785431611.764,17:13:31,timeslice,6,0.0,0,0,0.0
1785431611.764,17:13:31,timeslice,7,0.0,0,0,0.0
1785431612.765,17:13:32,timeslice,0,0.0,0,0,0.0
1785431612.765,17:13:32,timeslice,1,0.0,0,0,0.0
1785431612.765,17:13:32,timeslice,2,0.0,0,0,0.0
1785431612.765,17:13:32,timeslice,3,0.0,0,0,0.0
1785431612.765,17:13:32,timeslice,4,0.0,0,0,0.0
1785431612.765,17:13:32,timeslice,5,0.0,0,0,0.0
1785431612.765,17:13:32,timeslice,6,0.0,0,0,0.0
1785431612.765,17:13:32,timeslice,7,0.0,0,0,0.0
1785431613.765,17:13:33,timeslice,0,0.0,0,0,0.0
1785431613.765,17:13:33,timeslice,1,0.0,0,0,0.0
1785431613.765,17:13:33,timeslice,2,0.0,0,0,0.0
1785431613.765,17:13:33,timeslice,3,0.0,0,0,0.0
1785431613.765,17:13:33,timeslice,4,0.0,0,0,0.0
1785431613.765,17:13:33,timeslice,5,0.0,0,0,0.0
1785431613.765,17:13:33,timeslice,6,0.0,0,0,0.0
1785431613.765,17:13:33,timeslice,7,0.0,0,0,0.0
1785431614.765,17:13:34,timeslice,0,0.0,0,0,0.0
1785431614.765,17:13:34,timeslice,1,0.0,0,0,0.0
1785431614.765,17:13:34,timeslice,2,0.0,0,0,0.0
1785431614.765,17:13:34,timeslice,3,0.0,0,0,0.0
1785431614.765,17:13:34,timeslice,4,0.0,0,0,0.0
1785431614.765,17:13:34,timeslice,5,0.0,0,0,0.0
1785431614.765,17:13:34,timeslice,6,0.0,0,0,0.0
1785431614.765,17:13:34,timeslice,7,0.0,0,0,0.0
1785431615.765,17:13:35,timeslice,0,0.0,0,0,0.0
1785431615.765,17:13:35,timeslice,1,0.0,0,0,0.0
1785431615.765,17:13:35,timeslice,2,0.0,0,0,0.0
1785431615.765,17:13:35,timeslice,3,0.0,0,0,0.0
1785431615.765,17:13:35,timeslice,4,0.0,0,0,0.0
1785431615.765,17:13:35,timeslice,5,0.0,0,0,0.0
1785431615.765,17:13:35,timeslice,6,0.0,0,0,0.0
1785431615.765,17:13:35,timeslice,7,0.0,0,0,0.0
1785431616.765,17:13:36,timeslice,0,0.0,0,0,0.0
1785431616.765,17:13:36,timeslice,1,0.0,0,0,0.0
1785431616.765,17:13:36,timeslice,2,0.0,0,0,0.0
1785431616.765,17:13:36,timeslice,3,0.0,0,0,0.0
1785431616.765,17:13:36,timeslice,4,0.0,0,0,0.0
1785431616.765,17:13:36,timeslice,5,0.0,0,0,0.0
1785431616.765,17:13:36,timeslice,6,0.0,0,0,0.0
1785431616.765,17:13:36,timeslice,7,0.0,0,0,0.0
1785431617.765,17:13:37,timeslice,0,0.0,0,0,0.0
1785431617.765,17:13:37,timeslice,1,0.0,0,0,0.0
1785431617.765,17:13:37,timeslice,2,0.0,0,0,0.0
1785431617.765,17:13:37,timeslice,3,0.0,0,0,0.0
1785431617.765,17:13:37,timeslice,4,0.0,0,0,0.0
1785431617.765,17:13:37,timeslice,5,0.0,0,0,0.0
1785431617.765,17:13:37,timeslice,6,0.0,0,0,0.0
1785431617.765,17:13:37,timeslice,7,0.0,0,0,0.0
1785431618.765,17:13:38,timeslice,0,0.0,0,0,0.0
1785431618.765,17:13:38,timeslice,1,0.0,0,0,0.0
1785431618.765,17:13:38,timeslice,2,0.0,0,0,0.0
1785431618.765,17:13:38,timeslice,3,0.0,0,0,0.0
1785431618.765,17:13:38,timeslice,4,0.0,0,0,0.0
1785431618.765,17:13:38,timeslice,5,0.0,0,0,0.0
1785431618.765,17:13:38,timeslice,6,0.0,0,0,0.0
1785431618.765,17:13:38,timeslice,7,0.0,0,0,0.0
1785431619.765,17:13:39,timeslice,0,0.0,0,0,0.0
1785431619.765,17:13:39,timeslice,1,0.0,0,0,0.0
1785431619.765,17:13:39,timeslice,2,0.0,0,0,0.0
1785431619.765,17:13:39,timeslice,3,0.0,0,0,0.0
1785431619.765,17:13:39,timeslice,4,0.0,0,0,0.0
1785431619.765,17:13:39,timeslice,5,0.0,0,0,0.0
1785431619.765,17:13:39,timeslice,6,0.0,0,0,0.0
1785431619.765,17:13:39,timeslice,7,0.0,0,0,0.0
1785431620.766,17:13:40,timeslice,0,0.0,0,0,0.0
1785431620.766,17:13:40,timeslice,1,0.0,0,0,0.0
1785431620.766,17:13:40,timeslice,2,0.0,0,0,0.0
1785431620.766,17:13:40,timeslice,3,0.0,0,0,0.0
1785431620.766,17:13:40,timeslice,4,0.0,0,0,0.0
1785431620.766,17:13:40,timeslice,5,0.0,0,0,0.0
1785431620.766,17:13:40,timeslice,6,0.0,0,0,0.0
1785431620.766,17:13:40,timeslice,7,0.0,0,0,0.0
1785431621.766,17:13:41,timeslice,0,0.0,0,0,0.0
1785431621.766,17:13:41,timeslice,1,0.0,0,0,0.0
1785431621.766,17:13:41,timeslice,2,0.0,0,0,0.0
1785431621.766,17:13:41,timeslice,3,0.0,0,0,0.0
1785431621.766,17:13:41,timeslice,4,0.0,0,0,0.0
1785431621.766,17:13:41,timeslice,5,0.0,0,0,0.0
1785431621.766,17:13:41,timeslice,6,0.0,0,0,0.0
1785431621.766,17:13:41,timeslice,7,0.0,0,0,0.0
1785431622.766,17:13:42,timeslice,0,0.0,0,0,0.0
1785431622.766,17:13:42,timeslice,1,0.0,0,0,0.0
1785431622.766,17:13:42,timeslice,2,0.0,0,0,0.0
1785431622.766,17:13:42,timeslice,3,0.0,0,0,0.0
1785431622.766,17:13:42,timeslice,4,0.0,0,0,0.0
1785431622.766,17:13:42,timeslice,5,0.0,0,0,0.0
1785431622.766,17:13:42,timeslice,6,0.0,0,0,0.0
1785431622.766,17:13:42,timeslice,7,0.0,0,0,0.0
1785431623.766,17:13:43,timeslice,0,0.0,0,0,0.0
1785431623.766,17:13:43,timeslice,1,0.0,0,0,0.0
1785431623.766,17:13:43,timeslice,2,0.0,0,0,0.0
1785431623.766,17:13:43,timeslice,3,0.0,0,0,0.0
1785431623.766,17:13:43,timeslice,4,0.0,0,0,0.0
1785431623.766,17:13:43,timeslice,5,0.0,0,0,0.0
1785431623.766,17:13:43,timeslice,6,0.0,0,0,0.0
1785431623.766,17:13:43,timeslice,7,0.0,0,0,0.0
1785431624.766,17:13:44,timeslice,0,0.0,0,0,0.0
1785431624.766,17:13:44,timeslice,1,0.0,0,0,0.0
1785431624.766,17:13:44,timeslice,2,0.0,0,0,0.0
1785431624.766,17:13:44,timeslice,3,0.0,0,0,0.0
1785431624.766,17:13:44,timeslice,4,0.0,0,0,0.0
1785431624.766,17:13:44,timeslice,5,0.0,0,0,0.0
1785431624.766,17:13:44,timeslice,6,0.0,0,0,0.0
1785431624.766,17:13:44,timeslice,7,0.0,0,0,0.0
1785431625.766,17:13:45,timeslice,0,0.0,0,0,0.0
1785431625.766,17:13:45,timeslice,1,0.0,0,0,0.0
1785431625.766,17:13:45,timeslice,2,0.0,0,0,0.0
1785431625.766,17:13:45,timeslice,3,0.0,0,0,0.0
1785431625.766,17:13:45,timeslice,4,0.0,0,0,0.0
1785431625.766,17:13:45,timeslice,5,0.0,0,0,0.0
1785431625.766,17:13:45,timeslice,6,0.0,0,0,0.0
1785431625.766,17:13:45,timeslice,7,0.0,0,0,0.0
1785431626.766,17:13:46,timeslice,0,0.0,0,0,0.0
1785431626.766,17:13:46,timeslice,1,0.0,0,0,0.0
1785431626.766,17:13:46,timeslice,2,0.0,0,0,0.0
1785431626.766,17:13:46,timeslice,3,0.0,0,0,0.0
1785431626.766,17:13:46,timeslice,4,0.0,0,0,0.0
1785431626.766,17:13:46,timeslice,5,0.0,0,0,0.0
1785431626.766,17:13:46,timeslice,6,0.0,0,0,0.0
1785431626.766,17:13:46,timeslice,7,0.0,0,0,0.0
1785431627.766,17:13:47,timeslice,0,0.0,0,0,0.0
1785431627.766,17:13:47,timeslice,1,0.0,0,0,0.0
1785431627.766,17:13:47,timeslice,2,0.0,0,0,0.0
1785431627.766,17:13:47,timeslice,3,0.0,0,0,0.0
1785431627.766,17:13:47,timeslice,4,0.0,0,0,0.0
1785431627.766,17:13:47,timeslice,5,0.0,0,0,0.0
1785431627.766,17:13:47,timeslice,6,0.0,0,0,0.0
1785431627.766,17:13:47,timeslice,7,0.0,0,0,0.0
1785431628.766,17:13:48,timeslice,0,0.0,0,0,0.0
1785431628.766,17:13:48,timeslice,1,0.0,0,0,0.0
1785431628.766,17:13:48,timeslice,2,0.0,0,0,0.0
1785431628.766,17:13:48,timeslice,3,0.0,0,0,0.0
1785431628.766,17:13:48,timeslice,4,0.0,0,0,0.0
1785431628.766,17:13:48,timeslice,5,0.0,0,0,0.0
1785431628.766,17:13:48,timeslice,6,0.0,0,0,0.0
1785431628.766,17:13:48,timeslice,7,0.0,0,0,0.0
1785431629.767,17:13:49,timeslice,0,0.0,0,0,0.0
1785431629.767,17:13:49,timeslice,1,0.0,0,0,0.0
1785431629.767,17:13:49,timeslice,2,0.0,0,0,0.0
1785431629.767,17:13:49,timeslice,3,0.0,0,0,0.0
1785431629.767,17:13:49,timeslice,4,0.0,0,0,0.0
1785431629.767,17:13:49,timeslice,5,0.0,0,0,0.0
1785431629.767,17:13:49,timeslice,6,0.0,0,0,0.0
1785431629.767,17:13:49,timeslice,7,0.0,0,0,0.0
1785431630.767,17:13:50,timeslice,0,0.0,0,0,0.0
1785431630.767,17:13:50,timeslice,1,0.0,0,0,0.0
1785431630.767,17:13:50,timeslice,2,0.0,0,0,0.0
1785431630.767,17:13:50,timeslice,3,0.0,0,0,0.0
1785431630.767,17:13:50,timeslice,4,0.0,0,0,0.0
1785431630.767,17:13:50,timeslice,5,0.0,0,0,0.0
1785431630.767,17:13:50,timeslice,6,0.0,0,0,0.0
1785431630.767,17:13:50,timeslice,7,0.0,0,0,0.0
1785431631.767,17:13:51,timeslice,0,0.0,0,0,0.0
1785431631.767,17:13:51,timeslice,1,0.0,0,0,0.0
1785431631.767,17:13:51,timeslice,2,0.0,0,0,0.0
1785431631.767,17:13:51,timeslice,3,0.0,0,0,0.0
1785431631.767,17:13:51,timeslice,4,0.0,0,0,0.0
1785431631.767,17:13:51,timeslice,5,0.0,0,0,0.0
1785431631.767,17:13:51,timeslice,6,0.0,0,0,0.0
1785431631.767,17:13:51,timeslice,7,0.0,0,0,0.0
1785431632.767,17:13:52,timeslice,0,0.0,0,0,0.0
1785431632.767,17:13:52,timeslice,1,0.0,0,0,0.0
1785431632.767,17:13:52,timeslice,2,0.0,0,0,0.0
1785431632.767,17:13:52,timeslice,3,0.0,0,0,0.0
1785431632.767,17:13:52,timeslice,4,0.0,0,0,0.0
1785431632.767,17:13:52,timeslice,5,0.0,0,0,0.0
1785431632.767,17:13:52,timeslice,6,0.0,0,0,0.0
1785431632.767,17:13:52,timeslice,7,0.0,0,0,0.0
1785431633.767,17:13:53,timeslice,0,0.0,0,0,0.0
1785431633.767,17:13:53,timeslice,1,0.0,0,0,0.0
1785431633.767,17:13:53,timeslice,2,0.0,0,0,0.0
1785431633.767,17:13:53,timeslice,3,0.0,0,0,0.0
1785431633.767,17:13:53,timeslice,4,0.0,0,0,0.0
1785431633.767,17:13:53,timeslice,5,0.0,0,0,0.0
1785431633.767,17:13:53,timeslice,6,0.0,0,0,0.0
1785431633.767,17:13:53,timeslice,7,0.0,0,0,0.0
1785431634.767,17:13:54,timeslice,0,0.0,0,0,0.0
1785431634.767,17:13:54,timeslice,1,0.0,0,0,0.0
1785431634.767,17:13:54,timeslice,2,0.0,0,0,0.0
1785431634.767,17:13:54,timeslice,3,0.0,0,0,0.0
1785431634.767,17:13:54,timeslice,4,0.0,0,0,0.0
1785431634.767,17:13:54,timeslice,5,0.0,0,0,0.0
1785431634.767,17:13:54,timeslice,6,0.0,0,0,0.0
1785431634.767,17:13:54,timeslice,7,0.0,0,0,0.0
1785431635.767,17:13:55,timeslice,0,0.0,0,0,0.0
1785431635.767,17:13:55,timeslice,1,0.0,0,0,0.0
1785431635.767,17:13:55,timeslice,2,0.0,0,0,0.0
1785431635.767,17:13:55,timeslice,3,0.0,0,0,0.0
1785431635.767,17:13:55,timeslice,4,0.0,0,0,0.0
1785431635.767,17:13:55,timeslice,5,0.0,0,0,0.0
1785431635.767,17:13:55,timeslice,6,0.0,0,0,0.0
1785431635.767,17:13:55,timeslice,7,0.0,0,0,0.0
1785431636.768,17:13:56,timeslice,0,0.0,0,0,0.0
1785431636.768,17:13:56,timeslice,1,0.0,0,0,0.0
1785431636.768,17:13:56,timeslice,2,0.0,0,0,0.0
1785431636.768,17:13:56,timeslice,3,0.0,0,0,0.0
1785431636.768,17:13:56,timeslice,4,0.0,0,0,0.0
1785431636.768,17:13:56,timeslice,5,0.0,0,0,0.0
1785431636.768,17:13:56,timeslice,6,0.0,0,0,0.0
1785431636.768,17:13:56,timeslice,7,0.0,0,0,0.0
1785431637.768,17:13:57,timeslice,0,0.0,0,0,0.0
1785431637.768,17:13:57,timeslice,1,0.0,0,0,0.0
1785431637.768,17:13:57,timeslice,2,0.0,0,0,0.0
1785431637.768,17:13:57,timeslice,3,0.0,0,0,0.0
1785431637.768,17:13:57,timeslice,4,0.0,0,0,0.0
1785431637.768,17:13:57,timeslice,5,0.0,0,0,0.0
1785431637.768,17:13:57,timeslice,6,0.0,0,0,0.0
1785431637.768,17:13:57,timeslice,7,0.0,0,0,0.0
1785431638.768,17:13:58,timeslice,0,0.0,0,0,0.0
1785431638.768,17:13:58,timeslice,1,0.0,0,0,0.0
1785431638.768,17:13:58,timeslice,2,0.0,0,0,0.0
1785431638.768,17:13:58,timeslice,3,0.0,0,0,0.0
1785431638.768,17:13:58,timeslice,4,0.0,0,0,0.0
1785431638.768,17:13:58,timeslice,5,0.0,0,0,0.0
1785431638.768,17:13:58,timeslice,6,0.0,0,0,0.0
1785431638.768,17:13:58,timeslice,7,0.0,0,0,0.0
1785431639.768,17:13:59,timeslice,0,0.0,0,0,0.0
1785431639.768,17:13:59,timeslice,1,0.0,0,0,0.0
1785431639.768,17:13:59,timeslice,2,0.0,0,0,0.0
1785431639.768,17:13:59,timeslice,3,0.0,0,0,0.0
1785431639.768,17:13:59,timeslice,4,0.0,0,0,0.0
1785431639.768,17:13:59,timeslice,5,0.0,0,0,0.0
1785431639.768,17:13:59,timeslice,6,0.0,0,0,0.0
1785431639.768,17:13:59,timeslice,7,0.0,0,0,0.0
1785431640.768,17:14:00,timeslice,0,0.0,0,0,0.0
1785431640.768,17:14:00,timeslice,1,0.0,0,0,0.0
1785431640.768,17:14:00,timeslice,2,0.0,0,0,0.0
1785431640.768,17:14:00,timeslice,3,0.0,0,0,0.0
1785431640.768,17:14:00,timeslice,4,0.0,0,0,0.0
1785431640.768,17:14:00,timeslice,5,0.0,0,0,0.0
1785431640.768,17:14:00,timeslice,6,0.0,0,0,0.0
1785431640.768,17:14:00,timeslice,7,0.0,0,0,0.0
1785431641.768,17:14:01,timeslice,0,0.0,0,0,0.0
1785431641.768,17:14:01,timeslice,1,0.0,0,0,0.0
1785431641.768,17:14:01,timeslice,2,0.0,0,0,0.0
1785431641.768,17:14:01,timeslice,3,0.0,0,0,0.0
1785431641.768,17:14:01,timeslice,4,0.0,0,0,0.0
1785431641.768,17:14:01,timeslice,5,0.0,0,0,0.0
1785431641.768,17:14:01,timeslice,6,0.0,0,0,0.0
1785431641.768,17:14:01,timeslice,7,0.0,0,0,0.0
1785431642.768,17:14:02,timeslice,0,0.0,0,0,0.0
1785431642.768,17:14:02,timeslice,1,0.0,0,0,0.0
1785431642.768,17:14:02,timeslice,2,0.0,0,0,0.0
1785431642.768,17:14:02,timeslice,3,0.0,0,0,0.0
1785431642.768,17:14:02,timeslice,4,0.0,0,0,0.0
1785431642.768,17:14:02,timeslice,5,0.0,0,0,0.0
1785431642.768,17:14:02,timeslice,6,0.0,0,0,0.0
1785431642.768,17:14:02,timeslice,7,0.0,0,0,0.0
1785431643.768,17:14:03,timeslice,0,0.0,0,0,0.0
1785431643.768,17:14:03,timeslice,1,0.0,0,0,0.0
1785431643.768,17:14:03,timeslice,2,0.0,0,0,0.0
1785431643.768,17:14:03,timeslice,3,0.0,0,0,0.0
1785431643.768,17:14:03,timeslice,4,0.0,0,0,0.0
1785431643.768,17:14:03,timeslice,5,0.0,0,0,0.0
1785431643.768,17:14:03,timeslice,6,0.0,0,0,0.0
1785431643.768,17:14:03,timeslice,7,0.0,0,0,0.0
1785431644.769,17:14:04,timeslice,0,0.0,0,0,0.0
1785431644.769,17:14:04,timeslice,1,0.0,0,0,0.0
1785431644.769,17:14:04,timeslice,2,0.0,0,0,0.0
1785431644.769,17:14:04,timeslice,3,0.0,0,0,0.0
1785431644.769,17:14:04,timeslice,4,0.0,0,0,0.0
1785431644.769,17:14:04,timeslice,5,0.0,0,0,0.0
1785431644.769,17:14:04,timeslice,6,0.0,0,0,0.0
1785431644.769,17:14:04,timeslice,7,0.0,0,0,0.0
1785431645.769,17:14:05,timeslice,0,0.0,0,0,0.0
1785431645.769,17:14:05,timeslice,1,0.0,0,0,0.0
1785431645.769,17:14:05,timeslice,2,0.0,0,0,0.0
1785431645.769,17:14:05,timeslice,3,0.0,0,0,0.0
1785431645.769,17:14:05,timeslice,4,0.0,0,0,0.0
1785431645.769,17:14:05,timeslice,5,0.0,0,0,0.0
1785431645.769,17:14:05,timeslice,6,0.0,0,0,0.0
1785431645.769,17:14:05,timeslice,7,0.0,0,0,0.0
1785431646.769,17:14:06,timeslice,0,0.0,0,0,0.0
1785431646.769,17:14:06,timeslice,1,0.0,0,0,0.0
1785431646.769,17:14:06,timeslice,2,0.0,0,0,0.0
1785431646.769,17:14:06,timeslice,3,0.0,0,0,0.0
1785431646.769,17:14:06,timeslice,4,0.0,0,0,0.0
1785431646.769,17:14:06,timeslice,5,0.0,0,0,0.0
1785431646.769,17:14:06,timeslice,6,0.0,0,0,0.0
1785431646.769,17:14:06,timeslice,7,0.0,0,0,0.0
1785431647.769,17:14:07,timeslice,0,0.0,0,0,0.0
1785431647.769,17:14:07,timeslice,1,0.0,0,0,0.0
1785431647.769,17:14:07,timeslice,2,0.0,0,0,0.0
1785431647.769,17:14:07,timeslice,3,0.0,0,0,0.0
1785431647.769,17:14:07,timeslice,4,0.0,0,0,0.0
1785431647.769,17:14:07,timeslice,5,0.0,0,0,0.0
1785431647.769,17:14:07,timeslice,6,0.0,0,0,0.0
1785431647.769,17:14:07,timeslice,7,0.0,0,0,0.0
1785431648.769,17:14:08,timeslice,0,0.0,0,0,0.0
1785431648.769,17:14:08,timeslice,1,0.0,0,0,0.0
1785431648.769,17:14:08,timeslice,2,0.0,0,0,0.0
1785431648.769,17:14:08,timeslice,3,0.0,0,0,0.0
1785431648.769,17:14:08,timeslice,4,0.0,0,0,0.0
1785431648.769,17:14:08,timeslice,5,0.0,0,0,0.0
1785431648.769,17:14:08,timeslice,6,0.0,0,0,0.0
1785431648.769,17:14:08,timeslice,7,0.0,0,0,0.0
1785431649.769,17:14:09,timeslice,0,0.0,0,0,0.0
1785431649.769,17:14:09,timeslice,1,0.0,0,0,0.0
1785431649.769,17:14:09,timeslice,2,0.0,0,0,0.0
1785431649.769,17:14:09,timeslice,3,0.0,0,0,0.0
1785431649.769,17:14:09,timeslice,4,0.0,0,0,0.0
1785431649.769,17:14:09,timeslice,5,0.0,0,0,0.0
1785431649.769,17:14:09,timeslice,6,0.0,0,0,0.0
1785431649.769,17:14:09,timeslice,7,0.0,0,0,0.0
1785431650.769,17:14:10,timeslice,0,0.0,0,0,0.0
1785431650.769,17:14:10,timeslice,1,0.0,0,0,0.0
1785431650.769,17:14:10,timeslice,2,0.0,0,0,0.0
1785431650.769,17:14:10,timeslice,3,0.0,0,0,0.0
1785431650.769,17:14:10,timeslice,4,0.0,0,0,0.0
1785431650.769,17:14:10,timeslice,5,0.0,0,0,0.0
1785431650.769,17:14:10,timeslice,6,0.0,0,0,0.0
1785431650.769,17:14:10,timeslice,7,0.0,0,0,0.0
1785431651.769,17:14:11,timeslice,0,0.0,0,0,0.0
1785431651.769,17:14:11,timeslice,1,0.0,0,0,0.0
1785431651.769,17:14:11,timeslice,2,0.0,0,0,0.0
1785431651.769,17:14:11,timeslice,3,0.0,0,0,0.0
1785431651.769,17:14:11,timeslice,4,0.0,0,0,0.0
1785431651.769,17:14:11,timeslice,5,0.0,0,0,0.0
1785431651.769,17:14:11,timeslice,6,0.0,0,0,0.0
1785431651.769,17:14:11,timeslice,7,0.0,0,0,0.0
1785431652.77,17:14:12,timeslice,0,0.0,0,0,0.0
1785431652.77,17:14:12,timeslice,1,0.0,0,0,0.0
1785431652.77,17:14:12,timeslice,2,0.0,0,0,0.0
1785431652.77,17:14:12,timeslice,3,0.0,0,0,0.0
1785431652.77,17:14:12,timeslice,4,0.0,0,0,0.0
1785431652.77,17:14:12,timeslice,5,0.0,0,0,0.0
1785431652.77,17:14:12,timeslice,6,0.0,0,0,0.0
1785431652.77,17:14:12,timeslice,7,0.0,0,0,0.0
1785431653.77,17:14:13,timeslice,0,0.0,0,0,0.0
1785431653.77,17:14:13,timeslice,1,0.0,0,0,0.0
1785431653.77,17:14:13,timeslice,2,0.0,0,0,0.0
1785431653.77,17:14:13,timeslice,3,0.0,0,0,0.0
1785431653.77,17:14:13,timeslice,4,0.0,0,0,0.0
1785431653.77,17:14:13,timeslice,5,0.0,0,0,0.0
1785431653.77,17:14:13,timeslice,6,0.0,0,0,0.0
1785431653.77,17:14:13,timeslice,7,0.0,0,0,0.0
1785431654.77,17:14:14,timeslice,0,0.0,0,0,0.0
1785431654.77,17:14:14,timeslice,1,0.0,0,0,0.0
1785431654.77,17:14:14,timeslice,2,0.0,0,0,0.0
1785431654.77,17:14:14,timeslice,3,0.0,0,0,0.0
1785431654.77,17:14:14,timeslice,4,0.0,0,0,0.0
1785431654.77,17:14:14,timeslice,5,0.0,0,0,0.0
1785431654.77,17:14:14,timeslice,6,0.0,0,0,0.0
1785431654.77,17:14:14,timeslice,7,0.0,0,0,0.0
1785431655.77,17:14:15,timeslice,0,0.0,0,0,0.0
1785431655.77,17:14:15,timeslice,1,0.0,0,0,0.0
1785431655.77,17:14:15,timeslice,2,0.0,0,0,0.0
1785431655.77,17:14:15,timeslice,3,0.0,0,0,0.0
1785431655.77,17:14:15,timeslice,4,0.0,0,0,0.0
1785431655.77,17:14:15,timeslice,5,0.0,0,0,0.0
1785431655.77,17:14:15,timeslice,6,0.0,0,0,0.0
1785431655.77,17:14:15,timeslice,7,0.0,0,0,0.0
1785431656.77,17:14:16,timeslice,0,0.0,0,0,0.0
1785431656.77,17:14:16,timeslice,1,0.0,0,0,0.0
1785431656.77,17:14:16,timeslice,2,0.0,0,0,0.0
1785431656.77,17:14:16,timeslice,3,0.0,0,0,0.0
1785431656.77,17:14:16,timeslice,4,0.0,0,0,0.0
1785431656.77,17:14:16,timeslice,5,0.0,0,0,0.0
1785431656.77,17:14:16,timeslice,6,0.0,0,0,0.0
1785431656.77,17:14:16,timeslice,7,0.0,0,0,0.0
1785431657.77,17:14:17,timeslice,0,0.0,0,0,0.0
1785431657.77,17:14:17,timeslice,1,0.0,0,0,0.0
1785431657.77,17:14:17,timeslice,2,0.0,0,0,0.0
1785431657.77,17:14:17,timeslice,3,0.0,0,0,0.0
1785431657.77,17:14:17,timeslice,4,0.0,0,0,0.0
1785431657.77,17:14:17,timeslice,5,0.0,0,0,0.0
1785431657.77,17:14:17,timeslice,6,0.0,0,0,0.0
1785431657.77,17:14:17,timeslice,7,0.0,0,0,0.0
1785431658.77,17:14:18,timeslice,0,0.0,0,0,0.0
1785431658.77,17:14:18,timeslice,1,0.0,0,0,0.0
1785431658.77,17:14:18,timeslice,2,0.0,0,0,0.0
1785431658.77,17:14:18,timeslice,3,0.0,0,0,0.0
1785431658.77,17:14:18,timeslice,4,0.0,0,0,0.0
1785431658.77,17:14:18,timeslice,5,0.0,0,0,0.0
1785431658.77,17:14:18,timeslice,6,0.0,0,0,0.0
1785431658.77,17:14:18,timeslice,7,0.0,0,0,0.0
1785431659.77,17:14:19,timeslice,0,0.0,0,0,0.0
1785431659.77,17:14:19,timeslice,1,0.0,0,0,0.0
1785431659.77,17:14:19,timeslice,2,0.0,0,0,0.0
1785431659.77,17:14:19,timeslice,3,0.0,0,0,0.0
1785431659.77,17:14:19,timeslice,4,0.0,0,0,0.0
1785431659.77,17:14:19,timeslice,5,0.0,0,0,0.0
1785431659.77,17:14:19,timeslice,6,0.0,0,0,0.0
1785431659.77,17:14:19,timeslice,7,0.0,0,0,0.0
1785431660.771,17:14:20,timeslice,0,0.0,0,0,0.0
1785431660.771,17:14:20,timeslice,1,0.0,0,0,0.0
1785431660.771,17:14:20,timeslice,2,0.0,0,0,0.0
1785431660.771,17:14:20,timeslice,3,0.0,0,0,0.0
1785431660.771,17:14:20,timeslice,4,0.0,0,0,0.0
1785431660.771,17:14:20,timeslice,5,0.0,0,0,0.0
1785431660.771,17:14:20,timeslice,6,0.0,0,0,0.0
1785431660.771,17:14:20,timeslice,7,0.0,0,0,0.0
1785431661.771,17:14:21,timeslice,0,0.0,0,0,0.0
1785431661.771,17:14:21,timeslice,1,0.0,0,0,0.0
1785431661.771,17:14:21,timeslice,2,0.0,0,0,0.0
1785431661.771,17:14:21,timeslice,3,0.0,0,0,0.0
1785431661.771,17:14:21,timeslice,4,0.0,0,0,0.0
1785431661.771,17:14:21,timeslice,5,0.0,0,0,0.0
1785431661.771,17:14:21,timeslice,6,0.0,0,0,0.0
1785431661.771,17:14:21,timeslice,7,0.0,0,0,0.0
1785431662.771,17:14:22,timeslice,0,0.0,0,0,0.0
1785431662.771,17:14:22,timeslice,1,0.0,0,0,0.0
1785431662.771,17:14:22,timeslice,2,0.0,0,0,0.0
1785431662.771,17:14:22,timeslice,3,0.0,0,0,0.0
1785431662.771,17:14:22,timeslice,4,0.0,0,0,0.0
1785431662.771,17:14:22,timeslice,5,0.0,0,0,0.0
1785431662.771,17:14:22,timeslice,6,0.0,0,0,0.0
1785431662.771,17:14:22,timeslice,7,0.0,0,0,0.0
1785431663.771,17:14:23,timeslice,0,0.0,0,0,0.0
1785431663.771,17:14:23,timeslice,1,0.0,0,0,0.0
1785431663.771,17:14:23,timeslice,2,0.0,0,0,0.0
1785431663.771,17:14:23,timeslice,3,0.0,0,0,0.0
1785431663.771,17:14:23,timeslice,4,0.0,0,0,0.0
1785431663.771,17:14:23,timeslice,5,0.0,0,0,0.0
1785431663.771,17:14:23,timeslice,6,0.0,0,0,0.0
1785431663.771,17:14:23,timeslice,7,0.0,0,0,0.0
1785431664.771,17:14:24,timeslice,0,0.0,0,0,0.0
1785431664.771,17:14:24,timeslice,1,0.0,0,0,0.0
1785431664.771,17:14:24,timeslice,2,0.0,0,0,0.0
1785431664.771,17:14:24,timeslice,3,0.0,0,0,0.0
1785431664.771,17:14:24,timeslice,4,0.0,0,0,0.0
1785431664.771,17:14:24,timeslice,5,0.0,0,0,0.0
1785431664.771,17:14:24,timeslice,6,0.0,0,0,0.0
1785431664.771,17:14:24,timeslice,7,0.0,0,0,0.0
1785431665.771,17:14:25,timeslice,0,0.0,0,0,0.0
1785431665.771,17:14:25,timeslice,1,0.0,0,0,0.0
1785431665.771,17:14:25,timeslice,2,0.0,0,0,0.0
1785431665.771,17:14:25,timeslice,3,0.0,0,0,0.0
1785431665.771,17:14:25,timeslice,4,0.0,0,0,0.0
1785431665.771,17:14:25,timeslice,5,0.0,0,0,0.0
1785431665.771,17:14:25,timeslice,6,0.0,0,0,0.0
1785431665.771,17:14:25,timeslice,7,0.0,0,0,0.0
1785431666.771,17:14:26,timeslice,0,0.0,0,0,0.0
1785431666.771,17:14:26,timeslice,1,0.0,0,0,0.0
1785431666.771,17:14:26,timeslice,2,0.0,0,0,0.0
1785431666.771,17:14:26,timeslice,3,0.0,0,0,0.0
1785431666.771,17:14:26,timeslice,4,0.0,0,0,0.0
1785431666.771,17:14:26,timeslice,5,0.0,0,0,0.0
1785431666.771,17:14:26,timeslice,6,0.0,0,0,0.0
1785431666.771,17:14:26,timeslice,7,0.0,0,0,0.0
1785431667.771,17:14:27,timeslice,0,0.0,0,0,0.0
1785431667.771,17:14:27,timeslice,1,0.0,0,0,0.0
1785431667.771,17:14:27,timeslice,2,0.0,0,0,0.0
1785431667.771,17:14:27,timeslice,3,0.0,0,0,0.0
1785431667.771,17:14:27,timeslice,4,0.0,0,0,0.0
1785431667.771,17:14:27,timeslice,5,0.0,0,0,0.0
1785431667.771,17:14:27,timeslice,6,0.0,0,0,0.0
1785431667.771,17:14:27,timeslice,7,0.0,0,0,0.0
1785431668.771,17:14:28,timeslice,0,0.0,0,0,0.0
1785431668.771,17:14:28,timeslice,1,0.0,0,0,0.0
1785431668.771,17:14:28,timeslice,2,0.0,0,0,0.0
1785431668.771,17:14:28,timeslice,3,0.0,0,0,0.0
1785431668.771,17:14:28,timeslice,4,0.0,0,0,0.0
1785431668.771,17:14:28,timeslice,5,0.0,0,0,0.0
1785431668.771,17:14:28,timeslice,6,0.0,0,0,0.0
1785431668.771,17:14:28,timeslice,7,0.0,0,0,0.0
1785431669.772,17:14:29,timeslice,0,0.0,0,0,0.0
1785431669.772,17:14:29,timeslice,1,0.0,0,0,0.0
1785431669.772,17:14:29,timeslice,2,0.0,0,0,0.0
1785431669.772,17:14:29,timeslice,3,0.0,0,0,0.0
1785431669.772,17:14:29,timeslice,4,0.0,0,0,0.0
1785431669.772,17:14:29,timeslice,5,0.0,0,0,0.0
1785431669.772,17:14:29,timeslice,6,0.0,0,0,0.0
1785431669.772,17:14:29,timeslice,7,0.0,0,0,0.0
1785431670.772,17:14:30,timeslice,0,0.0,0,0,0.0
1785431670.772,17:14:30,timeslice,1,0.0,0,0,0.0
1785431670.772,17:14:30,timeslice,2,0.0,0,0,0.0
1785431670.772,17:14:30,timeslice,3,0.0,0,0,0.0
1785431670.772,17:14:30,timeslice,4,0.0,0,0,0.0
1785431670.772,17:14:30,timeslice,5,0.0,0,0,0.0
1785431670.772,17:14:30,timeslice,6,0.0,0,0,0.0
1785431670.772,17:14:30,timeslice,7,0.0,0,0,0.0
1785431671.772,17:14:31,timeslice,0,0.0,0,0,0.0
1785431671.772,17:14:31,timeslice,1,0.0,0,0,0.0
1785431671.772,17:14:31,timeslice,2,0.0,0,0,0.0
1785431671.772,17:14:31,timeslice,3,0.0,0,0,0.0
1785431671.772,17:14:31,timeslice,4,0.0,0,0,0.0
1785431671.772,17:14:31,timeslice,5,0.0,0,0,0.0
1785431671.772,17:14:31,timeslice,6,0.0,0,0,0.0
1785431671.772,17:14:31,timeslice,7,0.0,0,0,0.0
1785431672.772,17:14:32,timeslice,0,0.0,0,0,0.0
1785431672.772,17:14:32,timeslice,1,0.0,0,0,0.0
1785431672.772,17:14:32,timeslice,2,0.0,0,0,0.0
1785431672.772,17:14:32,timeslice,3,0.0,0,0,0.0
1785431672.772,17:14:32,timeslice,4,0.0,0,0,0.0
1785431672.772,17:14:32,timeslice,5,0.0,0,0,0.0
1785431672.772,17:14:32,timeslice,6,0.0,0,0,0.0
1785431672.772,17:14:32,timeslice,7,0.0,0,0,0.0
1785431673.772,17:14:33,timeslice,0,0.0,0,0,0.0
1785431673.772,17:14:33,timeslice,1,0.0,0,0,0.0
1785431673.772,17:14:33,timeslice,2,0.0,0,0,0.0
1785431673.772,17:14:33,timeslice,3,0.0,0,0,0.0
1785431673.772,17:14:33,timeslice,4,0.0,0,0,0.0
1785431673.772,17:14:33,timeslice,5,0.0,0,0,0.0
1785431673.772,17:14:33,timeslice,6,0.0,0,0,0.0
1785431673.772,17:14:33,timeslice,7,0.0,0,0,0.0
1785431674.773,17:14:34,timeslice,0,0.0,0,0,0.0
1785431674.773,17:14:34,timeslice,1,0.0,0,0,0.0
1785431674.773,17:14:34,timeslice,2,0.0,0,0,0.0
1785431674.773,17:14:34,timeslice,3,0.0,0,0,0.0
1785431674.773,17:14:34,timeslice,4,0.0,0,0,0.0
1785431674.773,17:14:34,timeslice,5,0.0,0,0,0.0
1785431674.773,17:14:34,timeslice,6,0.0,0,0,0.0
1785431674.773,17:14:34,timeslice,7,0.0,0,0,0.0
1785431675.773,17:14:35,timeslice,0,0.0,0,0,0.0
1785431675.773,17:14:35,timeslice,1,0.0,0,0,0.0
1785431675.773,17:14:35,timeslice,2,0.0,0,0,0.0
1785431675.773,17:14:35,timeslice,3,0.0,0,0,0.0
1785431675.773,17:14:35,timeslice,4,0.0,0,0,0.0
1785431675.773,17:14:35,timeslice,5,0.0,0,0,0.0
1785431675.773,17:14:35,timeslice,6,0.0,0,0,0.0
1785431675.773,17:14:35,timeslice,7,0.0,0,0,0.0
1785431676.773,17:14:36,timeslice,0,0.0,0,0,0.0
1785431676.773,17:14:36,timeslice,1,0.0,0,0,0.0
1785431676.773,17:14:36,timeslice,2,0.0,0,0,0.0
1785431676.773,17:14:36,timeslice,3,0.0,0,0,0.0
1785431676.773,17:14:36,timeslice,4,0.0,0,0,0.0
1785431676.773,17:14:36,timeslice,5,0.0,0,0,0.0
1785431676.773,17:14:36,timeslice,6,0.0,0,0,0.0
1785431676.773,17:14:36,timeslice,7,0.0,0,0,0.0
1785431677.773,17:14:37,timeslice,0,0.0,0,0,0.0
1785431677.773,17:14:37,timeslice,1,0.0,0,0,0.0
1785431677.773,17:14:37,timeslice,2,0.0,0,0,0.0
1785431677.773,17:14:37,timeslice,3,0.0,0,0,0.0
1785431677.773,17:14:37,timeslice,4,0.0,0,0,0.0
1785431677.773,17:14:37,timeslice,5,0.0,0,0,0.0
1785431677.773,17:14:37,timeslice,6,0.0,0,0,0.0
1785431677.773,17:14:37,timeslice,7,0.0,0,0,0.0
1785431678.773,17:14:38,timeslice,0,0.0,0,0,0.0
1785431678.773,17:14:38,timeslice,1,0.0,0,0,0.0
1785431678.773,17:14:38,timeslice,2,0.0,0,0,0.0
1785431678.773,17:14:38,timeslice,3,0.0,0,0,0.0
1785431678.773,17:14:38,timeslice,4,0.0,0,0,0.0
1785431678.773,17:14:38,timeslice,5,0.0,0,0,0.0
1785431678.773,17:14:38,timeslice,6,0.0,0,0,0.0
1785431678.773,17:14:38,timeslice,7,0.0,0,0,0.0
1785431679.773,17:14:39,timeslice,0,0.0,0,0,0.0
1785431679.773,17:14:39,timeslice,1,0.0,0,0,0.0
1785431679.773,17:14:39,timeslice,2,0.0,0,0,0.0
1785431679.773,17:14:39,timeslice,3,0.0,0,0,0.0
1785431679.773,17:14:39,timeslice,4,0.0,0,0,0.0
1785431679.773,17:14:39,timeslice,5,0.0,0,0,0.0
1785431679.773,17:14:39,timeslice,6,0.0,0,0,0.0
1785431679.773,17:14:39,timeslice,7,0.0,0,0,0.0
1785431680.773,17:14:40,timeslice,0,0.0,0,0,0.0
1785431680.773,17:14:40,timeslice,1,0.0,0,0,0.0
1785431680.773,17:14:40,timeslice,2,0.0,0,0,0.0
1785431680.773,17:14:40,timeslice,3,0.0,0,0,0.0
1785431680.773,17:14:40,timeslice,4,0.0,0,0,0.0
1785431680.773,17:14:40,timeslice,5,0.0,0,0,0.0
1785431680.773,17:14:40,timeslice,6,0.0,0,0,0.0
1785431680.773,17:14:40,timeslice,7,0.0,0,0,0.0
1785431681.773,17:14:41,timeslice,0,0.0,0,0,0.0
1785431681.773,17:14:41,timeslice,1,0.0,0,0,0.0
1785431681.773,17:14:41,timeslice,2,0.0,0,0,0.0
1785431681.773,17:14:41,timeslice,3,0.0,0,0,0.0
1785431681.773,17:14:41,timeslice,4,0.0,0,0,0.0
1785431681.773,17:14:41,timeslice,5,0.0,0,0,0.0
1785431681.773,17:14:41,timeslice,6,0.0,0,0,0.0
1785431681.773,17:14:41,timeslice,7,0.0,0,0,0.0
1785431682.774,17:14:42,timeslice,0,0.0,0,0,0.0
1785431682.774,17:14:42,timeslice,1,0.0,0,0,0.0
1785431682.774,17:14:42,timeslice,2,0.0,0,0,0.0
1785431682.774,17:14:42,timeslice,3,0.0,0,0,0.0
1785431682.774,17:14:42,timeslice,4,0.0,0,0,0.0
1785431682.774,17:14:42,timeslice,5,0.0,0,0,0.0
1785431682.774,17:14:42,timeslice,6,0.0,0,0,0.0
1785431682.774,17:14:42,timeslice,7,0.0,0,0,0.0
1785431683.774,17:14:43,timeslice,0,0.0,0,0,0.0
1785431683.774,17:14:43,timeslice,1,0.0,0,0,0.0
1785431683.774,17:14:43,timeslice,2,0.0,0,0,0.0
1785431683.774,17:14:43,timeslice,3,0.0,0,0,0.0
1785431683.774,17:14:43,timeslice,4,0.0,0,0,0.0
1785431683.774,17:14:43,timeslice,5,0.0,0,0,0.0
1785431683.774,17:14:43,timeslice,6,0.0,0,0,0.0
1785431683.774,17:14:43,timeslice,7,0.0,0,0,0.0
1785431684.774,17:14:44,timeslice,0,0.0,0,0,0.0
1785431684.774,17:14:44,timeslice,1,0.0,0,0,0.0
1785431684.774,17:14:44,timeslice,2,0.0,0,0,0.0
1785431684.774,17:14:44,timeslice,3,0.0,0,0,0.0
1785431684.774,17:14:44,timeslice,4,0.0,0,0,0.0
1785431684.774,17:14:44,timeslice,5,0.0,0,0,0.0
1785431684.774,17:14:44,timeslice,6,0.0,0,0,0.0
1785431684.774,17:14:44,timeslice,7,0.0,0,0,0.0
1785431685.774,17:14:45,timeslice,0,0.0,0,0,0.0
1785431685.774,17:14:45,timeslice,1,0.0,0,0,0.0
1785431685.774,17:14:45,timeslice,2,0.0,0,0,0.0
1785431685.774,17:14:45,timeslice,3,0.0,0,0,0.0
1785431685.774,17:14:45,timeslice,4,0.0,0,0,0.0
1785431685.774,17:14:45,timeslice,5,0.0,0,0,0.0
1785431685.774,17:14:45,timeslice,6,0.0,0,0,0.0
1785431685.774,17:14:45,timeslice,7,0.0,0,0,0.0
1785431686.774,17:14:46,timeslice,0,0.0,0,0,0.0
1785431686.774,17:14:46,timeslice,1,0.0,0,0,0.0
1785431686.774,17:14:46,timeslice,2,0.0,0,0,0.0
1785431686.774,17:14:46,timeslice,3,0.0,0,0,0.0
1785431686.774,17:14:46,timeslice,4,0.0,0,0,0.0
1785431686.774,17:14:46,timeslice,5,0.0,0,0,0.0
1785431686.774,17:14:46,timeslice,6,0.0,0,0,0.0
1785431686.774,17:14:46,timeslice,7,0.0,0,0,0.0
1785431687.774,17:14:47,timeslice,0,0.0,0,0,0.0
1785431687.774,17:14:47,timeslice,1,0.0,0,0,0.0
1785431687.774,17:14:47,timeslice,2,0.0,0,0,0.0
1785431687.774,17:14:47,timeslice,3,0.0,0,0,0.0
1785431687.774,17:14:47,timeslice,4,0.0,0,0,0.0
1785431687.774,17:14:47,timeslice,5,0.0,0,0,0.0
1785431687.774,17:14:47,timeslice,6,0.0,0,0,0.0
1785431687.774,17:14:47,timeslice,7,0.0,0,0,0.0
1785431688.774,17:14:48,timeslice,0,0.0,0,0,0.0
1785431688.774,17:14:48,timeslice,1,0.0,0,0,0.0
1785431688.774,17:14:48,timeslice,2,0.0,0,0,0.0
1785431688.774,17:14:48,timeslice,3,0.0,0,0,0.0
1785431688.774,17:14:48,timeslice,4,0.0,0,0,0.0
1785431688.774,17:14:48,timeslice,5,0.0,0,0,0.0
1785431688.774,17:14:48,timeslice,6,0.0,0,0,0.0
1785431688.774,17:14:48,timeslice,7,0.0,0,0,0.0
1785431689.775,17:14:49,timeslice,0,0.0,0,0,0.0
1785431689.775,17:14:49,timeslice,1,0.0,0,0,0.0
1785431689.775,17:14:49,timeslice,2,0.0,0,0,0.0
1785431689.775,17:14:49,timeslice,3,0.0,0,0,0.0
1785431689.775,17:14:49,timeslice,4,0.0,0,0,0.0
1785431689.775,17:14:49,timeslice,5,0.0,0,0,0.0
1785431689.775,17:14:49,timeslice,6,0.0,0,0,0.0
1785431689.775,17:14:49,timeslice,7,0.0,0,0,0.0
1785431690.775,17:14:50,timeslice,0,0.0,0,0,0.0
1785431690.775,17:14:50,timeslice,1,0.0,0,0,0.0
1785431690.775,17:14:50,timeslice,2,0.0,0,0,0.0
1785431690.775,17:14:50,timeslice,3,0.0,0,0,0.0
1785431690.775,17:14:50,timeslice,4,0.0,0,0,0.0
1785431690.775,17:14:50,timeslice,5,0.0,0,0,0.0
1785431690.775,17:14:50,timeslice,6,0.0,0,0,0.0
1785431690.775,17:14:50,timeslice,7,0.0,0,0,0.0
1785431691.775,17:14:51,timeslice,0,0.0,0,0,0.0
1785431691.775,17:14:51,timeslice,1,0.0,0,0,0.0
1785431691.775,17:14:51,timeslice,2,0.0,0,0,0.0
1785431691.775,17:14:51,timeslice,3,0.0,0,0,0.0
1785431691.775,17:14:51,timeslice,4,0.0,0,0,0.0
1785431691.775,17:14:51,timeslice,5,0.0,0,0,0.0
1785431691.775,17:14:51,timeslice,6,0.0,0,0,0.0
1785431691.775,17:14:51,timeslice,7,0.0,0,0,0.0
1785431692.775,17:14:52,timeslice,0,0.0,0,0,0.0
1785431692.775,17:14:52,timeslice,1,0.0,0,0,0.0
1785431692.775,17:14:52,timeslice,2,0.0,0,0,0.0
1785431692.775,17:14:52,timeslice,3,0.0,0,0,0.0
1785431692.775,17:14:52,timeslice,4,0.0,0,0,0.0
1785431692.775,17:14:52,timeslice,5,0.0,0,0,0.0
1785431692.775,17:14:52,timeslice,6,0.0,0,0,0.0
1785431692.775,17:14:52,timeslice,7,0.0,0,0,0.0
1785431693.775,17:14:53,timeslice,0,0.0,0,0,0.0
1785431693.775,17:14:53,timeslice,1,0.0,0,0,0.0
1785431693.775,17:14:53,timeslice,2,0.0,0,0,0.0
1785431693.775,17:14:53,timeslice,3,0.0,0,0,0.0
1785431693.775,17:14:53,timeslice,4,0.0,0,0,0.0
1785431693.775,17:14:53,timeslice,5,0.0,0,0,0.0
1785431693.775,17:14:53,timeslice,6,0.0,0,0,0.0
1785431693.775,17:14:53,timeslice,7,0.0,0,0,0.0
1785431694.775,17:14:54,timeslice,0,0.0,0,0,0.0
1785431694.775,17:14:54,timeslice,1,0.0,0,0,0.0
1785431694.775,17:14:54,timeslice,2,0.0,0,0,0.0
1785431694.775,17:14:54,timeslice,3,0.0,0,0,0.0
1785431694.775,17:14:54,timeslice,4,0.0,0,0,0.0
1785431694.775,17:14:54,timeslice,5,0.0,0,0,0.0
1785431694.775,17:14:54,timeslice,6,0.0,0,0,0.0
1785431694.775,17:14:54,timeslice,7,0.0,0,0,0.0
1785431695.775,17:14:55,timeslice,0,0.0,0,0,0.0
1785431695.775,17:14:55,timeslice,1,0.0,0,0,0.0
1785431695.775,17:14:55,timeslice,2,0.0,0,0,0.0
1785431695.775,17:14:55,timeslice,3,0.0,0,0,0.0
1785431695.775,17:14:55,timeslice,4,0.0,0,0,0.0
1785431695.775,17:14:55,timeslice,5,0.0,0,0,0.0
1785431695.775,17:14:55,timeslice,6,0.0,0,0,0.0
1785431695.775,17:14:55,timeslice,7,0.0,0,0,0.0
1785431696.775,17:14:56,timeslice,0,0.0,0,0,0.0
1785431696.775,17:14:56,timeslice,1,0.0,0,0,0.0
1785431696.775,17:14:56,timeslice,2,0.0,0,0,0.0
1785431696.775,17:14:56,timeslice,3,0.0,0,0,0.0
1785431696.775,17:14:56,timeslice,4,0.0,0,0,0.0
1785431696.775,17:14:56,timeslice,5,0.0,0,0,0.0
1785431696.775,17:14:56,timeslice,6,0.0,0,0,0.0
1785431696.775,17:14:56,timeslice,7,0.0,0,0,0.0
1785431697.775,17:14:57,timeslice,0,0.0,0,0,0.0
1785431697.775,17:14:57,timeslice,1,0.0,0,0,0.0
1785431697.775,17:14:57,timeslice,2,0.0,0,0,0.0
1785431697.775,17:14:57,timeslice,3,0.0,0,0,0.0
1785431697.775,17:14:57,timeslice,4,0.0,0,0,0.0
1785431697.775,17:14:57,timeslice,5,0.0,0,0,0.0
1785431697.775,17:14:57,timeslice,6,0.0,0,0,0.0
1785431697.775,17:14:57,timeslice,7,0.0,0,0,0.0
1785431698.776,17:14:58,timeslice,0,0.0,0,0,0.0
1785431698.776,17:14:58,timeslice,1,0.0,0,0,0.0
1785431698.776,17:14:58,timeslice,2,0.0,0,0,0.0
1785431698.776,17:14:58,timeslice,3,0.0,0,0,0.0
1785431698.776,17:14:58,timeslice,4,0.0,0,0,0.0
1785431698.776,17:14:58,timeslice,5,0.0,0,0,0.0
1785431698.776,17:14:58,timeslice,6,0.0,0,0,0.0
1785431698.776,17:14:58,timeslice,7,0.0,0,0,0.0
1785431699.776,17:14:59,timeslice,0,0.0,0,0,0.0
1785431699.776,17:14:59,timeslice,1,0.0,0,0,0.0
1785431699.776,17:14:59,timeslice,2,0.0,0,0,0.0
1785431699.776,17:14:59,timeslice,3,0.0,0,0,0.0
1785431699.776,17:14:59,timeslice,4,0.0,0,0,0.0
1785431699.776,17:14:59,timeslice,5,0.0,0,0,0.0
1785431699.776,17:14:59,timeslice,6,0.0,0,0,0.0
1785431699.776,17:14:59,timeslice,7,0.0,0,0,0.0
1785431700.776,17:15:00,timeslice,0,0.0,0,0,0.0
1785431700.776,17:15:00,timeslice,1,0.0,0,0,0.0
1785431700.776,17:15:00,timeslice,2,0.0,0,0,0.0
1785431700.776,17:15:00,timeslice,3,0.0,0,0,0.0
1785431700.776,17:15:00,timeslice,4,0.0,0,0,0.0
1785431700.776,17:15:00,timeslice,5,0.0,0,0,0.0
1785431700.776,17:15:00,timeslice,6,0.0,0,0,0.0
1785431700.776,17:15:00,timeslice,7,0.0,0,0,0.0
1785431701.776,17:15:01,timeslice,0,0.0,0,0,0.0
1785431701.776,17:15:01,timeslice,1,0.0,0,0,0.0
1785431701.776,17:15:01,timeslice,2,0.0,0,0,0.0
1785431701.776,17:15:01,timeslice,3,0.0,0,0,0.0
1785431701.776,17:15:01,timeslice,4,0.0,0,0,0.0
1785431701.776,17:15:01,timeslice,5,0.0,0,0,0.0
1785431701.776,17:15:01,timeslice,6,0.0,0,0,0.0
1785431701.776,17:15:01,timeslice,7,0.0,0,0,0.0
1785431702.776,17:15:02,timeslice,0,0.0,0,0,0.0
1785431702.776,17:15:02,timeslice,1,0.0,0,0,0.0
1785431702.776,17:15:02,timeslice,2,0.0,0,0,0.0
1785431702.776,17:15:02,timeslice,3,0.0,0,0,0.0
1785431702.776,17:15:02,timeslice,4,0.0,0,0,0.0
1785431702.776,17:15:02,timeslice,5,0.0,0,0,0.0
1785431702.776,17:15:02,timeslice,6,0.0,0,0,0.0
1785431702.776,17:15:02,timeslice,7,0.0,0,0,0.0
1785431703.776,17:15:03,timeslice,0,0.0,0,0,0.0
1785431703.776,17:15:03,timeslice,1,0.0,0,0,0.0
1785431703.776,17:15:03,timeslice,2,0.0,0,0,0.0
1785431703.776,17:15:03,timeslice,3,0.0,0,0,0.0
1785431703.776,17:15:03,timeslice,4,0.0,0,0,0.0
1785431703.776,17:15:03,timeslice,5,0.0,0,0,0.0
1785431703.776,17:15:03,timeslice,6,0.0,0,0,0.0
1785431703.776,17:15:03,timeslice,7,0.0,0,0,0.0
1785431704.776,17:15:04,timeslice,0,0.0,0,0,0.0
1785431704.776,17:15:04,timeslice,1,0.0,0,0,0.0
1785431704.776,17:15:04,timeslice,2,0.0,0,0,0.0
1785431704.776,17:15:04,timeslice,3,0.0,0,0,0.0
1785431704.776,17:15:04,timeslice,4,0.0,0,0,0.0
1785431704.776,17:15:04,timeslice,5,0.0,0,0,0.0
1785431704.776,17:15:04,timeslice,6,0.0,0,0,0.0
1785431704.776,17:15:04,timeslice,7,0.0,0,0,0.0
1785431705.776,17:15:05,timeslice,0,0.0,0,0,0.0
1785431705.776,17:15:05,timeslice,1,0.0,0,0,0.0
1785431705.776,17:15:05,timeslice,2,0.0,0,0,0.0
1785431705.776,17:15:05,timeslice,3,0.0,0,0,0.0
1785431705.776,17:15:05,timeslice,4,0.0,0,0,0.0
1785431705.776,17:15:05,timeslice,5,0.0,0,0,0.0
1785431705.776,17:15:05,timeslice,6,0.0,0,0,0.0
1785431705.776,17:15:05,timeslice,7,0.0,0,0,0.0
1785431706.777,17:15:06,timeslice,0,0.0,0,0,0.0
1785431706.777,17:15:06,timeslice,1,0.0,0,0,0.0
1785431706.777,17:15:06,timeslice,2,0.0,0,0,0.0
1785431706.777,17:15:06,timeslice,3,0.0,0,0,0.0
1785431706.777,17:15:06,timeslice,4,0.0,0,0,0.0
1785431706.777,17:15:06,timeslice,5,0.0,0,0,0.0
1785431706.777,17:15:06,timeslice,6,0.0,0,0,0.0
1785431706.777,17:15:06,timeslice,7,0.0,0,0,0.0
1785431707.777,17:15:07,timeslice,0,0.0,0,0,0.0
1785431707.777,17:15:07,timeslice,1,0.0,0,0,0.0
1785431707.777,17:15:07,timeslice,2,0.0,0,0,0.0
1785431707.777,17:15:07,timeslice,3,0.0,0,0,0.0
1785431707.777,17:15:07,timeslice,4,0.0,0,0,0.0
1785431707.777,17:15:07,timeslice,5,0.0,0,0,0.0
1785431707.777,17:15:07,timeslice,6,0.0,0,0,0.0
1785431707.777,17:15:07,timeslice,7,0.0,0,0,0.0
1785431708.777,17:15:08,timeslice,0,0.0,0,0,0.0
1785431708.777,17:15:08,timeslice,1,0.0,0,0,0.0
1785431708.777,17:15:08,timeslice,2,0.0,0,0,0.0
1785431708.777,17:15:08,timeslice,3,0.0,0,0,0.0
1785431708.777,17:15:08,timeslice,4,0.0,0,0,0.0
1785431708.777,17:15:08,timeslice,5,0.0,0,0,0.0
1785431708.777,17:15:08,timeslice,6,0.0,0,0,0.0
1785431708.777,17:15:08,timeslice,7,0.0,0,0,0.0
1785431709.777,17:15:09,timeslice,0,0.0,0,0,0.0
1785431709.777,17:15:09,timeslice,1,0.0,0,0,0.0
1785431709.777,17:15:09,timeslice,2,0.0,0,0,0.0
1785431709.777,17:15:09,timeslice,3,0.0,0,0,0.0
1785431709.777,17:15:09,timeslice,4,0.0,0,0,0.0
1785431709.777,17:15:09,timeslice,5,0.0,0,0,0.0
1785431709.777,17:15:09,timeslice,6,0.0,0,0,0.0
1785431709.777,17:15:09,timeslice,7,0.0,0,0,0.0
1785431710.777,17:15:10,timeslice,0,0.0,0,0,0.0
1785431710.777,17:15:10,timeslice,1,0.0,0,0,0.0
1785431710.777,17:15:10,timeslice,2,0.0,0,0,0.0
1785431710.777,17:15:10,timeslice,3,0.0,0,0,0.0
1785431710.777,17:15:10,timeslice,4,0.0,0,0,0.0
1785431710.777,17:15:10,timeslice,5,0.0,0,0,0.0
1785431710.777,17:15:10,timeslice,6,0.0,0,0,0.0
1785431710.777,17:15:10,timeslice,7,0.0,0,0,0.0
1785431711.777,17:15:11,timeslice,0,0.0,0,0,0.0
1785431711.777,17:15:11,timeslice,1,0.0,0,0,0.0
1785431711.777,17:15:11,timeslice,2,0.0,0,0,0.0
1785431711.777,17:15:11,timeslice,3,0.0,0,0,0.0
1785431711.777,17:15:11,timeslice,4,0.0,0,0,0.0
1785431711.777,17:15:11,timeslice,5,0.0,0,0,0.0
1785431711.777,17:15:11,timeslice,6,0.0,0,0,0.0
1785431711.777,17:15:11,timeslice,7,0.0,0,0,0.0
1785431712.778,17:15:12,timeslice,0,0.0,0,0,0.0
1785431712.778,17:15:12,timeslice,1,0.0,0,0,0.0
1785431712.778,17:15:12,timeslice,2,0.0,0,0,0.0
1785431712.778,17:15:12,timeslice,3,0.0,0,0,0.0
1785431712.778,17:15:12,timeslice,4,0.0,0,0,0.0
1785431712.778,17:15:12,timeslice,5,0.0,0,0,0.0
1785431712.778,17:15:12,timeslice,6,0.0,0,0,0.0
1785431712.778,17:15:12,timeslice,7,0.0,0,0,0.0
1785431713.778,17:15:13,timeslice,0,0.0,0,0,0.0
1785431713.778,17:15:13,timeslice,1,0.0,0,0,0.0
1785431713.778,17:15:13,timeslice,2,0.0,0,0,0.0
1785431713.778,17:15:13,timeslice,3,0.0,0,0,0.0
1785431713.778,17:15:13,timeslice,4,0.0,0,0,0.0
1785431713.778,17:15:13,timeslice,5,0.0,0,0,0.0
1785431713.778,17:15:13,timeslice,6,0.0,0,0,0.0
1785431713.778,17:15:13,timeslice,7,0.0,0,0,0.0
1785431714.778,17:15:14,timeslice,0,0.0,0,0,0.0
1785431714.778,17:15:14,timeslice,1,0.0,0,0,0.0
1785431714.778,17:15:14,timeslice,2,0.0,0,0,0.0
1785431714.778,17:15:14,timeslice,3,0.0,0,0,0.0
1785431714.778,17:15:14,timeslice,4,0.0,0,0,0.0
1785431714.778,17:15:14,timeslice,5,0.0,0,0,0.0
1785431714.778,17:15:14,timeslice,6,0.0,0,0,0.0
1785431714.778,17:15:14,timeslice,7,0.0,0,0,0.0
1785431715.778,17:15:15,timeslice,0,0.0,0,0,0.0
1785431715.778,17:15:15,timeslice,1,0.0,0,0,0.0
1785431715.778,17:15:15,timeslice,2,0.0,0,0,0.0
1785431715.778,17:15:15,timeslice,3,0.0,0,0,0.0
1785431715.778,17:15:15,timeslice,4,0.0,0,0,0.0
1785431715.778,17:15:15,timeslice,5,0.0,0,0,0.0
1785431715.778,17:15:15,timeslice,6,0.0,0,0,0.0
1785431715.778,17:15:15,timeslice,7,0.0,0,0,0.0
1785431716.778,17:15:16,timeslice,0,0.0,0,0,0.0
1785431716.778,17:15:16,timeslice,1,0.0,0,0,0.0
1785431716.778,17:15:16,timeslice,2,0.0,0,0,0.0
1785431716.778,17:15:16,timeslice,3,0.0,0,0,0.0
1785431716.778,17:15:16,timeslice,4,0.0,0,0,0.0
1785431716.778,17:15:16,timeslice,5,0.0,0,0,0.0
1785431716.778,17:15:16,timeslice,6,0.0,0,0,0.0
1785431716.778,17:15:16,timeslice,7,0.0,0,0,0.0
1785431717.778,17:15:17,timeslice,0,0.0,0,0,0.0
1785431717.778,17:15:17,timeslice,1,0.0,0,0,0.0
1785431717.778,17:15:17,timeslice,2,0.0,0,0,0.0
1785431717.778,17:15:17,timeslice,3,0.0,0,0,0.0
1785431717.778,17:15:17,timeslice,4,0.0,0,0,0.0
1785431717.778,17:15:17,timeslice,5,0.0,0,0,0.0
1785431717.778,17:15:17,timeslice,6,0.0,0,0,0.0
1785431717.778,17:15:17,timeslice,7,0.0,0,0,0.0
1785431718.778,17:15:18,timeslice,0,0.0,0,0,0.0
1785431718.778,17:15:18,timeslice,1,0.0,0,0,0.0
1785431718.778,17:15:18,timeslice,2,0.0,0,0,0.0
1785431718.778,17:15:18,timeslice,3,0.0,0,0,0.0
1785431718.778,17:15:18,timeslice,4,0.0,0,0,0.0
1785431718.778,17:15:18,timeslice,5,0.0,0,0,0.0
1785431718.778,17:15:18,timeslice,6,0.0,0,0,0.0
1785431718.778,17:15:18,timeslice,7,0.0,0,0,0.0
1785431719.778,17:15:19,timeslice,0,0.0,0,0,0.0
1785431719.778,17:15:19,timeslice,1,0.0,0,0,0.0
1785431719.778,17:15:19,timeslice,2,0.0,0,0,0.0
1785431719.778,17:15:19,timeslice,3,0.0,0,0,0.0
1785431719.778,17:15:19,timeslice,4,0.0,0,0,0.0
1785431719.778,17:15:19,timeslice,5,0.0,0,0,0.0
1785431719.778,17:15:19,timeslice,6,0.0,0,0,0.0
1785431719.778,17:15:19,timeslice,7,0.0,0,0,0.0
1785431720.778,17:15:20,timeslice,0,0.0,0,0,0.0
1785431720.778,17:15:20,timeslice,1,0.0,0,0,0.0
1785431720.778,17:15:20,timeslice,2,0.0,0,0,0.0
1785431720.778,17:15:20,timeslice,3,0.0,0,0,0.0
1785431720.778,17:15:20,timeslice,4,0.0,0,0,0.0
1785431720.778,17:15:20,timeslice,5,0.0,0,0,0.0
1785431720.778,17:15:20,timeslice,6,0.0,0,0,0.0
1785431720.778,17:15:20,timeslice,7,0.0,0,0,0.0
1785431721.779,17:15:21,timeslice,0,0.0,0,0,0.0
1785431721.779,17:15:21,timeslice,1,0.0,0,0,0.0
1785431721.779,17:15:21,timeslice,2,0.0,0,0,0.0
1785431721.779,17:15:21,timeslice,3,0.0,0,0,0.0
1785431721.779,17:15:21,timeslice,4,0.0,0,0,0.0
1785431721.779,17:15:21,timeslice,5,0.0,0,0,0.0
1785431721.779,17:15:21,timeslice,6,0.0,0,0,0.0
1785431721.779,17:15:21,timeslice,7,0.0,0,0,0.0
1785431722.779,17:15:22,timeslice,0,0.0,0,0,0.0
1785431722.779,17:15:22,timeslice,1,0.0,0,0,0.0
1785431722.779,17:15:22,timeslice,2,0.0,0,0,0.0
1785431722.779,17:15:22,timeslice,3,0.0,0,0,0.0
1785431722.779,17:15:22,timeslice,4,0.0,0,0,0.0
1785431722.779,17:15:22,timeslice,5,0.0,0,0,0.0
1785431722.779,17:15:22,timeslice,6,0.0,0,0,0.0
1785431722.779,17:15:22,timeslice,7,0.0,0,0,0.0
1785431723.779,17:15:23,timeslice,0,0.0,0,0,0.0
1785431723.779,17:15:23,timeslice,1,0.0,0,0,0.0
1785431723.779,17:15:23,timeslice,2,0.0,0,0,0.0
1785431723.779,17:15:23,timeslice,3,0.0,0,0,0.0
1785431723.779,17:15:23,timeslice,4,0.0,0,0,0.0
1785431723.779,17:15:23,timeslice,5,0.0,0,0,0.0
1785431723.779,17:15:23,timeslice,6,0.0,0,0,0.0
1785431723.779,17:15:23,timeslice,7,0.0,0,0,0.0
1785431724.779,17:15:24,timeslice,0,0.0,0,0,0.0
1785431724.779,17:15:24,timeslice,1,0.0,0,0,0.0
1785431724.779,17:15:24,timeslice,2,0.0,0,0,0.0
1785431724.779,17:15:24,timeslice,3,0.0,0,0,0.0
1785431724.779,17:15:24,timeslice,4,0.0,0,0,0.0
1785431724.779,17:15:24,timeslice,5,0.0,0,0,0.0
1785431724.779,17:15:24,timeslice,6,0.0,0,0,0.0
1785431724.779,17:15:24,timeslice,7,0.0,0,0,0.0
1785431725.779,17:15:25,timeslice,0,0.0,0,0,0.0
1785431725.779,17:15:25,timeslice,1,0.0,0,0,0.0
1785431725.779,17:15:25,timeslice,2,0.0,0,0,0.0
1785431725.779,17:15:25,timeslice,3,0.0,0,0,0.0
1785431725.779,17:15:25,timeslice,4,0.0,0,0,0.0
1785431725.779,17:15:25,timeslice,5,0.0,0,0,0.0
1785431725.779,17:15:25,timeslice,6,0.0,0,0,0.0
1785431725.779,17:15:25,timeslice,7,0.0,0,0,0.0
1785431726.779,17:15:26,timeslice,0,0.0,0,0,0.0
1785431726.779,17:15:26,timeslice,1,0.0,0,0,0.0
1785431726.779,17:15:26,timeslice,2,0.0,0,0,0.0
1785431726.779,17:15:26,timeslice,3,0.0,0,0,0.0
1785431726.779,17:15:26,timeslice,4,0.0,0,0,0.0
1785431726.779,17:15:26,timeslice,5,0.0,0,0,0.0
1785431726.779,17:15:26,timeslice,6,0.0,0,0,0.0
1785431726.779,17:15:26,timeslice,7,0.0,0,0,0.0
1785431727.78,17:15:27,timeslice,0,0.0,0,0,0.0
1785431727.78,17:15:27,timeslice,1,0.0,0,0,0.0
1785431727.78,17:15:27,timeslice,2,0.0,0,0,0.0
1785431727.78,17:15:27,timeslice,3,0.0,0,0,0.0
1785431727.78,17:15:27,timeslice,4,0.0,0,0,0.0
1785431727.78,17:15:27,timeslice,5,0.0,0,0,0.0
1785431727.78,17:15:27,timeslice,6,0.0,0,0,0.0
1785431727.78,17:15:27,timeslice,7,0.0,0,0,0.0
1785431728.78,17:15:28,timeslice,0,0.0,0,0,0.0
1785431728.78,17:15:28,timeslice,1,0.0,0,0,0.0
1785431728.78,17:15:28,timeslice,2,0.0,0,0,0.0
1785431728.78,17:15:28,timeslice,3,0.0,0,0,0.0
1785431728.78,17:15:28,timeslice,4,0.0,0,0,0.0
1785431728.78,17:15:28,timeslice,5,0.0,0,0,0.0
1785431728.78,17:15:28,timeslice,6,0.0,0,0,0.0
1785431728.78,17:15:28,timeslice,7,0.0,0,0,0.0
1785431729.78,17:15:29,timeslice,0,0.0,0,0,0.0
1785431729.78,17:15:29,timeslice,1,0.0,0,0,0.0
1785431729.78,17:15:29,timeslice,2,0.0,0,0,0.0
1785431729.78,17:15:29,timeslice,3,0.0,0,0,0.0
1785431729.78,17:15:29,timeslice,4,0.0,0,0,0.0
1785431729.78,17:15:29,timeslice,5,0.0,0,0,0.0
1785431729.78,17:15:29,timeslice,6,0.0,0,0,0.0
1785431729.78,17:15:29,timeslice,7,0.0,0,0,0.0
1785431730.78,17:15:30,timeslice,0,0.0,0,0,0.0
1785431730.78,17:15:30,timeslice,1,0.0,0,0,0.0
1785431730.78,17:15:30,timeslice,2,0.0,0,0,0.0
1785431730.78,17:15:30,timeslice,3,0.0,0,0,0.0
1785431730.78,17:15:30,timeslice,4,0.0,0,0,0.0
1785431730.78,17:15:30,timeslice,5,0.0,0,0,0.0
1785431730.78,17:15:30,timeslice,6,0.0,0,0,0.0
1785431730.78,17:15:30,timeslice,7,0.0,0,0,0.0
1785431731.78,17:15:31,timeslice,0,0.0,0,0,0.0
1785431731.78,17:15:31,timeslice,1,0.0,0,0,0.0
1785431731.78,17:15:31,timeslice,2,0.0,0,0,0.0
1785431731.78,17:15:31,timeslice,3,0.0,0,0,0.0
1785431731.78,17:15:31,timeslice,4,0.0,0,0,0.0
1785431731.78,17:15:31,timeslice,5,0.0,0,0,0.0
1785431731.78,17:15:31,timeslice,6,0.0,0,0,0.0
1785431731.78,17:15:31,timeslice,7,0.0,0,0,0.0
1785431732.78,17:15:32,timeslice,0,0.0,0,0,0.0
1785431732.78,17:15:32,timeslice,1,0.0,0,0,0.0
1785431732.78,17:15:32,timeslice,2,0.0,0,0,0.0
1785431732.78,17:15:32,timeslice,3,0.0,0,0,0.0
1785431732.78,17:15:32,timeslice,4,0.0,0,0,0.0
1785431732.78,17:15:32,timeslice,5,0.0,0,0,0.0
1785431732.78,17:15:32,timeslice,6,0.0,0,0,0.0
1785431732.78,17:15:32,timeslice,7,0.0,0,0,0.0
1785431733.78,17:15:33,timeslice,0,0.0,0,0,0.0
1785431733.78,17:15:33,timeslice,1,0.0,0,0,0.0
1785431733.78,17:15:33,timeslice,2,0.0,0,0,0.0
1785431733.78,17:15:33,timeslice,3,0.0,0,0,0.0
1785431733.78,17:15:33,timeslice,4,0.0,0,0,0.0
1785431733.78,17:15:33,timeslice,5,0.0,0,0,0.0
1785431733.78,17:15:33,timeslice,6,0.0,0,0,0.0
1785431733.78,17:15:33,timeslice,7,0.0,0,0,0.0
1785431734.781,17:15:34,timeslice,0,0.0,0,0,0.0
1785431734.781,17:15:34,timeslice,1,0.0,0,0,0.0
1785431734.781,17:15:34,timeslice,2,0.0,0,0,0.0
1785431734.781,17:15:34,timeslice,3,0.0,0,0,0.0
1785431734.781,17:15:34,timeslice,4,0.0,0,0,0.0
1785431734.781,17:15:34,timeslice,5,0.0,0,0,0.0
1785431734.781,17:15:34,timeslice,6,0.0,0,0,0.0
1785431734.781,17:15:34,timeslice,7,0.0,0,0,0.0
1785431735.781,17:15:35,timeslice,0,0.0,0,0,0.0
1785431735.781,17:15:35,timeslice,1,0.0,0,0,0.0
1785431735.781,17:15:35,timeslice,2,0.0,0,0,0.0
1785431735.781,17:15:35,timeslice,3,0.0,0,0,0.0
1785431735.781,17:15:35,timeslice,4,0.0,0,0,0.0
1785431735.781,17:15:35,timeslice,5,0.0,0,0,0.0
1785431735.781,17:15:35,timeslice,6,0.0,0,0,0.0
1785431735.781,17:15:35,timeslice,7,0.0,0,0,0.0
1785431736.781,17:15:36,timeslice,0,0.0,0,0,0.0
1785431736.781,17:15:36,timeslice,1,0.0,0,0,0.0
1785431736.781,17:15:36,timeslice,2,0.0,0,0,0.0
1785431736.781,17:15:36,timeslice,3,0.0,0,0,0.0
1785431736.781,17:15:36,timeslice,4,0.0,0,0,0.0
1785431736.781,17:15:36,timeslice,5,0.0,0,0,0.0
1785431736.781,17:15:36,timeslice,6,0.0,0,0,0.0
1785431736.781,17:15:36,timeslice,7,0.0,0,0,0.0
1785431737.781,17:15:37,timeslice,0,0.0,0,0,0.0
1785431737.781,17:15:37,timeslice,1,0.0,0,0,0.0
1785431737.781,17:15:37,timeslice,2,0.0,0,0,0.0
1785431737.781,17:15:37,timeslice,3,0.0,0,0,0.0
1785431737.781,17:15:37,timeslice,4,0.0,0,0,0.0
1785431737.781,17:15:37,timeslice,5,0.0,0,0,0.0
1785431737.781,17:15:37,timeslice,6,0.0,0,0,0.0
1785431737.781,17:15:37,timeslice,7,0.0,0,0,0.0
1785431738.781,17:15:38,timeslice,0,0.0,0,0,0.0
1785431738.781,17:15:38,timeslice,1,0.0,0,0,0.0
1785431738.781,17:15:38,timeslice,2,0.0,0,0,0.0
1785431738.781,17:15:38,timeslice,3,0.0,0,0,0.0
1785431738.781,17:15:38,timeslice,4,0.0,0,0,0.0
1785431738.781,17:15:38,timeslice,5,0.0,0,0,0.0
1785431738.781,17:15:38,timeslice,6,0.0,0,0,0.0
1785431738.781,17:15:38,timeslice,7,0.0,0,0,0.0
1785431739.781,17:15:39,timeslice,0,0.0,0,0,0.0
1785431739.781,17:15:39,timeslice,1,0.0,0,0,0.0
1785431739.781,17:15:39,timeslice,2,0.0,0,0,0.0
1785431739.781,17:15:39,timeslice,3,0.0,0,0,0.0
1785431739.781,17:15:39,timeslice,4,0.0,0,0,0.0
1785431739.781,17:15:39,timeslice,5,0.0,0,0,0.0
1785431739.781,17:15:39,timeslice,6,0.0,0,0,0.0
1785431739.781,17:15:39,timeslice,7,0.0,0,0,0.0
1785431740.781,17:15:40,timeslice,0,0.0,0,0,0.0
1785431740.781,17:15:40,timeslice,1,0.0,0,0,0.0
1785431740.781,17:15:40,timeslice,2,0.0,0,0,0.0
1785431740.781,17:15:40,timeslice,3,0.0,0,0,0.0
1785431740.781,17:15:40,timeslice,4,0.0,0,0,0.0
1785431740.781,17:15:40,timeslice,5,0.0,0,0,0.0
1785431740.781,17:15:40,timeslice,6,0.0,0,0,0.0
1785431740.781,17:15:40,timeslice,7,0.0,0,0,0.0
1785431741.781,17:15:41,timeslice,0,0.0,0,0,0.0
1785431741.781,17:15:41,timeslice,1,0.0,0,0,0.0
1785431741.781,17:15:41,timeslice,2,0.0,0,0,0.0
1785431741.781,17:15:41,timeslice,3,0.0,0,0,0.0
1785431741.781,17:15:41,timeslice,4,0.0,0,0,0.0
1785431741.781,17:15:41,timeslice,5,0.0,0,0,0.0
1785431741.781,17:15:41,timeslice,6,0.0,0,0,0.0
1785431741.781,17:15:41,timeslice,7,0.0,0,0,0.0
1785431742.781,17:15:42,timeslice,0,0.0,0,0,0.0
1785431742.781,17:15:42,timeslice,1,0.0,0,0,0.0
1785431742.781,17:15:42,timeslice,2,0.0,0,0,0.0
1785431742.781,17:15:42,timeslice,3,0.0,0,0,0.0
1785431742.781,17:15:42,timeslice,4,0.0,0,0,0.0
1785431742.781,17:15:42,timeslice,5,0.0,0,0,0.0
1785431742.781,17:15:42,timeslice,6,0.0,0,0,0.0
1785431742.781,17:15:42,timeslice,7,0.0,0,0,0.0
1785431743.782,17:15:43,timeslice,0,0.0,0,0,0.0
1785431743.782,17:15:43,timeslice,1,0.0,0,0,0.0
1785431743.782,17:15:43,timeslice,2,0.0,0,0,0.0
1785431743.782,17:15:43,timeslice,3,0.0,0,0,0.0
1785431743.782,17:15:43,timeslice,4,0.0,0,0,0.0
1785431743.782,17:15:43,timeslice,5,0.0,0,0,0.0
1785431743.782,17:15:43,timeslice,6,0.0,0,0,0.0
1785431743.782,17:15:43,timeslice,7,0.0,0,0,0.0
1785431744.782,17:15:44,timeslice,0,0.0,0,0,0.0
1785431744.782,17:15:44,timeslice,1,0.0,0,0,0.0
1785431744.782,17:15:44,timeslice,2,0.0,0,0,0.0
1785431744.782,17:15:44,timeslice,3,0.0,0,0,0.0
1785431744.782,17:15:44,timeslice,4,0.0,0,0,0.0
1785431744.782,17:15:44,timeslice,5,0.0,0,0,0.0
1785431744.782,17:15:44,timeslice,6,0.0,0,0,0.0
1785431744.782,17:15:44,timeslice,7,0.0,0,0,0.0
1785431745.782,17:15:45,timeslice,0,0.0,0,0,0.0
1785431745.782,17:15:45,timeslice,1,0.0,0,0,0.0
1785431745.782,17:15:45,timeslice,2,0.0,0,0,0.0
1785431745.782,17:15:45,timeslice,3,0.0,0,0,0.0
1785431745.782,17:15:45,timeslice,4,0.0,0,0,0.0
1785431745.782,17:15:45,timeslice,5,0.0,0,0,0.0
1785431745.782,17:15:45,timeslice,6,0.0,0,0,0.0
1785431745.782,17:15:45,timeslice,7,0.0,0,0,0.0
1785431746.782,17:15:46,timeslice,0,0.0,0,0,0.0
1785431746.782,17:15:46,timeslice,1,0.0,0,0,0.0
1785431746.782,17:15:46,timeslice,2,0.0,0,0,0.0
1785431746.782,17:15:46,timeslice,3,0.0,0,0,0.0
1785431746.782,17:15:46,timeslice,4,0.0,0,0,0.0
1785431746.782,17:15:46,timeslice,5,0.0,0,0,0.0
1785431746.782,17:15:46,timeslice,6,0.0,0,0,0.0
1785431746.782,17:15:46,timeslice,7,0.0,0,0,0.0
1785431747.782,17:15:47,timeslice,0,0.0,0,0,0.0
1785431747.782,17:15:47,timeslice,1,0.0,0,0,0.0
1785431747.782,17:15:47,timeslice,2,0.0,0,0,0.0
1785431747.782,17:15:47,timeslice,3,0.0,0,0,0.0
1785431747.782,17:15:47,timeslice,4,0.0,0,0,0.0
1785431747.782,17:15:47,timeslice,5,0.0,0,0,0.0
1785431747.782,17:15:47,timeslice,6,0.0,0,0,0.0
1785431747.782,17:15:47,timeslice,7,0.0,0,0,0.0
1785431748.782,17:15:48,timeslice,0,0.0,0,0,0.0
1785431748.782,17:15:48,timeslice,1,0.0,0,0,0.0
1785431748.782,17:15:48,timeslice,2,0.0,0,0,0.0
1785431748.782,17:15:48,timeslice,3,0.0,0,0,0.0
1785431748.782,17:15:48,timeslice,4,0.0,0,0,0.0
1785431748.782,17:15:48,timeslice,5,0.0,0,0,0.0
1785431748.782,17:15:48,timeslice,6,0.0,0,0,0.0
1785431748.782,17:15:48,timeslice,7,0.0,0,0,0.0
1785431749.782,17:15:49,timeslice,0,0.0,0,0,0.0
1785431749.782,17:15:49,timeslice,1,0.0,0,0,0.0
1785431749.782,17:15:49,timeslice,2,0.0,0,0,0.0
1785431749.782,17:15:49,timeslice,3,0.0,0,0,0.0
1785431749.782,17:15:49,timeslice,4,0.0,0,0,0.0
1785431749.782,17:15:49,timeslice,5,0.0,0,0,0.0
1785431749.782,17:15:49,timeslice,6,0.0,0,0,0.0
1785431749.782,17:15:49,timeslice,7,0.0,0,0,0.0
1785431750.782,17:15:50,timeslice,0,0.0,0,0,0.0
1785431750.782,17:15:50,timeslice,1,0.0,0,0,0.0
1785431750.782,17:15:50,timeslice,2,0.0,0,0,0.0
1785431750.782,17:15:50,timeslice,3,0.0,0,0,0.0
1785431750.782,17:15:50,timeslice,4,0.0,0,0,0.0
1785431750.782,17:15:50,timeslice,5,0.0,0,0,0.0
1785431750.782,17:15:50,timeslice,6,0.0,0,0,0.0
1785431750.782,17:15:50,timeslice,7,0.0,0,0,0.0
1785431751.782,17:15:51,timeslice,0,0.0,0,0,0.0
1785431751.782,17:15:51,timeslice,1,0.0,0,0,0.0
1785431751.782,17:15:51,timeslice,2,0.0,0,0,0.0
1785431751.782,17:15:51,timeslice,3,0.0,0,0,0.0
1785431751.782,17:15:51,timeslice,4,0.0,0,0,0.0
1785431751.782,17:15:51,timeslice,5,0.0,0,0,0.0
1785431751.782,17:15:51,timeslice,6,0.0,0,0,0.0
1785431751.782,17:15:51,timeslice,7,0.0,0,0,0.0
1785431752.783,17:15:52,timeslice,0,0.0,0,0,0.0
1785431752.783,17:15:52,timeslice,1,0.0,0,0,0.0
1785431752.783,17:15:52,timeslice,2,0.0,0,0,0.0
1785431752.783,17:15:52,timeslice,3,0.0,0,0,0.0
1785431752.783,17:15:52,timeslice,4,0.0,0,0,0.0
1785431752.783,17:15:52,timeslice,5,0.0,0,0,0.0
1785431752.783,17:15:52,timeslice,6,0.0,0,0,0.0
1785431752.783,17:15:52,timeslice,7,0.0,0,0,0.0
1785431753.783,17:15:53,timeslice,0,0.0,0,0,0.0
1785431753.783,17:15:53,timeslice,1,0.0,0,0,0.0
1785431753.783,17:15:53,timeslice,2,0.0,0,0,0.0
1785431753.783,17:15:53,timeslice,3,0.0,0,0,0.0
1785431753.783,17:15:53,timeslice,4,0.0,0,0,0.0
1785431753.783,17:15:53,timeslice,5,0.0,0,0,0.0
1785431753.783,17:15:53,timeslice,6,0.0,0,0,0.0
1785431753.783,17:15:53,timeslice,7,0.0,0,0,0.0
1785431754.783,17:15:54,timeslice,0,0.0,0,0,0.0
1785431754.783,17:15:54,timeslice,1,0.0,0,0,0.0
1785431754.783,17:15:54,timeslice,2,0.0,0,0,0.0
1785431754.783,17:15:54,timeslice,3,0.0,0,0,0.0
1785431754.783,17:15:54,timeslice,4,0.0,0,0,0.0
1785431754.783,17:15:54,timeslice,5,0.0,0,0,0.0
1785431754.783,17:15:54,timeslice,6,0.0,0,0,0.0
1785431754.783,17:15:54,timeslice,7,0.0,0,0,0.0
1785431755.783,17:15:55,timeslice,0,0.0,0,0,0.0
1785431755.783,17:15:55,timeslice,1,0.0,0,0,0.0
1785431755.783,17:15:55,timeslice,2,0.0,0,0,0.0
1785431755.783,17:15:55,timeslice,3,0.0,0,0,0.0
1785431755.783,17:15:55,timeslice,4,0.0,0,0,0.0
1785431755.783,17:15:55,timeslice,5,0.0,0,0,0.0
1785431755.783,17:15:55,timeslice,6,0.0,0,0,0.0
1785431755.783,17:15:55,timeslice,7,0.0,0,0,0.0
1785431756.783,17:15:56,timeslice,0,0.0,0,0,0.0
1785431756.783,17:15:56,timeslice,1,0.0,0,0,0.0
1785431756.783,17:15:56,timeslice,2,0.0,0,0,0.0
1785431756.783,17:15:56,timeslice,3,0.0,0,0,0.0
1785431756.783,17:15:56,timeslice,4,0.0,0,0,0.0
1785431756.783,17:15:56,timeslice,5,0.0,0,0,0.0
1785431756.783,17:15:56,timeslice,6,0.0,0,0,0.0
1785431756.783,17:15:56,timeslice,7,0.0,0,0,0.0
1785431757.783,17:15:57,timeslice,0,0.0,0,0,0.0
1785431757.783,17:15:57,timeslice,1,0.0,0,0,0.0
1785431757.783,17:15:57,timeslice,2,0.0,0,0,0.0
1785431757.783,17:15:57,timeslice,3,0.0,0,0,0.0
1785431757.783,17:15:57,timeslice,4,0.0,0,0,0.0
1785431757.783,17:15:57,timeslice,5,0.0,0,0,0.0
1785431757.783,17:15:57,timeslice,6,0.0,0,0,0.0
1785431757.783,17:15:57,timeslice,7,0.0,0,0,0.0
1785431758.783,17:15:58,timeslice,0,0.0,0,0,0.0
1785431758.783,17:15:58,timeslice,1,0.0,0,0,0.0
1785431758.783,17:15:58,timeslice,2,0.0,0,0,0.0
1785431758.783,17:15:58,timeslice,3,0.0,0,0,0.0
1785431758.783,17:15:58,timeslice,4,0.0,0,0,0.0
1785431758.783,17:15:58,timeslice,5,0.0,0,0,0.0
1785431758.783,17:15:58,timeslice,6,0.0,0,0,0.0
1785431758.783,17:15:58,timeslice,7,0.0,0,0,0.0
1785431759.783,17:15:59,timeslice,0,0.0,0,0,0.0
1785431759.783,17:15:59,timeslice,1,0.0,0,0,0.0
1785431759.783,17:15:59,timeslice,2,0.0,0,0,0.0
1785431759.783,17:15:59,timeslice,3,0.0,0,0,0.0
1785431759.783,17:15:59,timeslice,4,0.0,0,0,0.0
1785431759.783,17:15:59,timeslice,5,0.0,0,0,0.0
1785431759.783,17:15:59,timeslice,6,0.0,0,0,0.0
1785431759.783,17:15:59,timeslice,7,0.0,0,0,0.0
1785431760.784,17:16:00,timeslice,0,0.0,0,0,0.0
1785431760.784,17:16:00,timeslice,1,0.0,0,0,0.0
1785431760.784,17:16:00,timeslice,2,0.0,0,0,0.0
1785431760.784,17:16:00,timeslice,3,0.0,0,0,0.0
1785431760.784,17:16:00,timeslice,4,0.0,0,0,0.0
1785431760.784,17:16:00,timeslice,5,0.0,0,0,0.0
1785431760.784,17:16:00,timeslice,6,0.0,0,0,0.0
1785431760.784,17:16:00,timeslice,7,0.0,0,0,0.0
1785431761.784,17:16:01,timeslice,0,0.0,0,0,0.0
1785431761.784,17:16:01,timeslice,1,0.0,0,0,0.0
1785431761.784,17:16:01,timeslice,2,0.0,0,0,0.0
1785431761.784,17:16:01,timeslice,3,0.0,0,0,0.0
1785431761.784,17:16:01,timeslice,4,0.0,0,0,0.0
1785431761.784,17:16:01,timeslice,5,0.0,0,0,0.0
1785431761.784,17:16:01,timeslice,6,0.0,0,0,0.0
1785431761.784,17:16:01,timeslice,7,0.0,0,0,0.0
1785431762.784,17:16:02,timeslice,0,0.0,0,0,0.0
1785431762.784,17:16:02,timeslice,1,0.0,0,0,0.0
1785431762.784,17:16:02,timeslice,2,0.0,0,0,0.0
1785431762.784,17:16:02,timeslice,3,0.0,0,0,0.0
1785431762.784,17:16:02,timeslice,4,0.0,0,0,0.0
1785431762.784,17:16:02,timeslice,5,0.0,0,0,0.0
1785431762.784,17:16:02,timeslice,6,0.0,0,0,0.0
1785431762.784,17:16:02,timeslice,7,0.0,0,0,0.0
1785431763.784,17:16:03,timeslice,0,0.0,0,0,0.0
1785431763.784,17:16:03,timeslice,1,0.0,0,0,0.0
1785431763.784,17:16:03,timeslice,2,0.0,0,0,0.0
1785431763.784,17:16:03,timeslice,3,0.0,0,0,0.0
1785431763.784,17:16:03,timeslice,4,0.0,0,0,0.0
1785431763.784,17:16:03,timeslice,5,0.0,0,0,0.0
1785431763.784,17:16:03,timeslice,6,0.0,0,0,0.0
1785431763.784,17:16:03,timeslice,7,0.0,0,0,0.0
1785431764.784,17:16:04,timeslice,0,0.0,0,0,0.0
1785431764.784,17:16:04,timeslice,1,0.0,0,0,0.0
1785431764.784,17:16:04,timeslice,2,0.0,0,0,0.0
1785431764.784,17:16:04,timeslice,3,0.0,0,0,0.0
1785431764.784,17:16:04,timeslice,4,0.0,0,0,0.0
1785431764.784,17:16:04,timeslice,5,0.0,0,0,0.0
1785431764.784,17:16:04,timeslice,6,0.0,0,0,0.0
1785431764.784,17:16:04,timeslice,7,0.0,0,0,0.0
1785431765.784,17:16:05,timeslice,0,0.0,0,0,0.0
1785431765.784,17:16:05,timeslice,1,0.0,0,0,0.0
1785431765.784,17:16:05,timeslice,2,0.0,0,0,0.0
1785431765.784,17:16:05,timeslice,3,0.0,0,0,0.0
1785431765.784,17:16:05,timeslice,4,0.0,0,0,0.0
1785431765.784,17:16:05,timeslice,5,0.0,0,0,0.0
1785431765.784,17:16:05,timeslice,6,0.0,0,0,0.0
1785431765.784,17:16:05,timeslice,7,0.0,0,0,0.0
1785431766.784,17:16:06,timeslice,0,0.0,0,0,0.0
1785431766.784,17:16:06,timeslice,1,0.0,0,0,0.0
1785431766.784,17:16:06,timeslice,2,0.0,0,0,0.0
1785431766.784,17:16:06,timeslice,3,0.0,0,0,0.0
1785431766.784,17:16:06,timeslice,4,0.0,0,0,0.0
1785431766.784,17:16:06,timeslice,5,0.0,0,0,0.0
1785431766.784,17:16:06,timeslice,6,0.0,0,0,0.0
1785431766.784,17:16:06,timeslice,7,0.0,0,0,0.0
1785431767.784,17:16:07,timeslice,0,0.0,0,0,0.0
1785431767.784,17:16:07,timeslice,1,0.0,0,0,0.0
1785431767.784,17:16:07,timeslice,2,0.0,0,0,0.0
1785431767.784,17:16:07,timeslice,3,0.0,0,0,0.0
1785431767.784,17:16:07,timeslice,4,0.0,0,0,0.0
1785431767.784,17:16:07,timeslice,5,0.0,0,0,0.0
1785431767.784,17:16:07,timeslice,6,0.0,0,0,0.0
1785431767.784,17:16:07,timeslice,7,0.0,0,0,0.0
1785431768.785,17:16:08,timeslice,0,0.0,0,0,0.0
1785431768.785,17:16:08,timeslice,1,0.0,0,0,0.0
1785431768.785,17:16:08,timeslice,2,0.0,0,0,0.0
1785431768.785,17:16:08,timeslice,3,0.0,0,0,0.0
1785431768.785,17:16:08,timeslice,4,0.0,0,0,0.0
1785431768.785,17:16:08,timeslice,5,0.0,0,0,0.0
1785431768.785,17:16:08,timeslice,6,0.0,0,0,0.0
1785431768.785,17:16:08,timeslice,7,0.0,0,0,0.0
1785431769.785,17:16:09,timeslice,0,0.0,0,0,0.0
1785431769.785,17:16:09,timeslice,1,0.0,0,0,0.0
1785431769.785,17:16:09,timeslice,2,0.0,0,0,0.0
1785431769.785,17:16:09,timeslice,3,0.0,0,0,0.0
1785431769.785,17:16:09,timeslice,4,0.0,0,0,0.0
1785431769.785,17:16:09,timeslice,5,0.0,0,0,0.0
1785431769.785,17:16:09,timeslice,6,0.0,0,0,0.0
1785431769.785,17:16:09,timeslice,7,0.0,0,0,0.0
1785431770.785,17:16:10,timeslice,0,0.0,0,0,0.0
1785431770.785,17:16:10,timeslice,1,0.0,0,0,0.0
1785431770.785,17:16:10,timeslice,2,0.0,0,0,0.0
1785431770.785,17:16:10,timeslice,3,0.0,0,0,0.0
1785431770.785,17:16:10,timeslice,4,0.0,0,0,0.0
1785431770.785,17:16:10,timeslice,5,0.0,0,0,0.0
1785431770.785,17:16:10,timeslice,6,0.0,0,0,0.0
1785431770.785,17:16:10,timeslice,7,0.0,0,0,0.0
1785431771.785,17:16:11,timeslice,0,0.0,0,0,0.0
1785431771.785,17:16:11,timeslice,1,0.0,0,0,0.0
1785431771.785,17:16:11,timeslice,2,0.0,0,0,0.0
1785431771.785,17:16:11,timeslice,3,0.0,0,0,0.0
1785431771.785,17:16:11,timeslice,4,0.0,0,0,0.0
1785431771.785,17:16:11,timeslice,5,0.0,0,0,0.0
1785431771.785,17:16:11,timeslice,6,0.0,0,0,0.0
1785431771.785,17:16:11,timeslice,7,0.0,0,0,0.0
1785431772.785,17:16:12,timeslice,0,0.0,0,0,0.0
1785431772.785,17:16:12,timeslice,1,0.0,0,0,0.0
1785431772.785,17:16:12,timeslice,2,0.0,0,0,0.0
1785431772.785,17:16:12,timeslice,3,0.0,0,0,0.0
1785431772.785,17:16:12,timeslice,4,0.0,0,0,0.0
1785431772.785,17:16:12,timeslice,5,0.0,0,0,0.0
1785431772.785,17:16:12,timeslice,6,0.0,0,0,0.0
1785431772.785,17:16:12,timeslice,7,0.0,0,0,0.0
1785431773.785,17:16:13,timeslice,0,0.0,0,0,0.0
1785431773.785,17:16:13,timeslice,1,0.0,0,0,0.0
1785431773.785,17:16:13,timeslice,2,0.0,0,0,0.0
1785431773.785,17:16:13,timeslice,3,0.0,0,0,0.0
1785431773.785,17:16:13,timeslice,4,0.0,0,0,0.0
1785431773.785,17:16:13,timeslice,5,0.0,0,0,0.0
1785431773.785,17:16:13,timeslice,6,0.0,0,0,0.0
1785431773.785,17:16:13,timeslice,7,0.0,0,0,0.0
1785431774.785,17:16:14,timeslice,0,0.0,0,0,0.0
1785431774.785,17:16:14,timeslice,1,0.0,0,0,0.0
1785431774.785,17:16:14,timeslice,2,0.0,0,0,0.0
1785431774.785,17:16:14,timeslice,3,0.0,0,0,0.0
1785431774.785,17:16:14,timeslice,4,0.0,0,0,0.0
1785431774.785,17:16:14,timeslice,5,0.0,0,0,0.0
1785431774.785,17:16:14,timeslice,6,0.0,0,0,0.0
1785431774.785,17:16:14,timeslice,7,0.0,0,0,0.0
1785431775.785,17:16:15,timeslice,0,0.0,0,0,0.0
1785431775.785,17:16:15,timeslice,1,0.0,0,0,0.0
1785431775.785,17:16:15,timeslice,2,0.0,0,0,0.0
1785431775.785,17:16:15,timeslice,3,0.0,0,0,0.0
1785431775.785,17:16:15,timeslice,4,0.0,0,0,0.0
1785431775.785,17:16:15,timeslice,5,0.0,0,0,0.0
1785431775.785,17:16:15,timeslice,6,0.0,0,0,0.0
1785431775.785,17:16:15,timeslice,7,0.0,0,0,0.0
1785431776.786,17:16:16,timeslice,0,0.0,0,0,0.0
1785431776.786,17:16:16,timeslice,1,0.0,0,0,0.0
1785431776.786,17:16:16,timeslice,2,0.0,0,0,0.0
1785431776.786,17:16:16,timeslice,3,0.0,0,0,0.0
1785431776.786,17:16:16,timeslice,4,0.0,0,0,0.0
1785431776.786,17:16:16,timeslice,5,0.0,0,0,0.0
1785431776.786,17:16:16,timeslice,6,0.0,0,0,0.0
1785431776.786,17:16:16,timeslice,7,0.0,0,0,0.0
1785431777.786,17:16:17,timeslice,0,0.0,0,0,0.0
1785431777.786,17:16:17,timeslice,1,0.0,0,0,0.0
1785431777.786,17:16:17,timeslice,2,0.0,0,0,0.0
1785431777.786,17:16:17,timeslice,3,0.0,0,0,0.0
1785431777.786,17:16:17,timeslice,4,0.0,0,0,0.0
1785431777.786,17:16:17,timeslice,5,0.0,0,0,0.0
1785431777.786,17:16:17,timeslice,6,0.0,0,0,0.0
1785431777.786,17:16:17,timeslice,7,0.0,0,0,0.0
1785431778.786,17:16:18,timeslice,0,0.0,0,0,0.0
1785431778.786,17:16:18,timeslice,1,0.0,0,0,0.0
1785431778.786,17:16:18,timeslice,2,0.0,0,0,0.0
1785431778.786,17:16:18,timeslice,3,0.0,0,0,0.0
1785431778.786,17:16:18,timeslice,4,0.0,0,0,0.0
1785431778.786,17:16:18,timeslice,5,0.0,0,0,0.0
1785431778.786,17:16:18,timeslice,6,0.0,0,0,0.0
1785431778.786,17:16:18,timeslice,7,0.0,0,0,0.0
1785431779.786,17:16:19,timeslice,0,0.0,0,0,0.0
1785431779.786,17:16:19,timeslice,1,0.0,0,0,0.0
1785431779.786,17:16:19,timeslice,2,0.0,0,0,0.0
1785431779.786,17:16:19,timeslice,3,0.0,0,0,0.0
1785431779.786,17:16:19,timeslice,4,0.0,0,0,0.0
1785431779.786,17:16:19,timeslice,5,0.0,0,0,0.0
1785431779.786,17:16:19,timeslice,6,0.0,0,0,0.0
1785431779.786,17:16:19,timeslice,7,0.0,0,0,0.0
1785431780.786,17:16:20,timeslice,0,0.0,0,0,0.0
1785431780.786,17:16:20,timeslice,1,0.0,0,0,0.0
1785431780.786,17:16:20,timeslice,2,0.0,0,0,0.0
1785431780.786,17:16:20,timeslice,3,0.0,0,0,0.0
1785431780.786,17:16:20,timeslice,4,0.0,0,0,0.0
1785431780.786,17:16:20,timeslice,5,0.0,0,0,0.0
1785431780.786,17:16:20,timeslice,6,0.0,0,0,0.0
1785431780.786,17:16:20,timeslice,7,0.0,0,0,0.0
1785431781.786,17:16:21,timeslice,0,0.0,0,0,0.0
1785431781.786,17:16:21,timeslice,1,0.0,0,0,0.0
1785431781.786,17:16:21,timeslice,2,0.0,0,0,0.0
1785431781.786,17:16:21,timeslice,3,0.0,0,0,0.0
1785431781.786,17:16:21,timeslice,4,0.0,0,0,0.0
1785431781.786,17:16:21,timeslice,5,0.0,0,0,0.0
1785431781.786,17:16:21,timeslice,6,0.0,0,0,0.0
1785431781.786,17:16:21,timeslice,7,0.0,0,0,0.0
1785431782.786,17:16:22,timeslice,0,0.0,0,0,0.0
1785431782.786,17:16:22,timeslice,1,0.0,0,0,0.0
1785431782.786,17:16:22,timeslice,2,0.0,0,0,0.0
1785431782.786,17:16:22,timeslice,3,0.0,0,0,0.0
1785431782.786,17:16:22,timeslice,4,0.0,0,0,0.0
1785431782.786,17:16:22,timeslice,5,0.0,0,0,0.0
1785431782.786,17:16:22,timeslice,6,0.0,0,0,0.0
1785431782.786,17:16:22,timeslice,7,0.0,0,0,0.0
1785431783.786,17:16:23,timeslice,0,0.0,0,0,0.0
1785431783.786,17:16:23,timeslice,1,0.0,0,0,0.0
1785431783.786,17:16:23,timeslice,2,0.0,0,0,0.0
1785431783.786,17:16:23,timeslice,3,0.0,0,0,0.0
1785431783.786,17:16:23,timeslice,4,0.0,0,0,0.0
1785431783.786,17:16:23,timeslice,5,0.0,0,0,0.0
1785431783.786,17:16:23,timeslice,6,0.0,0,0,0.0
1785431783.786,17:16:23,timeslice,7,0.0,0,0,0.0
1785431784.787,17:16:24,timeslice,0,0.0,0,0,0.0
1785431784.787,17:16:24,timeslice,1,0.0,0,0,0.0
1785431784.787,17:16:24,timeslice,2,0.0,0,0,0.0
1785431784.787,17:16:24,timeslice,3,0.0,0,0,0.0
1785431784.787,17:16:24,timeslice,4,0.0,0,0,0.0
1785431784.787,17:16:24,timeslice,5,0.0,0,0,0.0
1785431784.787,17:16:24,timeslice,6,0.0,0,0,0.0
1785431784.787,17:16:24,timeslice,7,0.0,0,0,0.0
1785431785.787,17:16:25,timeslice,0,0.0,0,0,0.0
1785431785.787,17:16:25,timeslice,1,0.0,0,0,0.0
1785431785.787,17:16:25,timeslice,2,0.0,0,0,0.0
1785431785.787,17:16:25,timeslice,3,0.0,0,0,0.0
1785431785.787,17:16:25,timeslice,4,0.0,0,0,0.0
1785431785.787,17:16:25,timeslice,5,0.0,0,0,0.0
1785431785.787,17:16:25,timeslice,6,0.0,0,0,0.0
1785431785.787,17:16:25,timeslice,7,0.0,0,0,0.0
1785431786.787,17:16:26,timeslice,0,0.0,0,0,0.0
1785431786.787,17:16:26,timeslice,1,0.0,0,0,0.0
1785431786.787,17:16:26,timeslice,2,0.0,0,0,0.0
1785431786.787,17:16:26,timeslice,3,0.0,0,0,0.0
1785431786.787,17:16:26,timeslice,4,0.0,0,0,0.0
1785431786.787,17:16:26,timeslice,5,0.0,0,0,0.0
1785431786.787,17:16:26,timeslice,6,0.0,0,0,0.0
1785431786.787,17:16:26,timeslice,7,0.0,0,0,0.0
1785431787.787,17:16:27,timeslice,0,0.0,0,0,0.0
1785431787.787,17:16:27,timeslice,1,0.0,0,0,0.0
1785431787.787,17:16:27,timeslice,2,0.0,0,0,0.0
1785431787.787,17:16:27,timeslice,3,0.0,0,0,0.0
1785431787.787,17:16:27,timeslice,4,0.0,0,0,0.0
1785431787.787,17:16:27,timeslice,5,0.0,0,0,0.0
1785431787.787,17:16:27,timeslice,6,0.0,0,0,0.0
1785431787.787,17:16:27,timeslice,7,0.0,0,0,0.0
1785431788.787,17:16:28,timeslice,0,0.0,0,0,0.0
1785431788.787,17:16:28,timeslice,1,0.0,0,0,0.0
1785431788.787,17:16:28,timeslice,2,0.0,0,0,0.0
1785431788.787,17:16:28,timeslice,3,0.0,0,0,0.0
1785431788.787,17:16:28,timeslice,4,0.0,0,0,0.0
1785431788.787,17:16:28,timeslice,5,0.0,0,0,0.0
1785431788.787,17:16:28,timeslice,6,0.0,0,0,0.0
1785431788.787,17:16:28,timeslice,7,0.0,0,0,0.0
1785431789.787,17:16:29,timeslice,0,0.0,0,0,0.0
1785431789.787,17:16:29,timeslice,1,0.0,0,0,0.0
1785431789.787,17:16:29,timeslice,2,0.0,0,0,0.0
1785431789.787,17:16:29,timeslice,3,0.0,0,0,0.0
1785431789.787,17:16:29,timeslice,4,0.0,0,0,0.0
1785431789.787,17:16:29,timeslice,5,0.0,0,0,0.0
1785431789.787,17:16:29,timeslice,6,0.0,0,0,0.0
1785431789.787,17:16:29,timeslice,7,0.0,0,0,0.0
1785431790.787,17:16:30,timeslice,0,0.0,0,0,0.0
1785431790.787,17:16:30,timeslice,1,0.0,0,0,0.0
1785431790.787,17:16:30,timeslice,2,0.0,0,0,0.0
1785431790.787,17:16:30,timeslice,3,0.0,0,0,0.0
1785431790.787,17:16:30,timeslice,4,0.0,0,0,0.0
1785431790.787,17:16:30,timeslice,5,0.0,0,0,0.0
1785431790.787,17:16:30,timeslice,6,0.0,0,0,0.0
1785431790.787,17:16:30,timeslice,7,0.0,0,0,0.0
1785431791.787,17:16:31,timeslice,0,0.0,0,0,0.0
1785431791.787,17:16:31,timeslice,1,0.0,0,0,0.0
1785431791.787,17:16:31,timeslice,2,0.0,0,0,0.0
1785431791.787,17:16:31,timeslice,3,0.0,0,0,0.0
1785431791.787,17:16:31,timeslice,4,0.0,0,0,0.0
1785431791.787,17:16:31,timeslice,5,0.0,0,0,0.0
1785431791.787,17:16:31,timeslice,6,0.0,0,0,0.0
1785431791.787,17:16:31,timeslice,7,0.0,0,0,0.0
1785431792.788,17:16:32,timeslice,0,0.0,0,0,0.0
1785431792.788,17:16:32,timeslice,1,0.0,0,0,0.0
1785431792.788,17:16:32,timeslice,2,0.0,0,0,0.0
1785431792.788,17:16:32,timeslice,3,0.0,0,0,0.0
1785431792.788,17:16:32,timeslice,4,0.0,0,0,0.0
1785431792.788,17:16:32,timeslice,5,0.0,0,0,0.0
1785431792.788,17:16:32,timeslice,6,0.0,0,0,0.0
1785431792.788,17:16:32,timeslice,7,0.0,0,0,0.0
1785431793.788,17:16:33,timeslice,0,0.0,0,0,0.0
1785431793.788,17:16:33,timeslice,1,0.0,0,0,0.0
1785431793.788,17:16:33,timeslice,2,0.0,0,0,0.0
1785431793.788,17:16:33,timeslice,3,0.0,0,0,0.0
1785431793.788,17:16:33,timeslice,4,0.0,0,0,0.0
1785431793.788,17:16:33,timeslice,5,0.0,0,0,0.0
1785431793.788,17:16:33,timeslice,6,0.0,0,0,0.0
1785431793.788,17:16:33,timeslice,7,0.0,0,0,0.0
1785431794.788,17:16:34,timeslice,0,0.0,0,0,0.0
1785431794.788,17:16:34,timeslice,1,0.0,0,0,0.0
1785431794.788,17:16:34,timeslice,2,0.0,0,0,0.0
1785431794.788,17:16:34,timeslice,3,0.0,0,0,0.0
1785431794.788,17:16:34,timeslice,4,0.0,0,0,0.0
1785431794.788,17:16:34,timeslice,5,0.0,0,0,0.0
1785431794.788,17:16:34,timeslice,6,0.0,0,0,0.0
1785431794.788,17:16:34,timeslice,7,0.0,0,0,0.0
1785431795.788,17:16:35,timeslice,0,0.0,0,0,0.0
1785431795.788,17:16:35,timeslice,1,0.0,0,0,0.0
1785431795.788,17:16:35,timeslice,2,0.0,0,0,0.0
1785431795.788,17:16:35,timeslice,3,0.0,0,0,0.0
1785431795.788,17:16:35,timeslice,4,0.0,0,0,0.0
1785431795.788,17:16:35,timeslice,5,0.0,0,0,0.0
1785431795.788,17:16:35,timeslice,6,0.0,0,0,0.0
1785431795.788,17:16:35,timeslice,7,0.0,0,0,0.0
1785431796.788,17:16:36,timeslice,0,0.0,0,0,0.0
1785431796.788,17:16:36,timeslice,1,0.0,0,0,0.0
1785431796.788,17:16:36,timeslice,2,0.0,0,0,0.0
1785431796.788,17:16:36,timeslice,3,0.0,0,0,0.0
1785431796.788,17:16:36,timeslice,4,0.0,0,0,0.0
1785431796.788,17:16:36,timeslice,5,0.0,0,0,0.0
1785431796.788,17:16:36,timeslice,6,0.0,0,0,0.0
1785431796.788,17:16:36,timeslice,7,0.0,0,0,0.0
1785431797.789,17:16:37,timeslice,0,0.0,0,0,0.0
1785431797.789,17:16:37,timeslice,1,0.0,0,0,0.0
1785431797.789,17:16:37,timeslice,2,0.0,0,0,0.0
1785431797.789,17:16:37,timeslice,3,0.0,0,0,0.0
1785431797.789,17:16:37,timeslice,4,0.0,0,0,0.0
1785431797.789,17:16:37,timeslice,5,0.0,0,0,0.0
1785431797.789,17:16:37,timeslice,6,0.0,0,0,0.0
1785431797.789,17:16:37,timeslice,7,0.0,0,0,0.0
1785431798.789,17:16:38,timeslice,0,0.0,0,0,0.0
1785431798.789,17:16:38,timeslice,1,0.0,0,0,0.0
1785431798.789,17:16:38,timeslice,2,0.0,0,0,0.0
1785431798.789,17:16:38,timeslice,3,0.0,0,0,0.0
1785431798.789,17:16:38,timeslice,4,0.0,0,0,0.0
1785431798.789,17:16:38,timeslice,5,0.0,0,0,0.0
1785431798.789,17:16:38,timeslice,6,0.0,0,0,0.0
1785431798.789,17:16:38,timeslice,7,0.0,0,0,0.0
1785431799.789,17:16:39,timeslice,0,0.0,0,0,0.0
1785431799.789,17:16:39,timeslice,1,0.0,0,0,0.0
1785431799.789,17:16:39,timeslice,2,0.0,0,0,0.0
1785431799.789,17:16:39,timeslice,3,0.0,0,0,0.0
1785431799.789,17:16:39,timeslice,4,0.0,0,0,0.0
1785431799.789,17:16:39,timeslice,5,0.0,0,0,0.0
1785431799.789,17:16:39,timeslice,6,0.0,0,0,0.0
1785431799.789,17:16:39,timeslice,7,0.0,0,0,0.0
1785431800.789,17:16:40,timeslice,0,0.0,0,0,0.0
1785431800.789,17:16:40,timeslice,1,0.0,0,0,0.0
1785431800.789,17:16:40,timeslice,2,0.0,0,0,0.0
1785431800.789,17:16:40,timeslice,3,0.0,0,0,0.0
1785431800.789,17:16:40,timeslice,4,0.0,0,0,0.0
1785431800.789,17:16:40,timeslice,5,0.0,0,0,0.0
1785431800.789,17:16:40,timeslice,6,0.0,0,0,0.0
1785431800.789,17:16:40,timeslice,7,0.0,0,0,0.0
1785431801.789,17:16:41,timeslice,0,0.0,0,0,0.0
1785431801.789,17:16:41,timeslice,1,0.0,0,0,0.0
1785431801.789,17:16:41,timeslice,2,0.0,0,0,0.0
1785431801.789,17:16:41,timeslice,3,0.0,0,0,0.0
1785431801.789,17:16:41,timeslice,4,0.0,0,0,0.0
1785431801.789,17:16:41,timeslice,5,0.0,0,0,0.0
1785431801.789,17:16:41,timeslice,6,0.0,0,0,0.0
1785431801.789,17:16:41,timeslice,7,0.0,0,0,0.0
1785431802.789,17:16:42,timeslice,0,0.0,0,0,0.0
1785431802.789,17:16:42,timeslice,1,0.0,0,0,0.0
1785431802.789,17:16:42,timeslice,2,0.0,0,0,0.0
1785431802.789,17:16:42,timeslice,3,0.0,0,0,0.0
1785431802.789,17:16:42,timeslice,4,0.0,0,0,0.0
1785431802.789,17:16:42,timeslice,5,0.0,0,0,0.0
1785431802.789,17:16:42,timeslice,6,0.0,0,0,0.0
1785431802.789,17:16:42,timeslice,7,0.0,0,0,0.0
1785431803.789,17:16:43,timeslice,0,0.0,0,0,0.0
1785431803.789,17:16:43,timeslice,1,0.0,0,0,0.0
1785431803.789,17:16:43,timeslice,2,0.0,0,0,0.0
1785431803.789,17:16:43,timeslice,3,0.0,0,0,0.0
1785431803.789,17:16:43,timeslice,4,0.0,0,0,0.0
1785431803.789,17:16:43,timeslice,5,0.0,0,0,0.0
1785431803.789,17:16:43,timeslice,6,0.0,0,0,0.0
1785431803.789,17:16:43,timeslice,7,0.0,0,0,0.0
1785431804.789,17:16:44,timeslice,0,0.0,0,0,0.0
1785431804.789,17:16:44,timeslice,1,0.0,0,0,0.0
1785431804.789,17:16:44,timeslice,2,0.0,0,0,0.0
1785431804.789,17:16:44,timeslice,3,0.0,0,0,0.0
1785431804.789,17:16:44,timeslice,4,0.0,0,0,0.0
1785431804.789,17:16:44,timeslice,5,0.0,0,0,0.0
1785431804.789,17:16:44,timeslice,6,0.0,0,0,0.0
1785431804.789,17:16:44,timeslice,7,0.0,0,0,0.0
1785431805.79,17:16:45,timeslice,0,0.0,0,0,0.0
1785431805.79,17:16:45,timeslice,1,0.0,0,0,0.0
1785431805.79,17:16:45,timeslice,2,0.0,0,0,0.0
1785431805.79,17:16:45,timeslice,3,0.0,0,0,0.0
1785431805.79,17:16:45,timeslice,4,0.0,0,0,0.0
1785431805.79,17:16:45,timeslice,5,0.0,0,0,0.0
1785431805.79,17:16:45,timeslice,6,0.0,0,0,0.0
1785431805.79,17:16:45,timeslice,7,0.0,0,0,0.0
1785431806.79,17:16:46,timeslice,0,0.0,0,0,0.0
1785431806.79,17:16:46,timeslice,1,0.0,0,0,0.0
1785431806.79,17:16:46,timeslice,2,0.0,0,0,0.0
1785431806.79,17:16:46,timeslice,3,0.0,0,0,0.0
1785431806.79,17:16:46,timeslice,4,0.0,0,0,0.0
1785431806.79,17:16:46,timeslice,5,0.0,0,0,0.0
1785431806.79,17:16:46,timeslice,6,0.0,0,0,0.0
1785431806.79,17:16:46,timeslice,7,0.0,0,0,0.0
1785431807.79,17:16:47,timeslice,0,0.0,0,0,0.0
1785431807.79,17:16:47,timeslice,1,0.0,0,0,0.0
1785431807.79,17:16:47,timeslice,2,0.0,0,0,0.0
1785431807.79,17:16:47,timeslice,3,0.0,0,0,0.0
1785431807.79,17:16:47,timeslice,4,0.0,0,0,0.0
1785431807.79,17:16:47,timeslice,5,0.0,0,0,0.0
1785431807.79,17:16:47,timeslice,6,0.0,0,0,0.0
1785431807.79,17:16:47,timeslice,7,0.0,0,0,0.0
1785431808.79,17:16:48,timeslice,0,0.0,0,0,0.0
1785431808.79,17:16:48,timeslice,1,0.0,0,0,0.0
1785431808.79,17:16:48,timeslice,2,0.0,0,0,0.0
1785431808.79,17:16:48,timeslice,3,0.0,0,0,0.0
1785431808.79,17:16:48,timeslice,4,0.0,0,0,0.0
1785431808.79,17:16:48,timeslice,5,0.0,0,0,0.0
1785431808.79,17:16:48,timeslice,6,0.0,0,0,0.0
1785431808.79,17:16:48,timeslice,7,0.0,0,0,0.0
1785431809.79,17:16:49,timeslice,0,0.0,0,0,0.0
1785431809.79,17:16:49,timeslice,1,0.0,0,0,0.0
1785431809.79,17:16:49,timeslice,2,0.0,0,0,0.0
1785431809.79,17:16:49,timeslice,3,0.0,0,0,0.0
1785431809.79,17:16:49,timeslice,4,0.0,0,0,0.0
1785431809.79,17:16:49,timeslice,5,0.0,0,0,0.0
1785431809.79,17:16:49,timeslice,6,0.0,0,0,0.0
1785431809.79,17:16:49,timeslice,7,0.0,0,0,0.0
1785431810.79,17:16:50,timeslice,0,0.0,0,0,0.0
1785431810.79,17:16:50,timeslice,1,0.0,0,0,0.0
1785431810.79,17:16:50,timeslice,2,0.0,0,0,0.0
1785431810.79,17:16:50,timeslice,3,0.0,0,0,0.0
1785431810.79,17:16:50,timeslice,4,0.0,0,0,0.0
1785431810.79,17:16:50,timeslice,5,0.0,0,0,0.0
1785431810.79,17:16:50,timeslice,6,0.0,0,0,0.0
1785431810.79,17:16:50,timeslice,7,0.0,0,0,0.0
1785431811.791,17:16:51,timeslice,0,0.0,0,0,0.0
1785431811.791,17:16:51,timeslice,1,0.0,0,0,0.0
1785431811.791,17:16:51,timeslice,2,0.0,0,0,0.0
1785431811.791,17:16:51,timeslice,3,0.0,0,0,0.0
1785431811.791,17:16:51,timeslice,4,0.0,0,0,0.0
1785431811.791,17:16:51,timeslice,5,0.0,0,0,0.0
1785431811.791,17:16:51,timeslice,6,0.0,0,0,0.0
1785431811.791,17:16:51,timeslice,7,0.0,0,0,0.0
1785431812.791,17:16:52,timeslice,0,0.0,0,0,0.0
1785431812.791,17:16:52,timeslice,1,0.0,0,0,0.0
1785431812.791,17:16:52,timeslice,2,0.0,0,0,0.0
1785431812.791,17:16:52,timeslice,3,0.0,0,0,0.0
1785431812.791,17:16:52,timeslice,4,0.0,0,0,0.0
1785431812.791,17:16:52,timeslice,5,0.0,0,0,0.0
1785431812.791,17:16:52,timeslice,6,0.0,0,0,0.0
1785431812.791,17:16:52,timeslice,7,0.0,0,0,0.0
1785431813.791,17:16:53,timeslice,0,0.0,0,0,0.0
1785431813.791,17:16:53,timeslice,1,0.0,0,0,0.0
1785431813.791,17:16:53,timeslice,2,0.0,0,0,0.0
1785431813.791,17:16:53,timeslice,3,0.0,0,0,0.0
1785431813.791,17:16:53,timeslice,4,0.0,0,0,0.0
1785431813.791,17:16:53,timeslice,5,0.0,0,0,0.0
1785431813.791,17:16:53,timeslice,6,0.0,0,0,0.0
1785431813.791,17:16:53,timeslice,7,0.0,0,0,0.0
1785431814.791,17:16:54,timeslice,0,0.0,0,0,0.0
1785431814.791,17:16:54,timeslice,1,0.0,0,0,0.0
1785431814.791,17:16:54,timeslice,2,0.0,0,0,0.0
1785431814.791,17:16:54,timeslice,3,0.0,0,0,0.0
1785431814.791,17:16:54,timeslice,4,0.0,0,0,0.0
1785431814.791,17:16:54,timeslice,5,0.0,0,0,0.0
1785431814.791,17:16:54,timeslice,6,0.0,0,0,0.0
1785431814.791,17:16:54,timeslice,7,0.0,0,0,0.0
1785431815.824,17:16:55,timeslice,0,0.0,0,0,0.0
1785431815.824,17:16:55,timeslice,1,0.0,0,0,0.0
1785431815.824,17:16:55,timeslice,2,0.0,0,0,0.0
1785431815.824,17:16:55,timeslice,3,0.0,0,0,0.0
1785431815.824,17:16:55,timeslice,4,0.0,0,0,0.0
1785431815.824,17:16:55,timeslice,5,0.0,0,0,0.0
1785431815.824,17:16:55,timeslice,6,0.0,0,0,0.0
1785431815.824,17:16:55,timeslice,7,0.0,0,0,0.0
1785431816.824,17:16:56,timeslice,0,0.0,0,0,0.0
1785431816.824,17:16:56,timeslice,1,0.0,0,0,0.0
1785431816.824,17:16:56,timeslice,2,0.0,0,0,0.0
1785431816.824,17:16:56,timeslice,3,0.0,0,0,0.0
1785431816.824,17:16:56,timeslice,4,0.0,0,0,0.0
1785431816.824,17:16:56,timeslice,5,0.0,0,0,0.0
1785431816.824,17:16:56,timeslice,6,0.0,0,0,0.0
1785431816.824,17:16:56,timeslice,7,0.0,0,0,0.0
1785431817.824,17:16:57,timeslice,0,0.0,0,0,0.0
1785431817.824,17:16:57,timeslice,1,0.0,0,0,0.0
1785431817.824,17:16:57,timeslice,2,0.0,0,0,0.0
1785431817.824,17:16:57,timeslice,3,0.0,0,0,0.0
1785431817.824,17:16:57,timeslice,4,0.0,0,0,0.0
1785431817.824,17:16:57,timeslice,5,0.0,0,0,0.0
1785431817.824,17:16:57,timeslice,6,0.0,0,0,0.0
1785431817.824,17:16:57,timeslice,7,0.0,0,0,0.0
1785431818.824,17:16:58,timeslice,0,0.0,7389,16126,45.8
1785431818.824,17:16:58,timeslice,1,0.0,7389,16126,45.8
1785431818.824,17:16:58,timeslice,2,0.0,7389,16126,45.8
1785431818.824,17:16:58,timeslice,3,0.0,7389,16126,45.8
1785431818.824,17:16:58,timeslice,4,0.0,7389,16126,45.8
1785431818.824,17:16:58,timeslice,5,0.0,7389,16126,45.8
1785431818.824,17:16:58,timeslice,6,0.0,7390,16126,45.8
1785431818.824,17:16:58,timeslice,7,0.0,7389,16126,45.8
1785431819.824,17:16:59,timeslice,0,0.0,7389,16126,45.8
1785431819.824,17:16:59,timeslice,1,0.0,7389,16126,45.8
1785431819.824,17:16:59,timeslice,2,0.0,7389,16126,45.8
1785431819.824,17:16:59,timeslice,3,0.0,7389,16126,45.8
1785431819.824,17:16:59,timeslice,4,0.0,7389,16126,45.8
1785431819.824,17:16:59,timeslice,5,0.0,7389,16126,45.8
1785431819.824,17:16:59,timeslice,6,0.0,7390,16126,45.8
1785431819.824,17:16:59,timeslice,7,0.0,7389,16126,45.8
1785431820.824,17:17:00,timeslice,0,0.0,7389,16126,45.8
1785431820.824,17:17:00,timeslice,1,0.0,7389,16126,45.8
1785431820.824,17:17:00,timeslice,2,0.0,7389,16126,45.8
1785431820.824,17:17:00,timeslice,3,0.0,7389,16126,45.8
1785431820.824,17:17:00,timeslice,4,0.0,7389,16126,45.8
1785431820.824,17:17:00,timeslice,5,0.0,7389,16126,45.8
1785431820.824,17:17:00,timeslice,6,0.0,7390,16126,45.8
1785431820.824,17:17:00,timeslice,7,0.0,7389,16126,45.8
1785431821.824,17:17:01,timeslice,0,0.0,7389,16126,45.8
1785431821.824,17:17:01,timeslice,1,0.0,7389,16126,45.8
1785431821.824,17:17:01,timeslice,2,0.0,7389,16126,45.8
1785431821.824,17:17:01,timeslice,3,0.0,7389,16126,45.8
1785431821.824,17:17:01,timeslice,4,0.0,7389,16126,45.8
1785431821.824,17:17:01,timeslice,5,0.0,7389,16126,45.8
1785431821.824,17:17:01,timeslice,6,0.0,7390,16126,45.8
1785431821.824,17:17:01,timeslice,7,0.0,7389,16126,45.8
1785431822.825,17:17:02,timeslice,0,0.0,7389,16126,45.8
1785431822.825,17:17:02,timeslice,1,0.0,7389,16126,45.8
1785431822.825,17:17:02,timeslice,2,0.0,7389,16126,45.8
1785431822.825,17:17:02,timeslice,3,0.0,7389,16126,45.8
1785431822.825,17:17:02,timeslice,4,0.0,7389,16126,45.8
1785431822.825,17:17:02,timeslice,5,0.0,7389,16126,45.8
1785431822.825,17:17:02,timeslice,6,0.0,7390,16126,45.8
1785431822.825,17:17:02,timeslice,7,0.0,7389,16126,45.8
1785431823.825,17:17:03,timeslice,0,0.0,7389,16126,45.8
1785431823.825,17:17:03,timeslice,1,0.0,7389,16126,45.8
1785431823.825,17:17:03,timeslice,2,0.0,7389,16126,45.8
1785431823.825,17:17:03,timeslice,3,0.0,7389,16126,45.8
1785431823.825,17:17:03,timeslice,4,0.0,7389,16126,45.8
1785431823.825,17:17:03,timeslice,5,0.0,7389,16126,45.8
1785431823.825,17:17:03,timeslice,6,0.0,7390,16126,45.8
1785431823.825,17:17:03,timeslice,7,0.0,7389,16126,45.8
1785431824.825,17:17:04,timeslice,0,0.0,7389,16126,45.8
1785431824.825,17:17:04,timeslice,1,0.0,7389,16126,45.8
1785431824.825,17:17:04,timeslice,2,0.0,7389,16126,45.8
1785431824.825,17:17:04,timeslice,3,0.0,7389,16126,45.8
1785431824.825,17:17:04,timeslice,4,0.0,7389,16126,45.8
1785431824.825,17:17:04,timeslice,5,0.0,7389,16126,45.8
1785431824.825,17:17:04,timeslice,6,0.0,7390,16126,45.8
1785431824.825,17:17:04,timeslice,7,0.0,7389,16126,45.8
1785431825.825,17:17:05,timeslice,0,0.0,7389,16126,45.8
1785431825.825,17:17:05,timeslice,1,0.0,7389,16126,45.8
1785431825.825,17:17:05,timeslice,2,0.0,7389,16126,45.8
1785431825.825,17:17:05,timeslice,3,0.0,7389,16126,45.8
1785431825.825,17:17:05,timeslice,4,0.0,7389,16126,45.8
1785431825.825,17:17:05,timeslice,5,0.0,7389,16126,45.8
1785431825.825,17:17:05,timeslice,6,0.0,7390,16126,45.8
1785431825.825,17:17:05,timeslice,7,0.0,7389,16126,45.8
1785431826.825,17:17:06,timeslice,0,0.0,7389,16126,45.8
1785431826.825,17:17:06,timeslice,1,0.0,7389,16126,45.8
1785431826.825,17:17:06,timeslice,2,0.0,7389,16126,45.8
1785431826.825,17:17:06,timeslice,3,0.0,7389,16126,45.8
1785431826.825,17:17:06,timeslice,4,0.0,7389,16126,45.8
1785431826.825,17:17:06,timeslice,5,0.0,7389,16126,45.8
1785431826.825,17:17:06,timeslice,6,0.0,7390,16126,45.8
1785431826.825,17:17:06,timeslice,7,0.0,7389,16126,45.8
1785431827.825,17:17:07,timeslice,0,0.0,7389,16126,45.8
1785431827.825,17:17:07,timeslice,1,0.0,7389,16126,45.8
1785431827.825,17:17:07,timeslice,2,0.0,7389,16126,45.8
1785431827.825,17:17:07,timeslice,3,0.0,7389,16126,45.8
1785431827.825,17:17:07,timeslice,4,0.0,7389,16126,45.8
1785431827.825,17:17:07,timeslice,5,0.0,7389,16126,45.8
1785431827.825,17:17:07,timeslice,6,0.0,7390,16126,45.8
1785431827.825,17:17:07,timeslice,7,0.0,7389,16126,45.8
1785431828.825,17:17:08,timeslice,0,0.0,7389,16126,45.8
1785431828.825,17:17:08,timeslice,1,0.0,7389,16126,45.8
1785431828.825,17:17:08,timeslice,2,0.0,7389,16126,45.8
1785431828.825,17:17:08,timeslice,3,0.0,7389,16126,45.8
1785431828.825,17:17:08,timeslice,4,0.0,7389,16126,45.8
1785431828.825,17:17:08,timeslice,5,0.0,7389,16126,45.8
1785431828.825,17:17:08,timeslice,6,0.0,7390,16126,45.8
1785431828.825,17:17:08,timeslice,7,0.0,7389,16126,45.8
1785431829.825,17:17:09,timeslice,0,0.0,7389,16126,45.8
1785431829.825,17:17:09,timeslice,1,0.0,7389,16126,45.8
1785431829.825,17:17:09,timeslice,2,0.0,7389,16126,45.8
1785431829.825,17:17:09,timeslice,3,0.0,7389,16126,45.8
1785431829.825,17:17:09,timeslice,4,0.0,7389,16126,45.8
1785431829.825,17:17:09,timeslice,5,0.0,7389,16126,45.8
1785431829.825,17:17:09,timeslice,6,0.0,7390,16126,45.8
1785431829.825,17:17:09,timeslice,7,0.0,7389,16126,45.8
1785431830.825,17:17:10,timeslice,0,0.0,7389,16126,45.8
1785431830.825,17:17:10,timeslice,1,0.0,7389,16126,45.8
1785431830.825,17:17:10,timeslice,2,0.0,7389,16126,45.8
1785431830.825,17:17:10,timeslice,3,0.0,7389,16126,45.8
1785431830.825,17:17:10,timeslice,4,0.0,7389,16126,45.8
1785431830.825,17:17:10,timeslice,5,0.0,7389,16126,45.8
1785431830.825,17:17:10,timeslice,6,0.0,7390,16126,45.8
1785431830.825,17:17:10,timeslice,7,0.0,7389,16126,45.8
1785431831.826,17:17:11,timeslice,0,0.0,7389,16126,45.8
1785431831.826,17:17:11,timeslice,1,0.0,7389,16126,45.8
1785431831.826,17:17:11,timeslice,2,0.0,7389,16126,45.8
1785431831.826,17:17:11,timeslice,3,0.0,7389,16126,45.8
1785431831.826,17:17:11,timeslice,4,0.0,7389,16126,45.8
1785431831.826,17:17:11,timeslice,5,0.0,7389,16126,45.8
1785431831.826,17:17:11,timeslice,6,0.0,7390,16126,45.8
1785431831.826,17:17:11,timeslice,7,0.0,7389,16126,45.8
1785431832.826,17:17:12,timeslice,0,0.0,7389,16126,45.8
1785431832.826,17:17:12,timeslice,1,0.0,7389,16126,45.8
1785431832.826,17:17:12,timeslice,2,0.0,7389,16126,45.8
1785431832.826,17:17:12,timeslice,3,0.0,7389,16126,45.8
1785431832.826,17:17:12,timeslice,4,0.0,7389,16126,45.8
1785431832.826,17:17:12,timeslice,5,0.0,7389,16126,45.8
1785431832.826,17:17:12,timeslice,6,0.0,7390,16126,45.8
1785431832.826,17:17:12,timeslice,7,0.0,7389,16126,45.8
1785431833.826,17:17:13,timeslice,0,0.0,7389,16126,45.8
1785431833.826,17:17:13,timeslice,1,0.0,7389,16126,45.8
1785431833.826,17:17:13,timeslice,2,0.0,7389,16126,45.8
1785431833.826,17:17:13,timeslice,3,0.0,7389,16126,45.8
1785431833.826,17:17:13,timeslice,4,0.0,7389,16126,45.8
1785431833.826,17:17:13,timeslice,5,0.0,7389,16126,45.8
1785431833.826,17:17:13,timeslice,6,0.0,7390,16126,45.8
1785431833.826,17:17:13,timeslice,7,0.0,7389,16126,45.8
1785431834.826,17:17:14,timeslice,0,0.0,7389,16126,45.8
1785431834.826,17:17:14,timeslice,1,0.0,7389,16126,45.8
1785431834.826,17:17:14,timeslice,2,0.0,7389,16126,45.8
1785431834.826,17:17:14,timeslice,3,0.0,7389,16126,45.8
1785431834.826,17:17:14,timeslice,4,0.0,7389,16126,45.8
1785431834.826,17:17:14,timeslice,5,0.0,7389,16126,45.8
1785431834.826,17:17:14,timeslice,6,0.0,7390,16126,45.8
1785431834.826,17:17:14,timeslice,7,0.0,7389,16126,45.8
1785431835.826,17:17:15,timeslice,0,0.0,7389,16126,45.8
1785431835.826,17:17:15,timeslice,1,0.0,7389,16126,45.8
1785431835.826,17:17:15,timeslice,2,0.0,7389,16126,45.8
1785431835.826,17:17:15,timeslice,3,0.0,7389,16126,45.8
1785431835.826,17:17:15,timeslice,4,0.0,7389,16126,45.8
1785431835.826,17:17:15,timeslice,5,0.0,7389,16126,45.8
1785431835.826,17:17:15,timeslice,6,0.0,7390,16126,45.8
1785431835.826,17:17:15,timeslice,7,0.0,7389,16126,45.8
1785431836.826,17:17:16,timeslice,0,0.0,7389,16126,45.8
1785431836.826,17:17:16,timeslice,1,0.0,7389,16126,45.8
1785431836.826,17:17:16,timeslice,2,0.0,7389,16126,45.8
1785431836.826,17:17:16,timeslice,3,0.0,7389,16126,45.8
1785431836.826,17:17:16,timeslice,4,0.0,7389,16126,45.8
1785431836.826,17:17:16,timeslice,5,0.0,7389,16126,45.8
1785431836.826,17:17:16,timeslice,6,0.0,7390,16126,45.8
1785431836.826,17:17:16,timeslice,7,0.0,7389,16126,45.8
1785431837.826,17:17:17,timeslice,0,0.0,7389,16126,45.8
1785431837.826,17:17:17,timeslice,1,0.0,7389,16126,45.8
1785431837.826,17:17:17,timeslice,2,0.0,7389,16126,45.8
1785431837.826,17:17:17,timeslice,3,0.0,7389,16126,45.8
1785431837.826,17:17:17,timeslice,4,0.0,7389,16126,45.8
1785431837.826,17:17:17,timeslice,5,0.0,7389,16126,45.8
1785431837.826,17:17:17,timeslice,6,0.0,7390,16126,45.8
1785431837.826,17:17:17,timeslice,7,0.0,7389,16126,45.8
1785431838.826,17:17:18,timeslice,0,0.0,7389,16126,45.8
1785431838.826,17:17:18,timeslice,1,0.0,7389,16126,45.8
1785431838.826,17:17:18,timeslice,2,0.0,7389,16126,45.8
1785431838.826,17:17:18,timeslice,3,0.0,7389,16126,45.8
1785431838.826,17:17:18,timeslice,4,0.0,7389,16126,45.8
1785431838.826,17:17:18,timeslice,5,0.0,7389,16126,45.8
1785431838.826,17:17:18,timeslice,6,0.0,7390,16126,45.8
1785431838.826,17:17:18,timeslice,7,0.0,7389,16126,45.8
1785431839.826,17:17:19,timeslice,0,0.0,7389,16126,45.8
1785431839.826,17:17:19,timeslice,1,0.0,7389,16126,45.8
1785431839.826,17:17:19,timeslice,2,0.0,7389,16126,45.8
1785431839.826,17:17:19,timeslice,3,0.0,7389,16126,45.8
1785431839.826,17:17:19,timeslice,4,0.0,7389,16126,45.8
1785431839.826,17:17:19,timeslice,5,0.0,7389,16126,45.8
1785431839.826,17:17:19,timeslice,6,0.0,7390,16126,45.8
1785431839.826,17:17:19,timeslice,7,0.0,7389,16126,45.8
1785431840.826,17:17:20,timeslice,0,0.0,7389,16126,45.8
1785431840.826,17:17:20,timeslice,1,0.0,7389,16126,45.8
1785431840.826,17:17:20,timeslice,2,0.0,7389,16126,45.8
1785431840.826,17:17:20,timeslice,3,0.0,7389,16126,45.8
1785431840.826,17:17:20,timeslice,4,0.0,7389,16126,45.8
1785431840.826,17:17:20,timeslice,5,0.0,7389,16126,45.8
1785431840.826,17:17:20,timeslice,6,0.0,7390,16126,45.8
1785431840.826,17:17:20,timeslice,7,0.0,7389,16126,45.8
1785431841.827,17:17:21,timeslice,0,0.0,7389,16126,45.8
1785431841.827,17:17:21,timeslice,1,0.0,7389,16126,45.8
1785431841.827,17:17:21,timeslice,2,0.0,7389,16126,45.8
1785431841.827,17:17:21,timeslice,3,0.0,7389,16126,45.8
1785431841.827,17:17:21,timeslice,4,0.0,7389,16126,45.8
1785431841.827,17:17:21,timeslice,5,0.0,7389,16126,45.8
1785431841.827,17:17:21,timeslice,6,0.0,7390,16126,45.8
1785431841.827,17:17:21,timeslice,7,0.0,7389,16126,45.8
1785431842.827,17:17:22,timeslice,0,0.0,7389,16126,45.8
1785431842.827,17:17:22,timeslice,1,0.0,7389,16126,45.8
1785431842.827,17:17:22,timeslice,2,0.0,7389,16126,45.8
1785431842.827,17:17:22,timeslice,3,0.0,7389,16126,45.8
1785431842.827,17:17:22,timeslice,4,0.0,7389,16126,45.8
1785431842.827,17:17:22,timeslice,5,0.0,7389,16126,45.8
1785431842.827,17:17:22,timeslice,6,0.0,7390,16126,45.8
1785431842.827,17:17:22,timeslice,7,0.0,7389,16126,45.8
1785431843.827,17:17:23,timeslice,0,0.0,7389,16126,45.8
1785431843.827,17:17:23,timeslice,1,0.0,7389,16126,45.8
1785431843.827,17:17:23,timeslice,2,0.0,7389,16126,45.8
1785431843.827,17:17:23,timeslice,3,0.0,7389,16126,45.8
1785431843.827,17:17:23,timeslice,4,0.0,7389,16126,45.8
1785431843.827,17:17:23,timeslice,5,0.0,7389,16126,45.8
1785431843.827,17:17:23,timeslice,6,0.0,7390,16126,45.8
1785431843.827,17:17:23,timeslice,7,0.0,7389,16126,45.8
1785431844.827,17:17:24,timeslice,0,0.0,7389,16126,45.8
1785431844.827,17:17:24,timeslice,1,0.0,7389,16126,45.8
1785431844.827,17:17:24,timeslice,2,0.0,7389,16126,45.8
1785431844.827,17:17:24,timeslice,3,0.0,7389,16126,45.8
1785431844.827,17:17:24,timeslice,4,0.0,7389,16126,45.8
1785431844.827,17:17:24,timeslice,5,0.0,7389,16126,45.8
1785431844.827,17:17:24,timeslice,6,0.0,7390,16126,45.8
1785431844.827,17:17:24,timeslice,7,0.0,7389,16126,45.8
1785431845.827,17:17:25,timeslice,0,0.0,7389,16126,45.8
1785431845.827,17:17:25,timeslice,1,0.0,7389,16126,45.8
1785431845.827,17:17:25,timeslice,2,0.0,7389,16126,45.8
1785431845.827,17:17:25,timeslice,3,0.0,7389,16126,45.8
1785431845.827,17:17:25,timeslice,4,0.0,7389,16126,45.8
1785431845.827,17:17:25,timeslice,5,0.0,7389,16126,45.8
1785431845.827,17:17:25,timeslice,6,0.0,7390,16126,45.8
1785431845.827,17:17:25,timeslice,7,0.0,7389,16126,45.8
1785431846.827,17:17:26,timeslice,0,0.0,7389,16126,45.8
1785431846.827,17:17:26,timeslice,1,0.0,7389,16126,45.8
1785431846.827,17:17:26,timeslice,2,0.0,7389,16126,45.8
1785431846.827,17:17:26,timeslice,3,0.0,7389,16126,45.8
1785431846.827,17:17:26,timeslice,4,0.0,7389,16126,45.8
1785431846.827,17:17:26,timeslice,5,0.0,7389,16126,45.8
1785431846.827,17:17:26,timeslice,6,0.0,7390,16126,45.8
1785431846.827,17:17:26,timeslice,7,0.0,7389,16126,45.8
1785431847.827,17:17:27,timeslice,0,0.0,7389,16126,45.8
1785431847.827,17:17:27,timeslice,1,0.0,7389,16126,45.8
1785431847.827,17:17:27,timeslice,2,0.0,7389,16126,45.8
1785431847.827,17:17:27,timeslice,3,0.0,7389,16126,45.8
1785431847.827,17:17:27,timeslice,4,0.0,7389,16126,45.8
1785431847.827,17:17:27,timeslice,5,0.0,7389,16126,45.8
1785431847.827,17:17:27,timeslice,6,0.0,7390,16126,45.8
1785431847.827,17:17:27,timeslice,7,0.0,7389,16126,45.8
1785431848.827,17:17:28,timeslice,0,37.8,6282,16126,39.0
1785431848.827,17:17:28,timeslice,1,50.1,6274,16126,38.9
1785431848.827,17:17:28,timeslice,2,48.0,6274,16126,38.9
1785431848.827,17:17:28,timeslice,3,15.2,6504,16126,40.3
1785431848.827,17:17:28,timeslice,4,49.7,6274,16126,38.9
1785431848.827,17:17:28,timeslice,5,44.2,6274,16126,38.9
1785431848.827,17:17:28,timeslice,6,39.9,6464,16126,40.1
1785431848.827,17:17:28,timeslice,7,47.7,6274,16126,38.9
1785431849.827,17:17:29,timeslice,0,37.8,6282,16126,39.0
1785431849.827,17:17:29,timeslice,1,50.1,6274,16126,38.9
1785431849.827,17:17:29,timeslice,2,48.0,6274,16126,38.9
1785431849.827,17:17:29,timeslice,3,15.2,6504,16126,40.3
1785431849.827,17:17:29,timeslice,4,49.7,6274,16126,38.9
1785431849.827,17:17:29,timeslice,5,44.2,6274,16126,38.9
1785431849.827,17:17:29,timeslice,6,39.9,6464,16126,40.1
1785431849.827,17:17:29,timeslice,7,47.7,6274,16126,38.9
1785431850.828,17:17:30,timeslice,0,37.8,6282,16126,39.0
1785431850.828,17:17:30,timeslice,1,50.1,6274,16126,38.9
1785431850.828,17:17:30,timeslice,2,48.0,6274,16126,38.9
1785431850.828,17:17:30,timeslice,3,15.2,6504,16126,40.3
1785431850.828,17:17:30,timeslice,4,49.7,6274,16126,38.9
1785431850.828,17:17:30,timeslice,5,44.2,6274,16126,38.9
1785431850.828,17:17:30,timeslice,6,39.9,6464,16126,40.1
1785431850.828,17:17:30,timeslice,7,47.7,6274,16126,38.9
1785431851.828,17:17:31,timeslice,0,37.8,6282,16126,39.0
1785431851.828,17:17:31,timeslice,1,50.1,6274,16126,38.9
1785431851.828,17:17:31,timeslice,2,48.0,6274,16126,38.9
1785431851.828,17:17:31,timeslice,3,15.2,6504,16126,40.3
1785431851.828,17:17:31,timeslice,4,49.7,6274,16126,38.9
1785431851.828,17:17:31,timeslice,5,44.2,6274,16126,38.9
1785431851.828,17:17:31,timeslice,6,39.9,6464,16126,40.1
1785431851.828,17:17:31,timeslice,7,47.7,6274,16126,38.9
1785431852.828,17:17:32,timeslice,0,37.8,6282,16126,39.0
1785431852.828,17:17:32,timeslice,1,50.1,6274,16126,38.9
1785431852.828,17:17:32,timeslice,2,48.0,6274,16126,38.9
1785431852.828,17:17:32,timeslice,3,15.2,6504,16126,40.3
1785431852.828,17:17:32,timeslice,4,49.7,6274,16126,38.9
1785431852.828,17:17:32,timeslice,5,44.2,6274,16126,38.9
1785431852.828,17:17:32,timeslice,6,39.9,6464,16126,40.1
1785431852.828,17:17:32,timeslice,7,47.7,6274,16126,38.9
1785431853.828,17:17:33,timeslice,0,96.6,10603,16126,65.8
1785431853.828,17:17:33,timeslice,1,96.6,10603,16126,65.8
1785431853.828,17:17:33,timeslice,2,96.4,10603,16126,65.8
1785431853.828,17:17:33,timeslice,3,93.7,10603,16126,65.8
1785431853.828,17:17:33,timeslice,4,96.3,10603,16126,65.8
1785431853.828,17:17:33,timeslice,5,96.6,10603,16126,65.8
1785431853.828,17:17:33,timeslice,6,90.4,10605,16126,65.8
1785431853.828,17:17:33,timeslice,7,96.5,10603,16126,65.8
1785431854.828,17:17:34,timeslice,0,96.6,10603,16126,65.8
1785431854.828,17:17:34,timeslice,1,96.6,10603,16126,65.8
1785431854.828,17:17:34,timeslice,2,96.4,10603,16126,65.8
1785431854.828,17:17:34,timeslice,3,93.7,10603,16126,65.8
1785431854.828,17:17:34,timeslice,4,96.3,10603,16126,65.8
1785431854.828,17:17:34,timeslice,5,96.6,10603,16126,65.8
1785431854.828,17:17:34,timeslice,6,90.4,10605,16126,65.8
1785431854.828,17:17:34,timeslice,7,96.5,10603,16126,65.8
1785431855.828,17:17:35,timeslice,0,96.6,10603,16126,65.8
1785431855.828,17:17:35,timeslice,1,96.6,10603,16126,65.8
1785431855.828,17:17:35,timeslice,2,96.4,10603,16126,65.8
1785431855.828,17:17:35,timeslice,3,93.7,10603,16126,65.8
1785431855.828,17:17:35,timeslice,4,96.3,10603,16126,65.8
1785431855.828,17:17:35,timeslice,5,96.6,10603,16126,65.8
1785431855.828,17:17:35,timeslice,6,90.4,10605,16126,65.8
1785431855.828,17:17:35,timeslice,7,96.5,10603,16126,65.8
1785431856.828,17:17:36,timeslice,0,96.6,10603,16126,65.8
1785431856.828,17:17:36,timeslice,1,96.6,10603,16126,65.8
1785431856.828,17:17:36,timeslice,2,96.4,10603,16126,65.8
1785431856.828,17:17:36,timeslice,3,93.7,10603,16126,65.8
1785431856.828,17:17:36,timeslice,4,96.3,10603,16126,65.8
1785431856.828,17:17:36,timeslice,5,96.6,10603,16126,65.8
1785431856.828,17:17:36,timeslice,6,90.4,10605,16126,65.8
1785431856.828,17:17:36,timeslice,7,96.5,10603,16126,65.8
1785431857.828,17:17:37,timeslice,0,96.6,10603,16126,65.8
1785431857.828,17:17:37,timeslice,1,96.6,10603,16126,65.8
1785431857.828,17:17:37,timeslice,2,96.4,10603,16126,65.8
1785431857.828,17:17:37,timeslice,3,93.7,10603,16126,65.8
1785431857.828,17:17:37,timeslice,4,96.3,10603,16126,65.8
1785431857.828,17:17:37,timeslice,5,96.6,10603,16126,65.8
1785431857.828,17:17:37,timeslice,6,90.4,10605,16126,65.8
1785431857.828,17:17:37,timeslice,7,96.5,10603,16126,65.8
1785431858.828,17:17:38,timeslice,0,100.0,8638,16126,53.6
1785431858.828,17:17:38,timeslice,1,100.0,8638,16126,53.6
1785431858.828,17:17:38,timeslice,2,100.0,8606,16126,53.4
1785431858.828,17:17:38,timeslice,3,100.0,8686,16126,53.9
1785431858.828,17:17:38,timeslice,4,100.0,8718,16126,54.1
1785431858.828,17:17:38,timeslice,5,100.0,8718,16126,54.1
1785431858.828,17:17:38,timeslice,6,100.0,8544,16126,53.0
1785431858.828,17:17:38,timeslice,7,100.0,8782,16126,54.5
1785431859.828,17:17:39,timeslice,0,100.0,8638,16126,53.6
1785431859.828,17:17:39,timeslice,1,100.0,8638,16126,53.6
1785431859.828,17:17:39,timeslice,2,100.0,8606,16126,53.4
1785431859.828,17:17:39,timeslice,3,100.0,8686,16126,53.9
1785431859.828,17:17:39,timeslice,4,100.0,8718,16126,54.1
1785431859.828,17:17:39,timeslice,5,100.0,8718,16126,54.1
1785431859.828,17:17:39,timeslice,6,100.0,8544,16126,53.0
1785431859.828,17:17:39,timeslice,7,100.0,8782,16126,54.5
1785431860.829,17:17:40,timeslice,0,100.0,8638,16126,53.6
1785431860.829,17:17:40,timeslice,1,100.0,8638,16126,53.6
1785431860.829,17:17:40,timeslice,2,100.0,8606,16126,53.4
1785431860.829,17:17:40,timeslice,3,100.0,8686,16126,53.9
1785431860.829,17:17:40,timeslice,4,100.0,8718,16126,54.1
1785431860.829,17:17:40,timeslice,5,100.0,8718,16126,54.1
1785431860.829,17:17:40,timeslice,6,100.0,8544,16126,53.0
1785431860.829,17:17:40,timeslice,7,100.0,8782,16126,54.5
1785431861.829,17:17:41,timeslice,0,100.0,8638,16126,53.6
1785431861.829,17:17:41,timeslice,1,100.0,8638,16126,53.6
1785431861.829,17:17:41,timeslice,2,100.0,8606,16126,53.4
1785431861.829,17:17:41,timeslice,3,100.0,8686,16126,53.9
1785431861.829,17:17:41,timeslice,4,100.0,8718,16126,54.1
1785431861.829,17:17:41,timeslice,5,100.0,8718,16126,54.1
1785431861.829,17:17:41,timeslice,6,100.0,8544,16126,53.0
1785431861.829,17:17:41,timeslice,7,100.0,8782,16126,54.5
1785431862.829,17:17:42,timeslice,0,100.0,8638,16126,53.6
1785431862.829,17:17:42,timeslice,1,100.0,8638,16126,53.6
1785431862.829,17:17:42,timeslice,2,100.0,8606,16126,53.4
1785431862.829,17:17:42,timeslice,3,100.0,8686,16126,53.9
1785431862.829,17:17:42,timeslice,4,100.0,8718,16126,54.1
1785431862.829,17:17:42,timeslice,5,100.0,8718,16126,54.1
1785431862.829,17:17:42,timeslice,6,100.0,8544,16126,53.0
1785431862.829,17:17:42,timeslice,7,100.0,8782,16126,54.5
1785431863.829,17:17:43,timeslice,0,98.3,10603,16126,65.8
1785431863.829,17:17:43,timeslice,1,98.3,10603,16126,65.8
1785431863.829,17:17:43,timeslice,2,98.5,10603,16126,65.8
1785431863.829,17:17:43,timeslice,3,98.0,10603,16126,65.8
1785431863.829,17:17:43,timeslice,4,98.1,10603,16126,65.8
1785431863.829,17:17:43,timeslice,5,98.4,10603,16126,65.8
1785431863.829,17:17:43,timeslice,6,98.4,10605,16126,65.8
1785431863.829,17:17:43,timeslice,7,98.2,10603,16126,65.8
1785431864.829,17:17:44,timeslice,0,98.3,10603,16126,65.8
1785431864.829,17:17:44,timeslice,1,98.3,10603,16126,65.8
1785431864.829,17:17:44,timeslice,2,98.5,10603,16126,65.8
1785431864.829,17:17:44,timeslice,3,98.0,10603,16126,65.8
1785431864.829,17:17:44,timeslice,4,98.1,10603,16126,65.8
1785431864.829,17:17:44,timeslice,5,98.4,10603,16126,65.8
1785431864.829,17:17:44,timeslice,6,98.4,10605,16126,65.8
1785431864.829,17:17:44,timeslice,7,98.2,10603,16126,65.8
1785431865.829,17:17:45,timeslice,0,98.3,10603,16126,65.8
1785431865.829,17:17:45,timeslice,1,98.3,10603,16126,65.8
1785431865.829,17:17:45,timeslice,2,98.5,10603,16126,65.8
1785431865.829,17:17:45,timeslice,3,98.0,10603,16126,65.8
1785431865.829,17:17:45,timeslice,4,98.1,10603,16126,65.8
1785431865.829,17:17:45,timeslice,5,98.4,10603,16126,65.8
1785431865.829,17:17:45,timeslice,6,98.4,10605,16126,65.8
1785431865.829,17:17:45,timeslice,7,98.2,10603,16126,65.8
1785431866.829,17:17:46,timeslice,0,98.3,10603,16126,65.8
1785431866.829,17:17:46,timeslice,1,98.3,10603,16126,65.8
1785431866.829,17:17:46,timeslice,2,98.5,10603,16126,65.8
1785431866.829,17:17:46,timeslice,3,98.0,10603,16126,65.8
1785431866.829,17:17:46,timeslice,4,98.1,10603,16126,65.8
1785431866.829,17:17:46,timeslice,5,98.4,10603,16126,65.8
1785431866.829,17:17:46,timeslice,6,98.4,10605,16126,65.8
1785431866.829,17:17:46,timeslice,7,98.2,10603,16126,65.8
1785431867.829,17:17:47,timeslice,0,98.3,10603,16126,65.8
1785431867.829,17:17:47,timeslice,1,98.3,10603,16126,65.8
1785431867.829,17:17:47,timeslice,2,98.5,10603,16126,65.8
1785431867.829,17:17:47,timeslice,3,98.0,10603,16126,65.8
1785431867.829,17:17:47,timeslice,4,98.1,10603,16126,65.8
1785431867.829,17:17:47,timeslice,5,98.4,10603,16126,65.8
1785431867.829,17:17:47,timeslice,6,98.4,10605,16126,65.8
1785431867.829,17:17:47,timeslice,7,98.2,10603,16126,65.8
1785431868.829,17:17:48,timeslice,0,96.4,10743,16126,66.6
1785431868.829,17:17:48,timeslice,1,96.5,8575,16126,53.2
1785431868.829,17:17:48,timeslice,2,99.3,8575,16126,53.2
1785431868.829,17:17:48,timeslice,3,99.3,8559,16126,53.1
1785431868.829,17:17:48,timeslice,4,99.3,8462,16126,52.5
1785431868.829,17:17:48,timeslice,5,99.3,8510,16126,52.8
1785431868.829,17:17:48,timeslice,6,99.5,8560,16126,53.1
1785431868.829,17:17:48,timeslice,7,99.4,8510,16126,52.8
1785431869.829,17:17:49,timeslice,0,96.4,10743,16126,66.6
1785431869.829,17:17:49,timeslice,1,96.5,8575,16126,53.2
1785431869.829,17:17:49,timeslice,2,99.3,8575,16126,53.2
1785431869.829,17:17:49,timeslice,3,99.3,8559,16126,53.1
1785431869.829,17:17:49,timeslice,4,99.3,8462,16126,52.5
1785431869.829,17:17:49,timeslice,5,99.3,8510,16126,52.8
1785431869.829,17:17:49,timeslice,6,99.5,8560,16126,53.1
1785431869.829,17:17:49,timeslice,7,99.4,8510,16126,52.8
1785431870.83,17:17:50,timeslice,0,96.4,10743,16126,66.6
1785431870.83,17:17:50,timeslice,1,96.5,8575,16126,53.2
1785431870.83,17:17:50,timeslice,2,99.3,8575,16126,53.2
1785431870.83,17:17:50,timeslice,3,99.3,8559,16126,53.1
1785431870.83,17:17:50,timeslice,4,99.3,8462,16126,52.5
1785431870.83,17:17:50,timeslice,5,99.3,8510,16126,52.8
1785431870.83,17:17:50,timeslice,6,99.5,8560,16126,53.1
1785431870.83,17:17:50,timeslice,7,99.4,8510,16126,52.8
1785431871.83,17:17:51,timeslice,0,96.4,10743,16126,66.6
1785431871.83,17:17:51,timeslice,1,96.5,8575,16126,53.2
1785431871.83,17:17:51,timeslice,2,99.3,8575,16126,53.2
1785431871.83,17:17:51,timeslice,3,99.3,8559,16126,53.1
1785431871.83,17:17:51,timeslice,4,99.3,8462,16126,52.5
1785431871.83,17:17:51,timeslice,5,99.3,8510,16126,52.8
1785431871.83,17:17:51,timeslice,6,99.5,8560,16126,53.1
1785431871.83,17:17:51,timeslice,7,99.4,8510,16126,52.8
1785431872.83,17:17:52,timeslice,0,96.4,10743,16126,66.6
1785431872.83,17:17:52,timeslice,1,96.5,8575,16126,53.2
1785431872.83,17:17:52,timeslice,2,99.3,8575,16126,53.2
1785431872.83,17:17:52,timeslice,3,99.3,8559,16126,53.1
1785431872.83,17:17:52,timeslice,4,99.3,8462,16126,52.5
1785431872.83,17:17:52,timeslice,5,99.3,8510,16126,52.8
1785431872.83,17:17:52,timeslice,6,99.5,8560,16126,53.1
1785431872.83,17:17:52,timeslice,7,99.4,8510,16126,52.8
1785431873.83,17:17:53,timeslice,0,100.0,10667,16126,66.1
1785431873.83,17:17:53,timeslice,1,100.0,10603,16126,65.8
1785431873.83,17:17:53,timeslice,2,98.4,10603,16126,65.8
1785431873.83,17:17:53,timeslice,3,98.0,10603,16126,65.8
1785431873.83,17:17:53,timeslice,4,98.4,10603,16126,65.8
1785431873.83,17:17:53,timeslice,5,97.8,10603,16126,65.8
1785431873.83,17:17:53,timeslice,6,98.3,10605,16126,65.8
1785431873.83,17:17:53,timeslice,7,98.0,10603,16126,65.8
1785431874.83,17:17:54,timeslice,0,100.0,10667,16126,66.1
1785431874.83,17:17:54,timeslice,1,100.0,10603,16126,65.8
1785431874.83,17:17:54,timeslice,2,98.4,10603,16126,65.8
1785431874.83,17:17:54,timeslice,3,98.0,10603,16126,65.8
1785431874.83,17:17:54,timeslice,4,98.4,10603,16126,65.8
1785431874.83,17:17:54,timeslice,5,97.8,10603,16126,65.8
1785431874.83,17:17:54,timeslice,6,98.3,10605,16126,65.8
1785431874.83,17:17:54,timeslice,7,98.0,10603,16126,65.8
1785431875.83,17:17:55,timeslice,0,100.0,10667,16126,66.1
1785431875.83,17:17:55,timeslice,1,100.0,10603,16126,65.8
1785431875.83,17:17:55,timeslice,2,98.4,10603,16126,65.8
1785431875.83,17:17:55,timeslice,3,98.0,10603,16126,65.8
1785431875.83,17:17:55,timeslice,4,98.4,10603,16126,65.8
1785431875.83,17:17:55,timeslice,5,97.8,10603,16126,65.8
1785431875.83,17:17:55,timeslice,6,98.3,10605,16126,65.8
1785431875.83,17:17:55,timeslice,7,98.0,10603,16126,65.8
1785431876.83,17:17:56,timeslice,0,100.0,10667,16126,66.1
1785431876.83,17:17:56,timeslice,1,100.0,10603,16126,65.8
1785431876.83,17:17:56,timeslice,2,98.4,10603,16126,65.8
1785431876.83,17:17:56,timeslice,3,98.0,10603,16126,65.8
1785431876.83,17:17:56,timeslice,4,98.4,10603,16126,65.8
1785431876.83,17:17:56,timeslice,5,97.8,10603,16126,65.8
1785431876.83,17:17:56,timeslice,6,98.3,10605,16126,65.8
1785431876.83,17:17:56,timeslice,7,98.0,10603,16126,65.8
1785431877.83,17:17:57,timeslice,0,100.0,10667,16126,66.1
1785431877.83,17:17:57,timeslice,1,100.0,10603,16126,65.8
1785431877.83,17:17:57,timeslice,2,98.4,10603,16126,65.8
1785431877.83,17:17:57,timeslice,3,98.0,10603,16126,65.8
1785431877.83,17:17:57,timeslice,4,98.4,10603,16126,65.8
1785431877.83,17:17:57,timeslice,5,97.8,10603,16126,65.8
1785431877.83,17:17:57,timeslice,6,98.3,10605,16126,65.8
1785431877.83,17:17:57,timeslice,7,98.0,10603,16126,65.8
1785431878.83,17:17:58,timeslice,0,97.4,10743,16126,66.6
1785431878.83,17:17:58,timeslice,1,98.3,10743,16126,66.6
1785431878.83,17:17:58,timeslice,2,96.9,10743,16126,66.6
1785431878.83,17:17:58,timeslice,3,97.2,10743,16126,66.6
1785431878.83,17:17:58,timeslice,4,97.4,10743,16126,66.6
1785431878.83,17:17:58,timeslice,5,97.4,10743,16126,66.6
1785431878.83,17:17:58,timeslice,6,97.1,10744,16126,66.6
1785431878.83,17:17:58,timeslice,7,96.9,10743,16126,66.6
1785431879.831,17:17:59,timeslice,0,97.4,10743,16126,66.6
1785431879.831,17:17:59,timeslice,1,98.3,10743,16126,66.6
1785431879.831,17:17:59,timeslice,2,96.9,10743,16126,66.6
1785431879.831,17:17:59,timeslice,3,97.2,10743,16126,66.6
1785431879.831,17:17:59,timeslice,4,97.4,10743,16126,66.6
1785431879.831,17:17:59,timeslice,5,97.4,10743,16126,66.6
1785431879.831,17:17:59,timeslice,6,97.1,10744,16126,66.6
1785431879.831,17:17:59,timeslice,7,96.9,10743,16126,66.6
1785431880.831,17:18:00,timeslice,0,97.4,10743,16126,66.6
1785431880.831,17:18:00,timeslice,1,98.3,10743,16126,66.6
1785431880.831,17:18:00,timeslice,2,96.9,10743,16126,66.6
1785431880.831,17:18:00,timeslice,3,97.2,10743,16126,66.6
1785431880.831,17:18:00,timeslice,4,97.4,10743,16126,66.6
1785431880.831,17:18:00,timeslice,5,97.4,10743,16126,66.6
1785431880.831,17:18:00,timeslice,6,97.1,10744,16126,66.6
1785431880.831,17:18:00,timeslice,7,96.9,10743,16126,66.6
1785431881.831,17:18:01,timeslice,0,97.4,10743,16126,66.6
1785431881.831,17:18:01,timeslice,1,98.3,10743,16126,66.6
1785431881.831,17:18:01,timeslice,2,96.9,10743,16126,66.6
1785431881.831,17:18:01,timeslice,3,97.2,10743,16126,66.6
1785431881.831,17:18:01,timeslice,4,97.4,10743,16126,66.6
1785431881.831,17:18:01,timeslice,5,97.4,10743,16126,66.6
1785431881.831,17:18:01,timeslice,6,97.1,10744,16126,66.6
1785431881.831,17:18:01,timeslice,7,96.9,10743,16126,66.6
1785431882.831,17:18:02,timeslice,0,97.4,10743,16126,66.6
1785431882.831,17:18:02,timeslice,1,98.3,10743,16126,66.6
1785431882.831,17:18:02,timeslice,2,96.9,10743,16126,66.6
1785431882.831,17:18:02,timeslice,3,97.2,10743,16126,66.6
1785431882.831,17:18:02,timeslice,4,97.4,10743,16126,66.6
1785431882.831,17:18:02,timeslice,5,97.4,10743,16126,66.6
1785431882.831,17:18:02,timeslice,6,97.1,10744,16126,66.6
1785431882.831,17:18:02,timeslice,7,96.9,10743,16126,66.6
1785431883.831,17:18:03,timeslice,0,100.0,8591,16126,53.3
1785431883.831,17:18:03,timeslice,1,100.0,8591,16126,53.3
1785431883.831,17:18:03,timeslice,2,100.0,8575,16126,53.2
1785431883.831,17:18:03,timeslice,3,100.0,8543,16126,53.0
1785431883.831,17:18:03,timeslice,4,100.0,8526,16126,52.9
1785431883.831,17:18:03,timeslice,5,100.0,8462,16126,52.5
1785431883.831,17:18:03,timeslice,6,100.0,8560,16126,53.1
1785431883.831,17:18:03,timeslice,7,100.0,8510,16126,52.8
1785431884.831,17:18:04,timeslice,0,100.0,8591,16126,53.3
1785431884.831,17:18:04,timeslice,1,100.0,8591,16126,53.3
1785431884.831,17:18:04,timeslice,2,100.0,8575,16126,53.2
1785431884.831,17:18:04,timeslice,3,100.0,8543,16126,53.0
1785431884.831,17:18:04,timeslice,4,100.0,8526,16126,52.9
1785431884.831,17:18:04,timeslice,5,100.0,8462,16126,52.5
1785431884.831,17:18:04,timeslice,6,100.0,8560,16126,53.1
1785431884.831,17:18:04,timeslice,7,100.0,8510,16126,52.8
1785431885.831,17:18:05,timeslice,0,100.0,8591,16126,53.3
1785431885.831,17:18:05,timeslice,1,100.0,8591,16126,53.3
1785431885.831,17:18:05,timeslice,2,100.0,8575,16126,53.2
1785431885.831,17:18:05,timeslice,3,100.0,8543,16126,53.0
1785431885.831,17:18:05,timeslice,4,100.0,8526,16126,52.9
1785431885.831,17:18:05,timeslice,5,100.0,8462,16126,52.5
1785431885.831,17:18:05,timeslice,6,100.0,8560,16126,53.1
1785431885.831,17:18:05,timeslice,7,100.0,8510,16126,52.8
1785431886.831,17:18:06,timeslice,0,100.0,8591,16126,53.3
1785431886.831,17:18:06,timeslice,1,100.0,8591,16126,53.3
1785431886.831,17:18:06,timeslice,2,100.0,8575,16126,53.2
1785431886.831,17:18:06,timeslice,3,100.0,8543,16126,53.0
1785431886.831,17:18:06,timeslice,4,100.0,8526,16126,52.9
1785431886.831,17:18:06,timeslice,5,100.0,8462,16126,52.5
1785431886.831,17:18:06,timeslice,6,100.0,8560,16126,53.1
1785431886.831,17:18:06,timeslice,7,100.0,8510,16126,52.8
1785431887.831,17:18:07,timeslice,0,100.0,8591,16126,53.3
1785431887.831,17:18:07,timeslice,1,100.0,8591,16126,53.3
1785431887.831,17:18:07,timeslice,2,100.0,8575,16126,53.2
1785431887.831,17:18:07,timeslice,3,100.0,8543,16126,53.0
1785431887.831,17:18:07,timeslice,4,100.0,8526,16126,52.9
1785431887.831,17:18:07,timeslice,5,100.0,8462,16126,52.5
1785431887.831,17:18:07,timeslice,6,100.0,8560,16126,53.1
1785431887.831,17:18:07,timeslice,7,100.0,8510,16126,52.8
1785431888.832,17:18:08,timeslice,0,98.4,10743,16126,66.6
1785431888.832,17:18:08,timeslice,1,98.0,10743,16126,66.6
1785431888.832,17:18:08,timeslice,2,98.2,10743,16126,66.6
1785431888.832,17:18:08,timeslice,3,98.0,10743,16126,66.6
1785431888.832,17:18:08,timeslice,4,98.6,10743,16126,66.6
1785431888.832,17:18:08,timeslice,5,98.2,10743,16126,66.6
1785431888.832,17:18:08,timeslice,6,98.1,10744,16126,66.6
1785431888.832,17:18:08,timeslice,7,98.4,10743,16126,66.6
1785431889.832,17:18:09,timeslice,0,98.4,10743,16126,66.6
1785431889.832,17:18:09,timeslice,1,98.0,10743,16126,66.6
1785431889.832,17:18:09,timeslice,2,98.2,10743,16126,66.6
1785431889.832,17:18:09,timeslice,3,98.0,10743,16126,66.6
1785431889.832,17:18:09,timeslice,4,98.6,10743,16126,66.6
1785431889.832,17:18:09,timeslice,5,98.2,10743,16126,66.6
1785431889.832,17:18:09,timeslice,6,98.1,10744,16126,66.6
1785431889.832,17:18:09,timeslice,7,98.4,10743,16126,66.6
1785431890.832,17:18:10,timeslice,0,98.4,10743,16126,66.6
1785431890.832,17:18:10,timeslice,1,98.0,10743,16126,66.6
1785431890.832,17:18:10,timeslice,2,98.2,10743,16126,66.6
1785431890.832,17:18:10,timeslice,3,98.0,10743,16126,66.6
1785431890.832,17:18:10,timeslice,4,98.6,10743,16126,66.6
1785431890.832,17:18:10,timeslice,5,98.2,10743,16126,66.6
1785431890.832,17:18:10,timeslice,6,98.1,10744,16126,66.6
1785431890.832,17:18:10,timeslice,7,98.4,10743,16126,66.6
1785431891.832,17:18:11,timeslice,0,98.4,10743,16126,66.6
1785431891.832,17:18:11,timeslice,1,98.0,10743,16126,66.6
1785431891.832,17:18:11,timeslice,2,98.2,10743,16126,66.6
1785431891.832,17:18:11,timeslice,3,98.0,10743,16126,66.6
1785431891.832,17:18:11,timeslice,4,98.6,10743,16126,66.6
1785431891.832,17:18:11,timeslice,5,98.2,10743,16126,66.6
1785431891.832,17:18:11,timeslice,6,98.1,10744,16126,66.6
1785431891.832,17:18:11,timeslice,7,98.4,10743,16126,66.6
1785431892.832,17:18:12,timeslice,0,98.4,10743,16126,66.6
1785431892.832,17:18:12,timeslice,1,98.0,10743,16126,66.6
1785431892.832,17:18:12,timeslice,2,98.2,10743,16126,66.6
1785431892.832,17:18:12,timeslice,3,98.0,10743,16126,66.6
1785431892.832,17:18:12,timeslice,4,98.6,10743,16126,66.6
1785431892.832,17:18:12,timeslice,5,98.2,10743,16126,66.6
1785431892.832,17:18:12,timeslice,6,98.1,10744,16126,66.6
1785431892.832,17:18:12,timeslice,7,98.4,10743,16126,66.6
1785431893.832,17:18:13,timeslice,0,99.1,8606,16126,53.4
1785431893.832,17:18:13,timeslice,1,98.7,8590,16126,53.3
1785431893.832,17:18:13,timeslice,2,99.1,8782,16126,54.5
1785431893.832,17:18:13,timeslice,3,99.1,8558,16126,53.1
1785431893.832,17:18:13,timeslice,4,99.1,8494,16126,52.7
1785431893.832,17:18:13,timeslice,5,99.1,8510,16126,52.8
1785431893.832,17:18:13,timeslice,6,99.2,8512,16126,52.8
1785431893.832,17:18:13,timeslice,7,99.0,8558,16126,53.1
1785431894.832,17:18:14,timeslice,0,99.1,8606,16126,53.4
1785431894.832,17:18:14,timeslice,1,98.7,8590,16126,53.3
1785431894.832,17:18:14,timeslice,2,99.1,8782,16126,54.5
1785431894.832,17:18:14,timeslice,3,99.1,8558,16126,53.1
1785431894.832,17:18:14,timeslice,4,99.1,8494,16126,52.7
1785431894.832,17:18:14,timeslice,5,99.1,8510,16126,52.8
1785431894.832,17:18:14,timeslice,6,99.2,8512,16126,52.8
1785431894.832,17:18:14,timeslice,7,99.0,8558,16126,53.1
1785431895.832,17:18:15,timeslice,0,99.1,8606,16126,53.4
1785431895.832,17:18:15,timeslice,1,98.7,8590,16126,53.3
1785431895.832,17:18:15,timeslice,2,99.1,8782,16126,54.5
1785431895.832,17:18:15,timeslice,3,99.1,8558,16126,53.1
1785431895.832,17:18:15,timeslice,4,99.1,8494,16126,52.7
1785431895.832,17:18:15,timeslice,5,99.1,8510,16126,52.8
1785431895.832,17:18:15,timeslice,6,99.2,8512,16126,52.8
1785431895.832,17:18:15,timeslice,7,99.0,8558,16126,53.1
1785431896.832,17:18:16,timeslice,0,99.1,8606,16126,53.4
1785431896.832,17:18:16,timeslice,1,98.7,8590,16126,53.3
1785431896.832,17:18:16,timeslice,2,99.1,8782,16126,54.5
1785431896.832,17:18:16,timeslice,3,99.1,8558,16126,53.1
1785431896.832,17:18:16,timeslice,4,99.1,8494,16126,52.7
1785431896.832,17:18:16,timeslice,5,99.1,8510,16126,52.8
1785431896.832,17:18:16,timeslice,6,99.2,8512,16126,52.8
1785431896.832,17:18:16,timeslice,7,99.0,8558,16126,53.1
1785431897.832,17:18:17,timeslice,0,99.1,8606,16126,53.4
1785431897.832,17:18:17,timeslice,1,98.7,8590,16126,53.3
1785431897.832,17:18:17,timeslice,2,99.1,8782,16126,54.5
1785431897.832,17:18:17,timeslice,3,99.1,8558,16126,53.1
1785431897.832,17:18:17,timeslice,4,99.1,8494,16126,52.7
1785431897.832,17:18:17,timeslice,5,99.1,8510,16126,52.8
1785431897.832,17:18:17,timeslice,6,99.2,8512,16126,52.8
1785431897.832,17:18:17,timeslice,7,99.0,8558,16126,53.1
1785431898.833,17:18:18,timeslice,0,96.7,10603,16126,65.8
1785431898.833,17:18:18,timeslice,1,96.3,10603,16126,65.8
1785431898.833,17:18:18,timeslice,2,96.2,10603,16126,65.8
1785431898.833,17:18:18,timeslice,3,96.4,10603,16126,65.8
1785431898.833,17:18:18,timeslice,4,96.4,10603,16126,65.8
1785431898.833,17:18:18,timeslice,5,96.3,10603,16126,65.8
1785431898.833,17:18:18,timeslice,6,96.2,10605,16126,65.8
1785431898.833,17:18:18,timeslice,7,96.1,10603,16126,65.8
1785431899.833,17:18:19,timeslice,0,96.7,10603,16126,65.8
1785431899.833,17:18:19,timeslice,1,96.3,10603,16126,65.8
1785431899.833,17:18:19,timeslice,2,96.2,10603,16126,65.8
1785431899.833,17:18:19,timeslice,3,96.4,10603,16126,65.8
1785431899.833,17:18:19,timeslice,4,96.4,10603,16126,65.8
1785431899.833,17:18:19,timeslice,5,96.3,10603,16126,65.8
1785431899.833,17:18:19,timeslice,6,96.2,10605,16126,65.8
1785431899.833,17:18:19,timeslice,7,96.1,10603,16126,65.8
1785431900.833,17:18:20,timeslice,0,96.7,10603,16126,65.8
1785431900.833,17:18:20,timeslice,1,96.3,10603,16126,65.8
1785431900.833,17:18:20,timeslice,2,96.2,10603,16126,65.8
1785431900.833,17:18:20,timeslice,3,96.4,10603,16126,65.8
1785431900.833,17:18:20,timeslice,4,96.4,10603,16126,65.8
1785431900.833,17:18:20,timeslice,5,96.3,10603,16126,65.8
1785431900.833,17:18:20,timeslice,6,96.2,10605,16126,65.8
1785431900.833,17:18:20,timeslice,7,96.1,10603,16126,65.8
1785431901.833,17:18:21,timeslice,0,96.7,10603,16126,65.8
1785431901.833,17:18:21,timeslice,1,96.3,10603,16126,65.8
1785431901.833,17:18:21,timeslice,2,96.2,10603,16126,65.8
1785431901.833,17:18:21,timeslice,3,96.4,10603,16126,65.8
1785431901.833,17:18:21,timeslice,4,96.4,10603,16126,65.8
1785431901.833,17:18:21,timeslice,5,96.3,10603,16126,65.8
1785431901.833,17:18:21,timeslice,6,96.2,10605,16126,65.8
1785431901.833,17:18:21,timeslice,7,96.1,10603,16126,65.8
1785431902.833,17:18:22,timeslice,0,96.7,10603,16126,65.8
1785431902.833,17:18:22,timeslice,1,96.3,10603,16126,65.8
1785431902.833,17:18:22,timeslice,2,96.2,10603,16126,65.8
1785431902.833,17:18:22,timeslice,3,96.4,10603,16126,65.8
1785431902.833,17:18:22,timeslice,4,96.4,10603,16126,65.8
1785431902.833,17:18:22,timeslice,5,96.3,10603,16126,65.8
1785431902.833,17:18:22,timeslice,6,96.2,10605,16126,65.8
1785431902.833,17:18:22,timeslice,7,96.1,10603,16126,65.8
1785431903.833,17:18:23,timeslice,0,100.0,8575,16126,53.2
1785431903.833,17:18:23,timeslice,1,100.0,8575,16126,53.2
1785431903.833,17:18:23,timeslice,2,100.0,8526,16126,52.9
1785431903.833,17:18:23,timeslice,3,100.0,8575,16126,53.2
1785431903.833,17:18:23,timeslice,4,100.0,8718,16126,54.1
1785431903.833,17:18:23,timeslice,5,100.0,8590,16126,53.3
1785431903.833,17:18:23,timeslice,6,100.0,8720,16126,54.1
1785431903.833,17:18:23,timeslice,7,100.0,8670,16126,53.8
1785431904.833,17:18:24,timeslice,0,100.0,8575,16126,53.2
1785431904.833,17:18:24,timeslice,1,100.0,8575,16126,53.2
1785431904.833,17:18:24,timeslice,2,100.0,8526,16126,52.9
1785431904.833,17:18:24,timeslice,3,100.0,8575,16126,53.2
1785431904.833,17:18:24,timeslice,4,100.0,8718,16126,54.1
1785431904.833,17:18:24,timeslice,5,100.0,8590,16126,53.3
1785431904.833,17:18:24,timeslice,6,100.0,8720,16126,54.1
1785431904.833,17:18:24,timeslice,7,100.0,8670,16126,53.8
1785431905.833,17:18:25,timeslice,0,100.0,8575,16126,53.2
1785431905.833,17:18:25,timeslice,1,100.0,8575,16126,53.2
1785431905.833,17:18:25,timeslice,2,100.0,8526,16126,52.9
1785431905.833,17:18:25,timeslice,3,100.0,8575,16126,53.2
1785431905.833,17:18:25,timeslice,4,100.0,8718,16126,54.1
1785431905.833,17:18:25,timeslice,5,100.0,8590,16126,53.3
1785431905.833,17:18:25,timeslice,6,100.0,8720,16126,54.1
1785431905.833,17:18:25,timeslice,7,100.0,8670,16126,53.8
1785431906.833,17:18:26,timeslice,0,100.0,8575,16126,53.2
1785431906.833,17:18:26,timeslice,1,100.0,8575,16126,53.2
1785431906.833,17:18:26,timeslice,2,100.0,8526,16126,52.9
1785431906.833,17:18:26,timeslice,3,100.0,8575,16126,53.2
1785431906.833,17:18:26,timeslice,4,100.0,8718,16126,54.1
1785431906.833,17:18:26,timeslice,5,100.0,8590,16126,53.3
1785431906.833,17:18:26,timeslice,6,100.0,8720,16126,54.1
1785431906.833,17:18:26,timeslice,7,100.0,8670,16126,53.8
1785431907.834,17:18:27,timeslice,0,100.0,8575,16126,53.2
1785431907.834,17:18:27,timeslice,1,100.0,8575,16126,53.2
1785431907.834,17:18:27,timeslice,2,100.0,8526,16126,52.9
1785431907.834,17:18:27,timeslice,3,100.0,8575,16126,53.2
1785431907.834,17:18:27,timeslice,4,100.0,8718,16126,54.1
1785431907.834,17:18:27,timeslice,5,100.0,8590,16126,53.3
1785431907.834,17:18:27,timeslice,6,100.0,8720,16126,54.1
1785431907.834,17:18:27,timeslice,7,100.0,8670,16126,53.8
1785431908.834,17:18:28,timeslice,0,98.0,10603,16126,65.8
1785431908.834,17:18:28,timeslice,1,98.5,10603,16126,65.8
1785431908.834,17:18:28,timeslice,2,97.7,10603,16126,65.8
1785431908.834,17:18:28,timeslice,3,98.0,10603,16126,65.8
1785431908.834,17:18:28,timeslice,4,98.5,10603,16126,65.8
1785431908.834,17:18:28,timeslice,5,98.1,10603,16126,65.8
1785431908.834,17:18:28,timeslice,6,98.3,10605,16126,65.8
1785431908.834,17:18:28,timeslice,7,98.1,10603,16126,65.8
1785431909.834,17:18:29,timeslice,0,98.0,10603,16126,65.8
1785431909.834,17:18:29,timeslice,1,98.5,10603,16126,65.8
1785431909.834,17:18:29,timeslice,2,97.7,10603,16126,65.8
1785431909.834,17:18:29,timeslice,3,98.0,10603,16126,65.8
1785431909.834,17:18:29,timeslice,4,98.5,10603,16126,65.8
1785431909.834,17:18:29,timeslice,5,98.1,10603,16126,65.8
1785431909.834,17:18:29,timeslice,6,98.3,10605,16126,65.8
1785431909.834,17:18:29,timeslice,7,98.1,10603,16126,65.8
1785431910.834,17:18:30,timeslice,0,98.0,10603,16126,65.8
1785431910.834,17:18:30,timeslice,1,98.5,10603,16126,65.8
1785431910.834,17:18:30,timeslice,2,97.7,10603,16126,65.8
1785431910.834,17:18:30,timeslice,3,98.0,10603,16126,65.8
1785431910.834,17:18:30,timeslice,4,98.5,10603,16126,65.8
1785431910.834,17:18:30,timeslice,5,98.1,10603,16126,65.8
1785431910.834,17:18:30,timeslice,6,98.3,10605,16126,65.8
1785431910.834,17:18:30,timeslice,7,98.1,10603,16126,65.8
1785431911.834,17:18:31,timeslice,0,98.0,10603,16126,65.8
1785431911.834,17:18:31,timeslice,1,98.5,10603,16126,65.8
1785431911.834,17:18:31,timeslice,2,97.7,10603,16126,65.8
1785431911.834,17:18:31,timeslice,3,98.0,10603,16126,65.8
1785431911.834,17:18:31,timeslice,4,98.5,10603,16126,65.8
1785431911.834,17:18:31,timeslice,5,98.1,10603,16126,65.8
1785431911.834,17:18:31,timeslice,6,98.3,10605,16126,65.8
1785431911.834,17:18:31,timeslice,7,98.1,10603,16126,65.8
1785431912.834,17:18:32,timeslice,0,98.0,10603,16126,65.8
1785431912.834,17:18:32,timeslice,1,98.5,10603,16126,65.8
1785431912.834,17:18:32,timeslice,2,97.7,10603,16126,65.8
1785431912.834,17:18:32,timeslice,3,98.0,10603,16126,65.8
1785431912.834,17:18:32,timeslice,4,98.5,10603,16126,65.8
1785431912.834,17:18:32,timeslice,5,98.1,10603,16126,65.8
1785431912.834,17:18:32,timeslice,6,98.3,10605,16126,65.8
1785431912.834,17:18:32,timeslice,7,98.1,10603,16126,65.8
1785431913.834,17:18:33,timeslice,0,99.6,8718,16126,54.1
1785431913.834,17:18:33,timeslice,1,99.8,8718,16126,54.1
1785431913.834,17:18:33,timeslice,2,99.8,8510,16126,52.8
1785431913.834,17:18:33,timeslice,3,99.8,8606,16126,53.4
1785431913.834,17:18:33,timeslice,4,99.8,8543,16126,53.0
1785431913.834,17:18:33,timeslice,5,99.7,8559,16126,53.1
1785431913.834,17:18:33,timeslice,6,99.8,8512,16126,52.8
1785431913.834,17:18:33,timeslice,7,99.8,8527,16126,52.9
1785431914.834,17:18:34,timeslice,0,99.6,8718,16126,54.1
1785431914.834,17:18:34,timeslice,1,99.8,8718,16126,54.1
1785431914.834,17:18:34,timeslice,2,99.8,8510,16126,52.8
1785431914.834,17:18:34,timeslice,3,99.8,8606,16126,53.4
1785431914.834,17:18:34,timeslice,4,99.8,8543,16126,53.0
1785431914.834,17:18:34,timeslice,5,99.7,8559,16126,53.1
1785431914.834,17:18:34,timeslice,6,99.8,8512,16126,52.8
1785431914.834,17:18:34,timeslice,7,99.8,8527,16126,52.9
1785431915.834,17:18:35,timeslice,0,99.6,8718,16126,54.1
1785431915.834,17:18:35,timeslice,1,99.8,8718,16126,54.1
1785431915.834,17:18:35,timeslice,2,99.8,8510,16126,52.8
1785431915.834,17:18:35,timeslice,3,99.8,8606,16126,53.4
1785431915.834,17:18:35,timeslice,4,99.8,8543,16126,53.0
1785431915.834,17:18:35,timeslice,5,99.7,8559,16126,53.1
1785431915.834,17:18:35,timeslice,6,99.8,8512,16126,52.8
1785431915.834,17:18:35,timeslice,7,99.8,8527,16126,52.9
1785431916.834,17:18:36,timeslice,0,99.6,8718,16126,54.1
1785431916.834,17:18:36,timeslice,1,99.8,8718,16126,54.1
1785431916.834,17:18:36,timeslice,2,99.8,8510,16126,52.8
1785431916.834,17:18:36,timeslice,3,99.8,8606,16126,53.4
1785431916.834,17:18:36,timeslice,4,99.8,8543,16126,53.0
1785431916.834,17:18:36,timeslice,5,99.7,8559,16126,53.1
1785431916.834,17:18:36,timeslice,6,99.8,8512,16126,52.8
1785431916.834,17:18:36,timeslice,7,99.8,8527,16126,52.9
1785431917.835,17:18:37,timeslice,0,99.6,8718,16126,54.1
1785431917.835,17:18:37,timeslice,1,99.8,8718,16126,54.1
1785431917.835,17:18:37,timeslice,2,99.8,8510,16126,52.8
1785431917.835,17:18:37,timeslice,3,99.8,8606,16126,53.4
1785431917.835,17:18:37,timeslice,4,99.8,8543,16126,53.0
1785431917.835,17:18:37,timeslice,5,99.7,8559,16126,53.1
1785431917.835,17:18:37,timeslice,6,99.8,8512,16126,52.8
1785431917.835,17:18:37,timeslice,7,99.8,8527,16126,52.9
1785431918.835,17:18:38,timeslice,0,97.9,10603,16126,65.8
1785431918.835,17:18:38,timeslice,1,98.3,10603,16126,65.8
1785431918.835,17:18:38,timeslice,2,98.2,10604,16126,65.8
1785431918.835,17:18:38,timeslice,3,98.3,10604,16126,65.8
1785431918.835,17:18:38,timeslice,4,98.5,10603,16126,65.8
1785431918.835,17:18:38,timeslice,5,98.2,10603,16126,65.8
1785431918.835,17:18:38,timeslice,6,98.1,10605,16126,65.8
1785431918.835,17:18:38,timeslice,7,98.4,10603,16126,65.8
1785431919.835,17:18:39,timeslice,0,97.9,10603,16126,65.8
1785431919.835,17:18:39,timeslice,1,98.3,10603,16126,65.8
1785431919.835,17:18:39,timeslice,2,98.2,10604,16126,65.8
1785431919.835,17:18:39,timeslice,3,98.3,10604,16126,65.8
1785431919.835,17:18:39,timeslice,4,98.5,10603,16126,65.8
1785431919.835,17:18:39,timeslice,5,98.2,10603,16126,65.8
1785431919.835,17:18:39,timeslice,6,98.1,10605,16126,65.8
1785431919.835,17:18:39,timeslice,7,98.4,10603,16126,65.8
1785431920.835,17:18:40,timeslice,0,97.9,10603,16126,65.8
1785431920.835,17:18:40,timeslice,1,98.3,10603,16126,65.8
1785431920.835,17:18:40,timeslice,2,98.2,10604,16126,65.8
1785431920.835,17:18:40,timeslice,3,98.3,10604,16126,65.8
1785431920.835,17:18:40,timeslice,4,98.5,10603,16126,65.8
1785431920.835,17:18:40,timeslice,5,98.2,10603,16126,65.8
1785431920.835,17:18:40,timeslice,6,98.1,10605,16126,65.8
1785431920.835,17:18:40,timeslice,7,98.4,10603,16126,65.8
1785431921.835,17:18:41,timeslice,0,97.9,10603,16126,65.8
1785431921.835,17:18:41,timeslice,1,98.3,10603,16126,65.8
1785431921.835,17:18:41,timeslice,2,98.2,10604,16126,65.8
1785431921.835,17:18:41,timeslice,3,98.3,10604,16126,65.8
1785431921.835,17:18:41,timeslice,4,98.5,10603,16126,65.8
1785431921.835,17:18:41,timeslice,5,98.2,10603,16126,65.8
1785431921.835,17:18:41,timeslice,6,98.1,10605,16126,65.8
1785431921.835,17:18:41,timeslice,7,98.4,10603,16126,65.8
1785431922.835,17:18:42,timeslice,0,97.9,10603,16126,65.8
1785431922.835,17:18:42,timeslice,1,98.3,10603,16126,65.8
1785431922.835,17:18:42,timeslice,2,98.2,10604,16126,65.8
1785431922.835,17:18:42,timeslice,3,98.3,10604,16126,65.8
1785431922.835,17:18:42,timeslice,4,98.5,10603,16126,65.8
1785431922.835,17:18:42,timeslice,5,98.2,10603,16126,65.8
1785431922.835,17:18:42,timeslice,6,98.1,10605,16126,65.8
1785431922.835,17:18:42,timeslice,7,98.4,10603,16126,65.8
1785431923.835,17:18:43,timeslice,0,96.9,10743,16126,66.6
1785431923.835,17:18:43,timeslice,1,96.5,10743,16126,66.6
1785431923.835,17:18:43,timeslice,2,96.4,10743,16126,66.6
1785431923.835,17:18:43,timeslice,3,96.6,10743,16126,66.6
1785431923.835,17:18:43,timeslice,4,96.7,10743,16126,66.6
1785431923.835,17:18:43,timeslice,5,96.5,10743,16126,66.6
1785431923.835,17:18:43,timeslice,6,96.8,10744,16126,66.6
1785431923.835,17:18:43,timeslice,7,96.7,10743,16126,66.6
1785431924.835,17:18:44,timeslice,0,96.9,10743,16126,66.6
1785431924.835,17:18:44,timeslice,1,96.5,10743,16126,66.6
1785431924.835,17:18:44,timeslice,2,96.4,10743,16126,66.6
1785431924.835,17:18:44,timeslice,3,96.6,10743,16126,66.6
1785431924.835,17:18:44,timeslice,4,96.7,10743,16126,66.6
1785431924.835,17:18:44,timeslice,5,96.5,10743,16126,66.6
1785431924.835,17:18:44,timeslice,6,96.8,10744,16126,66.6
1785431924.835,17:18:44,timeslice,7,96.7,10743,16126,66.6
1785431925.835,17:18:45,timeslice,0,96.9,10743,16126,66.6
1785431925.835,17:18:45,timeslice,1,96.5,10743,16126,66.6
1785431925.835,17:18:45,timeslice,2,96.4,10743,16126,66.6
1785431925.835,17:18:45,timeslice,3,96.6,10743,16126,66.6
1785431925.835,17:18:45,timeslice,4,96.7,10743,16126,66.6
1785431925.835,17:18:45,timeslice,5,96.5,10743,16126,66.6
1785431925.835,17:18:45,timeslice,6,96.8,10744,16126,66.6
1785431925.835,17:18:45,timeslice,7,96.7,10743,16126,66.6
1785431926.835,17:18:46,timeslice,0,96.9,10743,16126,66.6
1785431926.835,17:18:46,timeslice,1,96.5,10743,16126,66.6
1785431926.835,17:18:46,timeslice,2,96.4,10743,16126,66.6
1785431926.835,17:18:46,timeslice,3,96.6,10743,16126,66.6
1785431926.835,17:18:46,timeslice,4,96.7,10743,16126,66.6
1785431926.835,17:18:46,timeslice,5,96.5,10743,16126,66.6
1785431926.835,17:18:46,timeslice,6,96.8,10744,16126,66.6
1785431926.835,17:18:46,timeslice,7,96.7,10743,16126,66.6
1785431927.836,17:18:47,timeslice,0,96.9,10743,16126,66.6
1785431927.836,17:18:47,timeslice,1,96.5,10743,16126,66.6
1785431927.836,17:18:47,timeslice,2,96.4,10743,16126,66.6
1785431927.836,17:18:47,timeslice,3,96.6,10743,16126,66.6
1785431927.836,17:18:47,timeslice,4,96.7,10743,16126,66.6
1785431927.836,17:18:47,timeslice,5,96.5,10743,16126,66.6
1785431927.836,17:18:47,timeslice,6,96.8,10744,16126,66.6
1785431927.836,17:18:47,timeslice,7,96.7,10743,16126,66.6
1785431928.836,17:18:48,timeslice,0,100.0,8718,16126,54.1
1785431928.836,17:18:48,timeslice,1,100.0,8750,16126,54.3
1785431928.836,17:18:48,timeslice,2,100.0,8558,16126,53.1
1785431928.836,17:18:48,timeslice,3,100.0,8718,16126,54.1
1785431928.836,17:18:48,timeslice,4,100.0,8527,16126,52.9
1785431928.836,17:18:48,timeslice,5,100.0,8622,16126,53.5
1785431928.836,17:18:48,timeslice,6,100.0,8464,16126,52.5
1785431928.836,17:18:48,timeslice,7,100.0,8718,16126,54.1
1785431929.836,17:18:49,timeslice,0,100.0,8718,16126,54.1
1785431929.836,17:18:49,timeslice,1,100.0,8750,16126,54.3
1785431929.836,17:18:49,timeslice,2,100.0,8558,16126,53.1
1785431929.836,17:18:49,timeslice,3,100.0,8718,16126,54.1
1785431929.836,17:18:49,timeslice,4,100.0,8527,16126,52.9
1785431929.836,17:18:49,timeslice,5,100.0,8622,16126,53.5
1785431929.836,17:18:49,timeslice,6,100.0,8464,16126,52.5
1785431929.836,17:18:49,timeslice,7,100.0,8718,16126,54.1
1785431930.836,17:18:50,timeslice,0,100.0,8718,16126,54.1
1785431930.836,17:18:50,timeslice,1,100.0,8750,16126,54.3
1785431930.836,17:18:50,timeslice,2,100.0,8558,16126,53.1
1785431930.836,17:18:50,timeslice,3,100.0,8718,16126,54.1
1785431930.836,17:18:50,timeslice,4,100.0,8527,16126,52.9
1785431930.836,17:18:50,timeslice,5,100.0,8622,16126,53.5
1785431930.836,17:18:50,timeslice,6,100.0,8464,16126,52.5
1785431930.836,17:18:50,timeslice,7,100.0,8718,16126,54.1
1785431931.836,17:18:51,timeslice,0,100.0,8718,16126,54.1
1785431931.836,17:18:51,timeslice,1,100.0,8750,16126,54.3
1785431931.836,17:18:51,timeslice,2,100.0,8558,16126,53.1
1785431931.836,17:18:51,timeslice,3,100.0,8718,16126,54.1
1785431931.836,17:18:51,timeslice,4,100.0,8527,16126,52.9
1785431931.836,17:18:51,timeslice,5,100.0,8622,16126,53.5
1785431931.836,17:18:51,timeslice,6,100.0,8464,16126,52.5
1785431931.836,17:18:51,timeslice,7,100.0,8718,16126,54.1
1785431932.836,17:18:52,timeslice,0,100.0,8718,16126,54.1
1785431932.836,17:18:52,timeslice,1,100.0,8750,16126,54.3
1785431932.836,17:18:52,timeslice,2,100.0,8558,16126,53.1
1785431932.836,17:18:52,timeslice,3,100.0,8718,16126,54.1
1785431932.836,17:18:52,timeslice,4,100.0,8527,16126,52.9
1785431932.836,17:18:52,timeslice,5,100.0,8622,16126,53.5
1785431932.836,17:18:52,timeslice,6,100.0,8464,16126,52.5
1785431932.836,17:18:52,timeslice,7,100.0,8718,16126,54.1
1785431933.836,17:18:53,timeslice,0,98.1,10743,16126,66.6
1785431933.836,17:18:53,timeslice,1,97.6,10743,16126,66.6
1785431933.836,17:18:53,timeslice,2,97.9,10743,16126,66.6
1785431933.836,17:18:53,timeslice,3,98.5,10743,16126,66.6
1785431933.836,17:18:53,timeslice,4,98.2,10743,16126,66.6
1785431933.836,17:18:53,timeslice,5,98.2,10743,16126,66.6
1785431933.836,17:18:53,timeslice,6,98.3,10744,16126,66.6
1785431933.836,17:18:53,timeslice,7,98.1,10743,16126,66.6
1785431934.836,17:18:54,timeslice,0,98.1,10743,16126,66.6
1785431934.836,17:18:54,timeslice,1,97.6,10743,16126,66.6
1785431934.836,17:18:54,timeslice,2,97.9,10743,16126,66.6
1785431934.836,17:18:54,timeslice,3,98.5,10743,16126,66.6
1785431934.836,17:18:54,timeslice,4,98.2,10743,16126,66.6
1785431934.836,17:18:54,timeslice,5,98.2,10743,16126,66.6
1785431934.836,17:18:54,timeslice,6,98.3,10744,16126,66.6
1785431934.836,17:18:54,timeslice,7,98.1,10743,16126,66.6
1785431935.836,17:18:55,timeslice,0,98.1,10743,16126,66.6
1785431935.836,17:18:55,timeslice,1,97.6,10743,16126,66.6
1785431935.836,17:18:55,timeslice,2,97.9,10743,16126,66.6
1785431935.836,17:18:55,timeslice,3,98.5,10743,16126,66.6
1785431935.836,17:18:55,timeslice,4,98.2,10743,16126,66.6
1785431935.836,17:18:55,timeslice,5,98.2,10743,16126,66.6
1785431935.836,17:18:55,timeslice,6,98.3,10744,16126,66.6
1785431935.836,17:18:55,timeslice,7,98.1,10743,16126,66.6
1785431936.836,17:18:56,timeslice,0,98.1,10743,16126,66.6
1785431936.836,17:18:56,timeslice,1,97.6,10743,16126,66.6
1785431936.836,17:18:56,timeslice,2,97.9,10743,16126,66.6
1785431936.836,17:18:56,timeslice,3,98.5,10743,16126,66.6
1785431936.836,17:18:56,timeslice,4,98.2,10743,16126,66.6
1785431936.836,17:18:56,timeslice,5,98.2,10743,16126,66.6
1785431936.836,17:18:56,timeslice,6,98.3,10744,16126,66.6
1785431936.836,17:18:56,timeslice,7,98.1,10743,16126,66.6
1785431937.837,17:18:57,timeslice,0,98.1,10743,16126,66.6
1785431937.837,17:18:57,timeslice,1,97.6,10743,16126,66.6
1785431937.837,17:18:57,timeslice,2,97.9,10743,16126,66.6
1785431937.837,17:18:57,timeslice,3,98.5,10743,16126,66.6
1785431937.837,17:18:57,timeslice,4,98.2,10743,16126,66.6
1785431937.837,17:18:57,timeslice,5,98.2,10743,16126,66.6
1785431937.837,17:18:57,timeslice,6,98.3,10744,16126,66.6
1785431937.837,17:18:57,timeslice,7,98.1,10743,16126,66.6
1785431938.837,17:18:58,timeslice,0,99.4,8543,16126,53.0
1785431938.837,17:18:58,timeslice,1,99.5,8543,16126,53.0
1785431938.837,17:18:58,timeslice,2,99.7,8654,16126,53.7
1785431938.837,17:18:58,timeslice,3,99.6,8526,16126,52.9
1785431938.837,17:18:58,timeslice,4,99.7,8606,16126,53.4
1785431938.837,17:18:58,timeslice,5,99.6,8510,16126,52.8
1785431938.837,17:18:58,timeslice,6,100.0,8512,16126,52.8
1785431938.837,17:18:58,timeslice,7,100.0,8606,16126,53.4
1785431939.837,17:18:59,timeslice,0,99.4,8543,16126,53.0
1785431939.837,17:18:59,timeslice,1,99.5,8543,16126,53.0
1785431939.837,17:18:59,timeslice,2,99.7,8654,16126,53.7
1785431939.837,17:18:59,timeslice,3,99.6,8526,16126,52.9
1785431939.837,17:18:59,timeslice,4,99.7,8606,16126,53.4
1785431939.837,17:18:59,timeslice,5,99.6,8510,16126,52.8
1785431939.837,17:18:59,timeslice,6,100.0,8512,16126,52.8
1785431939.837,17:18:59,timeslice,7,100.0,8606,16126,53.4
1785431940.837,17:19:00,timeslice,0,99.4,8543,16126,53.0
1785431940.837,17:19:00,timeslice,1,99.5,8543,16126,53.0
1785431940.837,17:19:00,timeslice,2,99.7,8654,16126,53.7
1785431940.837,17:19:00,timeslice,3,99.6,8526,16126,52.9
1785431940.837,17:19:00,timeslice,4,99.7,8606,16126,53.4
1785431940.837,17:19:00,timeslice,5,99.6,8510,16126,52.8
1785431940.837,17:19:00,timeslice,6,100.0,8512,16126,52.8
1785431940.837,17:19:00,timeslice,7,100.0,8606,16126,53.4
1785431941.837,17:19:01,timeslice,0,99.4,8543,16126,53.0
1785431941.837,17:19:01,timeslice,1,99.5,8543,16126,53.0
1785431941.837,17:19:01,timeslice,2,99.7,8654,16126,53.7
1785431941.837,17:19:01,timeslice,3,99.6,8526,16126,52.9
1785431941.837,17:19:01,timeslice,4,99.7,8606,16126,53.4
1785431941.837,17:19:01,timeslice,5,99.6,8510,16126,52.8
1785431941.837,17:19:01,timeslice,6,100.0,8512,16126,52.8
1785431941.837,17:19:01,timeslice,7,100.0,8606,16126,53.4
1785431942.837,17:19:02,timeslice,0,99.4,8543,16126,53.0
1785431942.837,17:19:02,timeslice,1,99.5,8543,16126,53.0
1785431942.837,17:19:02,timeslice,2,99.7,8654,16126,53.7
1785431942.837,17:19:02,timeslice,3,99.6,8526,16126,52.9
1785431942.837,17:19:02,timeslice,4,99.7,8606,16126,53.4
1785431942.837,17:19:02,timeslice,5,99.6,8510,16126,52.8
1785431942.837,17:19:02,timeslice,6,100.0,8512,16126,52.8
1785431942.837,17:19:02,timeslice,7,100.0,8606,16126,53.4
1785431943.837,17:19:03,timeslice,0,96.0,10603,16126,65.8
1785431943.837,17:19:03,timeslice,1,98.3,10743,16126,66.6
1785431943.837,17:19:03,timeslice,2,98.5,10743,16126,66.6
1785431943.837,17:19:03,timeslice,3,98.4,10743,16126,66.6
1785431943.837,17:19:03,timeslice,4,98.8,10743,16126,66.6
1785431943.837,17:19:03,timeslice,5,98.6,10743,16126,66.6
1785431943.837,17:19:03,timeslice,6,98.6,10744,16126,66.6
1785431943.837,17:19:03,timeslice,7,98.4,10743,16126,66.6
1785431944.837,17:19:04,timeslice,0,96.0,10603,16126,65.8
1785431944.837,17:19:04,timeslice,1,98.3,10743,16126,66.6
1785431944.837,17:19:04,timeslice,2,98.5,10743,16126,66.6
1785431944.837,17:19:04,timeslice,3,98.4,10743,16126,66.6
1785431944.837,17:19:04,timeslice,4,98.8,10743,16126,66.6
1785431944.837,17:19:04,timeslice,5,98.6,10743,16126,66.6
1785431944.837,17:19:04,timeslice,6,98.6,10744,16126,66.6
1785431944.837,17:19:04,timeslice,7,98.4,10743,16126,66.6
1785431945.837,17:19:05,timeslice,0,96.0,10603,16126,65.8
1785431945.837,17:19:05,timeslice,1,98.3,10743,16126,66.6
1785431945.837,17:19:05,timeslice,2,98.5,10743,16126,66.6
1785431945.837,17:19:05,timeslice,3,98.4,10743,16126,66.6
1785431945.837,17:19:05,timeslice,4,98.8,10743,16126,66.6
1785431945.837,17:19:05,timeslice,5,98.6,10743,16126,66.6
1785431945.837,17:19:05,timeslice,6,98.6,10744,16126,66.6
1785431945.837,17:19:05,timeslice,7,98.4,10743,16126,66.6
1785431946.837,17:19:06,timeslice,0,96.0,10603,16126,65.8
1785431946.837,17:19:06,timeslice,1,98.3,10743,16126,66.6
1785431946.837,17:19:06,timeslice,2,98.5,10743,16126,66.6
1785431946.837,17:19:06,timeslice,3,98.4,10743,16126,66.6
1785431946.837,17:19:06,timeslice,4,98.8,10743,16126,66.6
1785431946.837,17:19:06,timeslice,5,98.6,10743,16126,66.6
1785431946.837,17:19:06,timeslice,6,98.6,10744,16126,66.6
1785431946.837,17:19:06,timeslice,7,98.4,10743,16126,66.6
1785431947.838,17:19:07,timeslice,0,96.0,10603,16126,65.8
1785431947.838,17:19:07,timeslice,1,98.3,10743,16126,66.6
1785431947.838,17:19:07,timeslice,2,98.5,10743,16126,66.6
1785431947.838,17:19:07,timeslice,3,98.4,10743,16126,66.6
1785431947.838,17:19:07,timeslice,4,98.8,10743,16126,66.6
1785431947.838,17:19:07,timeslice,5,98.6,10743,16126,66.6
1785431947.838,17:19:07,timeslice,6,98.6,10744,16126,66.6
1785431947.838,17:19:07,timeslice,7,98.4,10743,16126,66.6
1785431948.838,17:19:08,timeslice,0,100.0,8462,16126,52.5
1785431948.838,17:19:08,timeslice,1,98.4,8558,16126,53.1
1785431948.838,17:19:08,timeslice,2,98.3,8718,16126,54.1
1785431948.838,17:19:08,timeslice,3,98.8,8494,16126,52.7
1785431948.838,17:19:08,timeslice,4,98.7,8575,16126,53.2
1785431948.838,17:19:08,timeslice,5,98.3,8575,16126,53.2
1785431948.838,17:19:08,timeslice,6,98.6,8640,16126,53.6
1785431948.838,17:19:08,timeslice,7,98.8,8575,16126,53.2
1785431949.838,17:19:09,timeslice,0,100.0,8462,16126,52.5
1785431949.838,17:19:09,timeslice,1,98.4,8558,16126,53.1
1785431949.838,17:19:09,timeslice,2,98.3,8718,16126,54.1
1785431949.838,17:19:09,timeslice,3,98.8,8494,16126,52.7
1785431949.838,17:19:09,timeslice,4,98.7,8575,16126,53.2
1785431949.838,17:19:09,timeslice,5,98.3,8575,16126,53.2
1785431949.838,17:19:09,timeslice,6,98.6,8640,16126,53.6
1785431949.838,17:19:09,timeslice,7,98.8,8575,16126,53.2
1785431950.838,17:19:10,timeslice,0,100.0,8462,16126,52.5
1785431950.838,17:19:10,timeslice,1,98.4,8558,16126,53.1
1785431950.838,17:19:10,timeslice,2,98.3,8718,16126,54.1
1785431950.838,17:19:10,timeslice,3,98.8,8494,16126,52.7
1785431950.838,17:19:10,timeslice,4,98.7,8575,16126,53.2
1785431950.838,17:19:10,timeslice,5,98.3,8575,16126,53.2
1785431950.838,17:19:10,timeslice,6,98.6,8640,16126,53.6
1785431950.838,17:19:10,timeslice,7,98.8,8575,16126,53.2
1785431951.838,17:19:11,timeslice,0,100.0,8462,16126,52.5
1785431951.838,17:19:11,timeslice,1,98.4,8558,16126,53.1
1785431951.838,17:19:11,timeslice,2,98.3,8718,16126,54.1
1785431951.838,17:19:11,timeslice,3,98.8,8494,16126,52.7
1785431951.838,17:19:11,timeslice,4,98.7,8575,16126,53.2
1785431951.838,17:19:11,timeslice,5,98.3,8575,16126,53.2
1785431951.838,17:19:11,timeslice,6,98.6,8640,16126,53.6
1785431951.838,17:19:11,timeslice,7,98.8,8575,16126,53.2
1785431952.838,17:19:12,timeslice,0,100.0,8462,16126,52.5
1785431952.838,17:19:12,timeslice,1,98.4,8558,16126,53.1
1785431952.838,17:19:12,timeslice,2,98.3,8718,16126,54.1
1785431952.838,17:19:12,timeslice,3,98.8,8494,16126,52.7
1785431952.838,17:19:12,timeslice,4,98.7,8575,16126,53.2
1785431952.838,17:19:12,timeslice,5,98.3,8575,16126,53.2
1785431952.838,17:19:12,timeslice,6,98.6,8640,16126,53.6
1785431952.838,17:19:12,timeslice,7,98.8,8575,16126,53.2
1785431953.838,17:19:13,timeslice,0,98.1,10604,16126,65.8
1785431953.838,17:19:13,timeslice,1,97.0,10604,16126,65.8
1785431953.838,17:19:13,timeslice,2,96.6,10604,16126,65.8
1785431953.838,17:19:13,timeslice,3,97.3,10604,16126,65.8
1785431953.838,17:19:13,timeslice,4,96.8,10604,16126,65.8
1785431953.838,17:19:13,timeslice,5,96.8,10603,16126,65.8
1785431953.838,17:19:13,timeslice,6,96.6,10605,16126,65.8
1785431953.838,17:19:13,timeslice,7,96.7,10603,16126,65.8
1785431954.838,17:19:14,timeslice,0,98.1,10604,16126,65.8
1785431954.838,17:19:14,timeslice,1,97.0,10604,16126,65.8
1785431954.838,17:19:14,timeslice,2,96.6,10604,16126,65.8
1785431954.838,17:19:14,timeslice,3,97.3,10604,16126,65.8
1785431954.838,17:19:14,timeslice,4,96.8,10604,16126,65.8
1785431954.838,17:19:14,timeslice,5,96.8,10603,16126,65.8
1785431954.838,17:19:14,timeslice,6,96.6,10605,16126,65.8
1785431954.838,17:19:14,timeslice,7,96.7,10603,16126,65.8
1785431955.838,17:19:15,timeslice,0,98.1,10604,16126,65.8
1785431955.838,17:19:15,timeslice,1,97.0,10604,16126,65.8
1785431955.838,17:19:15,timeslice,2,96.6,10604,16126,65.8
1785431955.838,17:19:15,timeslice,3,97.3,10604,16126,65.8
1785431955.838,17:19:15,timeslice,4,96.8,10604,16126,65.8
1785431955.838,17:19:15,timeslice,5,96.8,10603,16126,65.8
1785431955.838,17:19:15,timeslice,6,96.6,10605,16126,65.8
1785431955.838,17:19:15,timeslice,7,96.7,10603,16126,65.8
1785431956.839,17:19:16,timeslice,0,98.1,10604,16126,65.8
1785431956.839,17:19:16,timeslice,1,97.0,10604,16126,65.8
1785431956.839,17:19:16,timeslice,2,96.6,10604,16126,65.8
1785431956.839,17:19:16,timeslice,3,97.3,10604,16126,65.8
1785431956.839,17:19:16,timeslice,4,96.8,10604,16126,65.8
1785431956.839,17:19:16,timeslice,5,96.8,10603,16126,65.8
1785431956.839,17:19:16,timeslice,6,96.6,10605,16126,65.8
1785431956.839,17:19:16,timeslice,7,96.7,10603,16126,65.8
1785431957.839,17:19:17,timeslice,0,98.1,10604,16126,65.8
1785431957.839,17:19:17,timeslice,1,97.0,10604,16126,65.8
1785431957.839,17:19:17,timeslice,2,96.6,10604,16126,65.8
1785431957.839,17:19:17,timeslice,3,97.3,10604,16126,65.8
1785431957.839,17:19:17,timeslice,4,96.8,10604,16126,65.8
1785431957.839,17:19:17,timeslice,5,96.8,10603,16126,65.8
1785431957.839,17:19:17,timeslice,6,96.6,10605,16126,65.8
1785431957.839,17:19:17,timeslice,7,96.7,10603,16126,65.8
1785431958.839,17:19:18,timeslice,0,100.0,8654,16126,53.7
1785431958.839,17:19:18,timeslice,1,100.0,8575,16126,53.2
1785431958.839,17:19:18,timeslice,2,100.0,8526,16126,52.9
1785431958.839,17:19:18,timeslice,3,100.0,8718,16126,54.1
1785431958.839,17:19:18,timeslice,4,100.0,8782,16126,54.5
1785431958.839,17:19:18,timeslice,5,100.0,8718,16126,54.1
1785431958.839,17:19:18,timeslice,6,100.0,8528,16126,52.9
1785431958.839,17:19:18,timeslice,7,100.0,8718,16126,54.1
1785431959.839,17:19:19,timeslice,0,100.0,8654,16126,53.7
1785431959.839,17:19:19,timeslice,1,100.0,8575,16126,53.2
1785431959.839,17:19:19,timeslice,2,100.0,8526,16126,52.9
1785431959.839,17:19:19,timeslice,3,100.0,8718,16126,54.1
1785431959.839,17:19:19,timeslice,4,100.0,8782,16126,54.5
1785431959.839,17:19:19,timeslice,5,100.0,8718,16126,54.1
1785431959.839,17:19:19,timeslice,6,100.0,8528,16126,52.9
1785431959.839,17:19:19,timeslice,7,100.0,8718,16126,54.1
1785431960.839,17:19:20,timeslice,0,100.0,8654,16126,53.7
1785431960.839,17:19:20,timeslice,1,100.0,8575,16126,53.2
1785431960.839,17:19:20,timeslice,2,100.0,8526,16126,52.9
1785431960.839,17:19:20,timeslice,3,100.0,8718,16126,54.1
1785431960.839,17:19:20,timeslice,4,100.0,8782,16126,54.5
1785431960.839,17:19:20,timeslice,5,100.0,8718,16126,54.1
1785431960.839,17:19:20,timeslice,6,100.0,8528,16126,52.9
1785431960.839,17:19:20,timeslice,7,100.0,8718,16126,54.1
1785431961.839,17:19:21,timeslice,0,100.0,8654,16126,53.7
1785431961.839,17:19:21,timeslice,1,100.0,8575,16126,53.2
1785431961.839,17:19:21,timeslice,2,100.0,8526,16126,52.9
1785431961.839,17:19:21,timeslice,3,100.0,8718,16126,54.1
1785431961.839,17:19:21,timeslice,4,100.0,8782,16126,54.5
1785431961.839,17:19:21,timeslice,5,100.0,8718,16126,54.1
1785431961.839,17:19:21,timeslice,6,100.0,8528,16126,52.9
1785431961.839,17:19:21,timeslice,7,100.0,8718,16126,54.1
1785431962.839,17:19:22,timeslice,0,100.0,8654,16126,53.7
1785431962.839,17:19:22,timeslice,1,100.0,8575,16126,53.2
1785431962.839,17:19:22,timeslice,2,100.0,8526,16126,52.9
1785431962.839,17:19:22,timeslice,3,100.0,8718,16126,54.1
1785431962.839,17:19:22,timeslice,4,100.0,8782,16126,54.5
1785431962.839,17:19:22,timeslice,5,100.0,8718,16126,54.1
1785431962.839,17:19:22,timeslice,6,100.0,8528,16126,52.9
1785431962.839,17:19:22,timeslice,7,100.0,8718,16126,54.1
1785431963.84,17:19:23,timeslice,0,98.1,10604,16126,65.8
1785431963.84,17:19:23,timeslice,1,97.9,10604,16126,65.8
1785431963.84,17:19:23,timeslice,2,97.6,10604,16126,65.8
1785431963.84,17:19:23,timeslice,3,98.3,10604,16126,65.8
1785431963.84,17:19:23,timeslice,4,98.4,10604,16126,65.8
1785431963.84,17:19:23,timeslice,5,98.4,10603,16126,65.8
1785431963.84,17:19:23,timeslice,6,98.4,10605,16126,65.8
1785431963.84,17:19:23,timeslice,7,98.2,10604,16126,65.8
1785431964.84,17:19:24,timeslice,0,98.1,10604,16126,65.8
1785431964.84,17:19:24,timeslice,1,97.9,10604,16126,65.8
1785431964.84,17:19:24,timeslice,2,97.6,10604,16126,65.8
1785431964.84,17:19:24,timeslice,3,98.3,10604,16126,65.8
1785431964.84,17:19:24,timeslice,4,98.4,10604,16126,65.8
1785431964.84,17:19:24,timeslice,5,98.4,10603,16126,65.8
1785431964.84,17:19:24,timeslice,6,98.4,10605,16126,65.8
1785431964.84,17:19:24,timeslice,7,98.2,10604,16126,65.8
1785431965.84,17:19:25,timeslice,0,98.1,10604,16126,65.8
1785431965.84,17:19:25,timeslice,1,97.9,10604,16126,65.8
1785431965.84,17:19:25,timeslice,2,97.6,10604,16126,65.8
1785431965.84,17:19:25,timeslice,3,98.3,10604,16126,65.8
1785431965.84,17:19:25,timeslice,4,98.4,10604,16126,65.8
1785431965.84,17:19:25,timeslice,5,98.4,10603,16126,65.8
1785431965.84,17:19:25,timeslice,6,98.4,10605,16126,65.8
1785431965.84,17:19:25,timeslice,7,98.2,10604,16126,65.8
1785431966.84,17:19:26,timeslice,0,98.1,10604,16126,65.8
1785431966.84,17:19:26,timeslice,1,97.9,10604,16126,65.8
1785431966.84,17:19:26,timeslice,2,97.6,10604,16126,65.8
1785431966.84,17:19:26,timeslice,3,98.3,10604,16126,65.8
1785431966.84,17:19:26,timeslice,4,98.4,10604,16126,65.8
1785431966.84,17:19:26,timeslice,5,98.4,10603,16126,65.8
1785431966.84,17:19:26,timeslice,6,98.4,10605,16126,65.8
1785431966.84,17:19:26,timeslice,7,98.2,10604,16126,65.8
1785431967.84,17:19:27,timeslice,0,98.1,10604,16126,65.8
1785431967.84,17:19:27,timeslice,1,97.9,10604,16126,65.8
1785431967.84,17:19:27,timeslice,2,97.6,10604,16126,65.8
1785431967.84,17:19:27,timeslice,3,98.3,10604,16126,65.8
1785431967.84,17:19:27,timeslice,4,98.4,10604,16126,65.8
1785431967.84,17:19:27,timeslice,5,98.4,10603,16126,65.8
1785431967.84,17:19:27,timeslice,6,98.4,10605,16126,65.8
1785431967.84,17:19:27,timeslice,7,98.2,10604,16126,65.8
1785431968.84,17:19:28,timeslice,0,96.6,10743,16126,66.6
1785431968.84,17:19:28,timeslice,1,96.7,8718,16126,54.1
1785431968.84,17:19:28,timeslice,2,99.3,8575,16126,53.2
1785431968.84,17:19:28,timeslice,3,99.2,8559,16126,53.1
1785431968.84,17:19:28,timeslice,4,99.2,8494,16126,52.7
1785431968.84,17:19:28,timeslice,5,99.4,8559,16126,53.1
1785431968.84,17:19:28,timeslice,6,99.4,8592,16126,53.3
1785431968.84,17:19:28,timeslice,7,99.2,8559,16126,53.1
1785431969.84,17:19:29,timeslice,0,96.6,10743,16126,66.6
1785431969.84,17:19:29,timeslice,1,96.7,8718,16126,54.1
1785431969.84,17:19:29,timeslice,2,99.3,8575,16126,53.2
1785431969.84,17:19:29,timeslice,3,99.2,8559,16126,53.1
1785431969.84,17:19:29,timeslice,4,99.2,8494,16126,52.7
1785431969.84,17:19:29,timeslice,5,99.4,8559,16126,53.1
1785431969.84,17:19:29,timeslice,6,99.4,8592,16126,53.3
1785431969.84,17:19:29,timeslice,7,99.2,8559,16126,53.1
1785431970.841,17:19:30,timeslice,0,96.6,10743,16126,66.6
1785431970.841,17:19:30,timeslice,1,96.7,8718,16126,54.1
1785431970.841,17:19:30,timeslice,2,99.3,8575,16126,53.2
1785431970.841,17:19:30,timeslice,3,99.2,8559,16126,53.1
1785431970.841,17:19:30,timeslice,4,99.2,8494,16126,52.7
1785431970.841,17:19:30,timeslice,5,99.4,8559,16126,53.1
1785431970.841,17:19:30,timeslice,6,99.4,8592,16126,53.3
1785431970.841,17:19:30,timeslice,7,99.2,8559,16126,53.1
1785431971.841,17:19:31,timeslice,0,96.6,10743,16126,66.6
1785431971.841,17:19:31,timeslice,1,96.7,8718,16126,54.1
1785431971.841,17:19:31,timeslice,2,99.3,8575,16126,53.2
1785431971.841,17:19:31,timeslice,3,99.2,8559,16126,53.1
1785431971.841,17:19:31,timeslice,4,99.2,8494,16126,52.7
1785431971.841,17:19:31,timeslice,5,99.4,8559,16126,53.1
1785431971.841,17:19:31,timeslice,6,99.4,8592,16126,53.3
1785431971.841,17:19:31,timeslice,7,99.2,8559,16126,53.1
1785431972.841,17:19:32,timeslice,0,96.6,10743,16126,66.6
1785431972.841,17:19:32,timeslice,1,96.7,8718,16126,54.1
1785431972.841,17:19:32,timeslice,2,99.3,8575,16126,53.2
1785431972.841,17:19:32,timeslice,3,99.2,8559,16126,53.1
1785431972.841,17:19:32,timeslice,4,99.2,8494,16126,52.7
1785431972.841,17:19:32,timeslice,5,99.4,8559,16126,53.1
1785431972.841,17:19:32,timeslice,6,99.4,8592,16126,53.3
1785431972.841,17:19:32,timeslice,7,99.2,8559,16126,53.1
1785431973.841,17:19:33,timeslice,0,100.0,10668,16126,66.2
1785431973.841,17:19:33,timeslice,1,100.0,10603,16126,65.8
1785431973.841,17:19:33,timeslice,2,98.4,10603,16126,65.8
1785431973.841,17:19:33,timeslice,3,97.8,10603,16126,65.8
1785431973.841,17:19:33,timeslice,4,98.3,10603,16126,65.8
1785431973.841,17:19:33,timeslice,5,98.3,10603,16126,65.8
1785431973.841,17:19:33,timeslice,6,98.4,10605,16126,65.8
1785431973.841,17:19:33,timeslice,7,98.4,10603,16126,65.8
1785431974.841,17:19:34,timeslice,0,100.0,10668,16126,66.2
1785431974.841,17:19:34,timeslice,1,100.0,10603,16126,65.8
1785431974.841,17:19:34,timeslice,2,98.4,10603,16126,65.8
1785431974.841,17:19:34,timeslice,3,97.8,10603,16126,65.8
1785431974.841,17:19:34,timeslice,4,98.3,10603,16126,65.8
1785431974.841,17:19:34,timeslice,5,98.3,10603,16126,65.8
1785431974.841,17:19:34,timeslice,6,98.4,10605,16126,65.8
1785431974.841,17:19:34,timeslice,7,98.4,10603,16126,65.8
1785431975.841,17:19:35,timeslice,0,100.0,10668,16126,66.2
1785431975.841,17:19:35,timeslice,1,100.0,10603,16126,65.8
1785431975.841,17:19:35,timeslice,2,98.4,10603,16126,65.8
1785431975.841,17:19:35,timeslice,3,97.8,10603,16126,65.8
1785431975.841,17:19:35,timeslice,4,98.3,10603,16126,65.8
1785431975.841,17:19:35,timeslice,5,98.3,10603,16126,65.8
1785431975.841,17:19:35,timeslice,6,98.4,10605,16126,65.8
1785431975.841,17:19:35,timeslice,7,98.4,10603,16126,65.8
1785431976.841,17:19:36,timeslice,0,100.0,10668,16126,66.2
1785431976.841,17:19:36,timeslice,1,100.0,10603,16126,65.8
1785431976.841,17:19:36,timeslice,2,98.4,10603,16126,65.8
1785431976.841,17:19:36,timeslice,3,97.8,10603,16126,65.8
1785431976.841,17:19:36,timeslice,4,98.3,10603,16126,65.8
1785431976.841,17:19:36,timeslice,5,98.3,10603,16126,65.8
1785431976.841,17:19:36,timeslice,6,98.4,10605,16126,65.8
1785431976.841,17:19:36,timeslice,7,98.4,10603,16126,65.8
1785431977.841,17:19:37,timeslice,0,100.0,10668,16126,66.2
1785431977.841,17:19:37,timeslice,1,100.0,10603,16126,65.8
1785431977.841,17:19:37,timeslice,2,98.4,10603,16126,65.8
1785431977.841,17:19:37,timeslice,3,97.8,10603,16126,65.8
1785431977.841,17:19:37,timeslice,4,98.3,10603,16126,65.8
1785431977.841,17:19:37,timeslice,5,98.3,10603,16126,65.8
1785431977.841,17:19:37,timeslice,6,98.4,10605,16126,65.8
1785431977.841,17:19:37,timeslice,7,98.4,10603,16126,65.8
1785431978.842,17:19:38,timeslice,0,98.2,10743,16126,66.6
1785431978.842,17:19:38,timeslice,1,97.5,10743,16126,66.6
1785431978.842,17:19:38,timeslice,2,97.3,10743,16126,66.6
1785431978.842,17:19:38,timeslice,3,97.0,10743,16126,66.6
1785431978.842,17:19:38,timeslice,4,97.0,10743,16126,66.6
1785431978.842,17:19:38,timeslice,5,97.0,10743,16126,66.6
1785431978.842,17:19:38,timeslice,6,97.1,10744,16126,66.6
1785431978.842,17:19:38,timeslice,7,97.1,10743,16126,66.6
1785431979.842,17:19:39,timeslice,0,98.2,10743,16126,66.6
1785431979.842,17:19:39,timeslice,1,97.5,10743,16126,66.6
1785431979.842,17:19:39,timeslice,2,97.3,10743,16126,66.6
1785431979.842,17:19:39,timeslice,3,97.0,10743,16126,66.6
1785431979.842,17:19:39,timeslice,4,97.0,10743,16126,66.6
1785431979.842,17:19:39,timeslice,5,97.0,10743,16126,66.6
1785431979.842,17:19:39,timeslice,6,97.1,10744,16126,66.6
1785431979.842,17:19:39,timeslice,7,97.1,10743,16126,66.6
1785431980.842,17:19:40,timeslice,0,98.2,10743,16126,66.6
1785431980.842,17:19:40,timeslice,1,97.5,10743,16126,66.6
1785431980.842,17:19:40,timeslice,2,97.3,10743,16126,66.6
1785431980.842,17:19:40,timeslice,3,97.0,10743,16126,66.6
1785431980.842,17:19:40,timeslice,4,97.0,10743,16126,66.6
1785431980.842,17:19:40,timeslice,5,97.0,10743,16126,66.6
1785431980.842,17:19:40,timeslice,6,97.1,10744,16126,66.6
1785431980.842,17:19:40,timeslice,7,97.1,10743,16126,66.6
1785431981.842,17:19:41,timeslice,0,98.2,10743,16126,66.6
1785431981.842,17:19:41,timeslice,1,97.5,10743,16126,66.6
1785431981.842,17:19:41,timeslice,2,97.3,10743,16126,66.6
1785431981.842,17:19:41,timeslice,3,97.0,10743,16126,66.6
1785431981.842,17:19:41,timeslice,4,97.0,10743,16126,66.6
1785431981.842,17:19:41,timeslice,5,97.0,10743,16126,66.6
1785431981.842,17:19:41,timeslice,6,97.1,10744,16126,66.6
1785431981.842,17:19:41,timeslice,7,97.1,10743,16126,66.6
1785431982.842,17:19:42,timeslice,0,98.2,10743,16126,66.6
1785431982.842,17:19:42,timeslice,1,97.5,10743,16126,66.6
1785431982.842,17:19:42,timeslice,2,97.3,10743,16126,66.6
1785431982.842,17:19:42,timeslice,3,97.0,10743,16126,66.6
1785431982.842,17:19:42,timeslice,4,97.0,10743,16126,66.6
1785431982.842,17:19:42,timeslice,5,97.0,10743,16126,66.6
1785431982.842,17:19:42,timeslice,6,97.1,10744,16126,66.6
1785431982.842,17:19:42,timeslice,7,97.1,10743,16126,66.6
1785431983.842,17:19:43,timeslice,0,99.7,8782,16126,54.5
1785431983.842,17:19:43,timeslice,1,99.9,8638,16126,53.6
1785431983.842,17:19:43,timeslice,2,100.0,8510,16126,52.8
1785431983.842,17:19:43,timeslice,3,100.0,8558,16126,53.1
1785431983.842,17:19:43,timeslice,4,100.0,8559,16126,53.1
1785431983.842,17:19:43,timeslice,5,99.8,8574,16126,53.2
1785431983.842,17:19:43,timeslice,6,100.0,8528,16126,52.9
1785431983.842,17:19:43,timeslice,7,100.0,8574,16126,53.2
1785431984.842,17:19:44,timeslice,0,99.7,8782,16126,54.5
1785431984.842,17:19:44,timeslice,1,99.9,8638,16126,53.6
1785431984.842,17:19:44,timeslice,2,100.0,8510,16126,52.8
1785431984.842,17:19:44,timeslice,3,100.0,8558,16126,53.1
1785431984.842,17:19:44,timeslice,4,100.0,8559,16126,53.1
1785431984.842,17:19:44,timeslice,5,99.8,8574,16126,53.2
1785431984.842,17:19:44,timeslice,6,100.0,8528,16126,52.9
1785431984.842,17:19:44,timeslice,7,100.0,8574,16126,53.2
1785431985.842,17:19:45,timeslice,0,99.7,8782,16126,54.5
1785431985.842,17:19:45,timeslice,1,99.9,8638,16126,53.6
1785431985.842,17:19:45,timeslice,2,100.0,8510,16126,52.8
1785431985.842,17:19:45,timeslice,3,100.0,8558,16126,53.1
1785431985.842,17:19:45,timeslice,4,100.0,8559,16126,53.1
1785431985.842,17:19:45,timeslice,5,99.8,8574,16126,53.2
1785431985.842,17:19:45,timeslice,6,100.0,8528,16126,52.9
1785431985.842,17:19:45,timeslice,7,100.0,8574,16126,53.2
1785431986.842,17:19:46,timeslice,0,99.7,8782,16126,54.5
1785431986.842,17:19:46,timeslice,1,99.9,8638,16126,53.6
1785431986.842,17:19:46,timeslice,2,100.0,8510,16126,52.8
1785431986.842,17:19:46,timeslice,3,100.0,8558,16126,53.1
1785431986.842,17:19:46,timeslice,4,100.0,8559,16126,53.1
1785431986.842,17:19:46,timeslice,5,99.8,8574,16126,53.2
1785431986.842,17:19:46,timeslice,6,100.0,8528,16126,52.9
1785431986.842,17:19:46,timeslice,7,100.0,8574,16126,53.2
1785431987.842,17:19:47,timeslice,0,99.7,8782,16126,54.5
1785431987.842,17:19:47,timeslice,1,99.9,8638,16126,53.6
1785431987.842,17:19:47,timeslice,2,100.0,8510,16126,52.8
1785431987.842,17:19:47,timeslice,3,100.0,8558,16126,53.1
1785431987.842,17:19:47,timeslice,4,100.0,8559,16126,53.1
1785431987.842,17:19:47,timeslice,5,99.8,8574,16126,53.2
1785431987.842,17:19:47,timeslice,6,100.0,8528,16126,52.9
1785431987.842,17:19:47,timeslice,7,100.0,8574,16126,53.2
1785431988.843,17:19:48,timeslice,0,96.1,10603,16126,65.8
1785431988.843,17:19:48,timeslice,1,95.2,10603,16126,65.8
1785431988.843,17:19:48,timeslice,2,95.0,10603,16126,65.8
1785431988.843,17:19:48,timeslice,3,95.0,10603,16126,65.8
1785431988.843,17:19:48,timeslice,4,96.5,10603,16126,65.8
1785431988.843,17:19:48,timeslice,5,95.5,10603,16126,65.8
1785431988.843,17:19:48,timeslice,6,96.4,10605,16126,65.8
1785431988.843,17:19:48,timeslice,7,94.9,10603,16126,65.8
1785431989.843,17:19:49,timeslice,0,96.1,10603,16126,65.8
1785431989.843,17:19:49,timeslice,1,95.2,10603,16126,65.8
1785431989.843,17:19:49,timeslice,2,95.0,10603,16126,65.8
1785431989.843,17:19:49,timeslice,3,95.0,10603,16126,65.8
1785431989.843,17:19:49,timeslice,4,96.5,10603,16126,65.8
1785431989.843,17:19:49,timeslice,5,95.5,10603,16126,65.8
1785431989.843,17:19:49,timeslice,6,96.4,10605,16126,65.8
1785431989.843,17:19:49,timeslice,7,94.9,10603,16126,65.8
1785431990.843,17:19:50,timeslice,0,96.1,10603,16126,65.8
1785431990.843,17:19:50,timeslice,1,95.2,10603,16126,65.8
1785431990.843,17:19:50,timeslice,2,95.0,10603,16126,65.8
1785431990.843,17:19:50,timeslice,3,95.0,10603,16126,65.8
1785431990.843,17:19:50,timeslice,4,96.5,10603,16126,65.8
1785431990.843,17:19:50,timeslice,5,95.5,10603,16126,65.8
1785431990.843,17:19:50,timeslice,6,96.4,10605,16126,65.8
1785431990.843,17:19:50,timeslice,7,94.9,10603,16126,65.8
1785431991.843,17:19:51,timeslice,0,96.1,10603,16126,65.8
1785431991.843,17:19:51,timeslice,1,95.2,10603,16126,65.8
1785431991.843,17:19:51,timeslice,2,95.0,10603,16126,65.8
1785431991.843,17:19:51,timeslice,3,95.0,10603,16126,65.8
1785431991.843,17:19:51,timeslice,4,96.5,10603,16126,65.8
1785431991.843,17:19:51,timeslice,5,95.5,10603,16126,65.8
1785431991.843,17:19:51,timeslice,6,96.4,10605,16126,65.8
1785431991.843,17:19:51,timeslice,7,94.9,10603,16126,65.8
1785431992.843,17:19:52,timeslice,0,96.1,10603,16126,65.8
1785431992.843,17:19:52,timeslice,1,95.2,10603,16126,65.8
1785431992.843,17:19:52,timeslice,2,95.0,10603,16126,65.8
1785431992.843,17:19:52,timeslice,3,95.0,10603,16126,65.8
1785431992.843,17:19:52,timeslice,4,96.5,10603,16126,65.8
1785431992.843,17:19:52,timeslice,5,95.5,10603,16126,65.8
1785431992.843,17:19:52,timeslice,6,96.4,10605,16126,65.8
1785431992.843,17:19:52,timeslice,7,94.9,10603,16126,65.8
1785431993.843,17:19:53,timeslice,0,97.2,10743,16126,66.6
1785431993.843,17:19:53,timeslice,1,96.9,10743,16126,66.6
1785431993.843,17:19:53,timeslice,2,97.1,10743,16126,66.6
1785431993.843,17:19:53,timeslice,3,97.2,10743,16126,66.6
1785431993.843,17:19:53,timeslice,4,97.2,10743,16126,66.6
1785431993.843,17:19:53,timeslice,5,96.9,10743,16126,66.6
1785431993.843,17:19:53,timeslice,6,97.2,10744,16126,66.6
1785431993.843,17:19:53,timeslice,7,97.2,10743,16126,66.6
1785431994.843,17:19:54,timeslice,0,97.2,10743,16126,66.6
1785431994.843,17:19:54,timeslice,1,96.9,10743,16126,66.6
1785431994.843,17:19:54,timeslice,2,97.1,10743,16126,66.6
1785431994.843,17:19:54,timeslice,3,97.2,10743,16126,66.6
1785431994.843,17:19:54,timeslice,4,97.2,10743,16126,66.6
1785431994.843,17:19:54,timeslice,5,96.9,10743,16126,66.6
1785431994.843,17:19:54,timeslice,6,97.2,10744,16126,66.6
1785431994.843,17:19:54,timeslice,7,97.2,10743,16126,66.6
1785431995.843,17:19:55,timeslice,0,97.2,10743,16126,66.6
1785431995.843,17:19:55,timeslice,1,96.9,10743,16126,66.6
1785431995.843,17:19:55,timeslice,2,97.1,10743,16126,66.6
1785431995.843,17:19:55,timeslice,3,97.2,10743,16126,66.6
1785431995.843,17:19:55,timeslice,4,97.2,10743,16126,66.6
1785431995.843,17:19:55,timeslice,5,96.9,10743,16126,66.6
1785431995.843,17:19:55,timeslice,6,97.2,10744,16126,66.6
1785431995.843,17:19:55,timeslice,7,97.2,10743,16126,66.6
1785431996.843,17:19:56,timeslice,0,97.2,10743,16126,66.6
1785431996.843,17:19:56,timeslice,1,96.9,10743,16126,66.6
1785431996.843,17:19:56,timeslice,2,97.1,10743,16126,66.6
1785431996.843,17:19:56,timeslice,3,97.2,10743,16126,66.6
1785431996.843,17:19:56,timeslice,4,97.2,10743,16126,66.6
1785431996.843,17:19:56,timeslice,5,96.9,10743,16126,66.6
1785431996.843,17:19:56,timeslice,6,97.2,10744,16126,66.6
1785431996.843,17:19:56,timeslice,7,97.2,10743,16126,66.6
1785431997.843,17:19:57,timeslice,0,97.2,10743,16126,66.6
1785431997.843,17:19:57,timeslice,1,96.9,10743,16126,66.6
1785431997.843,17:19:57,timeslice,2,97.1,10743,16126,66.6
1785431997.843,17:19:57,timeslice,3,97.2,10743,16126,66.6
1785431997.843,17:19:57,timeslice,4,97.2,10743,16126,66.6
1785431997.843,17:19:57,timeslice,5,96.9,10743,16126,66.6
1785431997.843,17:19:57,timeslice,6,97.2,10744,16126,66.6
1785431997.843,17:19:57,timeslice,7,97.2,10743,16126,66.6
1785431998.844,17:19:58,timeslice,0,100.0,8527,16126,52.9
1785431998.844,17:19:58,timeslice,1,100.0,8654,16126,53.7
1785431998.844,17:19:58,timeslice,2,100.0,8575,16126,53.2
1785431998.844,17:19:58,timeslice,3,100.0,8510,16126,52.8
1785431998.844,17:19:58,timeslice,4,100.0,8526,16126,52.9
1785431998.844,17:19:58,timeslice,5,100.0,8494,16126,52.7
1785431998.844,17:19:58,timeslice,6,100.0,8560,16126,53.1
1785431998.844,17:19:58,timeslice,7,100.0,8559,16126,53.1
1785431999.844,17:19:59,timeslice,0,100.0,8527,16126,52.9
1785431999.844,17:19:59,timeslice,1,100.0,8654,16126,53.7
1785431999.844,17:19:59,timeslice,2,100.0,8575,16126,53.2
1785431999.844,17:19:59,timeslice,3,100.0,8510,16126,52.8
1785431999.844,17:19:59,timeslice,4,100.0,8526,16126,52.9
1785431999.844,17:19:59,timeslice,5,100.0,8494,16126,52.7
1785431999.844,17:19:59,timeslice,6,100.0,8560,16126,53.1
1785431999.844,17:19:59,timeslice,7,100.0,8559,16126,53.1
1785432000.844,17:20:00,timeslice,0,100.0,8527,16126,52.9
1785432000.844,17:20:00,timeslice,1,100.0,8654,16126,53.7
1785432000.844,17:20:00,timeslice,2,100.0,8575,16126,53.2
1785432000.844,17:20:00,timeslice,3,100.0,8510,16126,52.8
1785432000.844,17:20:00,timeslice,4,100.0,8526,16126,52.9
1785432000.844,17:20:00,timeslice,5,100.0,8494,16126,52.7
1785432000.844,17:20:00,timeslice,6,100.0,8560,16126,53.1
1785432000.844,17:20:00,timeslice,7,100.0,8559,16126,53.1
1785432001.844,17:20:01,timeslice,0,100.0,8527,16126,52.9
1785432001.844,17:20:01,timeslice,1,100.0,8654,16126,53.7
1785432001.844,17:20:01,timeslice,2,100.0,8575,16126,53.2
1785432001.844,17:20:01,timeslice,3,100.0,8510,16126,52.8
1785432001.844,17:20:01,timeslice,4,100.0,8526,16126,52.9
1785432001.844,17:20:01,timeslice,5,100.0,8494,16126,52.7
1785432001.844,17:20:01,timeslice,6,100.0,8560,16126,53.1
1785432001.844,17:20:01,timeslice,7,100.0,8559,16126,53.1
1785432002.844,17:20:02,timeslice,0,100.0,8527,16126,52.9
1785432002.844,17:20:02,timeslice,1,100.0,8654,16126,53.7
1785432002.844,17:20:02,timeslice,2,100.0,8575,16126,53.2
1785432002.844,17:20:02,timeslice,3,100.0,8510,16126,52.8
1785432002.844,17:20:02,timeslice,4,100.0,8526,16126,52.9
1785432002.844,17:20:02,timeslice,5,100.0,8494,16126,52.7
1785432002.844,17:20:02,timeslice,6,100.0,8560,16126,53.1
1785432002.844,17:20:02,timeslice,7,100.0,8559,16126,53.1
1785432003.844,17:20:03,timeslice,0,98.3,10743,16126,66.6
1785432003.844,17:20:03,timeslice,1,98.0,10743,16126,66.6
1785432003.844,17:20:03,timeslice,2,98.3,10743,16126,66.6
1785432003.844,17:20:03,timeslice,3,98.5,10743,16126,66.6
1785432003.844,17:20:03,timeslice,4,98.0,10743,16126,66.6
1785432003.844,17:20:03,timeslice,5,98.4,10743,16126,66.6
1785432003.844,17:20:03,timeslice,6,97.6,10744,16126,66.6
1785432003.844,17:20:03,timeslice,7,98.4,10743,16126,66.6
1785432004.844,17:20:04,timeslice,0,98.3,10743,16126,66.6
1785432004.844,17:20:04,timeslice,1,98.0,10743,16126,66.6
1785432004.844,17:20:04,timeslice,2,98.3,10743,16126,66.6
1785432004.844,17:20:04,timeslice,3,98.5,10743,16126,66.6
1785432004.844,17:20:04,timeslice,4,98.0,10743,16126,66.6
1785432004.844,17:20:04,timeslice,5,98.4,10743,16126,66.6
1785432004.844,17:20:04,timeslice,6,97.6,10744,16126,66.6
1785432004.844,17:20:04,timeslice,7,98.4,10743,16126,66.6
1785432005.844,17:20:05,timeslice,0,98.3,10743,16126,66.6
1785432005.844,17:20:05,timeslice,1,98.0,10743,16126,66.6
1785432005.844,17:20:05,timeslice,2,98.3,10743,16126,66.6
1785432005.844,17:20:05,timeslice,3,98.5,10743,16126,66.6
1785432005.844,17:20:05,timeslice,4,98.0,10743,16126,66.6
1785432005.844,17:20:05,timeslice,5,98.4,10743,16126,66.6
1785432005.844,17:20:05,timeslice,6,97.6,10744,16126,66.6
1785432005.844,17:20:05,timeslice,7,98.4,10743,16126,66.6
1785432006.844,17:20:06,timeslice,0,98.3,10743,16126,66.6
1785432006.844,17:20:06,timeslice,1,98.0,10743,16126,66.6
1785432006.844,17:20:06,timeslice,2,98.3,10743,16126,66.6
1785432006.844,17:20:06,timeslice,3,98.5,10743,16126,66.6
1785432006.844,17:20:06,timeslice,4,98.0,10743,16126,66.6
1785432006.844,17:20:06,timeslice,5,98.4,10743,16126,66.6
1785432006.844,17:20:06,timeslice,6,97.6,10744,16126,66.6
1785432006.844,17:20:06,timeslice,7,98.4,10743,16126,66.6
1785432007.845,17:20:07,timeslice,0,98.3,10743,16126,66.6
1785432007.845,17:20:07,timeslice,1,98.0,10743,16126,66.6
1785432007.845,17:20:07,timeslice,2,98.3,10743,16126,66.6
1785432007.845,17:20:07,timeslice,3,98.5,10743,16126,66.6
1785432007.845,17:20:07,timeslice,4,98.0,10743,16126,66.6
1785432007.845,17:20:07,timeslice,5,98.4,10743,16126,66.6
1785432007.845,17:20:07,timeslice,6,97.6,10744,16126,66.6
1785432007.845,17:20:07,timeslice,7,98.4,10743,16126,66.6
1785432008.845,17:20:08,timeslice,0,99.2,8606,16126,53.4
1785432008.845,17:20:08,timeslice,1,99.3,8462,16126,52.5
1785432008.845,17:20:08,timeslice,2,99.4,8718,16126,54.1
1785432008.845,17:20:08,timeslice,3,99.4,8462,16126,52.5
1785432008.845,17:20:08,timeslice,4,99.1,8494,16126,52.7
1785432008.845,17:20:08,timeslice,5,98.8,8558,16126,53.1
1785432008.845,17:20:08,timeslice,6,99.1,8512,16126,52.8
1785432008.845,17:20:08,timeslice,7,99.5,8510,16126,52.8
1785432009.845,17:20:09,timeslice,0,99.2,8606,16126,53.4
1785432009.845,17:20:09,timeslice,1,99.3,8462,16126,52.5
1785432009.845,17:20:09,timeslice,2,99.4,8718,16126,54.1
1785432009.845,17:20:09,timeslice,3,99.4,8462,16126,52.5
1785432009.845,17:20:09,timeslice,4,99.1,8494,16126,52.7
1785432009.845,17:20:09,timeslice,5,98.8,8558,16126,53.1
1785432009.845,17:20:09,timeslice,6,99.1,8512,16126,52.8
1785432009.845,17:20:09,timeslice,7,99.5,8510,16126,52.8
1785432010.845,17:20:10,timeslice,0,99.2,8606,16126,53.4
1785432010.845,17:20:10,timeslice,1,99.3,8462,16126,52.5
1785432010.845,17:20:10,timeslice,2,99.4,8718,16126,54.1
1785432010.845,17:20:10,timeslice,3,99.4,8462,16126,52.5
1785432010.845,17:20:10,timeslice,4,99.1,8494,16126,52.7
1785432010.845,17:20:10,timeslice,5,98.8,8558,16126,53.1
1785432010.845,17:20:10,timeslice,6,99.1,8512,16126,52.8
1785432010.845,17:20:10,timeslice,7,99.5,8510,16126,52.8
1785432011.845,17:20:11,timeslice,0,99.2,8606,16126,53.4
1785432011.845,17:20:11,timeslice,1,99.3,8462,16126,52.5
1785432011.845,17:20:11,timeslice,2,99.4,8718,16126,54.1
1785432011.845,17:20:11,timeslice,3,99.4,8462,16126,52.5
1785432011.845,17:20:11,timeslice,4,99.1,8494,16126,52.7
1785432011.845,17:20:11,timeslice,5,98.8,8558,16126,53.1
1785432011.845,17:20:11,timeslice,6,99.1,8512,16126,52.8
1785432011.845,17:20:11,timeslice,7,99.5,8510,16126,52.8
1785432012.845,17:20:12,timeslice,0,99.2,8606,16126,53.4
1785432012.845,17:20:12,timeslice,1,99.3,8462,16126,52.5
1785432012.845,17:20:12,timeslice,2,99.4,8718,16126,54.1
1785432012.845,17:20:12,timeslice,3,99.4,8462,16126,52.5
1785432012.845,17:20:12,timeslice,4,99.1,8494,16126,52.7
1785432012.845,17:20:12,timeslice,5,98.8,8558,16126,53.1
1785432012.845,17:20:12,timeslice,6,99.1,8512,16126,52.8
1785432012.845,17:20:12,timeslice,7,99.5,8510,16126,52.8
1785432013.845,17:20:13,timeslice,0,96.3,10603,16126,65.8
1785432013.845,17:20:13,timeslice,1,96.2,10603,16126,65.8
1785432013.845,17:20:13,timeslice,2,96.3,10603,16126,65.8
1785432013.845,17:20:13,timeslice,3,96.3,10603,16126,65.8
1785432013.845,17:20:13,timeslice,4,95.9,10603,16126,65.8
1785432013.845,17:20:13,timeslice,5,95.3,10603,16126,65.8
1785432013.845,17:20:13,timeslice,6,96.0,10605,16126,65.8
1785432013.845,17:20:13,timeslice,7,96.3,10603,16126,65.8
1785432014.845,17:20:14,timeslice,0,96.3,10603,16126,65.8
1785432014.845,17:20:14,timeslice,1,96.2,10603,16126,65.8
1785432014.845,17:20:14,timeslice,2,96.3,10603,16126,65.8
1785432014.845,17:20:14,timeslice,3,96.3,10603,16126,65.8
1785432014.845,17:20:14,timeslice,4,95.9,10603,16126,65.8
1785432014.845,17:20:14,timeslice,5,95.3,10603,16126,65.8
1785432014.845,17:20:14,timeslice,6,96.0,10605,16126,65.8
1785432014.845,17:20:14,timeslice,7,96.3,10603,16126,65.8
1785432015.845,17:20:15,timeslice,0,96.3,10603,16126,65.8
1785432015.845,17:20:15,timeslice,1,96.2,10603,16126,65.8
1785432015.845,17:20:15,timeslice,2,96.3,10603,16126,65.8
1785432015.845,17:20:15,timeslice,3,96.3,10603,16126,65.8
1785432015.845,17:20:15,timeslice,4,95.9,10603,16126,65.8
1785432015.845,17:20:15,timeslice,5,95.3,10603,16126,65.8
1785432015.845,17:20:15,timeslice,6,96.0,10605,16126,65.8
1785432015.845,17:20:15,timeslice,7,96.3,10603,16126,65.8
1785432016.846,17:20:16,timeslice,0,96.3,10603,16126,65.8
1785432016.846,17:20:16,timeslice,1,96.2,10603,16126,65.8
1785432016.846,17:20:16,timeslice,2,96.3,10603,16126,65.8
1785432016.846,17:20:16,timeslice,3,96.3,10603,16126,65.8
1785432016.846,17:20:16,timeslice,4,95.9,10603,16126,65.8
1785432016.846,17:20:16,timeslice,5,95.3,10603,16126,65.8
1785432016.846,17:20:16,timeslice,6,96.0,10605,16126,65.8
1785432016.846,17:20:16,timeslice,7,96.3,10603,16126,65.8
1785432017.846,17:20:17,timeslice,0,96.3,10603,16126,65.8
1785432017.846,17:20:17,timeslice,1,96.2,10603,16126,65.8
1785432017.846,17:20:17,timeslice,2,96.3,10603,16126,65.8
1785432017.846,17:20:17,timeslice,3,96.3,10603,16126,65.8
1785432017.846,17:20:17,timeslice,4,95.9,10603,16126,65.8
1785432017.846,17:20:17,timeslice,5,95.3,10603,16126,65.8
1785432017.846,17:20:17,timeslice,6,96.0,10605,16126,65.8
1785432017.846,17:20:17,timeslice,7,96.3,10603,16126,65.8
1785432018.846,17:20:18,timeslice,0,100.0,8575,16126,53.2
1785432018.846,17:20:18,timeslice,1,100.0,8511,16126,52.8
1785432018.846,17:20:18,timeslice,2,100.0,8462,16126,52.5
1785432018.846,17:20:18,timeslice,3,100.0,8670,16126,53.8
1785432018.846,17:20:18,timeslice,4,100.0,8750,16126,54.3
1785432018.846,17:20:18,timeslice,5,100.0,8638,16126,53.6
1785432018.846,17:20:18,timeslice,6,100.0,8720,16126,54.1
1785432018.846,17:20:18,timeslice,7,100.0,8670,16126,53.8
1785432019.846,17:20:19,timeslice,0,100.0,8575,16126,53.2
1785432019.846,17:20:19,timeslice,1,100.0,8511,16126,52.8
1785432019.846,17:20:19,timeslice,2,100.0,8462,16126,52.5
1785432019.846,17:20:19,timeslice,3,100.0,8670,16126,53.8
1785432019.846,17:20:19,timeslice,4,100.0,8750,16126,54.3
1785432019.846,17:20:19,timeslice,5,100.0,8638,16126,53.6
1785432019.846,17:20:19,timeslice,6,100.0,8720,16126,54.1
1785432019.846,17:20:19,timeslice,7,100.0,8670,16126,53.8
1785432020.846,17:20:20,timeslice,0,100.0,8575,16126,53.2
1785432020.846,17:20:20,timeslice,1,100.0,8511,16126,52.8
1785432020.846,17:20:20,timeslice,2,100.0,8462,16126,52.5
1785432020.846,17:20:20,timeslice,3,100.0,8670,16126,53.8
1785432020.846,17:20:20,timeslice,4,100.0,8750,16126,54.3
1785432020.846,17:20:20,timeslice,5,100.0,8638,16126,53.6
1785432020.846,17:20:20,timeslice,6,100.0,8720,16126,54.1
1785432020.846,17:20:20,timeslice,7,100.0,8670,16126,53.8
1785432021.846,17:20:21,timeslice,0,100.0,8575,16126,53.2
1785432021.846,17:20:21,timeslice,1,100.0,8511,16126,52.8
1785432021.846,17:20:21,timeslice,2,100.0,8462,16126,52.5
1785432021.846,17:20:21,timeslice,3,100.0,8670,16126,53.8
1785432021.846,17:20:21,timeslice,4,100.0,8750,16126,54.3
1785432021.846,17:20:21,timeslice,5,100.0,8638,16126,53.6
1785432021.846,17:20:21,timeslice,6,100.0,8720,16126,54.1
1785432021.846,17:20:21,timeslice,7,100.0,8670,16126,53.8
1785432022.846,17:20:22,timeslice,0,100.0,8575,16126,53.2
1785432022.846,17:20:22,timeslice,1,100.0,8511,16126,52.8
1785432022.846,17:20:22,timeslice,2,100.0,8462,16126,52.5
1785432022.846,17:20:22,timeslice,3,100.0,8670,16126,53.8
1785432022.846,17:20:22,timeslice,4,100.0,8750,16126,54.3
1785432022.846,17:20:22,timeslice,5,100.0,8638,16126,53.6
1785432022.846,17:20:22,timeslice,6,100.0,8720,16126,54.1
1785432022.846,17:20:22,timeslice,7,100.0,8670,16126,53.8
1785432023.846,17:20:23,timeslice,0,98.0,10603,16126,65.8
1785432023.846,17:20:23,timeslice,1,97.7,10603,16126,65.8
1785432023.846,17:20:23,timeslice,2,98.1,10603,16126,65.8
1785432023.846,17:20:23,timeslice,3,98.7,10603,16126,65.8
1785432023.846,17:20:23,timeslice,4,98.1,10603,16126,65.8
1785432023.846,17:20:23,timeslice,5,98.0,10603,16126,65.8
1785432023.846,17:20:23,timeslice,6,97.9,10605,16126,65.8
1785432023.846,17:20:23,timeslice,7,98.0,10603,16126,65.8
1785432024.846,17:20:24,timeslice,0,98.0,10603,16126,65.8
1785432024.846,17:20:24,timeslice,1,97.7,10603,16126,65.8
1785432024.846,17:20:24,timeslice,2,98.1,10603,16126,65.8
1785432024.846,17:20:24,timeslice,3,98.7,10603,16126,65.8
1785432024.846,17:20:24,timeslice,4,98.1,10603,16126,65.8
1785432024.846,17:20:24,timeslice,5,98.0,10603,16126,65.8
1785432024.846,17:20:24,timeslice,6,97.9,10605,16126,65.8
1785432024.846,17:20:24,timeslice,7,98.0,10603,16126,65.8
1785432025.846,17:20:25,timeslice,0,98.0,10603,16126,65.8
1785432025.846,17:20:25,timeslice,1,97.7,10603,16126,65.8
1785432025.846,17:20:25,timeslice,2,98.1,10603,16126,65.8
1785432025.846,17:20:25,timeslice,3,98.7,10603,16126,65.8
1785432025.846,17:20:25,timeslice,4,98.1,10603,16126,65.8
1785432025.846,17:20:25,timeslice,5,98.0,10603,16126,65.8
1785432025.846,17:20:25,timeslice,6,97.9,10605,16126,65.8
1785432025.846,17:20:25,timeslice,7,98.0,10603,16126,65.8
1785432026.847,17:20:26,timeslice,0,98.0,10603,16126,65.8
1785432026.847,17:20:26,timeslice,1,97.7,10603,16126,65.8
1785432026.847,17:20:26,timeslice,2,98.1,10603,16126,65.8
1785432026.847,17:20:26,timeslice,3,98.7,10603,16126,65.8
1785432026.847,17:20:26,timeslice,4,98.1,10603,16126,65.8
1785432026.847,17:20:26,timeslice,5,98.0,10603,16126,65.8
1785432026.847,17:20:26,timeslice,6,97.9,10605,16126,65.8
1785432026.847,17:20:26,timeslice,7,98.0,10603,16126,65.8
1785432027.847,17:20:27,timeslice,0,98.0,10603,16126,65.8
1785432027.847,17:20:27,timeslice,1,97.7,10603,16126,65.8
1785432027.847,17:20:27,timeslice,2,98.1,10603,16126,65.8
1785432027.847,17:20:27,timeslice,3,98.7,10603,16126,65.8
1785432027.847,17:20:27,timeslice,4,98.1,10603,16126,65.8
1785432027.847,17:20:27,timeslice,5,98.0,10603,16126,65.8
1785432027.847,17:20:27,timeslice,6,97.9,10605,16126,65.8
1785432027.847,17:20:27,timeslice,7,98.0,10603,16126,65.8
1785432028.847,17:20:28,timeslice,0,99.8,8718,16126,54.1
1785432028.847,17:20:28,timeslice,1,99.7,8638,16126,53.6
1785432028.847,17:20:28,timeslice,2,99.9,8494,16126,52.7
1785432028.847,17:20:28,timeslice,3,100.0,8527,16126,52.9
1785432028.847,17:20:28,timeslice,4,100.0,8559,16126,53.1
1785432028.847,17:20:28,timeslice,5,100.0,8575,16126,53.2
1785432028.847,17:20:28,timeslice,6,100.0,8448,16126,52.4
1785432028.847,17:20:28,timeslice,7,100.0,8574,16126,53.2
1785432029.847,17:20:29,timeslice,0,99.8,8718,16126,54.1
1785432029.847,17:20:29,timeslice,1,99.7,8638,16126,53.6
1785432029.847,17:20:29,timeslice,2,99.9,8494,16126,52.7
1785432029.847,17:20:29,timeslice,3,100.0,8527,16126,52.9
1785432029.847,17:20:29,timeslice,4,100.0,8559,16126,53.1
1785432029.847,17:20:29,timeslice,5,100.0,8575,16126,53.2
1785432029.847,17:20:29,timeslice,6,100.0,8448,16126,52.4
1785432029.847,17:20:29,timeslice,7,100.0,8574,16126,53.2
1785432030.847,17:20:30,timeslice,0,99.8,8718,16126,54.1
1785432030.847,17:20:30,timeslice,1,99.7,8638,16126,53.6
1785432030.847,17:20:30,timeslice,2,99.9,8494,16126,52.7
1785432030.847,17:20:30,timeslice,3,100.0,8527,16126,52.9
1785432030.847,17:20:30,timeslice,4,100.0,8559,16126,53.1
1785432030.847,17:20:30,timeslice,5,100.0,8575,16126,53.2
1785432030.847,17:20:30,timeslice,6,100.0,8448,16126,52.4
1785432030.847,17:20:30,timeslice,7,100.0,8574,16126,53.2
1785432031.847,17:20:31,timeslice,0,99.8,8718,16126,54.1
1785432031.847,17:20:31,timeslice,1,99.7,8638,16126,53.6
1785432031.847,17:20:31,timeslice,2,99.9,8494,16126,52.7
1785432031.847,17:20:31,timeslice,3,100.0,8527,16126,52.9
1785432031.847,17:20:31,timeslice,4,100.0,8559,16126,53.1
1785432031.847,17:20:31,timeslice,5,100.0,8575,16126,53.2
1785432031.847,17:20:31,timeslice,6,100.0,8448,16126,52.4
1785432031.847,17:20:31,timeslice,7,100.0,8574,16126,53.2
1785432032.847,17:20:32,timeslice,0,99.8,8718,16126,54.1
1785432032.847,17:20:32,timeslice,1,99.7,8638,16126,53.6
1785432032.847,17:20:32,timeslice,2,99.9,8494,16126,52.7
1785432032.847,17:20:32,timeslice,3,100.0,8527,16126,52.9
1785432032.847,17:20:32,timeslice,4,100.0,8559,16126,53.1
1785432032.847,17:20:32,timeslice,5,100.0,8575,16126,53.2
1785432032.847,17:20:32,timeslice,6,100.0,8448,16126,52.4
1785432032.847,17:20:32,timeslice,7,100.0,8574,16126,53.2
1785432033.847,17:20:33,timeslice,0,98.5,10603,16126,65.8
1785432033.847,17:20:33,timeslice,1,98.0,10603,16126,65.8
1785432033.847,17:20:33,timeslice,2,97.9,10603,16126,65.8
1785432033.847,17:20:33,timeslice,3,98.6,10603,16126,65.8
1785432033.847,17:20:33,timeslice,4,98.4,10603,16126,65.8
1785432033.847,17:20:33,timeslice,5,98.3,10603,16126,65.8
1785432033.847,17:20:33,timeslice,6,98.8,10605,16126,65.8
1785432033.847,17:20:33,timeslice,7,98.0,10603,16126,65.8
1785432034.847,17:20:34,timeslice,0,98.5,10603,16126,65.8
1785432034.847,17:20:34,timeslice,1,98.0,10603,16126,65.8
1785432034.847,17:20:34,timeslice,2,97.9,10603,16126,65.8
1785432034.847,17:20:34,timeslice,3,98.6,10603,16126,65.8
1785432034.847,17:20:34,timeslice,4,98.4,10603,16126,65.8
1785432034.847,17:20:34,timeslice,5,98.3,10603,16126,65.8
1785432034.847,17:20:34,timeslice,6,98.8,10605,16126,65.8
1785432034.847,17:20:34,timeslice,7,98.0,10603,16126,65.8
1785432035.848,17:20:35,timeslice,0,98.5,10603,16126,65.8
1785432035.848,17:20:35,timeslice,1,98.0,10603,16126,65.8
1785432035.848,17:20:35,timeslice,2,97.9,10603,16126,65.8
1785432035.848,17:20:35,timeslice,3,98.6,10603,16126,65.8
1785432035.848,17:20:35,timeslice,4,98.4,10603,16126,65.8
1785432035.848,17:20:35,timeslice,5,98.3,10603,16126,65.8
1785432035.848,17:20:35,timeslice,6,98.8,10605,16126,65.8
1785432035.848,17:20:35,timeslice,7,98.0,10603,16126,65.8
1785432036.848,17:20:36,timeslice,0,98.5,10603,16126,65.8
1785432036.848,17:20:36,timeslice,1,98.0,10603,16126,65.8
1785432036.848,17:20:36,timeslice,2,97.9,10603,16126,65.8
1785432036.848,17:20:36,timeslice,3,98.6,10603,16126,65.8
1785432036.848,17:20:36,timeslice,4,98.4,10603,16126,65.8
1785432036.848,17:20:36,timeslice,5,98.3,10603,16126,65.8
1785432036.848,17:20:36,timeslice,6,98.8,10605,16126,65.8
1785432036.848,17:20:36,timeslice,7,98.0,10603,16126,65.8
1785432037.848,17:20:37,timeslice,0,98.5,10603,16126,65.8
1785432037.848,17:20:37,timeslice,1,98.0,10603,16126,65.8
1785432037.848,17:20:37,timeslice,2,97.9,10603,16126,65.8
1785432037.848,17:20:37,timeslice,3,98.6,10603,16126,65.8
1785432037.848,17:20:37,timeslice,4,98.4,10603,16126,65.8
1785432037.848,17:20:37,timeslice,5,98.3,10603,16126,65.8
1785432037.848,17:20:37,timeslice,6,98.8,10605,16126,65.8
1785432037.848,17:20:37,timeslice,7,98.0,10603,16126,65.8
1785432038.848,17:20:38,timeslice,0,96.5,10743,16126,66.6
1785432038.848,17:20:38,timeslice,1,96.8,10743,16126,66.6
1785432038.848,17:20:38,timeslice,2,96.3,10743,16126,66.6
1785432038.848,17:20:38,timeslice,3,96.8,10743,16126,66.6
1785432038.848,17:20:38,timeslice,4,96.9,10743,16126,66.6
1785432038.848,17:20:38,timeslice,5,96.6,10743,16126,66.6
1785432038.848,17:20:38,timeslice,6,96.6,10744,16126,66.6
1785432038.848,17:20:38,timeslice,7,96.4,10743,16126,66.6
1785432039.848,17:20:39,timeslice,0,96.5,10743,16126,66.6
1785432039.848,17:20:39,timeslice,1,96.8,10743,16126,66.6
1785432039.848,17:20:39,timeslice,2,96.3,10743,16126,66.6
1785432039.848,17:20:39,timeslice,3,96.8,10743,16126,66.6
1785432039.848,17:20:39,timeslice,4,96.9,10743,16126,66.6
1785432039.848,17:20:39,timeslice,5,96.6,10743,16126,66.6
1785432039.848,17:20:39,timeslice,6,96.6,10744,16126,66.6
1785432039.848,17:20:39,timeslice,7,96.4,10743,16126,66.6
1785432040.848,17:20:40,timeslice,0,96.5,10743,16126,66.6
1785432040.848,17:20:40,timeslice,1,96.8,10743,16126,66.6
1785432040.848,17:20:40,timeslice,2,96.3,10743,16126,66.6
1785432040.848,17:20:40,timeslice,3,96.8,10743,16126,66.6
1785432040.848,17:20:40,timeslice,4,96.9,10743,16126,66.6
1785432040.848,17:20:40,timeslice,5,96.6,10743,16126,66.6
1785432040.848,17:20:40,timeslice,6,96.6,10744,16126,66.6
1785432040.848,17:20:40,timeslice,7,96.4,10743,16126,66.6
1785432041.848,17:20:41,timeslice,0,96.5,10743,16126,66.6
1785432041.848,17:20:41,timeslice,1,96.8,10743,16126,66.6
1785432041.848,17:20:41,timeslice,2,96.3,10743,16126,66.6
1785432041.848,17:20:41,timeslice,3,96.8,10743,16126,66.6
1785432041.848,17:20:41,timeslice,4,96.9,10743,16126,66.6
1785432041.848,17:20:41,timeslice,5,96.6,10743,16126,66.6
1785432041.848,17:20:41,timeslice,6,96.6,10744,16126,66.6
1785432041.848,17:20:41,timeslice,7,96.4,10743,16126,66.6
1785432042.848,17:20:42,timeslice,0,96.5,10743,16126,66.6
1785432042.848,17:20:42,timeslice,1,96.8,10743,16126,66.6
1785432042.848,17:20:42,timeslice,2,96.3,10743,16126,66.6
1785432042.848,17:20:42,timeslice,3,96.8,10743,16126,66.6
1785432042.848,17:20:42,timeslice,4,96.9,10743,16126,66.6
1785432042.848,17:20:42,timeslice,5,96.6,10743,16126,66.6
1785432042.848,17:20:42,timeslice,6,96.6,10744,16126,66.6
1785432042.848,17:20:42,timeslice,7,96.4,10743,16126,66.6
1785432043.848,17:20:43,timeslice,0,100.0,8718,16126,54.1
1785432043.848,17:20:43,timeslice,1,100.0,8670,16126,53.8
1785432043.848,17:20:43,timeslice,2,100.0,8510,16126,52.8
1785432043.848,17:20:43,timeslice,3,100.0,8622,16126,53.5
1785432043.848,17:20:43,timeslice,4,100.0,8527,16126,52.9
1785432043.848,17:20:43,timeslice,5,100.0,10763,16126,66.7
1785432043.848,17:20:43,timeslice,6,100.0,10829,16126,67.2
1785432043.848,17:20:43,timeslice,7,100.0,10747,16126,66.6
1785432044.848,17:20:44,timeslice,0,100.0,8718,16126,54.1
1785432044.848,17:20:44,timeslice,1,100.0,8670,16126,53.8
1785432044.848,17:20:44,timeslice,2,100.0,8510,16126,52.8
1785432044.848,17:20:44,timeslice,3,100.0,8622,16126,53.5
1785432044.848,17:20:44,timeslice,4,100.0,8527,16126,52.9
1785432044.848,17:20:44,timeslice,5,100.0,10763,16126,66.7
1785432044.848,17:20:44,timeslice,6,100.0,10829,16126,67.2
1785432044.848,17:20:44,timeslice,7,100.0,10747,16126,66.6
1785432045.849,17:20:45,timeslice,0,100.0,8718,16126,54.1
1785432045.849,17:20:45,timeslice,1,100.0,8670,16126,53.8
1785432045.849,17:20:45,timeslice,2,100.0,8510,16126,52.8
1785432045.849,17:20:45,timeslice,3,100.0,8622,16126,53.5
1785432045.849,17:20:45,timeslice,4,100.0,8527,16126,52.9
1785432045.849,17:20:45,timeslice,5,100.0,10763,16126,66.7
1785432045.849,17:20:45,timeslice,6,100.0,10829,16126,67.2
1785432045.849,17:20:45,timeslice,7,100.0,10747,16126,66.6
1785432046.849,17:20:46,timeslice,0,100.0,8718,16126,54.1
1785432046.849,17:20:46,timeslice,1,100.0,8670,16126,53.8
1785432046.849,17:20:46,timeslice,2,100.0,8510,16126,52.8
1785432046.849,17:20:46,timeslice,3,100.0,8622,16126,53.5
1785432046.849,17:20:46,timeslice,4,100.0,8527,16126,52.9
1785432046.849,17:20:46,timeslice,5,100.0,10763,16126,66.7
1785432046.849,17:20:46,timeslice,6,100.0,10829,16126,67.2
1785432046.849,17:20:46,timeslice,7,100.0,10747,16126,66.6
1785432047.849,17:20:47,timeslice,0,100.0,8718,16126,54.1
1785432047.849,17:20:47,timeslice,1,100.0,8670,16126,53.8
1785432047.849,17:20:47,timeslice,2,100.0,8510,16126,52.8
1785432047.849,17:20:47,timeslice,3,100.0,8622,16126,53.5
1785432047.849,17:20:47,timeslice,4,100.0,8527,16126,52.9
1785432047.849,17:20:47,timeslice,5,100.0,10763,16126,66.7
1785432047.849,17:20:47,timeslice,6,100.0,10829,16126,67.2
1785432047.849,17:20:47,timeslice,7,100.0,10747,16126,66.6
1785432048.849,17:20:48,timeslice,0,97.7,10743,16126,66.6
1785432048.849,17:20:48,timeslice,1,98.0,10743,16126,66.6
1785432048.849,17:20:48,timeslice,2,97.7,10743,16126,66.6
1785432048.849,17:20:48,timeslice,3,98.1,10743,16126,66.6
1785432048.849,17:20:48,timeslice,4,98.6,10743,16126,66.6
1785432048.849,17:20:48,timeslice,5,98.0,10743,16126,66.6
1785432048.849,17:20:48,timeslice,6,98.2,10744,16126,66.6
1785432048.849,17:20:48,timeslice,7,98.1,10743,16126,66.6
1785432049.849,17:20:49,timeslice,0,97.7,10743,16126,66.6
1785432049.849,17:20:49,timeslice,1,98.0,10743,16126,66.6
1785432049.849,17:20:49,timeslice,2,97.7,10743,16126,66.6
1785432049.849,17:20:49,timeslice,3,98.1,10743,16126,66.6
1785432049.849,17:20:49,timeslice,4,98.6,10743,16126,66.6
1785432049.849,17:20:49,timeslice,5,98.0,10743,16126,66.6
1785432049.849,17:20:49,timeslice,6,98.2,10744,16126,66.6
1785432049.849,17:20:49,timeslice,7,98.1,10743,16126,66.6
1785432050.849,17:20:50,timeslice,0,97.7,10743,16126,66.6
1785432050.849,17:20:50,timeslice,1,98.0,10743,16126,66.6
1785432050.849,17:20:50,timeslice,2,97.7,10743,16126,66.6
1785432050.849,17:20:50,timeslice,3,98.1,10743,16126,66.6
1785432050.849,17:20:50,timeslice,4,98.6,10743,16126,66.6
1785432050.849,17:20:50,timeslice,5,98.0,10743,16126,66.6
1785432050.849,17:20:50,timeslice,6,98.2,10744,16126,66.6
1785432050.849,17:20:50,timeslice,7,98.1,10743,16126,66.6
1785432051.849,17:20:51,timeslice,0,97.7,10743,16126,66.6
1785432051.849,17:20:51,timeslice,1,98.0,10743,16126,66.6
1785432051.849,17:20:51,timeslice,2,97.7,10743,16126,66.6
1785432051.849,17:20:51,timeslice,3,98.1,10743,16126,66.6
1785432051.849,17:20:51,timeslice,4,98.6,10743,16126,66.6
1785432051.849,17:20:51,timeslice,5,98.0,10743,16126,66.6
1785432051.849,17:20:51,timeslice,6,98.2,10744,16126,66.6
1785432051.849,17:20:51,timeslice,7,98.1,10743,16126,66.6
1785432052.849,17:20:52,timeslice,0,97.7,10743,16126,66.6
1785432052.849,17:20:52,timeslice,1,98.0,10743,16126,66.6
1785432052.849,17:20:52,timeslice,2,97.7,10743,16126,66.6
1785432052.849,17:20:52,timeslice,3,98.1,10743,16126,66.6
1785432052.849,17:20:52,timeslice,4,98.6,10743,16126,66.6
1785432052.849,17:20:52,timeslice,5,98.0,10743,16126,66.6
1785432052.849,17:20:52,timeslice,6,98.2,10744,16126,66.6
1785432052.849,17:20:52,timeslice,7,98.1,10743,16126,66.6
1785432053.849,17:20:53,timeslice,0,99.4,8559,16126,53.1
1785432053.849,17:20:53,timeslice,1,99.6,8622,16126,53.5
1785432053.849,17:20:53,timeslice,2,100.0,8606,16126,53.4
1785432053.849,17:20:53,timeslice,3,99.8,8462,16126,52.5
1785432053.849,17:20:53,timeslice,4,100.0,8526,16126,52.9
1785432053.849,17:20:53,timeslice,5,99.5,8510,16126,52.8
1785432053.849,17:20:53,timeslice,6,99.8,8560,16126,53.1
1785432053.849,17:20:53,timeslice,7,100.0,8526,16126,52.9
1785432054.85,17:20:54,timeslice,0,99.4,8559,16126,53.1
1785432054.85,17:20:54,timeslice,1,99.6,8622,16126,53.5
1785432054.85,17:20:54,timeslice,2,100.0,8606,16126,53.4
1785432054.85,17:20:54,timeslice,3,99.8,8462,16126,52.5
1785432054.85,17:20:54,timeslice,4,100.0,8526,16126,52.9
1785432054.85,17:20:54,timeslice,5,99.5,8510,16126,52.8
1785432054.85,17:20:54,timeslice,6,99.8,8560,16126,53.1
1785432054.85,17:20:54,timeslice,7,100.0,8526,16126,52.9
1785432055.85,17:20:55,timeslice,0,99.4,8559,16126,53.1
1785432055.85,17:20:55,timeslice,1,99.6,8622,16126,53.5
1785432055.85,17:20:55,timeslice,2,100.0,8606,16126,53.4
1785432055.85,17:20:55,timeslice,3,99.8,8462,16126,52.5
1785432055.85,17:20:55,timeslice,4,100.0,8526,16126,52.9
1785432055.85,17:20:55,timeslice,5,99.5,8510,16126,52.8
1785432055.85,17:20:55,timeslice,6,99.8,8560,16126,53.1
1785432055.85,17:20:55,timeslice,7,100.0,8526,16126,52.9
1785432056.85,17:20:56,timeslice,0,99.4,8559,16126,53.1
1785432056.85,17:20:56,timeslice,1,99.6,8622,16126,53.5
1785432056.85,17:20:56,timeslice,2,100.0,8606,16126,53.4
1785432056.85,17:20:56,timeslice,3,99.8,8462,16126,52.5
1785432056.85,17:20:56,timeslice,4,100.0,8526,16126,52.9
1785432056.85,17:20:56,timeslice,5,99.5,8510,16126,52.8
1785432056.85,17:20:56,timeslice,6,99.8,8560,16126,53.1
1785432056.85,17:20:56,timeslice,7,100.0,8526,16126,52.9
1785432057.85,17:20:57,timeslice,0,99.4,8559,16126,53.1
1785432057.85,17:20:57,timeslice,1,99.6,8622,16126,53.5
1785432057.85,17:20:57,timeslice,2,100.0,8606,16126,53.4
1785432057.85,17:20:57,timeslice,3,99.8,8462,16126,52.5
1785432057.85,17:20:57,timeslice,4,100.0,8526,16126,52.9
1785432057.85,17:20:57,timeslice,5,99.5,8510,16126,52.8
1785432057.85,17:20:57,timeslice,6,99.8,8560,16126,53.1
1785432057.85,17:20:57,timeslice,7,100.0,8526,16126,52.9
1785432058.85,17:20:58,timeslice,0,98.4,10743,16126,66.6
1785432058.85,17:20:58,timeslice,1,98.3,10743,16126,66.6
1785432058.85,17:20:58,timeslice,2,98.4,10743,16126,66.6
1785432058.85,17:20:58,timeslice,3,98.1,10743,16126,66.6
1785432058.85,17:20:58,timeslice,4,98.6,10743,16126,66.6
1785432058.85,17:20:58,timeslice,5,98.4,10743,16126,66.6
1785432058.85,17:20:58,timeslice,6,98.2,10744,16126,66.6
1785432058.85,17:20:58,timeslice,7,98.3,10743,16126,66.6
1785432059.85,17:20:59,timeslice,0,98.4,10743,16126,66.6
1785432059.85,17:20:59,timeslice,1,98.3,10743,16126,66.6
1785432059.85,17:20:59,timeslice,2,98.4,10743,16126,66.6
1785432059.85,17:20:59,timeslice,3,98.1,10743,16126,66.6
1785432059.85,17:20:59,timeslice,4,98.6,10743,16126,66.6
1785432059.85,17:20:59,timeslice,5,98.4,10743,16126,66.6
1785432059.85,17:20:59,timeslice,6,98.2,10744,16126,66.6
1785432059.85,17:20:59,timeslice,7,98.3,10743,16126,66.6
1785432060.85,17:21:00,timeslice,0,98.4,10743,16126,66.6
1785432060.85,17:21:00,timeslice,1,98.3,10743,16126,66.6
1785432060.85,17:21:00,timeslice,2,98.4,10743,16126,66.6
1785432060.85,17:21:00,timeslice,3,98.1,10743,16126,66.6
1785432060.85,17:21:00,timeslice,4,98.6,10743,16126,66.6
1785432060.85,17:21:00,timeslice,5,98.4,10743,16126,66.6
1785432060.85,17:21:00,timeslice,6,98.2,10744,16126,66.6
1785432060.85,17:21:00,timeslice,7,98.3,10743,16126,66.6
1785432061.85,17:21:01,timeslice,0,98.4,10743,16126,66.6
1785432061.85,17:21:01,timeslice,1,98.3,10743,16126,66.6
1785432061.85,17:21:01,timeslice,2,98.4,10743,16126,66.6
1785432061.85,17:21:01,timeslice,3,98.1,10743,16126,66.6
1785432061.85,17:21:01,timeslice,4,98.6,10743,16126,66.6
1785432061.85,17:21:01,timeslice,5,98.4,10743,16126,66.6
1785432061.85,17:21:01,timeslice,6,98.2,10744,16126,66.6
1785432061.85,17:21:01,timeslice,7,98.3,10743,16126,66.6
1785432062.85,17:21:02,timeslice,0,98.4,10743,16126,66.6
1785432062.85,17:21:02,timeslice,1,98.3,10743,16126,66.6
1785432062.85,17:21:02,timeslice,2,98.4,10743,16126,66.6
1785432062.85,17:21:02,timeslice,3,98.1,10743,16126,66.6
1785432062.85,17:21:02,timeslice,4,98.6,10743,16126,66.6
1785432062.85,17:21:02,timeslice,5,98.4,10743,16126,66.6
1785432062.85,17:21:02,timeslice,6,98.2,10744,16126,66.6
1785432062.85,17:21:02,timeslice,7,98.3,10743,16126,66.6
1785432063.85,17:21:03,timeslice,0,98.5,8558,16126,53.1
1785432063.85,17:21:03,timeslice,1,98.6,8478,16126,52.6
1785432063.85,17:21:03,timeslice,2,98.8,8718,16126,54.1
1785432063.85,17:21:03,timeslice,3,98.5,8510,16126,52.8
1785432063.85,17:21:03,timeslice,4,98.8,8575,16126,53.2
1785432063.85,17:21:03,timeslice,5,98.7,8558,16126,53.1
1785432063.85,17:21:03,timeslice,6,98.7,8576,16126,53.2
1785432063.85,17:21:03,timeslice,7,98.8,8510,16126,52.8
1785432064.851,17:21:04,timeslice,0,98.5,8558,16126,53.1
1785432064.851,17:21:04,timeslice,1,98.6,8478,16126,52.6
1785432064.851,17:21:04,timeslice,2,98.8,8718,16126,54.1
1785432064.851,17:21:04,timeslice,3,98.5,8510,16126,52.8
1785432064.851,17:21:04,timeslice,4,98.8,8575,16126,53.2
1785432064.851,17:21:04,timeslice,5,98.7,8558,16126,53.1
1785432064.851,17:21:04,timeslice,6,98.7,8576,16126,53.2
1785432064.851,17:21:04,timeslice,7,98.8,8510,16126,52.8
1785432065.851,17:21:05,timeslice,0,98.5,8558,16126,53.1
1785432065.851,17:21:05,timeslice,1,98.6,8478,16126,52.6
1785432065.851,17:21:05,timeslice,2,98.8,8718,16126,54.1
1785432065.851,17:21:05,timeslice,3,98.5,8510,16126,52.8
1785432065.851,17:21:05,timeslice,4,98.8,8575,16126,53.2
1785432065.851,17:21:05,timeslice,5,98.7,8558,16126,53.1
1785432065.851,17:21:05,timeslice,6,98.7,8576,16126,53.2
1785432065.851,17:21:05,timeslice,7,98.8,8510,16126,52.8
1785432066.851,17:21:06,timeslice,0,98.5,8558,16126,53.1
1785432066.851,17:21:06,timeslice,1,98.6,8478,16126,52.6
1785432066.851,17:21:06,timeslice,2,98.8,8718,16126,54.1
1785432066.851,17:21:06,timeslice,3,98.5,8510,16126,52.8
1785432066.851,17:21:06,timeslice,4,98.8,8575,16126,53.2
1785432066.851,17:21:06,timeslice,5,98.7,8558,16126,53.1
1785432066.851,17:21:06,timeslice,6,98.7,8576,16126,53.2
1785432066.851,17:21:06,timeslice,7,98.8,8510,16126,52.8
1785432067.851,17:21:07,timeslice,0,98.5,8558,16126,53.1
1785432067.851,17:21:07,timeslice,1,98.6,8478,16126,52.6
1785432067.851,17:21:07,timeslice,2,98.8,8718,16126,54.1
1785432067.851,17:21:07,timeslice,3,98.5,8510,16126,52.8
1785432067.851,17:21:07,timeslice,4,98.8,8575,16126,53.2
1785432067.851,17:21:07,timeslice,5,98.7,8558,16126,53.1
1785432067.851,17:21:07,timeslice,6,98.7,8576,16126,53.2
1785432067.851,17:21:07,timeslice,7,98.8,8510,16126,52.8
1785432068.851,17:21:08,timeslice,0,96.6,10604,16126,65.8
1785432068.851,17:21:08,timeslice,1,96.5,10603,16126,65.8
1785432068.851,17:21:08,timeslice,2,96.8,10604,16126,65.8
1785432068.851,17:21:08,timeslice,3,96.7,10604,16126,65.8
1785432068.851,17:21:08,timeslice,4,96.8,10604,16126,65.8
1785432068.851,17:21:08,timeslice,5,96.6,10603,16126,65.8
1785432068.851,17:21:08,timeslice,6,96.5,10605,16126,65.8
1785432068.851,17:21:08,timeslice,7,96.5,10603,16126,65.8
1785432069.851,17:21:09,timeslice,0,96.6,10604,16126,65.8
1785432069.851,17:21:09,timeslice,1,96.5,10603,16126,65.8
1785432069.851,17:21:09,timeslice,2,96.8,10604,16126,65.8
1785432069.851,17:21:09,timeslice,3,96.7,10604,16126,65.8
1785432069.851,17:21:09,timeslice,4,96.8,10604,16126,65.8
1785432069.851,17:21:09,timeslice,5,96.6,10603,16126,65.8
1785432069.851,17:21:09,timeslice,6,96.5,10605,16126,65.8
1785432069.851,17:21:09,timeslice,7,96.5,10603,16126,65.8
1785432070.851,17:21:10,timeslice,0,96.6,10604,16126,65.8
1785432070.851,17:21:10,timeslice,1,96.5,10603,16126,65.8
1785432070.851,17:21:10,timeslice,2,96.8,10604,16126,65.8
1785432070.851,17:21:10,timeslice,3,96.7,10604,16126,65.8
1785432070.851,17:21:10,timeslice,4,96.8,10604,16126,65.8
1785432070.851,17:21:10,timeslice,5,96.6,10603,16126,65.8
1785432070.851,17:21:10,timeslice,6,96.5,10605,16126,65.8
1785432070.851,17:21:10,timeslice,7,96.5,10603,16126,65.8
1785432071.851,17:21:11,timeslice,0,96.6,10604,16126,65.8
1785432071.851,17:21:11,timeslice,1,96.5,10603,16126,65.8
1785432071.851,17:21:11,timeslice,2,96.8,10604,16126,65.8
1785432071.851,17:21:11,timeslice,3,96.7,10604,16126,65.8
1785432071.851,17:21:11,timeslice,4,96.8,10604,16126,65.8
1785432071.851,17:21:11,timeslice,5,96.6,10603,16126,65.8
1785432071.851,17:21:11,timeslice,6,96.5,10605,16126,65.8
1785432071.851,17:21:11,timeslice,7,96.5,10603,16126,65.8
1785432072.851,17:21:12,timeslice,0,96.6,10604,16126,65.8
1785432072.851,17:21:12,timeslice,1,96.5,10603,16126,65.8
1785432072.851,17:21:12,timeslice,2,96.8,10604,16126,65.8
1785432072.851,17:21:12,timeslice,3,96.7,10604,16126,65.8
1785432072.851,17:21:12,timeslice,4,96.8,10604,16126,65.8
1785432072.851,17:21:12,timeslice,5,96.6,10603,16126,65.8
1785432072.851,17:21:12,timeslice,6,96.5,10605,16126,65.8
1785432072.851,17:21:12,timeslice,7,96.5,10603,16126,65.8
1785432073.851,17:21:13,timeslice,0,100.0,8590,16126,53.3
1785432073.851,17:21:13,timeslice,1,100.0,8575,16126,53.2
1785432073.851,17:21:13,timeslice,2,100.0,8526,16126,52.9
1785432073.851,17:21:13,timeslice,3,100.0,8718,16126,54.1
1785432073.851,17:21:13,timeslice,4,100.0,8782,16126,54.5
1785432073.851,17:21:13,timeslice,5,100.0,8638,16126,53.6
1785432073.851,17:21:13,timeslice,6,100.0,8656,16126,53.7
1785432073.851,17:21:13,timeslice,7,100.0,8638,16126,53.6
1785432074.852,17:21:14,timeslice,0,100.0,8590,16126,53.3
1785432074.852,17:21:14,timeslice,1,100.0,8575,16126,53.2
1785432074.852,17:21:14,timeslice,2,100.0,8526,16126,52.9
1785432074.852,17:21:14,timeslice,3,100.0,8718,16126,54.1
1785432074.852,17:21:14,timeslice,4,100.0,8782,16126,54.5
1785432074.852,17:21:14,timeslice,5,100.0,8638,16126,53.6
1785432074.852,17:21:14,timeslice,6,100.0,8656,16126,53.7
1785432074.852,17:21:14,timeslice,7,100.0,8638,16126,53.6
1785432075.852,17:21:15,timeslice,0,100.0,8590,16126,53.3
1785432075.852,17:21:15,timeslice,1,100.0,8575,16126,53.2
1785432075.852,17:21:15,timeslice,2,100.0,8526,16126,52.9
1785432075.852,17:21:15,timeslice,3,100.0,8718,16126,54.1
1785432075.852,17:21:15,timeslice,4,100.0,8782,16126,54.5
1785432075.852,17:21:15,timeslice,5,100.0,8638,16126,53.6
1785432075.852,17:21:15,timeslice,6,100.0,8656,16126,53.7
1785432075.852,17:21:15,timeslice,7,100.0,8638,16126,53.6
1785432076.852,17:21:16,timeslice,0,100.0,8590,16126,53.3
1785432076.852,17:21:16,timeslice,1,100.0,8575,16126,53.2
1785432076.852,17:21:16,timeslice,2,100.0,8526,16126,52.9
1785432076.852,17:21:16,timeslice,3,100.0,8718,16126,54.1
1785432076.852,17:21:16,timeslice,4,100.0,8782,16126,54.5
1785432076.852,17:21:16,timeslice,5,100.0,8638,16126,53.6
1785432076.852,17:21:16,timeslice,6,100.0,8656,16126,53.7
1785432076.852,17:21:16,timeslice,7,100.0,8638,16126,53.6
1785432077.852,17:21:17,timeslice,0,100.0,8590,16126,53.3
1785432077.852,17:21:17,timeslice,1,100.0,8575,16126,53.2
1785432077.852,17:21:17,timeslice,2,100.0,8526,16126,52.9
1785432077.852,17:21:17,timeslice,3,100.0,8718,16126,54.1
1785432077.852,17:21:17,timeslice,4,100.0,8782,16126,54.5
1785432077.852,17:21:17,timeslice,5,100.0,8638,16126,53.6
1785432077.852,17:21:17,timeslice,6,100.0,8656,16126,53.7
1785432077.852,17:21:17,timeslice,7,100.0,8638,16126,53.6
1785432078.852,17:21:18,timeslice,0,97.3,10603,16126,65.8
1785432078.852,17:21:18,timeslice,1,98.1,10603,16126,65.8
1785432078.852,17:21:18,timeslice,2,98.0,10603,16126,65.8
1785432078.852,17:21:18,timeslice,3,98.2,10603,16126,65.8
1785432078.852,17:21:18,timeslice,4,98.3,10603,16126,65.8
1785432078.852,17:21:18,timeslice,5,98.1,10603,16126,65.8
1785432078.852,17:21:18,timeslice,6,98.3,10605,16126,65.8
1785432078.852,17:21:18,timeslice,7,98.3,10603,16126,65.8
1785432079.852,17:21:19,timeslice,0,97.3,10603,16126,65.8
1785432079.852,17:21:19,timeslice,1,98.1,10603,16126,65.8
1785432079.852,17:21:19,timeslice,2,98.0,10603,16126,65.8
1785432079.852,17:21:19,timeslice,3,98.2,10603,16126,65.8
1785432079.852,17:21:19,timeslice,4,98.3,10603,16126,65.8
1785432079.852,17:21:19,timeslice,5,98.1,10603,16126,65.8
1785432079.852,17:21:19,timeslice,6,98.3,10605,16126,65.8
1785432079.852,17:21:19,timeslice,7,98.3,10603,16126,65.8
1785432080.852,17:21:20,timeslice,0,97.3,10603,16126,65.8
1785432080.852,17:21:20,timeslice,1,98.1,10603,16126,65.8
1785432080.852,17:21:20,timeslice,2,98.0,10603,16126,65.8
1785432080.852,17:21:20,timeslice,3,98.2,10603,16126,65.8
1785432080.852,17:21:20,timeslice,4,98.3,10603,16126,65.8
1785432080.852,17:21:20,timeslice,5,98.1,10603,16126,65.8
1785432080.852,17:21:20,timeslice,6,98.3,10605,16126,65.8
1785432080.852,17:21:20,timeslice,7,98.3,10603,16126,65.8
1785432081.852,17:21:21,timeslice,0,97.3,10603,16126,65.8
1785432081.852,17:21:21,timeslice,1,98.1,10603,16126,65.8
1785432081.852,17:21:21,timeslice,2,98.0,10603,16126,65.8
1785432081.852,17:21:21,timeslice,3,98.2,10603,16126,65.8
1785432081.852,17:21:21,timeslice,4,98.3,10603,16126,65.8
1785432081.852,17:21:21,timeslice,5,98.1,10603,16126,65.8
1785432081.852,17:21:21,timeslice,6,98.3,10605,16126,65.8
1785432081.852,17:21:21,timeslice,7,98.3,10603,16126,65.8
1785432082.853,17:21:22,timeslice,0,97.3,10603,16126,65.8
1785432082.853,17:21:22,timeslice,1,98.1,10603,16126,65.8
1785432082.853,17:21:22,timeslice,2,98.0,10603,16126,65.8
1785432082.853,17:21:22,timeslice,3,98.2,10603,16126,65.8
1785432082.853,17:21:22,timeslice,4,98.3,10603,16126,65.8
1785432082.853,17:21:22,timeslice,5,98.1,10603,16126,65.8
1785432082.853,17:21:22,timeslice,6,98.3,10605,16126,65.8
1785432082.853,17:21:22,timeslice,7,98.3,10603,16126,65.8
1785432083.853,17:21:23,timeslice,0,99.1,8543,16126,53.0
1785432083.853,17:21:23,timeslice,1,99.3,8558,16126,53.1
1785432083.853,17:21:23,timeslice,2,99.4,8590,16126,53.3
1785432083.853,17:21:23,timeslice,3,99.4,8526,16126,52.9
1785432083.853,17:21:23,timeslice,4,99.6,8606,16126,53.4
1785432083.853,17:21:23,timeslice,5,99.6,8543,16126,53.0
1785432083.853,17:21:23,timeslice,6,100.0,8560,16126,53.1
1785432083.853,17:21:23,timeslice,7,99.6,8510,16126,52.8
1785432084.853,17:21:24,timeslice,0,99.1,8543,16126,53.0
1785432084.853,17:21:24,timeslice,1,99.3,8558,16126,53.1
1785432084.853,17:21:24,timeslice,2,99.4,8590,16126,53.3
1785432084.853,17:21:24,timeslice,3,99.4,8526,16126,52.9
1785432084.853,17:21:24,timeslice,4,99.6,8606,16126,53.4
1785432084.853,17:21:24,timeslice,5,99.6,8543,16126,53.0
1785432084.853,17:21:24,timeslice,6,100.0,8560,16126,53.1
1785432084.853,17:21:24,timeslice,7,99.6,8510,16126,52.8
1785432085.853,17:21:25,timeslice,0,99.1,8543,16126,53.0
1785432085.853,17:21:25,timeslice,1,99.3,8558,16126,53.1
1785432085.853,17:21:25,timeslice,2,99.4,8590,16126,53.3
1785432085.853,17:21:25,timeslice,3,99.4,8526,16126,52.9
1785432085.853,17:21:25,timeslice,4,99.6,8606,16126,53.4
1785432085.853,17:21:25,timeslice,5,99.6,8543,16126,53.0
1785432085.853,17:21:25,timeslice,6,100.0,8560,16126,53.1
1785432085.853,17:21:25,timeslice,7,99.6,8510,16126,52.8
1785432086.853,17:21:26,timeslice,0,99.1,8543,16126,53.0
1785432086.853,17:21:26,timeslice,1,99.3,8558,16126,53.1
1785432086.853,17:21:26,timeslice,2,99.4,8590,16126,53.3
1785432086.853,17:21:26,timeslice,3,99.4,8526,16126,52.9
1785432086.853,17:21:26,timeslice,4,99.6,8606,16126,53.4
1785432086.853,17:21:26,timeslice,5,99.6,8543,16126,53.0
1785432086.853,17:21:26,timeslice,6,100.0,8560,16126,53.1
1785432086.853,17:21:26,timeslice,7,99.6,8510,16126,52.8
1785432087.853,17:21:27,timeslice,0,99.1,8543,16126,53.0
1785432087.853,17:21:27,timeslice,1,99.3,8558,16126,53.1
1785432087.853,17:21:27,timeslice,2,99.4,8590,16126,53.3
1785432087.853,17:21:27,timeslice,3,99.4,8526,16126,52.9
1785432087.853,17:21:27,timeslice,4,99.6,8606,16126,53.4
1785432087.853,17:21:27,timeslice,5,99.6,8543,16126,53.0
1785432087.853,17:21:27,timeslice,6,100.0,8560,16126,53.1
1785432087.853,17:21:27,timeslice,7,99.6,8510,16126,52.8
1785432088.853,17:21:28,timeslice,0,97.8,10603,16126,65.8
1785432088.853,17:21:28,timeslice,1,98.6,10603,16126,65.8
1785432088.853,17:21:28,timeslice,2,98.2,10603,16126,65.8
1785432088.853,17:21:28,timeslice,3,97.8,10603,16126,65.8
1785432088.853,17:21:28,timeslice,4,98.5,10603,16126,65.8
1785432088.853,17:21:28,timeslice,5,98.3,10603,16126,65.8
1785432088.853,17:21:28,timeslice,6,98.6,10605,16126,65.8
1785432088.853,17:21:28,timeslice,7,97.7,10603,16126,65.8
1785432089.853,17:21:29,timeslice,0,97.8,10603,16126,65.8
1785432089.853,17:21:29,timeslice,1,98.6,10603,16126,65.8
1785432089.853,17:21:29,timeslice,2,98.2,10603,16126,65.8
1785432089.853,17:21:29,timeslice,3,97.8,10603,16126,65.8
1785432089.853,17:21:29,timeslice,4,98.5,10603,16126,65.8
1785432089.853,17:21:29,timeslice,5,98.3,10603,16126,65.8
1785432089.853,17:21:29,timeslice,6,98.6,10605,16126,65.8
1785432089.853,17:21:29,timeslice,7,97.7,10603,16126,65.8
1785432090.853,17:21:30,timeslice,0,97.8,10603,16126,65.8
1785432090.853,17:21:30,timeslice,1,98.6,10603,16126,65.8
1785432090.853,17:21:30,timeslice,2,98.2,10603,16126,65.8
1785432090.853,17:21:30,timeslice,3,97.8,10603,16126,65.8
1785432090.853,17:21:30,timeslice,4,98.5,10603,16126,65.8
1785432090.853,17:21:30,timeslice,5,98.3,10603,16126,65.8
1785432090.853,17:21:30,timeslice,6,98.6,10605,16126,65.8
1785432090.853,17:21:30,timeslice,7,97.7,10603,16126,65.8
1785432091.854,17:21:31,timeslice,0,97.8,10603,16126,65.8
1785432091.854,17:21:31,timeslice,1,98.6,10603,16126,65.8
1785432091.854,17:21:31,timeslice,2,98.2,10603,16126,65.8
1785432091.854,17:21:31,timeslice,3,97.8,10603,16126,65.8
1785432091.854,17:21:31,timeslice,4,98.5,10603,16126,65.8
1785432091.854,17:21:31,timeslice,5,98.3,10603,16126,65.8
1785432091.854,17:21:31,timeslice,6,98.6,10605,16126,65.8
1785432091.854,17:21:31,timeslice,7,97.7,10603,16126,65.8
1785432092.854,17:21:32,timeslice,0,97.8,10603,16126,65.8
1785432092.854,17:21:32,timeslice,1,98.6,10603,16126,65.8
1785432092.854,17:21:32,timeslice,2,98.2,10603,16126,65.8
1785432092.854,17:21:32,timeslice,3,97.8,10603,16126,65.8
1785432092.854,17:21:32,timeslice,4,98.5,10603,16126,65.8
1785432092.854,17:21:32,timeslice,5,98.3,10603,16126,65.8
1785432092.854,17:21:32,timeslice,6,98.6,10605,16126,65.8
1785432092.854,17:21:32,timeslice,7,97.7,10603,16126,65.8
1785432093.854,17:21:33,timeslice,0,97.1,10743,16126,66.6
1785432093.854,17:21:33,timeslice,1,97.0,10743,16126,66.6
1785432093.854,17:21:33,timeslice,2,97.1,10743,16126,66.6
1785432093.854,17:21:33,timeslice,3,97.0,10743,16126,66.6
1785432093.854,17:21:33,timeslice,4,97.3,10743,16126,66.6
1785432093.854,17:21:33,timeslice,5,97.1,10743,16126,66.6
1785432093.854,17:21:33,timeslice,6,96.8,10744,16126,66.6
1785432093.854,17:21:33,timeslice,7,97.2,10743,16126,66.6
1785432094.854,17:21:34,timeslice,0,97.1,10743,16126,66.6
1785432094.854,17:21:34,timeslice,1,97.0,10743,16126,66.6
1785432094.854,17:21:34,timeslice,2,97.1,10743,16126,66.6
1785432094.854,17:21:34,timeslice,3,97.0,10743,16126,66.6
1785432094.854,17:21:34,timeslice,4,97.3,10743,16126,66.6
1785432094.854,17:21:34,timeslice,5,97.1,10743,16126,66.6
1785432094.854,17:21:34,timeslice,6,96.8,10744,16126,66.6
1785432094.854,17:21:34,timeslice,7,97.2,10743,16126,66.6
1785432095.854,17:21:35,timeslice,0,97.1,10743,16126,66.6
1785432095.854,17:21:35,timeslice,1,97.0,10743,16126,66.6
1785432095.854,17:21:35,timeslice,2,97.1,10743,16126,66.6
1785432095.854,17:21:35,timeslice,3,97.0,10743,16126,66.6
1785432095.854,17:21:35,timeslice,4,97.3,10743,16126,66.6
1785432095.854,17:21:35,timeslice,5,97.1,10743,16126,66.6
1785432095.854,17:21:35,timeslice,6,96.8,10744,16126,66.6
1785432095.854,17:21:35,timeslice,7,97.2,10743,16126,66.6
1785432096.854,17:21:36,timeslice,0,97.1,10743,16126,66.6
1785432096.854,17:21:36,timeslice,1,97.0,10743,16126,66.6
1785432096.854,17:21:36,timeslice,2,97.1,10743,16126,66.6
1785432096.854,17:21:36,timeslice,3,97.0,10743,16126,66.6
1785432096.854,17:21:36,timeslice,4,97.3,10743,16126,66.6
1785432096.854,17:21:36,timeslice,5,97.1,10743,16126,66.6
1785432096.854,17:21:36,timeslice,6,96.8,10744,16126,66.6
1785432096.854,17:21:36,timeslice,7,97.2,10743,16126,66.6
1785432097.854,17:21:37,timeslice,0,97.1,10743,16126,66.6
1785432097.854,17:21:37,timeslice,1,97.0,10743,16126,66.6
1785432097.854,17:21:37,timeslice,2,97.1,10743,16126,66.6
1785432097.854,17:21:37,timeslice,3,97.0,10743,16126,66.6
1785432097.854,17:21:37,timeslice,4,97.3,10743,16126,66.6
1785432097.854,17:21:37,timeslice,5,97.1,10743,16126,66.6
1785432097.854,17:21:37,timeslice,6,96.8,10744,16126,66.6
1785432097.854,17:21:37,timeslice,7,97.2,10743,16126,66.6
1785432098.854,17:21:38,timeslice,0,100.0,8574,16126,53.2
1785432098.854,17:21:38,timeslice,1,100.0,8782,16126,54.5
1785432098.854,17:21:38,timeslice,2,99.9,8575,16126,53.2
1785432098.854,17:21:38,timeslice,3,100.0,8559,16126,53.1
1785432098.854,17:21:38,timeslice,4,100.0,8494,16126,52.7
1785432098.854,17:21:38,timeslice,5,100.0,8591,16126,53.3
1785432098.854,17:21:38,timeslice,6,100.0,8544,16126,53.0
1785432098.854,17:21:38,timeslice,7,100.0,8559,16126,53.1
1785432099.854,17:21:39,timeslice,0,100.0,8574,16126,53.2
1785432099.854,17:21:39,timeslice,1,100.0,8782,16126,54.5
1785432099.854,17:21:39,timeslice,2,99.9,8575,16126,53.2
1785432099.854,17:21:39,timeslice,3,100.0,8559,16126,53.1
1785432099.854,17:21:39,timeslice,4,100.0,8494,16126,52.7
1785432099.854,17:21:39,timeslice,5,100.0,8591,16126,53.3
1785432099.854,17:21:39,timeslice,6,100.0,8544,16126,53.0
1785432099.854,17:21:39,timeslice,7,100.0,8559,16126,53.1
1785432100.855,17:21:40,timeslice,0,100.0,8574,16126,53.2
1785432100.855,17:21:40,timeslice,1,100.0,8782,16126,54.5
1785432100.855,17:21:40,timeslice,2,99.9,8575,16126,53.2
1785432100.855,17:21:40,timeslice,3,100.0,8559,16126,53.1
1785432100.855,17:21:40,timeslice,4,100.0,8494,16126,52.7
1785432100.855,17:21:40,timeslice,5,100.0,8591,16126,53.3
1785432100.855,17:21:40,timeslice,6,100.0,8544,16126,53.0
1785432100.855,17:21:40,timeslice,7,100.0,8559,16126,53.1
1785432101.855,17:21:41,timeslice,0,100.0,8574,16126,53.2
1785432101.855,17:21:41,timeslice,1,100.0,8782,16126,54.5
1785432101.855,17:21:41,timeslice,2,99.9,8575,16126,53.2
1785432101.855,17:21:41,timeslice,3,100.0,8559,16126,53.1
1785432101.855,17:21:41,timeslice,4,100.0,8494,16126,52.7
1785432101.855,17:21:41,timeslice,5,100.0,8591,16126,53.3
1785432101.855,17:21:41,timeslice,6,100.0,8544,16126,53.0
1785432101.855,17:21:41,timeslice,7,100.0,8559,16126,53.1
1785432102.855,17:21:42,timeslice,0,100.0,8574,16126,53.2
1785432102.855,17:21:42,timeslice,1,100.0,8782,16126,54.5
1785432102.855,17:21:42,timeslice,2,99.9,8575,16126,53.2
1785432102.855,17:21:42,timeslice,3,100.0,8559,16126,53.1
1785432102.855,17:21:42,timeslice,4,100.0,8494,16126,52.7
1785432102.855,17:21:42,timeslice,5,100.0,8591,16126,53.3
1785432102.855,17:21:42,timeslice,6,100.0,8544,16126,53.0
1785432102.855,17:21:42,timeslice,7,100.0,8559,16126,53.1
1785432103.855,17:21:43,timeslice,0,98.1,10743,16126,66.6
1785432103.855,17:21:43,timeslice,1,98.2,10743,16126,66.6
1785432103.855,17:21:43,timeslice,2,97.6,10743,16126,66.6
1785432103.855,17:21:43,timeslice,3,98.0,10743,16126,66.6
1785432103.855,17:21:43,timeslice,4,98.2,10743,16126,66.6
1785432103.855,17:21:43,timeslice,5,98.1,10743,16126,66.6
1785432103.855,17:21:43,timeslice,6,98.7,10744,16126,66.6
1785432103.855,17:21:43,timeslice,7,98.5,10743,16126,66.6
1785432104.855,17:21:44,timeslice,0,98.1,10743,16126,66.6
1785432104.855,17:21:44,timeslice,1,98.2,10743,16126,66.6
1785432104.855,17:21:44,timeslice,2,97.6,10743,16126,66.6
1785432104.855,17:21:44,timeslice,3,98.0,10743,16126,66.6
1785432104.855,17:21:44,timeslice,4,98.2,10743,16126,66.6
1785432104.855,17:21:44,timeslice,5,98.1,10743,16126,66.6
1785432104.855,17:21:44,timeslice,6,98.7,10744,16126,66.6
1785432104.855,17:21:44,timeslice,7,98.5,10743,16126,66.6
1785432105.855,17:21:45,timeslice,0,98.1,10743,16126,66.6
1785432105.855,17:21:45,timeslice,1,98.2,10743,16126,66.6
1785432105.855,17:21:45,timeslice,2,97.6,10743,16126,66.6
1785432105.855,17:21:45,timeslice,3,98.0,10743,16126,66.6
1785432105.855,17:21:45,timeslice,4,98.2,10743,16126,66.6
1785432105.855,17:21:45,timeslice,5,98.1,10743,16126,66.6
1785432105.855,17:21:45,timeslice,6,98.7,10744,16126,66.6
1785432105.855,17:21:45,timeslice,7,98.5,10743,16126,66.6
1785432106.855,17:21:46,timeslice,0,98.1,10743,16126,66.6
1785432106.855,17:21:46,timeslice,1,98.2,10743,16126,66.6
1785432106.855,17:21:46,timeslice,2,97.6,10743,16126,66.6
1785432106.855,17:21:46,timeslice,3,98.0,10743,16126,66.6
1785432106.855,17:21:46,timeslice,4,98.2,10743,16126,66.6
1785432106.855,17:21:46,timeslice,5,98.1,10743,16126,66.6
1785432106.855,17:21:46,timeslice,6,98.7,10744,16126,66.6
1785432106.855,17:21:46,timeslice,7,98.5,10743,16126,66.6
1785432107.855,17:21:47,timeslice,0,98.1,10743,16126,66.6
1785432107.855,17:21:47,timeslice,1,98.2,10743,16126,66.6
1785432107.855,17:21:47,timeslice,2,97.6,10743,16126,66.6
1785432107.855,17:21:47,timeslice,3,98.0,10743,16126,66.6
1785432107.855,17:21:47,timeslice,4,98.2,10743,16126,66.6
1785432107.855,17:21:47,timeslice,5,98.1,10743,16126,66.6
1785432107.855,17:21:47,timeslice,6,98.7,10744,16126,66.6
1785432107.855,17:21:47,timeslice,7,98.5,10743,16126,66.6
1785432108.856,17:21:48,timeslice,0,98.7,8510,16126,52.8
1785432108.856,17:21:48,timeslice,1,99.4,8526,16126,52.9
1785432108.856,17:21:48,timeslice,2,99.0,8782,16126,54.5
1785432108.856,17:21:48,timeslice,3,99.0,8462,16126,52.5
1785432108.856,17:21:48,timeslice,4,99.3,8510,16126,52.8
1785432108.856,17:21:48,timeslice,5,99.0,8510,16126,52.8
1785432108.856,17:21:48,timeslice,6,99.3,8576,16126,53.2
1785432108.856,17:21:48,timeslice,7,99.6,8606,16126,53.4
1785432109.856,17:21:49,timeslice,0,98.7,8510,16126,52.8
1785432109.856,17:21:49,timeslice,1,99.4,8526,16126,52.9
1785432109.856,17:21:49,timeslice,2,99.0,8782,16126,54.5
1785432109.856,17:21:49,timeslice,3,99.0,8462,16126,52.5
1785432109.856,17:21:49,timeslice,4,99.3,8510,16126,52.8
1785432109.856,17:21:49,timeslice,5,99.0,8510,16126,52.8
1785432109.856,17:21:49,timeslice,6,99.3,8576,16126,53.2
1785432109.856,17:21:49,timeslice,7,99.6,8606,16126,53.4
1785432110.856,17:21:50,timeslice,0,98.7,8510,16126,52.8
1785432110.856,17:21:50,timeslice,1,99.4,8526,16126,52.9
1785432110.856,17:21:50,timeslice,2,99.0,8782,16126,54.5
1785432110.856,17:21:50,timeslice,3,99.0,8462,16126,52.5
1785432110.856,17:21:50,timeslice,4,99.3,8510,16126,52.8
1785432110.856,17:21:50,timeslice,5,99.0,8510,16126,52.8
1785432110.856,17:21:50,timeslice,6,99.3,8576,16126,53.2
1785432110.856,17:21:50,timeslice,7,99.6,8606,16126,53.4
1785432111.856,17:21:51,timeslice,0,98.7,8510,16126,52.8
1785432111.856,17:21:51,timeslice,1,99.4,8526,16126,52.9
1785432111.856,17:21:51,timeslice,2,99.0,8782,16126,54.5
1785432111.856,17:21:51,timeslice,3,99.0,8462,16126,52.5
1785432111.856,17:21:51,timeslice,4,99.3,8510,16126,52.8
1785432111.856,17:21:51,timeslice,5,99.0,8510,16126,52.8
1785432111.856,17:21:51,timeslice,6,99.3,8576,16126,53.2
1785432111.856,17:21:51,timeslice,7,99.6,8606,16126,53.4
1785432112.856,17:21:52,timeslice,0,98.7,8510,16126,52.8
1785432112.856,17:21:52,timeslice,1,99.4,8526,16126,52.9
1785432112.856,17:21:52,timeslice,2,99.0,8782,16126,54.5
1785432112.856,17:21:52,timeslice,3,99.0,8462,16126,52.5
1785432112.856,17:21:52,timeslice,4,99.3,8510,16126,52.8
1785432112.856,17:21:52,timeslice,5,99.0,8510,16126,52.8
1785432112.856,17:21:52,timeslice,6,99.3,8576,16126,53.2
1785432112.856,17:21:52,timeslice,7,99.6,8606,16126,53.4
1785432113.856,17:21:53,timeslice,0,96.3,10604,16126,65.8
1785432113.856,17:21:53,timeslice,1,96.3,10604,16126,65.8
1785432113.856,17:21:53,timeslice,2,96.0,10604,16126,65.8
1785432113.856,17:21:53,timeslice,3,96.2,10604,16126,65.8
1785432113.856,17:21:53,timeslice,4,96.1,10604,16126,65.8
1785432113.856,17:21:53,timeslice,5,96.3,10604,16126,65.8
1785432113.856,17:21:53,timeslice,6,96.1,10605,16126,65.8
1785432113.856,17:21:53,timeslice,7,96.1,10604,16126,65.8
1785432114.856,17:21:54,timeslice,0,96.3,10604,16126,65.8
1785432114.856,17:21:54,timeslice,1,96.3,10604,16126,65.8
1785432114.856,17:21:54,timeslice,2,96.0,10604,16126,65.8
1785432114.856,17:21:54,timeslice,3,96.2,10604,16126,65.8
1785432114.856,17:21:54,timeslice,4,96.1,10604,16126,65.8
1785432114.856,17:21:54,timeslice,5,96.3,10604,16126,65.8
1785432114.856,17:21:54,timeslice,6,96.1,10605,16126,65.8
1785432114.856,17:21:54,timeslice,7,96.1,10604,16126,65.8
1785432115.856,17:21:55,timeslice,0,96.3,10604,16126,65.8
1785432115.856,17:21:55,timeslice,1,96.3,10604,16126,65.8
1785432115.856,17:21:55,timeslice,2,96.0,10604,16126,65.8
1785432115.856,17:21:55,timeslice,3,96.2,10604,16126,65.8
1785432115.856,17:21:55,timeslice,4,96.1,10604,16126,65.8
1785432115.856,17:21:55,timeslice,5,96.3,10604,16126,65.8
1785432115.856,17:21:55,timeslice,6,96.1,10605,16126,65.8
1785432115.856,17:21:55,timeslice,7,96.1,10604,16126,65.8
1785432116.857,17:21:56,timeslice,0,96.3,10604,16126,65.8
1785432116.857,17:21:56,timeslice,1,96.3,10604,16126,65.8
1785432116.857,17:21:56,timeslice,2,96.0,10604,16126,65.8
1785432116.857,17:21:56,timeslice,3,96.2,10604,16126,65.8
1785432116.857,17:21:56,timeslice,4,96.1,10604,16126,65.8
1785432116.857,17:21:56,timeslice,5,96.3,10604,16126,65.8
1785432116.857,17:21:56,timeslice,6,96.1,10605,16126,65.8
1785432116.857,17:21:56,timeslice,7,96.1,10604,16126,65.8
1785432117.857,17:21:57,timeslice,0,96.3,10604,16126,65.8
1785432117.857,17:21:57,timeslice,1,96.3,10604,16126,65.8
1785432117.857,17:21:57,timeslice,2,96.0,10604,16126,65.8
1785432117.857,17:21:57,timeslice,3,96.2,10604,16126,65.8
1785432117.857,17:21:57,timeslice,4,96.1,10604,16126,65.8
1785432117.857,17:21:57,timeslice,5,96.3,10604,16126,65.8
1785432117.857,17:21:57,timeslice,6,96.1,10605,16126,65.8
1785432117.857,17:21:57,timeslice,7,96.1,10604,16126,65.8
1785432118.857,17:21:58,timeslice,0,100.0,8575,16126,53.2
1785432118.857,17:21:58,timeslice,1,100.0,8510,16126,52.8
1785432118.857,17:21:58,timeslice,2,100.0,8526,16126,52.9
1785432118.857,17:21:58,timeslice,3,100.0,8622,16126,53.5
1785432118.857,17:21:58,timeslice,4,100.0,8670,16126,53.8
1785432118.857,17:21:58,timeslice,5,100.0,8575,16126,53.2
1785432118.857,17:21:58,timeslice,6,100.0,8784,16126,54.5
1785432118.857,17:21:58,timeslice,7,100.0,8575,16126,53.2
1785432119.857,17:21:59,timeslice,0,100.0,8575,16126,53.2
1785432119.857,17:21:59,timeslice,1,100.0,8510,16126,52.8
1785432119.857,17:21:59,timeslice,2,100.0,8526,16126,52.9
1785432119.857,17:21:59,timeslice,3,100.0,8622,16126,53.5
1785432119.857,17:21:59,timeslice,4,100.0,8670,16126,53.8
1785432119.857,17:21:59,timeslice,5,100.0,8575,16126,53.2
1785432119.857,17:21:59,timeslice,6,100.0,8784,16126,54.5
1785432119.857,17:21:59,timeslice,7,100.0,8575,16126,53.2
1785432120.861,17:22:00,timeslice,0,0.0,0,0,0.0
1785432120.861,17:22:00,timeslice,1,0.0,0,0,0.0
1785432120.861,17:22:00,timeslice,2,0.0,0,0,0.0
1785432120.861,17:22:00,timeslice,3,0.0,0,0,0.0
1785432120.861,17:22:00,timeslice,4,0.0,0,0,0.0
1785432120.861,17:22:00,timeslice,5,0.0,0,0,0.0
1785432120.861,17:22:00,timeslice,6,0.0,0,0,0.0
1785432120.861,17:22:00,timeslice,7,0.0,0,0,0.0
1785432121.922,17:22:01,timeslice,0,0.0,0,0,0.0
1785432121.922,17:22:01,timeslice,1,0.0,0,0,0.0
1785432121.922,17:22:01,timeslice,2,0.0,0,0,0.0
1785432121.922,17:22:01,timeslice,3,0.0,0,0,0.0
1785432121.922,17:22:01,timeslice,4,0.0,0,0,0.0
1785432121.922,17:22:01,timeslice,5,0.0,0,0,0.0
1785432121.922,17:22:01,timeslice,6,0.0,0,0,0.0
1785432121.922,17:22:01,timeslice,7,0.0,0,0,0.0
1785432122.944,17:22:02,timeslice,0,0.0,0,0,0.0
1785432122.944,17:22:02,timeslice,1,0.0,0,0,0.0
1785432122.944,17:22:02,timeslice,2,0.0,0,0,0.0
1785432122.944,17:22:02,timeslice,3,0.0,0,0,0.0
1785432122.944,17:22:02,timeslice,4,0.0,0,0,0.0
1785432122.944,17:22:02,timeslice,5,0.0,0,0,0.0
1785432122.944,17:22:02,timeslice,6,0.0,0,0,0.0
1785432122.944,17:22:02,timeslice,7,0.0,0,0,0.0
1785432123.944,17:22:03,timeslice,0,0.0,0,0,0.0
1785432123.944,17:22:03,timeslice,1,0.0,0,0,0.0
1785432123.944,17:22:03,timeslice,2,0.0,0,0,0.0
1785432123.944,17:22:03,timeslice,3,0.0,0,0,0.0
1785432123.944,17:22:03,timeslice,4,0.0,0,0,0.0
1785432123.944,17:22:03,timeslice,5,0.0,0,0,0.0
1785432123.944,17:22:03,timeslice,6,0.0,0,0,0.0
1785432123.944,17:22:03,timeslice,7,0.0,0,0,0.0
1785432124.944,17:22:04,timeslice,0,0.0,0,0,0.0
1785432124.944,17:22:04,timeslice,1,0.0,0,0,0.0
1785432124.944,17:22:04,timeslice,2,0.0,0,0,0.0
1785432124.944,17:22:04,timeslice,3,0.0,0,0,0.0
1785432124.944,17:22:04,timeslice,4,0.0,0,0,0.0
1785432124.944,17:22:04,timeslice,5,0.0,0,0,0.0
1785432124.944,17:22:04,timeslice,6,0.0,0,0,0.0
1785432124.944,17:22:04,timeslice,7,0.0,0,0,0.0
1785432125.944,17:22:05,timeslice,0,0.0,0,0,0.0
1785432125.944,17:22:05,timeslice,1,0.0,0,0,0.0
1785432125.944,17:22:05,timeslice,2,0.0,0,0,0.0
1785432125.944,17:22:05,timeslice,3,0.0,0,0,0.0
1785432125.944,17:22:05,timeslice,4,0.0,0,0,0.0
1785432125.944,17:22:05,timeslice,5,0.0,0,0,0.0
1785432125.944,17:22:05,timeslice,6,0.0,0,0,0.0
1785432125.944,17:22:05,timeslice,7,0.0,0,0,0.0
1785432126.944,17:22:06,timeslice,0,0.0,0,0,0.0
1785432126.944,17:22:06,timeslice,1,0.0,0,0,0.0
1785432126.944,17:22:06,timeslice,2,0.0,0,0,0.0
1785432126.944,17:22:06,timeslice,3,0.0,0,0,0.0
1785432126.944,17:22:06,timeslice,4,0.0,0,0,0.0
1785432126.944,17:22:06,timeslice,5,0.0,0,0,0.0
1785432126.944,17:22:06,timeslice,6,0.0,0,0,0.0
1785432126.944,17:22:06,timeslice,7,0.0,0,0,0.0
1785432127.945,17:22:07,timeslice,0,0.0,0,0,0.0
1785432127.945,17:22:07,timeslice,1,0.0,0,0,0.0
1785432127.945,17:22:07,timeslice,2,0.0,0,0,0.0
1785432127.945,17:22:07,timeslice,3,0.0,0,0,0.0
1785432127.945,17:22:07,timeslice,4,0.0,0,0,0.0
1785432127.945,17:22:07,timeslice,5,0.0,0,0,0.0
1785432127.945,17:22:07,timeslice,6,0.0,0,0,0.0
1785432127.945,17:22:07,timeslice,7,0.0,0,0,0.0
1785432128.945,17:22:08,timeslice,0,0.0,0,0,0.0
1785432128.945,17:22:08,timeslice,1,0.0,0,0,0.0
1785432128.945,17:22:08,timeslice,2,0.0,0,0,0.0
1785432128.945,17:22:08,timeslice,3,0.0,0,0,0.0
1785432128.945,17:22:08,timeslice,4,0.0,0,0,0.0
1785432128.945,17:22:08,timeslice,5,0.0,0,0,0.0
1785432128.945,17:22:08,timeslice,6,0.0,0,0,0.0
1785432128.945,17:22:08,timeslice,7,0.0,0,0,0.0
1785432129.945,17:22:09,timeslice,0,0.0,0,0,0.0
1785432129.945,17:22:09,timeslice,1,0.0,0,0,0.0
1785432129.945,17:22:09,timeslice,2,0.0,0,0,0.0
1785432129.945,17:22:09,timeslice,3,0.0,0,0,0.0
1785432129.945,17:22:09,timeslice,4,0.0,0,0,0.0
1785432129.945,17:22:09,timeslice,5,0.0,0,0,0.0
1785432129.945,17:22:09,timeslice,6,0.0,0,0,0.0
1785432129.945,17:22:09,timeslice,7,0.0,0,0,0.0
1785432130.945,17:22:10,timeslice,0,0.0,0,0,0.0
1785432130.945,17:22:10,timeslice,1,0.0,0,0,0.0
1785432130.945,17:22:10,timeslice,2,0.0,0,0,0.0
1785432130.945,17:22:10,timeslice,3,0.0,0,0,0.0
1785432130.945,17:22:10,timeslice,4,0.0,0,0,0.0
1785432130.945,17:22:10,timeslice,5,0.0,0,0,0.0
1785432130.945,17:22:10,timeslice,6,0.0,0,0,0.0
1785432130.945,17:22:10,timeslice,7,0.0,0,0,0.0
1785432131.945,17:22:11,timeslice,0,0.0,0,0,0.0
1785432131.945,17:22:11,timeslice,1,0.0,0,0,0.0
1785432131.945,17:22:11,timeslice,2,0.0,0,0,0.0
1785432131.945,17:22:11,timeslice,3,0.0,0,0,0.0
1785432131.945,17:22:11,timeslice,4,0.0,0,0,0.0
1785432131.945,17:22:11,timeslice,5,0.0,0,0,0.0
1785432131.945,17:22:11,timeslice,6,0.0,0,0,0.0
1785432131.945,17:22:11,timeslice,7,0.0,0,0,0.0
1785432132.945,17:22:12,timeslice,0,0.0,0,0,0.0
1785432132.945,17:22:12,timeslice,1,0.0,0,0,0.0
1785432132.945,17:22:12,timeslice,2,0.0,0,0,0.0
1785432132.945,17:22:12,timeslice,3,0.0,0,0,0.0
1785432132.945,17:22:12,timeslice,4,0.0,0,0,0.0
1785432132.945,17:22:12,timeslice,5,0.0,0,0,0.0
1785432132.945,17:22:12,timeslice,6,0.0,0,0,0.0
1785432132.945,17:22:12,timeslice,7,0.0,0,0,0.0
1785432133.945,17:22:13,timeslice,0,0.0,0,0,0.0
1785432133.945,17:22:13,timeslice,1,0.0,0,0,0.0
1785432133.945,17:22:13,timeslice,2,0.0,0,0,0.0
1785432133.945,17:22:13,timeslice,3,0.0,0,0,0.0
1785432133.945,17:22:13,timeslice,4,0.0,0,0,0.0
1785432133.945,17:22:13,timeslice,5,0.0,0,0,0.0
1785432133.945,17:22:13,timeslice,6,0.0,0,0,0.0
1785432133.945,17:22:13,timeslice,7,0.0,0,0,0.0
1785432134.945,17:22:14,timeslice,0,0.0,0,0,0.0
1785432134.945,17:22:14,timeslice,1,0.0,0,0,0.0
1785432134.945,17:22:14,timeslice,2,0.0,0,0,0.0
1785432134.945,17:22:14,timeslice,3,0.0,0,0,0.0
1785432134.945,17:22:14,timeslice,4,0.0,0,0,0.0
1785432134.945,17:22:14,timeslice,5,0.0,0,0,0.0
1785432134.945,17:22:14,timeslice,6,0.0,0,0,0.0
1785432134.945,17:22:14,timeslice,7,0.0,0,0,0.0
1785432135.946,17:22:15,timeslice,0,0.0,0,0,0.0
1785432135.946,17:22:15,timeslice,1,0.0,0,0,0.0
1785432135.946,17:22:15,timeslice,2,0.0,0,0,0.0
1785432135.946,17:22:15,timeslice,3,0.0,0,0,0.0
1785432135.946,17:22:15,timeslice,4,0.0,0,0,0.0
1785432135.946,17:22:15,timeslice,5,0.0,0,0,0.0
1785432135.946,17:22:15,timeslice,6,0.0,0,0,0.0
1785432135.946,17:22:15,timeslice,7,0.0,0,0,0.0
1785432136.946,17:22:16,timeslice,0,0.0,0,0,0.0
1785432136.946,17:22:16,timeslice,1,0.0,0,0,0.0
1785432136.946,17:22:16,timeslice,2,0.0,0,0,0.0
1785432136.946,17:22:16,timeslice,3,0.0,0,0,0.0
1785432136.946,17:22:16,timeslice,4,0.0,0,0,0.0
1785432136.946,17:22:16,timeslice,5,0.0,0,0,0.0
1785432136.946,17:22:16,timeslice,6,0.0,0,0,0.0
1785432136.946,17:22:16,timeslice,7,0.0,0,0,0.0
1785432137.946,17:22:17,timeslice,0,0.0,0,0,0.0
1785432137.946,17:22:17,timeslice,1,0.0,0,0,0.0
1785432137.946,17:22:17,timeslice,2,0.0,0,0,0.0
1785432137.946,17:22:17,timeslice,3,0.0,0,0,0.0
1785432137.946,17:22:17,timeslice,4,0.0,0,0,0.0
1785432137.946,17:22:17,timeslice,5,0.0,0,0,0.0
1785432137.946,17:22:17,timeslice,6,0.0,0,0,0.0
1785432137.946,17:22:17,timeslice,7,0.0,0,0,0.0
1785432138.946,17:22:18,timeslice,0,0.0,0,0,0.0
1785432138.946,17:22:18,timeslice,1,0.0,0,0,0.0
1785432138.946,17:22:18,timeslice,2,0.0,0,0,0.0
1785432138.946,17:22:18,timeslice,3,0.0,0,0,0.0
1785432138.946,17:22:18,timeslice,4,0.0,0,0,0.0
1785432138.946,17:22:18,timeslice,5,0.0,0,0,0.0
1785432138.946,17:22:18,timeslice,6,0.0,0,0,0.0
1785432138.946,17:22:18,timeslice,7,0.0,0,0,0.0
1785432139.946,17:22:19,timeslice,0,0.0,0,0,0.0
1785432139.946,17:22:19,timeslice,1,0.0,0,0,0.0
1785432139.946,17:22:19,timeslice,2,0.0,0,0,0.0
1785432139.946,17:22:19,timeslice,3,0.0,0,0,0.0
1785432139.946,17:22:19,timeslice,4,0.0,0,0,0.0
1785432139.946,17:22:19,timeslice,5,0.0,0,0,0.0
1785432139.946,17:22:19,timeslice,6,0.0,0,0,0.0
1785432139.946,17:22:19,timeslice,7,0.0,0,0,0.0
1785432140.946,17:22:20,timeslice,0,0.0,0,0,0.0
1785432140.946,17:22:20,timeslice,1,0.0,0,0,0.0
1785432140.946,17:22:20,timeslice,2,0.0,0,0,0.0
1785432140.946,17:22:20,timeslice,3,0.0,0,0,0.0
1785432140.946,17:22:20,timeslice,4,0.0,0,0,0.0
1785432140.946,17:22:20,timeslice,5,0.0,0,0,0.0
1785432140.946,17:22:20,timeslice,6,0.0,0,0,0.0
1785432140.946,17:22:20,timeslice,7,0.0,0,0,0.0
1785432141.946,17:22:21,timeslice,0,0.0,0,0,0.0
1785432141.946,17:22:21,timeslice,1,0.0,0,0,0.0
1785432141.946,17:22:21,timeslice,2,0.0,0,0,0.0
1785432141.946,17:22:21,timeslice,3,0.0,0,0,0.0
1785432141.946,17:22:21,timeslice,4,0.0,0,0,0.0
1785432141.946,17:22:21,timeslice,5,0.0,0,0,0.0
1785432141.946,17:22:21,timeslice,6,0.0,0,0,0.0
1785432141.946,17:22:21,timeslice,7,0.0,0,0,0.0
1785432142.946,17:22:22,timeslice,0,0.0,0,0,0.0
1785432142.946,17:22:22,timeslice,1,0.0,0,0,0.0
1785432142.946,17:22:22,timeslice,2,0.0,0,0,0.0
1785432142.946,17:22:22,timeslice,3,0.0,0,0,0.0
1785432142.946,17:22:22,timeslice,4,0.0,0,0,0.0
1785432142.946,17:22:22,timeslice,5,0.0,0,0,0.0
1785432142.946,17:22:22,timeslice,6,0.0,0,0,0.0
1785432142.946,17:22:22,timeslice,7,0.0,0,0,0.0
1785432143.947,17:22:23,timeslice,0,0.0,0,0,0.0
1785432143.947,17:22:23,timeslice,1,0.0,0,0,0.0
1785432143.947,17:22:23,timeslice,2,0.0,0,0,0.0
1785432143.947,17:22:23,timeslice,3,0.0,0,0,0.0
1785432143.947,17:22:23,timeslice,4,0.0,0,0,0.0
1785432143.947,17:22:23,timeslice,5,0.0,0,0,0.0
1785432143.947,17:22:23,timeslice,6,0.0,0,0,0.0
1785432143.947,17:22:23,timeslice,7,0.0,0,0,0.0
1785432144.947,17:22:24,timeslice,0,0.0,0,0,0.0
1785432144.947,17:22:24,timeslice,1,0.0,0,0,0.0
1785432144.947,17:22:24,timeslice,2,0.0,0,0,0.0
1785432144.947,17:22:24,timeslice,3,0.0,0,0,0.0
1785432144.947,17:22:24,timeslice,4,0.0,0,0,0.0
1785432144.947,17:22:24,timeslice,5,0.0,0,0,0.0
1785432144.947,17:22:24,timeslice,6,0.0,0,0,0.0
1785432144.947,17:22:24,timeslice,7,0.0,0,0,0.0
1785432145.947,17:22:25,timeslice,0,0.0,0,0,0.0
1785432145.947,17:22:25,timeslice,1,0.0,0,0,0.0
1785432145.947,17:22:25,timeslice,2,0.0,0,0,0.0
1785432145.947,17:22:25,timeslice,3,0.0,0,0,0.0
1785432145.947,17:22:25,timeslice,4,0.0,0,0,0.0
1785432145.947,17:22:25,timeslice,5,0.0,0,0,0.0
1785432145.947,17:22:25,timeslice,6,0.0,0,0,0.0
1785432145.947,17:22:25,timeslice,7,0.0,0,0,0.0
1785432146.947,17:22:26,timeslice,0,0.0,0,0,0.0
1785432146.947,17:22:26,timeslice,1,0.0,0,0,0.0
1785432146.947,17:22:26,timeslice,2,0.0,0,0,0.0
1785432146.947,17:22:26,timeslice,3,0.0,0,0,0.0
1785432146.947,17:22:26,timeslice,4,0.0,0,0,0.0
1785432146.947,17:22:26,timeslice,5,0.0,0,0,0.0
1785432146.947,17:22:26,timeslice,6,0.0,0,0,0.0
1785432146.947,17:22:26,timeslice,7,0.0,0,0,0.0
1785432147.947,17:22:27,timeslice,0,0.0,0,0,0.0
1785432147.947,17:22:27,timeslice,1,0.0,0,0,0.0
1785432147.947,17:22:27,timeslice,2,0.0,0,0,0.0
1785432147.947,17:22:27,timeslice,3,0.0,0,0,0.0
1785432147.947,17:22:27,timeslice,4,0.0,0,0,0.0
1785432147.947,17:22:27,timeslice,5,0.0,0,0,0.0
1785432147.947,17:22:27,timeslice,6,0.0,0,0,0.0
1785432147.947,17:22:27,timeslice,7,0.0,0,0,0.0
1785432148.947,17:22:28,timeslice,0,0.0,0,0,0.0
1785432148.947,17:22:28,timeslice,1,0.0,0,0,0.0
1785432148.947,17:22:28,timeslice,2,0.0,0,0,0.0
1785432148.947,17:22:28,timeslice,3,0.0,0,0,0.0
1785432148.947,17:22:28,timeslice,4,0.0,0,0,0.0
1785432148.947,17:22:28,timeslice,5,0.0,0,0,0.0
1785432148.947,17:22:28,timeslice,6,0.0,0,0,0.0
1785432148.947,17:22:28,timeslice,7,0.0,0,0,0.0
1785432149.947,17:22:29,timeslice,0,0.0,0,0,0.0
1785432149.947,17:22:29,timeslice,1,0.0,0,0,0.0
1785432149.947,17:22:29,timeslice,2,0.0,0,0,0.0
1785432149.947,17:22:29,timeslice,3,0.0,0,0,0.0
1785432149.947,17:22:29,timeslice,4,0.0,0,0,0.0
1785432149.947,17:22:29,timeslice,5,0.0,0,0,0.0
1785432149.947,17:22:29,timeslice,6,0.0,0,0,0.0
1785432149.947,17:22:29,timeslice,7,0.0,0,0,0.0
1785432150.948,17:22:30,timeslice,0,0.0,0,0,0.0
1785432150.948,17:22:30,timeslice,1,0.0,0,0,0.0
1785432150.948,17:22:30,timeslice,2,0.0,0,0,0.0
1785432150.948,17:22:30,timeslice,3,0.0,0,0,0.0
1785432150.948,17:22:30,timeslice,4,0.0,0,0,0.0
1785432150.948,17:22:30,timeslice,5,0.0,0,0,0.0
1785432150.948,17:22:30,timeslice,6,0.0,0,0,0.0
1785432150.948,17:22:30,timeslice,7,0.0,0,0,0.0
1785432151.948,17:22:31,timeslice,0,0.0,0,0,0.0
1785432151.948,17:22:31,timeslice,1,0.0,0,0,0.0
1785432151.948,17:22:31,timeslice,2,0.0,0,0,0.0
1785432151.948,17:22:31,timeslice,3,0.0,0,0,0.0
1785432151.948,17:22:31,timeslice,4,0.0,0,0,0.0
1785432151.948,17:22:31,timeslice,5,0.0,0,0,0.0
1785432151.948,17:22:31,timeslice,6,0.0,0,0,0.0
1785432151.948,17:22:31,timeslice,7,0.0,0,0,0.0
1785432152.948,17:22:32,timeslice,0,0.0,0,0,0.0
1785432152.948,17:22:32,timeslice,1,0.0,0,0,0.0
1785432152.948,17:22:32,timeslice,2,0.0,0,0,0.0
1785432152.948,17:22:32,timeslice,3,0.0,0,0,0.0
1785432152.948,17:22:32,timeslice,4,0.0,0,0,0.0
1785432152.948,17:22:32,timeslice,5,0.0,0,0,0.0
1785432152.948,17:22:32,timeslice,6,0.0,0,0,0.0
1785432152.948,17:22:32,timeslice,7,0.0,0,0,0.0
1785432153.948,17:22:33,timeslice,0,0.0,0,0,0.0
1785432153.948,17:22:33,timeslice,1,0.0,0,0,0.0
1785432153.948,17:22:33,timeslice,2,0.0,0,0,0.0
1785432153.948,17:22:33,timeslice,3,0.0,0,0,0.0
1785432153.948,17:22:33,timeslice,4,0.0,0,0,0.0
1785432153.948,17:22:33,timeslice,5,0.0,0,0,0.0
1785432153.948,17:22:33,timeslice,6,0.0,0,0,0.0
1785432153.948,17:22:33,timeslice,7,0.0,0,0,0.0
1785432154.948,17:22:34,timeslice,0,0.0,0,0,0.0
1785432154.948,17:22:34,timeslice,1,0.0,0,0,0.0
1785432154.948,17:22:34,timeslice,2,0.0,0,0,0.0
1785432154.948,17:22:34,timeslice,3,0.0,0,0,0.0
1785432154.948,17:22:34,timeslice,4,0.0,0,0,0.0
1785432154.948,17:22:34,timeslice,5,0.0,0,0,0.0
1785432154.948,17:22:34,timeslice,6,0.0,0,0,0.0
1785432154.948,17:22:34,timeslice,7,0.0,0,0,0.0
1785432155.948,17:22:35,timeslice,0,0.0,0,0,0.0
1785432155.948,17:22:35,timeslice,1,0.0,0,0,0.0
1785432155.948,17:22:35,timeslice,2,0.0,0,0,0.0
1785432155.948,17:22:35,timeslice,3,0.0,0,0,0.0
1785432155.948,17:22:35,timeslice,4,0.0,0,0,0.0
1785432155.948,17:22:35,timeslice,5,0.0,0,0,0.0
1785432155.948,17:22:35,timeslice,6,0.0,0,0,0.0
1785432155.948,17:22:35,timeslice,7,0.0,0,0,0.0
1785432156.948,17:22:36,timeslice,0,0.0,0,0,0.0
1785432156.948,17:22:36,timeslice,1,0.0,0,0,0.0
1785432156.948,17:22:36,timeslice,2,0.0,0,0,0.0
1785432156.948,17:22:36,timeslice,3,0.0,0,0,0.0
1785432156.948,17:22:36,timeslice,4,0.0,0,0,0.0
1785432156.948,17:22:36,timeslice,5,0.0,0,0,0.0
1785432156.948,17:22:36,timeslice,6,0.0,0,0,0.0
1785432156.948,17:22:36,timeslice,7,0.0,0,0,0.0
1785432157.948,17:22:37,timeslice,0,0.0,0,0,0.0
1785432157.948,17:22:37,timeslice,1,0.0,0,0,0.0
1785432157.948,17:22:37,timeslice,2,0.0,0,0,0.0
1785432157.948,17:22:37,timeslice,3,0.0,0,0,0.0
1785432157.948,17:22:37,timeslice,4,0.0,0,0,0.0
1785432157.948,17:22:37,timeslice,5,0.0,0,0,0.0
1785432157.948,17:22:37,timeslice,6,0.0,0,0,0.0
1785432157.948,17:22:37,timeslice,7,0.0,0,0,0.0
1785432158.948,17:22:38,timeslice,0,0.0,0,0,0.0
1785432158.948,17:22:38,timeslice,1,0.0,0,0,0.0
1785432158.948,17:22:38,timeslice,2,0.0,0,0,0.0
1785432158.948,17:22:38,timeslice,3,0.0,0,0,0.0
1785432158.948,17:22:38,timeslice,4,0.0,0,0,0.0
1785432158.948,17:22:38,timeslice,5,0.0,0,0,0.0
1785432158.948,17:22:38,timeslice,6,0.0,0,0,0.0
1785432158.948,17:22:38,timeslice,7,0.0,0,0,0.0
1785432159.949,17:22:39,timeslice,0,0.0,0,0,0.0
1785432159.949,17:22:39,timeslice,1,0.0,0,0,0.0
1785432159.949,17:22:39,timeslice,2,0.0,0,0,0.0
1785432159.949,17:22:39,timeslice,3,0.0,0,0,0.0
1785432159.949,17:22:39,timeslice,4,0.0,0,0,0.0
1785432159.949,17:22:39,timeslice,5,0.0,0,0,0.0
1785432159.949,17:22:39,timeslice,6,0.0,0,0,0.0
1785432159.949,17:22:39,timeslice,7,0.0,0,0,0.0
1785432160.949,17:22:40,timeslice,0,0.0,0,0,0.0
1785432160.949,17:22:40,timeslice,1,0.0,0,0,0.0
1785432160.949,17:22:40,timeslice,2,0.0,0,0,0.0
1785432160.949,17:22:40,timeslice,3,0.0,0,0,0.0
1785432160.949,17:22:40,timeslice,4,0.0,0,0,0.0
1785432160.949,17:22:40,timeslice,5,0.0,0,0,0.0
1785432160.949,17:22:40,timeslice,6,0.0,0,0,0.0
1785432160.949,17:22:40,timeslice,7,0.0,0,0,0.0
1785432161.949,17:22:41,timeslice,0,0.0,0,0,0.0
1785432161.949,17:22:41,timeslice,1,0.0,0,0,0.0
1785432161.949,17:22:41,timeslice,2,0.0,0,0,0.0
1785432161.949,17:22:41,timeslice,3,0.0,0,0,0.0
1785432161.949,17:22:41,timeslice,4,0.0,0,0,0.0
1785432161.949,17:22:41,timeslice,5,0.0,0,0,0.0
1785432161.949,17:22:41,timeslice,6,0.0,0,0,0.0
1785432161.949,17:22:41,timeslice,7,0.0,0,0,0.0
1785432162.949,17:22:42,timeslice,0,0.0,0,0,0.0
1785432162.949,17:22:42,timeslice,1,0.0,0,0,0.0
1785432162.949,17:22:42,timeslice,2,0.0,0,0,0.0
1785432162.949,17:22:42,timeslice,3,0.0,0,0,0.0
1785432162.949,17:22:42,timeslice,4,0.0,0,0,0.0
1785432162.949,17:22:42,timeslice,5,0.0,0,0,0.0
1785432162.949,17:22:42,timeslice,6,0.0,0,0,0.0
1785432162.949,17:22:42,timeslice,7,0.0,0,0,0.0
1785432163.949,17:22:43,timeslice,0,0.0,0,0,0.0
1785432163.949,17:22:43,timeslice,1,0.0,0,0,0.0
1785432163.949,17:22:43,timeslice,2,0.0,0,0,0.0
1785432163.949,17:22:43,timeslice,3,0.0,0,0,0.0
1785432163.949,17:22:43,timeslice,4,0.0,0,0,0.0
1785432163.949,17:22:43,timeslice,5,0.0,0,0,0.0
1785432163.949,17:22:43,timeslice,6,0.0,0,0,0.0
1785432163.949,17:22:43,timeslice,7,0.0,0,0,0.0
1785432164.949,17:22:44,timeslice,0,0.0,0,0,0.0
1785432164.949,17:22:44,timeslice,1,0.0,0,0,0.0
1785432164.949,17:22:44,timeslice,2,0.0,0,0,0.0
1785432164.949,17:22:44,timeslice,3,0.0,0,0,0.0
1785432164.949,17:22:44,timeslice,4,0.0,0,0,0.0
1785432164.949,17:22:44,timeslice,5,0.0,0,0,0.0
1785432164.949,17:22:44,timeslice,6,0.0,0,0,0.0
1785432164.949,17:22:44,timeslice,7,0.0,0,0,0.0
1785432165.949,17:22:45,timeslice,0,0.0,0,0,0.0
1785432165.949,17:22:45,timeslice,1,0.0,0,0,0.0
1785432165.949,17:22:45,timeslice,2,0.0,0,0,0.0
1785432165.949,17:22:45,timeslice,3,0.0,0,0,0.0
1785432165.949,17:22:45,timeslice,4,0.0,0,0,0.0
1785432165.949,17:22:45,timeslice,5,0.0,0,0,0.0
1785432165.949,17:22:45,timeslice,6,0.0,0,0,0.0
1785432165.949,17:22:45,timeslice,7,0.0,0,0,0.0
1785432166.949,17:22:46,timeslice,0,0.0,0,0,0.0
1785432166.949,17:22:46,timeslice,1,0.0,0,0,0.0
1785432166.949,17:22:46,timeslice,2,0.0,0,0,0.0
1785432166.949,17:22:46,timeslice,3,0.0,0,0,0.0
1785432166.949,17:22:46,timeslice,4,0.0,0,0,0.0
1785432166.949,17:22:46,timeslice,5,0.0,0,0,0.0
1785432166.949,17:22:46,timeslice,6,0.0,0,0,0.0
1785432166.949,17:22:46,timeslice,7,0.0,0,0,0.0
1785432167.949,17:22:47,timeslice,0,0.0,0,0,0.0
1785432167.949,17:22:47,timeslice,1,0.0,0,0,0.0
1785432167.949,17:22:47,timeslice,2,0.0,0,0,0.0
1785432167.949,17:22:47,timeslice,3,0.0,0,0,0.0
1785432167.949,17:22:47,timeslice,4,0.0,0,0,0.0
1785432167.949,17:22:47,timeslice,5,0.0,0,0,0.0
1785432167.949,17:22:47,timeslice,6,0.0,0,0,0.0
1785432167.949,17:22:47,timeslice,7,0.0,0,0,0.0
1785432168.95,17:22:48,timeslice,0,0.0,0,0,0.0
1785432168.95,17:22:48,timeslice,1,0.0,0,0,0.0
1785432168.95,17:22:48,timeslice,2,0.0,0,0,0.0
1785432168.95,17:22:48,timeslice,3,0.0,0,0,0.0
1785432168.95,17:22:48,timeslice,4,0.0,0,0,0.0
1785432168.95,17:22:48,timeslice,5,0.0,0,0,0.0
1785432168.95,17:22:48,timeslice,6,0.0,0,0,0.0
1785432168.95,17:22:48,timeslice,7,0.0,0,0,0.0
1785432169.95,17:22:49,timeslice,0,0.0,0,0,0.0
1785432169.95,17:22:49,timeslice,1,0.0,0,0,0.0
1785432169.95,17:22:49,timeslice,2,0.0,0,0,0.0
1785432169.95,17:22:49,timeslice,3,0.0,0,0,0.0
1785432169.95,17:22:49,timeslice,4,0.0,0,0,0.0
1785432169.95,17:22:49,timeslice,5,0.0,0,0,0.0
1785432169.95,17:22:49,timeslice,6,0.0,0,0,0.0
1785432169.95,17:22:49,timeslice,7,0.0,0,0,0.0
1785432170.95,17:22:50,timeslice,0,0.0,0,0,0.0
1785432170.95,17:22:50,timeslice,1,0.0,0,0,0.0
1785432170.95,17:22:50,timeslice,2,0.0,0,0,0.0
1785432170.95,17:22:50,timeslice,3,0.0,0,0,0.0
1785432170.95,17:22:50,timeslice,4,0.0,0,0,0.0
1785432170.95,17:22:50,timeslice,5,0.0,0,0,0.0
1785432170.95,17:22:50,timeslice,6,0.0,0,0,0.0
1785432170.95,17:22:50,timeslice,7,0.0,0,0,0.0
1785432171.95,17:22:51,timeslice,0,0.0,0,0,0.0
1785432171.95,17:22:51,timeslice,1,0.0,0,0,0.0
1785432171.95,17:22:51,timeslice,2,0.0,0,0,0.0
1785432171.95,17:22:51,timeslice,3,0.0,0,0,0.0
1785432171.95,17:22:51,timeslice,4,0.0,0,0,0.0
1785432171.95,17:22:51,timeslice,5,0.0,0,0,0.0
1785432171.95,17:22:51,timeslice,6,0.0,0,0,0.0
1785432171.95,17:22:51,timeslice,7,0.0,0,0,0.0
1785432172.95,17:22:52,timeslice,0,0.0,0,0,0.0
1785432172.95,17:22:52,timeslice,1,0.0,0,0,0.0
1785432172.95,17:22:52,timeslice,2,0.0,0,0,0.0
1785432172.95,17:22:52,timeslice,3,0.0,0,0,0.0
1785432172.95,17:22:52,timeslice,4,0.0,0,0,0.0
1785432172.95,17:22:52,timeslice,5,0.0,0,0,0.0
1785432172.95,17:22:52,timeslice,6,0.0,0,0,0.0
1785432172.95,17:22:52,timeslice,7,0.0,0,0,0.0
1785432173.95,17:22:53,timeslice,0,0.0,0,0,0.0
1785432173.95,17:22:53,timeslice,1,0.0,0,0,0.0
1785432173.95,17:22:53,timeslice,2,0.0,0,0,0.0
1785432173.95,17:22:53,timeslice,3,0.0,0,0,0.0
1785432173.95,17:22:53,timeslice,4,0.0,0,0,0.0
1785432173.95,17:22:53,timeslice,5,0.0,0,0,0.0
1785432173.95,17:22:53,timeslice,6,0.0,0,0,0.0
1785432173.95,17:22:53,timeslice,7,0.0,0,0,0.0
1785432174.95,17:22:54,timeslice,0,0.0,0,0,0.0
1785432174.95,17:22:54,timeslice,1,0.0,0,0,0.0
1785432174.95,17:22:54,timeslice,2,0.0,0,0,0.0
1785432174.95,17:22:54,timeslice,3,0.0,0,0,0.0
1785432174.95,17:22:54,timeslice,4,0.0,0,0,0.0
1785432174.95,17:22:54,timeslice,5,0.0,0,0,0.0
1785432174.95,17:22:54,timeslice,6,0.0,0,0,0.0
1785432174.95,17:22:54,timeslice,7,0.0,0,0,0.0
1785432175.95,17:22:55,timeslice,0,0.0,0,0,0.0
1785432175.95,17:22:55,timeslice,1,0.0,0,0,0.0
1785432175.95,17:22:55,timeslice,2,0.0,0,0,0.0
1785432175.95,17:22:55,timeslice,3,0.0,0,0,0.0
1785432175.95,17:22:55,timeslice,4,0.0,0,0,0.0
1785432175.95,17:22:55,timeslice,5,0.0,0,0,0.0
1785432175.95,17:22:55,timeslice,6,0.0,0,0,0.0
1785432175.95,17:22:55,timeslice,7,0.0,0,0,0.0
1785432176.95,17:22:56,timeslice,0,0.0,0,0,0.0
1785432176.95,17:22:56,timeslice,1,0.0,0,0,0.0
1785432176.95,17:22:56,timeslice,2,0.0,0,0,0.0
1785432176.95,17:22:56,timeslice,3,0.0,0,0,0.0
1785432176.95,17:22:56,timeslice,4,0.0,0,0,0.0
1785432176.95,17:22:56,timeslice,5,0.0,0,0,0.0
1785432176.95,17:22:56,timeslice,6,0.0,0,0,0.0
1785432176.95,17:22:56,timeslice,7,0.0,0,0,0.0
1785432177.951,17:22:57,timeslice,0,0.0,0,0,0.0
1785432177.951,17:22:57,timeslice,1,0.0,0,0,0.0
1785432177.951,17:22:57,timeslice,2,0.0,0,0,0.0
1785432177.951,17:22:57,timeslice,3,0.0,0,0,0.0
1785432177.951,17:22:57,timeslice,4,0.0,0,0,0.0
1785432177.951,17:22:57,timeslice,5,0.0,0,0,0.0
1785432177.951,17:22:57,timeslice,6,0.0,0,0,0.0
1785432177.951,17:22:57,timeslice,7,0.0,0,0,0.0
1785432178.951,17:22:58,timeslice,0,0.0,0,0,0.0
1785432178.951,17:22:58,timeslice,1,0.0,0,0,0.0
1785432178.951,17:22:58,timeslice,2,0.0,0,0,0.0
1785432178.951,17:22:58,timeslice,3,0.0,0,0,0.0
1785432178.951,17:22:58,timeslice,4,0.0,0,0,0.0
1785432178.951,17:22:58,timeslice,5,0.0,0,0,0.0
1785432178.951,17:22:58,timeslice,6,0.0,0,0,0.0
1785432178.951,17:22:58,timeslice,7,0.0,0,0,0.0
1785432179.951,17:22:59,timeslice,0,0.0,0,0,0.0
1785432179.951,17:22:59,timeslice,1,0.0,0,0,0.0
1785432179.951,17:22:59,timeslice,2,0.0,0,0,0.0
1785432179.951,17:22:59,timeslice,3,0.0,0,0,0.0
1785432179.951,17:22:59,timeslice,4,0.0,0,0,0.0
1785432179.951,17:22:59,timeslice,5,0.0,0,0,0.0
1785432179.951,17:22:59,timeslice,6,0.0,0,0,0.0
1785432179.951,17:22:59,timeslice,7,0.0,0,0,0.0
1785432180.951,17:23:00,timeslice,0,0.0,0,0,0.0
1785432180.951,17:23:00,timeslice,1,0.0,0,0,0.0
1785432180.951,17:23:00,timeslice,2,0.0,0,0,0.0
1785432180.951,17:23:00,timeslice,3,0.0,0,0,0.0
1785432180.951,17:23:00,timeslice,4,0.0,0,0,0.0
1785432180.951,17:23:00,timeslice,5,0.0,0,0,0.0
1785432180.951,17:23:00,timeslice,6,0.0,0,0,0.0
1785432180.951,17:23:00,timeslice,7,0.0,0,0,0.0
1785432181.951,17:23:01,timeslice,0,0.0,0,0,0.0
1785432181.951,17:23:01,timeslice,1,0.0,0,0,0.0
1785432181.951,17:23:01,timeslice,2,0.0,0,0,0.0
1785432181.951,17:23:01,timeslice,3,0.0,0,0,0.0
1785432181.951,17:23:01,timeslice,4,0.0,0,0,0.0
1785432181.951,17:23:01,timeslice,5,0.0,0,0,0.0
1785432181.951,17:23:01,timeslice,6,0.0,0,0,0.0
1785432181.951,17:23:01,timeslice,7,0.0,0,0,0.0
1785432182.951,17:23:02,timeslice,0,0.0,0,0,0.0
1785432182.951,17:23:02,timeslice,1,0.0,0,0,0.0
1785432182.951,17:23:02,timeslice,2,0.0,0,0,0.0
1785432182.951,17:23:02,timeslice,3,0.0,0,0,0.0
1785432182.951,17:23:02,timeslice,4,0.0,0,0,0.0
1785432182.951,17:23:02,timeslice,5,0.0,0,0,0.0
1785432182.951,17:23:02,timeslice,6,0.0,0,0,0.0
1785432182.951,17:23:02,timeslice,7,0.0,0,0,0.0
1785432183.951,17:23:03,timeslice,0,0.0,0,0,0.0
1785432183.951,17:23:03,timeslice,1,0.0,0,0,0.0
1785432183.951,17:23:03,timeslice,2,0.0,0,0,0.0
1785432183.951,17:23:03,timeslice,3,0.0,0,0,0.0
1785432183.951,17:23:03,timeslice,4,0.0,0,0,0.0
1785432183.951,17:23:03,timeslice,5,0.0,0,0,0.0
1785432183.951,17:23:03,timeslice,6,0.0,0,0,0.0
1785432183.951,17:23:03,timeslice,7,0.0,0,0,0.0
1785432184.951,17:23:04,timeslice,0,0.0,0,0,0.0
1785432184.951,17:23:04,timeslice,1,0.0,0,0,0.0
1785432184.951,17:23:04,timeslice,2,0.0,0,0,0.0
1785432184.951,17:23:04,timeslice,3,0.0,0,0,0.0
1785432184.951,17:23:04,timeslice,4,0.0,0,0,0.0
1785432184.951,17:23:04,timeslice,5,0.0,0,0,0.0
1785432184.951,17:23:04,timeslice,6,0.0,0,0,0.0
1785432184.951,17:23:04,timeslice,7,0.0,0,0,0.0
1785432185.951,17:23:05,timeslice,0,0.0,0,0,0.0
1785432185.951,17:23:05,timeslice,1,0.0,0,0,0.0
1785432185.951,17:23:05,timeslice,2,0.0,0,0,0.0
1785432185.951,17:23:05,timeslice,3,0.0,0,0,0.0
1785432185.951,17:23:05,timeslice,4,0.0,0,0,0.0
1785432185.951,17:23:05,timeslice,5,0.0,0,0,0.0
1785432185.951,17:23:05,timeslice,6,0.0,0,0,0.0
1785432185.951,17:23:05,timeslice,7,0.0,0,0,0.0
1785432186.952,17:23:06,timeslice,0,0.0,0,0,0.0
1785432186.952,17:23:06,timeslice,1,0.0,0,0,0.0
1785432186.952,17:23:06,timeslice,2,0.0,0,0,0.0
1785432186.952,17:23:06,timeslice,3,0.0,0,0,0.0
1785432186.952,17:23:06,timeslice,4,0.0,0,0,0.0
1785432186.952,17:23:06,timeslice,5,0.0,0,0,0.0
1785432186.952,17:23:06,timeslice,6,0.0,0,0,0.0
1785432186.952,17:23:06,timeslice,7,0.0,0,0,0.0
1785432187.952,17:23:07,timeslice,0,0.0,0,0,0.0
1785432187.952,17:23:07,timeslice,1,0.0,0,0,0.0
1785432187.952,17:23:07,timeslice,2,0.0,0,0,0.0
1785432187.952,17:23:07,timeslice,3,0.0,0,0,0.0
1785432187.952,17:23:07,timeslice,4,0.0,0,0,0.0
1785432187.952,17:23:07,timeslice,5,0.0,0,0,0.0
1785432187.952,17:23:07,timeslice,6,0.0,0,0,0.0
1785432187.952,17:23:07,timeslice,7,0.0,0,0,0.0
1785432188.952,17:23:08,timeslice,0,0.0,0,0,0.0
1785432188.952,17:23:08,timeslice,1,0.0,0,0,0.0
1785432188.952,17:23:08,timeslice,2,0.0,0,0,0.0
1785432188.952,17:23:08,timeslice,3,0.0,0,0,0.0
1785432188.952,17:23:08,timeslice,4,0.0,0,0,0.0
1785432188.952,17:23:08,timeslice,5,0.0,0,0,0.0
1785432188.952,17:23:08,timeslice,6,0.0,0,0,0.0
1785432188.952,17:23:08,timeslice,7,0.0,0,0,0.0
1785432189.952,17:23:09,timeslice,0,0.0,0,0,0.0
1785432189.952,17:23:09,timeslice,1,0.0,0,0,0.0
1785432189.952,17:23:09,timeslice,2,0.0,0,0,0.0
1785432189.952,17:23:09,timeslice,3,0.0,0,0,0.0
1785432189.952,17:23:09,timeslice,4,0.0,0,0,0.0
1785432189.952,17:23:09,timeslice,5,0.0,0,0,0.0
1785432189.952,17:23:09,timeslice,6,0.0,0,0,0.0
1785432189.952,17:23:09,timeslice,7,0.0,0,0,0.0
1785432190.952,17:23:10,timeslice,0,0.0,0,0,0.0
1785432190.952,17:23:10,timeslice,1,0.0,0,0,0.0
1785432190.952,17:23:10,timeslice,2,0.0,0,0,0.0
1785432190.952,17:23:10,timeslice,3,0.0,0,0,0.0
1785432190.952,17:23:10,timeslice,4,0.0,0,0,0.0
1785432190.952,17:23:10,timeslice,5,0.0,0,0,0.0
1785432190.952,17:23:10,timeslice,6,0.0,0,0,0.0
1785432190.952,17:23:10,timeslice,7,0.0,0,0,0.0
1785432191.952,17:23:11,timeslice,0,0.0,0,0,0.0
1785432191.952,17:23:11,timeslice,1,0.0,0,0,0.0
1785432191.952,17:23:11,timeslice,2,0.0,0,0,0.0
1785432191.952,17:23:11,timeslice,3,0.0,0,0,0.0
1785432191.952,17:23:11,timeslice,4,0.0,0,0,0.0
1785432191.952,17:23:11,timeslice,5,0.0,0,0,0.0
1785432191.952,17:23:11,timeslice,6,0.0,0,0,0.0
1785432191.952,17:23:11,timeslice,7,0.0,0,0,0.0
1785432192.952,17:23:12,timeslice,0,0.0,0,0,0.0
1785432192.952,17:23:12,timeslice,1,0.0,0,0,0.0
1785432192.952,17:23:12,timeslice,2,0.0,0,0,0.0
1785432192.952,17:23:12,timeslice,3,0.0,0,0,0.0
1785432192.952,17:23:12,timeslice,4,0.0,0,0,0.0
1785432192.952,17:23:12,timeslice,5,0.0,0,0,0.0
1785432192.952,17:23:12,timeslice,6,0.0,0,0,0.0
1785432192.952,17:23:12,timeslice,7,0.0,0,0,0.0
1785432193.953,17:23:13,timeslice,0,0.0,0,0,0.0
1785432193.953,17:23:13,timeslice,1,0.0,0,0,0.0
1785432193.953,17:23:13,timeslice,2,0.0,0,0,0.0
1785432193.953,17:23:13,timeslice,3,0.0,0,0,0.0
1785432193.953,17:23:13,timeslice,4,0.0,0,0,0.0
1785432193.953,17:23:13,timeslice,5,0.0,0,0,0.0
1785432193.953,17:23:13,timeslice,6,0.0,0,0,0.0
1785432193.953,17:23:13,timeslice,7,0.0,0,0,0.0
1785432194.953,17:23:14,timeslice,0,0.0,0,0,0.0
1785432194.953,17:23:14,timeslice,1,0.0,0,0,0.0
1785432194.953,17:23:14,timeslice,2,0.0,0,0,0.0
1785432194.953,17:23:14,timeslice,3,0.0,0,0,0.0
1785432194.953,17:23:14,timeslice,4,0.0,0,0,0.0
1785432194.953,17:23:14,timeslice,5,0.0,0,0,0.0
1785432194.953,17:23:14,timeslice,6,0.0,0,0,0.0
1785432194.953,17:23:14,timeslice,7,0.0,0,0,0.0
1785432195.953,17:23:15,timeslice,0,0.0,0,0,0.0
1785432195.953,17:23:15,timeslice,1,0.0,0,0,0.0
1785432195.953,17:23:15,timeslice,2,0.0,0,0,0.0
1785432195.953,17:23:15,timeslice,3,0.0,0,0,0.0
1785432195.953,17:23:15,timeslice,4,0.0,0,0,0.0
1785432195.953,17:23:15,timeslice,5,0.0,0,0,0.0
1785432195.953,17:23:15,timeslice,6,0.0,0,0,0.0
1785432195.953,17:23:15,timeslice,7,0.0,0,0,0.0
1785432196.953,17:23:16,timeslice,0,0.0,0,0,0.0
1785432196.953,17:23:16,timeslice,1,0.0,0,0,0.0
1785432196.953,17:23:16,timeslice,2,0.0,0,0,0.0
1785432196.953,17:23:16,timeslice,3,0.0,0,0,0.0
1785432196.953,17:23:16,timeslice,4,0.0,0,0,0.0
1785432196.953,17:23:16,timeslice,5,0.0,0,0,0.0
1785432196.953,17:23:16,timeslice,6,0.0,0,0,0.0
1785432196.953,17:23:16,timeslice,7,0.0,0,0,0.0
1785432197.953,17:23:17,timeslice,0,0.0,0,0,0.0
1785432197.953,17:23:17,timeslice,1,0.0,0,0,0.0
1785432197.953,17:23:17,timeslice,2,0.0,0,0,0.0
1785432197.953,17:23:17,timeslice,3,0.0,0,0,0.0
1785432197.953,17:23:17,timeslice,4,0.0,0,0,0.0
1785432197.953,17:23:17,timeslice,5,0.0,0,0,0.0
1785432197.953,17:23:17,timeslice,6,0.0,0,0,0.0
1785432197.953,17:23:17,timeslice,7,0.0,0,0,0.0
1785432198.953,17:23:18,timeslice,0,0.0,0,0,0.0
1785432198.953,17:23:18,timeslice,1,0.0,0,0,0.0
1785432198.953,17:23:18,timeslice,2,0.0,0,0,0.0
1785432198.953,17:23:18,timeslice,3,0.0,0,0,0.0
1785432198.953,17:23:18,timeslice,4,0.0,0,0,0.0
1785432198.953,17:23:18,timeslice,5,0.0,0,0,0.0
1785432198.953,17:23:18,timeslice,6,0.0,0,0,0.0
1785432198.953,17:23:18,timeslice,7,0.0,0,0,0.0
1785432199.953,17:23:19,timeslice,0,0.0,0,0,0.0
1785432199.953,17:23:19,timeslice,1,0.0,0,0,0.0
1785432199.953,17:23:19,timeslice,2,0.0,0,0,0.0
1785432199.953,17:23:19,timeslice,3,0.0,0,0,0.0
1785432199.953,17:23:19,timeslice,4,0.0,0,0,0.0
1785432199.953,17:23:19,timeslice,5,0.0,0,0,0.0
1785432199.953,17:23:19,timeslice,6,0.0,0,0,0.0
1785432199.953,17:23:19,timeslice,7,0.0,0,0,0.0
1785432200.953,17:23:20,timeslice,0,0.0,0,0,0.0
1785432200.953,17:23:20,timeslice,1,0.0,0,0,0.0
1785432200.953,17:23:20,timeslice,2,0.0,0,0,0.0
1785432200.953,17:23:20,timeslice,3,0.0,0,0,0.0
1785432200.953,17:23:20,timeslice,4,0.0,0,0,0.0
1785432200.953,17:23:20,timeslice,5,0.0,0,0,0.0
1785432200.953,17:23:20,timeslice,6,0.0,0,0,0.0
1785432200.953,17:23:20,timeslice,7,0.0,0,0,0.0
1785432201.953,17:23:21,timeslice,0,0.0,0,0,0.0
1785432201.953,17:23:21,timeslice,1,0.0,0,0,0.0
1785432201.953,17:23:21,timeslice,2,0.0,0,0,0.0
1785432201.953,17:23:21,timeslice,3,0.0,0,0,0.0
1785432201.953,17:23:21,timeslice,4,0.0,0,0,0.0
1785432201.953,17:23:21,timeslice,5,0.0,0,0,0.0
1785432201.953,17:23:21,timeslice,6,0.0,0,0,0.0
1785432201.953,17:23:21,timeslice,7,0.0,0,0,0.0
1785432202.954,17:23:22,timeslice,0,0.0,0,0,0.0
1785432202.954,17:23:22,timeslice,1,0.0,0,0,0.0
1785432202.954,17:23:22,timeslice,2,0.0,0,0,0.0
1785432202.954,17:23:22,timeslice,3,0.0,0,0,0.0
1785432202.954,17:23:22,timeslice,4,0.0,0,0,0.0
1785432202.954,17:23:22,timeslice,5,0.0,0,0,0.0
1785432202.954,17:23:22,timeslice,6,0.0,0,0,0.0
1785432202.954,17:23:22,timeslice,7,0.0,0,0,0.0
1785432203.954,17:23:23,timeslice,0,0.0,0,0,0.0
1785432203.954,17:23:23,timeslice,1,0.0,0,0,0.0
1785432203.954,17:23:23,timeslice,2,0.0,0,0,0.0
1785432203.954,17:23:23,timeslice,3,0.0,0,0,0.0
1785432203.954,17:23:23,timeslice,4,0.0,0,0,0.0
1785432203.954,17:23:23,timeslice,5,0.0,0,0,0.0
1785432203.954,17:23:23,timeslice,6,0.0,0,0,0.0
1785432203.954,17:23:23,timeslice,7,0.0,0,0,0.0
1785432204.954,17:23:24,timeslice,0,0.0,0,0,0.0
1785432204.954,17:23:24,timeslice,1,0.0,0,0,0.0
1785432204.954,17:23:24,timeslice,2,0.0,0,0,0.0
1785432204.954,17:23:24,timeslice,3,0.0,0,0,0.0
1785432204.954,17:23:24,timeslice,4,0.0,0,0,0.0
1785432204.954,17:23:24,timeslice,5,0.0,0,0,0.0
1785432204.954,17:23:24,timeslice,6,0.0,0,0,0.0
1785432204.954,17:23:24,timeslice,7,0.0,0,0,0.0
1785432205.954,17:23:25,timeslice,0,0.0,0,0,0.0
1785432205.954,17:23:25,timeslice,1,0.0,0,0,0.0
1785432205.954,17:23:25,timeslice,2,0.0,0,0,0.0
1785432205.954,17:23:25,timeslice,3,0.0,0,0,0.0
1785432205.954,17:23:25,timeslice,4,0.0,0,0,0.0
1785432205.954,17:23:25,timeslice,5,0.0,0,0,0.0
1785432205.954,17:23:25,timeslice,6,0.0,0,0,0.0
1785432205.954,17:23:25,timeslice,7,0.0,0,0,0.0
1785432206.954,17:23:26,timeslice,0,0.0,0,0,0.0
1785432206.954,17:23:26,timeslice,1,0.0,0,0,0.0
1785432206.954,17:23:26,timeslice,2,0.0,0,0,0.0
1785432206.954,17:23:26,timeslice,3,0.0,0,0,0.0
1785432206.954,17:23:26,timeslice,4,0.0,0,0,0.0
1785432206.954,17:23:26,timeslice,5,0.0,0,0,0.0
1785432206.954,17:23:26,timeslice,6,0.0,0,0,0.0
1785432206.954,17:23:26,timeslice,7,0.0,0,0,0.0
1785432207.954,17:23:27,timeslice,0,0.0,0,0,0.0
1785432207.954,17:23:27,timeslice,1,0.0,0,0,0.0
1785432207.954,17:23:27,timeslice,2,0.0,0,0,0.0
1785432207.954,17:23:27,timeslice,3,0.0,0,0,0.0
1785432207.954,17:23:27,timeslice,4,0.0,0,0,0.0
1785432207.954,17:23:27,timeslice,5,0.0,0,0,0.0
1785432207.954,17:23:27,timeslice,6,0.0,0,0,0.0
1785432207.954,17:23:27,timeslice,7,0.0,0,0,0.0
1785432208.954,17:23:28,timeslice,0,0.0,0,0,0.0
1785432208.954,17:23:28,timeslice,1,0.0,0,0,0.0
1785432208.954,17:23:28,timeslice,2,0.0,0,0,0.0
1785432208.954,17:23:28,timeslice,3,0.0,0,0,0.0
1785432208.954,17:23:28,timeslice,4,0.0,0,0,0.0
1785432208.954,17:23:28,timeslice,5,0.0,0,0,0.0
1785432208.954,17:23:28,timeslice,6,0.0,0,0,0.0
1785432208.954,17:23:28,timeslice,7,0.0,0,0,0.0
1785432209.954,17:23:29,timeslice,0,0.0,0,0,0.0
1785432209.954,17:23:29,timeslice,1,0.0,0,0,0.0
1785432209.954,17:23:29,timeslice,2,0.0,0,0,0.0
1785432209.954,17:23:29,timeslice,3,0.0,0,0,0.0
1785432209.954,17:23:29,timeslice,4,0.0,0,0,0.0
1785432209.954,17:23:29,timeslice,5,0.0,0,0,0.0
1785432209.954,17:23:29,timeslice,6,0.0,0,0,0.0
1785432209.954,17:23:29,timeslice,7,0.0,0,0,0.0
1785432210.954,17:23:30,timeslice,0,0.0,0,0,0.0
1785432210.954,17:23:30,timeslice,1,0.0,0,0,0.0
1785432210.954,17:23:30,timeslice,2,0.0,0,0,0.0
1785432210.954,17:23:30,timeslice,3,0.0,0,0,0.0
1785432210.954,17:23:30,timeslice,4,0.0,0,0,0.0
1785432210.954,17:23:30,timeslice,5,0.0,0,0,0.0
1785432210.954,17:23:30,timeslice,6,0.0,0,0,0.0
1785432210.954,17:23:30,timeslice,7,0.0,0,0,0.0
1785432211.954,17:23:31,timeslice,0,0.0,0,0,0.0
1785432211.954,17:23:31,timeslice,1,0.0,0,0,0.0
1785432211.954,17:23:31,timeslice,2,0.0,0,0,0.0
1785432211.954,17:23:31,timeslice,3,0.0,0,0,0.0
1785432211.954,17:23:31,timeslice,4,0.0,0,0,0.0
1785432211.954,17:23:31,timeslice,5,0.0,0,0,0.0
1785432211.954,17:23:31,timeslice,6,0.0,0,0,0.0
1785432211.954,17:23:31,timeslice,7,0.0,0,0,0.0
1785432212.955,17:23:32,timeslice,0,0.0,0,0,0.0
1785432212.955,17:23:32,timeslice,1,0.0,0,0,0.0
1785432212.955,17:23:32,timeslice,2,0.0,0,0,0.0
1785432212.955,17:23:32,timeslice,3,0.0,0,0,0.0
1785432212.955,17:23:32,timeslice,4,0.0,0,0,0.0
1785432212.955,17:23:32,timeslice,5,0.0,0,0,0.0
1785432212.955,17:23:32,timeslice,6,0.0,0,0,0.0
1785432212.955,17:23:32,timeslice,7,0.0,0,0,0.0
1785432213.955,17:23:33,timeslice,0,0.0,0,0,0.0
1785432213.955,17:23:33,timeslice,1,0.0,0,0,0.0
1785432213.955,17:23:33,timeslice,2,0.0,0,0,0.0
1785432213.955,17:23:33,timeslice,3,0.0,0,0,0.0
1785432213.955,17:23:33,timeslice,4,0.0,0,0,0.0
1785432213.955,17:23:33,timeslice,5,0.0,0,0,0.0
1785432213.955,17:23:33,timeslice,6,0.0,0,0,0.0
1785432213.955,17:23:33,timeslice,7,0.0,0,0,0.0
1785432214.955,17:23:34,timeslice,0,0.0,0,0,0.0
1785432214.955,17:23:34,timeslice,1,0.0,0,0,0.0
1785432214.955,17:23:34,timeslice,2,0.0,0,0,0.0
1785432214.955,17:23:34,timeslice,3,0.0,0,0,0.0
1785432214.955,17:23:34,timeslice,4,0.0,0,0,0.0
1785432214.955,17:23:34,timeslice,5,0.0,0,0,0.0
1785432214.955,17:23:34,timeslice,6,0.0,0,0,0.0
1785432214.955,17:23:34,timeslice,7,0.0,0,0,0.0
1785432215.955,17:23:35,timeslice,0,0.0,0,0,0.0
1785432215.955,17:23:35,timeslice,1,0.0,0,0,0.0
1785432215.955,17:23:35,timeslice,2,0.0,0,0,0.0
1785432215.955,17:23:35,timeslice,3,0.0,0,0,0.0
1785432215.955,17:23:35,timeslice,4,0.0,0,0,0.0
1785432215.955,17:23:35,timeslice,5,0.0,0,0,0.0
1785432215.955,17:23:35,timeslice,6,0.0,0,0,0.0
1785432215.955,17:23:35,timeslice,7,0.0,0,0,0.0
1785432216.955,17:23:36,timeslice,0,0.0,0,0,0.0
1785432216.955,17:23:36,timeslice,1,0.0,0,0,0.0
1785432216.955,17:23:36,timeslice,2,0.0,0,0,0.0
1785432216.955,17:23:36,timeslice,3,0.0,0,0,0.0
1785432216.955,17:23:36,timeslice,4,0.0,0,0,0.0
1785432216.955,17:23:36,timeslice,5,0.0,0,0,0.0
1785432216.955,17:23:36,timeslice,6,0.0,0,0,0.0
1785432216.955,17:23:36,timeslice,7,0.0,0,0,0.0
1785432217.955,17:23:37,timeslice,0,0.0,0,0,0.0
1785432217.955,17:23:37,timeslice,1,0.0,0,0,0.0
1785432217.955,17:23:37,timeslice,2,0.0,0,0,0.0
1785432217.955,17:23:37,timeslice,3,0.0,0,0,0.0
1785432217.955,17:23:37,timeslice,4,0.0,0,0,0.0
1785432217.955,17:23:37,timeslice,5,0.0,0,0,0.0
1785432217.955,17:23:37,timeslice,6,0.0,0,0,0.0
1785432217.955,17:23:37,timeslice,7,0.0,0,0,0.0
1785432218.955,17:23:38,timeslice,0,0.0,0,0,0.0
1785432218.955,17:23:38,timeslice,1,0.0,0,0,0.0
1785432218.955,17:23:38,timeslice,2,0.0,0,0,0.0
1785432218.955,17:23:38,timeslice,3,0.0,0,0,0.0
1785432218.955,17:23:38,timeslice,4,0.0,0,0,0.0
1785432218.955,17:23:38,timeslice,5,0.0,0,0,0.0
1785432218.955,17:23:38,timeslice,6,0.0,0,0,0.0
1785432218.955,17:23:38,timeslice,7,0.0,0,0,0.0
1785432219.955,17:23:39,timeslice,0,0.0,0,0,0.0
1785432219.955,17:23:39,timeslice,1,0.0,0,0,0.0
1785432219.955,17:23:39,timeslice,2,0.0,0,0,0.0
1785432219.955,17:23:39,timeslice,3,0.0,0,0,0.0
1785432219.955,17:23:39,timeslice,4,0.0,0,0,0.0
1785432219.955,17:23:39,timeslice,5,0.0,0,0,0.0
1785432219.955,17:23:39,timeslice,6,0.0,0,0,0.0
1785432219.955,17:23:39,timeslice,7,0.0,0,0,0.0
1785432220.956,17:23:40,timeslice,0,0.0,0,0,0.0
1785432220.956,17:23:40,timeslice,1,0.0,0,0,0.0
1785432220.956,17:23:40,timeslice,2,0.0,0,0,0.0
1785432220.956,17:23:40,timeslice,3,0.0,0,0,0.0
1785432220.956,17:23:40,timeslice,4,0.0,0,0,0.0
1785432220.956,17:23:40,timeslice,5,0.0,0,0,0.0
1785432220.956,17:23:40,timeslice,6,0.0,0,0,0.0
1785432220.956,17:23:40,timeslice,7,0.0,0,0,0.0
1785432221.956,17:23:41,timeslice,0,0.0,0,0,0.0
1785432221.956,17:23:41,timeslice,1,0.0,0,0,0.0
1785432221.956,17:23:41,timeslice,2,0.0,0,0,0.0
1785432221.956,17:23:41,timeslice,3,0.0,0,0,0.0
1785432221.956,17:23:41,timeslice,4,0.0,0,0,0.0
1785432221.956,17:23:41,timeslice,5,0.0,0,0,0.0
1785432221.956,17:23:41,timeslice,6,0.0,0,0,0.0
1785432221.956,17:23:41,timeslice,7,0.0,0,0,0.0
1785432222.956,17:23:42,timeslice,0,0.0,0,0,0.0
1785432222.956,17:23:42,timeslice,1,0.0,0,0,0.0
1785432222.956,17:23:42,timeslice,2,0.0,0,0,0.0
1785432222.956,17:23:42,timeslice,3,0.0,0,0,0.0
1785432222.956,17:23:42,timeslice,4,0.0,0,0,0.0
1785432222.956,17:23:42,timeslice,5,0.0,0,0,0.0
1785432222.956,17:23:42,timeslice,6,0.0,0,0,0.0
1785432222.956,17:23:42,timeslice,7,0.0,0,0,0.0
1785432223.956,17:23:43,timeslice,0,0.0,0,0,0.0
1785432223.956,17:23:43,timeslice,1,0.0,0,0,0.0
1785432223.956,17:23:43,timeslice,2,0.0,0,0,0.0
1785432223.956,17:23:43,timeslice,3,0.0,0,0,0.0
1785432223.956,17:23:43,timeslice,4,0.0,0,0,0.0
1785432223.956,17:23:43,timeslice,5,0.0,0,0,0.0
1785432223.956,17:23:43,timeslice,6,0.0,0,0,0.0
1785432223.956,17:23:43,timeslice,7,0.0,0,0,0.0
1785432224.956,17:23:44,timeslice,0,0.0,0,0,0.0
1785432224.956,17:23:44,timeslice,1,0.0,0,0,0.0
1785432224.956,17:23:44,timeslice,2,0.0,0,0,0.0
1785432224.956,17:23:44,timeslice,3,0.0,0,0,0.0
1785432224.956,17:23:44,timeslice,4,0.0,0,0,0.0
1785432224.956,17:23:44,timeslice,5,0.0,0,0,0.0
1785432224.956,17:23:44,timeslice,6,0.0,0,0,0.0
1785432224.956,17:23:44,timeslice,7,0.0,0,0,0.0
1785432225.956,17:23:45,timeslice,0,0.0,0,0,0.0
1785432225.956,17:23:45,timeslice,1,0.0,0,0,0.0
1785432225.956,17:23:45,timeslice,2,0.0,0,0,0.0
1785432225.956,17:23:45,timeslice,3,0.0,0,0,0.0
1785432225.956,17:23:45,timeslice,4,0.0,0,0,0.0
1785432225.956,17:23:45,timeslice,5,0.0,0,0,0.0
1785432225.956,17:23:45,timeslice,6,0.0,0,0,0.0
1785432225.956,17:23:45,timeslice,7,0.0,0,0,0.0
1785432226.956,17:23:46,timeslice,0,0.0,0,0,0.0
1785432226.956,17:23:46,timeslice,1,0.0,0,0,0.0
1785432226.956,17:23:46,timeslice,2,0.0,0,0,0.0
1785432226.956,17:23:46,timeslice,3,0.0,0,0,0.0
1785432226.956,17:23:46,timeslice,4,0.0,0,0,0.0
1785432226.956,17:23:46,timeslice,5,0.0,0,0,0.0
1785432226.956,17:23:46,timeslice,6,0.0,0,0,0.0
1785432226.956,17:23:46,timeslice,7,0.0,0,0,0.0
1785432227.956,17:23:47,timeslice,0,0.0,0,0,0.0
1785432227.956,17:23:47,timeslice,1,0.0,0,0,0.0
1785432227.956,17:23:47,timeslice,2,0.0,0,0,0.0
1785432227.956,17:23:47,timeslice,3,0.0,0,0,0.0
1785432227.956,17:23:47,timeslice,4,0.0,0,0,0.0
1785432227.956,17:23:47,timeslice,5,0.0,0,0,0.0
1785432227.956,17:23:47,timeslice,6,0.0,0,0,0.0
1785432227.956,17:23:47,timeslice,7,0.0,0,0,0.0
1785432228.957,17:23:48,timeslice,0,0.0,0,0,0.0
1785432228.957,17:23:48,timeslice,1,0.0,0,0,0.0
1785432228.957,17:23:48,timeslice,2,0.0,0,0,0.0
1785432228.957,17:23:48,timeslice,3,0.0,0,0,0.0
1785432228.957,17:23:48,timeslice,4,0.0,0,0,0.0
1785432228.957,17:23:48,timeslice,5,0.0,0,0,0.0
1785432228.957,17:23:48,timeslice,6,0.0,0,0,0.0
1785432228.957,17:23:48,timeslice,7,0.0,0,0,0.0
1785432229.957,17:23:49,timeslice,0,0.0,0,0,0.0
1785432229.957,17:23:49,timeslice,1,0.0,0,0,0.0
1785432229.957,17:23:49,timeslice,2,0.0,0,0,0.0
1785432229.957,17:23:49,timeslice,3,0.0,0,0,0.0
1785432229.957,17:23:49,timeslice,4,0.0,0,0,0.0
1785432229.957,17:23:49,timeslice,5,0.0,0,0,0.0
1785432229.957,17:23:49,timeslice,6,0.0,0,0,0.0
1785432229.957,17:23:49,timeslice,7,0.0,0,0,0.0
1785432230.957,17:23:50,timeslice,0,0.0,0,0,0.0
1785432230.957,17:23:50,timeslice,1,0.0,0,0,0.0
1785432230.957,17:23:50,timeslice,2,0.0,0,0,0.0
1785432230.957,17:23:50,timeslice,3,0.0,0,0,0.0
1785432230.957,17:23:50,timeslice,4,0.0,0,0,0.0
1785432230.957,17:23:50,timeslice,5,0.0,0,0,0.0
1785432230.957,17:23:50,timeslice,6,0.0,0,0,0.0
1785432230.957,17:23:50,timeslice,7,0.0,0,0,0.0
1785432231.957,17:23:51,timeslice,0,0.0,0,0,0.0
1785432231.957,17:23:51,timeslice,1,0.0,0,0,0.0
1785432231.957,17:23:51,timeslice,2,0.0,0,0,0.0
1785432231.957,17:23:51,timeslice,3,0.0,0,0,0.0
1785432231.957,17:23:51,timeslice,4,0.0,0,0,0.0
1785432231.957,17:23:51,timeslice,5,0.0,0,0,0.0
1785432231.957,17:23:51,timeslice,6,0.0,0,0,0.0
1785432231.957,17:23:51,timeslice,7,0.0,0,0,0.0
1785432232.957,17:23:52,timeslice,0,0.0,0,0,0.0
1785432232.957,17:23:52,timeslice,1,0.0,0,0,0.0
1785432232.957,17:23:52,timeslice,2,0.0,0,0,0.0
1785432232.957,17:23:52,timeslice,3,0.0,0,0,0.0
1785432232.957,17:23:52,timeslice,4,0.0,0,0,0.0
1785432232.957,17:23:52,timeslice,5,0.0,0,0,0.0
1785432232.957,17:23:52,timeslice,6,0.0,0,0,0.0
1785432232.957,17:23:52,timeslice,7,0.0,0,0,0.0
1785432233.957,17:23:53,timeslice,0,0.0,0,0,0.0
1785432233.957,17:23:53,timeslice,1,0.0,0,0,0.0
1785432233.957,17:23:53,timeslice,2,0.0,0,0,0.0
1785432233.957,17:23:53,timeslice,3,0.0,0,0,0.0
1785432233.957,17:23:53,timeslice,4,0.0,0,0,0.0
1785432233.957,17:23:53,timeslice,5,0.0,0,0,0.0
1785432233.957,17:23:53,timeslice,6,0.0,0,0,0.0
1785432233.957,17:23:53,timeslice,7,0.0,0,0,0.0
1785432234.957,17:23:54,timeslice,0,0.0,0,0,0.0
1785432234.957,17:23:54,timeslice,1,0.0,0,0,0.0
1785432234.957,17:23:54,timeslice,2,0.0,0,0,0.0
1785432234.957,17:23:54,timeslice,3,0.0,0,0,0.0
1785432234.957,17:23:54,timeslice,4,0.0,0,0,0.0
1785432234.957,17:23:54,timeslice,5,0.0,0,0,0.0
1785432234.957,17:23:54,timeslice,6,0.0,0,0,0.0
1785432234.957,17:23:54,timeslice,7,0.0,0,0,0.0
1785432235.957,17:23:55,timeslice,0,0.0,0,0,0.0
1785432235.957,17:23:55,timeslice,1,0.0,0,0,0.0
1785432235.957,17:23:55,timeslice,2,0.0,0,0,0.0
1785432235.957,17:23:55,timeslice,3,0.0,0,0,0.0
1785432235.957,17:23:55,timeslice,4,0.0,0,0,0.0
1785432235.957,17:23:55,timeslice,5,0.0,0,0,0.0
1785432235.957,17:23:55,timeslice,6,0.0,0,0,0.0
1785432235.957,17:23:55,timeslice,7,0.0,0,0,0.0
1785432236.957,17:23:56,timeslice,0,0.0,0,0,0.0
1785432236.957,17:23:56,timeslice,1,0.0,0,0,0.0
1785432236.957,17:23:56,timeslice,2,0.0,0,0,0.0
1785432236.957,17:23:56,timeslice,3,0.0,0,0,0.0
1785432236.957,17:23:56,timeslice,4,0.0,0,0,0.0
1785432236.957,17:23:56,timeslice,5,0.0,0,0,0.0
1785432236.957,17:23:56,timeslice,6,0.0,0,0,0.0
1785432236.957,17:23:56,timeslice,7,0.0,0,0,0.0
1785432237.957,17:23:57,timeslice,0,0.0,0,0,0.0
1785432237.957,17:23:57,timeslice,1,0.0,0,0,0.0
1785432237.957,17:23:57,timeslice,2,0.0,0,0,0.0
1785432237.957,17:23:57,timeslice,3,0.0,0,0,0.0
1785432237.957,17:23:57,timeslice,4,0.0,0,0,0.0
1785432237.957,17:23:57,timeslice,5,0.0,0,0,0.0
1785432237.957,17:23:57,timeslice,6,0.0,0,0,0.0
1785432237.957,17:23:57,timeslice,7,0.0,0,0,0.0
1785432238.958,17:23:58,timeslice,0,0.0,0,0,0.0
1785432238.958,17:23:58,timeslice,1,0.0,0,0,0.0
1785432238.958,17:23:58,timeslice,2,0.0,0,0,0.0
1785432238.958,17:23:58,timeslice,3,0.0,0,0,0.0
1785432238.958,17:23:58,timeslice,4,0.0,0,0,0.0
1785432238.958,17:23:58,timeslice,5,0.0,0,0,0.0
1785432238.958,17:23:58,timeslice,6,0.0,0,0,0.0
1785432238.958,17:23:58,timeslice,7,0.0,0,0,0.0
1785432239.958,17:23:59,timeslice,0,0.0,0,0,0.0
1785432239.958,17:23:59,timeslice,1,0.0,0,0,0.0
1785432239.958,17:23:59,timeslice,2,0.0,0,0,0.0
1785432239.958,17:23:59,timeslice,3,0.0,0,0,0.0
1785432239.958,17:23:59,timeslice,4,0.0,0,0,0.0
1785432239.958,17:23:59,timeslice,5,0.0,0,0,0.0
1785432239.958,17:23:59,timeslice,6,0.0,0,0,0.0
1785432239.958,17:23:59,timeslice,7,0.0,0,0,0.0
1785432240.958,17:24:00,timeslice,0,0.0,0,0,0.0
1785432240.958,17:24:00,timeslice,1,0.0,0,0,0.0
1785432240.958,17:24:00,timeslice,2,0.0,0,0,0.0
1785432240.958,17:24:00,timeslice,3,0.0,0,0,0.0
1785432240.958,17:24:00,timeslice,4,0.0,0,0,0.0
1785432240.958,17:24:00,timeslice,5,0.0,0,0,0.0
1785432240.958,17:24:00,timeslice,6,0.0,0,0,0.0
1785432240.958,17:24:00,timeslice,7,0.0,0,0,0.0
1785432241.958,17:24:01,timeslice,0,0.0,0,0,0.0
1785432241.958,17:24:01,timeslice,1,0.0,0,0,0.0
1785432241.958,17:24:01,timeslice,2,0.0,0,0,0.0
1785432241.958,17:24:01,timeslice,3,0.0,0,0,0.0
1785432241.958,17:24:01,timeslice,4,0.0,0,0,0.0
1785432241.958,17:24:01,timeslice,5,0.0,0,0,0.0
1785432241.958,17:24:01,timeslice,6,0.0,0,0,0.0
1785432241.958,17:24:01,timeslice,7,0.0,0,0,0.0
1785432242.958,17:24:02,timeslice,0,0.0,0,0,0.0
1785432242.958,17:24:02,timeslice,1,0.0,0,0,0.0
1785432242.958,17:24:02,timeslice,2,0.0,0,0,0.0
1785432242.958,17:24:02,timeslice,3,0.0,0,0,0.0
1785432242.958,17:24:02,timeslice,4,0.0,0,0,0.0
1785432242.958,17:24:02,timeslice,5,0.0,0,0,0.0
1785432242.958,17:24:02,timeslice,6,0.0,0,0,0.0
1785432242.958,17:24:02,timeslice,7,0.0,0,0,0.0
1785432243.958,17:24:03,timeslice,0,0.0,0,0,0.0
1785432243.958,17:24:03,timeslice,1,0.0,0,0,0.0
1785432243.958,17:24:03,timeslice,2,0.0,0,0,0.0
1785432243.958,17:24:03,timeslice,3,0.0,0,0,0.0
1785432243.958,17:24:03,timeslice,4,0.0,0,0,0.0
1785432243.958,17:24:03,timeslice,5,0.0,0,0,0.0
1785432243.958,17:24:03,timeslice,6,0.0,0,0,0.0
1785432243.958,17:24:03,timeslice,7,0.0,0,0,0.0
1785432244.958,17:24:04,timeslice,0,0.0,0,0,0.0
1785432244.958,17:24:04,timeslice,1,0.0,0,0,0.0
1785432244.958,17:24:04,timeslice,2,0.0,0,0,0.0
1785432244.958,17:24:04,timeslice,3,0.0,0,0,0.0
1785432244.958,17:24:04,timeslice,4,0.0,0,0,0.0
1785432244.958,17:24:04,timeslice,5,0.0,0,0,0.0
1785432244.958,17:24:04,timeslice,6,0.0,0,0,0.0
1785432244.958,17:24:04,timeslice,7,0.0,0,0,0.0
1785432245.958,17:24:05,timeslice,0,0.0,0,0,0.0
1785432245.958,17:24:05,timeslice,1,0.0,0,0,0.0
1785432245.958,17:24:05,timeslice,2,0.0,0,0,0.0
1785432245.958,17:24:05,timeslice,3,0.0,0,0,0.0
1785432245.958,17:24:05,timeslice,4,0.0,0,0,0.0
1785432245.958,17:24:05,timeslice,5,0.0,0,0,0.0
1785432245.958,17:24:05,timeslice,6,0.0,0,0,0.0
1785432245.958,17:24:05,timeslice,7,0.0,0,0,0.0
1785432246.959,17:24:06,timeslice,0,0.0,0,0,0.0
1785432246.959,17:24:06,timeslice,1,0.0,0,0,0.0
1785432246.959,17:24:06,timeslice,2,0.0,0,0,0.0
1785432246.959,17:24:06,timeslice,3,0.0,0,0,0.0
1785432246.959,17:24:06,timeslice,4,0.0,0,0,0.0
1785432246.959,17:24:06,timeslice,5,0.0,0,0,0.0
1785432246.959,17:24:06,timeslice,6,0.0,0,0,0.0
1785432246.959,17:24:06,timeslice,7,0.0,0,0,0.0
1785432247.959,17:24:07,timeslice,0,0.0,0,0,0.0
1785432247.959,17:24:07,timeslice,1,0.0,0,0,0.0
1785432247.959,17:24:07,timeslice,2,0.0,0,0,0.0
1785432247.959,17:24:07,timeslice,3,0.0,0,0,0.0
1785432247.959,17:24:07,timeslice,4,0.0,0,0,0.0
1785432247.959,17:24:07,timeslice,5,0.0,0,0,0.0
1785432247.959,17:24:07,timeslice,6,0.0,0,0,0.0
1785432247.959,17:24:07,timeslice,7,0.0,0,0,0.0
1785432248.959,17:24:08,timeslice,0,0.0,0,0,0.0
1785432248.959,17:24:08,timeslice,1,0.0,0,0,0.0
1785432248.959,17:24:08,timeslice,2,0.0,0,0,0.0
1785432248.959,17:24:08,timeslice,3,0.0,0,0,0.0
1785432248.959,17:24:08,timeslice,4,0.0,0,0,0.0
1785432248.959,17:24:08,timeslice,5,0.0,0,0,0.0
1785432248.959,17:24:08,timeslice,6,0.0,0,0,0.0
1785432248.959,17:24:08,timeslice,7,0.0,0,0,0.0
1785432249.959,17:24:09,timeslice,0,0.0,0,0,0.0
1785432249.959,17:24:09,timeslice,1,0.0,0,0,0.0
1785432249.959,17:24:09,timeslice,2,0.0,0,0,0.0
1785432249.959,17:24:09,timeslice,3,0.0,0,0,0.0
1785432249.959,17:24:09,timeslice,4,0.0,0,0,0.0
1785432249.959,17:24:09,timeslice,5,0.0,0,0,0.0
1785432249.959,17:24:09,timeslice,6,0.0,0,0,0.0
1785432249.959,17:24:09,timeslice,7,0.0,0,0,0.0
1785432250.959,17:24:10,timeslice,0,0.0,0,0,0.0
1785432250.959,17:24:10,timeslice,1,0.0,0,0,0.0
1785432250.959,17:24:10,timeslice,2,0.0,0,0,0.0
1785432250.959,17:24:10,timeslice,3,0.0,0,0,0.0
1785432250.959,17:24:10,timeslice,4,0.0,0,0,0.0
1785432250.959,17:24:10,timeslice,5,0.0,0,0,0.0
1785432250.959,17:24:10,timeslice,6,0.0,0,0,0.0
1785432250.959,17:24:10,timeslice,7,0.0,0,0,0.0
1785432251.959,17:24:11,timeslice,0,0.0,0,0,0.0
1785432251.959,17:24:11,timeslice,1,0.0,0,0,0.0
1785432251.959,17:24:11,timeslice,2,0.0,0,0,0.0
1785432251.959,17:24:11,timeslice,3,0.0,0,0,0.0
1785432251.959,17:24:11,timeslice,4,0.0,0,0,0.0
1785432251.959,17:24:11,timeslice,5,0.0,0,0,0.0
1785432251.959,17:24:11,timeslice,6,0.0,0,0,0.0
1785432251.959,17:24:11,timeslice,7,0.0,0,0,0.0
1785432252.959,17:24:12,timeslice,0,0.0,0,0,0.0
1785432252.959,17:24:12,timeslice,1,0.0,0,0,0.0
1785432252.959,17:24:12,timeslice,2,0.0,0,0,0.0
1785432252.959,17:24:12,timeslice,3,0.0,0,0,0.0
1785432252.959,17:24:12,timeslice,4,0.0,0,0,0.0
1785432252.959,17:24:12,timeslice,5,0.0,0,0,0.0
1785432252.959,17:24:12,timeslice,6,0.0,0,0,0.0
1785432252.959,17:24:12,timeslice,7,0.0,0,0,0.0
1785432253.959,17:24:13,timeslice,0,0.0,0,0,0.0
1785432253.959,17:24:13,timeslice,1,0.0,0,0,0.0
1785432253.959,17:24:13,timeslice,2,0.0,0,0,0.0
1785432253.959,17:24:13,timeslice,3,0.0,0,0,0.0
1785432253.959,17:24:13,timeslice,4,0.0,0,0,0.0
1785432253.959,17:24:13,timeslice,5,0.0,0,0,0.0
1785432253.959,17:24:13,timeslice,6,0.0,0,0,0.0
1785432253.959,17:24:13,timeslice,7,0.0,0,0,0.0
1785432254.96,17:24:14,timeslice,0,0.0,0,0,0.0
1785432254.96,17:24:14,timeslice,1,0.0,0,0,0.0
1785432254.96,17:24:14,timeslice,2,0.0,0,0,0.0
1785432254.96,17:24:14,timeslice,3,0.0,0,0,0.0
1785432254.96,17:24:14,timeslice,4,0.0,0,0,0.0
1785432254.96,17:24:14,timeslice,5,0.0,0,0,0.0
1785432254.96,17:24:14,timeslice,6,0.0,0,0,0.0
1785432254.96,17:24:14,timeslice,7,0.0,0,0,0.0
1785432255.96,17:24:15,timeslice,0,0.0,0,0,0.0
1785432255.96,17:24:15,timeslice,1,0.0,0,0,0.0
1785432255.96,17:24:15,timeslice,2,0.0,0,0,0.0
1785432255.96,17:24:15,timeslice,3,0.0,0,0,0.0
1785432255.96,17:24:15,timeslice,4,0.0,0,0,0.0
1785432255.96,17:24:15,timeslice,5,0.0,0,0,0.0
1785432255.96,17:24:15,timeslice,6,0.0,0,0,0.0
1785432255.96,17:24:15,timeslice,7,0.0,0,0,0.0
1785432256.96,17:24:16,timeslice,0,0.0,0,0,0.0
1785432256.96,17:24:16,timeslice,1,0.0,0,0,0.0
1785432256.96,17:24:16,timeslice,2,0.0,0,0,0.0
1785432256.96,17:24:16,timeslice,3,0.0,0,0,0.0
1785432256.96,17:24:16,timeslice,4,0.0,0,0,0.0
1785432256.96,17:24:16,timeslice,5,0.0,0,0,0.0
1785432256.96,17:24:16,timeslice,6,0.0,0,0,0.0
1785432256.96,17:24:16,timeslice,7,0.0,0,0,0.0
1785432257.96,17:24:17,timeslice,0,0.0,0,0,0.0
1785432257.96,17:24:17,timeslice,1,0.0,0,0,0.0
1785432257.96,17:24:17,timeslice,2,0.0,0,0,0.0
1785432257.96,17:24:17,timeslice,3,0.0,0,0,0.0
1785432257.96,17:24:17,timeslice,4,0.0,0,0,0.0
1785432257.96,17:24:17,timeslice,5,0.0,0,0,0.0
1785432257.96,17:24:17,timeslice,6,0.0,0,0,0.0
1785432257.96,17:24:17,timeslice,7,0.0,0,0,0.0
1785432258.96,17:24:18,timeslice,0,0.0,0,0,0.0
1785432258.96,17:24:18,timeslice,1,0.0,0,0,0.0
1785432258.96,17:24:18,timeslice,2,0.0,0,0,0.0
1785432258.96,17:24:18,timeslice,3,0.0,0,0,0.0
1785432258.96,17:24:18,timeslice,4,0.0,0,0,0.0
1785432258.96,17:24:18,timeslice,5,0.0,0,0,0.0
1785432258.96,17:24:18,timeslice,6,0.0,0,0,0.0
1785432258.96,17:24:18,timeslice,7,0.0,0,0,0.0
1785432259.96,17:24:19,timeslice,0,0.0,0,0,0.0
1785432259.96,17:24:19,timeslice,1,0.0,0,0,0.0
1785432259.96,17:24:19,timeslice,2,0.0,0,0,0.0
1785432259.96,17:24:19,timeslice,3,0.0,0,0,0.0
1785432259.96,17:24:19,timeslice,4,0.0,0,0,0.0
1785432259.96,17:24:19,timeslice,5,0.0,0,0,0.0
1785432259.96,17:24:19,timeslice,6,0.0,0,0,0.0
1785432259.96,17:24:19,timeslice,7,0.0,0,0,0.0
1785432260.96,17:24:20,timeslice,0,0.0,0,0,0.0
1785432260.96,17:24:20,timeslice,1,0.0,0,0,0.0
1785432260.96,17:24:20,timeslice,2,0.0,0,0,0.0
1785432260.96,17:24:20,timeslice,3,0.0,0,0,0.0
1785432260.96,17:24:20,timeslice,4,0.0,0,0,0.0
1785432260.96,17:24:20,timeslice,5,0.0,0,0,0.0
1785432260.96,17:24:20,timeslice,6,0.0,0,0,0.0
1785432260.96,17:24:20,timeslice,7,0.0,0,0,0.0
1785432261.961,17:24:21,timeslice,0,0.0,0,0,0.0
1785432261.961,17:24:21,timeslice,1,0.0,0,0,0.0
1785432261.961,17:24:21,timeslice,2,0.0,0,0,0.0
1785432261.961,17:24:21,timeslice,3,0.0,0,0,0.0
1785432261.961,17:24:21,timeslice,4,0.0,0,0,0.0
1785432261.961,17:24:21,timeslice,5,0.0,0,0,0.0
1785432261.961,17:24:21,timeslice,6,0.0,0,0,0.0
1785432261.961,17:24:21,timeslice,7,0.0,0,0,0.0
1785432262.961,17:24:22,timeslice,0,0.0,0,0,0.0
1785432262.961,17:24:22,timeslice,1,0.0,0,0,0.0
1785432262.961,17:24:22,timeslice,2,0.0,0,0,0.0
1785432262.961,17:24:22,timeslice,3,0.0,0,0,0.0
1785432262.961,17:24:22,timeslice,4,0.0,0,0,0.0
1785432262.961,17:24:22,timeslice,5,0.0,0,0,0.0
1785432262.961,17:24:22,timeslice,6,0.0,0,0,0.0
1785432262.961,17:24:22,timeslice,7,0.0,0,0,0.0
1785432263.961,17:24:23,timeslice,0,0.0,0,0,0.0
1785432263.961,17:24:23,timeslice,1,0.0,0,0,0.0
1785432263.961,17:24:23,timeslice,2,0.0,0,0,0.0
1785432263.961,17:24:23,timeslice,3,0.0,0,0,0.0
1785432263.961,17:24:23,timeslice,4,0.0,0,0,0.0
1785432263.961,17:24:23,timeslice,5,0.0,0,0,0.0
1785432263.961,17:24:23,timeslice,6,0.0,0,0,0.0
1785432263.961,17:24:23,timeslice,7,0.0,0,0,0.0
1785432264.961,17:24:24,timeslice,0,0.0,0,0,0.0
1785432264.961,17:24:24,timeslice,1,0.0,0,0,0.0
1785432264.961,17:24:24,timeslice,2,0.0,0,0,0.0
1785432264.961,17:24:24,timeslice,3,0.0,0,0,0.0
1785432264.961,17:24:24,timeslice,4,0.0,0,0,0.0
1785432264.961,17:24:24,timeslice,5,0.0,0,0,0.0
1785432264.961,17:24:24,timeslice,6,0.0,0,0,0.0
1785432264.961,17:24:24,timeslice,7,0.0,0,0,0.0
1785432265.961,17:24:25,timeslice,0,0.0,0,0,0.0
1785432265.961,17:24:25,timeslice,1,0.0,0,0,0.0
1785432265.961,17:24:25,timeslice,2,0.0,0,0,0.0
1785432265.961,17:24:25,timeslice,3,0.0,0,0,0.0
1785432265.961,17:24:25,timeslice,4,0.0,0,0,0.0
1785432265.961,17:24:25,timeslice,5,0.0,0,0,0.0
1785432265.961,17:24:25,timeslice,6,0.0,0,0,0.0
1785432265.961,17:24:25,timeslice,7,0.0,0,0,0.0
1785432266.961,17:24:26,timeslice,0,0.0,0,0,0.0
1785432266.961,17:24:26,timeslice,1,0.0,0,0,0.0
1785432266.961,17:24:26,timeslice,2,0.0,0,0,0.0
1785432266.961,17:24:26,timeslice,3,0.0,0,0,0.0
1785432266.961,17:24:26,timeslice,4,0.0,0,0,0.0
1785432266.961,17:24:26,timeslice,5,0.0,0,0,0.0
1785432266.961,17:24:26,timeslice,6,0.0,0,0,0.0
1785432266.961,17:24:26,timeslice,7,0.0,0,0,0.0
1785432267.961,17:24:27,timeslice,0,0.0,0,0,0.0
1785432267.961,17:24:27,timeslice,1,0.0,0,0,0.0
1785432267.961,17:24:27,timeslice,2,0.0,0,0,0.0
1785432267.961,17:24:27,timeslice,3,0.0,0,0,0.0
1785432267.961,17:24:27,timeslice,4,0.0,0,0,0.0
1785432267.961,17:24:27,timeslice,5,0.0,0,0,0.0
1785432267.961,17:24:27,timeslice,6,0.0,0,0,0.0
1785432267.961,17:24:27,timeslice,7,0.0,0,0,0.0
1785432268.961,17:24:28,timeslice,0,0.0,0,0,0.0
1785432268.961,17:24:28,timeslice,1,0.0,0,0,0.0
1785432268.961,17:24:28,timeslice,2,0.0,0,0,0.0
1785432268.961,17:24:28,timeslice,3,0.0,0,0,0.0
1785432268.961,17:24:28,timeslice,4,0.0,0,0,0.0
1785432268.961,17:24:28,timeslice,5,0.0,0,0,0.0
1785432268.961,17:24:28,timeslice,6,0.0,0,0,0.0
1785432268.961,17:24:28,timeslice,7,0.0,0,0,0.0
1785432269.962,17:24:29,timeslice,0,0.0,0,0,0.0
1785432269.962,17:24:29,timeslice,1,0.0,0,0,0.0
1785432269.962,17:24:29,timeslice,2,0.0,0,0,0.0
1785432269.962,17:24:29,timeslice,3,0.0,0,0,0.0
1785432269.962,17:24:29,timeslice,4,0.0,0,0,0.0
1785432269.962,17:24:29,timeslice,5,0.0,0,0,0.0
1785432269.962,17:24:29,timeslice,6,0.0,0,0,0.0
1785432269.962,17:24:29,timeslice,7,0.0,0,0,0.0
1785432270.962,17:24:30,timeslice,0,0.0,0,0,0.0
1785432270.962,17:24:30,timeslice,1,0.0,0,0,0.0
1785432270.962,17:24:30,timeslice,2,0.0,0,0,0.0
1785432270.962,17:24:30,timeslice,3,0.0,0,0,0.0
1785432270.962,17:24:30,timeslice,4,0.0,0,0,0.0
1785432270.962,17:24:30,timeslice,5,0.0,0,0,0.0
1785432270.962,17:24:30,timeslice,6,0.0,0,0,0.0
1785432270.962,17:24:30,timeslice,7,0.0,0,0,0.0
1785432271.962,17:24:31,timeslice,0,0.0,0,0,0.0
1785432271.962,17:24:31,timeslice,1,0.0,0,0,0.0
1785432271.962,17:24:31,timeslice,2,0.0,0,0,0.0
1785432271.962,17:24:31,timeslice,3,0.0,0,0,0.0
1785432271.962,17:24:31,timeslice,4,0.0,0,0,0.0
1785432271.962,17:24:31,timeslice,5,0.0,0,0,0.0
1785432271.962,17:24:31,timeslice,6,0.0,0,0,0.0
1785432271.962,17:24:31,timeslice,7,0.0,0,0,0.0
1785432272.962,17:24:32,timeslice,0,0.0,0,0,0.0
1785432272.962,17:24:32,timeslice,1,0.0,0,0,0.0
1785432272.962,17:24:32,timeslice,2,0.0,0,0,0.0
1785432272.962,17:24:32,timeslice,3,0.0,0,0,0.0
1785432272.962,17:24:32,timeslice,4,0.0,0,0,0.0
1785432272.962,17:24:32,timeslice,5,0.0,0,0,0.0
1785432272.962,17:24:32,timeslice,6,0.0,0,0,0.0
1785432272.962,17:24:32,timeslice,7,0.0,0,0,0.0
1785432273.962,17:24:33,timeslice,0,0.0,0,0,0.0
1785432273.962,17:24:33,timeslice,1,0.0,0,0,0.0
1785432273.962,17:24:33,timeslice,2,0.0,0,0,0.0
1785432273.962,17:24:33,timeslice,3,0.0,0,0,0.0
1785432273.962,17:24:33,timeslice,4,0.0,0,0,0.0
1785432273.962,17:24:33,timeslice,5,0.0,0,0,0.0
1785432273.962,17:24:33,timeslice,6,0.0,0,0,0.0
1785432273.962,17:24:33,timeslice,7,0.0,0,0,0.0
1785432274.962,17:24:34,timeslice,0,0.0,0,0,0.0
1785432274.962,17:24:34,timeslice,1,0.0,0,0,0.0
1785432274.962,17:24:34,timeslice,2,0.0,0,0,0.0
1785432274.962,17:24:34,timeslice,3,0.0,0,0,0.0
1785432274.962,17:24:34,timeslice,4,0.0,0,0,0.0
1785432274.962,17:24:34,timeslice,5,0.0,0,0,0.0
1785432274.962,17:24:34,timeslice,6,0.0,0,0,0.0
1785432274.962,17:24:34,timeslice,7,0.0,0,0,0.0
1785432275.962,17:24:35,timeslice,0,0.0,0,0,0.0
1785432275.962,17:24:35,timeslice,1,0.0,0,0,0.0
1785432275.962,17:24:35,timeslice,2,0.0,0,0,0.0
1785432275.962,17:24:35,timeslice,3,0.0,0,0,0.0
1785432275.962,17:24:35,timeslice,4,0.0,0,0,0.0
1785432275.962,17:24:35,timeslice,5,0.0,0,0,0.0
1785432275.962,17:24:35,timeslice,6,0.0,0,0,0.0
1785432275.962,17:24:35,timeslice,7,0.0,0,0,0.0
1785432276.962,17:24:36,timeslice,0,0.0,0,0,0.0
1785432276.962,17:24:36,timeslice,1,0.0,0,0,0.0
1785432276.962,17:24:36,timeslice,2,0.0,0,0,0.0
1785432276.962,17:24:36,timeslice,3,0.0,0,0,0.0
1785432276.962,17:24:36,timeslice,4,0.0,0,0,0.0
1785432276.962,17:24:36,timeslice,5,0.0,0,0,0.0
1785432276.962,17:24:36,timeslice,6,0.0,0,0,0.0
1785432276.962,17:24:36,timeslice,7,0.0,0,0,0.0
1785432277.962,17:24:37,timeslice,0,0.0,0,0,0.0
1785432277.962,17:24:37,timeslice,1,0.0,0,0,0.0
1785432277.962,17:24:37,timeslice,2,0.0,0,0,0.0
1785432277.962,17:24:37,timeslice,3,0.0,0,0,0.0
1785432277.962,17:24:37,timeslice,4,0.0,0,0,0.0
1785432277.962,17:24:37,timeslice,5,0.0,0,0,0.0
1785432277.962,17:24:37,timeslice,6,0.0,0,0,0.0
1785432277.962,17:24:37,timeslice,7,0.0,0,0,0.0
1785432278.962,17:24:38,timeslice,0,0.0,0,0,0.0
1785432278.962,17:24:38,timeslice,1,0.0,0,0,0.0
1785432278.962,17:24:38,timeslice,2,0.0,0,0,0.0
1785432278.962,17:24:38,timeslice,3,0.0,0,0,0.0
1785432278.962,17:24:38,timeslice,4,0.0,0,0,0.0
1785432278.962,17:24:38,timeslice,5,0.0,0,0,0.0
1785432278.962,17:24:38,timeslice,6,0.0,0,0,0.0
1785432278.962,17:24:38,timeslice,7,0.0,0,0,0.0
1785432279.963,17:24:39,timeslice,0,0.0,0,0,0.0
1785432279.963,17:24:39,timeslice,1,0.0,0,0,0.0
1785432279.963,17:24:39,timeslice,2,0.0,0,0,0.0
1785432279.963,17:24:39,timeslice,3,0.0,0,0,0.0
1785432279.963,17:24:39,timeslice,4,0.0,0,0,0.0
1785432279.963,17:24:39,timeslice,5,0.0,0,0,0.0
1785432279.963,17:24:39,timeslice,6,0.0,0,0,0.0
1785432279.963,17:24:39,timeslice,7,0.0,0,0,0.0
1785432280.963,17:24:40,timeslice,0,0.0,0,0,0.0
1785432280.963,17:24:40,timeslice,1,0.0,0,0,0.0
1785432280.963,17:24:40,timeslice,2,0.0,0,0,0.0
1785432280.963,17:24:40,timeslice,3,0.0,0,0,0.0
1785432280.963,17:24:40,timeslice,4,0.0,0,0,0.0
1785432280.963,17:24:40,timeslice,5,0.0,0,0,0.0
1785432280.963,17:24:40,timeslice,6,0.0,0,0,0.0
1785432280.963,17:24:40,timeslice,7,0.0,0,0,0.0
1785432281.963,17:24:41,timeslice,0,0.0,0,0,0.0
1785432281.963,17:24:41,timeslice,1,0.0,0,0,0.0
1785432281.963,17:24:41,timeslice,2,0.0,0,0,0.0
1785432281.963,17:24:41,timeslice,3,0.0,0,0,0.0
1785432281.963,17:24:41,timeslice,4,0.0,0,0,0.0
1785432281.963,17:24:41,timeslice,5,0.0,0,0,0.0
1785432281.963,17:24:41,timeslice,6,0.0,0,0,0.0
1785432281.963,17:24:41,timeslice,7,0.0,0,0,0.0
1785432282.963,17:24:42,timeslice,0,0.0,0,0,0.0
1785432282.963,17:24:42,timeslice,1,0.0,0,0,0.0
1785432282.963,17:24:42,timeslice,2,0.0,0,0,0.0
1785432282.963,17:24:42,timeslice,3,0.0,0,0,0.0
1785432282.963,17:24:42,timeslice,4,0.0,0,0,0.0
1785432282.963,17:24:42,timeslice,5,0.0,0,0,0.0
1785432282.963,17:24:42,timeslice,6,0.0,0,0,0.0
1785432282.963,17:24:42,timeslice,7,0.0,0,0,0.0
1785432283.963,17:24:43,timeslice,0,0.0,0,0,0.0
1785432283.963,17:24:43,timeslice,1,0.0,0,0,0.0
1785432283.963,17:24:43,timeslice,2,0.0,0,0,0.0
1785432283.963,17:24:43,timeslice,3,0.0,0,0,0.0
1785432283.963,17:24:43,timeslice,4,0.0,0,0,0.0
1785432283.963,17:24:43,timeslice,5,0.0,0,0,0.0
1785432283.963,17:24:43,timeslice,6,0.0,0,0,0.0
1785432283.963,17:24:43,timeslice,7,0.0,0,0,0.0
1785432284.963,17:24:44,timeslice,0,0.0,0,0,0.0
1785432284.963,17:24:44,timeslice,1,0.0,0,0,0.0
1785432284.963,17:24:44,timeslice,2,0.0,0,0,0.0
1785432284.963,17:24:44,timeslice,3,0.0,0,0,0.0
1785432284.963,17:24:44,timeslice,4,0.0,0,0,0.0
1785432284.963,17:24:44,timeslice,5,0.0,0,0,0.0
1785432284.963,17:24:44,timeslice,6,0.0,0,0,0.0
1785432284.963,17:24:44,timeslice,7,0.0,0,0,0.0
1785432285.963,17:24:45,timeslice,0,0.0,0,0,0.0
1785432285.963,17:24:45,timeslice,1,0.0,0,0,0.0
1785432285.963,17:24:45,timeslice,2,0.0,0,0,0.0
1785432285.963,17:24:45,timeslice,3,0.0,0,0,0.0
1785432285.963,17:24:45,timeslice,4,0.0,0,0,0.0
1785432285.963,17:24:45,timeslice,5,0.0,0,0,0.0
1785432285.963,17:24:45,timeslice,6,0.0,0,0,0.0
1785432285.963,17:24:45,timeslice,7,0.0,0,0,0.0
1785432286.963,17:24:46,timeslice,0,0.0,0,0,0.0
1785432286.963,17:24:46,timeslice,1,0.0,0,0,0.0
1785432286.963,17:24:46,timeslice,2,0.0,0,0,0.0
1785432286.963,17:24:46,timeslice,3,0.0,0,0,0.0
1785432286.963,17:24:46,timeslice,4,0.0,0,0,0.0
1785432286.963,17:24:46,timeslice,5,0.0,0,0,0.0
1785432286.963,17:24:46,timeslice,6,0.0,0,0,0.0
1785432286.963,17:24:46,timeslice,7,0.0,0,0,0.0
1785432287.964,17:24:47,timeslice,0,0.0,0,0,0.0
1785432287.964,17:24:47,timeslice,1,0.0,0,0,0.0
1785432287.964,17:24:47,timeslice,2,0.0,0,0,0.0
1785432287.964,17:24:47,timeslice,3,0.0,0,0,0.0
1785432287.964,17:24:47,timeslice,4,0.0,0,0,0.0
1785432287.964,17:24:47,timeslice,5,0.0,0,0,0.0
1785432287.964,17:24:47,timeslice,6,0.0,0,0,0.0
1785432287.964,17:24:47,timeslice,7,0.0,0,0,0.0
1785432288.964,17:24:48,timeslice,0,0.0,0,0,0.0
1785432288.964,17:24:48,timeslice,1,0.0,0,0,0.0
1785432288.964,17:24:48,timeslice,2,0.0,0,0,0.0
1785432288.964,17:24:48,timeslice,3,0.0,0,0,0.0
1785432288.964,17:24:48,timeslice,4,0.0,0,0,0.0
1785432288.964,17:24:48,timeslice,5,0.0,0,0,0.0
1785432288.964,17:24:48,timeslice,6,0.0,0,0,0.0
1785432288.964,17:24:48,timeslice,7,0.0,0,0,0.0
1785432289.964,17:24:49,timeslice,0,0.0,0,0,0.0
1785432289.964,17:24:49,timeslice,1,0.0,0,0,0.0
1785432289.964,17:24:49,timeslice,2,0.0,0,0,0.0
1785432289.964,17:24:49,timeslice,3,0.0,0,0,0.0
1785432289.964,17:24:49,timeslice,4,0.0,0,0,0.0
1785432289.964,17:24:49,timeslice,5,0.0,0,0,0.0
1785432289.964,17:24:49,timeslice,6,0.0,0,0,0.0
1785432289.964,17:24:49,timeslice,7,0.0,0,0,0.0
1785432290.964,17:24:50,timeslice,0,0.0,0,0,0.0
1785432290.964,17:24:50,timeslice,1,0.0,0,0,0.0
1785432290.964,17:24:50,timeslice,2,0.0,0,0,0.0
1785432290.964,17:24:50,timeslice,3,0.0,0,0,0.0
1785432290.964,17:24:50,timeslice,4,0.0,0,0,0.0
1785432290.964,17:24:50,timeslice,5,0.0,0,0,0.0
1785432290.964,17:24:50,timeslice,6,0.0,0,0,0.0
1785432290.964,17:24:50,timeslice,7,0.0,0,0,0.0
1785432291.964,17:24:51,timeslice,0,0.0,0,0,0.0
1785432291.964,17:24:51,timeslice,1,0.0,0,0,0.0
1785432291.964,17:24:51,timeslice,2,0.0,0,0,0.0
1785432291.964,17:24:51,timeslice,3,0.0,0,0,0.0
1785432291.964,17:24:51,timeslice,4,0.0,0,0,0.0
1785432291.964,17:24:51,timeslice,5,0.0,0,0,0.0
1785432291.964,17:24:51,timeslice,6,0.0,0,0,0.0
1785432291.964,17:24:51,timeslice,7,0.0,0,0,0.0
1785432292.964,17:24:52,timeslice,0,0.0,0,0,0.0
1785432292.964,17:24:52,timeslice,1,0.0,0,0,0.0
1785432292.964,17:24:52,timeslice,2,0.0,0,0,0.0
1785432292.964,17:24:52,timeslice,3,0.0,0,0,0.0
1785432292.964,17:24:52,timeslice,4,0.0,0,0,0.0
1785432292.964,17:24:52,timeslice,5,0.0,0,0,0.0
1785432292.964,17:24:52,timeslice,6,0.0,0,0,0.0
1785432292.964,17:24:52,timeslice,7,0.0,0,0,0.0
1785432293.964,17:24:53,timeslice,0,0.0,0,0,0.0
1785432293.964,17:24:53,timeslice,1,0.0,0,0,0.0
1785432293.964,17:24:53,timeslice,2,0.0,0,0,0.0
1785432293.964,17:24:53,timeslice,3,0.0,0,0,0.0
1785432293.964,17:24:53,timeslice,4,0.0,0,0,0.0
1785432293.964,17:24:53,timeslice,5,0.0,0,0,0.0
1785432293.964,17:24:53,timeslice,6,0.0,0,0,0.0
1785432293.964,17:24:53,timeslice,7,0.0,0,0,0.0
1785432294.964,17:24:54,timeslice,0,0.0,0,0,0.0
1785432294.964,17:24:54,timeslice,1,0.0,0,0,0.0
1785432294.964,17:24:54,timeslice,2,0.0,0,0,0.0
1785432294.964,17:24:54,timeslice,3,0.0,0,0,0.0
1785432294.964,17:24:54,timeslice,4,0.0,0,0,0.0
1785432294.964,17:24:54,timeslice,5,0.0,0,0,0.0
1785432294.964,17:24:54,timeslice,6,0.0,0,0,0.0
1785432294.964,17:24:54,timeslice,7,0.0,0,0,0.0
1785432295.964,17:24:55,timeslice,0,0.0,0,0,0.0
1785432295.964,17:24:55,timeslice,1,0.0,0,0,0.0
1785432295.964,17:24:55,timeslice,2,0.0,0,0,0.0
1785432295.964,17:24:55,timeslice,3,0.0,0,0,0.0
1785432295.964,17:24:55,timeslice,4,0.0,0,0,0.0
1785432295.964,17:24:55,timeslice,5,0.0,0,0,0.0
1785432295.964,17:24:55,timeslice,6,0.0,0,0,0.0
1785432295.964,17:24:55,timeslice,7,0.0,0,0,0.0
1785432296.964,17:24:56,timeslice,0,0.0,0,0,0.0
1785432296.964,17:24:56,timeslice,1,0.0,0,0,0.0
1785432296.964,17:24:56,timeslice,2,0.0,0,0,0.0
1785432296.964,17:24:56,timeslice,3,0.0,0,0,0.0
1785432296.964,17:24:56,timeslice,4,0.0,0,0,0.0
1785432296.964,17:24:56,timeslice,5,0.0,0,0,0.0
1785432296.964,17:24:56,timeslice,6,0.0,0,0,0.0
1785432296.964,17:24:56,timeslice,7,0.0,0,0,0.0
1785432297.965,17:24:57,timeslice,0,0.0,0,0,0.0
1785432297.965,17:24:57,timeslice,1,0.0,0,0,0.0
1785432297.965,17:24:57,timeslice,2,0.0,0,0,0.0
1785432297.965,17:24:57,timeslice,3,0.0,0,0,0.0
1785432297.965,17:24:57,timeslice,4,0.0,0,0,0.0
1785432297.965,17:24:57,timeslice,5,0.0,0,0,0.0
1785432297.965,17:24:57,timeslice,6,0.0,0,0,0.0
1785432297.965,17:24:57,timeslice,7,0.0,0,0,0.0
1785432298.965,17:24:58,timeslice,0,0.0,0,0,0.0
1785432298.965,17:24:58,timeslice,1,0.0,0,0,0.0
1785432298.965,17:24:58,timeslice,2,0.0,0,0,0.0
1785432298.965,17:24:58,timeslice,3,0.0,0,0,0.0
1785432298.965,17:24:58,timeslice,4,0.0,0,0,0.0
1785432298.965,17:24:58,timeslice,5,0.0,0,0,0.0
1785432298.965,17:24:58,timeslice,6,0.0,0,0,0.0
1785432298.965,17:24:58,timeslice,7,0.0,0,0,0.0
1785432299.965,17:24:59,timeslice,0,0.0,0,0,0.0
1785432299.965,17:24:59,timeslice,1,0.0,0,0,0.0
1785432299.965,17:24:59,timeslice,2,0.0,0,0,0.0
1785432299.965,17:24:59,timeslice,3,0.0,0,0,0.0
1785432299.965,17:24:59,timeslice,4,0.0,0,0,0.0
1785432299.965,17:24:59,timeslice,5,0.0,0,0,0.0
1785432299.965,17:24:59,timeslice,6,0.0,0,0,0.0
1785432299.965,17:24:59,timeslice,7,0.0,0,0,0.0
1785432300.965,17:25:00,timeslice,0,0.0,0,0,0.0
1785432300.965,17:25:00,timeslice,1,0.0,0,0,0.0
1785432300.965,17:25:00,timeslice,2,0.0,0,0,0.0
1785432300.965,17:25:00,timeslice,3,0.0,0,0,0.0
1785432300.965,17:25:00,timeslice,4,0.0,0,0,0.0
1785432300.965,17:25:00,timeslice,5,0.0,0,0,0.0
1785432300.965,17:25:00,timeslice,6,0.0,0,0,0.0
1785432300.965,17:25:00,timeslice,7,0.0,0,0,0.0
1785432301.965,17:25:01,timeslice,0,0.0,0,0,0.0
1785432301.965,17:25:01,timeslice,1,0.0,0,0,0.0
1785432301.965,17:25:01,timeslice,2,0.0,0,0,0.0
1785432301.965,17:25:01,timeslice,3,0.0,0,0,0.0
1785432301.965,17:25:01,timeslice,4,0.0,0,0,0.0
1785432301.965,17:25:01,timeslice,5,0.0,0,0,0.0
1785432301.965,17:25:01,timeslice,6,0.0,0,0,0.0
1785432301.965,17:25:01,timeslice,7,0.0,0,0,0.0
1785432302.965,17:25:02,timeslice,0,0.0,0,0,0.0
1785432302.965,17:25:02,timeslice,1,0.0,0,0,0.0
1785432302.965,17:25:02,timeslice,2,0.0,0,0,0.0
1785432302.965,17:25:02,timeslice,3,0.0,0,0,0.0
1785432302.965,17:25:02,timeslice,4,0.0,0,0,0.0
1785432302.965,17:25:02,timeslice,5,0.0,0,0,0.0
1785432302.965,17:25:02,timeslice,6,0.0,0,0,0.0
1785432302.965,17:25:02,timeslice,7,0.0,0,0,0.0
1785432303.965,17:25:03,timeslice,0,0.0,0,0,0.0
1785432303.965,17:25:03,timeslice,1,0.0,0,0,0.0
1785432303.965,17:25:03,timeslice,2,0.0,0,0,0.0
1785432303.965,17:25:03,timeslice,3,0.0,0,0,0.0
1785432303.965,17:25:03,timeslice,4,0.0,0,0,0.0
1785432303.965,17:25:03,timeslice,5,0.0,0,0,0.0
1785432303.965,17:25:03,timeslice,6,0.0,0,0,0.0
1785432303.965,17:25:03,timeslice,7,0.0,0,0,0.0
1785432304.965,17:25:04,timeslice,0,0.0,0,0,0.0
1785432304.965,17:25:04,timeslice,1,0.0,0,0,0.0
1785432304.965,17:25:04,timeslice,2,0.0,0,0,0.0
1785432304.965,17:25:04,timeslice,3,0.0,0,0,0.0
1785432304.965,17:25:04,timeslice,4,0.0,0,0,0.0
1785432304.965,17:25:04,timeslice,5,0.0,0,0,0.0
1785432304.965,17:25:04,timeslice,6,0.0,0,0,0.0
1785432304.965,17:25:04,timeslice,7,0.0,0,0,0.0
1785432305.965,17:25:05,timeslice,0,0.0,0,0,0.0
1785432305.965,17:25:05,timeslice,1,0.0,0,0,0.0
1785432305.965,17:25:05,timeslice,2,0.0,0,0,0.0
1785432305.965,17:25:05,timeslice,3,0.0,0,0,0.0
1785432305.965,17:25:05,timeslice,4,0.0,0,0,0.0
1785432305.965,17:25:05,timeslice,5,0.0,0,0,0.0
1785432305.965,17:25:05,timeslice,6,0.0,0,0,0.0
1785432305.965,17:25:05,timeslice,7,0.0,0,0,0.0
1785432306.966,17:25:06,timeslice,0,0.0,0,0,0.0
1785432306.966,17:25:06,timeslice,1,0.0,0,0,0.0
1785432306.966,17:25:06,timeslice,2,0.0,0,0,0.0
1785432306.966,17:25:06,timeslice,3,0.0,0,0,0.0
1785432306.966,17:25:06,timeslice,4,0.0,0,0,0.0
1785432306.966,17:25:06,timeslice,5,0.0,0,0,0.0
1785432306.966,17:25:06,timeslice,6,0.0,0,0,0.0
1785432306.966,17:25:06,timeslice,7,0.0,0,0,0.0
1785432307.966,17:25:07,timeslice,0,0.0,0,0,0.0
1785432307.966,17:25:07,timeslice,1,0.0,0,0,0.0
1785432307.966,17:25:07,timeslice,2,0.0,0,0,0.0
1785432307.966,17:25:07,timeslice,3,0.0,0,0,0.0
1785432307.966,17:25:07,timeslice,4,0.0,0,0,0.0
1785432307.966,17:25:07,timeslice,5,0.0,0,0,0.0
1785432307.966,17:25:07,timeslice,6,0.0,0,0,0.0
1785432307.966,17:25:07,timeslice,7,0.0,0,0,0.0
1785432308.966,17:25:08,timeslice,0,0.0,0,0,0.0
1785432308.966,17:25:08,timeslice,1,0.0,0,0,0.0
1785432308.966,17:25:08,timeslice,2,0.0,0,0,0.0
1785432308.966,17:25:08,timeslice,3,0.0,0,0,0.0
1785432308.966,17:25:08,timeslice,4,0.0,0,0,0.0
1785432308.966,17:25:08,timeslice,5,0.0,0,0,0.0
1785432308.966,17:25:08,timeslice,6,0.0,0,0,0.0
1785432308.966,17:25:08,timeslice,7,0.0,0,0,0.0
1785432309.966,17:25:09,timeslice,0,0.0,0,0,0.0
1785432309.966,17:25:09,timeslice,1,0.0,0,0,0.0
1785432309.966,17:25:09,timeslice,2,0.0,0,0,0.0
1785432309.966,17:25:09,timeslice,3,0.0,0,0,0.0
1785432309.966,17:25:09,timeslice,4,0.0,0,0,0.0
1785432309.966,17:25:09,timeslice,5,0.0,0,0,0.0
1785432309.966,17:25:09,timeslice,6,0.0,0,0,0.0
1785432309.966,17:25:09,timeslice,7,0.0,0,0,0.0
1785432310.966,17:25:10,timeslice,0,0.0,0,0,0.0
1785432310.966,17:25:10,timeslice,1,0.0,0,0,0.0
1785432310.966,17:25:10,timeslice,2,0.0,0,0,0.0
1785432310.966,17:25:10,timeslice,3,0.0,0,0,0.0
1785432310.966,17:25:10,timeslice,4,0.0,0,0,0.0
1785432310.966,17:25:10,timeslice,5,0.0,0,0,0.0
1785432310.966,17:25:10,timeslice,6,0.0,0,0,0.0
1785432310.966,17:25:10,timeslice,7,0.0,0,0,0.0
1785432311.966,17:25:11,timeslice,0,0.0,0,0,0.0
1785432311.966,17:25:11,timeslice,1,0.0,0,0,0.0
1785432311.966,17:25:11,timeslice,2,0.0,0,0,0.0
1785432311.966,17:25:11,timeslice,3,0.0,0,0,0.0
1785432311.966,17:25:11,timeslice,4,0.0,0,0,0.0
1785432311.966,17:25:11,timeslice,5,0.0,0,0,0.0
1785432311.966,17:25:11,timeslice,6,0.0,0,0,0.0
1785432311.966,17:25:11,timeslice,7,0.0,0,0,0.0
1785432312.966,17:25:12,timeslice,0,0.0,0,0,0.0
1785432312.966,17:25:12,timeslice,1,0.0,0,0,0.0
1785432312.966,17:25:12,timeslice,2,0.0,0,0,0.0
1785432312.966,17:25:12,timeslice,3,0.0,0,0,0.0
1785432312.966,17:25:12,timeslice,4,0.0,0,0,0.0
1785432312.966,17:25:12,timeslice,5,0.0,0,0,0.0
1785432312.966,17:25:12,timeslice,6,0.0,0,0,0.0
1785432312.966,17:25:12,timeslice,7,0.0,0,0,0.0
1785432313.966,17:25:13,timeslice,0,0.0,0,0,0.0
1785432313.966,17:25:13,timeslice,1,0.0,0,0,0.0
1785432313.966,17:25:13,timeslice,2,0.0,0,0,0.0
1785432313.966,17:25:13,timeslice,3,0.0,0,0,0.0
1785432313.966,17:25:13,timeslice,4,0.0,0,0,0.0
1785432313.966,17:25:13,timeslice,5,0.0,0,0,0.0
1785432313.966,17:25:13,timeslice,6,0.0,0,0,0.0
1785432313.966,17:25:13,timeslice,7,0.0,0,0,0.0
1785432314.967,17:25:14,timeslice,0,0.0,0,0,0.0
1785432314.967,17:25:14,timeslice,1,0.0,0,0,0.0
1785432314.967,17:25:14,timeslice,2,0.0,0,0,0.0
1785432314.967,17:25:14,timeslice,3,0.0,0,0,0.0
1785432314.967,17:25:14,timeslice,4,0.0,0,0,0.0
1785432314.967,17:25:14,timeslice,5,0.0,0,0,0.0
1785432314.967,17:25:14,timeslice,6,0.0,0,0,0.0
1785432314.967,17:25:14,timeslice,7,0.0,0,0,0.0
1785432315.967,17:25:15,timeslice,0,0.0,0,0,0.0
1785432315.967,17:25:15,timeslice,1,0.0,0,0,0.0
1785432315.967,17:25:15,timeslice,2,0.0,0,0,0.0
1785432315.967,17:25:15,timeslice,3,0.0,0,0,0.0
1785432315.967,17:25:15,timeslice,4,0.0,0,0,0.0
1785432315.967,17:25:15,timeslice,5,0.0,0,0,0.0
1785432315.967,17:25:15,timeslice,6,0.0,0,0,0.0
1785432315.967,17:25:15,timeslice,7,0.0,0,0,0.0
1785432316.967,17:25:16,timeslice,0,0.0,0,0,0.0
1785432316.967,17:25:16,timeslice,1,0.0,0,0,0.0
1785432316.967,17:25:16,timeslice,2,0.0,0,0,0.0
1785432316.967,17:25:16,timeslice,3,0.0,0,0,0.0
1785432316.967,17:25:16,timeslice,4,0.0,0,0,0.0
1785432316.967,17:25:16,timeslice,5,0.0,0,0,0.0
1785432316.967,17:25:16,timeslice,6,0.0,0,0,0.0
1785432316.967,17:25:16,timeslice,7,0.0,0,0,0.0
1785432317.967,17:25:17,timeslice,0,0.0,0,0,0.0
1785432317.967,17:25:17,timeslice,1,0.0,0,0,0.0
1785432317.967,17:25:17,timeslice,2,0.0,0,0,0.0
1785432317.967,17:25:17,timeslice,3,0.0,0,0,0.0
1785432317.967,17:25:17,timeslice,4,0.0,0,0,0.0
1785432317.967,17:25:17,timeslice,5,0.0,0,0,0.0
1785432317.967,17:25:17,timeslice,6,0.0,0,0,0.0
1785432317.967,17:25:17,timeslice,7,0.0,0,0,0.0
1785432318.967,17:25:18,timeslice,0,0.0,0,0,0.0
1785432318.967,17:25:18,timeslice,1,0.0,0,0,0.0
1785432318.967,17:25:18,timeslice,2,0.0,0,0,0.0
1785432318.967,17:25:18,timeslice,3,0.0,0,0,0.0
1785432318.967,17:25:18,timeslice,4,0.0,0,0,0.0
1785432318.967,17:25:18,timeslice,5,0.0,0,0,0.0
1785432318.967,17:25:18,timeslice,6,0.0,0,0,0.0
1785432318.967,17:25:18,timeslice,7,0.0,0,0,0.0
1785432319.967,17:25:19,timeslice,0,0.0,0,0,0.0
1785432319.967,17:25:19,timeslice,1,0.0,0,0,0.0
1785432319.967,17:25:19,timeslice,2,0.0,0,0,0.0
1785432319.967,17:25:19,timeslice,3,0.0,0,0,0.0
1785432319.967,17:25:19,timeslice,4,0.0,0,0,0.0
1785432319.967,17:25:19,timeslice,5,0.0,0,0,0.0
1785432319.967,17:25:19,timeslice,6,0.0,0,0,0.0
1785432319.967,17:25:19,timeslice,7,0.0,0,0,0.0
1785432320.967,17:25:20,timeslice,0,0.0,0,0,0.0
1785432320.967,17:25:20,timeslice,1,0.0,0,0,0.0
1785432320.967,17:25:20,timeslice,2,0.0,0,0,0.0
1785432320.967,17:25:20,timeslice,3,0.0,0,0,0.0
1785432320.967,17:25:20,timeslice,4,0.0,0,0,0.0
1785432320.967,17:25:20,timeslice,5,0.0,0,0,0.0
1785432320.967,17:25:20,timeslice,6,0.0,0,0,0.0
1785432320.967,17:25:20,timeslice,7,0.0,0,0,0.0
1785432321.967,17:25:21,timeslice,0,0.0,0,0,0.0
1785432321.967,17:25:21,timeslice,1,0.0,0,0,0.0
1785432321.967,17:25:21,timeslice,2,0.0,0,0,0.0
1785432321.967,17:25:21,timeslice,3,0.0,0,0,0.0
1785432321.967,17:25:21,timeslice,4,0.0,0,0,0.0
1785432321.967,17:25:21,timeslice,5,0.0,0,0,0.0
1785432321.967,17:25:21,timeslice,6,0.0,0,0,0.0
1785432321.967,17:25:21,timeslice,7,0.0,0,0,0.0
1785432322.968,17:25:22,timeslice,0,0.0,0,0,0.0
1785432322.968,17:25:22,timeslice,1,0.0,0,0,0.0
1785432322.968,17:25:22,timeslice,2,0.0,0,0,0.0
1785432322.968,17:25:22,timeslice,3,0.0,0,0,0.0
1785432322.968,17:25:22,timeslice,4,0.0,0,0,0.0
1785432322.968,17:25:22,timeslice,5,0.0,0,0,0.0
1785432322.968,17:25:22,timeslice,6,0.0,0,0,0.0
1785432322.968,17:25:22,timeslice,7,0.0,0,0,0.0
1785432323.968,17:25:23,timeslice,0,0.0,0,0,0.0
1785432323.968,17:25:23,timeslice,1,0.0,0,0,0.0
1785432323.968,17:25:23,timeslice,2,0.0,0,0,0.0
1785432323.968,17:25:23,timeslice,3,0.0,0,0,0.0
1785432323.968,17:25:23,timeslice,4,0.0,0,0,0.0
1785432323.968,17:25:23,timeslice,5,0.0,0,0,0.0
1785432323.968,17:25:23,timeslice,6,0.0,0,0,0.0
1785432323.968,17:25:23,timeslice,7,0.0,0,0,0.0
1785432324.968,17:25:24,timeslice,0,0.0,0,0,0.0
1785432324.968,17:25:24,timeslice,1,0.0,0,0,0.0
1785432324.968,17:25:24,timeslice,2,0.0,0,0,0.0
1785432324.968,17:25:24,timeslice,3,0.0,0,0,0.0
1785432324.968,17:25:24,timeslice,4,0.0,0,0,0.0
1785432324.968,17:25:24,timeslice,5,0.0,0,0,0.0
1785432324.968,17:25:24,timeslice,6,0.0,0,0,0.0
1785432324.968,17:25:24,timeslice,7,0.0,0,0,0.0
1785432325.968,17:25:25,timeslice,0,0.0,0,0,0.0
1785432325.968,17:25:25,timeslice,1,0.0,0,0,0.0
1785432325.968,17:25:25,timeslice,2,0.0,0,0,0.0
1785432325.968,17:25:25,timeslice,3,0.0,0,0,0.0
1785432325.968,17:25:25,timeslice,4,0.0,0,0,0.0
1785432325.968,17:25:25,timeslice,5,0.0,0,0,0.0
1785432325.968,17:25:25,timeslice,6,0.0,0,0,0.0
1785432325.968,17:25:25,timeslice,7,0.0,0,0,0.0
1785432326.968,17:25:26,timeslice,0,0.0,0,0,0.0
1785432326.968,17:25:26,timeslice,1,0.0,0,0,0.0
1785432326.968,17:25:26,timeslice,2,0.0,0,0,0.0
1785432326.968,17:25:26,timeslice,3,0.0,0,0,0.0
1785432326.968,17:25:26,timeslice,4,0.0,0,0,0.0
1785432326.968,17:25:26,timeslice,5,0.0,0,0,0.0
1785432326.968,17:25:26,timeslice,6,0.0,0,0,0.0
1785432326.968,17:25:26,timeslice,7,0.0,0,0,0.0
1785432327.968,17:25:27,timeslice,0,0.0,0,0,0.0
1785432327.968,17:25:27,timeslice,1,0.0,0,0,0.0
1785432327.968,17:25:27,timeslice,2,0.0,0,0,0.0
1785432327.968,17:25:27,timeslice,3,0.0,0,0,0.0
1785432327.968,17:25:27,timeslice,4,0.0,0,0,0.0
1785432327.968,17:25:27,timeslice,5,0.0,0,0,0.0
1785432327.968,17:25:27,timeslice,6,0.0,0,0,0.0
1785432327.968,17:25:27,timeslice,7,0.0,0,0,0.0
1785432328.968,17:25:28,timeslice,0,0.0,0,0,0.0
1785432328.968,17:25:28,timeslice,1,0.0,0,0,0.0
1785432328.968,17:25:28,timeslice,2,0.0,0,0,0.0
1785432328.968,17:25:28,timeslice,3,0.0,0,0,0.0
1785432328.968,17:25:28,timeslice,4,0.0,0,0,0.0
1785432328.968,17:25:28,timeslice,5,0.0,0,0,0.0
1785432328.968,17:25:28,timeslice,6,0.0,0,0,0.0
1785432328.968,17:25:28,timeslice,7,0.0,0,0,0.0
1785432329.968,17:25:29,timeslice,0,0.0,0,0,0.0
1785432329.968,17:25:29,timeslice,1,0.0,0,0,0.0
1785432329.968,17:25:29,timeslice,2,0.0,0,0,0.0
1785432329.968,17:25:29,timeslice,3,0.0,0,0,0.0
1785432329.968,17:25:29,timeslice,4,0.0,0,0,0.0
1785432329.968,17:25:29,timeslice,5,0.0,0,0,0.0
1785432329.968,17:25:29,timeslice,6,0.0,0,0,0.0
1785432329.968,17:25:29,timeslice,7,0.0,0,0,0.0
1785432330.969,17:25:30,timeslice,0,0.0,0,0,0.0
1785432330.969,17:25:30,timeslice,1,0.0,0,0,0.0
1785432330.969,17:25:30,timeslice,2,0.0,0,0,0.0
1785432330.969,17:25:30,timeslice,3,0.0,0,0,0.0
1785432330.969,17:25:30,timeslice,4,0.0,0,0,0.0
1785432330.969,17:25:30,timeslice,5,0.0,0,0,0.0
1785432330.969,17:25:30,timeslice,6,0.0,0,0,0.0
1785432330.969,17:25:30,timeslice,7,0.0,0,0,0.0
1785432331.969,17:25:31,timeslice,0,0.0,0,0,0.0
1785432331.969,17:25:31,timeslice,1,0.0,0,0,0.0
1785432331.969,17:25:31,timeslice,2,0.0,0,0,0.0
1785432331.969,17:25:31,timeslice,3,0.0,0,0,0.0
1785432331.969,17:25:31,timeslice,4,0.0,0,0,0.0
1785432331.969,17:25:31,timeslice,5,0.0,0,0,0.0
1785432331.969,17:25:31,timeslice,6,0.0,0,0,0.0
1785432331.969,17:25:31,timeslice,7,0.0,0,0,0.0
1785432332.969,17:25:32,timeslice,0,0.0,0,0,0.0
1785432332.969,17:25:32,timeslice,1,0.0,0,0,0.0
1785432332.969,17:25:32,timeslice,2,0.0,0,0,0.0
1785432332.969,17:25:32,timeslice,3,0.0,0,0,0.0
1785432332.969,17:25:32,timeslice,4,0.0,0,0,0.0
1785432332.969,17:25:32,timeslice,5,0.0,0,0,0.0
1785432332.969,17:25:32,timeslice,6,0.0,0,0,0.0
1785432332.969,17:25:32,timeslice,7,0.0,0,0,0.0
1785432333.969,17:25:33,timeslice,0,0.0,0,0,0.0
1785432333.969,17:25:33,timeslice,1,0.0,0,0,0.0
1785432333.969,17:25:33,timeslice,2,0.0,0,0,0.0
1785432333.969,17:25:33,timeslice,3,0.0,0,0,0.0
1785432333.969,17:25:33,timeslice,4,0.0,0,0,0.0
1785432333.969,17:25:33,timeslice,5,0.0,0,0,0.0
1785432333.969,17:25:33,timeslice,6,0.0,0,0,0.0
1785432333.969,17:25:33,timeslice,7,0.0,0,0,0.0
1785432334.969,17:25:34,timeslice,0,0.0,0,0,0.0
1785432334.969,17:25:34,timeslice,1,0.0,0,0,0.0
1785432334.969,17:25:34,timeslice,2,0.0,0,0,0.0
1785432334.969,17:25:34,timeslice,3,0.0,0,0,0.0
1785432334.969,17:25:34,timeslice,4,0.0,0,0,0.0
1785432334.969,17:25:34,timeslice,5,0.0,0,0,0.0
1785432334.969,17:25:34,timeslice,6,0.0,0,0,0.0
1785432334.969,17:25:34,timeslice,7,0.0,0,0,0.0
1785432335.969,17:25:35,timeslice,0,0.0,0,0,0.0
1785432335.969,17:25:35,timeslice,1,0.0,0,0,0.0
1785432335.969,17:25:35,timeslice,2,0.0,0,0,0.0
1785432335.969,17:25:35,timeslice,3,0.0,0,0,0.0
1785432335.969,17:25:35,timeslice,4,0.0,0,0,0.0
1785432335.969,17:25:35,timeslice,5,0.0,0,0,0.0
1785432335.969,17:25:35,timeslice,6,0.0,0,0,0.0
1785432335.969,17:25:35,timeslice,7,0.0,0,0,0.0
1785432336.969,17:25:36,timeslice,0,0.0,0,0,0.0
1785432336.969,17:25:36,timeslice,1,0.0,0,0,0.0
1785432336.969,17:25:36,timeslice,2,0.0,0,0,0.0
1785432336.969,17:25:36,timeslice,3,0.0,0,0,0.0
1785432336.969,17:25:36,timeslice,4,0.0,0,0,0.0
1785432336.969,17:25:36,timeslice,5,0.0,0,0,0.0
1785432336.969,17:25:36,timeslice,6,0.0,0,0,0.0
1785432336.969,17:25:36,timeslice,7,0.0,0,0,0.0
1785432337.969,17:25:37,timeslice,0,0.0,0,0,0.0
1785432337.969,17:25:37,timeslice,1,0.0,0,0,0.0
1785432337.969,17:25:37,timeslice,2,0.0,0,0,0.0
1785432337.969,17:25:37,timeslice,3,0.0,0,0,0.0
1785432337.969,17:25:37,timeslice,4,0.0,0,0,0.0
1785432337.969,17:25:37,timeslice,5,0.0,0,0,0.0
1785432337.969,17:25:37,timeslice,6,0.0,0,0,0.0
1785432337.969,17:25:37,timeslice,7,0.0,0,0,0.0
1785432338.969,17:25:38,timeslice,0,0.0,0,0,0.0
1785432338.969,17:25:38,timeslice,1,0.0,0,0,0.0
1785432338.969,17:25:38,timeslice,2,0.0,0,0,0.0
1785432338.969,17:25:38,timeslice,3,0.0,0,0,0.0
1785432338.969,17:25:38,timeslice,4,0.0,0,0,0.0
1785432338.969,17:25:38,timeslice,5,0.0,0,0,0.0
1785432338.969,17:25:38,timeslice,6,0.0,0,0,0.0
1785432338.969,17:25:38,timeslice,7,0.0,0,0,0.0
1785432339.97,17:25:39,timeslice,0,0.0,0,0,0.0
1785432339.97,17:25:39,timeslice,1,0.0,0,0,0.0
1785432339.97,17:25:39,timeslice,2,0.0,0,0,0.0
1785432339.97,17:25:39,timeslice,3,0.0,0,0,0.0
1785432339.97,17:25:39,timeslice,4,0.0,0,0,0.0
1785432339.97,17:25:39,timeslice,5,0.0,0,0,0.0
1785432339.97,17:25:39,timeslice,6,0.0,0,0,0.0
1785432339.97,17:25:39,timeslice,7,0.0,0,0,0.0
1785432340.97,17:25:40,timeslice,0,0.0,0,0,0.0
1785432340.97,17:25:40,timeslice,1,0.0,0,0,0.0
1785432340.97,17:25:40,timeslice,2,0.0,0,0,0.0
1785432340.97,17:25:40,timeslice,3,0.0,0,0,0.0
1785432340.97,17:25:40,timeslice,4,0.0,0,0,0.0
1785432340.97,17:25:40,timeslice,5,0.0,0,0,0.0
1785432340.97,17:25:40,timeslice,6,0.0,0,0,0.0
1785432340.97,17:25:40,timeslice,7,0.0,0,0,0.0
1785432341.97,17:25:41,timeslice,0,0.0,0,0,0.0
1785432341.97,17:25:41,timeslice,1,0.0,0,0,0.0
1785432341.97,17:25:41,timeslice,2,0.0,0,0,0.0
1785432341.97,17:25:41,timeslice,3,0.0,0,0,0.0
1785432341.97,17:25:41,timeslice,4,0.0,0,0,0.0
1785432341.97,17:25:41,timeslice,5,0.0,0,0,0.0
1785432341.97,17:25:41,timeslice,6,0.0,0,0,0.0
1785432341.97,17:25:41,timeslice,7,0.0,0,0,0.0
1785432342.97,17:25:42,timeslice,0,0.0,0,0,0.0
1785432342.97,17:25:42,timeslice,1,0.0,0,0,0.0
1785432342.97,17:25:42,timeslice,2,0.0,0,0,0.0
1785432342.97,17:25:42,timeslice,3,0.0,0,0,0.0
1785432342.97,17:25:42,timeslice,4,0.0,0,0,0.0
1785432342.97,17:25:42,timeslice,5,0.0,0,0,0.0
1785432342.97,17:25:42,timeslice,6,0.0,0,0,0.0
1785432342.97,17:25:42,timeslice,7,0.0,0,0,0.0
1785432343.97,17:25:43,timeslice,0,0.0,0,0,0.0
1785432343.97,17:25:43,timeslice,1,0.0,0,0,0.0
1785432343.97,17:25:43,timeslice,2,0.0,0,0,0.0
1785432343.97,17:25:43,timeslice,3,0.0,0,0,0.0
1785432343.97,17:25:43,timeslice,4,0.0,0,0,0.0
1785432343.97,17:25:43,timeslice,5,0.0,0,0,0.0
1785432343.97,17:25:43,timeslice,6,0.0,0,0,0.0
1785432343.97,17:25:43,timeslice,7,0.0,0,0,0.0
1785432344.97,17:25:44,timeslice,0,0.0,0,0,0.0
1785432344.97,17:25:44,timeslice,1,0.0,0,0,0.0
1785432344.97,17:25:44,timeslice,2,0.0,0,0,0.0
1785432344.97,17:25:44,timeslice,3,0.0,0,0,0.0
1785432344.97,17:25:44,timeslice,4,0.0,0,0,0.0
1785432344.97,17:25:44,timeslice,5,0.0,0,0,0.0
1785432344.97,17:25:44,timeslice,6,0.0,0,0,0.0
1785432344.97,17:25:44,timeslice,7,0.0,0,0,0.0
1785432345.97,17:25:45,timeslice,0,0.0,0,0,0.0
1785432345.97,17:25:45,timeslice,1,0.0,0,0,0.0
1785432345.97,17:25:45,timeslice,2,0.0,0,0,0.0
1785432345.97,17:25:45,timeslice,3,0.0,0,0,0.0
1785432345.97,17:25:45,timeslice,4,0.0,0,0,0.0
1785432345.97,17:25:45,timeslice,5,0.0,0,0,0.0
1785432345.97,17:25:45,timeslice,6,0.0,0,0,0.0
1785432345.97,17:25:45,timeslice,7,0.0,0,0,0.0
1785432346.97,17:25:46,timeslice,0,0.0,0,0,0.0
1785432346.97,17:25:46,timeslice,1,0.0,0,0,0.0
1785432346.97,17:25:46,timeslice,2,0.0,0,0,0.0
1785432346.97,17:25:46,timeslice,3,0.0,0,0,0.0
1785432346.97,17:25:46,timeslice,4,0.0,0,0,0.0
1785432346.97,17:25:46,timeslice,5,0.0,0,0,0.0
1785432346.97,17:25:46,timeslice,6,0.0,0,0,0.0
1785432346.97,17:25:46,timeslice,7,0.0,0,0,0.0
1785432347.971,17:25:47,timeslice,0,0.0,0,0,0.0
1785432347.971,17:25:47,timeslice,1,0.0,0,0,0.0
1785432347.971,17:25:47,timeslice,2,0.0,0,0,0.0
1785432347.971,17:25:47,timeslice,3,0.0,0,0,0.0
1785432347.971,17:25:47,timeslice,4,0.0,0,0,0.0
1785432347.971,17:25:47,timeslice,5,0.0,0,0,0.0
1785432347.971,17:25:47,timeslice,6,0.0,0,0,0.0
1785432347.971,17:25:47,timeslice,7,0.0,0,0,0.0
1785432348.971,17:25:48,timeslice,0,0.0,0,0,0.0
1785432348.971,17:25:48,timeslice,1,0.0,0,0,0.0
1785432348.971,17:25:48,timeslice,2,0.0,0,0,0.0
1785432348.971,17:25:48,timeslice,3,0.0,0,0,0.0
1785432348.971,17:25:48,timeslice,4,0.0,0,0,0.0
1785432348.971,17:25:48,timeslice,5,0.0,0,0,0.0
1785432348.971,17:25:48,timeslice,6,0.0,0,0,0.0
1785432348.971,17:25:48,timeslice,7,0.0,0,0,0.0
1785432349.971,17:25:49,timeslice,0,0.0,0,0,0.0
1785432349.971,17:25:49,timeslice,1,0.0,0,0,0.0
1785432349.971,17:25:49,timeslice,2,0.0,0,0,0.0
1785432349.971,17:25:49,timeslice,3,0.0,0,0,0.0
1785432349.971,17:25:49,timeslice,4,0.0,0,0,0.0
1785432349.971,17:25:49,timeslice,5,0.0,0,0,0.0
1785432349.971,17:25:49,timeslice,6,0.0,0,0,0.0
1785432349.971,17:25:49,timeslice,7,0.0,0,0,0.0
1785432350.971,17:25:50,timeslice,0,0.0,0,0,0.0
1785432350.971,17:25:50,timeslice,1,0.0,0,0,0.0
1785432350.971,17:25:50,timeslice,2,0.0,0,0,0.0
1785432350.971,17:25:50,timeslice,3,0.0,0,0,0.0
1785432350.971,17:25:50,timeslice,4,0.0,0,0,0.0
1785432350.971,17:25:50,timeslice,5,0.0,0,0,0.0
1785432350.971,17:25:50,timeslice,6,0.0,0,0,0.0
1785432350.971,17:25:50,timeslice,7,0.0,0,0,0.0
1785432351.971,17:25:51,timeslice,0,0.0,0,0,0.0
1785432351.971,17:25:51,timeslice,1,0.0,0,0,0.0
1785432351.971,17:25:51,timeslice,2,0.0,0,0,0.0
1785432351.971,17:25:51,timeslice,3,0.0,0,0,0.0
1785432351.971,17:25:51,timeslice,4,0.0,0,0,0.0
1785432351.971,17:25:51,timeslice,5,0.0,0,0,0.0
1785432351.971,17:25:51,timeslice,6,0.0,0,0,0.0
1785432351.971,17:25:51,timeslice,7,0.0,0,0,0.0
