ts,wall,phase,chip,duty_cycle_pct,mem_used_mib,mem_total_mib,mem_pct
1785431225.797,17:07:05,timeslice,0,0.0,0,0,0.0
1785431225.797,17:07:05,timeslice,1,0.0,0,0,0.0
1785431225.797,17:07:05,timeslice,2,0.0,0,0,0.0
1785431225.797,17:07:05,timeslice,3,0.0,0,0,0.0
1785431225.797,17:07:05,timeslice,4,0.0,0,0,0.0
1785431225.797,17:07:05,timeslice,5,0.0,0,0,0.0
1785431225.797,17:07:05,timeslice,6,0.0,0,0,0.0
1785431225.797,17:07:05,timeslice,7,0.0,0,0,0.0
1785431226.797,17:07:06,timeslice,0,0.0,0,0,0.0
1785431226.797,17:07:06,timeslice,1,0.0,0,0,0.0
1785431226.797,17:07:06,timeslice,2,0.0,0,0,0.0
1785431226.797,17:07:06,timeslice,3,0.0,0,0,0.0
1785431226.797,17:07:06,timeslice,4,0.0,0,0,0.0
1785431226.797,17:07:06,timeslice,5,0.0,0,0,0.0
1785431226.797,17:07:06,timeslice,6,0.0,0,0,0.0
1785431226.797,17:07:06,timeslice,7,0.0,0,0,0.0
1785431227.798,17:07:07,timeslice,0,0.0,0,0,0.0
1785431227.798,17:07:07,timeslice,1,0.0,0,0,0.0
1785431227.798,17:07:07,timeslice,2,0.0,0,0,0.0
1785431227.798,17:07:07,timeslice,3,0.0,0,0,0.0
1785431227.798,17:07:07,timeslice,4,0.0,0,0,0.0
1785431227.798,17:07:07,timeslice,5,0.0,0,0,0.0
1785431227.798,17:07:07,timeslice,6,0.0,0,0,0.0
1785431227.798,17:07:07,timeslice,7,0.0,0,0,0.0
1785431228.798,17:07:08,timeslice,0,0.0,0,0,0.0
1785431228.798,17:07:08,timeslice,1,0.0,0,0,0.0
1785431228.798,17:07:08,timeslice,2,0.0,0,0,0.0
1785431228.798,17:07:08,timeslice,3,0.0,0,0,0.0
1785431228.798,17:07:08,timeslice,4,0.0,0,0,0.0
1785431228.798,17:07:08,timeslice,5,0.0,0,0,0.0
1785431228.798,17:07:08,timeslice,6,0.0,0,0,0.0
1785431228.798,17:07:08,timeslice,7,0.0,0,0,0.0
1785431229.798,17:07:09,timeslice,0,0.0,0,0,0.0
1785431229.798,17:07:09,timeslice,1,0.0,0,0,0.0
1785431229.798,17:07:09,timeslice,2,0.0,0,0,0.0
1785431229.798,17:07:09,timeslice,3,0.0,0,0,0.0
1785431229.798,17:07:09,timeslice,4,0.0,0,0,0.0
1785431229.798,17:07:09,timeslice,5,0.0,0,0,0.0
1785431229.798,17:07:09,timeslice,6,0.0,0,0,0.0
1785431229.798,17:07:09,timeslice,7,0.0,0,0,0.0
1785431230.798,17:07:10,timeslice,0,0.0,0,0,0.0
1785431230.798,17:07:10,timeslice,1,0.0,0,0,0.0
1785431230.798,17:07:10,timeslice,2,0.0,0,0,0.0
1785431230.798,17:07:10,timeslice,3,0.0,0,0,0.0
1785431230.798,17:07:10,timeslice,4,0.0,0,0,0.0
1785431230.798,17:07:10,timeslice,5,0.0,0,0,0.0
1785431230.798,17:07:10,timeslice,6,0.0,0,0,0.0
1785431230.798,17:07:10,timeslice,7,0.0,0,0,0.0
1785431231.798,17:07:11,timeslice,0,0.0,0,0,0.0
1785431231.798,17:07:11,timeslice,1,0.0,0,0,0.0
1785431231.798,17:07:11,timeslice,2,0.0,0,0,0.0
1785431231.798,17:07:11,timeslice,3,0.0,0,0,0.0
1785431231.798,17:07:11,timeslice,4,0.0,0,0,0.0
1785431231.798,17:07:11,timeslice,5,0.0,0,0,0.0
1785431231.798,17:07:11,timeslice,6,0.0,0,0,0.0
1785431231.798,17:07:11,timeslice,7,0.0,0,0,0.0
1785431232.798,17:07:12,timeslice,0,0.0,0,0,0.0
1785431232.798,17:07:12,timeslice,1,0.0,0,0,0.0
1785431232.798,17:07:12,timeslice,2,0.0,0,0,0.0
1785431232.798,17:07:12,timeslice,3,0.0,0,0,0.0
1785431232.798,17:07:12,timeslice,4,0.0,0,0,0.0
1785431232.798,17:07:12,timeslice,5,0.0,0,0,0.0
1785431232.798,17:07:12,timeslice,6,0.0,0,0,0.0
1785431232.798,17:07:12,timeslice,7,0.0,0,0,0.0
1785431233.798,17:07:13,timeslice,0,0.0,0,0,0.0
1785431233.798,17:07:13,timeslice,1,0.0,0,0,0.0
1785431233.798,17:07:13,timeslice,2,0.0,0,0,0.0
1785431233.798,17:07:13,timeslice,3,0.0,0,0,0.0
1785431233.798,17:07:13,timeslice,4,0.0,0,0,0.0
1785431233.798,17:07:13,timeslice,5,0.0,0,0,0.0
1785431233.798,17:07:13,timeslice,6,0.0,0,0,0.0
1785431233.798,17:07:13,timeslice,7,0.0,0,0,0.0
1785431234.798,17:07:14,timeslice,0,0.0,0,0,0.0
1785431234.798,17:07:14,timeslice,1,0.0,0,0,0.0
1785431234.798,17:07:14,timeslice,2,0.0,0,0,0.0
1785431234.798,17:07:14,timeslice,3,0.0,0,0,0.0
1785431234.798,17:07:14,timeslice,4,0.0,0,0,0.0
1785431234.798,17:07:14,timeslice,5,0.0,0,0,0.0
1785431234.798,17:07:14,timeslice,6,0.0,0,0,0.0
1785431234.798,17:07:14,timeslice,7,0.0,0,0,0.0
1785431235.799,17:07:15,timeslice,0,0.0,0,0,0.0
1785431235.799,17:07:15,timeslice,1,0.0,0,0,0.0
1785431235.799,17:07:15,timeslice,2,0.0,0,0,0.0
1785431235.799,17:07:15,timeslice,3,0.0,0,0,0.0
1785431235.799,17:07:15,timeslice,4,0.0,0,0,0.0
1785431235.799,17:07:15,timeslice,5,0.0,0,0,0.0
1785431235.799,17:07:15,timeslice,6,0.0,0,0,0.0
1785431235.799,17:07:15,timeslice,7,0.0,0,0,0.0
1785431236.799,17:07:16,timeslice,0,0.0,0,0,0.0
1785431236.799,17:07:16,timeslice,1,0.0,0,0,0.0
1785431236.799,17:07:16,timeslice,2,0.0,0,0,0.0
1785431236.799,17:07:16,timeslice,3,0.0,0,0,0.0
1785431236.799,17:07:16,timeslice,4,0.0,0,0,0.0
1785431236.799,17:07:16,timeslice,5,0.0,0,0,0.0
1785431236.799,17:07:16,timeslice,6,0.0,0,0,0.0
1785431236.799,17:07:16,timeslice,7,0.0,0,0,0.0
1785431237.799,17:07:17,timeslice,0,0.0,0,0,0.0
1785431237.799,17:07:17,timeslice,1,0.0,0,0,0.0
1785431237.799,17:07:17,timeslice,2,0.0,0,0,0.0
1785431237.799,17:07:17,timeslice,3,0.0,0,0,0.0
1785431237.799,17:07:17,timeslice,4,0.0,0,0,0.0
1785431237.799,17:07:17,timeslice,5,0.0,0,0,0.0
1785431237.799,17:07:17,timeslice,6,0.0,0,0,0.0
1785431237.799,17:07:17,timeslice,7,0.0,0,0,0.0
1785431238.799,17:07:18,timeslice,0,0.0,0,0,0.0
1785431238.799,17:07:18,timeslice,1,0.0,0,0,0.0
1785431238.799,17:07:18,timeslice,2,0.0,0,0,0.0
1785431238.799,17:07:18,timeslice,3,0.0,0,0,0.0
1785431238.799,17:07:18,timeslice,4,0.0,0,0,0.0
1785431238.799,17:07:18,timeslice,5,0.0,0,0,0.0
1785431238.799,17:07:18,timeslice,6,0.0,0,0,0.0
1785431238.799,17:07:18,timeslice,7,0.0,0,0,0.0
1785431239.799,17:07:19,timeslice,0,0.0,0,0,0.0
1785431239.799,17:07:19,timeslice,1,0.0,0,0,0.0
1785431239.799,17:07:19,timeslice,2,0.0,0,0,0.0
1785431239.799,17:07:19,timeslice,3,0.0,0,0,0.0
1785431239.799,17:07:19,timeslice,4,0.0,0,0,0.0
1785431239.799,17:07:19,timeslice,5,0.0,0,0,0.0
1785431239.799,17:07:19,timeslice,6,0.0,0,0,0.0
1785431239.799,17:07:19,timeslice,7,0.0,0,0,0.0
1785431240.799,17:07:20,timeslice,0,0.0,0,0,0.0
1785431240.799,17:07:20,timeslice,1,0.0,0,0,0.0
1785431240.799,17:07:20,timeslice,2,0.0,0,0,0.0
1785431240.799,17:07:20,timeslice,3,0.0,0,0,0.0
1785431240.799,17:07:20,timeslice,4,0.0,0,0,0.0
1785431240.799,17:07:20,timeslice,5,0.0,0,0,0.0
1785431240.799,17:07:20,timeslice,6,0.0,0,0,0.0
1785431240.799,17:07:20,timeslice,7,0.0,0,0,0.0
1785431241.799,17:07:21,timeslice,0,0.0,0,0,0.0
1785431241.799,17:07:21,timeslice,1,0.0,0,0,0.0
1785431241.799,17:07:21,timeslice,2,0.0,0,0,0.0
1785431241.799,17:07:21,timeslice,3,0.0,0,0,0.0
1785431241.799,17:07:21,timeslice,4,0.0,0,0,0.0
1785431241.799,17:07:21,timeslice,5,0.0,0,0,0.0
1785431241.799,17:07:21,timeslice,6,0.0,0,0,0.0
1785431241.799,17:07:21,timeslice,7,0.0,0,0,0.0
1785431242.799,17:07:22,timeslice,0,0.0,0,0,0.0
1785431242.799,17:07:22,timeslice,1,0.0,0,0,0.0
1785431242.799,17:07:22,timeslice,2,0.0,0,0,0.0
1785431242.799,17:07:22,timeslice,3,0.0,0,0,0.0
1785431242.799,17:07:22,timeslice,4,0.0,0,0,0.0
1785431242.799,17:07:22,timeslice,5,0.0,0,0,0.0
1785431242.799,17:07:22,timeslice,6,0.0,0,0,0.0
1785431242.799,17:07:22,timeslice,7,0.0,0,0,0.0
1785431243.799,17:07:23,timeslice,0,0.0,0,0,0.0
1785431243.799,17:07:23,timeslice,1,0.0,0,0,0.0
1785431243.799,17:07:23,timeslice,2,0.0,0,0,0.0
1785431243.799,17:07:23,timeslice,3,0.0,0,0,0.0
1785431243.799,17:07:23,timeslice,4,0.0,0,0,0.0
1785431243.799,17:07:23,timeslice,5,0.0,0,0,0.0
1785431243.799,17:07:23,timeslice,6,0.0,0,0,0.0
1785431243.799,17:07:23,timeslice,7,0.0,0,0,0.0
1785431244.8,17:07:24,timeslice,0,0.0,0,0,0.0
1785431244.8,17:07:24,timeslice,1,0.0,0,0,0.0
1785431244.8,17:07:24,timeslice,2,0.0,0,0,0.0
1785431244.8,17:07:24,timeslice,3,0.0,0,0,0.0
1785431244.8,17:07:24,timeslice,4,0.0,0,0,0.0
1785431244.8,17:07:24,timeslice,5,0.0,0,0,0.0
1785431244.8,17:07:24,timeslice,6,0.0,0,0,0.0
1785431244.8,17:07:24,timeslice,7,0.0,0,0,0.0
1785431245.8,17:07:25,timeslice,0,0.0,0,0,0.0
1785431245.8,17:07:25,timeslice,1,0.0,0,0,0.0
1785431245.8,17:07:25,timeslice,2,0.0,0,0,0.0
1785431245.8,17:07:25,timeslice,3,0.0,0,0,0.0
1785431245.8,17:07:25,timeslice,4,0.0,0,0,0.0
1785431245.8,17:07:25,timeslice,5,0.0,0,0,0.0
1785431245.8,17:07:25,timeslice,6,0.0,0,0,0.0
1785431245.8,17:07:25,timeslice,7,0.0,0,0,0.0
1785431246.8,17:07:26,timeslice,0,0.0,0,0,0.0
1785431246.8,17:07:26,timeslice,1,0.0,0,0,0.0
1785431246.8,17:07:26,timeslice,2,0.0,0,0,0.0
1785431246.8,17:07:26,timeslice,3,0.0,0,0,0.0
1785431246.8,17:07:26,timeslice,4,0.0,0,0,0.0
1785431246.8,17:07:26,timeslice,5,0.0,0,0,0.0
1785431246.8,17:07:26,timeslice,6,0.0,0,0,0.0
1785431246.8,17:07:26,timeslice,7,0.0,0,0,0.0
1785431247.8,17:07:27,timeslice,0,0.0,0,0,0.0
1785431247.8,17:07:27,timeslice,1,0.0,0,0,0.0
1785431247.8,17:07:27,timeslice,2,0.0,0,0,0.0
1785431247.8,17:07:27,timeslice,3,0.0,0,0,0.0
1785431247.8,17:07:27,timeslice,4,0.0,0,0,0.0
1785431247.8,17:07:27,timeslice,5,0.0,0,0,0.0
1785431247.8,17:07:27,timeslice,6,0.0,0,0,0.0
1785431247.8,17:07:27,timeslice,7,0.0,0,0,0.0
1785431248.8,17:07:28,timeslice,0,0.0,0,0,0.0
1785431248.8,17:07:28,timeslice,1,0.0,0,0,0.0
1785431248.8,17:07:28,timeslice,2,0.0,0,0,0.0
1785431248.8,17:07:28,timeslice,3,0.0,0,0,0.0
1785431248.8,17:07:28,timeslice,4,0.0,0,0,0.0
1785431248.8,17:07:28,timeslice,5,0.0,0,0,0.0
1785431248.8,17:07:28,timeslice,6,0.0,0,0,0.0
1785431248.8,17:07:28,timeslice,7,0.0,0,0,0.0
1785431249.8,17:07:29,timeslice,0,0.0,0,0,0.0
1785431249.8,17:07:29,timeslice,1,0.0,0,0,0.0
1785431249.8,17:07:29,timeslice,2,0.0,0,0,0.0
1785431249.8,17:07:29,timeslice,3,0.0,0,0,0.0
1785431249.8,17:07:29,timeslice,4,0.0,0,0,0.0
1785431249.8,17:07:29,timeslice,5,0.0,0,0,0.0
1785431249.8,17:07:29,timeslice,6,0.0,0,0,0.0
1785431249.8,17:07:29,timeslice,7,0.0,0,0,0.0
1785431250.8,17:07:30,timeslice,0,0.0,0,0,0.0
1785431250.8,17:07:30,timeslice,1,0.0,0,0,0.0
1785431250.8,17:07:30,timeslice,2,0.0,0,0,0.0
1785431250.8,17:07:30,timeslice,3,0.0,0,0,0.0
1785431250.8,17:07:30,timeslice,4,0.0,0,0,0.0
1785431250.8,17:07:30,timeslice,5,0.0,0,0,0.0
1785431250.8,17:07:30,timeslice,6,0.0,0,0,0.0
1785431250.8,17:07:30,timeslice,7,0.0,0,0,0.0
1785431251.8,17:07:31,timeslice,0,0.0,0,0,0.0
1785431251.8,17:07:31,timeslice,1,0.0,0,0,0.0
1785431251.8,17:07:31,timeslice,2,0.0,0,0,0.0
1785431251.8,17:07:31,timeslice,3,0.0,0,0,0.0
1785431251.8,17:07:31,timeslice,4,0.0,0,0,0.0
1785431251.8,17:07:31,timeslice,5,0.0,0,0,0.0
1785431251.8,17:07:31,timeslice,6,0.0,0,0,0.0
1785431251.8,17:07:31,timeslice,7,0.0,0,0,0.0
1785431252.8,17:07:32,timeslice,0,0.0,0,0,0.0
1785431252.8,17:07:32,timeslice,1,0.0,0,0,0.0
1785431252.8,17:07:32,timeslice,2,0.0,0,0,0.0
1785431252.8,17:07:32,timeslice,3,0.0,0,0,0.0
1785431252.8,17:07:32,timeslice,4,0.0,0,0,0.0
1785431252.8,17:07:32,timeslice,5,0.0,0,0,0.0
1785431252.8,17:07:32,timeslice,6,0.0,0,0,0.0
1785431252.8,17:07:32,timeslice,7,0.0,0,0,0.0
1785431253.8,17:07:33,timeslice,0,0.0,0,0,0.0
1785431253.8,17:07:33,timeslice,1,0.0,0,0,0.0
1785431253.8,17:07:33,timeslice,2,0.0,0,0,0.0
1785431253.8,17:07:33,timeslice,3,0.0,0,0,0.0
1785431253.8,17:07:33,timeslice,4,0.0,0,0,0.0
1785431253.8,17:07:33,timeslice,5,0.0,0,0,0.0
1785431253.8,17:07:33,timeslice,6,0.0,0,0,0.0
1785431253.8,17:07:33,timeslice,7,0.0,0,0,0.0
1785431254.801,17:07:34,timeslice,0,0.0,0,0,0.0
1785431254.801,17:07:34,timeslice,1,0.0,0,0,0.0
1785431254.801,17:07:34,timeslice,2,0.0,0,0,0.0
1785431254.801,17:07:34,timeslice,3,0.0,0,0,0.0
1785431254.801,17:07:34,timeslice,4,0.0,0,0,0.0
1785431254.801,17:07:34,timeslice,5,0.0,0,0,0.0
1785431254.801,17:07:34,timeslice,6,0.0,0,0,0.0
1785431254.801,17:07:34,timeslice,7,0.0,0,0,0.0
1785431255.801,17:07:35,timeslice,0,0.0,0,0,0.0
1785431255.801,17:07:35,timeslice,1,0.0,0,0,0.0
1785431255.801,17:07:35,timeslice,2,0.0,0,0,0.0
1785431255.801,17:07:35,timeslice,3,0.0,0,0,0.0
1785431255.801,17:07:35,timeslice,4,0.0,0,0,0.0
1785431255.801,17:07:35,timeslice,5,0.0,0,0,0.0
1785431255.801,17:07:35,timeslice,6,0.0,0,0,0.0
1785431255.801,17:07:35,timeslice,7,0.0,0,0,0.0
1785431256.801,17:07:36,timeslice,0,0.0,0,0,0.0
1785431256.801,17:07:36,timeslice,1,0.0,0,0,0.0
1785431256.801,17:07:36,timeslice,2,0.0,0,0,0.0
1785431256.801,17:07:36,timeslice,3,0.0,0,0,0.0
1785431256.801,17:07:36,timeslice,4,0.0,0,0,0.0
1785431256.801,17:07:36,timeslice,5,0.0,0,0,0.0
1785431256.801,17:07:36,timeslice,6,0.0,0,0,0.0
1785431256.801,17:07:36,timeslice,7,0.0,0,0,0.0
1785431257.801,17:07:37,timeslice,0,0.0,0,0,0.0
1785431257.801,17:07:37,timeslice,1,0.0,0,0,0.0
1785431257.801,17:07:37,timeslice,2,0.0,0,0,0.0
1785431257.801,17:07:37,timeslice,3,0.0,0,0,0.0
1785431257.801,17:07:37,timeslice,4,0.0,0,0,0.0
1785431257.801,17:07:37,timeslice,5,0.0,0,0,0.0
1785431257.801,17:07:37,timeslice,6,0.0,0,0,0.0
1785431257.801,17:07:37,timeslice,7,0.0,0,0,0.0
1785431258.801,17:07:38,timeslice,0,0.0,0,0,0.0
1785431258.801,17:07:38,timeslice,1,0.0,0,0,0.0
1785431258.801,17:07:38,timeslice,2,0.0,0,0,0.0
1785431258.801,17:07:38,timeslice,3,0.0,0,0,0.0
1785431258.801,17:07:38,timeslice,4,0.0,0,0,0.0
1785431258.801,17:07:38,timeslice,5,0.0,0,0,0.0
1785431258.801,17:07:38,timeslice,6,0.0,0,0,0.0
1785431258.801,17:07:38,timeslice,7,0.0,0,0,0.0
1785431259.801,17:07:39,timeslice,0,0.0,0,0,0.0
1785431259.801,17:07:39,timeslice,1,0.0,0,0,0.0
1785431259.801,17:07:39,timeslice,2,0.0,0,0,0.0
1785431259.801,17:07:39,timeslice,3,0.0,0,0,0.0
1785431259.801,17:07:39,timeslice,4,0.0,0,0,0.0
1785431259.801,17:07:39,timeslice,5,0.0,0,0,0.0
1785431259.801,17:07:39,timeslice,6,0.0,0,0,0.0
1785431259.801,17:07:39,timeslice,7,0.0,0,0,0.0
1785431260.801,17:07:40,timeslice,0,0.0,0,0,0.0
1785431260.801,17:07:40,timeslice,1,0.0,0,0,0.0
1785431260.801,17:07:40,timeslice,2,0.0,0,0,0.0
1785431260.801,17:07:40,timeslice,3,0.0,0,0,0.0
1785431260.801,17:07:40,timeslice,4,0.0,0,0,0.0
1785431260.801,17:07:40,timeslice,5,0.0,0,0,0.0
1785431260.801,17:07:40,timeslice,6,0.0,0,0,0.0
1785431260.801,17:07:40,timeslice,7,0.0,0,0,0.0
1785431261.801,17:07:41,timeslice,0,0.0,0,0,0.0
1785431261.801,17:07:41,timeslice,1,0.0,0,0,0.0
1785431261.801,17:07:41,timeslice,2,0.0,0,0,0.0
1785431261.801,17:07:41,timeslice,3,0.0,0,0,0.0
1785431261.801,17:07:41,timeslice,4,0.0,0,0,0.0
1785431261.801,17:07:41,timeslice,5,0.0,0,0,0.0
1785431261.801,17:07:41,timeslice,6,0.0,0,0,0.0
1785431261.801,17:07:41,timeslice,7,0.0,0,0,0.0
1785431262.802,17:07:42,timeslice,0,0.0,0,0,0.0
1785431262.802,17:07:42,timeslice,1,0.0,0,0,0.0
1785431262.802,17:07:42,timeslice,2,0.0,0,0,0.0
1785431262.802,17:07:42,timeslice,3,0.0,0,0,0.0
1785431262.802,17:07:42,timeslice,4,0.0,0,0,0.0
1785431262.802,17:07:42,timeslice,5,0.0,0,0,0.0
1785431262.802,17:07:42,timeslice,6,0.0,0,0,0.0
1785431262.802,17:07:42,timeslice,7,0.0,0,0,0.0
1785431263.802,17:07:43,timeslice,0,0.0,0,0,0.0
1785431263.802,17:07:43,timeslice,1,0.0,0,0,0.0
1785431263.802,17:07:43,timeslice,2,0.0,0,0,0.0
1785431263.802,17:07:43,timeslice,3,0.0,0,0,0.0
1785431263.802,17:07:43,timeslice,4,0.0,0,0,0.0
1785431263.802,17:07:43,timeslice,5,0.0,0,0,0.0
1785431263.802,17:07:43,timeslice,6,0.0,0,0,0.0
1785431263.802,17:07:43,timeslice,7,0.0,0,0,0.0
1785431264.802,17:07:44,timeslice,0,0.0,0,0,0.0
1785431264.802,17:07:44,timeslice,1,0.0,0,0,0.0
1785431264.802,17:07:44,timeslice,2,0.0,0,0,0.0
1785431264.802,17:07:44,timeslice,3,0.0,0,0,0.0
1785431264.802,17:07:44,timeslice,4,0.0,0,0,0.0
1785431264.802,17:07:44,timeslice,5,0.0,0,0,0.0
1785431264.802,17:07:44,timeslice,6,0.0,0,0,0.0
1785431264.802,17:07:44,timeslice,7,0.0,0,0,0.0
1785431265.802,17:07:45,timeslice,0,0.0,0,0,0.0
1785431265.802,17:07:45,timeslice,1,0.0,0,0,0.0
1785431265.802,17:07:45,timeslice,2,0.0,0,0,0.0
1785431265.802,17:07:45,timeslice,3,0.0,0,0,0.0
1785431265.802,17:07:45,timeslice,4,0.0,0,0,0.0
1785431265.802,17:07:45,timeslice,5,0.0,0,0,0.0
1785431265.802,17:07:45,timeslice,6,0.0,0,0,0.0
1785431265.802,17:07:45,timeslice,7,0.0,0,0,0.0
1785431266.802,17:07:46,timeslice,0,0.0,0,0,0.0
1785431266.802,17:07:46,timeslice,1,0.0,0,0,0.0
1785431266.802,17:07:46,timeslice,2,0.0,0,0,0.0
1785431266.802,17:07:46,timeslice,3,0.0,0,0,0.0
1785431266.802,17:07:46,timeslice,4,0.0,0,0,0.0
1785431266.802,17:07:46,timeslice,5,0.0,0,0,0.0
1785431266.802,17:07:46,timeslice,6,0.0,0,0,0.0
1785431266.802,17:07:46,timeslice,7,0.0,0,0,0.0
1785431267.802,17:07:47,timeslice,0,0.0,0,0,0.0
1785431267.802,17:07:47,timeslice,1,0.0,0,0,0.0
1785431267.802,17:07:47,timeslice,2,0.0,0,0,0.0
1785431267.802,17:07:47,timeslice,3,0.0,0,0,0.0
1785431267.802,17:07:47,timeslice,4,0.0,0,0,0.0
1785431267.802,17:07:47,timeslice,5,0.0,0,0,0.0
1785431267.802,17:07:47,timeslice,6,0.0,0,0,0.0
1785431267.802,17:07:47,timeslice,7,0.0,0,0,0.0
1785431268.802,17:07:48,timeslice,0,0.0,0,0,0.0
1785431268.802,17:07:48,timeslice,1,0.0,0,0,0.0
1785431268.802,17:07:48,timeslice,2,0.0,0,0,0.0
1785431268.802,17:07:48,timeslice,3,0.0,0,0,0.0
1785431268.802,17:07:48,timeslice,4,0.0,0,0,0.0
1785431268.802,17:07:48,timeslice,5,0.0,0,0,0.0
1785431268.802,17:07:48,timeslice,6,0.0,0,0,0.0
1785431268.802,17:07:48,timeslice,7,0.0,0,0,0.0
1785431269.802,17:07:49,timeslice,0,0.0,0,0,0.0
1785431269.802,17:07:49,timeslice,1,0.0,0,0,0.0
1785431269.802,17:07:49,timeslice,2,0.0,0,0,0.0
1785431269.802,17:07:49,timeslice,3,0.0,0,0,0.0
1785431269.802,17:07:49,timeslice,4,0.0,0,0,0.0
1785431269.802,17:07:49,timeslice,5,0.0,0,0,0.0
1785431269.802,17:07:49,timeslice,6,0.0,0,0,0.0
1785431269.802,17:07:49,timeslice,7,0.0,0,0,0.0
1785431270.802,17:07:50,timeslice,0,0.0,0,0,0.0
1785431270.802,17:07:50,timeslice,1,0.0,0,0,0.0
1785431270.802,17:07:50,timeslice,2,0.0,0,0,0.0
1785431270.802,17:07:50,timeslice,3,0.0,0,0,0.0
1785431270.802,17:07:50,timeslice,4,0.0,0,0,0.0
1785431270.802,17:07:50,timeslice,5,0.0,0,0,0.0
1785431270.802,17:07:50,timeslice,6,0.0,0,0,0.0
1785431270.802,17:07:50,timeslice,7,0.0,0,0,0.0
1785431271.803,17:07:51,timeslice,0,0.0,0,0,0.0
1785431271.803,17:07:51,timeslice,1,0.0,0,0,0.0
1785431271.803,17:07:51,timeslice,2,0.0,0,0,0.0
1785431271.803,17:07:51,timeslice,3,0.0,0,0,0.0
1785431271.803,17:07:51,timeslice,4,0.0,0,0,0.0
1785431271.803,17:07:51,timeslice,5,0.0,0,0,0.0
1785431271.803,17:07:51,timeslice,6,0.0,0,0,0.0
1785431271.803,17:07:51,timeslice,7,0.0,0,0,0.0
1785431272.803,17:07:52,timeslice,0,0.0,0,0,0.0
1785431272.803,17:07:52,timeslice,1,0.0,0,0,0.0
1785431272.803,17:07:52,timeslice,2,0.0,0,0,0.0
1785431272.803,17:07:52,timeslice,3,0.0,0,0,0.0
1785431272.803,17:07:52,timeslice,4,0.0,0,0,0.0
1785431272.803,17:07:52,timeslice,5,0.0,0,0,0.0
1785431272.803,17:07:52,timeslice,6,0.0,0,0,0.0
1785431272.803,17:07:52,timeslice,7,0.0,0,0,0.0
1785431273.803,17:07:53,timeslice,0,0.0,0,0,0.0
1785431273.803,17:07:53,timeslice,1,0.0,0,0,0.0
1785431273.803,17:07:53,timeslice,2,0.0,0,0,0.0
1785431273.803,17:07:53,timeslice,3,0.0,0,0,0.0
1785431273.803,17:07:53,timeslice,4,0.0,0,0,0.0
1785431273.803,17:07:53,timeslice,5,0.0,0,0,0.0
1785431273.803,17:07:53,timeslice,6,0.0,0,0,0.0
1785431273.803,17:07:53,timeslice,7,0.0,0,0,0.0
1785431274.803,17:07:54,timeslice,0,0.0,0,0,0.0
1785431274.803,17:07:54,timeslice,1,0.0,0,0,0.0
1785431274.803,17:07:54,timeslice,2,0.0,0,0,0.0
1785431274.803,17:07:54,timeslice,3,0.0,0,0,0.0
1785431274.803,17:07:54,timeslice,4,0.0,0,0,0.0
1785431274.803,17:07:54,timeslice,5,0.0,0,0,0.0
1785431274.803,17:07:54,timeslice,6,0.0,0,0,0.0
1785431274.803,17:07:54,timeslice,7,0.0,0,0,0.0
1785431275.803,17:07:55,timeslice,0,0.0,0,0,0.0
1785431275.803,17:07:55,timeslice,1,0.0,0,0,0.0
1785431275.803,17:07:55,timeslice,2,0.0,0,0,0.0
1785431275.803,17:07:55,timeslice,3,0.0,0,0,0.0
1785431275.803,17:07:55,timeslice,4,0.0,0,0,0.0
1785431275.803,17:07:55,timeslice,5,0.0,0,0,0.0
1785431275.803,17:07:55,timeslice,6,0.0,0,0,0.0
1785431275.803,17:07:55,timeslice,7,0.0,0,0,0.0
1785431276.803,17:07:56,timeslice,0,0.0,0,0,0.0
1785431276.803,17:07:56,timeslice,1,0.0,0,0,0.0
1785431276.803,17:07:56,timeslice,2,0.0,0,0,0.0
1785431276.803,17:07:56,timeslice,3,0.0,0,0,0.0
1785431276.803,17:07:56,timeslice,4,0.0,0,0,0.0
1785431276.803,17:07:56,timeslice,5,0.0,0,0,0.0
1785431276.803,17:07:56,timeslice,6,0.0,0,0,0.0
1785431276.803,17:07:56,timeslice,7,0.0,0,0,0.0
1785431277.803,17:07:57,timeslice,0,0.0,0,0,0.0
1785431277.803,17:07:57,timeslice,1,0.0,0,0,0.0
1785431277.803,17:07:57,timeslice,2,0.0,0,0,0.0
1785431277.803,17:07:57,timeslice,3,0.0,0,0,0.0
1785431277.803,17:07:57,timeslice,4,0.0,0,0,0.0
1785431277.803,17:07:57,timeslice,5,0.0,0,0,0.0
1785431277.803,17:07:57,timeslice,6,0.0,0,0,0.0
1785431277.803,17:07:57,timeslice,7,0.0,0,0,0.0
1785431278.803,17:07:58,timeslice,0,0.0,0,0,0.0
1785431278.803,17:07:58,timeslice,1,0.0,0,0,0.0
1785431278.803,17:07:58,timeslice,2,0.0,0,0,0.0
1785431278.803,17:07:58,timeslice,3,0.0,0,0,0.0
1785431278.803,17:07:58,timeslice,4,0.0,0,0,0.0
1785431278.803,17:07:58,timeslice,5,0.0,0,0,0.0
1785431278.803,17:07:58,timeslice,6,0.0,0,0,0.0
1785431278.803,17:07:58,timeslice,7,0.0,0,0,0.0
1785431279.803,17:07:59,timeslice,0,0.0,0,0,0.0
1785431279.803,17:07:59,timeslice,1,0.0,0,0,0.0
1785431279.803,17:07:59,timeslice,2,0.0,0,0,0.0
1785431279.803,17:07:59,timeslice,3,0.0,0,0,0.0
1785431279.803,17:07:59,timeslice,4,0.0,0,0,0.0
1785431279.803,17:07:59,timeslice,5,0.0,0,0,0.0
1785431279.803,17:07:59,timeslice,6,0.0,0,0,0.0
1785431279.803,17:07:59,timeslice,7,0.0,0,0,0.0
1785431280.804,17:08:00,timeslice,0,0.0,0,0,0.0
1785431280.804,17:08:00,timeslice,1,0.0,0,0,0.0
1785431280.804,17:08:00,timeslice,2,0.0,0,0,0.0
1785431280.804,17:08:00,timeslice,3,0.0,0,0,0.0
1785431280.804,17:08:00,timeslice,4,0.0,0,0,0.0
1785431280.804,17:08:00,timeslice,5,0.0,0,0,0.0
1785431280.804,17:08:00,timeslice,6,0.0,0,0,0.0
1785431280.804,17:08:00,timeslice,7,0.0,0,0,0.0
1785431281.804,17:08:01,timeslice,0,0.0,0,0,0.0
1785431281.804,17:08:01,timeslice,1,0.0,0,0,0.0
1785431281.804,17:08:01,timeslice,2,0.0,0,0,0.0
1785431281.804,17:08:01,timeslice,3,0.0,0,0,0.0
1785431281.804,17:08:01,timeslice,4,0.0,0,0,0.0
1785431281.804,17:08:01,timeslice,5,0.0,0,0,0.0
1785431281.804,17:08:01,timeslice,6,0.0,0,0,0.0
1785431281.804,17:08:01,timeslice,7,0.0,0,0,0.0
1785431282.804,17:08:02,timeslice,0,0.0,0,0,0.0
1785431282.804,17:08:02,timeslice,1,0.0,0,0,0.0
1785431282.804,17:08:02,timeslice,2,0.0,0,0,0.0
1785431282.804,17:08:02,timeslice,3,0.0,0,0,0.0
1785431282.804,17:08:02,timeslice,4,0.0,0,0,0.0
1785431282.804,17:08:02,timeslice,5,0.0,0,0,0.0
1785431282.804,17:08:02,timeslice,6,0.0,0,0,0.0
1785431282.804,17:08:02,timeslice,7,0.0,0,0,0.0
1785431283.804,17:08:03,timeslice,0,0.0,0,0,0.0
1785431283.804,17:08:03,timeslice,1,0.0,0,0,0.0
1785431283.804,17:08:03,timeslice,2,0.0,0,0,0.0
1785431283.804,17:08:03,timeslice,3,0.0,0,0,0.0
1785431283.804,17:08:03,timeslice,4,0.0,0,0,0.0
1785431283.804,17:08:03,timeslice,5,0.0,0,0,0.0
1785431283.804,17:08:03,timeslice,6,0.0,0,0,0.0
1785431283.804,17:08:03,timeslice,7,0.0,0,0,0.0
1785431284.804,17:08:04,timeslice,0,0.0,0,0,0.0
1785431284.804,17:08:04,timeslice,1,0.0,0,0,0.0
1785431284.804,17:08:04,timeslice,2,0.0,0,0,0.0
1785431284.804,17:08:04,timeslice,3,0.0,0,0,0.0
1785431284.804,17:08:04,timeslice,4,0.0,0,0,0.0
1785431284.804,17:08:04,timeslice,5,0.0,0,0,0.0
1785431284.804,17:08:04,timeslice,6,0.0,0,0,0.0
1785431284.804,17:08:04,timeslice,7,0.0,0,0,0.0
1785431285.804,17:08:05,timeslice,0,0.0,0,0,0.0
1785431285.804,17:08:05,timeslice,1,0.0,0,0,0.0
1785431285.804,17:08:05,timeslice,2,0.0,0,0,0.0
1785431285.804,17:08:05,timeslice,3,0.0,0,0,0.0
1785431285.804,17:08:05,timeslice,4,0.0,0,0,0.0
1785431285.804,17:08:05,timeslice,5,0.0,0,0,0.0
1785431285.804,17:08:05,timeslice,6,0.0,0,0,0.0
1785431285.804,17:08:05,timeslice,7,0.0,0,0,0.0
1785431286.804,17:08:06,timeslice,0,0.0,0,0,0.0
1785431286.804,17:08:06,timeslice,1,0.0,0,0,0.0
1785431286.804,17:08:06,timeslice,2,0.0,0,0,0.0
1785431286.804,17:08:06,timeslice,3,0.0,0,0,0.0
1785431286.804,17:08:06,timeslice,4,0.0,0,0,0.0
1785431286.804,17:08:06,timeslice,5,0.0,0,0,0.0
1785431286.804,17:08:06,timeslice,6,0.0,0,0,0.0
1785431286.804,17:08:06,timeslice,7,0.0,0,0,0.0
1785431287.804,17:08:07,timeslice,0,0.0,0,0,0.0
1785431287.804,17:08:07,timeslice,1,0.0,0,0,0.0
1785431287.804,17:08:07,timeslice,2,0.0,0,0,0.0
1785431287.804,17:08:07,timeslice,3,0.0,0,0,0.0
1785431287.804,17:08:07,timeslice,4,0.0,0,0,0.0
1785431287.804,17:08:07,timeslice,5,0.0,0,0,0.0
1785431287.804,17:08:07,timeslice,6,0.0,0,0,0.0
1785431287.804,17:08:07,timeslice,7,0.0,0,0,0.0
1785431288.804,17:08:08,timeslice,0,0.0,0,0,0.0
1785431288.804,17:08:08,timeslice,1,0.0,0,0,0.0
1785431288.804,17:08:08,timeslice,2,0.0,0,0,0.0
1785431288.804,17:08:08,timeslice,3,0.0,0,0,0.0
1785431288.804,17:08:08,timeslice,4,0.0,0,0,0.0
1785431288.804,17:08:08,timeslice,5,0.0,0,0,0.0
1785431288.804,17:08:08,timeslice,6,0.0,0,0,0.0
1785431288.804,17:08:08,timeslice,7,0.0,0,0,0.0
1785431289.805,17:08:09,timeslice,0,0.0,0,0,0.0
1785431289.805,17:08:09,timeslice,1,0.0,0,0,0.0
1785431289.805,17:08:09,timeslice,2,0.0,0,0,0.0
1785431289.805,17:08:09,timeslice,3,0.0,0,0,0.0
1785431289.805,17:08:09,timeslice,4,0.0,0,0,0.0
1785431289.805,17:08:09,timeslice,5,0.0,0,0,0.0
1785431289.805,17:08:09,timeslice,6,0.0,0,0,0.0
1785431289.805,17:08:09,timeslice,7,0.0,0,0,0.0
1785431290.805,17:08:10,timeslice,0,0.0,0,0,0.0
1785431290.805,17:08:10,timeslice,1,0.0,0,0,0.0
1785431290.805,17:08:10,timeslice,2,0.0,0,0,0.0
1785431290.805,17:08:10,timeslice,3,0.0,0,0,0.0
1785431290.805,17:08:10,timeslice,4,0.0,0,0,0.0
1785431290.805,17:08:10,timeslice,5,0.0,0,0,0.0
1785431290.805,17:08:10,timeslice,6,0.0,0,0,0.0
1785431290.805,17:08:10,timeslice,7,0.0,0,0,0.0
1785431291.805,17:08:11,timeslice,0,0.0,0,0,0.0
1785431291.805,17:08:11,timeslice,1,0.0,0,0,0.0
1785431291.805,17:08:11,timeslice,2,0.0,0,0,0.0
1785431291.805,17:08:11,timeslice,3,0.0,0,0,0.0
1785431291.805,17:08:11,timeslice,4,0.0,0,0,0.0
1785431291.805,17:08:11,timeslice,5,0.0,0,0,0.0
1785431291.805,17:08:11,timeslice,6,0.0,0,0,0.0
1785431291.805,17:08:11,timeslice,7,0.0,0,0,0.0
1785431292.805,17:08:12,timeslice,0,0.0,0,0,0.0
1785431292.805,17:08:12,timeslice,1,0.0,0,0,0.0
1785431292.805,17:08:12,timeslice,2,0.0,0,0,0.0
1785431292.805,17:08:12,timeslice,3,0.0,0,0,0.0
1785431292.805,17:08:12,timeslice,4,0.0,0,0,0.0
1785431292.805,17:08:12,timeslice,5,0.0,0,0,0.0
1785431292.805,17:08:12,timeslice,6,0.0,0,0,0.0
1785431292.805,17:08:12,timeslice,7,0.0,0,0,0.0
1785431293.805,17:08:13,timeslice,0,0.0,0,0,0.0
1785431293.805,17:08:13,timeslice,1,0.0,0,0,0.0
1785431293.805,17:08:13,timeslice,2,0.0,0,0,0.0
1785431293.805,17:08:13,timeslice,3,0.0,0,0,0.0
1785431293.805,17:08:13,timeslice,4,0.0,0,0,0.0
1785431293.805,17:08:13,timeslice,5,0.0,0,0,0.0
1785431293.805,17:08:13,timeslice,6,0.0,0,0,0.0
1785431293.805,17:08:13,timeslice,7,0.0,0,0,0.0
1785431294.805,17:08:14,timeslice,0,0.0,0,0,0.0
1785431294.805,17:08:14,timeslice,1,0.0,0,0,0.0
1785431294.805,17:08:14,timeslice,2,0.0,0,0,0.0
1785431294.805,17:08:14,timeslice,3,0.0,0,0,0.0
1785431294.805,17:08:14,timeslice,4,0.0,0,0,0.0
1785431294.805,17:08:14,timeslice,5,0.0,0,0,0.0
1785431294.805,17:08:14,timeslice,6,0.0,0,0,0.0
1785431294.805,17:08:14,timeslice,7,0.0,0,0,0.0
1785431295.805,17:08:15,timeslice,0,0.0,0,0,0.0
1785431295.805,17:08:15,timeslice,1,0.0,0,0,0.0
1785431295.805,17:08:15,timeslice,2,0.0,0,0,0.0
1785431295.805,17:08:15,timeslice,3,0.0,0,0,0.0
1785431295.805,17:08:15,timeslice,4,0.0,0,0,0.0
1785431295.805,17:08:15,timeslice,5,0.0,0,0,0.0
1785431295.805,17:08:15,timeslice,6,0.0,0,0,0.0
1785431295.805,17:08:15,timeslice,7,0.0,0,0,0.0
1785431296.805,17:08:16,timeslice,0,0.0,0,0,0.0
1785431296.805,17:08:16,timeslice,1,0.0,0,0,0.0
1785431296.805,17:08:16,timeslice,2,0.0,0,0,0.0
1785431296.805,17:08:16,timeslice,3,0.0,0,0,0.0
1785431296.805,17:08:16,timeslice,4,0.0,0,0,0.0
1785431296.805,17:08:16,timeslice,5,0.0,0,0,0.0
1785431296.805,17:08:16,timeslice,6,0.0,0,0,0.0
1785431296.805,17:08:16,timeslice,7,0.0,0,0,0.0
1785431297.805,17:08:17,timeslice,0,0.0,0,0,0.0
1785431297.805,17:08:17,timeslice,1,0.0,0,0,0.0
1785431297.805,17:08:17,timeslice,2,0.0,0,0,0.0
1785431297.805,17:08:17,timeslice,3,0.0,0,0,0.0
1785431297.805,17:08:17,timeslice,4,0.0,0,0,0.0
1785431297.805,17:08:17,timeslice,5,0.0,0,0,0.0
1785431297.805,17:08:17,timeslice,6,0.0,0,0,0.0
1785431297.805,17:08:17,timeslice,7,0.0,0,0,0.0
1785431298.806,17:08:18,timeslice,0,0.0,0,0,0.0
1785431298.806,17:08:18,timeslice,1,0.0,0,0,0.0
1785431298.806,17:08:18,timeslice,2,0.0,0,0,0.0
1785431298.806,17:08:18,timeslice,3,0.0,0,0,0.0
1785431298.806,17:08:18,timeslice,4,0.0,0,0,0.0
1785431298.806,17:08:18,timeslice,5,0.0,0,0,0.0
1785431298.806,17:08:18,timeslice,6,0.0,0,0,0.0
1785431298.806,17:08:18,timeslice,7,0.0,0,0,0.0
1785431299.806,17:08:19,timeslice,0,0.0,0,0,0.0
1785431299.806,17:08:19,timeslice,1,0.0,0,0,0.0
1785431299.806,17:08:19,timeslice,2,0.0,0,0,0.0
1785431299.806,17:08:19,timeslice,3,0.0,0,0,0.0
1785431299.806,17:08:19,timeslice,4,0.0,0,0,0.0
1785431299.806,17:08:19,timeslice,5,0.0,0,0,0.0
1785431299.806,17:08:19,timeslice,6,0.0,0,0,0.0
1785431299.806,17:08:19,timeslice,7,0.0,0,0,0.0
1785431300.806,17:08:20,timeslice,0,0.0,0,0,0.0
1785431300.806,17:08:20,timeslice,1,0.0,0,0,0.0
1785431300.806,17:08:20,timeslice,2,0.0,0,0,0.0
1785431300.806,17:08:20,timeslice,3,0.0,0,0,0.0
1785431300.806,17:08:20,timeslice,4,0.0,0,0,0.0
1785431300.806,17:08:20,timeslice,5,0.0,0,0,0.0
1785431300.806,17:08:20,timeslice,6,0.0,0,0,0.0
1785431300.806,17:08:20,timeslice,7,0.0,0,0,0.0
1785431301.806,17:08:21,timeslice,0,0.0,0,0,0.0
1785431301.806,17:08:21,timeslice,1,0.0,0,0,0.0
1785431301.806,17:08:21,timeslice,2,0.0,0,0,0.0
1785431301.806,17:08:21,timeslice,3,0.0,0,0,0.0
1785431301.806,17:08:21,timeslice,4,0.0,0,0,0.0
1785431301.806,17:08:21,timeslice,5,0.0,0,0,0.0
1785431301.806,17:08:21,timeslice,6,0.0,0,0,0.0
1785431301.806,17:08:21,timeslice,7,0.0,0,0,0.0
1785431302.806,17:08:22,timeslice,0,0.0,0,0,0.0
1785431302.806,17:08:22,timeslice,1,0.0,0,0,0.0
1785431302.806,17:08:22,timeslice,2,0.0,0,0,0.0
1785431302.806,17:08:22,timeslice,3,0.0,0,0,0.0
1785431302.806,17:08:22,timeslice,4,0.0,0,0,0.0
1785431302.806,17:08:22,timeslice,5,0.0,0,0,0.0
1785431302.806,17:08:22,timeslice,6,0.0,0,0,0.0
1785431302.806,17:08:22,timeslice,7,0.0,0,0,0.0
1785431303.806,17:08:23,timeslice,0,0.0,0,0,0.0
1785431303.806,17:08:23,timeslice,1,0.0,0,0,0.0
1785431303.806,17:08:23,timeslice,2,0.0,0,0,0.0
1785431303.806,17:08:23,timeslice,3,0.0,0,0,0.0
1785431303.806,17:08:23,timeslice,4,0.0,0,0,0.0
1785431303.806,17:08:23,timeslice,5,0.0,0,0,0.0
1785431303.806,17:08:23,timeslice,6,0.0,0,0,0.0
1785431303.806,17:08:23,timeslice,7,0.0,0,0,0.0
1785431304.806,17:08:24,timeslice,0,0.0,0,0,0.0
1785431304.806,17:08:24,timeslice,1,0.0,0,0,0.0
1785431304.806,17:08:24,timeslice,2,0.0,0,0,0.0
1785431304.806,17:08:24,timeslice,3,0.0,0,0,0.0
1785431304.806,17:08:24,timeslice,4,0.0,0,0,0.0
1785431304.806,17:08:24,timeslice,5,0.0,0,0,0.0
1785431304.806,17:08:24,timeslice,6,0.0,0,0,0.0
1785431304.806,17:08:24,timeslice,7,0.0,0,0,0.0
1785431305.806,17:08:25,timeslice,0,0.0,0,0,0.0
1785431305.806,17:08:25,timeslice,1,0.0,0,0,0.0
1785431305.806,17:08:25,timeslice,2,0.0,0,0,0.0
1785431305.806,17:08:25,timeslice,3,0.0,0,0,0.0
1785431305.806,17:08:25,timeslice,4,0.0,0,0,0.0
1785431305.806,17:08:25,timeslice,5,0.0,0,0,0.0
1785431305.806,17:08:25,timeslice,6,0.0,0,0,0.0
1785431305.806,17:08:25,timeslice,7,0.0,0,0,0.0
1785431306.806,17:08:26,timeslice,0,0.0,0,0,0.0
1785431306.806,17:08:26,timeslice,1,0.0,0,0,0.0
1785431306.806,17:08:26,timeslice,2,0.0,0,0,0.0
1785431306.806,17:08:26,timeslice,3,0.0,0,0,0.0
1785431306.806,17:08:26,timeslice,4,0.0,0,0,0.0
1785431306.806,17:08:26,timeslice,5,0.0,0,0,0.0
1785431306.806,17:08:26,timeslice,6,0.0,0,0,0.0
1785431306.806,17:08:26,timeslice,7,0.0,0,0,0.0
1785431307.807,17:08:27,timeslice,0,0.0,0,0,0.0
1785431307.807,17:08:27,timeslice,1,0.0,0,0,0.0
1785431307.807,17:08:27,timeslice,2,0.0,0,0,0.0
1785431307.807,17:08:27,timeslice,3,0.0,0,0,0.0
1785431307.807,17:08:27,timeslice,4,0.0,0,0,0.0
1785431307.807,17:08:27,timeslice,5,0.0,0,0,0.0
1785431307.807,17:08:27,timeslice,6,0.0,0,0,0.0
1785431307.807,17:08:27,timeslice,7,0.0,0,0,0.0
1785431308.807,17:08:28,timeslice,0,0.0,0,0,0.0
1785431308.807,17:08:28,timeslice,1,0.0,0,0,0.0
1785431308.807,17:08:28,timeslice,2,0.0,0,0,0.0
1785431308.807,17:08:28,timeslice,3,0.0,0,0,0.0
1785431308.807,17:08:28,timeslice,4,0.0,0,0,0.0
1785431308.807,17:08:28,timeslice,5,0.0,0,0,0.0
1785431308.807,17:08:28,timeslice,6,0.0,0,0,0.0
1785431308.807,17:08:28,timeslice,7,0.0,0,0,0.0
1785431309.807,17:08:29,timeslice,0,0.0,0,0,0.0
1785431309.807,17:08:29,timeslice,1,0.0,0,0,0.0
1785431309.807,17:08:29,timeslice,2,0.0,0,0,0.0
1785431309.807,17:08:29,timeslice,3,0.0,0,0,0.0
1785431309.807,17:08:29,timeslice,4,0.0,0,0,0.0
1785431309.807,17:08:29,timeslice,5,0.0,0,0,0.0
1785431309.807,17:08:29,timeslice,6,0.0,0,0,0.0
1785431309.807,17:08:29,timeslice,7,0.0,0,0,0.0
1785431310.807,17:08:30,timeslice,0,0.0,0,0,0.0
1785431310.807,17:08:30,timeslice,1,0.0,0,0,0.0
1785431310.807,17:08:30,timeslice,2,0.0,0,0,0.0
1785431310.807,17:08:30,timeslice,3,0.0,0,0,0.0
1785431310.807,17:08:30,timeslice,4,0.0,0,0,0.0
1785431310.807,17:08:30,timeslice,5,0.0,0,0,0.0
1785431310.807,17:08:30,timeslice,6,0.0,0,0,0.0
1785431310.807,17:08:30,timeslice,7,0.0,0,0,0.0
1785431311.807,17:08:31,timeslice,0,0.0,0,0,0.0
1785431311.807,17:08:31,timeslice,1,0.0,0,0,0.0
1785431311.807,17:08:31,timeslice,2,0.0,0,0,0.0
1785431311.807,17:08:31,timeslice,3,0.0,0,0,0.0
1785431311.807,17:08:31,timeslice,4,0.0,0,0,0.0
1785431311.807,17:08:31,timeslice,5,0.0,0,0,0.0
1785431311.807,17:08:31,timeslice,6,0.0,0,0,0.0
1785431311.807,17:08:31,timeslice,7,0.0,0,0,0.0
1785431312.807,17:08:32,timeslice,0,0.0,0,0,0.0
1785431312.807,17:08:32,timeslice,1,0.0,0,0,0.0
1785431312.807,17:08:32,timeslice,2,0.0,0,0,0.0
1785431312.807,17:08:32,timeslice,3,0.0,0,0,0.0
1785431312.807,17:08:32,timeslice,4,0.0,0,0,0.0
1785431312.807,17:08:32,timeslice,5,0.0,0,0,0.0
1785431312.807,17:08:32,timeslice,6,0.0,0,0,0.0
1785431312.807,17:08:32,timeslice,7,0.0,0,0,0.0
1785431313.807,17:08:33,timeslice,0,0.0,0,0,0.0
1785431313.807,17:08:33,timeslice,1,0.0,0,0,0.0
1785431313.807,17:08:33,timeslice,2,0.0,0,0,0.0
1785431313.807,17:08:33,timeslice,3,0.0,0,0,0.0
1785431313.807,17:08:33,timeslice,4,0.0,0,0,0.0
1785431313.807,17:08:33,timeslice,5,0.0,0,0,0.0
1785431313.807,17:08:33,timeslice,6,0.0,0,0,0.0
1785431313.807,17:08:33,timeslice,7,0.0,0,0,0.0
1785431314.807,17:08:34,timeslice,0,0.0,0,0,0.0
1785431314.807,17:08:34,timeslice,1,0.0,0,0,0.0
1785431314.807,17:08:34,timeslice,2,0.0,0,0,0.0
1785431314.807,17:08:34,timeslice,3,0.0,0,0,0.0
1785431314.807,17:08:34,timeslice,4,0.0,0,0,0.0
1785431314.807,17:08:34,timeslice,5,0.0,0,0,0.0
1785431314.807,17:08:34,timeslice,6,0.0,0,0,0.0
1785431314.807,17:08:34,timeslice,7,0.0,0,0,0.0
1785431315.807,17:08:35,timeslice,0,0.0,0,0,0.0
1785431315.807,17:08:35,timeslice,1,0.0,0,0,0.0
1785431315.807,17:08:35,timeslice,2,0.0,0,0,0.0
1785431315.807,17:08:35,timeslice,3,0.0,0,0,0.0
1785431315.807,17:08:35,timeslice,4,0.0,0,0,0.0
1785431315.807,17:08:35,timeslice,5,0.0,0,0,0.0
1785431315.807,17:08:35,timeslice,6,0.0,0,0,0.0
1785431315.807,17:08:35,timeslice,7,0.0,0,0,0.0
1785431316.808,17:08:36,timeslice,0,0.0,0,0,0.0
1785431316.808,17:08:36,timeslice,1,0.0,0,0,0.0
1785431316.808,17:08:36,timeslice,2,0.0,0,0,0.0
1785431316.808,17:08:36,timeslice,3,0.0,0,0,0.0
1785431316.808,17:08:36,timeslice,4,0.0,0,0,0.0
1785431316.808,17:08:36,timeslice,5,0.0,0,0,0.0
1785431316.808,17:08:36,timeslice,6,0.0,0,0,0.0
1785431316.808,17:08:36,timeslice,7,0.0,0,0,0.0
1785431317.808,17:08:37,timeslice,0,0.0,0,0,0.0
1785431317.808,17:08:37,timeslice,1,0.0,0,0,0.0
1785431317.808,17:08:37,timeslice,2,0.0,0,0,0.0
1785431317.808,17:08:37,timeslice,3,0.0,0,0,0.0
1785431317.808,17:08:37,timeslice,4,0.0,0,0,0.0
1785431317.808,17:08:37,timeslice,5,0.0,0,0,0.0
1785431317.808,17:08:37,timeslice,6,0.0,0,0,0.0
1785431317.808,17:08:37,timeslice,7,0.0,0,0,0.0
1785431318.808,17:08:38,timeslice,0,0.0,0,0,0.0
1785431318.808,17:08:38,timeslice,1,0.0,0,0,0.0
1785431318.808,17:08:38,timeslice,2,0.0,0,0,0.0
1785431318.808,17:08:38,timeslice,3,0.0,0,0,0.0
1785431318.808,17:08:38,timeslice,4,0.0,0,0,0.0
1785431318.808,17:08:38,timeslice,5,0.0,0,0,0.0
1785431318.808,17:08:38,timeslice,6,0.0,0,0,0.0
1785431318.808,17:08:38,timeslice,7,0.0,0,0,0.0
1785431319.808,17:08:39,timeslice,0,0.0,0,0,0.0
1785431319.808,17:08:39,timeslice,1,0.0,0,0,0.0
1785431319.808,17:08:39,timeslice,2,0.0,0,0,0.0
1785431319.808,17:08:39,timeslice,3,0.0,0,0,0.0
1785431319.808,17:08:39,timeslice,4,0.0,0,0,0.0
1785431319.808,17:08:39,timeslice,5,0.0,0,0,0.0
1785431319.808,17:08:39,timeslice,6,0.0,0,0,0.0
1785431319.808,17:08:39,timeslice,7,0.0,0,0,0.0
1785431320.808,17:08:40,timeslice,0,0.0,0,0,0.0
1785431320.808,17:08:40,timeslice,1,0.0,0,0,0.0
1785431320.808,17:08:40,timeslice,2,0.0,0,0,0.0
1785431320.808,17:08:40,timeslice,3,0.0,0,0,0.0
1785431320.808,17:08:40,timeslice,4,0.0,0,0,0.0
1785431320.808,17:08:40,timeslice,5,0.0,0,0,0.0
1785431320.808,17:08:40,timeslice,6,0.0,0,0,0.0
1785431320.808,17:08:40,timeslice,7,0.0,0,0,0.0
1785431321.808,17:08:41,timeslice,0,0.0,0,0,0.0
1785431321.808,17:08:41,timeslice,1,0.0,0,0,0.0
1785431321.808,17:08:41,timeslice,2,0.0,0,0,0.0
1785431321.808,17:08:41,timeslice,3,0.0,0,0,0.0
1785431321.808,17:08:41,timeslice,4,0.0,0,0,0.0
1785431321.808,17:08:41,timeslice,5,0.0,0,0,0.0
1785431321.808,17:08:41,timeslice,6,0.0,0,0,0.0
1785431321.808,17:08:41,timeslice,7,0.0,0,0,0.0
1785431322.808,17:08:42,timeslice,0,0.0,0,0,0.0
1785431322.808,17:08:42,timeslice,1,0.0,0,0,0.0
1785431322.808,17:08:42,timeslice,2,0.0,0,0,0.0
1785431322.808,17:08:42,timeslice,3,0.0,0,0,0.0
1785431322.808,17:08:42,timeslice,4,0.0,0,0,0.0
1785431322.808,17:08:42,timeslice,5,0.0,0,0,0.0
1785431322.808,17:08:42,timeslice,6,0.0,0,0,0.0
1785431322.808,17:08:42,timeslice,7,0.0,0,0,0.0
1785431323.808,17:08:43,timeslice,0,0.0,0,0,0.0
1785431323.808,17:08:43,timeslice,1,0.0,0,0,0.0
1785431323.808,17:08:43,timeslice,2,0.0,0,0,0.0
1785431323.808,17:08:43,timeslice,3,0.0,0,0,0.0
1785431323.808,17:08:43,timeslice,4,0.0,0,0,0.0
1785431323.808,17:08:43,timeslice,5,0.0,0,0,0.0
1785431323.808,17:08:43,timeslice,6,0.0,0,0,0.0
1785431323.808,17:08:43,timeslice,7,0.0,0,0,0.0
1785431324.808,17:08:44,timeslice,0,0.0,0,0,0.0
1785431324.808,17:08:44,timeslice,1,0.0,0,0,0.0
1785431324.808,17:08:44,timeslice,2,0.0,0,0,0.0
1785431324.808,17:08:44,timeslice,3,0.0,0,0,0.0
1785431324.808,17:08:44,timeslice,4,0.0,0,0,0.0
1785431324.808,17:08:44,timeslice,5,0.0,0,0,0.0
1785431324.808,17:08:44,timeslice,6,0.0,0,0,0.0
1785431324.808,17:08:44,timeslice,7,0.0,0,0,0.0
1785431325.809,17:08:45,timeslice,0,0.0,0,0,0.0
1785431325.809,17:08:45,timeslice,1,0.0,0,0,0.0
1785431325.809,17:08:45,timeslice,2,0.0,0,0,0.0
1785431325.809,17:08:45,timeslice,3,0.0,0,0,0.0
1785431325.809,17:08:45,timeslice,4,0.0,0,0,0.0
1785431325.809,17:08:45,timeslice,5,0.0,0,0,0.0
1785431325.809,17:08:45,timeslice,6,0.0,0,0,0.0
1785431325.809,17:08:45,timeslice,7,0.0,0,0,0.0
1785431326.809,17:08:46,timeslice,0,0.0,0,0,0.0
1785431326.809,17:08:46,timeslice,1,0.0,0,0,0.0
1785431326.809,17:08:46,timeslice,2,0.0,0,0,0.0
1785431326.809,17:08:46,timeslice,3,0.0,0,0,0.0
1785431326.809,17:08:46,timeslice,4,0.0,0,0,0.0
1785431326.809,17:08:46,timeslice,5,0.0,0,0,0.0
1785431326.809,17:08:46,timeslice,6,0.0,0,0,0.0
1785431326.809,17:08:46,timeslice,7,0.0,0,0,0.0
1785431327.809,17:08:47,timeslice,0,0.0,0,0,0.0
1785431327.809,17:08:47,timeslice,1,0.0,0,0,0.0
1785431327.809,17:08:47,timeslice,2,0.0,0,0,0.0
1785431327.809,17:08:47,timeslice,3,0.0,0,0,0.0
1785431327.809,17:08:47,timeslice,4,0.0,0,0,0.0
1785431327.809,17:08:47,timeslice,5,0.0,0,0,0.0
1785431327.809,17:08:47,timeslice,6,0.0,0,0,0.0
1785431327.809,17:08:47,timeslice,7,0.0,0,0,0.0
1785431328.809,17:08:48,timeslice,0,0.0,0,0,0.0
1785431328.809,17:08:48,timeslice,1,0.0,0,0,0.0
1785431328.809,17:08:48,timeslice,2,0.0,0,0,0.0
1785431328.809,17:08:48,timeslice,3,0.0,0,0,0.0
1785431328.809,17:08:48,timeslice,4,0.0,0,0,0.0
1785431328.809,17:08:48,timeslice,5,0.0,0,0,0.0
1785431328.809,17:08:48,timeslice,6,0.0,0,0,0.0
1785431328.809,17:08:48,timeslice,7,0.0,0,0,0.0
1785431329.809,17:08:49,timeslice,0,0.0,0,0,0.0
1785431329.809,17:08:49,timeslice,1,0.0,0,0,0.0
1785431329.809,17:08:49,timeslice,2,0.0,0,0,0.0
1785431329.809,17:08:49,timeslice,3,0.0,0,0,0.0
1785431329.809,17:08:49,timeslice,4,0.0,0,0,0.0
1785431329.809,17:08:49,timeslice,5,0.0,0,0,0.0
1785431329.809,17:08:49,timeslice,6,0.0,0,0,0.0
1785431329.809,17:08:49,timeslice,7,0.0,0,0,0.0
1785431330.809,17:08:50,timeslice,0,0.0,0,0,0.0
1785431330.809,17:08:50,timeslice,1,0.0,0,0,0.0
1785431330.809,17:08:50,timeslice,2,0.0,0,0,0.0
1785431330.809,17:08:50,timeslice,3,0.0,0,0,0.0
1785431330.809,17:08:50,timeslice,4,0.0,0,0,0.0
1785431330.809,17:08:50,timeslice,5,0.0,0,0,0.0
1785431330.809,17:08:50,timeslice,6,0.0,0,0,0.0
1785431330.809,17:08:50,timeslice,7,0.0,0,0,0.0
1785431331.809,17:08:51,timeslice,0,0.0,0,0,0.0
1785431331.809,17:08:51,timeslice,1,0.0,0,0,0.0
1785431331.809,17:08:51,timeslice,2,0.0,0,0,0.0
1785431331.809,17:08:51,timeslice,3,0.0,0,0,0.0
1785431331.809,17:08:51,timeslice,4,0.0,0,0,0.0
1785431331.809,17:08:51,timeslice,5,0.0,0,0,0.0
1785431331.809,17:08:51,timeslice,6,0.0,0,0,0.0
1785431331.809,17:08:51,timeslice,7,0.0,0,0,0.0
1785431332.809,17:08:52,timeslice,0,0.0,0,0,0.0
1785431332.809,17:08:52,timeslice,1,0.0,0,0,0.0
1785431332.809,17:08:52,timeslice,2,0.0,0,0,0.0
1785431332.809,17:08:52,timeslice,3,0.0,0,0,0.0
1785431332.809,17:08:52,timeslice,4,0.0,0,0,0.0
1785431332.809,17:08:52,timeslice,5,0.0,0,0,0.0
1785431332.809,17:08:52,timeslice,6,0.0,0,0,0.0
1785431332.809,17:08:52,timeslice,7,0.0,0,0,0.0
1785431333.81,17:08:53,timeslice,0,0.0,0,0,0.0
1785431333.81,17:08:53,timeslice,1,0.0,0,0,0.0
1785431333.81,17:08:53,timeslice,2,0.0,0,0,0.0
1785431333.81,17:08:53,timeslice,3,0.0,0,0,0.0
1785431333.81,17:08:53,timeslice,4,0.0,0,0,0.0
1785431333.81,17:08:53,timeslice,5,0.0,0,0,0.0
1785431333.81,17:08:53,timeslice,6,0.0,0,0,0.0
1785431333.81,17:08:53,timeslice,7,0.0,0,0,0.0
1785431334.81,17:08:54,timeslice,0,0.0,0,0,0.0
1785431334.81,17:08:54,timeslice,1,0.0,0,0,0.0
1785431334.81,17:08:54,timeslice,2,0.0,0,0,0.0
1785431334.81,17:08:54,timeslice,3,0.0,0,0,0.0
1785431334.81,17:08:54,timeslice,4,0.0,0,0,0.0
1785431334.81,17:08:54,timeslice,5,0.0,0,0,0.0
1785431334.81,17:08:54,timeslice,6,0.0,0,0,0.0
1785431334.81,17:08:54,timeslice,7,0.0,0,0,0.0
1785431335.81,17:08:55,timeslice,0,0.0,0,0,0.0
1785431335.81,17:08:55,timeslice,1,0.0,0,0,0.0
1785431335.81,17:08:55,timeslice,2,0.0,0,0,0.0
1785431335.81,17:08:55,timeslice,3,0.0,0,0,0.0
1785431335.81,17:08:55,timeslice,4,0.0,0,0,0.0
1785431335.81,17:08:55,timeslice,5,0.0,0,0,0.0
1785431335.81,17:08:55,timeslice,6,0.0,0,0,0.0
1785431335.81,17:08:55,timeslice,7,0.0,0,0,0.0
1785431336.81,17:08:56,timeslice,0,0.0,0,0,0.0
1785431336.81,17:08:56,timeslice,1,0.0,0,0,0.0
1785431336.81,17:08:56,timeslice,2,0.0,0,0,0.0
1785431336.81,17:08:56,timeslice,3,0.0,0,0,0.0
1785431336.81,17:08:56,timeslice,4,0.0,0,0,0.0
1785431336.81,17:08:56,timeslice,5,0.0,0,0,0.0
1785431336.81,17:08:56,timeslice,6,0.0,0,0,0.0
1785431336.81,17:08:56,timeslice,7,0.0,0,0,0.0
1785431337.81,17:08:57,timeslice,0,0.0,0,0,0.0
1785431337.81,17:08:57,timeslice,1,0.0,0,0,0.0
1785431337.81,17:08:57,timeslice,2,0.0,0,0,0.0
1785431337.81,17:08:57,timeslice,3,0.0,0,0,0.0
1785431337.81,17:08:57,timeslice,4,0.0,0,0,0.0
1785431337.81,17:08:57,timeslice,5,0.0,0,0,0.0
1785431337.81,17:08:57,timeslice,6,0.0,0,0,0.0
1785431337.81,17:08:57,timeslice,7,0.0,0,0,0.0
1785431338.81,17:08:58,timeslice,0,0.0,0,0,0.0
1785431338.81,17:08:58,timeslice,1,0.0,0,0,0.0
1785431338.81,17:08:58,timeslice,2,0.0,0,0,0.0
1785431338.81,17:08:58,timeslice,3,0.0,0,0,0.0
1785431338.81,17:08:58,timeslice,4,0.0,0,0,0.0
1785431338.81,17:08:58,timeslice,5,0.0,0,0,0.0
1785431338.81,17:08:58,timeslice,6,0.0,0,0,0.0
1785431338.81,17:08:58,timeslice,7,0.0,0,0,0.0
1785431339.81,17:08:59,timeslice,0,0.0,0,0,0.0
1785431339.81,17:08:59,timeslice,1,0.0,0,0,0.0
1785431339.81,17:08:59,timeslice,2,0.0,0,0,0.0
1785431339.81,17:08:59,timeslice,3,0.0,0,0,0.0
1785431339.81,17:08:59,timeslice,4,0.0,0,0,0.0
1785431339.81,17:08:59,timeslice,5,0.0,0,0,0.0
1785431339.81,17:08:59,timeslice,6,0.0,0,0,0.0
1785431339.81,17:08:59,timeslice,7,0.0,0,0,0.0
1785431340.81,17:09:00,timeslice,0,0.0,0,0,0.0
1785431340.81,17:09:00,timeslice,1,0.0,0,0,0.0
1785431340.81,17:09:00,timeslice,2,0.0,0,0,0.0
1785431340.81,17:09:00,timeslice,3,0.0,0,0,0.0
1785431340.81,17:09:00,timeslice,4,0.0,0,0,0.0
1785431340.81,17:09:00,timeslice,5,0.0,0,0,0.0
1785431340.81,17:09:00,timeslice,6,0.0,0,0,0.0
1785431340.81,17:09:00,timeslice,7,0.0,0,0,0.0
1785431341.81,17:09:01,timeslice,0,0.0,0,0,0.0
1785431341.81,17:09:01,timeslice,1,0.0,0,0,0.0
1785431341.81,17:09:01,timeslice,2,0.0,0,0,0.0
1785431341.81,17:09:01,timeslice,3,0.0,0,0,0.0
1785431341.81,17:09:01,timeslice,4,0.0,0,0,0.0
1785431341.81,17:09:01,timeslice,5,0.0,0,0,0.0
1785431341.81,17:09:01,timeslice,6,0.0,0,0,0.0
1785431341.81,17:09:01,timeslice,7,0.0,0,0,0.0
1785431342.81,17:09:02,timeslice,0,0.0,0,0,0.0
1785431342.81,17:09:02,timeslice,1,0.0,0,0,0.0
1785431342.81,17:09:02,timeslice,2,0.0,0,0,0.0
1785431342.81,17:09:02,timeslice,3,0.0,0,0,0.0
1785431342.81,17:09:02,timeslice,4,0.0,0,0,0.0
1785431342.81,17:09:02,timeslice,5,0.0,0,0,0.0
1785431342.81,17:09:02,timeslice,6,0.0,0,0,0.0
1785431342.81,17:09:02,timeslice,7,0.0,0,0,0.0
1785431343.811,17:09:03,timeslice,0,0.0,0,0,0.0
1785431343.811,17:09:03,timeslice,1,0.0,0,0,0.0
1785431343.811,17:09:03,timeslice,2,0.0,0,0,0.0
1785431343.811,17:09:03,timeslice,3,0.0,0,0,0.0
1785431343.811,17:09:03,timeslice,4,0.0,0,0,0.0
1785431343.811,17:09:03,timeslice,5,0.0,0,0,0.0
1785431343.811,17:09:03,timeslice,6,0.0,0,0,0.0
1785431343.811,17:09:03,timeslice,7,0.0,0,0,0.0
1785431344.811,17:09:04,timeslice,0,0.0,0,0,0.0
1785431344.811,17:09:04,timeslice,1,0.0,0,0,0.0
1785431344.811,17:09:04,timeslice,2,0.0,0,0,0.0
1785431344.811,17:09:04,timeslice,3,0.0,0,0,0.0
1785431344.811,17:09:04,timeslice,4,0.0,0,0,0.0
1785431344.811,17:09:04,timeslice,5,0.0,0,0,0.0
1785431344.811,17:09:04,timeslice,6,0.0,0,0,0.0
1785431344.811,17:09:04,timeslice,7,0.0,0,0,0.0
1785431345.811,17:09:05,timeslice,0,0.0,0,0,0.0
1785431345.811,17:09:05,timeslice,1,0.0,0,0,0.0
1785431345.811,17:09:05,timeslice,2,0.0,0,0,0.0
1785431345.811,17:09:05,timeslice,3,0.0,0,0,0.0
1785431345.811,17:09:05,timeslice,4,0.0,0,0,0.0
1785431345.811,17:09:05,timeslice,5,0.0,0,0,0.0
1785431345.811,17:09:05,timeslice,6,0.0,0,0,0.0
1785431345.811,17:09:05,timeslice,7,0.0,0,0,0.0
1785431346.811,17:09:06,timeslice,0,0.0,0,0,0.0
1785431346.811,17:09:06,timeslice,1,0.0,0,0,0.0
1785431346.811,17:09:06,timeslice,2,0.0,0,0,0.0
1785431346.811,17:09:06,timeslice,3,0.0,0,0,0.0
1785431346.811,17:09:06,timeslice,4,0.0,0,0,0.0
1785431346.811,17:09:06,timeslice,5,0.0,0,0,0.0
1785431346.811,17:09:06,timeslice,6,0.0,0,0,0.0
1785431346.811,17:09:06,timeslice,7,0.0,0,0,0.0
1785431347.811,17:09:07,timeslice,0,0.0,0,0,0.0
1785431347.811,17:09:07,timeslice,1,0.0,0,0,0.0
1785431347.811,17:09:07,timeslice,2,0.0,0,0,0.0
1785431347.811,17:09:07,timeslice,3,0.0,0,0,0.0
1785431347.811,17:09:07,timeslice,4,0.0,0,0,0.0
1785431347.811,17:09:07,timeslice,5,0.0,0,0,0.0
1785431347.811,17:09:07,timeslice,6,0.0,0,0,0.0
1785431347.811,17:09:07,timeslice,7,0.0,0,0,0.0
1785431348.811,17:09:08,timeslice,0,0.0,0,0,0.0
1785431348.811,17:09:08,timeslice,1,0.0,0,0,0.0
1785431348.811,17:09:08,timeslice,2,0.0,0,0,0.0
1785431348.811,17:09:08,timeslice,3,0.0,0,0,0.0
1785431348.811,17:09:08,timeslice,4,0.0,0,0,0.0
1785431348.811,17:09:08,timeslice,5,0.0,0,0,0.0
1785431348.811,17:09:08,timeslice,6,0.0,0,0,0.0
1785431348.811,17:09:08,timeslice,7,0.0,0,0,0.0
1785431349.811,17:09:09,timeslice,0,0.0,0,0,0.0
1785431349.811,17:09:09,timeslice,1,0.0,0,0,0.0
1785431349.811,17:09:09,timeslice,2,0.0,0,0,0.0
1785431349.811,17:09:09,timeslice,3,0.0,0,0,0.0
1785431349.811,17:09:09,timeslice,4,0.0,0,0,0.0
1785431349.811,17:09:09,timeslice,5,0.0,0,0,0.0
1785431349.811,17:09:09,timeslice,6,0.0,0,0,0.0
1785431349.811,17:09:09,timeslice,7,0.0,0,0,0.0
1785431350.811,17:09:10,timeslice,0,0.0,0,0,0.0
1785431350.811,17:09:10,timeslice,1,0.0,0,0,0.0
1785431350.811,17:09:10,timeslice,2,0.0,0,0,0.0
1785431350.811,17:09:10,timeslice,3,0.0,0,0,0.0
1785431350.811,17:09:10,timeslice,4,0.0,0,0,0.0
1785431350.811,17:09:10,timeslice,5,0.0,0,0,0.0
1785431350.811,17:09:10,timeslice,6,0.0,0,0,0.0
1785431350.811,17:09:10,timeslice,7,0.0,0,0,0.0
1785431351.811,17:09:11,timeslice,0,0.0,0,0,0.0
1785431351.811,17:09:11,timeslice,1,0.0,0,0,0.0
1785431351.811,17:09:11,timeslice,2,0.0,0,0,0.0
1785431351.811,17:09:11,timeslice,3,0.0,0,0,0.0
1785431351.811,17:09:11,timeslice,4,0.0,0,0,0.0
1785431351.811,17:09:11,timeslice,5,0.0,0,0,0.0
1785431351.811,17:09:11,timeslice,6,0.0,0,0,0.0
1785431351.811,17:09:11,timeslice,7,0.0,0,0,0.0
1785431352.812,17:09:12,timeslice,0,0.0,0,0,0.0
1785431352.812,17:09:12,timeslice,1,0.0,0,0,0.0
1785431352.812,17:09:12,timeslice,2,0.0,0,0,0.0
1785431352.812,17:09:12,timeslice,3,0.0,0,0,0.0
1785431352.812,17:09:12,timeslice,4,0.0,0,0,0.0
1785431352.812,17:09:12,timeslice,5,0.0,0,0,0.0
1785431352.812,17:09:12,timeslice,6,0.0,0,0,0.0
1785431352.812,17:09:12,timeslice,7,0.0,0,0,0.0
1785431353.812,17:09:13,timeslice,0,0.0,0,0,0.0
1785431353.812,17:09:13,timeslice,1,0.0,0,0,0.0
1785431353.812,17:09:13,timeslice,2,0.0,0,0,0.0
1785431353.812,17:09:13,timeslice,3,0.0,0,0,0.0
1785431353.812,17:09:13,timeslice,4,0.0,0,0,0.0
1785431353.812,17:09:13,timeslice,5,0.0,0,0,0.0
1785431353.812,17:09:13,timeslice,6,0.0,0,0,0.0
1785431353.812,17:09:13,timeslice,7,0.0,0,0,0.0
1785431354.812,17:09:14,timeslice,0,0.0,0,0,0.0
1785431354.812,17:09:14,timeslice,1,0.0,0,0,0.0
1785431354.812,17:09:14,timeslice,2,0.0,0,0,0.0
1785431354.812,17:09:14,timeslice,3,0.0,0,0,0.0
1785431354.812,17:09:14,timeslice,4,0.0,0,0,0.0
1785431354.812,17:09:14,timeslice,5,0.0,0,0,0.0
1785431354.812,17:09:14,timeslice,6,0.0,0,0,0.0
1785431354.812,17:09:14,timeslice,7,0.0,0,0,0.0
1785431355.812,17:09:15,timeslice,0,0.0,0,0,0.0
1785431355.812,17:09:15,timeslice,1,0.0,0,0,0.0
1785431355.812,17:09:15,timeslice,2,0.0,0,0,0.0
1785431355.812,17:09:15,timeslice,3,0.0,0,0,0.0
1785431355.812,17:09:15,timeslice,4,0.0,0,0,0.0
1785431355.812,17:09:15,timeslice,5,0.0,0,0,0.0
1785431355.812,17:09:15,timeslice,6,0.0,0,0,0.0
1785431355.812,17:09:15,timeslice,7,0.0,0,0,0.0
1785431356.812,17:09:16,timeslice,0,0.0,0,0,0.0
1785431356.812,17:09:16,timeslice,1,0.0,0,0,0.0
1785431356.812,17:09:16,timeslice,2,0.0,0,0,0.0
1785431356.812,17:09:16,timeslice,3,0.0,0,0,0.0
1785431356.812,17:09:16,timeslice,4,0.0,0,0,0.0
1785431356.812,17:09:16,timeslice,5,0.0,0,0,0.0
1785431356.812,17:09:16,timeslice,6,0.0,0,0,0.0
1785431356.812,17:09:16,timeslice,7,0.0,0,0,0.0
1785431357.812,17:09:17,timeslice,0,0.0,0,0,0.0
1785431357.812,17:09:17,timeslice,1,0.0,0,0,0.0
1785431357.812,17:09:17,timeslice,2,0.0,0,0,0.0
1785431357.812,17:09:17,timeslice,3,0.0,0,0,0.0
1785431357.812,17:09:17,timeslice,4,0.0,0,0,0.0
1785431357.812,17:09:17,timeslice,5,0.0,0,0,0.0
1785431357.812,17:09:17,timeslice,6,0.0,0,0,0.0
1785431357.812,17:09:17,timeslice,7,0.0,0,0,0.0
1785431358.812,17:09:18,timeslice,0,0.0,0,0,0.0
1785431358.812,17:09:18,timeslice,1,0.0,0,0,0.0
1785431358.812,17:09:18,timeslice,2,0.0,0,0,0.0
1785431358.812,17:09:18,timeslice,3,0.0,0,0,0.0
1785431358.812,17:09:18,timeslice,4,0.0,0,0,0.0
1785431358.812,17:09:18,timeslice,5,0.0,0,0,0.0
1785431358.812,17:09:18,timeslice,6,0.0,0,0,0.0
1785431358.812,17:09:18,timeslice,7,0.0,0,0,0.0
1785431359.812,17:09:19,timeslice,0,0.0,0,0,0.0
1785431359.812,17:09:19,timeslice,1,0.0,0,0,0.0
1785431359.812,17:09:19,timeslice,2,0.0,0,0,0.0
1785431359.812,17:09:19,timeslice,3,0.0,0,0,0.0
1785431359.812,17:09:19,timeslice,4,0.0,0,0,0.0
1785431359.812,17:09:19,timeslice,5,0.0,0,0,0.0
1785431359.812,17:09:19,timeslice,6,0.0,0,0,0.0
1785431359.812,17:09:19,timeslice,7,0.0,0,0,0.0
1785431360.812,17:09:20,timeslice,0,0.0,0,0,0.0
1785431360.812,17:09:20,timeslice,1,0.0,0,0,0.0
1785431360.812,17:09:20,timeslice,2,0.0,0,0,0.0
1785431360.812,17:09:20,timeslice,3,0.0,0,0,0.0
1785431360.812,17:09:20,timeslice,4,0.0,0,0,0.0
1785431360.812,17:09:20,timeslice,5,0.0,0,0,0.0
1785431360.812,17:09:20,timeslice,6,0.0,0,0,0.0
1785431360.812,17:09:20,timeslice,7,0.0,0,0,0.0
1785431361.813,17:09:21,timeslice,0,0.0,0,0,0.0
1785431361.813,17:09:21,timeslice,1,0.0,0,0,0.0
1785431361.813,17:09:21,timeslice,2,0.0,0,0,0.0
1785431361.813,17:09:21,timeslice,3,0.0,0,0,0.0
1785431361.813,17:09:21,timeslice,4,0.0,0,0,0.0
1785431361.813,17:09:21,timeslice,5,0.0,0,0,0.0
1785431361.813,17:09:21,timeslice,6,0.0,0,0,0.0
1785431361.813,17:09:21,timeslice,7,0.0,0,0,0.0
1785431362.813,17:09:22,timeslice,0,0.0,0,0,0.0
1785431362.813,17:09:22,timeslice,1,0.0,0,0,0.0
1785431362.813,17:09:22,timeslice,2,0.0,0,0,0.0
1785431362.813,17:09:22,timeslice,3,0.0,0,0,0.0
1785431362.813,17:09:22,timeslice,4,0.0,0,0,0.0
1785431362.813,17:09:22,timeslice,5,0.0,0,0,0.0
1785431362.813,17:09:22,timeslice,6,0.0,0,0,0.0
1785431362.813,17:09:22,timeslice,7,0.0,0,0,0.0
1785431363.813,17:09:23,timeslice,0,0.0,0,0,0.0
1785431363.813,17:09:23,timeslice,1,0.0,0,0,0.0
1785431363.813,17:09:23,timeslice,2,0.0,0,0,0.0
1785431363.813,17:09:23,timeslice,3,0.0,0,0,0.0
1785431363.813,17:09:23,timeslice,4,0.0,0,0,0.0
1785431363.813,17:09:23,timeslice,5,0.0,0,0,0.0
1785431363.813,17:09:23,timeslice,6,0.0,0,0,0.0
1785431363.813,17:09:23,timeslice,7,0.0,0,0,0.0
1785431364.813,17:09:24,timeslice,0,0.0,0,0,0.0
1785431364.813,17:09:24,timeslice,1,0.0,0,0,0.0
1785431364.813,17:09:24,timeslice,2,0.0,0,0,0.0
1785431364.813,17:09:24,timeslice,3,0.0,0,0,0.0
1785431364.813,17:09:24,timeslice,4,0.0,0,0,0.0
1785431364.813,17:09:24,timeslice,5,0.0,0,0,0.0
1785431364.813,17:09:24,timeslice,6,0.0,0,0,0.0
1785431364.813,17:09:24,timeslice,7,0.0,0,0,0.0
1785431365.813,17:09:25,timeslice,0,0.0,0,0,0.0
1785431365.813,17:09:25,timeslice,1,0.0,0,0,0.0
1785431365.813,17:09:25,timeslice,2,0.0,0,0,0.0
1785431365.813,17:09:25,timeslice,3,0.0,0,0,0.0
1785431365.813,17:09:25,timeslice,4,0.0,0,0,0.0
1785431365.813,17:09:25,timeslice,5,0.0,0,0,0.0
1785431365.813,17:09:25,timeslice,6,0.0,0,0,0.0
1785431365.813,17:09:25,timeslice,7,0.0,0,0,0.0
1785431366.813,17:09:26,timeslice,0,0.0,0,0,0.0
1785431366.813,17:09:26,timeslice,1,0.0,0,0,0.0
1785431366.813,17:09:26,timeslice,2,0.0,0,0,0.0
1785431366.813,17:09:26,timeslice,3,0.0,0,0,0.0
1785431366.813,17:09:26,timeslice,4,0.0,0,0,0.0
1785431366.813,17:09:26,timeslice,5,0.0,0,0,0.0
1785431366.813,17:09:26,timeslice,6,0.0,0,0,0.0
1785431366.813,17:09:26,timeslice,7,0.0,0,0,0.0
1785431367.813,17:09:27,timeslice,0,0.0,0,0,0.0
1785431367.813,17:09:27,timeslice,1,0.0,0,0,0.0
1785431367.813,17:09:27,timeslice,2,0.0,0,0,0.0
1785431367.813,17:09:27,timeslice,3,0.0,0,0,0.0
1785431367.813,17:09:27,timeslice,4,0.0,0,0,0.0
1785431367.813,17:09:27,timeslice,5,0.0,0,0,0.0
1785431367.813,17:09:27,timeslice,6,0.0,0,0,0.0
1785431367.813,17:09:27,timeslice,7,0.0,0,0,0.0
1785431368.813,17:09:28,timeslice,0,0.0,0,0,0.0
1785431368.813,17:09:28,timeslice,1,0.0,0,0,0.0
1785431368.813,17:09:28,timeslice,2,0.0,0,0,0.0
1785431368.813,17:09:28,timeslice,3,0.0,0,0,0.0
1785431368.813,17:09:28,timeslice,4,0.0,0,0,0.0
1785431368.813,17:09:28,timeslice,5,0.0,0,0,0.0
1785431368.813,17:09:28,timeslice,6,0.0,0,0,0.0
1785431368.813,17:09:28,timeslice,7,0.0,0,0,0.0
1785431369.813,17:09:29,timeslice,0,0.0,0,0,0.0
1785431369.813,17:09:29,timeslice,1,0.0,0,0,0.0
1785431369.813,17:09:29,timeslice,2,0.0,0,0,0.0
1785431369.813,17:09:29,timeslice,3,0.0,0,0,0.0
1785431369.813,17:09:29,timeslice,4,0.0,0,0,0.0
1785431369.813,17:09:29,timeslice,5,0.0,0,0,0.0
1785431369.813,17:09:29,timeslice,6,0.0,0,0,0.0
1785431369.813,17:09:29,timeslice,7,0.0,0,0,0.0
1785431370.814,17:09:30,timeslice,0,0.0,0,0,0.0
1785431370.814,17:09:30,timeslice,1,0.0,0,0,0.0
1785431370.814,17:09:30,timeslice,2,0.0,0,0,0.0
1785431370.814,17:09:30,timeslice,3,0.0,0,0,0.0
1785431370.814,17:09:30,timeslice,4,0.0,0,0,0.0
1785431370.814,17:09:30,timeslice,5,0.0,0,0,0.0
1785431370.814,17:09:30,timeslice,6,0.0,0,0,0.0
1785431370.814,17:09:30,timeslice,7,0.0,0,0,0.0
1785431371.814,17:09:31,timeslice,0,0.0,0,0,0.0
1785431371.814,17:09:31,timeslice,1,0.0,0,0,0.0
1785431371.814,17:09:31,timeslice,2,0.0,0,0,0.0
1785431371.814,17:09:31,timeslice,3,0.0,0,0,0.0
1785431371.814,17:09:31,timeslice,4,0.0,0,0,0.0
1785431371.814,17:09:31,timeslice,5,0.0,0,0,0.0
1785431371.814,17:09:31,timeslice,6,0.0,0,0,0.0
1785431371.814,17:09:31,timeslice,7,0.0,0,0,0.0
1785431372.814,17:09:32,timeslice,0,0.0,0,0,0.0
1785431372.814,17:09:32,timeslice,1,0.0,0,0,0.0
1785431372.814,17:09:32,timeslice,2,0.0,0,0,0.0
1785431372.814,17:09:32,timeslice,3,0.0,0,0,0.0
1785431372.814,17:09:32,timeslice,4,0.0,0,0,0.0
1785431372.814,17:09:32,timeslice,5,0.0,0,0,0.0
1785431372.814,17:09:32,timeslice,6,0.0,0,0,0.0
1785431372.814,17:09:32,timeslice,7,0.0,0,0,0.0
1785431373.814,17:09:33,timeslice,0,0.0,0,0,0.0
1785431373.814,17:09:33,timeslice,1,0.0,0,0,0.0
1785431373.814,17:09:33,timeslice,2,0.0,0,0,0.0
1785431373.814,17:09:33,timeslice,3,0.0,0,0,0.0
1785431373.814,17:09:33,timeslice,4,0.0,0,0,0.0
1785431373.814,17:09:33,timeslice,5,0.0,0,0,0.0
1785431373.814,17:09:33,timeslice,6,0.0,0,0,0.0
1785431373.814,17:09:33,timeslice,7,0.0,0,0,0.0
1785431374.814,17:09:34,timeslice,0,0.0,0,0,0.0
1785431374.814,17:09:34,timeslice,1,0.0,0,0,0.0
1785431374.814,17:09:34,timeslice,2,0.0,0,0,0.0
1785431374.814,17:09:34,timeslice,3,0.0,0,0,0.0
1785431374.814,17:09:34,timeslice,4,0.0,0,0,0.0
1785431374.814,17:09:34,timeslice,5,0.0,0,0,0.0
1785431374.814,17:09:34,timeslice,6,0.0,0,0,0.0
1785431374.814,17:09:34,timeslice,7,0.0,0,0,0.0
1785431375.814,17:09:35,timeslice,0,0.0,0,0,0.0
1785431375.814,17:09:35,timeslice,1,0.0,0,0,0.0
1785431375.814,17:09:35,timeslice,2,0.0,0,0,0.0
1785431375.814,17:09:35,timeslice,3,0.0,0,0,0.0
1785431375.814,17:09:35,timeslice,4,0.0,0,0,0.0
1785431375.814,17:09:35,timeslice,5,0.0,0,0,0.0
1785431375.814,17:09:35,timeslice,6,0.0,0,0,0.0
1785431375.814,17:09:35,timeslice,7,0.0,0,0,0.0
1785431376.814,17:09:36,timeslice,0,0.0,0,0,0.0
1785431376.814,17:09:36,timeslice,1,0.0,0,0,0.0
1785431376.814,17:09:36,timeslice,2,0.0,0,0,0.0
1785431376.814,17:09:36,timeslice,3,0.0,0,0,0.0
1785431376.814,17:09:36,timeslice,4,0.0,0,0,0.0
1785431376.814,17:09:36,timeslice,5,0.0,0,0,0.0
1785431376.814,17:09:36,timeslice,6,0.0,0,0,0.0
1785431376.814,17:09:36,timeslice,7,0.0,0,0,0.0
1785431377.814,17:09:37,timeslice,0,0.0,0,0,0.0
1785431377.814,17:09:37,timeslice,1,0.0,0,0,0.0
1785431377.814,17:09:37,timeslice,2,0.0,0,0,0.0
1785431377.814,17:09:37,timeslice,3,0.0,0,0,0.0
1785431377.814,17:09:37,timeslice,4,0.0,0,0,0.0
1785431377.814,17:09:37,timeslice,5,0.0,0,0,0.0
1785431377.814,17:09:37,timeslice,6,0.0,0,0,0.0
1785431377.814,17:09:37,timeslice,7,0.0,0,0,0.0
1785431378.814,17:09:38,timeslice,0,0.0,0,0,0.0
1785431378.814,17:09:38,timeslice,1,0.0,0,0,0.0
1785431378.814,17:09:38,timeslice,2,0.0,0,0,0.0
1785431378.814,17:09:38,timeslice,3,0.0,0,0,0.0
1785431378.814,17:09:38,timeslice,4,0.0,0,0,0.0
1785431378.814,17:09:38,timeslice,5,0.0,0,0,0.0
1785431378.814,17:09:38,timeslice,6,0.0,0,0,0.0
1785431378.814,17:09:38,timeslice,7,0.0,0,0,0.0
1785431379.815,17:09:39,timeslice,0,0.0,0,0,0.0
1785431379.815,17:09:39,timeslice,1,0.0,0,0,0.0
1785431379.815,17:09:39,timeslice,2,0.0,0,0,0.0
1785431379.815,17:09:39,timeslice,3,0.0,0,0,0.0
1785431379.815,17:09:39,timeslice,4,0.0,0,0,0.0
1785431379.815,17:09:39,timeslice,5,0.0,0,0,0.0
1785431379.815,17:09:39,timeslice,6,0.0,0,0,0.0
1785431379.815,17:09:39,timeslice,7,0.0,0,0,0.0
1785431380.815,17:09:40,timeslice,0,0.0,0,0,0.0
1785431380.815,17:09:40,timeslice,1,0.0,0,0,0.0
1785431380.815,17:09:40,timeslice,2,0.0,0,0,0.0
1785431380.815,17:09:40,timeslice,3,0.0,0,0,0.0
1785431380.815,17:09:40,timeslice,4,0.0,0,0,0.0
1785431380.815,17:09:40,timeslice,5,0.0,0,0,0.0
1785431380.815,17:09:40,timeslice,6,0.0,0,0,0.0
1785431380.815,17:09:40,timeslice,7,0.0,0,0,0.0
1785431381.815,17:09:41,timeslice,0,0.0,0,0,0.0
1785431381.815,17:09:41,timeslice,1,0.0,0,0,0.0
1785431381.815,17:09:41,timeslice,2,0.0,0,0,0.0
1785431381.815,17:09:41,timeslice,3,0.0,0,0,0.0
1785431381.815,17:09:41,timeslice,4,0.0,0,0,0.0
1785431381.815,17:09:41,timeslice,5,0.0,0,0,0.0
1785431381.815,17:09:41,timeslice,6,0.0,0,0,0.0
1785431381.815,17:09:41,timeslice,7,0.0,0,0,0.0
1785431382.815,17:09:42,timeslice,0,0.0,0,0,0.0
1785431382.815,17:09:42,timeslice,1,0.0,0,0,0.0
1785431382.815,17:09:42,timeslice,2,0.0,0,0,0.0
1785431382.815,17:09:42,timeslice,3,0.0,0,0,0.0
1785431382.815,17:09:42,timeslice,4,0.0,0,0,0.0
1785431382.815,17:09:42,timeslice,5,0.0,0,0,0.0
1785431382.815,17:09:42,timeslice,6,0.0,0,0,0.0
1785431382.815,17:09:42,timeslice,7,0.0,0,0,0.0
1785431383.815,17:09:43,timeslice,0,0.0,0,0,0.0
1785431383.815,17:09:43,timeslice,1,0.0,0,0,0.0
1785431383.815,17:09:43,timeslice,2,0.0,0,0,0.0
1785431383.815,17:09:43,timeslice,3,0.0,0,0,0.0
1785431383.815,17:09:43,timeslice,4,0.0,0,0,0.0
1785431383.815,17:09:43,timeslice,5,0.0,0,0,0.0
1785431383.815,17:09:43,timeslice,6,0.0,0,0,0.0
1785431383.815,17:09:43,timeslice,7,0.0,0,0,0.0
1785431384.815,17:09:44,timeslice,0,0.0,0,0,0.0
1785431384.815,17:09:44,timeslice,1,0.0,0,0,0.0
1785431384.815,17:09:44,timeslice,2,0.0,0,0,0.0
1785431384.815,17:09:44,timeslice,3,0.0,0,0,0.0
1785431384.815,17:09:44,timeslice,4,0.0,0,0,0.0
1785431384.815,17:09:44,timeslice,5,0.0,0,0,0.0
1785431384.815,17:09:44,timeslice,6,0.0,0,0,0.0
1785431384.815,17:09:44,timeslice,7,0.0,0,0,0.0
1785431385.815,17:09:45,timeslice,0,0.0,0,0,0.0
1785431385.815,17:09:45,timeslice,1,0.0,0,0,0.0
1785431385.815,17:09:45,timeslice,2,0.0,0,0,0.0
1785431385.815,17:09:45,timeslice,3,0.0,0,0,0.0
1785431385.815,17:09:45,timeslice,4,0.0,0,0,0.0
1785431385.815,17:09:45,timeslice,5,0.0,0,0,0.0
1785431385.815,17:09:45,timeslice,6,0.0,0,0,0.0
1785431385.815,17:09:45,timeslice,7,0.0,0,0,0.0
1785431386.815,17:09:46,timeslice,0,0.0,0,0,0.0
1785431386.815,17:09:46,timeslice,1,0.0,0,0,0.0
1785431386.815,17:09:46,timeslice,2,0.0,0,0,0.0
1785431386.815,17:09:46,timeslice,3,0.0,0,0,0.0
1785431386.815,17:09:46,timeslice,4,0.0,0,0,0.0
1785431386.815,17:09:46,timeslice,5,0.0,0,0,0.0
1785431386.815,17:09:46,timeslice,6,0.0,0,0,0.0
1785431386.815,17:09:46,timeslice,7,0.0,0,0,0.0
1785431387.816,17:09:47,timeslice,0,0.0,0,0,0.0
1785431387.816,17:09:47,timeslice,1,0.0,0,0,0.0
1785431387.816,17:09:47,timeslice,2,0.0,0,0,0.0
1785431387.816,17:09:47,timeslice,3,0.0,0,0,0.0
1785431387.816,17:09:47,timeslice,4,0.0,0,0,0.0
1785431387.816,17:09:47,timeslice,5,0.0,0,0,0.0
1785431387.816,17:09:47,timeslice,6,0.0,0,0,0.0
1785431387.816,17:09:47,timeslice,7,0.0,0,0,0.0
1785431388.816,17:09:48,timeslice,0,0.0,0,0,0.0
1785431388.816,17:09:48,timeslice,1,0.0,0,0,0.0
1785431388.816,17:09:48,timeslice,2,0.0,0,0,0.0
1785431388.816,17:09:48,timeslice,3,0.0,0,0,0.0
1785431388.816,17:09:48,timeslice,4,0.0,0,0,0.0
1785431388.816,17:09:48,timeslice,5,0.0,0,0,0.0
1785431388.816,17:09:48,timeslice,6,0.0,0,0,0.0
1785431388.816,17:09:48,timeslice,7,0.0,0,0,0.0
1785431389.816,17:09:49,timeslice,0,0.0,0,0,0.0
1785431389.816,17:09:49,timeslice,1,0.0,0,0,0.0
1785431389.816,17:09:49,timeslice,2,0.0,0,0,0.0
1785431389.816,17:09:49,timeslice,3,0.0,0,0,0.0
1785431389.816,17:09:49,timeslice,4,0.0,0,0,0.0
1785431389.816,17:09:49,timeslice,5,0.0,0,0,0.0
1785431389.816,17:09:49,timeslice,6,0.0,0,0,0.0
1785431389.816,17:09:49,timeslice,7,0.0,0,0,0.0
1785431390.816,17:09:50,timeslice,0,0.0,0,0,0.0
1785431390.816,17:09:50,timeslice,1,0.0,0,0,0.0
1785431390.816,17:09:50,timeslice,2,0.0,0,0,0.0
1785431390.816,17:09:50,timeslice,3,0.0,0,0,0.0
1785431390.816,17:09:50,timeslice,4,0.0,0,0,0.0
1785431390.816,17:09:50,timeslice,5,0.0,0,0,0.0
1785431390.816,17:09:50,timeslice,6,0.0,0,0,0.0
1785431390.816,17:09:50,timeslice,7,0.0,0,0,0.0
1785431391.816,17:09:51,timeslice,0,0.0,0,0,0.0
1785431391.816,17:09:51,timeslice,1,0.0,0,0,0.0
1785431391.816,17:09:51,timeslice,2,0.0,0,0,0.0
1785431391.816,17:09:51,timeslice,3,0.0,0,0,0.0
1785431391.816,17:09:51,timeslice,4,0.0,0,0,0.0
1785431391.816,17:09:51,timeslice,5,0.0,0,0,0.0
1785431391.816,17:09:51,timeslice,6,0.0,0,0,0.0
1785431391.816,17:09:51,timeslice,7,0.0,0,0,0.0
1785431392.816,17:09:52,timeslice,0,0.0,0,0,0.0
1785431392.816,17:09:52,timeslice,1,0.0,0,0,0.0
1785431392.816,17:09:52,timeslice,2,0.0,0,0,0.0
1785431392.816,17:09:52,timeslice,3,0.0,0,0,0.0
1785431392.816,17:09:52,timeslice,4,0.0,0,0,0.0
1785431392.816,17:09:52,timeslice,5,0.0,0,0,0.0
1785431392.816,17:09:52,timeslice,6,0.0,0,0,0.0
1785431392.816,17:09:52,timeslice,7,0.0,0,0,0.0
1785431393.816,17:09:53,timeslice,0,0.0,0,0,0.0
1785431393.816,17:09:53,timeslice,1,0.0,0,0,0.0
1785431393.816,17:09:53,timeslice,2,0.0,0,0,0.0
1785431393.816,17:09:53,timeslice,3,0.0,0,0,0.0
1785431393.816,17:09:53,timeslice,4,0.0,0,0,0.0
1785431393.816,17:09:53,timeslice,5,0.0,0,0,0.0
1785431393.816,17:09:53,timeslice,6,0.0,0,0,0.0
1785431393.816,17:09:53,timeslice,7,0.0,0,0,0.0
1785431394.816,17:09:54,timeslice,0,0.0,0,0,0.0
1785431394.816,17:09:54,timeslice,1,0.0,0,0,0.0
1785431394.816,17:09:54,timeslice,2,0.0,0,0,0.0
1785431394.816,17:09:54,timeslice,3,0.0,0,0,0.0
1785431394.816,17:09:54,timeslice,4,0.0,0,0,0.0
1785431394.816,17:09:54,timeslice,5,0.0,0,0,0.0
1785431394.816,17:09:54,timeslice,6,0.0,0,0,0.0
1785431394.816,17:09:54,timeslice,7,0.0,0,0,0.0
1785431395.817,17:09:55,timeslice,0,0.0,0,0,0.0
1785431395.817,17:09:55,timeslice,1,0.0,0,0,0.0
1785431395.817,17:09:55,timeslice,2,0.0,0,0,0.0
1785431395.817,17:09:55,timeslice,3,0.0,0,0,0.0
1785431395.817,17:09:55,timeslice,4,0.0,0,0,0.0
1785431395.817,17:09:55,timeslice,5,0.0,0,0,0.0
1785431395.817,17:09:55,timeslice,6,0.0,0,0,0.0
1785431395.817,17:09:55,timeslice,7,0.0,0,0,0.0
1785431396.817,17:09:56,timeslice,0,0.0,0,0,0.0
1785431396.817,17:09:56,timeslice,1,0.0,0,0,0.0
1785431396.817,17:09:56,timeslice,2,0.0,0,0,0.0
1785431396.817,17:09:56,timeslice,3,0.0,0,0,0.0
1785431396.817,17:09:56,timeslice,4,0.0,0,0,0.0
1785431396.817,17:09:56,timeslice,5,0.0,0,0,0.0
1785431396.817,17:09:56,timeslice,6,0.0,0,0,0.0
1785431396.817,17:09:56,timeslice,7,0.0,0,0,0.0
1785431397.817,17:09:57,timeslice,0,0.0,0,0,0.0
1785431397.817,17:09:57,timeslice,1,0.0,0,0,0.0
1785431397.817,17:09:57,timeslice,2,0.0,0,0,0.0
1785431397.817,17:09:57,timeslice,3,0.0,0,0,0.0
1785431397.817,17:09:57,timeslice,4,0.0,0,0,0.0
1785431397.817,17:09:57,timeslice,5,0.0,0,0,0.0
1785431397.817,17:09:57,timeslice,6,0.0,0,0,0.0
1785431397.817,17:09:57,timeslice,7,0.0,0,0,0.0
1785431398.817,17:09:58,timeslice,0,0.0,0,0,0.0
1785431398.817,17:09:58,timeslice,1,0.0,0,0,0.0
1785431398.817,17:09:58,timeslice,2,0.0,0,0,0.0
1785431398.817,17:09:58,timeslice,3,0.0,0,0,0.0
1785431398.817,17:09:58,timeslice,4,0.0,0,0,0.0
1785431398.817,17:09:58,timeslice,5,0.0,0,0,0.0
1785431398.817,17:09:58,timeslice,6,0.0,0,0,0.0
1785431398.817,17:09:58,timeslice,7,0.0,0,0,0.0
1785431399.817,17:09:59,timeslice,0,0.0,0,0,0.0
1785431399.817,17:09:59,timeslice,1,0.0,0,0,0.0
1785431399.817,17:09:59,timeslice,2,0.0,0,0,0.0
1785431399.817,17:09:59,timeslice,3,0.0,0,0,0.0
1785431399.817,17:09:59,timeslice,4,0.0,0,0,0.0
1785431399.817,17:09:59,timeslice,5,0.0,0,0,0.0
1785431399.817,17:09:59,timeslice,6,0.0,0,0,0.0
1785431399.817,17:09:59,timeslice,7,0.0,0,0,0.0
1785431400.817,17:10:00,timeslice,0,0.0,0,0,0.0
1785431400.817,17:10:00,timeslice,1,0.0,0,0,0.0
1785431400.817,17:10:00,timeslice,2,0.0,0,0,0.0
1785431400.817,17:10:00,timeslice,3,0.0,0,0,0.0
1785431400.817,17:10:00,timeslice,4,0.0,0,0,0.0
1785431400.817,17:10:00,timeslice,5,0.0,0,0,0.0
1785431400.817,17:10:00,timeslice,6,0.0,0,0,0.0
1785431400.817,17:10:00,timeslice,7,0.0,0,0,0.0
1785431401.817,17:10:01,timeslice,0,0.0,0,0,0.0
1785431401.817,17:10:01,timeslice,1,0.0,0,0,0.0
1785431401.817,17:10:01,timeslice,2,0.0,0,0,0.0
1785431401.817,17:10:01,timeslice,3,0.0,0,0,0.0
1785431401.817,17:10:01,timeslice,4,0.0,0,0,0.0
1785431401.817,17:10:01,timeslice,5,0.0,0,0,0.0
1785431401.817,17:10:01,timeslice,6,0.0,0,0,0.0
1785431401.817,17:10:01,timeslice,7,0.0,0,0,0.0
1785431402.817,17:10:02,timeslice,0,0.0,0,0,0.0
1785431402.817,17:10:02,timeslice,1,0.0,0,0,0.0
1785431402.817,17:10:02,timeslice,2,0.0,0,0,0.0
1785431402.817,17:10:02,timeslice,3,0.0,0,0,0.0
1785431402.817,17:10:02,timeslice,4,0.0,0,0,0.0
1785431402.817,17:10:02,timeslice,5,0.0,0,0,0.0
1785431402.817,17:10:02,timeslice,6,0.0,0,0,0.0
1785431402.817,17:10:02,timeslice,7,0.0,0,0,0.0
1785431403.817,17:10:03,timeslice,0,0.0,0,0,0.0
1785431403.817,17:10:03,timeslice,1,0.0,0,0,0.0
1785431403.817,17:10:03,timeslice,2,0.0,0,0,0.0
1785431403.817,17:10:03,timeslice,3,0.0,0,0,0.0
1785431403.817,17:10:03,timeslice,4,0.0,0,0,0.0
1785431403.817,17:10:03,timeslice,5,0.0,0,0,0.0
1785431403.817,17:10:03,timeslice,6,0.0,0,0,0.0
1785431403.817,17:10:03,timeslice,7,0.0,0,0,0.0
1785431404.818,17:10:04,timeslice,0,0.0,0,0,0.0
1785431404.818,17:10:04,timeslice,1,0.0,0,0,0.0
1785431404.818,17:10:04,timeslice,2,0.0,0,0,0.0
1785431404.818,17:10:04,timeslice,3,0.0,0,0,0.0
1785431404.818,17:10:04,timeslice,4,0.0,0,0,0.0
1785431404.818,17:10:04,timeslice,5,0.0,0,0,0.0
1785431404.818,17:10:04,timeslice,6,0.0,0,0,0.0
1785431404.818,17:10:04,timeslice,7,0.0,0,0,0.0
1785431405.818,17:10:05,timeslice,0,0.0,0,0,0.0
1785431405.818,17:10:05,timeslice,1,0.0,0,0,0.0
1785431405.818,17:10:05,timeslice,2,0.0,0,0,0.0
1785431405.818,17:10:05,timeslice,3,0.0,0,0,0.0
1785431405.818,17:10:05,timeslice,4,0.0,0,0,0.0
1785431405.818,17:10:05,timeslice,5,0.0,0,0,0.0
1785431405.818,17:10:05,timeslice,6,0.0,0,0,0.0
1785431405.818,17:10:05,timeslice,7,0.0,0,0,0.0
1785431406.818,17:10:06,timeslice,0,0.0,0,0,0.0
1785431406.818,17:10:06,timeslice,1,0.0,0,0,0.0
1785431406.818,17:10:06,timeslice,2,0.0,0,0,0.0
1785431406.818,17:10:06,timeslice,3,0.0,0,0,0.0
1785431406.818,17:10:06,timeslice,4,0.0,0,0,0.0
1785431406.818,17:10:06,timeslice,5,0.0,0,0,0.0
1785431406.818,17:10:06,timeslice,6,0.0,0,0,0.0
1785431406.818,17:10:06,timeslice,7,0.0,0,0,0.0
1785431407.818,17:10:07,timeslice,0,0.0,0,0,0.0
1785431407.818,17:10:07,timeslice,1,0.0,0,0,0.0
1785431407.818,17:10:07,timeslice,2,0.0,0,0,0.0
1785431407.818,17:10:07,timeslice,3,0.0,0,0,0.0
1785431407.818,17:10:07,timeslice,4,0.0,0,0,0.0
1785431407.818,17:10:07,timeslice,5,0.0,0,0,0.0
1785431407.818,17:10:07,timeslice,6,0.0,0,0,0.0
1785431407.818,17:10:07,timeslice,7,0.0,0,0,0.0
1785431408.818,17:10:08,timeslice,0,0.0,0,0,0.0
1785431408.818,17:10:08,timeslice,1,0.0,0,0,0.0
1785431408.818,17:10:08,timeslice,2,0.0,0,0,0.0
1785431408.818,17:10:08,timeslice,3,0.0,0,0,0.0
1785431408.818,17:10:08,timeslice,4,0.0,0,0,0.0
1785431408.818,17:10:08,timeslice,5,0.0,0,0,0.0
1785431408.818,17:10:08,timeslice,6,0.0,0,0,0.0
1785431408.818,17:10:08,timeslice,7,0.0,0,0,0.0
1785431409.818,17:10:09,timeslice,0,0.0,0,0,0.0
1785431409.818,17:10:09,timeslice,1,0.0,0,0,0.0
1785431409.818,17:10:09,timeslice,2,0.0,0,0,0.0
1785431409.818,17:10:09,timeslice,3,0.0,0,0,0.0
1785431409.818,17:10:09,timeslice,4,0.0,0,0,0.0
1785431409.818,17:10:09,timeslice,5,0.0,0,0,0.0
1785431409.818,17:10:09,timeslice,6,0.0,0,0,0.0
1785431409.818,17:10:09,timeslice,7,0.0,0,0,0.0
1785431410.818,17:10:10,timeslice,0,0.0,0,0,0.0
1785431410.818,17:10:10,timeslice,1,0.0,0,0,0.0
1785431410.818,17:10:10,timeslice,2,0.0,0,0,0.0
1785431410.818,17:10:10,timeslice,3,0.0,0,0,0.0
1785431410.818,17:10:10,timeslice,4,0.0,0,0,0.0
1785431410.818,17:10:10,timeslice,5,0.0,0,0,0.0
1785431410.818,17:10:10,timeslice,6,0.0,0,0,0.0
1785431410.818,17:10:10,timeslice,7,0.0,0,0,0.0
1785431411.818,17:10:11,timeslice,0,0.0,0,0,0.0
1785431411.818,17:10:11,timeslice,1,0.0,0,0,0.0
1785431411.818,17:10:11,timeslice,2,0.0,0,0,0.0
1785431411.818,17:10:11,timeslice,3,0.0,0,0,0.0
1785431411.818,17:10:11,timeslice,4,0.0,0,0,0.0
1785431411.818,17:10:11,timeslice,5,0.0,0,0,0.0
1785431411.818,17:10:11,timeslice,6,0.0,0,0,0.0
1785431411.818,17:10:11,timeslice,7,0.0,0,0,0.0
1785431412.818,17:10:12,timeslice,0,0.0,0,0,0.0
1785431412.818,17:10:12,timeslice,1,0.0,0,0,0.0
1785431412.818,17:10:12,timeslice,2,0.0,0,0,0.0
1785431412.818,17:10:12,timeslice,3,0.0,0,0,0.0
1785431412.818,17:10:12,timeslice,4,0.0,0,0,0.0
1785431412.818,17:10:12,timeslice,5,0.0,0,0,0.0
1785431412.818,17:10:12,timeslice,6,0.0,0,0,0.0
1785431412.818,17:10:12,timeslice,7,0.0,0,0,0.0
1785431413.819,17:10:13,timeslice,0,0.0,0,0,0.0
1785431413.819,17:10:13,timeslice,1,0.0,0,0,0.0
1785431413.819,17:10:13,timeslice,2,0.0,0,0,0.0
1785431413.819,17:10:13,timeslice,3,0.0,0,0,0.0
1785431413.819,17:10:13,timeslice,4,0.0,0,0,0.0
1785431413.819,17:10:13,timeslice,5,0.0,0,0,0.0
1785431413.819,17:10:13,timeslice,6,0.0,0,0,0.0
1785431413.819,17:10:13,timeslice,7,0.0,0,0,0.0
1785431414.819,17:10:14,timeslice,0,0.0,0,0,0.0
1785431414.819,17:10:14,timeslice,1,0.0,0,0,0.0
1785431414.819,17:10:14,timeslice,2,0.0,0,0,0.0
1785431414.819,17:10:14,timeslice,3,0.0,0,0,0.0
1785431414.819,17:10:14,timeslice,4,0.0,0,0,0.0
1785431414.819,17:10:14,timeslice,5,0.0,0,0,0.0
1785431414.819,17:10:14,timeslice,6,0.0,0,0,0.0
1785431414.819,17:10:14,timeslice,7,0.0,0,0,0.0
1785431415.819,17:10:15,timeslice,0,0.0,0,0,0.0
1785431415.819,17:10:15,timeslice,1,0.0,0,0,0.0
1785431415.819,17:10:15,timeslice,2,0.0,0,0,0.0
1785431415.819,17:10:15,timeslice,3,0.0,0,0,0.0
1785431415.819,17:10:15,timeslice,4,0.0,0,0,0.0
1785431415.819,17:10:15,timeslice,5,0.0,0,0,0.0
1785431415.819,17:10:15,timeslice,6,0.0,0,0,0.0
1785431415.819,17:10:15,timeslice,7,0.0,0,0,0.0
1785431416.819,17:10:16,timeslice,0,0.0,0,0,0.0
1785431416.819,17:10:16,timeslice,1,0.0,0,0,0.0
1785431416.819,17:10:16,timeslice,2,0.0,0,0,0.0
1785431416.819,17:10:16,timeslice,3,0.0,0,0,0.0
1785431416.819,17:10:16,timeslice,4,0.0,0,0,0.0
1785431416.819,17:10:16,timeslice,5,0.0,0,0,0.0
1785431416.819,17:10:16,timeslice,6,0.0,0,0,0.0
1785431416.819,17:10:16,timeslice,7,0.0,0,0,0.0
1785431417.819,17:10:17,timeslice,0,0.0,0,0,0.0
1785431417.819,17:10:17,timeslice,1,0.0,0,0,0.0
1785431417.819,17:10:17,timeslice,2,0.0,0,0,0.0
1785431417.819,17:10:17,timeslice,3,0.0,0,0,0.0
1785431417.819,17:10:17,timeslice,4,0.0,0,0,0.0
1785431417.819,17:10:17,timeslice,5,0.0,0,0,0.0
1785431417.819,17:10:17,timeslice,6,0.0,0,0,0.0
1785431417.819,17:10:17,timeslice,7,0.0,0,0,0.0
1785431418.819,17:10:18,timeslice,0,0.0,0,0,0.0
1785431418.819,17:10:18,timeslice,1,0.0,0,0,0.0
1785431418.819,17:10:18,timeslice,2,0.0,0,0,0.0
1785431418.819,17:10:18,timeslice,3,0.0,0,0,0.0
1785431418.819,17:10:18,timeslice,4,0.0,0,0,0.0
1785431418.819,17:10:18,timeslice,5,0.0,0,0,0.0
1785431418.819,17:10:18,timeslice,6,0.0,0,0,0.0
1785431418.819,17:10:18,timeslice,7,0.0,0,0,0.0
1785431419.819,17:10:19,timeslice,0,0.0,0,0,0.0
1785431419.819,17:10:19,timeslice,1,0.0,0,0,0.0
1785431419.819,17:10:19,timeslice,2,0.0,0,0,0.0
1785431419.819,17:10:19,timeslice,3,0.0,0,0,0.0
1785431419.819,17:10:19,timeslice,4,0.0,0,0,0.0
1785431419.819,17:10:19,timeslice,5,0.0,0,0,0.0
1785431419.819,17:10:19,timeslice,6,0.0,0,0,0.0
1785431419.819,17:10:19,timeslice,7,0.0,0,0,0.0
1785431420.819,17:10:20,timeslice,0,0.0,0,0,0.0
1785431420.819,17:10:20,timeslice,1,0.0,0,0,0.0
1785431420.819,17:10:20,timeslice,2,0.0,0,0,0.0
1785431420.819,17:10:20,timeslice,3,0.0,0,0,0.0
1785431420.819,17:10:20,timeslice,4,0.0,0,0,0.0
1785431420.819,17:10:20,timeslice,5,0.0,0,0,0.0
1785431420.819,17:10:20,timeslice,6,0.0,0,0,0.0
1785431420.819,17:10:20,timeslice,7,0.0,0,0,0.0
1785431421.819,17:10:21,timeslice,0,0.0,0,0,0.0
1785431421.819,17:10:21,timeslice,1,0.0,0,0,0.0
1785431421.819,17:10:21,timeslice,2,0.0,0,0,0.0
1785431421.819,17:10:21,timeslice,3,0.0,0,0,0.0
1785431421.819,17:10:21,timeslice,4,0.0,0,0,0.0
1785431421.819,17:10:21,timeslice,5,0.0,0,0,0.0
1785431421.819,17:10:21,timeslice,6,0.0,0,0,0.0
1785431421.819,17:10:21,timeslice,7,0.0,0,0,0.0
1785431422.82,17:10:22,timeslice,0,0.0,0,0,0.0
1785431422.82,17:10:22,timeslice,1,0.0,0,0,0.0
1785431422.82,17:10:22,timeslice,2,0.0,0,0,0.0
1785431422.82,17:10:22,timeslice,3,0.0,0,0,0.0
1785431422.82,17:10:22,timeslice,4,0.0,0,0,0.0
1785431422.82,17:10:22,timeslice,5,0.0,0,0,0.0
1785431422.82,17:10:22,timeslice,6,0.0,0,0,0.0
1785431422.82,17:10:22,timeslice,7,0.0,0,0,0.0
1785431423.82,17:10:23,timeslice,0,0.0,0,0,0.0
1785431423.82,17:10:23,timeslice,1,0.0,0,0,0.0
1785431423.82,17:10:23,timeslice,2,0.0,0,0,0.0
1785431423.82,17:10:23,timeslice,3,0.0,0,0,0.0
1785431423.82,17:10:23,timeslice,4,0.0,0,0,0.0
1785431423.82,17:10:23,timeslice,5,0.0,0,0,0.0
1785431423.82,17:10:23,timeslice,6,0.0,0,0,0.0
1785431423.82,17:10:23,timeslice,7,0.0,0,0,0.0
1785431424.82,17:10:24,timeslice,0,0.0,0,0,0.0
1785431424.82,17:10:24,timeslice,1,0.0,0,0,0.0
1785431424.82,17:10:24,timeslice,2,0.0,0,0,0.0
1785431424.82,17:10:24,timeslice,3,0.0,0,0,0.0
1785431424.82,17:10:24,timeslice,4,0.0,0,0,0.0
1785431424.82,17:10:24,timeslice,5,0.0,0,0,0.0
1785431424.82,17:10:24,timeslice,6,0.0,0,0,0.0
1785431424.82,17:10:24,timeslice,7,0.0,0,0,0.0
1785431425.82,17:10:25,timeslice,0,0.0,0,0,0.0
1785431425.82,17:10:25,timeslice,1,0.0,0,0,0.0
1785431425.82,17:10:25,timeslice,2,0.0,0,0,0.0
1785431425.82,17:10:25,timeslice,3,0.0,0,0,0.0
1785431425.82,17:10:25,timeslice,4,0.0,0,0,0.0
1785431425.82,17:10:25,timeslice,5,0.0,0,0,0.0
1785431425.82,17:10:25,timeslice,6,0.0,0,0,0.0
1785431425.82,17:10:25,timeslice,7,0.0,0,0,0.0
1785431426.82,17:10:26,timeslice,0,0.0,0,0,0.0
1785431426.82,17:10:26,timeslice,1,0.0,0,0,0.0
1785431426.82,17:10:26,timeslice,2,0.0,0,0,0.0
1785431426.82,17:10:26,timeslice,3,0.0,0,0,0.0
1785431426.82,17:10:26,timeslice,4,0.0,0,0,0.0
1785431426.82,17:10:26,timeslice,5,0.0,0,0,0.0
1785431426.82,17:10:26,timeslice,6,0.0,0,0,0.0
1785431426.82,17:10:26,timeslice,7,0.0,0,0,0.0
1785431427.82,17:10:27,timeslice,0,0.0,0,0,0.0
1785431427.82,17:10:27,timeslice,1,0.0,0,0,0.0
1785431427.82,17:10:27,timeslice,2,0.0,0,0,0.0
1785431427.82,17:10:27,timeslice,3,0.0,0,0,0.0
1785431427.82,17:10:27,timeslice,4,0.0,0,0,0.0
1785431427.82,17:10:27,timeslice,5,0.0,0,0,0.0
1785431427.82,17:10:27,timeslice,6,0.0,0,0,0.0
1785431427.82,17:10:27,timeslice,7,0.0,0,0,0.0
1785431428.82,17:10:28,timeslice,0,0.0,0,0,0.0
1785431428.82,17:10:28,timeslice,1,0.0,0,0,0.0
1785431428.82,17:10:28,timeslice,2,0.0,0,0,0.0
1785431428.82,17:10:28,timeslice,3,0.0,0,0,0.0
1785431428.82,17:10:28,timeslice,4,0.0,0,0,0.0
1785431428.82,17:10:28,timeslice,5,0.0,0,0,0.0
1785431428.82,17:10:28,timeslice,6,0.0,0,0,0.0
1785431428.82,17:10:28,timeslice,7,0.0,0,0,0.0
1785431429.82,17:10:29,timeslice,0,0.0,0,0,0.0
1785431429.82,17:10:29,timeslice,1,0.0,0,0,0.0
1785431429.82,17:10:29,timeslice,2,0.0,0,0,0.0
1785431429.82,17:10:29,timeslice,3,0.0,0,0,0.0
1785431429.82,17:10:29,timeslice,4,0.0,0,0,0.0
1785431429.82,17:10:29,timeslice,5,0.0,0,0,0.0
1785431429.82,17:10:29,timeslice,6,0.0,0,0,0.0
1785431429.82,17:10:29,timeslice,7,0.0,0,0,0.0
1785431430.82,17:10:30,timeslice,0,0.0,0,0,0.0
1785431430.82,17:10:30,timeslice,1,0.0,0,0,0.0
1785431430.82,17:10:30,timeslice,2,0.0,0,0,0.0
1785431430.82,17:10:30,timeslice,3,0.0,0,0,0.0
1785431430.82,17:10:30,timeslice,4,0.0,0,0,0.0
1785431430.82,17:10:30,timeslice,5,0.0,0,0,0.0
1785431430.82,17:10:30,timeslice,6,0.0,0,0,0.0
1785431430.82,17:10:30,timeslice,7,0.0,0,0,0.0
1785431431.821,17:10:31,timeslice,0,0.0,0,0,0.0
1785431431.821,17:10:31,timeslice,1,0.0,0,0,0.0
1785431431.821,17:10:31,timeslice,2,0.0,0,0,0.0
1785431431.821,17:10:31,timeslice,3,0.0,0,0,0.0
1785431431.821,17:10:31,timeslice,4,0.0,0,0,0.0
1785431431.821,17:10:31,timeslice,5,0.0,0,0,0.0
1785431431.821,17:10:31,timeslice,6,0.0,0,0,0.0
1785431431.821,17:10:31,timeslice,7,0.0,0,0,0.0
1785431432.821,17:10:32,timeslice,0,0.0,0,0,0.0
1785431432.821,17:10:32,timeslice,1,0.0,0,0,0.0
1785431432.821,17:10:32,timeslice,2,0.0,0,0,0.0
1785431432.821,17:10:32,timeslice,3,0.0,0,0,0.0
1785431432.821,17:10:32,timeslice,4,0.0,0,0,0.0
1785431432.821,17:10:32,timeslice,5,0.0,0,0,0.0
1785431432.821,17:10:32,timeslice,6,0.0,0,0,0.0
1785431432.821,17:10:32,timeslice,7,0.0,0,0,0.0
1785431433.821,17:10:33,timeslice,0,0.0,0,0,0.0
1785431433.821,17:10:33,timeslice,1,0.0,0,0,0.0
1785431433.821,17:10:33,timeslice,2,0.0,0,0,0.0
1785431433.821,17:10:33,timeslice,3,0.0,0,0,0.0
1785431433.821,17:10:33,timeslice,4,0.0,0,0,0.0
1785431433.821,17:10:33,timeslice,5,0.0,0,0,0.0
1785431433.821,17:10:33,timeslice,6,0.0,0,0,0.0
1785431433.821,17:10:33,timeslice,7,0.0,0,0,0.0
1785431434.821,17:10:34,timeslice,0,0.0,0,0,0.0
1785431434.821,17:10:34,timeslice,1,0.0,0,0,0.0
1785431434.821,17:10:34,timeslice,2,0.0,0,0,0.0
1785431434.821,17:10:34,timeslice,3,0.0,0,0,0.0
1785431434.821,17:10:34,timeslice,4,0.0,0,0,0.0
1785431434.821,17:10:34,timeslice,5,0.0,0,0,0.0
1785431434.821,17:10:34,timeslice,6,0.0,0,0,0.0
1785431434.821,17:10:34,timeslice,7,0.0,0,0,0.0
1785431435.821,17:10:35,timeslice,0,0.0,0,0,0.0
1785431435.821,17:10:35,timeslice,1,0.0,0,0,0.0
1785431435.821,17:10:35,timeslice,2,0.0,0,0,0.0
1785431435.821,17:10:35,timeslice,3,0.0,0,0,0.0
1785431435.821,17:10:35,timeslice,4,0.0,0,0,0.0
1785431435.821,17:10:35,timeslice,5,0.0,0,0,0.0
1785431435.821,17:10:35,timeslice,6,0.0,0,0,0.0
1785431435.821,17:10:35,timeslice,7,0.0,0,0,0.0
1785431436.821,17:10:36,timeslice,0,0.0,0,0,0.0
1785431436.821,17:10:36,timeslice,1,0.0,0,0,0.0
1785431436.821,17:10:36,timeslice,2,0.0,0,0,0.0
1785431436.821,17:10:36,timeslice,3,0.0,0,0,0.0
1785431436.821,17:10:36,timeslice,4,0.0,0,0,0.0
1785431436.821,17:10:36,timeslice,5,0.0,0,0,0.0
1785431436.821,17:10:36,timeslice,6,0.0,0,0,0.0
1785431436.821,17:10:36,timeslice,7,0.0,0,0,0.0
1785431437.821,17:10:37,timeslice,0,0.0,0,0,0.0
1785431437.821,17:10:37,timeslice,1,0.0,0,0,0.0
1785431437.821,17:10:37,timeslice,2,0.0,0,0,0.0
1785431437.821,17:10:37,timeslice,3,0.0,0,0,0.0
1785431437.821,17:10:37,timeslice,4,0.0,0,0,0.0
1785431437.821,17:10:37,timeslice,5,0.0,0,0,0.0
1785431437.821,17:10:37,timeslice,6,0.0,0,0,0.0
1785431437.821,17:10:37,timeslice,7,0.0,0,0,0.0
1785431438.821,17:10:38,timeslice,0,0.0,0,0,0.0
1785431438.821,17:10:38,timeslice,1,0.0,0,0,0.0
1785431438.821,17:10:38,timeslice,2,0.0,0,0,0.0
1785431438.821,17:10:38,timeslice,3,0.0,0,0,0.0
1785431438.821,17:10:38,timeslice,4,0.0,0,0,0.0
1785431438.821,17:10:38,timeslice,5,0.0,0,0,0.0
1785431438.821,17:10:38,timeslice,6,0.0,0,0,0.0
1785431438.821,17:10:38,timeslice,7,0.0,0,0,0.0
1785431439.822,17:10:39,timeslice,0,0.0,0,0,0.0
1785431439.822,17:10:39,timeslice,1,0.0,0,0,0.0
1785431439.822,17:10:39,timeslice,2,0.0,0,0,0.0
1785431439.822,17:10:39,timeslice,3,0.0,0,0,0.0
1785431439.822,17:10:39,timeslice,4,0.0,0,0,0.0
1785431439.822,17:10:39,timeslice,5,0.0,0,0,0.0
1785431439.822,17:10:39,timeslice,6,0.0,0,0,0.0
1785431439.822,17:10:39,timeslice,7,0.0,0,0,0.0
1785431440.822,17:10:40,timeslice,0,0.0,0,0,0.0
1785431440.822,17:10:40,timeslice,1,0.0,0,0,0.0
1785431440.822,17:10:40,timeslice,2,0.0,0,0,0.0
1785431440.822,17:10:40,timeslice,3,0.0,0,0,0.0
1785431440.822,17:10:40,timeslice,4,0.0,0,0,0.0
1785431440.822,17:10:40,timeslice,5,0.0,0,0,0.0
1785431440.822,17:10:40,timeslice,6,0.0,0,0,0.0
1785431440.822,17:10:40,timeslice,7,0.0,0,0,0.0
1785431441.822,17:10:41,timeslice,0,0.0,0,0,0.0
1785431441.822,17:10:41,timeslice,1,0.0,0,0,0.0
1785431441.822,17:10:41,timeslice,2,0.0,0,0,0.0
1785431441.822,17:10:41,timeslice,3,0.0,0,0,0.0
1785431441.822,17:10:41,timeslice,4,0.0,0,0,0.0
1785431441.822,17:10:41,timeslice,5,0.0,0,0,0.0
1785431441.822,17:10:41,timeslice,6,0.0,0,0,0.0
1785431441.822,17:10:41,timeslice,7,0.0,0,0,0.0
1785431442.822,17:10:42,timeslice,0,0.0,0,0,0.0
1785431442.822,17:10:42,timeslice,1,0.0,0,0,0.0
1785431442.822,17:10:42,timeslice,2,0.0,0,0,0.0
1785431442.822,17:10:42,timeslice,3,0.0,0,0,0.0
1785431442.822,17:10:42,timeslice,4,0.0,0,0,0.0
1785431442.822,17:10:42,timeslice,5,0.0,0,0,0.0
1785431442.822,17:10:42,timeslice,6,0.0,0,0,0.0
1785431442.822,17:10:42,timeslice,7,0.0,0,0,0.0
1785431443.822,17:10:43,timeslice,0,0.0,0,0,0.0
1785431443.822,17:10:43,timeslice,1,0.0,0,0,0.0
1785431443.822,17:10:43,timeslice,2,0.0,0,0,0.0
1785431443.822,17:10:43,timeslice,3,0.0,0,0,0.0
1785431443.822,17:10:43,timeslice,4,0.0,0,0,0.0
1785431443.822,17:10:43,timeslice,5,0.0,0,0,0.0
1785431443.822,17:10:43,timeslice,6,0.0,0,0,0.0
1785431443.822,17:10:43,timeslice,7,0.0,0,0,0.0
1785431444.822,17:10:44,timeslice,0,0.0,0,0,0.0
1785431444.822,17:10:44,timeslice,1,0.0,0,0,0.0
1785431444.822,17:10:44,timeslice,2,0.0,0,0,0.0
1785431444.822,17:10:44,timeslice,3,0.0,0,0,0.0
1785431444.822,17:10:44,timeslice,4,0.0,0,0,0.0
1785431444.822,17:10:44,timeslice,5,0.0,0,0,0.0
1785431444.822,17:10:44,timeslice,6,0.0,0,0,0.0
1785431444.822,17:10:44,timeslice,7,0.0,0,0,0.0
1785431445.822,17:10:45,timeslice,0,0.0,0,0,0.0
1785431445.822,17:10:45,timeslice,1,0.0,0,0,0.0
1785431445.822,17:10:45,timeslice,2,0.0,0,0,0.0
1785431445.822,17:10:45,timeslice,3,0.0,0,0,0.0
1785431445.822,17:10:45,timeslice,4,0.0,0,0,0.0
1785431445.822,17:10:45,timeslice,5,0.0,0,0,0.0
1785431445.822,17:10:45,timeslice,6,0.0,0,0,0.0
1785431445.822,17:10:45,timeslice,7,0.0,0,0,0.0
1785431446.822,17:10:46,timeslice,0,0.0,0,0,0.0
1785431446.822,17:10:46,timeslice,1,0.0,0,0,0.0
1785431446.822,17:10:46,timeslice,2,0.0,0,0,0.0
1785431446.822,17:10:46,timeslice,3,0.0,0,0,0.0
1785431446.822,17:10:46,timeslice,4,0.0,0,0,0.0
1785431446.822,17:10:46,timeslice,5,0.0,0,0,0.0
1785431446.822,17:10:46,timeslice,6,0.0,0,0,0.0
1785431446.822,17:10:46,timeslice,7,0.0,0,0,0.0
1785431447.823,17:10:47,timeslice,0,0.0,0,0,0.0
1785431447.823,17:10:47,timeslice,1,0.0,0,0,0.0
1785431447.823,17:10:47,timeslice,2,0.0,0,0,0.0
1785431447.823,17:10:47,timeslice,3,0.0,0,0,0.0
1785431447.823,17:10:47,timeslice,4,0.0,0,0,0.0
1785431447.823,17:10:47,timeslice,5,0.0,0,0,0.0
1785431447.823,17:10:47,timeslice,6,0.0,0,0,0.0
1785431447.823,17:10:47,timeslice,7,0.0,0,0,0.0
1785431448.823,17:10:48,timeslice,0,0.0,0,0,0.0
1785431448.823,17:10:48,timeslice,1,0.0,0,0,0.0
1785431448.823,17:10:48,timeslice,2,0.0,0,0,0.0
1785431448.823,17:10:48,timeslice,3,0.0,0,0,0.0
1785431448.823,17:10:48,timeslice,4,0.0,0,0,0.0
1785431448.823,17:10:48,timeslice,5,0.0,0,0,0.0
1785431448.823,17:10:48,timeslice,6,0.0,0,0,0.0
1785431448.823,17:10:48,timeslice,7,0.0,0,0,0.0
1785431449.823,17:10:49,timeslice,0,0.0,0,0,0.0
1785431449.823,17:10:49,timeslice,1,0.0,0,0,0.0
1785431449.823,17:10:49,timeslice,2,0.0,0,0,0.0
1785431449.823,17:10:49,timeslice,3,0.0,0,0,0.0
1785431449.823,17:10:49,timeslice,4,0.0,0,0,0.0
1785431449.823,17:10:49,timeslice,5,0.0,0,0,0.0
1785431449.823,17:10:49,timeslice,6,0.0,0,0,0.0
1785431449.823,17:10:49,timeslice,7,0.0,0,0,0.0
1785431450.823,17:10:50,timeslice,0,0.0,0,0,0.0
1785431450.823,17:10:50,timeslice,1,0.0,0,0,0.0
1785431450.823,17:10:50,timeslice,2,0.0,0,0,0.0
1785431450.823,17:10:50,timeslice,3,0.0,0,0,0.0
1785431450.823,17:10:50,timeslice,4,0.0,0,0,0.0
1785431450.823,17:10:50,timeslice,5,0.0,0,0,0.0
1785431450.823,17:10:50,timeslice,6,0.0,0,0,0.0
1785431450.823,17:10:50,timeslice,7,0.0,0,0,0.0
1785431451.823,17:10:51,timeslice,0,0.0,0,0,0.0
1785431451.823,17:10:51,timeslice,1,0.0,0,0,0.0
1785431451.823,17:10:51,timeslice,2,0.0,0,0,0.0
1785431451.823,17:10:51,timeslice,3,0.0,0,0,0.0
1785431451.823,17:10:51,timeslice,4,0.0,0,0,0.0
1785431451.823,17:10:51,timeslice,5,0.0,0,0,0.0
1785431451.823,17:10:51,timeslice,6,0.0,0,0,0.0
1785431451.823,17:10:51,timeslice,7,0.0,0,0,0.0
1785431452.823,17:10:52,timeslice,0,0.0,0,0,0.0
1785431452.823,17:10:52,timeslice,1,0.0,0,0,0.0
1785431452.823,17:10:52,timeslice,2,0.0,0,0,0.0
1785431452.823,17:10:52,timeslice,3,0.0,0,0,0.0
1785431452.823,17:10:52,timeslice,4,0.0,0,0,0.0
1785431452.823,17:10:52,timeslice,5,0.0,0,0,0.0
1785431452.823,17:10:52,timeslice,6,0.0,0,0,0.0
1785431452.823,17:10:52,timeslice,7,0.0,0,0,0.0
1785431453.823,17:10:53,timeslice,0,0.0,0,0,0.0
1785431453.823,17:10:53,timeslice,1,0.0,0,0,0.0
1785431453.823,17:10:53,timeslice,2,0.0,0,0,0.0
1785431453.823,17:10:53,timeslice,3,0.0,0,0,0.0
1785431453.823,17:10:53,timeslice,4,0.0,0,0,0.0
1785431453.823,17:10:53,timeslice,5,0.0,0,0,0.0
1785431453.823,17:10:53,timeslice,6,0.0,0,0,0.0
1785431453.823,17:10:53,timeslice,7,0.0,0,0,0.0
1785431454.823,17:10:54,timeslice,0,0.0,0,0,0.0
1785431454.823,17:10:54,timeslice,1,0.0,0,0,0.0
1785431454.823,17:10:54,timeslice,2,0.0,0,0,0.0
1785431454.823,17:10:54,timeslice,3,0.0,0,0,0.0
1785431454.823,17:10:54,timeslice,4,0.0,0,0,0.0
1785431454.823,17:10:54,timeslice,5,0.0,0,0,0.0
1785431454.823,17:10:54,timeslice,6,0.0,0,0,0.0
1785431454.823,17:10:54,timeslice,7,0.0,0,0,0.0
1785431455.823,17:10:55,timeslice,0,0.0,0,0,0.0
1785431455.823,17:10:55,timeslice,1,0.0,0,0,0.0
1785431455.823,17:10:55,timeslice,2,0.0,0,0,0.0
1785431455.823,17:10:55,timeslice,3,0.0,0,0,0.0
1785431455.823,17:10:55,timeslice,4,0.0,0,0,0.0
1785431455.823,17:10:55,timeslice,5,0.0,0,0,0.0
1785431455.823,17:10:55,timeslice,6,0.0,0,0,0.0
1785431455.823,17:10:55,timeslice,7,0.0,0,0,0.0
1785431456.824,17:10:56,timeslice,0,0.0,0,0,0.0
1785431456.824,17:10:56,timeslice,1,0.0,0,0,0.0
1785431456.824,17:10:56,timeslice,2,0.0,0,0,0.0
1785431456.824,17:10:56,timeslice,3,0.0,0,0,0.0
1785431456.824,17:10:56,timeslice,4,0.0,0,0,0.0
1785431456.824,17:10:56,timeslice,5,0.0,0,0,0.0
1785431456.824,17:10:56,timeslice,6,0.0,0,0,0.0
1785431456.824,17:10:56,timeslice,7,0.0,0,0,0.0
1785431457.824,17:10:57,timeslice,0,0.0,0,0,0.0
1785431457.824,17:10:57,timeslice,1,0.0,0,0,0.0
1785431457.824,17:10:57,timeslice,2,0.0,0,0,0.0
1785431457.824,17:10:57,timeslice,3,0.0,0,0,0.0
1785431457.824,17:10:57,timeslice,4,0.0,0,0,0.0
1785431457.824,17:10:57,timeslice,5,0.0,0,0,0.0
1785431457.824,17:10:57,timeslice,6,0.0,0,0,0.0
1785431457.824,17:10:57,timeslice,7,0.0,0,0,0.0
1785431458.824,17:10:58,timeslice,0,0.0,0,0,0.0
1785431458.824,17:10:58,timeslice,1,0.0,0,0,0.0
1785431458.824,17:10:58,timeslice,2,0.0,0,0,0.0
1785431458.824,17:10:58,timeslice,3,0.0,0,0,0.0
1785431458.824,17:10:58,timeslice,4,0.0,0,0,0.0
1785431458.824,17:10:58,timeslice,5,0.0,0,0,0.0
1785431458.824,17:10:58,timeslice,6,0.0,0,0,0.0
1785431458.824,17:10:58,timeslice,7,0.0,0,0,0.0
1785431459.824,17:10:59,timeslice,0,0.0,0,0,0.0
1785431459.824,17:10:59,timeslice,1,0.0,0,0,0.0
1785431459.824,17:10:59,timeslice,2,0.0,0,0,0.0
1785431459.824,17:10:59,timeslice,3,0.0,0,0,0.0
1785431459.824,17:10:59,timeslice,4,0.0,0,0,0.0
1785431459.824,17:10:59,timeslice,5,0.0,0,0,0.0
1785431459.824,17:10:59,timeslice,6,0.0,0,0,0.0
1785431459.824,17:10:59,timeslice,7,0.0,0,0,0.0
1785431460.824,17:11:00,timeslice,0,0.0,0,0,0.0
1785431460.824,17:11:00,timeslice,1,0.0,0,0,0.0
1785431460.824,17:11:00,timeslice,2,0.0,0,0,0.0
1785431460.824,17:11:00,timeslice,3,0.0,0,0,0.0
1785431460.824,17:11:00,timeslice,4,0.0,0,0,0.0
1785431460.824,17:11:00,timeslice,5,0.0,0,0,0.0
1785431460.824,17:11:00,timeslice,6,0.0,0,0,0.0
1785431460.824,17:11:00,timeslice,7,0.0,0,0,0.0
1785431461.824,17:11:01,timeslice,0,0.0,0,0,0.0
1785431461.824,17:11:01,timeslice,1,0.0,0,0,0.0
1785431461.824,17:11:01,timeslice,2,0.0,0,0,0.0
1785431461.824,17:11:01,timeslice,3,0.0,0,0,0.0
1785431461.824,17:11:01,timeslice,4,0.0,0,0,0.0
1785431461.824,17:11:01,timeslice,5,0.0,0,0,0.0
1785431461.824,17:11:01,timeslice,6,0.0,0,0,0.0
1785431461.824,17:11:01,timeslice,7,0.0,0,0,0.0
1785431462.824,17:11:02,timeslice,0,0.0,0,0,0.0
1785431462.824,17:11:02,timeslice,1,0.0,0,0,0.0
1785431462.824,17:11:02,timeslice,2,0.0,0,0,0.0
1785431462.824,17:11:02,timeslice,3,0.0,0,0,0.0
1785431462.824,17:11:02,timeslice,4,0.0,0,0,0.0
1785431462.824,17:11:02,timeslice,5,0.0,0,0,0.0
1785431462.824,17:11:02,timeslice,6,0.0,0,0,0.0
1785431462.824,17:11:02,timeslice,7,0.0,0,0,0.0
1785431463.825,17:11:03,timeslice,0,0.0,0,0,0.0
1785431463.825,17:11:03,timeslice,1,0.0,0,0,0.0
1785431463.825,17:11:03,timeslice,2,0.0,0,0,0.0
1785431463.825,17:11:03,timeslice,3,0.0,0,0,0.0
1785431463.825,17:11:03,timeslice,4,0.0,0,0,0.0
1785431463.825,17:11:03,timeslice,5,0.0,0,0,0.0
1785431463.825,17:11:03,timeslice,6,0.0,0,0,0.0
1785431463.825,17:11:03,timeslice,7,0.0,0,0,0.0
1785431464.825,17:11:04,timeslice,0,0.0,0,0,0.0
1785431464.825,17:11:04,timeslice,1,0.0,0,0,0.0
1785431464.825,17:11:04,timeslice,2,0.0,0,0,0.0
1785431464.825,17:11:04,timeslice,3,0.0,0,0,0.0
1785431464.825,17:11:04,timeslice,4,0.0,0,0,0.0
1785431464.825,17:11:04,timeslice,5,0.0,0,0,0.0
1785431464.825,17:11:04,timeslice,6,0.0,0,0,0.0
1785431464.825,17:11:04,timeslice,7,0.0,0,0,0.0
1785431465.825,17:11:05,timeslice,0,0.0,0,0,0.0
1785431465.825,17:11:05,timeslice,1,0.0,0,0,0.0
1785431465.825,17:11:05,timeslice,2,0.0,0,0,0.0
1785431465.825,17:11:05,timeslice,3,0.0,0,0,0.0
1785431465.825,17:11:05,timeslice,4,0.0,0,0,0.0
1785431465.825,17:11:05,timeslice,5,0.0,0,0,0.0
1785431465.825,17:11:05,timeslice,6,0.0,0,0,0.0
1785431465.825,17:11:05,timeslice,7,0.0,0,0,0.0
1785431466.825,17:11:06,timeslice,0,0.0,0,0,0.0
1785431466.825,17:11:06,timeslice,1,0.0,0,0,0.0
1785431466.825,17:11:06,timeslice,2,0.0,0,0,0.0
1785431466.825,17:11:06,timeslice,3,0.0,0,0,0.0
1785431466.825,17:11:06,timeslice,4,0.0,0,0,0.0
1785431466.825,17:11:06,timeslice,5,0.0,0,0,0.0
1785431466.825,17:11:06,timeslice,6,0.0,0,0,0.0
1785431466.825,17:11:06,timeslice,7,0.0,0,0,0.0
1785431467.825,17:11:07,timeslice,0,0.0,0,0,0.0
1785431467.825,17:11:07,timeslice,1,0.0,0,0,0.0
1785431467.825,17:11:07,timeslice,2,0.0,0,0,0.0
1785431467.825,17:11:07,timeslice,3,0.0,0,0,0.0
1785431467.825,17:11:07,timeslice,4,0.0,0,0,0.0
1785431467.825,17:11:07,timeslice,5,0.0,0,0,0.0
1785431467.825,17:11:07,timeslice,6,0.0,0,0,0.0
1785431467.825,17:11:07,timeslice,7,0.0,0,0,0.0
1785431468.825,17:11:08,timeslice,0,0.0,0,0,0.0
1785431468.825,17:11:08,timeslice,1,0.0,0,0,0.0
1785431468.825,17:11:08,timeslice,2,0.0,0,0,0.0
1785431468.825,17:11:08,timeslice,3,0.0,0,0,0.0
1785431468.825,17:11:08,timeslice,4,0.0,0,0,0.0
1785431468.825,17:11:08,timeslice,5,0.0,0,0,0.0
1785431468.825,17:11:08,timeslice,6,0.0,0,0,0.0
1785431468.825,17:11:08,timeslice,7,0.0,0,0,0.0
1785431469.825,17:11:09,timeslice,0,0.0,0,0,0.0
1785431469.825,17:11:09,timeslice,1,0.0,0,0,0.0
1785431469.825,17:11:09,timeslice,2,0.0,0,0,0.0
1785431469.825,17:11:09,timeslice,3,0.0,0,0,0.0
1785431469.825,17:11:09,timeslice,4,0.0,0,0,0.0
1785431469.825,17:11:09,timeslice,5,0.0,0,0,0.0
1785431469.825,17:11:09,timeslice,6,0.0,0,0,0.0
1785431469.825,17:11:09,timeslice,7,0.0,0,0,0.0
1785431470.825,17:11:10,timeslice,0,0.0,0,0,0.0
1785431470.825,17:11:10,timeslice,1,0.0,0,0,0.0
1785431470.825,17:11:10,timeslice,2,0.0,0,0,0.0
1785431470.825,17:11:10,timeslice,3,0.0,0,0,0.0
1785431470.825,17:11:10,timeslice,4,0.0,0,0,0.0
1785431470.825,17:11:10,timeslice,5,0.0,0,0,0.0
1785431470.825,17:11:10,timeslice,6,0.0,0,0,0.0
1785431470.825,17:11:10,timeslice,7,0.0,0,0,0.0
1785431471.826,17:11:11,timeslice,0,0.0,0,0,0.0
1785431471.826,17:11:11,timeslice,1,0.0,0,0,0.0
1785431471.826,17:11:11,timeslice,2,0.0,0,0,0.0
1785431471.826,17:11:11,timeslice,3,0.0,0,0,0.0
1785431471.826,17:11:11,timeslice,4,0.0,0,0,0.0
1785431471.826,17:11:11,timeslice,5,0.0,0,0,0.0
1785431471.826,17:11:11,timeslice,6,0.0,0,0,0.0
1785431471.826,17:11:11,timeslice,7,0.0,0,0,0.0
1785431472.826,17:11:12,timeslice,0,0.0,0,0,0.0
1785431472.826,17:11:12,timeslice,1,0.0,0,0,0.0
1785431472.826,17:11:12,timeslice,2,0.0,0,0,0.0
1785431472.826,17:11:12,timeslice,3,0.0,0,0,0.0
1785431472.826,17:11:12,timeslice,4,0.0,0,0,0.0
1785431472.826,17:11:12,timeslice,5,0.0,0,0,0.0
1785431472.826,17:11:12,timeslice,6,0.0,0,0,0.0
1785431472.826,17:11:12,timeslice,7,0.0,0,0,0.0
1785431473.826,17:11:13,timeslice,0,0.0,0,0,0.0
1785431473.826,17:11:13,timeslice,1,0.0,0,0,0.0
1785431473.826,17:11:13,timeslice,2,0.0,0,0,0.0
1785431473.826,17:11:13,timeslice,3,0.0,0,0,0.0
1785431473.826,17:11:13,timeslice,4,0.0,0,0,0.0
1785431473.826,17:11:13,timeslice,5,0.0,0,0,0.0
1785431473.826,17:11:13,timeslice,6,0.0,0,0,0.0
1785431473.826,17:11:13,timeslice,7,0.0,0,0,0.0
1785431474.826,17:11:14,timeslice,0,0.0,0,0,0.0
1785431474.826,17:11:14,timeslice,1,0.0,0,0,0.0
1785431474.826,17:11:14,timeslice,2,0.0,0,0,0.0
1785431474.826,17:11:14,timeslice,3,0.0,0,0,0.0
1785431474.826,17:11:14,timeslice,4,0.0,0,0,0.0
1785431474.826,17:11:14,timeslice,5,0.0,0,0,0.0
1785431474.826,17:11:14,timeslice,6,0.0,0,0,0.0
1785431474.826,17:11:14,timeslice,7,0.0,0,0,0.0
1785431475.826,17:11:15,timeslice,0,0.0,0,0,0.0
1785431475.826,17:11:15,timeslice,1,0.0,0,0,0.0
1785431475.826,17:11:15,timeslice,2,0.0,0,0,0.0
1785431475.826,17:11:15,timeslice,3,0.0,0,0,0.0
1785431475.826,17:11:15,timeslice,4,0.0,0,0,0.0
1785431475.826,17:11:15,timeslice,5,0.0,0,0,0.0
1785431475.826,17:11:15,timeslice,6,0.0,0,0,0.0
1785431475.826,17:11:15,timeslice,7,0.0,0,0,0.0
1785431476.858,17:11:16,timeslice,0,0.0,0,0,0.0
1785431476.858,17:11:16,timeslice,1,0.0,0,0,0.0
1785431476.858,17:11:16,timeslice,2,0.0,0,0,0.0
1785431476.858,17:11:16,timeslice,3,0.0,0,0,0.0
1785431476.858,17:11:16,timeslice,4,0.0,0,0,0.0
1785431476.858,17:11:16,timeslice,5,0.0,0,0,0.0
1785431476.858,17:11:16,timeslice,6,0.0,0,0,0.0
1785431476.858,17:11:16,timeslice,7,0.0,0,0,0.0
1785431477.858,17:11:17,timeslice,0,0.0,0,0,0.0
1785431477.858,17:11:17,timeslice,1,0.0,0,0,0.0
1785431477.858,17:11:17,timeslice,2,0.0,0,0,0.0
1785431477.858,17:11:17,timeslice,3,0.0,0,0,0.0
1785431477.858,17:11:17,timeslice,4,0.0,0,0,0.0
1785431477.858,17:11:17,timeslice,5,0.0,0,0,0.0
1785431477.858,17:11:17,timeslice,6,0.0,0,0,0.0
1785431477.858,17:11:17,timeslice,7,0.0,0,0,0.0
1785431478.858,17:11:18,timeslice,0,0.0,0,0,0.0
1785431478.858,17:11:18,timeslice,1,0.0,0,0,0.0
1785431478.858,17:11:18,timeslice,2,0.0,0,0,0.0
1785431478.858,17:11:18,timeslice,3,0.0,0,0,0.0
1785431478.858,17:11:18,timeslice,4,0.0,0,0,0.0
1785431478.858,17:11:18,timeslice,5,0.0,0,0,0.0
1785431478.858,17:11:18,timeslice,6,0.0,0,0,0.0
1785431478.858,17:11:18,timeslice,7,0.0,0,0,0.0
1785431479.858,17:11:19,timeslice,0,0.0,0,0,0.0
1785431479.858,17:11:19,timeslice,1,0.0,0,0,0.0
1785431479.858,17:11:19,timeslice,2,0.0,0,0,0.0
1785431479.858,17:11:19,timeslice,3,0.0,0,0,0.0
1785431479.858,17:11:19,timeslice,4,0.0,0,0,0.0
1785431479.858,17:11:19,timeslice,5,0.0,0,0,0.0
1785431479.858,17:11:19,timeslice,6,0.0,0,0,0.0
1785431479.858,17:11:19,timeslice,7,0.0,0,0,0.0
1785431480.858,17:11:20,timeslice,0,0.0,0,0,0.0
1785431480.858,17:11:20,timeslice,1,0.0,0,0,0.0
1785431480.858,17:11:20,timeslice,2,0.0,0,0,0.0
1785431480.858,17:11:20,timeslice,3,0.0,0,0,0.0
1785431480.858,17:11:20,timeslice,4,0.0,0,0,0.0
1785431480.858,17:11:20,timeslice,5,0.0,0,0,0.0
1785431480.858,17:11:20,timeslice,6,0.0,0,0,0.0
1785431480.858,17:11:20,timeslice,7,0.0,0,0,0.0
1785431481.858,17:11:21,timeslice,0,0.0,0,0,0.0
1785431481.858,17:11:21,timeslice,1,0.0,0,0,0.0
1785431481.858,17:11:21,timeslice,2,0.0,0,0,0.0
1785431481.858,17:11:21,timeslice,3,0.0,0,0,0.0
1785431481.858,17:11:21,timeslice,4,0.0,0,0,0.0
1785431481.858,17:11:21,timeslice,5,0.0,0,0,0.0
1785431481.858,17:11:21,timeslice,6,0.0,0,0,0.0
1785431481.858,17:11:21,timeslice,7,0.0,0,0,0.0
1785431482.858,17:11:22,timeslice,0,0.0,0,0,0.0
1785431482.858,17:11:22,timeslice,1,0.0,0,0,0.0
1785431482.858,17:11:22,timeslice,2,0.0,0,0,0.0
1785431482.858,17:11:22,timeslice,3,0.0,0,0,0.0
1785431482.858,17:11:22,timeslice,4,0.0,0,0,0.0
1785431482.858,17:11:22,timeslice,5,0.0,0,0,0.0
1785431482.858,17:11:22,timeslice,6,0.0,0,0,0.0
1785431482.858,17:11:22,timeslice,7,0.0,0,0,0.0
1785431483.858,17:11:23,timeslice,0,0.0,0,0,0.0
1785431483.858,17:11:23,timeslice,1,0.0,0,0,0.0
1785431483.858,17:11:23,timeslice,2,0.0,0,0,0.0
1785431483.858,17:11:23,timeslice,3,0.0,0,0,0.0
1785431483.858,17:11:23,timeslice,4,0.0,0,0,0.0
1785431483.858,17:11:23,timeslice,5,0.0,0,0,0.0
1785431483.858,17:11:23,timeslice,6,0.0,0,0,0.0
1785431483.858,17:11:23,timeslice,7,0.0,0,0,0.0
1785431484.858,17:11:24,timeslice,0,0.0,0,0,0.0
1785431484.858,17:11:24,timeslice,1,0.0,0,0,0.0
1785431484.858,17:11:24,timeslice,2,0.0,0,0,0.0
1785431484.858,17:11:24,timeslice,3,0.0,0,0,0.0
1785431484.858,17:11:24,timeslice,4,0.0,0,0,0.0
1785431484.858,17:11:24,timeslice,5,0.0,0,0,0.0
1785431484.858,17:11:24,timeslice,6,0.0,0,0,0.0
1785431484.858,17:11:24,timeslice,7,0.0,0,0,0.0
1785431485.859,17:11:25,timeslice,0,0.0,0,0,0.0
1785431485.859,17:11:25,timeslice,1,0.0,0,0,0.0
1785431485.859,17:11:25,timeslice,2,0.0,0,0,0.0
1785431485.859,17:11:25,timeslice,3,0.0,0,0,0.0
1785431485.859,17:11:25,timeslice,4,0.0,0,0,0.0
1785431485.859,17:11:25,timeslice,5,0.0,0,0,0.0
1785431485.859,17:11:25,timeslice,6,0.0,0,0,0.0
1785431485.859,17:11:25,timeslice,7,0.0,0,0,0.0
1785431486.859,17:11:26,timeslice,0,0.0,0,0,0.0
1785431486.859,17:11:26,timeslice,1,0.0,0,0,0.0
1785431486.859,17:11:26,timeslice,2,0.0,0,0,0.0
1785431486.859,17:11:26,timeslice,3,0.0,0,0,0.0
1785431486.859,17:11:26,timeslice,4,0.0,0,0,0.0
1785431486.859,17:11:26,timeslice,5,0.0,0,0,0.0
1785431486.859,17:11:26,timeslice,6,0.0,0,0,0.0
1785431486.859,17:11:26,timeslice,7,0.0,0,0,0.0
1785431487.859,17:11:27,timeslice,0,0.0,0,0,0.0
1785431487.859,17:11:27,timeslice,1,0.0,0,0,0.0
1785431487.859,17:11:27,timeslice,2,0.0,0,0,0.0
1785431487.859,17:11:27,timeslice,3,0.0,0,0,0.0
1785431487.859,17:11:27,timeslice,4,0.0,0,0,0.0
1785431487.859,17:11:27,timeslice,5,0.0,0,0,0.0
1785431487.859,17:11:27,timeslice,6,0.0,0,0,0.0
1785431487.859,17:11:27,timeslice,7,0.0,0,0,0.0
1785431488.859,17:11:28,timeslice,0,0.0,0,0,0.0
1785431488.859,17:11:28,timeslice,1,0.0,0,0,0.0
1785431488.859,17:11:28,timeslice,2,0.0,0,0,0.0
1785431488.859,17:11:28,timeslice,3,0.0,0,0,0.0
1785431488.859,17:11:28,timeslice,4,0.0,0,0,0.0
1785431488.859,17:11:28,timeslice,5,0.0,0,0,0.0
1785431488.859,17:11:28,timeslice,6,0.0,0,0,0.0
1785431488.859,17:11:28,timeslice,7,0.0,0,0,0.0
1785431489.859,17:11:29,timeslice,0,0.0,0,0,0.0
1785431489.859,17:11:29,timeslice,1,0.0,0,0,0.0
1785431489.859,17:11:29,timeslice,2,0.0,0,0,0.0
1785431489.859,17:11:29,timeslice,3,0.0,0,0,0.0
1785431489.859,17:11:29,timeslice,4,0.0,0,0,0.0
1785431489.859,17:11:29,timeslice,5,0.0,0,0,0.0
1785431489.859,17:11:29,timeslice,6,0.0,0,0,0.0
1785431489.859,17:11:29,timeslice,7,0.0,0,0,0.0
1785431490.859,17:11:30,timeslice,0,0.0,0,0,0.0
1785431490.859,17:11:30,timeslice,1,0.0,0,0,0.0
1785431490.859,17:11:30,timeslice,2,0.0,0,0,0.0
1785431490.859,17:11:30,timeslice,3,0.0,0,0,0.0
1785431490.859,17:11:30,timeslice,4,0.0,0,0,0.0
1785431490.859,17:11:30,timeslice,5,0.0,0,0,0.0
1785431490.859,17:11:30,timeslice,6,0.0,0,0,0.0
1785431490.859,17:11:30,timeslice,7,0.0,0,0,0.0
1785431491.859,17:11:31,timeslice,0,0.0,0,0,0.0
1785431491.859,17:11:31,timeslice,1,0.0,0,0,0.0
1785431491.859,17:11:31,timeslice,2,0.0,0,0,0.0
1785431491.859,17:11:31,timeslice,3,0.0,0,0,0.0
1785431491.859,17:11:31,timeslice,4,0.0,0,0,0.0
1785431491.859,17:11:31,timeslice,5,0.0,0,0,0.0
1785431491.859,17:11:31,timeslice,6,0.0,0,0,0.0
1785431491.859,17:11:31,timeslice,7,0.0,0,0,0.0
1785431492.859,17:11:32,timeslice,0,0.0,0,0,0.0
1785431492.859,17:11:32,timeslice,1,0.0,0,0,0.0
1785431492.859,17:11:32,timeslice,2,0.0,0,0,0.0
1785431492.859,17:11:32,timeslice,3,0.0,0,0,0.0
1785431492.859,17:11:32,timeslice,4,0.0,0,0,0.0
1785431492.859,17:11:32,timeslice,5,0.0,0,0,0.0
1785431492.859,17:11:32,timeslice,6,0.0,0,0,0.0
1785431492.859,17:11:32,timeslice,7,0.0,0,0,0.0
1785431493.86,17:11:33,timeslice,0,0.0,0,0,0.0
1785431493.86,17:11:33,timeslice,1,0.0,0,0,0.0
1785431493.86,17:11:33,timeslice,2,0.0,0,0,0.0
1785431493.86,17:11:33,timeslice,3,0.0,0,0,0.0
1785431493.86,17:11:33,timeslice,4,0.0,0,0,0.0
1785431493.86,17:11:33,timeslice,5,0.0,0,0,0.0
1785431493.86,17:11:33,timeslice,6,0.0,0,0,0.0
1785431493.86,17:11:33,timeslice,7,0.0,0,0,0.0
1785431494.86,17:11:34,timeslice,0,0.0,0,0,0.0
1785431494.86,17:11:34,timeslice,1,0.0,0,0,0.0
1785431494.86,17:11:34,timeslice,2,0.0,0,0,0.0
1785431494.86,17:11:34,timeslice,3,0.0,0,0,0.0
1785431494.86,17:11:34,timeslice,4,0.0,0,0,0.0
1785431494.86,17:11:34,timeslice,5,0.0,0,0,0.0
1785431494.86,17:11:34,timeslice,6,0.0,0,0,0.0
1785431494.86,17:11:34,timeslice,7,0.0,0,0,0.0
1785431495.86,17:11:35,timeslice,0,0.0,0,0,0.0
1785431495.86,17:11:35,timeslice,1,0.0,0,0,0.0
1785431495.86,17:11:35,timeslice,2,0.0,0,0,0.0
1785431495.86,17:11:35,timeslice,3,0.0,0,0,0.0
1785431495.86,17:11:35,timeslice,4,0.0,0,0,0.0
1785431495.86,17:11:35,timeslice,5,0.0,0,0,0.0
1785431495.86,17:11:35,timeslice,6,0.0,0,0,0.0
1785431495.86,17:11:35,timeslice,7,0.0,0,0,0.0
1785431496.86,17:11:36,timeslice,0,0.0,0,0,0.0
1785431496.86,17:11:36,timeslice,1,0.0,0,0,0.0
1785431496.86,17:11:36,timeslice,2,0.0,0,0,0.0
1785431496.86,17:11:36,timeslice,3,0.0,0,0,0.0
1785431496.86,17:11:36,timeslice,4,0.0,0,0,0.0
1785431496.86,17:11:36,timeslice,5,0.0,0,0,0.0
1785431496.86,17:11:36,timeslice,6,0.0,0,0,0.0
1785431496.86,17:11:36,timeslice,7,0.0,0,0,0.0
1785431497.86,17:11:37,timeslice,0,0.0,0,0,0.0
1785431497.86,17:11:37,timeslice,1,0.0,0,0,0.0
1785431497.86,17:11:37,timeslice,2,0.0,0,0,0.0
1785431497.86,17:11:37,timeslice,3,0.0,0,0,0.0
1785431497.86,17:11:37,timeslice,4,0.0,0,0,0.0
1785431497.86,17:11:37,timeslice,5,0.0,0,0,0.0
1785431497.86,17:11:37,timeslice,6,0.0,0,0,0.0
1785431497.86,17:11:37,timeslice,7,0.0,0,0,0.0
1785431498.86,17:11:38,timeslice,0,0.0,0,0,0.0
1785431498.86,17:11:38,timeslice,1,0.0,0,0,0.0
1785431498.86,17:11:38,timeslice,2,0.0,0,0,0.0
1785431498.86,17:11:38,timeslice,3,0.0,0,0,0.0
1785431498.86,17:11:38,timeslice,4,0.0,0,0,0.0
1785431498.86,17:11:38,timeslice,5,0.0,0,0,0.0
1785431498.86,17:11:38,timeslice,6,0.0,0,0,0.0
1785431498.86,17:11:38,timeslice,7,0.0,0,0,0.0
1785431499.86,17:11:39,timeslice,0,0.0,0,0,0.0
1785431499.86,17:11:39,timeslice,1,0.0,0,0,0.0
1785431499.86,17:11:39,timeslice,2,0.0,0,0,0.0
1785431499.86,17:11:39,timeslice,3,0.0,0,0,0.0
1785431499.86,17:11:39,timeslice,4,0.0,0,0,0.0
1785431499.86,17:11:39,timeslice,5,0.0,0,0,0.0
1785431499.86,17:11:39,timeslice,6,0.0,0,0,0.0
1785431499.86,17:11:39,timeslice,7,0.0,0,0,0.0
1785431500.86,17:11:40,timeslice,0,0.0,0,0,0.0
1785431500.86,17:11:40,timeslice,1,0.0,0,0,0.0
1785431500.86,17:11:40,timeslice,2,0.0,0,0,0.0
1785431500.86,17:11:40,timeslice,3,0.0,0,0,0.0
1785431500.86,17:11:40,timeslice,4,0.0,0,0,0.0
1785431500.86,17:11:40,timeslice,5,0.0,0,0,0.0
1785431500.86,17:11:40,timeslice,6,0.0,0,0,0.0
1785431500.86,17:11:40,timeslice,7,0.0,0,0,0.0
1785431501.861,17:11:41,timeslice,0,0.0,0,0,0.0
1785431501.861,17:11:41,timeslice,1,0.0,0,0,0.0
1785431501.861,17:11:41,timeslice,2,0.0,0,0,0.0
1785431501.861,17:11:41,timeslice,3,0.0,0,0,0.0
1785431501.861,17:11:41,timeslice,4,0.0,0,0,0.0
1785431501.861,17:11:41,timeslice,5,0.0,0,0,0.0
1785431501.861,17:11:41,timeslice,6,0.0,0,0,0.0
1785431501.861,17:11:41,timeslice,7,0.0,0,0,0.0
1785431502.861,17:11:42,timeslice,0,0.0,0,0,0.0
1785431502.861,17:11:42,timeslice,1,0.0,0,0,0.0
1785431502.861,17:11:42,timeslice,2,0.0,0,0,0.0
1785431502.861,17:11:42,timeslice,3,0.0,0,0,0.0
1785431502.861,17:11:42,timeslice,4,0.0,0,0,0.0
1785431502.861,17:11:42,timeslice,5,0.0,0,0,0.0
1785431502.861,17:11:42,timeslice,6,0.0,0,0,0.0
1785431502.861,17:11:42,timeslice,7,0.0,0,0,0.0
1785431503.861,17:11:43,timeslice,0,0.0,0,0,0.0
1785431503.861,17:11:43,timeslice,1,0.0,0,0,0.0
1785431503.861,17:11:43,timeslice,2,0.0,0,0,0.0
1785431503.861,17:11:43,timeslice,3,0.0,0,0,0.0
1785431503.861,17:11:43,timeslice,4,0.0,0,0,0.0
1785431503.861,17:11:43,timeslice,5,0.0,0,0,0.0
1785431503.861,17:11:43,timeslice,6,0.0,0,0,0.0
1785431503.861,17:11:43,timeslice,7,0.0,0,0,0.0
1785431504.861,17:11:44,timeslice,0,0.0,0,0,0.0
1785431504.861,17:11:44,timeslice,1,0.0,0,0,0.0
1785431504.861,17:11:44,timeslice,2,0.0,0,0,0.0
1785431504.861,17:11:44,timeslice,3,0.0,0,0,0.0
1785431504.861,17:11:44,timeslice,4,0.0,0,0,0.0
1785431504.861,17:11:44,timeslice,5,0.0,0,0,0.0
1785431504.861,17:11:44,timeslice,6,0.0,0,0,0.0
1785431504.861,17:11:44,timeslice,7,0.0,0,0,0.0
1785431505.861,17:11:45,timeslice,0,0.0,0,0,0.0
1785431505.861,17:11:45,timeslice,1,0.0,0,0,0.0
1785431505.861,17:11:45,timeslice,2,0.0,0,0,0.0
1785431505.861,17:11:45,timeslice,3,0.0,0,0,0.0
1785431505.861,17:11:45,timeslice,4,0.0,0,0,0.0
1785431505.861,17:11:45,timeslice,5,0.0,0,0,0.0
1785431505.861,17:11:45,timeslice,6,0.0,0,0,0.0
1785431505.861,17:11:45,timeslice,7,0.0,0,0,0.0
1785431506.861,17:11:46,timeslice,0,0.0,0,0,0.0
1785431506.861,17:11:46,timeslice,1,0.0,0,0,0.0
1785431506.861,17:11:46,timeslice,2,0.0,0,0,0.0
1785431506.861,17:11:46,timeslice,3,0.0,0,0,0.0
1785431506.861,17:11:46,timeslice,4,0.0,0,0,0.0
1785431506.861,17:11:46,timeslice,5,0.0,0,0,0.0
1785431506.861,17:11:46,timeslice,6,0.0,0,0,0.0
1785431506.861,17:11:46,timeslice,7,0.0,0,0,0.0
1785431507.861,17:11:47,timeslice,0,0.0,0,0,0.0
1785431507.861,17:11:47,timeslice,1,0.0,0,0,0.0
1785431507.861,17:11:47,timeslice,2,0.0,0,0,0.0
1785431507.861,17:11:47,timeslice,3,0.0,0,0,0.0
1785431507.861,17:11:47,timeslice,4,0.0,0,0,0.0
1785431507.861,17:11:47,timeslice,5,0.0,0,0,0.0
1785431507.861,17:11:47,timeslice,6,0.0,0,0,0.0
1785431507.861,17:11:47,timeslice,7,0.0,0,0,0.0
1785431508.861,17:11:48,timeslice,0,0.0,0,0,0.0
1785431508.861,17:11:48,timeslice,1,0.0,0,0,0.0
1785431508.861,17:11:48,timeslice,2,0.0,0,0,0.0
1785431508.861,17:11:48,timeslice,3,0.0,0,0,0.0
1785431508.861,17:11:48,timeslice,4,0.0,0,0,0.0
1785431508.861,17:11:48,timeslice,5,0.0,0,0,0.0
1785431508.861,17:11:48,timeslice,6,0.0,0,0,0.0
1785431508.861,17:11:48,timeslice,7,0.0,0,0,0.0
1785431509.865,17:11:49,timeslice,0,0.0,0,0,0.0
1785431509.865,17:11:49,timeslice,1,0.0,0,0,0.0
1785431509.865,17:11:49,timeslice,2,0.0,0,0,0.0
1785431509.865,17:11:49,timeslice,3,0.0,0,0,0.0
1785431509.865,17:11:49,timeslice,4,0.0,0,0,0.0
1785431509.865,17:11:49,timeslice,5,0.0,0,0,0.0
1785431509.865,17:11:49,timeslice,6,0.0,0,0,0.0
1785431509.865,17:11:49,timeslice,7,0.0,0,0,0.0
1785431510.865,17:11:50,timeslice,0,0.0,0,0,0.0
1785431510.865,17:11:50,timeslice,1,0.0,0,0,0.0
1785431510.865,17:11:50,timeslice,2,0.0,0,0,0.0
1785431510.865,17:11:50,timeslice,3,0.0,0,0,0.0
1785431510.865,17:11:50,timeslice,4,0.0,0,0,0.0
1785431510.865,17:11:50,timeslice,5,0.0,0,0,0.0
1785431510.865,17:11:50,timeslice,6,0.0,0,0,0.0
1785431510.865,17:11:50,timeslice,7,0.0,0,0,0.0
1785431511.865,17:11:51,timeslice,0,0.0,0,0,0.0
1785431511.865,17:11:51,timeslice,1,0.0,0,0,0.0
1785431511.865,17:11:51,timeslice,2,0.0,0,0,0.0
1785431511.865,17:11:51,timeslice,3,0.0,0,0,0.0
1785431511.865,17:11:51,timeslice,4,0.0,0,0,0.0
1785431511.865,17:11:51,timeslice,5,0.0,0,0,0.0
1785431511.865,17:11:51,timeslice,6,0.0,0,0,0.0
1785431511.865,17:11:51,timeslice,7,0.0,0,0,0.0
1785431512.865,17:11:52,timeslice,0,0.0,5270,16126,32.7
1785431512.865,17:11:52,timeslice,1,0.0,5270,16126,32.7
1785431512.865,17:11:52,timeslice,2,0.0,5270,16126,32.7
1785431512.865,17:11:52,timeslice,3,0.0,5270,16126,32.7
1785431512.865,17:11:52,timeslice,4,0.0,5270,16126,32.7
1785431512.865,17:11:52,timeslice,5,0.0,5270,16126,32.7
1785431512.865,17:11:52,timeslice,6,0.0,5270,16126,32.7
1785431512.865,17:11:52,timeslice,7,0.0,5271,16126,32.7
1785431513.865,17:11:53,timeslice,0,0.0,5270,16126,32.7
1785431513.865,17:11:53,timeslice,1,0.0,5270,16126,32.7
1785431513.865,17:11:53,timeslice,2,0.0,5270,16126,32.7
1785431513.865,17:11:53,timeslice,3,0.0,5270,16126,32.7
1785431513.865,17:11:53,timeslice,4,0.0,5270,16126,32.7
1785431513.865,17:11:53,timeslice,5,0.0,5270,16126,32.7
1785431513.865,17:11:53,timeslice,6,0.0,5270,16126,32.7
1785431513.865,17:11:53,timeslice,7,0.0,5271,16126,32.7
1785431514.865,17:11:54,timeslice,0,0.0,5270,16126,32.7
1785431514.865,17:11:54,timeslice,1,0.0,5270,16126,32.7
1785431514.865,17:11:54,timeslice,2,0.0,5270,16126,32.7
1785431514.865,17:11:54,timeslice,3,0.0,5270,16126,32.7
1785431514.865,17:11:54,timeslice,4,0.0,5270,16126,32.7
1785431514.865,17:11:54,timeslice,5,0.0,5270,16126,32.7
1785431514.865,17:11:54,timeslice,6,0.0,5270,16126,32.7
1785431514.865,17:11:54,timeslice,7,0.0,5271,16126,32.7
1785431515.866,17:11:55,timeslice,0,0.0,5270,16126,32.7
1785431515.866,17:11:55,timeslice,1,0.0,5270,16126,32.7
1785431515.866,17:11:55,timeslice,2,0.0,5270,16126,32.7
1785431515.866,17:11:55,timeslice,3,0.0,5270,16126,32.7
1785431515.866,17:11:55,timeslice,4,0.0,5270,16126,32.7
1785431515.866,17:11:55,timeslice,5,0.0,5270,16126,32.7
1785431515.866,17:11:55,timeslice,6,0.0,5270,16126,32.7
1785431515.866,17:11:55,timeslice,7,0.0,5271,16126,32.7
1785431516.866,17:11:56,timeslice,0,71.7,8072,16126,50.1
1785431516.866,17:11:56,timeslice,1,71.9,8006,16126,49.6
1785431516.866,17:11:56,timeslice,2,72.7,8006,16126,49.6
1785431516.866,17:11:56,timeslice,3,72.3,8072,16126,50.1
1785431516.866,17:11:56,timeslice,4,72.2,7952,16126,49.3
1785431516.866,17:11:56,timeslice,5,70.2,8417,16126,52.2
1785431516.866,17:11:56,timeslice,6,61.9,8441,16126,52.3
1785431516.866,17:11:56,timeslice,7,71.4,8257,16126,51.2
1785431517.866,17:11:57,timeslice,0,71.7,8072,16126,50.1
1785431517.866,17:11:57,timeslice,1,71.9,8006,16126,49.6
1785431517.866,17:11:57,timeslice,2,72.7,8006,16126,49.6
1785431517.866,17:11:57,timeslice,3,72.3,8072,16126,50.1
1785431517.866,17:11:57,timeslice,4,72.2,7952,16126,49.3
1785431517.866,17:11:57,timeslice,5,70.2,8417,16126,52.2
1785431517.866,17:11:57,timeslice,6,61.9,8441,16126,52.3
1785431517.866,17:11:57,timeslice,7,71.4,8257,16126,51.2
1785431518.866,17:11:58,timeslice,0,71.7,8072,16126,50.1
1785431518.866,17:11:58,timeslice,1,71.9,8006,16126,49.6
1785431518.866,17:11:58,timeslice,2,72.7,8006,16126,49.6
1785431518.866,17:11:58,timeslice,3,72.3,8072,16126,50.1
1785431518.866,17:11:58,timeslice,4,72.2,7952,16126,49.3
1785431518.866,17:11:58,timeslice,5,70.2,8417,16126,52.2
1785431518.866,17:11:58,timeslice,6,61.9,8441,16126,52.3
1785431518.866,17:11:58,timeslice,7,71.4,8257,16126,51.2
1785431519.866,17:11:59,timeslice,0,71.7,8072,16126,50.1
1785431519.866,17:11:59,timeslice,1,71.9,8006,16126,49.6
1785431519.866,17:11:59,timeslice,2,72.7,8006,16126,49.6
1785431519.866,17:11:59,timeslice,3,72.3,8072,16126,50.1
1785431519.866,17:11:59,timeslice,4,72.2,7952,16126,49.3
1785431519.866,17:11:59,timeslice,5,70.2,8417,16126,52.2
1785431519.866,17:11:59,timeslice,6,61.9,8441,16126,52.3
1785431519.866,17:11:59,timeslice,7,71.4,8257,16126,51.2
1785431520.866,17:12:00,timeslice,0,71.7,8072,16126,50.1
1785431520.866,17:12:00,timeslice,1,71.9,8006,16126,49.6
1785431520.866,17:12:00,timeslice,2,72.7,8006,16126,49.6
1785431520.866,17:12:00,timeslice,3,72.3,8072,16126,50.1
1785431520.866,17:12:00,timeslice,4,72.2,7952,16126,49.3
1785431520.866,17:12:00,timeslice,5,70.2,8417,16126,52.2
1785431520.866,17:12:00,timeslice,6,61.9,8441,16126,52.3
1785431520.866,17:12:00,timeslice,7,71.4,8257,16126,51.2
1785431521.866,17:12:01,timeslice,0,94.2,9639,16126,59.8
1785431521.866,17:12:01,timeslice,1,94.1,8041,16126,49.9
1785431521.866,17:12:01,timeslice,2,84.3,9639,16126,59.8
1785431521.866,17:12:01,timeslice,3,93.0,7644,16126,47.4
1785431521.866,17:12:01,timeslice,4,93.9,7337,16126,45.5
1785431521.866,17:12:01,timeslice,5,93.2,7734,16126,48.0
1785431521.866,17:12:01,timeslice,6,93.5,7927,16126,49.2
1785431521.866,17:12:01,timeslice,7,93.3,8001,16126,49.6
1785431522.866,17:12:02,timeslice,0,94.2,9639,16126,59.8
1785431522.866,17:12:02,timeslice,1,94.1,8041,16126,49.9
1785431522.866,17:12:02,timeslice,2,84.3,9639,16126,59.8
1785431522.866,17:12:02,timeslice,3,93.0,7644,16126,47.4
1785431522.866,17:12:02,timeslice,4,93.9,7337,16126,45.5
1785431522.866,17:12:02,timeslice,5,93.2,7734,16126,48.0
1785431522.866,17:12:02,timeslice,6,93.5,7927,16126,49.2
1785431522.866,17:12:02,timeslice,7,93.3,8001,16126,49.6
1785431523.866,17:12:03,timeslice,0,94.2,9639,16126,59.8
1785431523.866,17:12:03,timeslice,1,94.1,8041,16126,49.9
1785431523.866,17:12:03,timeslice,2,84.3,9639,16126,59.8
1785431523.866,17:12:03,timeslice,3,93.0,7644,16126,47.4
1785431523.866,17:12:03,timeslice,4,93.9,7337,16126,45.5
1785431523.866,17:12:03,timeslice,5,93.2,7734,16126,48.0
1785431523.866,17:12:03,timeslice,6,93.5,7927,16126,49.2
1785431523.866,17:12:03,timeslice,7,93.3,8001,16126,49.6
1785431524.867,17:12:04,timeslice,0,94.2,9639,16126,59.8
1785431524.867,17:12:04,timeslice,1,94.1,8041,16126,49.9
1785431524.867,17:12:04,timeslice,2,84.3,9639,16126,59.8
1785431524.867,17:12:04,timeslice,3,93.0,7644,16126,47.4
1785431524.867,17:12:04,timeslice,4,93.9,7337,16126,45.5
1785431524.867,17:12:04,timeslice,5,93.2,7734,16126,48.0
1785431524.867,17:12:04,timeslice,6,93.5,7927,16126,49.2
1785431524.867,17:12:04,timeslice,7,93.3,8001,16126,49.6
1785431525.867,17:12:05,timeslice,0,94.2,9639,16126,59.8
1785431525.867,17:12:05,timeslice,1,94.1,8041,16126,49.9
1785431525.867,17:12:05,timeslice,2,84.3,9639,16126,59.8
1785431525.867,17:12:05,timeslice,3,93.0,7644,16126,47.4
1785431525.867,17:12:05,timeslice,4,93.9,7337,16126,45.5
1785431525.867,17:12:05,timeslice,5,93.2,7734,16126,48.0
1785431525.867,17:12:05,timeslice,6,93.5,7927,16126,49.2
1785431525.867,17:12:05,timeslice,7,93.3,8001,16126,49.6
1785431526.867,17:12:06,timeslice,0,94.2,11223,16126,69.6
1785431526.867,17:12:06,timeslice,1,95.3,11193,16126,69.4
1785431526.867,17:12:06,timeslice,2,97.0,11187,16126,69.4
1785431526.867,17:12:06,timeslice,3,95.3,11181,16126,69.3
1785431526.867,17:12:06,timeslice,4,88.1,11181,16126,69.3
1785431526.867,17:12:06,timeslice,5,95.1,11163,16126,69.2
1785431526.867,17:12:06,timeslice,6,95.2,11157,16126,69.2
1785431526.867,17:12:06,timeslice,7,93.7,11218,16126,69.6
1785431527.867,17:12:07,timeslice,0,94.2,11223,16126,69.6
1785431527.867,17:12:07,timeslice,1,95.3,11193,16126,69.4
1785431527.867,17:12:07,timeslice,2,97.0,11187,16126,69.4
1785431527.867,17:12:07,timeslice,3,95.3,11181,16126,69.3
1785431527.867,17:12:07,timeslice,4,88.1,11181,16126,69.3
1785431527.867,17:12:07,timeslice,5,95.1,11163,16126,69.2
1785431527.867,17:12:07,timeslice,6,95.2,11157,16126,69.2
1785431527.867,17:12:07,timeslice,7,93.7,11218,16126,69.6
1785431528.867,17:12:08,timeslice,0,94.2,11223,16126,69.6
1785431528.867,17:12:08,timeslice,1,95.3,11193,16126,69.4
1785431528.867,17:12:08,timeslice,2,97.0,11187,16126,69.4
1785431528.867,17:12:08,timeslice,3,95.3,11181,16126,69.3
1785431528.867,17:12:08,timeslice,4,88.1,11181,16126,69.3
1785431528.867,17:12:08,timeslice,5,95.1,11163,16126,69.2
1785431528.867,17:12:08,timeslice,6,95.2,11157,16126,69.2
1785431528.867,17:12:08,timeslice,7,93.7,11218,16126,69.6
1785431529.867,17:12:09,timeslice,0,94.2,11223,16126,69.6
1785431529.867,17:12:09,timeslice,1,95.3,11193,16126,69.4
1785431529.867,17:12:09,timeslice,2,97.0,11187,16126,69.4
1785431529.867,17:12:09,timeslice,3,95.3,11181,16126,69.3
1785431529.867,17:12:09,timeslice,4,88.1,11181,16126,69.3
1785431529.867,17:12:09,timeslice,5,95.1,11163,16126,69.2
1785431529.867,17:12:09,timeslice,6,95.2,11157,16126,69.2
1785431529.867,17:12:09,timeslice,7,93.7,11218,16126,69.6
1785431530.867,17:12:10,timeslice,0,94.2,11223,16126,69.6
1785431530.867,17:12:10,timeslice,1,95.3,11193,16126,69.4
1785431530.867,17:12:10,timeslice,2,97.0,11187,16126,69.4
1785431530.867,17:12:10,timeslice,3,95.3,11181,16126,69.3
1785431530.867,17:12:10,timeslice,4,88.1,11181,16126,69.3
1785431530.867,17:12:10,timeslice,5,95.1,11163,16126,69.2
1785431530.867,17:12:10,timeslice,6,95.2,11157,16126,69.2
1785431530.867,17:12:10,timeslice,7,93.7,11218,16126,69.6
1785431531.867,17:12:11,timeslice,0,89.6,8351,16126,51.8
1785431531.867,17:12:11,timeslice,1,96.8,8319,16126,51.6
1785431531.867,17:12:11,timeslice,2,96.8,8692,16126,53.9
1785431531.867,17:12:11,timeslice,3,93.2,8728,16126,54.1
1785431531.867,17:12:11,timeslice,4,95.6,8698,16126,53.9
1785431531.867,17:12:11,timeslice,5,95.0,8806,16126,54.6
1785431531.867,17:12:11,timeslice,6,95.9,8319,16126,51.6
1785431531.867,17:12:11,timeslice,7,88.4,8783,16126,54.5
1785431532.867,17:12:12,timeslice,0,89.6,8351,16126,51.8
1785431532.867,17:12:12,timeslice,1,96.8,8319,16126,51.6
1785431532.867,17:12:12,timeslice,2,96.8,8692,16126,53.9
1785431532.867,17:12:12,timeslice,3,93.2,8728,16126,54.1
1785431532.867,17:12:12,timeslice,4,95.6,8698,16126,53.9
1785431532.867,17:12:12,timeslice,5,95.0,8806,16126,54.6
1785431532.867,17:12:12,timeslice,6,95.9,8319,16126,51.6
1785431532.867,17:12:12,timeslice,7,88.4,8783,16126,54.5
1785431533.868,17:12:13,timeslice,0,89.6,8351,16126,51.8
1785431533.868,17:12:13,timeslice,1,96.8,8319,16126,51.6
1785431533.868,17:12:13,timeslice,2,96.8,8692,16126,53.9
1785431533.868,17:12:13,timeslice,3,93.2,8728,16126,54.1
1785431533.868,17:12:13,timeslice,4,95.6,8698,16126,53.9
1785431533.868,17:12:13,timeslice,5,95.0,8806,16126,54.6
1785431533.868,17:12:13,timeslice,6,95.9,8319,16126,51.6
1785431533.868,17:12:13,timeslice,7,88.4,8783,16126,54.5
1785431534.868,17:12:14,timeslice,0,89.6,8351,16126,51.8
1785431534.868,17:12:14,timeslice,1,96.8,8319,16126,51.6
1785431534.868,17:12:14,timeslice,2,96.8,8692,16126,53.9
1785431534.868,17:12:14,timeslice,3,93.2,8728,16126,54.1
1785431534.868,17:12:14,timeslice,4,95.6,8698,16126,53.9
1785431534.868,17:12:14,timeslice,5,95.0,8806,16126,54.6
1785431534.868,17:12:14,timeslice,6,95.9,8319,16126,51.6
1785431534.868,17:12:14,timeslice,7,88.4,8783,16126,54.5
1785431535.868,17:12:15,timeslice,0,89.6,8351,16126,51.8
1785431535.868,17:12:15,timeslice,1,96.8,8319,16126,51.6
1785431535.868,17:12:15,timeslice,2,96.8,8692,16126,53.9
1785431535.868,17:12:15,timeslice,3,93.2,8728,16126,54.1
1785431535.868,17:12:15,timeslice,4,95.6,8698,16126,53.9
1785431535.868,17:12:15,timeslice,5,95.0,8806,16126,54.6
1785431535.868,17:12:15,timeslice,6,95.9,8319,16126,51.6
1785431535.868,17:12:15,timeslice,7,88.4,8783,16126,54.5
1785431536.868,17:12:16,timeslice,0,96.4,8087,16126,50.1
1785431536.868,17:12:16,timeslice,1,86.8,8035,16126,49.8
1785431536.868,17:12:16,timeslice,2,95.9,7901,16126,49.0
1785431536.868,17:12:16,timeslice,3,95.4,8147,16126,50.5
1785431536.868,17:12:16,timeslice,4,91.6,7919,16126,49.1
1785431536.868,17:12:16,timeslice,5,90.9,7973,16126,49.4
1785431536.868,17:12:16,timeslice,6,96.2,7872,16126,48.8
1785431536.868,17:12:16,timeslice,7,96.6,7803,16126,48.4
1785431537.868,17:12:17,timeslice,0,96.4,8087,16126,50.1
1785431537.868,17:12:17,timeslice,1,86.8,8035,16126,49.8
1785431537.868,17:12:17,timeslice,2,95.9,7901,16126,49.0
1785431537.868,17:12:17,timeslice,3,95.4,8147,16126,50.5
1785431537.868,17:12:17,timeslice,4,91.6,7919,16126,49.1
1785431537.868,17:12:17,timeslice,5,90.9,7973,16126,49.4
1785431537.868,17:12:17,timeslice,6,96.2,7872,16126,48.8
1785431537.868,17:12:17,timeslice,7,96.6,7803,16126,48.4
1785431538.868,17:12:18,timeslice,0,96.4,8087,16126,50.1
1785431538.868,17:12:18,timeslice,1,86.8,8035,16126,49.8
1785431538.868,17:12:18,timeslice,2,95.9,7901,16126,49.0
1785431538.868,17:12:18,timeslice,3,95.4,8147,16126,50.5
1785431538.868,17:12:18,timeslice,4,91.6,7919,16126,49.1
1785431538.868,17:12:18,timeslice,5,90.9,7973,16126,49.4
1785431538.868,17:12:18,timeslice,6,96.2,7872,16126,48.8
1785431538.868,17:12:18,timeslice,7,96.6,7803,16126,48.4
1785431539.868,17:12:19,timeslice,0,96.4,8087,16126,50.1
1785431539.868,17:12:19,timeslice,1,86.8,8035,16126,49.8
1785431539.868,17:12:19,timeslice,2,95.9,7901,16126,49.0
1785431539.868,17:12:19,timeslice,3,95.4,8147,16126,50.5
1785431539.868,17:12:19,timeslice,4,91.6,7919,16126,49.1
1785431539.868,17:12:19,timeslice,5,90.9,7973,16126,49.4
1785431539.868,17:12:19,timeslice,6,96.2,7872,16126,48.8
1785431539.868,17:12:19,timeslice,7,96.6,7803,16126,48.4
1785431540.868,17:12:20,timeslice,0,96.4,8087,16126,50.1
1785431540.868,17:12:20,timeslice,1,86.8,8035,16126,49.8
1785431540.868,17:12:20,timeslice,2,95.9,7901,16126,49.0
1785431540.868,17:12:20,timeslice,3,95.4,8147,16126,50.5
1785431540.868,17:12:20,timeslice,4,91.6,7919,16126,49.1
1785431540.868,17:12:20,timeslice,5,90.9,7973,16126,49.4
1785431540.868,17:12:20,timeslice,6,96.2,7872,16126,48.8
1785431540.868,17:12:20,timeslice,7,96.6,7803,16126,48.4
1785431541.868,17:12:21,timeslice,0,94.0,7049,16126,43.7
1785431541.868,17:12:21,timeslice,1,94.4,6603,16126,40.9
1785431541.868,17:12:21,timeslice,2,94.8,6772,16126,42.0
1785431541.868,17:12:21,timeslice,3,90.8,7332,16126,45.5
1785431541.868,17:12:21,timeslice,4,93.5,7361,16126,45.6
1785431541.868,17:12:21,timeslice,5,90.1,6904,16126,42.8
1785431541.868,17:12:21,timeslice,6,92.2,7349,16126,45.6
1785431541.868,17:12:21,timeslice,7,94.7,6659,16126,41.3
1785431542.868,17:12:22,timeslice,0,94.0,7049,16126,43.7
1785431542.868,17:12:22,timeslice,1,94.4,6603,16126,40.9
1785431542.868,17:12:22,timeslice,2,94.8,6772,16126,42.0
1785431542.868,17:12:22,timeslice,3,90.8,7332,16126,45.5
1785431542.868,17:12:22,timeslice,4,93.5,7361,16126,45.6
1785431542.868,17:12:22,timeslice,5,90.1,6904,16126,42.8
1785431542.868,17:12:22,timeslice,6,92.2,7349,16126,45.6
1785431542.868,17:12:22,timeslice,7,94.7,6659,16126,41.3
1785431543.869,17:12:23,timeslice,0,94.0,7049,16126,43.7
1785431543.869,17:12:23,timeslice,1,94.4,6603,16126,40.9
1785431543.869,17:12:23,timeslice,2,94.8,6772,16126,42.0
1785431543.869,17:12:23,timeslice,3,90.8,7332,16126,45.5
1785431543.869,17:12:23,timeslice,4,93.5,7361,16126,45.6
1785431543.869,17:12:23,timeslice,5,90.1,6904,16126,42.8
1785431543.869,17:12:23,timeslice,6,92.2,7349,16126,45.6
1785431543.869,17:12:23,timeslice,7,94.7,6659,16126,41.3
1785431544.869,17:12:24,timeslice,0,94.0,7049,16126,43.7
1785431544.869,17:12:24,timeslice,1,94.4,6603,16126,40.9
1785431544.869,17:12:24,timeslice,2,94.8,6772,16126,42.0
1785431544.869,17:12:24,timeslice,3,90.8,7332,16126,45.5
1785431544.869,17:12:24,timeslice,4,93.5,7361,16126,45.6
1785431544.869,17:12:24,timeslice,5,90.1,6904,16126,42.8
1785431544.869,17:12:24,timeslice,6,92.2,7349,16126,45.6
1785431544.869,17:12:24,timeslice,7,94.7,6659,16126,41.3
1785431545.869,17:12:25,timeslice,0,94.0,7049,16126,43.7
1785431545.869,17:12:25,timeslice,1,94.4,6603,16126,40.9
1785431545.869,17:12:25,timeslice,2,94.8,6772,16126,42.0
1785431545.869,17:12:25,timeslice,3,90.8,7332,16126,45.5
1785431545.869,17:12:25,timeslice,4,93.5,7361,16126,45.6
1785431545.869,17:12:25,timeslice,5,90.1,6904,16126,42.8
1785431545.869,17:12:25,timeslice,6,92.2,7349,16126,45.6
1785431545.869,17:12:25,timeslice,7,94.7,6659,16126,41.3
1785431546.869,17:12:26,timeslice,0,88.3,6957,16126,43.1
1785431546.869,17:12:26,timeslice,1,89.0,6647,16126,41.2
1785431546.869,17:12:26,timeslice,2,87.5,6927,16126,43.0
1785431546.869,17:12:26,timeslice,3,95.4,6957,16126,43.1
1785431546.869,17:12:26,timeslice,4,95.8,6957,16126,43.1
1785431546.869,17:12:26,timeslice,5,87.8,6729,16126,41.7
1785431546.869,17:12:26,timeslice,6,95.0,6957,16126,43.1
1785431546.869,17:12:26,timeslice,7,95.1,6958,16126,43.1
1785431547.869,17:12:27,timeslice,0,88.3,6957,16126,43.1
1785431547.869,17:12:27,timeslice,1,89.0,6647,16126,41.2
1785431547.869,17:12:27,timeslice,2,87.5,6927,16126,43.0
1785431547.869,17:12:27,timeslice,3,95.4,6957,16126,43.1
1785431547.869,17:12:27,timeslice,4,95.8,6957,16126,43.1
1785431547.869,17:12:27,timeslice,5,87.8,6729,16126,41.7
1785431547.869,17:12:27,timeslice,6,95.0,6957,16126,43.1
1785431547.869,17:12:27,timeslice,7,95.1,6958,16126,43.1
1785431548.869,17:12:28,timeslice,0,88.3,6957,16126,43.1
1785431548.869,17:12:28,timeslice,1,89.0,6647,16126,41.2
1785431548.869,17:12:28,timeslice,2,87.5,6927,16126,43.0
1785431548.869,17:12:28,timeslice,3,95.4,6957,16126,43.1
1785431548.869,17:12:28,timeslice,4,95.8,6957,16126,43.1
1785431548.869,17:12:28,timeslice,5,87.8,6729,16126,41.7
1785431548.869,17:12:28,timeslice,6,95.0,6957,16126,43.1
1785431548.869,17:12:28,timeslice,7,95.1,6958,16126,43.1
1785431549.869,17:12:29,timeslice,0,88.3,6957,16126,43.1
1785431549.869,17:12:29,timeslice,1,89.0,6647,16126,41.2
1785431549.869,17:12:29,timeslice,2,87.5,6927,16126,43.0
1785431549.869,17:12:29,timeslice,3,95.4,6957,16126,43.1
1785431549.869,17:12:29,timeslice,4,95.8,6957,16126,43.1
1785431549.869,17:12:29,timeslice,5,87.8,6729,16126,41.7
1785431549.869,17:12:29,timeslice,6,95.0,6957,16126,43.1
1785431549.869,17:12:29,timeslice,7,95.1,6958,16126,43.1
1785431550.869,17:12:30,timeslice,0,88.3,6957,16126,43.1
1785431550.869,17:12:30,timeslice,1,89.0,6647,16126,41.2
1785431550.869,17:12:30,timeslice,2,87.5,6927,16126,43.0
1785431550.869,17:12:30,timeslice,3,95.4,6957,16126,43.1
1785431550.869,17:12:30,timeslice,4,95.8,6957,16126,43.1
1785431550.869,17:12:30,timeslice,5,87.8,6729,16126,41.7
1785431550.869,17:12:30,timeslice,6,95.0,6957,16126,43.1
1785431550.869,17:12:30,timeslice,7,95.1,6958,16126,43.1
1785431551.869,17:12:31,timeslice,0,95.7,8285,16126,51.4
1785431551.869,17:12:31,timeslice,1,88.2,8267,16126,51.3
1785431551.869,17:12:31,timeslice,2,94.6,8279,16126,51.3
1785431551.869,17:12:31,timeslice,3,94.8,8249,16126,51.2
1785431551.869,17:12:31,timeslice,4,92.9,7989,16126,49.5
1785431551.869,17:12:31,timeslice,5,96.5,8195,16126,50.8
1785431551.869,17:12:31,timeslice,6,95.8,8261,16126,51.2
1785431551.869,17:12:31,timeslice,7,95.7,8185,16126,50.8
1785431552.869,17:12:32,timeslice,0,95.7,8285,16126,51.4
1785431552.869,17:12:32,timeslice,1,88.2,8267,16126,51.3
1785431552.869,17:12:32,timeslice,2,94.6,8279,16126,51.3
1785431552.869,17:12:32,timeslice,3,94.8,8249,16126,51.2
1785431552.869,17:12:32,timeslice,4,92.9,7989,16126,49.5
1785431552.869,17:12:32,timeslice,5,96.5,8195,16126,50.8
1785431552.869,17:12:32,timeslice,6,95.8,8261,16126,51.2
1785431552.869,17:12:32,timeslice,7,95.7,8185,16126,50.8
1785431553.87,17:12:33,timeslice,0,95.7,8285,16126,51.4
1785431553.87,17:12:33,timeslice,1,88.2,8267,16126,51.3
1785431553.87,17:12:33,timeslice,2,94.6,8279,16126,51.3
1785431553.87,17:12:33,timeslice,3,94.8,8249,16126,51.2
1785431553.87,17:12:33,timeslice,4,92.9,7989,16126,49.5
1785431553.87,17:12:33,timeslice,5,96.5,8195,16126,50.8
1785431553.87,17:12:33,timeslice,6,95.8,8261,16126,51.2
1785431553.87,17:12:33,timeslice,7,95.7,8185,16126,50.8
1785431554.87,17:12:34,timeslice,0,95.7,8285,16126,51.4
1785431554.87,17:12:34,timeslice,1,88.2,8267,16126,51.3
1785431554.87,17:12:34,timeslice,2,94.6,8279,16126,51.3
1785431554.87,17:12:34,timeslice,3,94.8,8249,16126,51.2
1785431554.87,17:12:34,timeslice,4,92.9,7989,16126,49.5
1785431554.87,17:12:34,timeslice,5,96.5,8195,16126,50.8
1785431554.87,17:12:34,timeslice,6,95.8,8261,16126,51.2
1785431554.87,17:12:34,timeslice,7,95.7,8185,16126,50.8
1785431555.87,17:12:35,timeslice,0,95.7,8285,16126,51.4
1785431555.87,17:12:35,timeslice,1,88.2,8267,16126,51.3
1785431555.87,17:12:35,timeslice,2,94.6,8279,16126,51.3
1785431555.87,17:12:35,timeslice,3,94.8,8249,16126,51.2
1785431555.87,17:12:35,timeslice,4,92.9,7989,16126,49.5
1785431555.87,17:12:35,timeslice,5,96.5,8195,16126,50.8
1785431555.87,17:12:35,timeslice,6,95.8,8261,16126,51.2
1785431555.87,17:12:35,timeslice,7,95.7,8185,16126,50.8
1785431556.87,17:12:36,timeslice,0,90.5,6349,16126,39.4
1785431556.87,17:12:36,timeslice,1,95.3,6221,16126,38.6
1785431556.87,17:12:36,timeslice,2,95.1,6293,16126,39.0
1785431556.87,17:12:36,timeslice,3,95.2,6293,16126,39.0
1785431556.87,17:12:36,timeslice,4,95.8,6299,16126,39.1
1785431556.87,17:12:36,timeslice,5,93.4,6311,16126,39.1
1785431556.87,17:12:36,timeslice,6,95.4,6221,16126,38.6
1785431556.87,17:12:36,timeslice,7,96.8,6295,16126,39.0
1785431557.87,17:12:37,timeslice,0,90.5,6349,16126,39.4
1785431557.87,17:12:37,timeslice,1,95.3,6221,16126,38.6
1785431557.87,17:12:37,timeslice,2,95.1,6293,16126,39.0
1785431557.87,17:12:37,timeslice,3,95.2,6293,16126,39.0
1785431557.87,17:12:37,timeslice,4,95.8,6299,16126,39.1
1785431557.87,17:12:37,timeslice,5,93.4,6311,16126,39.1
1785431557.87,17:12:37,timeslice,6,95.4,6221,16126,38.6
1785431557.87,17:12:37,timeslice,7,96.8,6295,16126,39.0
1785431558.87,17:12:38,timeslice,0,90.5,6349,16126,39.4
1785431558.87,17:12:38,timeslice,1,95.3,6221,16126,38.6
1785431558.87,17:12:38,timeslice,2,95.1,6293,16126,39.0
1785431558.87,17:12:38,timeslice,3,95.2,6293,16126,39.0
1785431558.87,17:12:38,timeslice,4,95.8,6299,16126,39.1
1785431558.87,17:12:38,timeslice,5,93.4,6311,16126,39.1
1785431558.87,17:12:38,timeslice,6,95.4,6221,16126,38.6
1785431558.87,17:12:38,timeslice,7,96.8,6295,16126,39.0
1785431559.87,17:12:39,timeslice,0,90.5,6349,16126,39.4
1785431559.87,17:12:39,timeslice,1,95.3,6221,16126,38.6
1785431559.87,17:12:39,timeslice,2,95.1,6293,16126,39.0
1785431559.87,17:12:39,timeslice,3,95.2,6293,16126,39.0
1785431559.87,17:12:39,timeslice,4,95.8,6299,16126,39.1
1785431559.87,17:12:39,timeslice,5,93.4,6311,16126,39.1
1785431559.87,17:12:39,timeslice,6,95.4,6221,16126,38.6
1785431559.87,17:12:39,timeslice,7,96.8,6295,16126,39.0
1785431560.87,17:12:40,timeslice,0,90.5,6349,16126,39.4
1785431560.87,17:12:40,timeslice,1,95.3,6221,16126,38.6
1785431560.87,17:12:40,timeslice,2,95.1,6293,16126,39.0
1785431560.87,17:12:40,timeslice,3,95.2,6293,16126,39.0
1785431560.87,17:12:40,timeslice,4,95.8,6299,16126,39.1
1785431560.87,17:12:40,timeslice,5,93.4,6311,16126,39.1
1785431560.87,17:12:40,timeslice,6,95.4,6221,16126,38.6
1785431560.87,17:12:40,timeslice,7,96.8,6295,16126,39.0
1785431561.87,17:12:41,timeslice,0,93.7,6507,16126,40.4
1785431561.87,17:12:41,timeslice,1,94.4,6964,16126,43.2
1785431561.87,17:12:41,timeslice,2,81.2,6435,16126,39.9
1785431561.87,17:12:41,timeslice,3,94.2,6616,16126,41.0
1785431561.87,17:12:41,timeslice,4,95.4,6249,16126,38.8
1785431561.87,17:12:41,timeslice,5,94.9,6495,16126,40.3
1785431561.87,17:12:41,timeslice,6,94.7,6832,16126,42.4
1785431561.87,17:12:41,timeslice,7,94.8,6515,16126,40.4
1785431562.871,17:12:42,timeslice,0,93.7,6507,16126,40.4
1785431562.871,17:12:42,timeslice,1,94.4,6964,16126,43.2
1785431562.871,17:12:42,timeslice,2,81.2,6435,16126,39.9
1785431562.871,17:12:42,timeslice,3,94.2,6616,16126,41.0
1785431562.871,17:12:42,timeslice,4,95.4,6249,16126,38.8
1785431562.871,17:12:42,timeslice,5,94.9,6495,16126,40.3
1785431562.871,17:12:42,timeslice,6,94.7,6832,16126,42.4
1785431562.871,17:12:42,timeslice,7,94.8,6515,16126,40.4
1785431563.871,17:12:43,timeslice,0,93.7,6507,16126,40.4
1785431563.871,17:12:43,timeslice,1,94.4,6964,16126,43.2
1785431563.871,17:12:43,timeslice,2,81.2,6435,16126,39.9
1785431563.871,17:12:43,timeslice,3,94.2,6616,16126,41.0
1785431563.871,17:12:43,timeslice,4,95.4,6249,16126,38.8
1785431563.871,17:12:43,timeslice,5,94.9,6495,16126,40.3
1785431563.871,17:12:43,timeslice,6,94.7,6832,16126,42.4
1785431563.871,17:12:43,timeslice,7,94.8,6515,16126,40.4
1785431564.871,17:12:44,timeslice,0,93.7,6507,16126,40.4
1785431564.871,17:12:44,timeslice,1,94.4,6964,16126,43.2
1785431564.871,17:12:44,timeslice,2,81.2,6435,16126,39.9
1785431564.871,17:12:44,timeslice,3,94.2,6616,16126,41.0
1785431564.871,17:12:44,timeslice,4,95.4,6249,16126,38.8
1785431564.871,17:12:44,timeslice,5,94.9,6495,16126,40.3
1785431564.871,17:12:44,timeslice,6,94.7,6832,16126,42.4
1785431564.871,17:12:44,timeslice,7,94.8,6515,16126,40.4
1785431565.871,17:12:45,timeslice,0,93.7,6507,16126,40.4
1785431565.871,17:12:45,timeslice,1,94.4,6964,16126,43.2
1785431565.871,17:12:45,timeslice,2,81.2,6435,16126,39.9
1785431565.871,17:12:45,timeslice,3,94.2,6616,16126,41.0
1785431565.871,17:12:45,timeslice,4,95.4,6249,16126,38.8
1785431565.871,17:12:45,timeslice,5,94.9,6495,16126,40.3
1785431565.871,17:12:45,timeslice,6,94.7,6832,16126,42.4
1785431565.871,17:12:45,timeslice,7,94.8,6515,16126,40.4
1785431566.871,17:12:46,timeslice,0,92.2,8051,16126,49.9
1785431566.871,17:12:46,timeslice,1,90.6,7837,16126,48.6
1785431566.871,17:12:46,timeslice,2,94.2,7997,16126,49.6
1785431566.871,17:12:46,timeslice,3,94.9,8045,16126,49.9
1785431566.871,17:12:46,timeslice,4,90.9,7709,16126,47.8
1785431566.871,17:12:46,timeslice,5,95.0,8015,16126,49.7
1785431566.871,17:12:46,timeslice,6,94.0,7817,16126,48.5
1785431566.871,17:12:46,timeslice,7,94.4,7830,16126,48.6
1785431567.871,17:12:47,timeslice,0,92.2,8051,16126,49.9
1785431567.871,17:12:47,timeslice,1,90.6,7837,16126,48.6
1785431567.871,17:12:47,timeslice,2,94.2,7997,16126,49.6
1785431567.871,17:12:47,timeslice,3,94.9,8045,16126,49.9
1785431567.871,17:12:47,timeslice,4,90.9,7709,16126,47.8
1785431567.871,17:12:47,timeslice,5,95.0,8015,16126,49.7
1785431567.871,17:12:47,timeslice,6,94.0,7817,16126,48.5
1785431567.871,17:12:47,timeslice,7,94.4,7830,16126,48.6
1785431568.871,17:12:48,timeslice,0,92.2,8051,16126,49.9
1785431568.871,17:12:48,timeslice,1,90.6,7837,16126,48.6
1785431568.871,17:12:48,timeslice,2,94.2,7997,16126,49.6
1785431568.871,17:12:48,timeslice,3,94.9,8045,16126,49.9
1785431568.871,17:12:48,timeslice,4,90.9,7709,16126,47.8
1785431568.871,17:12:48,timeslice,5,95.0,8015,16126,49.7
1785431568.871,17:12:48,timeslice,6,94.0,7817,16126,48.5
1785431568.871,17:12:48,timeslice,7,94.4,7830,16126,48.6
1785431569.871,17:12:49,timeslice,0,92.2,8051,16126,49.9
1785431569.871,17:12:49,timeslice,1,90.6,7837,16126,48.6
1785431569.871,17:12:49,timeslice,2,94.2,7997,16126,49.6
1785431569.871,17:12:49,timeslice,3,94.9,8045,16126,49.9
1785431569.871,17:12:49,timeslice,4,90.9,7709,16126,47.8
1785431569.871,17:12:49,timeslice,5,95.0,8015,16126,49.7
1785431569.871,17:12:49,timeslice,6,94.0,7817,16126,48.5
1785431569.871,17:12:49,timeslice,7,94.4,7830,16126,48.6
1785431570.871,17:12:50,timeslice,0,92.2,8051,16126,49.9
1785431570.871,17:12:50,timeslice,1,90.6,7837,16126,48.6
1785431570.871,17:12:50,timeslice,2,94.2,7997,16126,49.6
1785431570.871,17:12:50,timeslice,3,94.9,8045,16126,49.9
1785431570.871,17:12:50,timeslice,4,90.9,7709,16126,47.8
1785431570.871,17:12:50,timeslice,5,95.0,8015,16126,49.7
1785431570.871,17:12:50,timeslice,6,94.0,7817,16126,48.5
1785431570.871,17:12:50,timeslice,7,94.4,7830,16126,48.6
1785431571.871,17:12:51,timeslice,0,95.3,6629,16126,41.1
1785431571.871,17:12:51,timeslice,1,86.8,6767,16126,42.0
1785431571.871,17:12:51,timeslice,2,96.2,6785,16126,42.1
1785431571.871,17:12:51,timeslice,3,95.8,6899,16126,42.8
1785431571.871,17:12:51,timeslice,4,95.9,6803,16126,42.2
1785431571.871,17:12:51,timeslice,5,96.2,6911,16126,42.9
1785431571.871,17:12:51,timeslice,6,96.2,6664,16126,41.3
1785431571.871,17:12:51,timeslice,7,92.0,6684,16126,41.4
1785431572.872,17:12:52,timeslice,0,95.3,6629,16126,41.1
1785431572.872,17:12:52,timeslice,1,86.8,6767,16126,42.0
1785431572.872,17:12:52,timeslice,2,96.2,6785,16126,42.1
1785431572.872,17:12:52,timeslice,3,95.8,6899,16126,42.8
1785431572.872,17:12:52,timeslice,4,95.9,6803,16126,42.2
1785431572.872,17:12:52,timeslice,5,96.2,6911,16126,42.9
1785431572.872,17:12:52,timeslice,6,96.2,6664,16126,41.3
1785431572.872,17:12:52,timeslice,7,92.0,6684,16126,41.4
1785431573.872,17:12:53,timeslice,0,95.3,6629,16126,41.1
1785431573.872,17:12:53,timeslice,1,86.8,6767,16126,42.0
1785431573.872,17:12:53,timeslice,2,96.2,6785,16126,42.1
1785431573.872,17:12:53,timeslice,3,95.8,6899,16126,42.8
1785431573.872,17:12:53,timeslice,4,95.9,6803,16126,42.2
1785431573.872,17:12:53,timeslice,5,96.2,6911,16126,42.9
1785431573.872,17:12:53,timeslice,6,96.2,6664,16126,41.3
1785431573.872,17:12:53,timeslice,7,92.0,6684,16126,41.4
1785431574.872,17:12:54,timeslice,0,95.3,6629,16126,41.1
1785431574.872,17:12:54,timeslice,1,86.8,6767,16126,42.0
1785431574.872,17:12:54,timeslice,2,96.2,6785,16126,42.1
1785431574.872,17:12:54,timeslice,3,95.8,6899,16126,42.8
1785431574.872,17:12:54,timeslice,4,95.9,6803,16126,42.2
1785431574.872,17:12:54,timeslice,5,96.2,6911,16126,42.9
1785431574.872,17:12:54,timeslice,6,96.2,6664,16126,41.3
1785431574.872,17:12:54,timeslice,7,92.0,6684,16126,41.4
1785431575.872,17:12:55,timeslice,0,95.3,6629,16126,41.1
1785431575.872,17:12:55,timeslice,1,86.8,6767,16126,42.0
1785431575.872,17:12:55,timeslice,2,96.2,6785,16126,42.1
1785431575.872,17:12:55,timeslice,3,95.8,6899,16126,42.8
1785431575.872,17:12:55,timeslice,4,95.9,6803,16126,42.2
1785431575.872,17:12:55,timeslice,5,96.2,6911,16126,42.9
1785431575.872,17:12:55,timeslice,6,96.2,6664,16126,41.3
1785431575.872,17:12:55,timeslice,7,92.0,6684,16126,41.4
1785431576.872,17:12:56,timeslice,0,95.2,7680,16126,47.6
1785431576.872,17:12:56,timeslice,1,90.1,7723,16126,47.9
1785431576.872,17:12:56,timeslice,2,95.7,7741,16126,48.0
1785431576.872,17:12:56,timeslice,3,95.5,7723,16126,47.9
1785431576.872,17:12:56,timeslice,4,96.0,7729,16126,47.9
1785431576.872,17:12:56,timeslice,5,88.9,7506,16126,46.5
1785431576.872,17:12:56,timeslice,6,95.1,7705,16126,47.8
1785431576.872,17:12:56,timeslice,7,95.4,7670,16126,47.6
1785431577.872,17:12:57,timeslice,0,95.2,7680,16126,47.6
1785431577.872,17:12:57,timeslice,1,90.1,7723,16126,47.9
1785431577.872,17:12:57,timeslice,2,95.7,7741,16126,48.0
1785431577.872,17:12:57,timeslice,3,95.5,7723,16126,47.9
1785431577.872,17:12:57,timeslice,4,96.0,7729,16126,47.9
1785431577.872,17:12:57,timeslice,5,88.9,7506,16126,46.5
1785431577.872,17:12:57,timeslice,6,95.1,7705,16126,47.8
1785431577.872,17:12:57,timeslice,7,95.4,7670,16126,47.6
1785431578.872,17:12:58,timeslice,0,95.2,7680,16126,47.6
1785431578.872,17:12:58,timeslice,1,90.1,7723,16126,47.9
1785431578.872,17:12:58,timeslice,2,95.7,7741,16126,48.0
1785431578.872,17:12:58,timeslice,3,95.5,7723,16126,47.9
1785431578.872,17:12:58,timeslice,4,96.0,7729,16126,47.9
1785431578.872,17:12:58,timeslice,5,88.9,7506,16126,46.5
1785431578.872,17:12:58,timeslice,6,95.1,7705,16126,47.8
1785431578.872,17:12:58,timeslice,7,95.4,7670,16126,47.6
1785431579.872,17:12:59,timeslice,0,95.2,7680,16126,47.6
1785431579.872,17:12:59,timeslice,1,90.1,7723,16126,47.9
1785431579.872,17:12:59,timeslice,2,95.7,7741,16126,48.0
1785431579.872,17:12:59,timeslice,3,95.5,7723,16126,47.9
1785431579.872,17:12:59,timeslice,4,96.0,7729,16126,47.9
1785431579.872,17:12:59,timeslice,5,88.9,7506,16126,46.5
1785431579.872,17:12:59,timeslice,6,95.1,7705,16126,47.8
1785431579.872,17:12:59,timeslice,7,95.4,7670,16126,47.6
1785431580.872,17:13:00,timeslice,0,95.2,7680,16126,47.6
1785431580.872,17:13:00,timeslice,1,90.1,7723,16126,47.9
1785431580.872,17:13:00,timeslice,2,95.7,7741,16126,48.0
1785431580.872,17:13:00,timeslice,3,95.5,7723,16126,47.9
1785431580.872,17:13:00,timeslice,4,96.0,7729,16126,47.9
1785431580.872,17:13:00,timeslice,5,88.9,7506,16126,46.5
1785431580.872,17:13:00,timeslice,6,95.1,7705,16126,47.8
1785431580.872,17:13:00,timeslice,7,95.4,7670,16126,47.6
1785431581.872,17:13:01,timeslice,0,96.1,5550,16126,34.4
1785431581.872,17:13:01,timeslice,1,95.9,5450,16126,33.8
1785431581.872,17:13:01,timeslice,2,95.8,5549,16126,34.4
1785431581.872,17:13:01,timeslice,3,93.5,5571,16126,34.5
1785431581.872,17:13:01,timeslice,4,90.2,5490,16126,34.0
1785431581.872,17:13:01,timeslice,5,88.3,5481,16126,34.0
1785431581.872,17:13:01,timeslice,6,90.2,6281,16126,38.9
1785431581.872,17:13:01,timeslice,7,96.6,5475,16126,34.0
1785431582.873,17:13:02,timeslice,0,96.1,5550,16126,34.4
1785431582.873,17:13:02,timeslice,1,95.9,5450,16126,33.8
1785431582.873,17:13:02,timeslice,2,95.8,5549,16126,34.4
1785431582.873,17:13:02,timeslice,3,93.5,5571,16126,34.5
1785431582.873,17:13:02,timeslice,4,90.2,5490,16126,34.0
1785431582.873,17:13:02,timeslice,5,88.3,5481,16126,34.0
1785431582.873,17:13:02,timeslice,6,90.2,6281,16126,38.9
1785431582.873,17:13:02,timeslice,7,96.6,5475,16126,34.0
1785431583.873,17:13:03,timeslice,0,96.1,5550,16126,34.4
1785431583.873,17:13:03,timeslice,1,95.9,5450,16126,33.8
1785431583.873,17:13:03,timeslice,2,95.8,5549,16126,34.4
1785431583.873,17:13:03,timeslice,3,93.5,5571,16126,34.5
1785431583.873,17:13:03,timeslice,4,90.2,5490,16126,34.0
1785431583.873,17:13:03,timeslice,5,88.3,5481,16126,34.0
1785431583.873,17:13:03,timeslice,6,90.2,6281,16126,38.9
1785431583.873,17:13:03,timeslice,7,96.6,5475,16126,34.0
1785431584.873,17:13:04,timeslice,0,96.1,5550,16126,34.4
1785431584.873,17:13:04,timeslice,1,95.9,5450,16126,33.8
1785431584.873,17:13:04,timeslice,2,95.8,5549,16126,34.4
1785431584.873,17:13:04,timeslice,3,93.5,5571,16126,34.5
1785431584.873,17:13:04,timeslice,4,90.2,5490,16126,34.0
1785431584.873,17:13:04,timeslice,5,88.3,5481,16126,34.0
1785431584.873,17:13:04,timeslice,6,90.2,6281,16126,38.9
1785431584.873,17:13:04,timeslice,7,96.6,5475,16126,34.0
1785431585.873,17:13:05,timeslice,0,96.1,5550,16126,34.4
1785431585.873,17:13:05,timeslice,1,95.9,5450,16126,33.8
1785431585.873,17:13:05,timeslice,2,95.8,5549,16126,34.4
1785431585.873,17:13:05,timeslice,3,93.5,5571,16126,34.5
1785431585.873,17:13:05,timeslice,4,90.2,5490,16126,34.0
1785431585.873,17:13:05,timeslice,5,88.3,5481,16126,34.0
1785431585.873,17:13:05,timeslice,6,90.2,6281,16126,38.9
1785431585.873,17:13:05,timeslice,7,96.6,5475,16126,34.0
1785431586.873,17:13:06,timeslice,0,93.8,6558,16126,40.7
1785431586.873,17:13:06,timeslice,1,92.7,6711,16126,41.6
1785431586.873,17:13:06,timeslice,2,94.4,6470,16126,40.1
1785431586.873,17:13:06,timeslice,3,93.6,6476,16126,40.2
1785431586.873,17:13:06,timeslice,4,93.4,6785,16126,42.1
1785431586.873,17:13:06,timeslice,5,94.8,6779,16126,42.0
1785431586.873,17:13:06,timeslice,6,85.4,6701,16126,41.6
1785431586.873,17:13:06,timeslice,7,93.7,6489,16126,40.2
1785431587.873,17:13:07,timeslice,0,93.8,6558,16126,40.7
1785431587.873,17:13:07,timeslice,1,92.7,6711,16126,41.6
1785431587.873,17:13:07,timeslice,2,94.4,6470,16126,40.1
1785431587.873,17:13:07,timeslice,3,93.6,6476,16126,40.2
1785431587.873,17:13:07,timeslice,4,93.4,6785,16126,42.1
1785431587.873,17:13:07,timeslice,5,94.8,6779,16126,42.0
1785431587.873,17:13:07,timeslice,6,85.4,6701,16126,41.6
1785431587.873,17:13:07,timeslice,7,93.7,6489,16126,40.2
1785431588.873,17:13:08,timeslice,0,93.8,6558,16126,40.7
1785431588.873,17:13:08,timeslice,1,92.7,6711,16126,41.6
1785431588.873,17:13:08,timeslice,2,94.4,6470,16126,40.1
1785431588.873,17:13:08,timeslice,3,93.6,6476,16126,40.2
1785431588.873,17:13:08,timeslice,4,93.4,6785,16126,42.1
1785431588.873,17:13:08,timeslice,5,94.8,6779,16126,42.0
1785431588.873,17:13:08,timeslice,6,85.4,6701,16126,41.6
1785431588.873,17:13:08,timeslice,7,93.7,6489,16126,40.2
1785431589.873,17:13:09,timeslice,0,93.8,6558,16126,40.7
1785431589.873,17:13:09,timeslice,1,92.7,6711,16126,41.6
1785431589.873,17:13:09,timeslice,2,94.4,6470,16126,40.1
1785431589.873,17:13:09,timeslice,3,93.6,6476,16126,40.2
1785431589.873,17:13:09,timeslice,4,93.4,6785,16126,42.1
1785431589.873,17:13:09,timeslice,5,94.8,6779,16126,42.0
1785431589.873,17:13:09,timeslice,6,85.4,6701,16126,41.6
1785431589.873,17:13:09,timeslice,7,93.7,6489,16126,40.2
1785431590.873,17:13:10,timeslice,0,93.8,6558,16126,40.7
1785431590.873,17:13:10,timeslice,1,92.7,6711,16126,41.6
1785431590.873,17:13:10,timeslice,2,94.4,6470,16126,40.1
1785431590.873,17:13:10,timeslice,3,93.6,6476,16126,40.2
1785431590.873,17:13:10,timeslice,4,93.4,6785,16126,42.1
1785431590.873,17:13:10,timeslice,5,94.8,6779,16126,42.0
1785431590.873,17:13:10,timeslice,6,85.4,6701,16126,41.6
1785431590.873,17:13:10,timeslice,7,93.7,6489,16126,40.2
1785431591.873,17:13:11,timeslice,0,95.3,6079,16126,37.7
1785431591.873,17:13:11,timeslice,1,90.6,6038,16126,37.4
1785431591.873,17:13:11,timeslice,2,97.1,6079,16126,37.7
1785431591.873,17:13:11,timeslice,3,95.6,6079,16126,37.7
1785431591.873,17:13:11,timeslice,4,96.1,6079,16126,37.7
1785431591.873,17:13:11,timeslice,5,91.0,6079,16126,37.7
1785431591.873,17:13:11,timeslice,6,96.6,6079,16126,37.7
1785431591.873,17:13:11,timeslice,7,95.5,6081,16126,37.7
1785431592.874,17:13:12,timeslice,0,95.3,6079,16126,37.7
1785431592.874,17:13:12,timeslice,1,90.6,6038,16126,37.4
1785431592.874,17:13:12,timeslice,2,97.1,6079,16126,37.7
1785431592.874,17:13:12,timeslice,3,95.6,6079,16126,37.7
1785431592.874,17:13:12,timeslice,4,96.1,6079,16126,37.7
1785431592.874,17:13:12,timeslice,5,91.0,6079,16126,37.7
1785431592.874,17:13:12,timeslice,6,96.6,6079,16126,37.7
1785431592.874,17:13:12,timeslice,7,95.5,6081,16126,37.7
1785431593.874,17:13:13,timeslice,0,95.3,6079,16126,37.7
1785431593.874,17:13:13,timeslice,1,90.6,6038,16126,37.4
1785431593.874,17:13:13,timeslice,2,97.1,6079,16126,37.7
1785431593.874,17:13:13,timeslice,3,95.6,6079,16126,37.7
1785431593.874,17:13:13,timeslice,4,96.1,6079,16126,37.7
1785431593.874,17:13:13,timeslice,5,91.0,6079,16126,37.7
1785431593.874,17:13:13,timeslice,6,96.6,6079,16126,37.7
1785431593.874,17:13:13,timeslice,7,95.5,6081,16126,37.7
1785431594.874,17:13:14,timeslice,0,95.3,6079,16126,37.7
1785431594.874,17:13:14,timeslice,1,90.6,6038,16126,37.4
1785431594.874,17:13:14,timeslice,2,97.1,6079,16126,37.7
1785431594.874,17:13:14,timeslice,3,95.6,6079,16126,37.7
1785431594.874,17:13:14,timeslice,4,96.1,6079,16126,37.7
1785431594.874,17:13:14,timeslice,5,91.0,6079,16126,37.7
1785431594.874,17:13:14,timeslice,6,96.6,6079,16126,37.7
1785431594.874,17:13:14,timeslice,7,95.5,6081,16126,37.7
1785431595.874,17:13:15,timeslice,0,95.3,6079,16126,37.7
1785431595.874,17:13:15,timeslice,1,90.6,6038,16126,37.4
1785431595.874,17:13:15,timeslice,2,97.1,6079,16126,37.7
1785431595.874,17:13:15,timeslice,3,95.6,6079,16126,37.7
1785431595.874,17:13:15,timeslice,4,96.1,6079,16126,37.7
1785431595.874,17:13:15,timeslice,5,91.0,6079,16126,37.7
1785431595.874,17:13:15,timeslice,6,96.6,6079,16126,37.7
1785431595.874,17:13:15,timeslice,7,95.5,6081,16126,37.7
1785431596.874,17:13:16,timeslice,0,95.1,9303,16126,57.7
1785431596.874,17:13:16,timeslice,1,89.7,9303,16126,57.7
1785431596.874,17:13:16,timeslice,2,94.2,9303,16126,57.7
1785431596.874,17:13:16,timeslice,3,92.0,8137,16126,50.5
1785431596.874,17:13:16,timeslice,4,95.9,9303,16126,57.7
1785431596.874,17:13:16,timeslice,5,96.6,9303,16126,57.7
1785431596.874,17:13:16,timeslice,6,96.0,9303,16126,57.7
1785431596.874,17:13:16,timeslice,7,93.5,9304,16126,57.7
1785431597.874,17:13:17,timeslice,0,95.1,9303,16126,57.7
1785431597.874,17:13:17,timeslice,1,89.7,9303,16126,57.7
1785431597.874,17:13:17,timeslice,2,94.2,9303,16126,57.7
1785431597.874,17:13:17,timeslice,3,92.0,8137,16126,50.5
1785431597.874,17:13:17,timeslice,4,95.9,9303,16126,57.7
1785431597.874,17:13:17,timeslice,5,96.6,9303,16126,57.7
1785431597.874,17:13:17,timeslice,6,96.0,9303,16126,57.7
1785431597.874,17:13:17,timeslice,7,93.5,9304,16126,57.7
1785431598.874,17:13:18,timeslice,0,95.1,9303,16126,57.7
1785431598.874,17:13:18,timeslice,1,89.7,9303,16126,57.7
1785431598.874,17:13:18,timeslice,2,94.2,9303,16126,57.7
1785431598.874,17:13:18,timeslice,3,92.0,8137,16126,50.5
1785431598.874,17:13:18,timeslice,4,95.9,9303,16126,57.7
1785431598.874,17:13:18,timeslice,5,96.6,9303,16126,57.7
1785431598.874,17:13:18,timeslice,6,96.0,9303,16126,57.7
1785431598.874,17:13:18,timeslice,7,93.5,9304,16126,57.7
1785431599.874,17:13:19,timeslice,0,95.1,9303,16126,57.7
1785431599.874,17:13:19,timeslice,1,89.7,9303,16126,57.7
1785431599.874,17:13:19,timeslice,2,94.2,9303,16126,57.7
1785431599.874,17:13:19,timeslice,3,92.0,8137,16126,50.5
1785431599.874,17:13:19,timeslice,4,95.9,9303,16126,57.7
1785431599.874,17:13:19,timeslice,5,96.6,9303,16126,57.7
1785431599.874,17:13:19,timeslice,6,96.0,9303,16126,57.7
1785431599.874,17:13:19,timeslice,7,93.5,9304,16126,57.7
1785431600.874,17:13:20,timeslice,0,95.1,9303,16126,57.7
1785431600.874,17:13:20,timeslice,1,89.7,9303,16126,57.7
1785431600.874,17:13:20,timeslice,2,94.2,9303,16126,57.7
1785431600.874,17:13:20,timeslice,3,92.0,8137,16126,50.5
1785431600.874,17:13:20,timeslice,4,95.9,9303,16126,57.7
1785431600.874,17:13:20,timeslice,5,96.6,9303,16126,57.7
1785431600.874,17:13:20,timeslice,6,96.0,9303,16126,57.7
1785431600.874,17:13:20,timeslice,7,93.5,9304,16126,57.7
1785431601.874,17:13:21,timeslice,0,93.8,6334,16126,39.3
1785431601.874,17:13:21,timeslice,1,89.8,5683,16126,35.2
1785431601.874,17:13:21,timeslice,2,95.0,5683,16126,35.2
1785431601.874,17:13:21,timeslice,3,94.3,5683,16126,35.2
1785431601.874,17:13:21,timeslice,4,96.3,5683,16126,35.2
1785431601.874,17:13:21,timeslice,5,97.0,5683,16126,35.2
1785431601.874,17:13:21,timeslice,6,95.8,5683,16126,35.2
1785431601.874,17:13:21,timeslice,7,95.4,5684,16126,35.2
1785431602.875,17:13:22,timeslice,0,93.8,6334,16126,39.3
1785431602.875,17:13:22,timeslice,1,89.8,5683,16126,35.2
1785431602.875,17:13:22,timeslice,2,95.0,5683,16126,35.2
1785431602.875,17:13:22,timeslice,3,94.3,5683,16126,35.2
1785431602.875,17:13:22,timeslice,4,96.3,5683,16126,35.2
1785431602.875,17:13:22,timeslice,5,97.0,5683,16126,35.2
1785431602.875,17:13:22,timeslice,6,95.8,5683,16126,35.2
1785431602.875,17:13:22,timeslice,7,95.4,5684,16126,35.2
1785431603.875,17:13:23,timeslice,0,93.8,6334,16126,39.3
1785431603.875,17:13:23,timeslice,1,89.8,5683,16126,35.2
1785431603.875,17:13:23,timeslice,2,95.0,5683,16126,35.2
1785431603.875,17:13:23,timeslice,3,94.3,5683,16126,35.2
1785431603.875,17:13:23,timeslice,4,96.3,5683,16126,35.2
1785431603.875,17:13:23,timeslice,5,97.0,5683,16126,35.2
1785431603.875,17:13:23,timeslice,6,95.8,5683,16126,35.2
1785431603.875,17:13:23,timeslice,7,95.4,5684,16126,35.2
1785431604.875,17:13:24,timeslice,0,93.8,6334,16126,39.3
1785431604.875,17:13:24,timeslice,1,89.8,5683,16126,35.2
1785431604.875,17:13:24,timeslice,2,95.0,5683,16126,35.2
1785431604.875,17:13:24,timeslice,3,94.3,5683,16126,35.2
1785431604.875,17:13:24,timeslice,4,96.3,5683,16126,35.2
1785431604.875,17:13:24,timeslice,5,97.0,5683,16126,35.2
1785431604.875,17:13:24,timeslice,6,95.8,5683,16126,35.2
1785431604.875,17:13:24,timeslice,7,95.4,5684,16126,35.2
1785431605.875,17:13:25,timeslice,0,93.8,6334,16126,39.3
1785431605.875,17:13:25,timeslice,1,89.8,5683,16126,35.2
1785431605.875,17:13:25,timeslice,2,95.0,5683,16126,35.2
1785431605.875,17:13:25,timeslice,3,94.3,5683,16126,35.2
1785431605.875,17:13:25,timeslice,4,96.3,5683,16126,35.2
1785431605.875,17:13:25,timeslice,5,97.0,5683,16126,35.2
1785431605.875,17:13:25,timeslice,6,95.8,5683,16126,35.2
1785431605.875,17:13:25,timeslice,7,95.4,5684,16126,35.2
1785431606.875,17:13:26,timeslice,0,93.5,6015,16126,37.3
1785431606.875,17:13:26,timeslice,1,94.1,6037,16126,37.4
1785431606.875,17:13:26,timeslice,2,95.0,5971,16126,37.0
1785431606.875,17:13:26,timeslice,3,93.1,5710,16126,35.4
1785431606.875,17:13:26,timeslice,4,88.8,5995,16126,37.2
1785431606.875,17:13:26,timeslice,5,92.6,5785,16126,35.9
1785431606.875,17:13:26,timeslice,6,94.7,5983,16126,37.1
1785431606.875,17:13:26,timeslice,7,94.2,5882,16126,36.5
1785431607.875,17:13:27,timeslice,0,93.5,6015,16126,37.3
1785431607.875,17:13:27,timeslice,1,94.1,6037,16126,37.4
1785431607.875,17:13:27,timeslice,2,95.0,5971,16126,37.0
1785431607.875,17:13:27,timeslice,3,93.1,5710,16126,35.4
1785431607.875,17:13:27,timeslice,4,88.8,5995,16126,37.2
1785431607.875,17:13:27,timeslice,5,92.6,5785,16126,35.9
1785431607.875,17:13:27,timeslice,6,94.7,5983,16126,37.1
1785431607.875,17:13:27,timeslice,7,94.2,5882,16126,36.5
1785431608.875,17:13:28,timeslice,0,93.5,6015,16126,37.3
1785431608.875,17:13:28,timeslice,1,94.1,6037,16126,37.4
1785431608.875,17:13:28,timeslice,2,95.0,5971,16126,37.0
1785431608.875,17:13:28,timeslice,3,93.1,5710,16126,35.4
1785431608.875,17:13:28,timeslice,4,88.8,5995,16126,37.2
1785431608.875,17:13:28,timeslice,5,92.6,5785,16126,35.9
1785431608.875,17:13:28,timeslice,6,94.7,5983,16126,37.1
1785431608.875,17:13:28,timeslice,7,94.2,5882,16126,36.5
1785431609.875,17:13:29,timeslice,0,93.5,6015,16126,37.3
1785431609.875,17:13:29,timeslice,1,94.1,6037,16126,37.4
1785431609.875,17:13:29,timeslice,2,95.0,5971,16126,37.0
1785431609.875,17:13:29,timeslice,3,93.1,5710,16126,35.4
1785431609.875,17:13:29,timeslice,4,88.8,5995,16126,37.2
1785431609.875,17:13:29,timeslice,5,92.6,5785,16126,35.9
1785431609.875,17:13:29,timeslice,6,94.7,5983,16126,37.1
1785431609.875,17:13:29,timeslice,7,94.2,5882,16126,36.5
1785431610.875,17:13:30,timeslice,0,93.5,6015,16126,37.3
1785431610.875,17:13:30,timeslice,1,94.1,6037,16126,37.4
1785431610.875,17:13:30,timeslice,2,95.0,5971,16126,37.0
1785431610.875,17:13:30,timeslice,3,93.1,5710,16126,35.4
1785431610.875,17:13:30,timeslice,4,88.8,5995,16126,37.2
1785431610.875,17:13:30,timeslice,5,92.6,5785,16126,35.9
1785431610.875,17:13:30,timeslice,6,94.7,5983,16126,37.1
1785431610.875,17:13:30,timeslice,7,94.2,5882,16126,36.5
1785431611.875,17:13:31,timeslice,0,95.4,6079,16126,37.7
1785431611.875,17:13:31,timeslice,1,94.9,6079,16126,37.7
1785431611.875,17:13:31,timeslice,2,95.7,6079,16126,37.7
1785431611.875,17:13:31,timeslice,3,94.6,6079,16126,37.7
1785431611.875,17:13:31,timeslice,4,93.4,6022,16126,37.3
1785431611.875,17:13:31,timeslice,5,89.2,6037,16126,37.4
1785431611.875,17:13:31,timeslice,6,96.4,6079,16126,37.7
1785431611.875,17:13:31,timeslice,7,92.6,6048,16126,37.5
1785431612.876,17:13:32,timeslice,0,95.4,6079,16126,37.7
1785431612.876,17:13:32,timeslice,1,94.9,6079,16126,37.7
1785431612.876,17:13:32,timeslice,2,95.7,6079,16126,37.7
1785431612.876,17:13:32,timeslice,3,94.6,6079,16126,37.7
1785431612.876,17:13:32,timeslice,4,93.4,6022,16126,37.3
1785431612.876,17:13:32,timeslice,5,89.2,6037,16126,37.4
1785431612.876,17:13:32,timeslice,6,96.4,6079,16126,37.7
1785431612.876,17:13:32,timeslice,7,92.6,6048,16126,37.5
1785431613.876,17:13:33,timeslice,0,95.4,6079,16126,37.7
1785431613.876,17:13:33,timeslice,1,94.9,6079,16126,37.7
1785431613.876,17:13:33,timeslice,2,95.7,6079,16126,37.7
1785431613.876,17:13:33,timeslice,3,94.6,6079,16126,37.7
1785431613.876,17:13:33,timeslice,4,93.4,6022,16126,37.3
1785431613.876,17:13:33,timeslice,5,89.2,6037,16126,37.4
1785431613.876,17:13:33,timeslice,6,96.4,6079,16126,37.7
1785431613.876,17:13:33,timeslice,7,92.6,6048,16126,37.5
1785431614.876,17:13:34,timeslice,0,95.4,6079,16126,37.7
1785431614.876,17:13:34,timeslice,1,94.9,6079,16126,37.7
1785431614.876,17:13:34,timeslice,2,95.7,6079,16126,37.7
1785431614.876,17:13:34,timeslice,3,94.6,6079,16126,37.7
1785431614.876,17:13:34,timeslice,4,93.4,6022,16126,37.3
1785431614.876,17:13:34,timeslice,5,89.2,6037,16126,37.4
1785431614.876,17:13:34,timeslice,6,96.4,6079,16126,37.7
1785431614.876,17:13:34,timeslice,7,92.6,6048,16126,37.5
1785431615.876,17:13:35,timeslice,0,95.4,6079,16126,37.7
1785431615.876,17:13:35,timeslice,1,94.9,6079,16126,37.7
1785431615.876,17:13:35,timeslice,2,95.7,6079,16126,37.7
1785431615.876,17:13:35,timeslice,3,94.6,6079,16126,37.7
1785431615.876,17:13:35,timeslice,4,93.4,6022,16126,37.3
1785431615.876,17:13:35,timeslice,5,89.2,6037,16126,37.4
1785431615.876,17:13:35,timeslice,6,96.4,6079,16126,37.7
1785431615.876,17:13:35,timeslice,7,92.6,6048,16126,37.5
1785431616.876,17:13:36,timeslice,0,83.2,6223,16126,38.6
1785431616.876,17:13:36,timeslice,1,97.0,6159,16126,38.2
1785431616.876,17:13:36,timeslice,2,93.1,6311,16126,39.1
1785431616.876,17:13:36,timeslice,3,93.5,6275,16126,38.9
1785431616.876,17:13:36,timeslice,4,94.7,6213,16126,38.5
1785431616.876,17:13:36,timeslice,5,95.0,6299,16126,39.1
1785431616.876,17:13:36,timeslice,6,96.4,6171,16126,38.3
1785431616.876,17:13:36,timeslice,7,96.0,6264,16126,38.8
1785431617.876,17:13:37,timeslice,0,83.2,6223,16126,38.6
1785431617.876,17:13:37,timeslice,1,97.0,6159,16126,38.2
1785431617.876,17:13:37,timeslice,2,93.1,6311,16126,39.1
1785431617.876,17:13:37,timeslice,3,93.5,6275,16126,38.9
1785431617.876,17:13:37,timeslice,4,94.7,6213,16126,38.5
1785431617.876,17:13:37,timeslice,5,95.0,6299,16126,39.1
1785431617.876,17:13:37,timeslice,6,96.4,6171,16126,38.3
1785431617.876,17:13:37,timeslice,7,96.0,6264,16126,38.8
1785431618.876,17:13:38,timeslice,0,83.2,6223,16126,38.6
1785431618.876,17:13:38,timeslice,1,97.0,6159,16126,38.2
1785431618.876,17:13:38,timeslice,2,93.1,6311,16126,39.1
1785431618.876,17:13:38,timeslice,3,93.5,6275,16126,38.9
1785431618.876,17:13:38,timeslice,4,94.7,6213,16126,38.5
1785431618.876,17:13:38,timeslice,5,95.0,6299,16126,39.1
1785431618.876,17:13:38,timeslice,6,96.4,6171,16126,38.3
1785431618.876,17:13:38,timeslice,7,96.0,6264,16126,38.8
1785431619.876,17:13:39,timeslice,0,83.2,6223,16126,38.6
1785431619.876,17:13:39,timeslice,1,97.0,6159,16126,38.2
1785431619.876,17:13:39,timeslice,2,93.1,6311,16126,39.1
1785431619.876,17:13:39,timeslice,3,93.5,6275,16126,38.9
1785431619.876,17:13:39,timeslice,4,94.7,6213,16126,38.5
1785431619.876,17:13:39,timeslice,5,95.0,6299,16126,39.1
1785431619.876,17:13:39,timeslice,6,96.4,6171,16126,38.3
1785431619.876,17:13:39,timeslice,7,96.0,6264,16126,38.8
1785431620.876,17:13:40,timeslice,0,83.2,6223,16126,38.6
1785431620.876,17:13:40,timeslice,1,97.0,6159,16126,38.2
1785431620.876,17:13:40,timeslice,2,93.1,6311,16126,39.1
1785431620.876,17:13:40,timeslice,3,93.5,6275,16126,38.9
1785431620.876,17:13:40,timeslice,4,94.7,6213,16126,38.5
1785431620.876,17:13:40,timeslice,5,95.0,6299,16126,39.1
1785431620.876,17:13:40,timeslice,6,96.4,6171,16126,38.3
1785431620.876,17:13:40,timeslice,7,96.0,6264,16126,38.8
1785431621.877,17:13:41,timeslice,0,91.1,5858,16126,36.3
1785431621.877,17:13:41,timeslice,1,95.5,5959,16126,37.0
1785431621.877,17:13:41,timeslice,2,96.8,5029,16126,31.2
1785431621.877,17:13:41,timeslice,3,94.7,6017,16126,37.3
1785431621.877,17:13:41,timeslice,4,93.9,4904,16126,30.4
1785431621.877,17:13:41,timeslice,5,94.2,5919,16126,36.7
1785431621.877,17:13:41,timeslice,6,91.0,5880,16126,36.5
1785431621.877,17:13:41,timeslice,7,95.1,5014,16126,31.1
1785431622.877,17:13:42,timeslice,0,91.1,5858,16126,36.3
1785431622.877,17:13:42,timeslice,1,95.5,5959,16126,37.0
1785431622.877,17:13:42,timeslice,2,96.8,5029,16126,31.2
1785431622.877,17:13:42,timeslice,3,94.7,6017,16126,37.3
1785431622.877,17:13:42,timeslice,4,93.9,4904,16126,30.4
1785431622.877,17:13:42,timeslice,5,94.2,5919,16126,36.7
1785431622.877,17:13:42,timeslice,6,91.0,5880,16126,36.5
1785431622.877,17:13:42,timeslice,7,95.1,5014,16126,31.1
1785431623.877,17:13:43,timeslice,0,91.1,5858,16126,36.3
1785431623.877,17:13:43,timeslice,1,95.5,5959,16126,37.0
1785431623.877,17:13:43,timeslice,2,96.8,5029,16126,31.2
1785431623.877,17:13:43,timeslice,3,94.7,6017,16126,37.3
1785431623.877,17:13:43,timeslice,4,93.9,4904,16126,30.4
1785431623.877,17:13:43,timeslice,5,94.2,5919,16126,36.7
1785431623.877,17:13:43,timeslice,6,91.0,5880,16126,36.5
1785431623.877,17:13:43,timeslice,7,95.1,5014,16126,31.1
1785431624.877,17:13:44,timeslice,0,91.1,5858,16126,36.3
1785431624.877,17:13:44,timeslice,1,95.5,5959,16126,37.0
1785431624.877,17:13:44,timeslice,2,96.8,5029,16126,31.2
1785431624.877,17:13:44,timeslice,3,94.7,6017,16126,37.3
1785431624.877,17:13:44,timeslice,4,93.9,4904,16126,30.4
1785431624.877,17:13:44,timeslice,5,94.2,5919,16126,36.7
1785431624.877,17:13:44,timeslice,6,91.0,5880,16126,36.5
1785431624.877,17:13:44,timeslice,7,95.1,5014,16126,31.1
1785431625.877,17:13:45,timeslice,0,91.1,5858,16126,36.3
1785431625.877,17:13:45,timeslice,1,95.5,5959,16126,37.0
1785431625.877,17:13:45,timeslice,2,96.8,5029,16126,31.2
1785431625.877,17:13:45,timeslice,3,94.7,6017,16126,37.3
1785431625.877,17:13:45,timeslice,4,93.9,4904,16126,30.4
1785431625.877,17:13:45,timeslice,5,94.2,5919,16126,36.7
1785431625.877,17:13:45,timeslice,6,91.0,5880,16126,36.5
1785431625.877,17:13:45,timeslice,7,95.1,5014,16126,31.1
1785431626.877,17:13:46,timeslice,0,93.0,8778,16126,54.4
1785431626.877,17:13:46,timeslice,1,91.0,8820,16126,54.7
1785431626.877,17:13:46,timeslice,2,93.8,8820,16126,54.7
1785431626.877,17:13:46,timeslice,3,92.4,8820,16126,54.7
1785431626.877,17:13:46,timeslice,4,82.0,9739,16126,60.4
1785431626.877,17:13:46,timeslice,5,91.9,8814,16126,54.7
1785431626.877,17:13:46,timeslice,6,93.3,8796,16126,54.5
1785431626.877,17:13:46,timeslice,7,92.4,9740,16126,60.4
1785431627.877,17:13:47,timeslice,0,93.0,8778,16126,54.4
1785431627.877,17:13:47,timeslice,1,91.0,8820,16126,54.7
1785431627.877,17:13:47,timeslice,2,93.8,8820,16126,54.7
1785431627.877,17:13:47,timeslice,3,92.4,8820,16126,54.7
1785431627.877,17:13:47,timeslice,4,82.0,9739,16126,60.4
1785431627.877,17:13:47,timeslice,5,91.9,8814,16126,54.7
1785431627.877,17:13:47,timeslice,6,93.3,8796,16126,54.5
1785431627.877,17:13:47,timeslice,7,92.4,9740,16126,60.4
1785431628.877,17:13:48,timeslice,0,93.0,8778,16126,54.4
1785431628.877,17:13:48,timeslice,1,91.0,8820,16126,54.7
1785431628.877,17:13:48,timeslice,2,93.8,8820,16126,54.7
1785431628.877,17:13:48,timeslice,3,92.4,8820,16126,54.7
1785431628.877,17:13:48,timeslice,4,82.0,9739,16126,60.4
1785431628.877,17:13:48,timeslice,5,91.9,8814,16126,54.7
1785431628.877,17:13:48,timeslice,6,93.3,8796,16126,54.5
1785431628.877,17:13:48,timeslice,7,92.4,9740,16126,60.4
1785431629.877,17:13:49,timeslice,0,93.0,8778,16126,54.4
1785431629.877,17:13:49,timeslice,1,91.0,8820,16126,54.7
1785431629.877,17:13:49,timeslice,2,93.8,8820,16126,54.7
1785431629.877,17:13:49,timeslice,3,92.4,8820,16126,54.7
1785431629.877,17:13:49,timeslice,4,82.0,9739,16126,60.4
1785431629.877,17:13:49,timeslice,5,91.9,8814,16126,54.7
1785431629.877,17:13:49,timeslice,6,93.3,8796,16126,54.5
1785431629.877,17:13:49,timeslice,7,92.4,9740,16126,60.4
1785431630.877,17:13:50,timeslice,0,93.0,8778,16126,54.4
1785431630.877,17:13:50,timeslice,1,91.0,8820,16126,54.7
1785431630.877,17:13:50,timeslice,2,93.8,8820,16126,54.7
1785431630.877,17:13:50,timeslice,3,92.4,8820,16126,54.7
1785431630.877,17:13:50,timeslice,4,82.0,9739,16126,60.4
1785431630.877,17:13:50,timeslice,5,91.9,8814,16126,54.7
1785431630.877,17:13:50,timeslice,6,93.3,8796,16126,54.5
1785431630.877,17:13:50,timeslice,7,92.4,9740,16126,60.4
1785431631.878,17:13:51,timeslice,0,97.1,8186,16126,50.8
1785431631.878,17:13:51,timeslice,1,97.0,8216,16126,50.9
1785431631.878,17:13:51,timeslice,2,96.0,8222,16126,51.0
1785431631.878,17:13:51,timeslice,3,94.1,8306,16126,51.5
1785431631.878,17:13:51,timeslice,4,86.5,8270,16126,51.3
1785431631.878,17:13:51,timeslice,5,96.7,8162,16126,50.6
1785431631.878,17:13:51,timeslice,6,95.2,8306,16126,51.5
1785431631.878,17:13:51,timeslice,7,96.1,8133,16126,50.4
1785431632.878,17:13:52,timeslice,0,97.1,8186,16126,50.8
1785431632.878,17:13:52,timeslice,1,97.0,8216,16126,50.9
1785431632.878,17:13:52,timeslice,2,96.0,8222,16126,51.0
1785431632.878,17:13:52,timeslice,3,94.1,8306,16126,51.5
1785431632.878,17:13:52,timeslice,4,86.5,8270,16126,51.3
1785431632.878,17:13:52,timeslice,5,96.7,8162,16126,50.6
1785431632.878,17:13:52,timeslice,6,95.2,8306,16126,51.5
1785431632.878,17:13:52,timeslice,7,96.1,8133,16126,50.4
1785431633.878,17:13:53,timeslice,0,97.1,8186,16126,50.8
1785431633.878,17:13:53,timeslice,1,97.0,8216,16126,50.9
1785431633.878,17:13:53,timeslice,2,96.0,8222,16126,51.0
1785431633.878,17:13:53,timeslice,3,94.1,8306,16126,51.5
1785431633.878,17:13:53,timeslice,4,86.5,8270,16126,51.3
1785431633.878,17:13:53,timeslice,5,96.7,8162,16126,50.6
1785431633.878,17:13:53,timeslice,6,95.2,8306,16126,51.5
1785431633.878,17:13:53,timeslice,7,96.1,8133,16126,50.4
1785431634.878,17:13:54,timeslice,0,97.1,8186,16126,50.8
1785431634.878,17:13:54,timeslice,1,97.0,8216,16126,50.9
1785431634.878,17:13:54,timeslice,2,96.0,8222,16126,51.0
1785431634.878,17:13:54,timeslice,3,94.1,8306,16126,51.5
1785431634.878,17:13:54,timeslice,4,86.5,8270,16126,51.3
1785431634.878,17:13:54,timeslice,5,96.7,8162,16126,50.6
1785431634.878,17:13:54,timeslice,6,95.2,8306,16126,51.5
1785431634.878,17:13:54,timeslice,7,96.1,8133,16126,50.4
1785431635.878,17:13:55,timeslice,0,97.1,8186,16126,50.8
1785431635.878,17:13:55,timeslice,1,97.0,8216,16126,50.9
1785431635.878,17:13:55,timeslice,2,96.0,8222,16126,51.0
1785431635.878,17:13:55,timeslice,3,94.1,8306,16126,51.5
1785431635.878,17:13:55,timeslice,4,86.5,8270,16126,51.3
1785431635.878,17:13:55,timeslice,5,96.7,8162,16126,50.6
1785431635.878,17:13:55,timeslice,6,95.2,8306,16126,51.5
1785431635.878,17:13:55,timeslice,7,96.1,8133,16126,50.4
1785431636.878,17:13:56,timeslice,0,95.0,6172,16126,38.3
1785431636.878,17:13:56,timeslice,1,95.9,6196,16126,38.4
1785431636.878,17:13:56,timeslice,2,94.6,6268,16126,38.9
1785431636.878,17:13:56,timeslice,3,94.2,6334,16126,39.3
1785431636.878,17:13:56,timeslice,4,89.1,6529,16126,40.5
1785431636.878,17:13:56,timeslice,5,95.4,6112,16126,37.9
1785431636.878,17:13:56,timeslice,6,94.0,6052,16126,37.5
1785431636.878,17:13:56,timeslice,7,95.7,6083,16126,37.7
1785431637.878,17:13:57,timeslice,0,95.0,6172,16126,38.3
1785431637.878,17:13:57,timeslice,1,95.9,6196,16126,38.4
1785431637.878,17:13:57,timeslice,2,94.6,6268,16126,38.9
1785431637.878,17:13:57,timeslice,3,94.2,6334,16126,39.3
1785431637.878,17:13:57,timeslice,4,89.1,6529,16126,40.5
1785431637.878,17:13:57,timeslice,5,95.4,6112,16126,37.9
1785431637.878,17:13:57,timeslice,6,94.0,6052,16126,37.5
1785431637.878,17:13:57,timeslice,7,95.7,6083,16126,37.7
1785431638.878,17:13:58,timeslice,0,95.0,6172,16126,38.3
1785431638.878,17:13:58,timeslice,1,95.9,6196,16126,38.4
1785431638.878,17:13:58,timeslice,2,94.6,6268,16126,38.9
1785431638.878,17:13:58,timeslice,3,94.2,6334,16126,39.3
1785431638.878,17:13:58,timeslice,4,89.1,6529,16126,40.5
1785431638.878,17:13:58,timeslice,5,95.4,6112,16126,37.9
1785431638.878,17:13:58,timeslice,6,94.0,6052,16126,37.5
1785431638.878,17:13:58,timeslice,7,95.7,6083,16126,37.7
1785431639.878,17:13:59,timeslice,0,95.0,6172,16126,38.3
1785431639.878,17:13:59,timeslice,1,95.9,6196,16126,38.4
1785431639.878,17:13:59,timeslice,2,94.6,6268,16126,38.9
1785431639.878,17:13:59,timeslice,3,94.2,6334,16126,39.3
1785431639.878,17:13:59,timeslice,4,89.1,6529,16126,40.5
1785431639.878,17:13:59,timeslice,5,95.4,6112,16126,37.9
1785431639.878,17:13:59,timeslice,6,94.0,6052,16126,37.5
1785431639.878,17:13:59,timeslice,7,95.7,6083,16126,37.7
1785431640.879,17:14:00,timeslice,0,95.0,6172,16126,38.3
1785431640.879,17:14:00,timeslice,1,95.9,6196,16126,38.4
1785431640.879,17:14:00,timeslice,2,94.6,6268,16126,38.9
1785431640.879,17:14:00,timeslice,3,94.2,6334,16126,39.3
1785431640.879,17:14:00,timeslice,4,89.1,6529,16126,40.5
1785431640.879,17:14:00,timeslice,5,95.4,6112,16126,37.9
1785431640.879,17:14:00,timeslice,6,94.0,6052,16126,37.5
1785431640.879,17:14:00,timeslice,7,95.7,6083,16126,37.7
1785431641.879,17:14:01,timeslice,0,96.2,6497,16126,40.3
1785431641.879,17:14:01,timeslice,1,95.9,6443,16126,40.0
1785431641.879,17:14:01,timeslice,2,93.0,6641,16126,41.2
1785431641.879,17:14:01,timeslice,3,95.5,6443,16126,40.0
1785431641.879,17:14:01,timeslice,4,94.2,6419,16126,39.8
1785431641.879,17:14:01,timeslice,5,95.8,6443,16126,40.0
1785431641.879,17:14:01,timeslice,6,94.5,6413,16126,39.8
1785431641.879,17:14:01,timeslice,7,92.6,6438,16126,39.9
1785431642.879,17:14:02,timeslice,0,96.2,6497,16126,40.3
1785431642.879,17:14:02,timeslice,1,95.9,6443,16126,40.0
1785431642.879,17:14:02,timeslice,2,93.0,6641,16126,41.2
1785431642.879,17:14:02,timeslice,3,95.5,6443,16126,40.0
1785431642.879,17:14:02,timeslice,4,94.2,6419,16126,39.8
1785431642.879,17:14:02,timeslice,5,95.8,6443,16126,40.0
1785431642.879,17:14:02,timeslice,6,94.5,6413,16126,39.8
1785431642.879,17:14:02,timeslice,7,92.6,6438,16126,39.9
1785431643.879,17:14:03,timeslice,0,96.2,6497,16126,40.3
1785431643.879,17:14:03,timeslice,1,95.9,6443,16126,40.0
1785431643.879,17:14:03,timeslice,2,93.0,6641,16126,41.2
1785431643.879,17:14:03,timeslice,3,95.5,6443,16126,40.0
1785431643.879,17:14:03,timeslice,4,94.2,6419,16126,39.8
1785431643.879,17:14:03,timeslice,5,95.8,6443,16126,40.0
1785431643.879,17:14:03,timeslice,6,94.5,6413,16126,39.8
1785431643.879,17:14:03,timeslice,7,92.6,6438,16126,39.9
1785431644.879,17:14:04,timeslice,0,96.2,6497,16126,40.3
1785431644.879,17:14:04,timeslice,1,95.9,6443,16126,40.0
1785431644.879,17:14:04,timeslice,2,93.0,6641,16126,41.2
1785431644.879,17:14:04,timeslice,3,95.5,6443,16126,40.0
1785431644.879,17:14:04,timeslice,4,94.2,6419,16126,39.8
1785431644.879,17:14:04,timeslice,5,95.8,6443,16126,40.0
1785431644.879,17:14:04,timeslice,6,94.5,6413,16126,39.8
1785431644.879,17:14:04,timeslice,7,92.6,6438,16126,39.9
1785431645.879,17:14:05,timeslice,0,96.2,6497,16126,40.3
1785431645.879,17:14:05,timeslice,1,95.9,6443,16126,40.0
1785431645.879,17:14:05,timeslice,2,93.0,6641,16126,41.2
1785431645.879,17:14:05,timeslice,3,95.5,6443,16126,40.0
1785431645.879,17:14:05,timeslice,4,94.2,6419,16126,39.8
1785431645.879,17:14:05,timeslice,5,95.8,6443,16126,40.0
1785431645.879,17:14:05,timeslice,6,94.5,6413,16126,39.8
1785431645.879,17:14:05,timeslice,7,92.6,6438,16126,39.9
1785431646.879,17:14:06,timeslice,0,93.9,6400,16126,39.7
1785431646.879,17:14:06,timeslice,1,92.7,6438,16126,39.9
1785431646.879,17:14:06,timeslice,2,94.6,6422,16126,39.8
1785431646.879,17:14:06,timeslice,3,93.6,6424,16126,39.8
1785431646.879,17:14:06,timeslice,4,93.2,6386,16126,39.6
1785431646.879,17:14:06,timeslice,5,91.8,6455,16126,40.0
1785431646.879,17:14:06,timeslice,6,85.4,6717,16126,41.7
1785431646.879,17:14:06,timeslice,7,90.6,6425,16126,39.8
1785431647.879,17:14:07,timeslice,0,93.9,6400,16126,39.7
1785431647.879,17:14:07,timeslice,1,92.7,6438,16126,39.9
1785431647.879,17:14:07,timeslice,2,94.6,6422,16126,39.8
1785431647.879,17:14:07,timeslice,3,93.6,6424,16126,39.8
1785431647.879,17:14:07,timeslice,4,93.2,6386,16126,39.6
1785431647.879,17:14:07,timeslice,5,91.8,6455,16126,40.0
1785431647.879,17:14:07,timeslice,6,85.4,6717,16126,41.7
1785431647.879,17:14:07,timeslice,7,90.6,6425,16126,39.8
1785431648.88,17:14:08,timeslice,0,93.9,6400,16126,39.7
1785431648.88,17:14:08,timeslice,1,92.7,6438,16126,39.9
1785431648.88,17:14:08,timeslice,2,94.6,6422,16126,39.8
1785431648.88,17:14:08,timeslice,3,93.6,6424,16126,39.8
1785431648.88,17:14:08,timeslice,4,93.2,6386,16126,39.6
1785431648.88,17:14:08,timeslice,5,91.8,6455,16126,40.0
1785431648.88,17:14:08,timeslice,6,85.4,6717,16126,41.7
1785431648.88,17:14:08,timeslice,7,90.6,6425,16126,39.8
1785431649.88,17:14:09,timeslice,0,93.9,6400,16126,39.7
1785431649.88,17:14:09,timeslice,1,92.7,6438,16126,39.9
1785431649.88,17:14:09,timeslice,2,94.6,6422,16126,39.8
1785431649.88,17:14:09,timeslice,3,93.6,6424,16126,39.8
1785431649.88,17:14:09,timeslice,4,93.2,6386,16126,39.6
1785431649.88,17:14:09,timeslice,5,91.8,6455,16126,40.0
1785431649.88,17:14:09,timeslice,6,85.4,6717,16126,41.7
1785431649.88,17:14:09,timeslice,7,90.6,6425,16126,39.8
1785431650.88,17:14:10,timeslice,0,93.9,6400,16126,39.7
1785431650.88,17:14:10,timeslice,1,92.7,6438,16126,39.9
1785431650.88,17:14:10,timeslice,2,94.6,6422,16126,39.8
1785431650.88,17:14:10,timeslice,3,93.6,6424,16126,39.8
1785431650.88,17:14:10,timeslice,4,93.2,6386,16126,39.6
1785431650.88,17:14:10,timeslice,5,91.8,6455,16126,40.0
1785431650.88,17:14:10,timeslice,6,85.4,6717,16126,41.7
1785431650.88,17:14:10,timeslice,7,90.6,6425,16126,39.8
1785431651.88,17:14:11,timeslice,0,97.0,7995,16126,49.6
1785431651.88,17:14:11,timeslice,1,95.0,8474,16126,52.5
1785431651.88,17:14:11,timeslice,2,95.7,8438,16126,52.3
1785431651.88,17:14:11,timeslice,3,95.3,8426,16126,52.3
1785431651.88,17:14:11,timeslice,4,92.0,8546,16126,53.0
1785431651.88,17:14:11,timeslice,5,84.1,8460,16126,52.5
1785431651.88,17:14:11,timeslice,6,96.2,8444,16126,52.4
1785431651.88,17:14:11,timeslice,7,94.6,8455,16126,52.4
1785431652.88,17:14:12,timeslice,0,97.0,7995,16126,49.6
1785431652.88,17:14:12,timeslice,1,95.0,8474,16126,52.5
1785431652.88,17:14:12,timeslice,2,95.7,8438,16126,52.3
1785431652.88,17:14:12,timeslice,3,95.3,8426,16126,52.3
1785431652.88,17:14:12,timeslice,4,92.0,8546,16126,53.0
1785431652.88,17:14:12,timeslice,5,84.1,8460,16126,52.5
1785431652.88,17:14:12,timeslice,6,96.2,8444,16126,52.4
1785431652.88,17:14:12,timeslice,7,94.6,8455,16126,52.4
1785431653.88,17:14:13,timeslice,0,97.0,7995,16126,49.6
1785431653.88,17:14:13,timeslice,1,95.0,8474,16126,52.5
1785431653.88,17:14:13,timeslice,2,95.7,8438,16126,52.3
1785431653.88,17:14:13,timeslice,3,95.3,8426,16126,52.3
1785431653.88,17:14:13,timeslice,4,92.0,8546,16126,53.0
1785431653.88,17:14:13,timeslice,5,84.1,8460,16126,52.5
1785431653.88,17:14:13,timeslice,6,96.2,8444,16126,52.4
1785431653.88,17:14:13,timeslice,7,94.6,8455,16126,52.4
1785431654.88,17:14:14,timeslice,0,97.0,7995,16126,49.6
1785431654.88,17:14:14,timeslice,1,95.0,8474,16126,52.5
1785431654.88,17:14:14,timeslice,2,95.7,8438,16126,52.3
1785431654.88,17:14:14,timeslice,3,95.3,8426,16126,52.3
1785431654.88,17:14:14,timeslice,4,92.0,8546,16126,53.0
1785431654.88,17:14:14,timeslice,5,84.1,8460,16126,52.5
1785431654.88,17:14:14,timeslice,6,96.2,8444,16126,52.4
1785431654.88,17:14:14,timeslice,7,94.6,8455,16126,52.4
1785431655.88,17:14:15,timeslice,0,97.0,7995,16126,49.6
1785431655.88,17:14:15,timeslice,1,95.0,8474,16126,52.5
1785431655.88,17:14:15,timeslice,2,95.7,8438,16126,52.3
1785431655.88,17:14:15,timeslice,3,95.3,8426,16126,52.3
1785431655.88,17:14:15,timeslice,4,92.0,8546,16126,53.0
1785431655.88,17:14:15,timeslice,5,84.1,8460,16126,52.5
1785431655.88,17:14:15,timeslice,6,96.2,8444,16126,52.4
1785431655.88,17:14:15,timeslice,7,94.6,8455,16126,52.4
1785431656.88,17:14:16,timeslice,0,96.1,7375,16126,45.7
1785431656.88,17:14:16,timeslice,1,96.0,7414,16126,46.0
1785431656.88,17:14:16,timeslice,2,87.4,7732,16126,47.9
1785431656.88,17:14:16,timeslice,3,95.2,7414,16126,46.0
1785431656.88,17:14:16,timeslice,4,91.1,7734,16126,48.0
1785431656.88,17:14:16,timeslice,5,92.4,7722,16126,47.9
1785431656.88,17:14:16,timeslice,6,94.2,7764,16126,48.1
1785431656.88,17:14:16,timeslice,7,95.8,7742,16126,48.0
1785431657.881,17:14:17,timeslice,0,96.1,7375,16126,45.7
1785431657.881,17:14:17,timeslice,1,96.0,7414,16126,46.0
1785431657.881,17:14:17,timeslice,2,87.4,7732,16126,47.9
1785431657.881,17:14:17,timeslice,3,95.2,7414,16126,46.0
1785431657.881,17:14:17,timeslice,4,91.1,7734,16126,48.0
1785431657.881,17:14:17,timeslice,5,92.4,7722,16126,47.9
1785431657.881,17:14:17,timeslice,6,94.2,7764,16126,48.1
1785431657.881,17:14:17,timeslice,7,95.8,7742,16126,48.0
1785431658.881,17:14:18,timeslice,0,96.1,7375,16126,45.7
1785431658.881,17:14:18,timeslice,1,96.0,7414,16126,46.0
1785431658.881,17:14:18,timeslice,2,87.4,7732,16126,47.9
1785431658.881,17:14:18,timeslice,3,95.2,7414,16126,46.0
1785431658.881,17:14:18,timeslice,4,91.1,7734,16126,48.0
1785431658.881,17:14:18,timeslice,5,92.4,7722,16126,47.9
1785431658.881,17:14:18,timeslice,6,94.2,7764,16126,48.1
1785431658.881,17:14:18,timeslice,7,95.8,7742,16126,48.0
1785431659.881,17:14:19,timeslice,0,96.1,7375,16126,45.7
1785431659.881,17:14:19,timeslice,1,96.0,7414,16126,46.0
1785431659.881,17:14:19,timeslice,2,87.4,7732,16126,47.9
1785431659.881,17:14:19,timeslice,3,95.2,7414,16126,46.0
1785431659.881,17:14:19,timeslice,4,91.1,7734,16126,48.0
1785431659.881,17:14:19,timeslice,5,92.4,7722,16126,47.9
1785431659.881,17:14:19,timeslice,6,94.2,7764,16126,48.1
1785431659.881,17:14:19,timeslice,7,95.8,7742,16126,48.0
1785431660.881,17:14:20,timeslice,0,96.1,7375,16126,45.7
1785431660.881,17:14:20,timeslice,1,96.0,7414,16126,46.0
1785431660.881,17:14:20,timeslice,2,87.4,7732,16126,47.9
1785431660.881,17:14:20,timeslice,3,95.2,7414,16126,46.0
1785431660.881,17:14:20,timeslice,4,91.1,7734,16126,48.0
1785431660.881,17:14:20,timeslice,5,92.4,7722,16126,47.9
1785431660.881,17:14:20,timeslice,6,94.2,7764,16126,48.1
1785431660.881,17:14:20,timeslice,7,95.8,7742,16126,48.0
1785431661.881,17:14:21,timeslice,0,95.4,10699,16126,66.3
1785431661.881,17:14:21,timeslice,1,94.1,9809,16126,60.8
1785431661.881,17:14:21,timeslice,2,95.8,9809,16126,60.8
1785431661.881,17:14:21,timeslice,3,94.8,9809,16126,60.8
1785431661.881,17:14:21,timeslice,4,95.3,10699,16126,66.3
1785431661.881,17:14:21,timeslice,5,86.6,9412,16126,58.4
1785431661.881,17:14:21,timeslice,6,95.9,10699,16126,66.3
1785431661.881,17:14:21,timeslice,7,95.3,9811,16126,60.8
1785431662.881,17:14:22,timeslice,0,95.4,10699,16126,66.3
1785431662.881,17:14:22,timeslice,1,94.1,9809,16126,60.8
1785431662.881,17:14:22,timeslice,2,95.8,9809,16126,60.8
1785431662.881,17:14:22,timeslice,3,94.8,9809,16126,60.8
1785431662.881,17:14:22,timeslice,4,95.3,10699,16126,66.3
1785431662.881,17:14:22,timeslice,5,86.6,9412,16126,58.4
1785431662.881,17:14:22,timeslice,6,95.9,10699,16126,66.3
1785431662.881,17:14:22,timeslice,7,95.3,9811,16126,60.8
1785431663.881,17:14:23,timeslice,0,95.4,10699,16126,66.3
1785431663.881,17:14:23,timeslice,1,94.1,9809,16126,60.8
1785431663.881,17:14:23,timeslice,2,95.8,9809,16126,60.8
1785431663.881,17:14:23,timeslice,3,94.8,9809,16126,60.8
1785431663.881,17:14:23,timeslice,4,95.3,10699,16126,66.3
1785431663.881,17:14:23,timeslice,5,86.6,9412,16126,58.4
1785431663.881,17:14:23,timeslice,6,95.9,10699,16126,66.3
1785431663.881,17:14:23,timeslice,7,95.3,9811,16126,60.8
1785431664.881,17:14:24,timeslice,0,95.4,10699,16126,66.3
1785431664.881,17:14:24,timeslice,1,94.1,9809,16126,60.8
1785431664.881,17:14:24,timeslice,2,95.8,9809,16126,60.8
1785431664.881,17:14:24,timeslice,3,94.8,9809,16126,60.8
1785431664.881,17:14:24,timeslice,4,95.3,10699,16126,66.3
1785431664.881,17:14:24,timeslice,5,86.6,9412,16126,58.4
1785431664.881,17:14:24,timeslice,6,95.9,10699,16126,66.3
1785431664.881,17:14:24,timeslice,7,95.3,9811,16126,60.8
1785431665.881,17:14:25,timeslice,0,95.4,10699,16126,66.3
1785431665.881,17:14:25,timeslice,1,94.1,9809,16126,60.8
1785431665.881,17:14:25,timeslice,2,95.8,9809,16126,60.8
1785431665.881,17:14:25,timeslice,3,94.8,9809,16126,60.8
1785431665.881,17:14:25,timeslice,4,95.3,10699,16126,66.3
1785431665.881,17:14:25,timeslice,5,86.6,9412,16126,58.4
1785431665.881,17:14:25,timeslice,6,95.9,10699,16126,66.3
1785431665.881,17:14:25,timeslice,7,95.3,9811,16126,60.8
1785431666.882,17:14:26,timeslice,0,93.5,8030,16126,49.8
1785431666.882,17:14:26,timeslice,1,93.9,8064,16126,50.0
1785431666.882,17:14:26,timeslice,2,94.7,8162,16126,50.6
1785431666.882,17:14:26,timeslice,3,93.6,8162,16126,50.6
1785431666.882,17:14:26,timeslice,4,84.0,8060,16126,50.0
1785431666.882,17:14:26,timeslice,5,95.6,8126,16126,50.4
1785431666.882,17:14:26,timeslice,6,93.6,8030,16126,49.8
1785431666.882,17:14:26,timeslice,7,92.5,8098,16126,50.2
1785431667.882,17:14:27,timeslice,0,93.5,8030,16126,49.8
1785431667.882,17:14:27,timeslice,1,93.9,8064,16126,50.0
1785431667.882,17:14:27,timeslice,2,94.7,8162,16126,50.6
1785431667.882,17:14:27,timeslice,3,93.6,8162,16126,50.6
1785431667.882,17:14:27,timeslice,4,84.0,8060,16126,50.0
1785431667.882,17:14:27,timeslice,5,95.6,8126,16126,50.4
1785431667.882,17:14:27,timeslice,6,93.6,8030,16126,49.8
1785431667.882,17:14:27,timeslice,7,92.5,8098,16126,50.2
1785431668.882,17:14:28,timeslice,0,93.5,8030,16126,49.8
1785431668.882,17:14:28,timeslice,1,93.9,8064,16126,50.0
1785431668.882,17:14:28,timeslice,2,94.7,8162,16126,50.6
1785431668.882,17:14:28,timeslice,3,93.6,8162,16126,50.6
1785431668.882,17:14:28,timeslice,4,84.0,8060,16126,50.0
1785431668.882,17:14:28,timeslice,5,95.6,8126,16126,50.4
1785431668.882,17:14:28,timeslice,6,93.6,8030,16126,49.8
1785431668.882,17:14:28,timeslice,7,92.5,8098,16126,50.2
1785431669.882,17:14:29,timeslice,0,93.5,8030,16126,49.8
1785431669.882,17:14:29,timeslice,1,93.9,8064,16126,50.0
1785431669.882,17:14:29,timeslice,2,94.7,8162,16126,50.6
1785431669.882,17:14:29,timeslice,3,93.6,8162,16126,50.6
1785431669.882,17:14:29,timeslice,4,84.0,8060,16126,50.0
1785431669.882,17:14:29,timeslice,5,95.6,8126,16126,50.4
1785431669.882,17:14:29,timeslice,6,93.6,8030,16126,49.8
1785431669.882,17:14:29,timeslice,7,92.5,8098,16126,50.2
1785431670.882,17:14:30,timeslice,0,93.5,8030,16126,49.8
1785431670.882,17:14:30,timeslice,1,93.9,8064,16126,50.0
1785431670.882,17:14:30,timeslice,2,94.7,8162,16126,50.6
1785431670.882,17:14:30,timeslice,3,93.6,8162,16126,50.6
1785431670.882,17:14:30,timeslice,4,84.0,8060,16126,50.0
1785431670.882,17:14:30,timeslice,5,95.6,8126,16126,50.4
1785431670.882,17:14:30,timeslice,6,93.6,8030,16126,49.8
1785431670.882,17:14:30,timeslice,7,92.5,8098,16126,50.2
1785431671.882,17:14:31,timeslice,0,95.5,7498,16126,46.5
1785431671.882,17:14:31,timeslice,1,95.6,7498,16126,46.5
1785431671.882,17:14:31,timeslice,2,95.2,7498,16126,46.5
1785431671.882,17:14:31,timeslice,3,90.0,7837,16126,48.6
1785431671.882,17:14:31,timeslice,4,95.1,7498,16126,46.5
1785431671.882,17:14:31,timeslice,5,91.7,7856,16126,48.7
1785431671.882,17:14:31,timeslice,6,95.5,7855,16126,48.7
1785431671.882,17:14:31,timeslice,7,92.5,7500,16126,46.5
1785431672.882,17:14:32,timeslice,0,95.5,7498,16126,46.5
1785431672.882,17:14:32,timeslice,1,95.6,7498,16126,46.5
1785431672.882,17:14:32,timeslice,2,95.2,7498,16126,46.5
1785431672.882,17:14:32,timeslice,3,90.0,7837,16126,48.6
1785431672.882,17:14:32,timeslice,4,95.1,7498,16126,46.5
1785431672.882,17:14:32,timeslice,5,91.7,7856,16126,48.7
1785431672.882,17:14:32,timeslice,6,95.5,7855,16126,48.7
1785431672.882,17:14:32,timeslice,7,92.5,7500,16126,46.5
1785431673.882,17:14:33,timeslice,0,95.5,7498,16126,46.5
1785431673.882,17:14:33,timeslice,1,95.6,7498,16126,46.5
1785431673.882,17:14:33,timeslice,2,95.2,7498,16126,46.5
1785431673.882,17:14:33,timeslice,3,90.0,7837,16126,48.6
1785431673.882,17:14:33,timeslice,4,95.1,7498,16126,46.5
1785431673.882,17:14:33,timeslice,5,91.7,7856,16126,48.7
1785431673.882,17:14:33,timeslice,6,95.5,7855,16126,48.7
1785431673.882,17:14:33,timeslice,7,92.5,7500,16126,46.5
1785431674.882,17:14:34,timeslice,0,95.5,7498,16126,46.5
1785431674.882,17:14:34,timeslice,1,95.6,7498,16126,46.5
1785431674.882,17:14:34,timeslice,2,95.2,7498,16126,46.5
1785431674.882,17:14:34,timeslice,3,90.0,7837,16126,48.6
1785431674.882,17:14:34,timeslice,4,95.1,7498,16126,46.5
1785431674.882,17:14:34,timeslice,5,91.7,7856,16126,48.7
1785431674.882,17:14:34,timeslice,6,95.5,7855,16126,48.7
1785431674.882,17:14:34,timeslice,7,92.5,7500,16126,46.5
1785431675.883,17:14:35,timeslice,0,95.5,7498,16126,46.5
1785431675.883,17:14:35,timeslice,1,95.6,7498,16126,46.5
1785431675.883,17:14:35,timeslice,2,95.2,7498,16126,46.5
1785431675.883,17:14:35,timeslice,3,90.0,7837,16126,48.6
1785431675.883,17:14:35,timeslice,4,95.1,7498,16126,46.5
1785431675.883,17:14:35,timeslice,5,91.7,7856,16126,48.7
1785431675.883,17:14:35,timeslice,6,95.5,7855,16126,48.7
1785431675.883,17:14:35,timeslice,7,92.5,7500,16126,46.5
1785431676.883,17:14:36,timeslice,0,94.3,5803,16126,36.0
1785431676.883,17:14:36,timeslice,1,94.7,5803,16126,36.0
1785431676.883,17:14:36,timeslice,2,95.8,5803,16126,36.0
1785431676.883,17:14:36,timeslice,3,90.8,5803,16126,36.0
1785431676.883,17:14:36,timeslice,4,95.6,5803,16126,36.0
1785431676.883,17:14:36,timeslice,5,93.3,5803,16126,36.0
1785431676.883,17:14:36,timeslice,6,95.9,5803,16126,36.0
1785431676.883,17:14:36,timeslice,7,94.6,5804,16126,36.0
1785431677.883,17:14:37,timeslice,0,94.3,5803,16126,36.0
1785431677.883,17:14:37,timeslice,1,94.7,5803,16126,36.0
1785431677.883,17:14:37,timeslice,2,95.8,5803,16126,36.0
1785431677.883,17:14:37,timeslice,3,90.8,5803,16126,36.0
1785431677.883,17:14:37,timeslice,4,95.6,5803,16126,36.0
1785431677.883,17:14:37,timeslice,5,93.3,5803,16126,36.0
1785431677.883,17:14:37,timeslice,6,95.9,5803,16126,36.0
1785431677.883,17:14:37,timeslice,7,94.6,5804,16126,36.0
1785431678.883,17:14:38,timeslice,0,94.3,5803,16126,36.0
1785431678.883,17:14:38,timeslice,1,94.7,5803,16126,36.0
1785431678.883,17:14:38,timeslice,2,95.8,5803,16126,36.0
1785431678.883,17:14:38,timeslice,3,90.8,5803,16126,36.0
1785431678.883,17:14:38,timeslice,4,95.6,5803,16126,36.0
1785431678.883,17:14:38,timeslice,5,93.3,5803,16126,36.0
1785431678.883,17:14:38,timeslice,6,95.9,5803,16126,36.0
1785431678.883,17:14:38,timeslice,7,94.6,5804,16126,36.0
1785431679.883,17:14:39,timeslice,0,94.3,5803,16126,36.0
1785431679.883,17:14:39,timeslice,1,94.7,5803,16126,36.0
1785431679.883,17:14:39,timeslice,2,95.8,5803,16126,36.0
1785431679.883,17:14:39,timeslice,3,90.8,5803,16126,36.0
1785431679.883,17:14:39,timeslice,4,95.6,5803,16126,36.0
1785431679.883,17:14:39,timeslice,5,93.3,5803,16126,36.0
1785431679.883,17:14:39,timeslice,6,95.9,5803,16126,36.0
1785431679.883,17:14:39,timeslice,7,94.6,5804,16126,36.0
1785431680.883,17:14:40,timeslice,0,94.3,5803,16126,36.0
1785431680.883,17:14:40,timeslice,1,94.7,5803,16126,36.0
1785431680.883,17:14:40,timeslice,2,95.8,5803,16126,36.0
1785431680.883,17:14:40,timeslice,3,90.8,5803,16126,36.0
1785431680.883,17:14:40,timeslice,4,95.6,5803,16126,36.0
1785431680.883,17:14:40,timeslice,5,93.3,5803,16126,36.0
1785431680.883,17:14:40,timeslice,6,95.9,5803,16126,36.0
1785431680.883,17:14:40,timeslice,7,94.6,5804,16126,36.0
1785431681.883,17:14:41,timeslice,0,95.4,5312,16126,32.9
1785431681.883,17:14:41,timeslice,1,96.6,5422,16126,33.6
1785431681.883,17:14:41,timeslice,2,97.2,5445,16126,33.8
1785431681.883,17:14:41,timeslice,3,92.7,5458,16126,33.8
1785431681.883,17:14:41,timeslice,4,96.3,5458,16126,33.8
1785431681.883,17:14:41,timeslice,5,86.2,6616,16126,41.0
1785431681.883,17:14:41,timeslice,6,97.1,5428,16126,33.7
1785431681.883,17:14:41,timeslice,7,97.4,5460,16126,33.9
1785431682.883,17:14:42,timeslice,0,95.4,5312,16126,32.9
1785431682.883,17:14:42,timeslice,1,96.6,5422,16126,33.6
1785431682.883,17:14:42,timeslice,2,97.2,5445,16126,33.8
1785431682.883,17:14:42,timeslice,3,92.7,5458,16126,33.8
1785431682.883,17:14:42,timeslice,4,96.3,5458,16126,33.8
1785431682.883,17:14:42,timeslice,5,86.2,6616,16126,41.0
1785431682.883,17:14:42,timeslice,6,97.1,5428,16126,33.7
1785431682.883,17:14:42,timeslice,7,97.4,5460,16126,33.9
1785431683.883,17:14:43,timeslice,0,95.4,5312,16126,32.9
1785431683.883,17:14:43,timeslice,1,96.6,5422,16126,33.6
1785431683.883,17:14:43,timeslice,2,97.2,5445,16126,33.8
1785431683.883,17:14:43,timeslice,3,92.7,5458,16126,33.8
1785431683.883,17:14:43,timeslice,4,96.3,5458,16126,33.8
1785431683.883,17:14:43,timeslice,5,86.2,6616,16126,41.0
1785431683.883,17:14:43,timeslice,6,97.1,5428,16126,33.7
1785431683.883,17:14:43,timeslice,7,97.4,5460,16126,33.9
1785431684.883,17:14:44,timeslice,0,95.4,5312,16126,32.9
1785431684.883,17:14:44,timeslice,1,96.6,5422,16126,33.6
1785431684.883,17:14:44,timeslice,2,97.2,5445,16126,33.8
1785431684.883,17:14:44,timeslice,3,92.7,5458,16126,33.8
1785431684.883,17:14:44,timeslice,4,96.3,5458,16126,33.8
1785431684.883,17:14:44,timeslice,5,86.2,6616,16126,41.0
1785431684.883,17:14:44,timeslice,6,97.1,5428,16126,33.7
1785431684.883,17:14:44,timeslice,7,97.4,5460,16126,33.9
1785431685.884,17:14:45,timeslice,0,95.4,5312,16126,32.9
1785431685.884,17:14:45,timeslice,1,96.6,5422,16126,33.6
1785431685.884,17:14:45,timeslice,2,97.2,5445,16126,33.8
1785431685.884,17:14:45,timeslice,3,92.7,5458,16126,33.8
1785431685.884,17:14:45,timeslice,4,96.3,5458,16126,33.8
1785431685.884,17:14:45,timeslice,5,86.2,6616,16126,41.0
1785431685.884,17:14:45,timeslice,6,97.1,5428,16126,33.7
1785431685.884,17:14:45,timeslice,7,97.4,5460,16126,33.9
1785431686.884,17:14:46,timeslice,0,94.0,8814,16126,54.7
1785431686.884,17:14:46,timeslice,1,93.3,9745,16126,60.4
1785431686.884,17:14:46,timeslice,2,92.7,8763,16126,54.3
1785431686.884,17:14:46,timeslice,3,91.9,8784,16126,54.5
1785431686.884,17:14:46,timeslice,4,92.0,8790,16126,54.5
1785431686.884,17:14:46,timeslice,5,93.1,8917,16126,55.3
1785431686.884,17:14:46,timeslice,6,88.7,8778,16126,54.4
1785431686.884,17:14:46,timeslice,7,84.5,8797,16126,54.6
1785431687.884,17:14:47,timeslice,0,94.0,8814,16126,54.7
1785431687.884,17:14:47,timeslice,1,93.3,9745,16126,60.4
1785431687.884,17:14:47,timeslice,2,92.7,8763,16126,54.3
1785431687.884,17:14:47,timeslice,3,91.9,8784,16126,54.5
1785431687.884,17:14:47,timeslice,4,92.0,8790,16126,54.5
1785431687.884,17:14:47,timeslice,5,93.1,8917,16126,55.3
1785431687.884,17:14:47,timeslice,6,88.7,8778,16126,54.4
1785431687.884,17:14:47,timeslice,7,84.5,8797,16126,54.6
1785431688.884,17:14:48,timeslice,0,94.0,8814,16126,54.7
1785431688.884,17:14:48,timeslice,1,93.3,9745,16126,60.4
1785431688.884,17:14:48,timeslice,2,92.7,8763,16126,54.3
1785431688.884,17:14:48,timeslice,3,91.9,8784,16126,54.5
1785431688.884,17:14:48,timeslice,4,92.0,8790,16126,54.5
1785431688.884,17:14:48,timeslice,5,93.1,8917,16126,55.3
1785431688.884,17:14:48,timeslice,6,88.7,8778,16126,54.4
1785431688.884,17:14:48,timeslice,7,84.5,8797,16126,54.6
1785431689.884,17:14:49,timeslice,0,94.0,8814,16126,54.7
1785431689.884,17:14:49,timeslice,1,93.3,9745,16126,60.4
1785431689.884,17:14:49,timeslice,2,92.7,8763,16126,54.3
1785431689.884,17:14:49,timeslice,3,91.9,8784,16126,54.5
1785431689.884,17:14:49,timeslice,4,92.0,8790,16126,54.5
1785431689.884,17:14:49,timeslice,5,93.1,8917,16126,55.3
1785431689.884,17:14:49,timeslice,6,88.7,8778,16126,54.4
1785431689.884,17:14:49,timeslice,7,84.5,8797,16126,54.6
1785431690.884,17:14:50,timeslice,0,94.0,8814,16126,54.7
1785431690.884,17:14:50,timeslice,1,93.3,9745,16126,60.4
1785431690.884,17:14:50,timeslice,2,92.7,8763,16126,54.3
1785431690.884,17:14:50,timeslice,3,91.9,8784,16126,54.5
1785431690.884,17:14:50,timeslice,4,92.0,8790,16126,54.5
1785431690.884,17:14:50,timeslice,5,93.1,8917,16126,55.3
1785431690.884,17:14:50,timeslice,6,88.7,8778,16126,54.4
1785431690.884,17:14:50,timeslice,7,84.5,8797,16126,54.6
1785431691.884,17:14:51,timeslice,0,97.2,7161,16126,44.4
1785431691.884,17:14:51,timeslice,1,95.5,7161,16126,44.4
1785431691.884,17:14:51,timeslice,2,85.9,6917,16126,42.9
1785431691.884,17:14:51,timeslice,3,94.8,7161,16126,44.4
1785431691.884,17:14:51,timeslice,4,96.1,6993,16126,43.4
1785431691.884,17:14:51,timeslice,5,90.3,7107,16126,44.1
1785431691.884,17:14:51,timeslice,6,98.9,7161,16126,44.4
1785431691.884,17:14:51,timeslice,7,97.2,7163,16126,44.4
1785431692.884,17:14:52,timeslice,0,97.2,7161,16126,44.4
1785431692.884,17:14:52,timeslice,1,95.5,7161,16126,44.4
1785431692.884,17:14:52,timeslice,2,85.9,6917,16126,42.9
1785431692.884,17:14:52,timeslice,3,94.8,7161,16126,44.4
1785431692.884,17:14:52,timeslice,4,96.1,6993,16126,43.4
1785431692.884,17:14:52,timeslice,5,90.3,7107,16126,44.1
1785431692.884,17:14:52,timeslice,6,98.9,7161,16126,44.4
1785431692.884,17:14:52,timeslice,7,97.2,7163,16126,44.4
1785431693.884,17:14:53,timeslice,0,97.2,7161,16126,44.4
1785431693.884,17:14:53,timeslice,1,95.5,7161,16126,44.4
1785431693.884,17:14:53,timeslice,2,85.9,6917,16126,42.9
1785431693.884,17:14:53,timeslice,3,94.8,7161,16126,44.4
1785431693.884,17:14:53,timeslice,4,96.1,6993,16126,43.4
1785431693.884,17:14:53,timeslice,5,90.3,7107,16126,44.1
1785431693.884,17:14:53,timeslice,6,98.9,7161,16126,44.4
1785431693.884,17:14:53,timeslice,7,97.2,7163,16126,44.4
1785431694.884,17:14:54,timeslice,0,97.2,7161,16126,44.4
1785431694.884,17:14:54,timeslice,1,95.5,7161,16126,44.4
1785431694.884,17:14:54,timeslice,2,85.9,6917,16126,42.9
1785431694.884,17:14:54,timeslice,3,94.8,7161,16126,44.4
1785431694.884,17:14:54,timeslice,4,96.1,6993,16126,43.4
1785431694.884,17:14:54,timeslice,5,90.3,7107,16126,44.1
1785431694.884,17:14:54,timeslice,6,98.9,7161,16126,44.4
1785431694.884,17:14:54,timeslice,7,97.2,7163,16126,44.4
1785431695.885,17:14:55,timeslice,0,97.2,7161,16126,44.4
1785431695.885,17:14:55,timeslice,1,95.5,7161,16126,44.4
1785431695.885,17:14:55,timeslice,2,85.9,6917,16126,42.9
1785431695.885,17:14:55,timeslice,3,94.8,7161,16126,44.4
1785431695.885,17:14:55,timeslice,4,96.1,6993,16126,43.4
1785431695.885,17:14:55,timeslice,5,90.3,7107,16126,44.1
1785431695.885,17:14:55,timeslice,6,98.9,7161,16126,44.4
1785431695.885,17:14:55,timeslice,7,97.2,7163,16126,44.4
1785431696.885,17:14:56,timeslice,0,96.3,6627,16126,41.1
1785431696.885,17:14:56,timeslice,1,95.8,6567,16126,40.7
1785431696.885,17:14:56,timeslice,2,88.2,6770,16126,42.0
1785431696.885,17:14:56,timeslice,3,95.4,6653,16126,41.3
1785431696.885,17:14:56,timeslice,4,95.6,6605,16126,41.0
1785431696.885,17:14:56,timeslice,5,95.9,6605,16126,41.0
1785431696.885,17:14:56,timeslice,6,96.3,6563,16126,40.7
1785431696.885,17:14:56,timeslice,7,96.0,6607,16126,41.0
1785431697.885,17:14:57,timeslice,0,96.3,6627,16126,41.1
1785431697.885,17:14:57,timeslice,1,95.8,6567,16126,40.7
1785431697.885,17:14:57,timeslice,2,88.2,6770,16126,42.0
1785431697.885,17:14:57,timeslice,3,95.4,6653,16126,41.3
1785431697.885,17:14:57,timeslice,4,95.6,6605,16126,41.0
1785431697.885,17:14:57,timeslice,5,95.9,6605,16126,41.0
1785431697.885,17:14:57,timeslice,6,96.3,6563,16126,40.7
1785431697.885,17:14:57,timeslice,7,96.0,6607,16126,41.0
1785431698.885,17:14:58,timeslice,0,96.3,6627,16126,41.1
1785431698.885,17:14:58,timeslice,1,95.8,6567,16126,40.7
1785431698.885,17:14:58,timeslice,2,88.2,6770,16126,42.0
1785431698.885,17:14:58,timeslice,3,95.4,6653,16126,41.3
1785431698.885,17:14:58,timeslice,4,95.6,6605,16126,41.0
1785431698.885,17:14:58,timeslice,5,95.9,6605,16126,41.0
1785431698.885,17:14:58,timeslice,6,96.3,6563,16126,40.7
1785431698.885,17:14:58,timeslice,7,96.0,6607,16126,41.0
1785431699.885,17:14:59,timeslice,0,96.3,6627,16126,41.1
1785431699.885,17:14:59,timeslice,1,95.8,6567,16126,40.7
1785431699.885,17:14:59,timeslice,2,88.2,6770,16126,42.0
1785431699.885,17:14:59,timeslice,3,95.4,6653,16126,41.3
1785431699.885,17:14:59,timeslice,4,95.6,6605,16126,41.0
1785431699.885,17:14:59,timeslice,5,95.9,6605,16126,41.0
1785431699.885,17:14:59,timeslice,6,96.3,6563,16126,40.7
1785431699.885,17:14:59,timeslice,7,96.0,6607,16126,41.0
1785431700.885,17:15:00,timeslice,0,96.3,6627,16126,41.1
1785431700.885,17:15:00,timeslice,1,95.8,6567,16126,40.7
1785431700.885,17:15:00,timeslice,2,88.2,6770,16126,42.0
1785431700.885,17:15:00,timeslice,3,95.4,6653,16126,41.3
1785431700.885,17:15:00,timeslice,4,95.6,6605,16126,41.0
1785431700.885,17:15:00,timeslice,5,95.9,6605,16126,41.0
1785431700.885,17:15:00,timeslice,6,96.3,6563,16126,40.7
1785431700.885,17:15:00,timeslice,7,96.0,6607,16126,41.0
1785431701.885,17:15:01,timeslice,0,95.8,6087,16126,37.7
1785431701.885,17:15:01,timeslice,1,88.3,6087,16126,37.7
1785431701.885,17:15:01,timeslice,2,92.7,6087,16126,37.7
1785431701.885,17:15:01,timeslice,3,95.4,5197,16126,32.2
1785431701.885,17:15:01,timeslice,4,96.3,5197,16126,32.2
1785431701.885,17:15:01,timeslice,5,94.7,5197,16126,32.2
1785431701.885,17:15:01,timeslice,6,94.5,6087,16126,37.7
1785431701.885,17:15:01,timeslice,7,95.9,5198,16126,32.2
1785431702.885,17:15:02,timeslice,0,95.8,6087,16126,37.7
1785431702.885,17:15:02,timeslice,1,88.3,6087,16126,37.7
1785431702.885,17:15:02,timeslice,2,92.7,6087,16126,37.7
1785431702.885,17:15:02,timeslice,3,95.4,5197,16126,32.2
1785431702.885,17:15:02,timeslice,4,96.3,5197,16126,32.2
1785431702.885,17:15:02,timeslice,5,94.7,5197,16126,32.2
1785431702.885,17:15:02,timeslice,6,94.5,6087,16126,37.7
1785431702.885,17:15:02,timeslice,7,95.9,5198,16126,32.2
1785431703.885,17:15:03,timeslice,0,95.8,6087,16126,37.7
1785431703.885,17:15:03,timeslice,1,88.3,6087,16126,37.7
1785431703.885,17:15:03,timeslice,2,92.7,6087,16126,37.7
1785431703.885,17:15:03,timeslice,3,95.4,5197,16126,32.2
1785431703.885,17:15:03,timeslice,4,96.3,5197,16126,32.2
1785431703.885,17:15:03,timeslice,5,94.7,5197,16126,32.2
1785431703.885,17:15:03,timeslice,6,94.5,6087,16126,37.7
1785431703.885,17:15:03,timeslice,7,95.9,5198,16126,32.2
1785431704.885,17:15:04,timeslice,0,95.8,6087,16126,37.7
1785431704.885,17:15:04,timeslice,1,88.3,6087,16126,37.7
1785431704.885,17:15:04,timeslice,2,92.7,6087,16126,37.7
1785431704.885,17:15:04,timeslice,3,95.4,5197,16126,32.2
1785431704.885,17:15:04,timeslice,4,96.3,5197,16126,32.2
1785431704.885,17:15:04,timeslice,5,94.7,5197,16126,32.2
1785431704.885,17:15:04,timeslice,6,94.5,6087,16126,37.7
1785431704.885,17:15:04,timeslice,7,95.9,5198,16126,32.2
1785431705.886,17:15:05,timeslice,0,95.8,6087,16126,37.7
1785431705.886,17:15:05,timeslice,1,88.3,6087,16126,37.7
1785431705.886,17:15:05,timeslice,2,92.7,6087,16126,37.7
1785431705.886,17:15:05,timeslice,3,95.4,5197,16126,32.2
1785431705.886,17:15:05,timeslice,4,96.3,5197,16126,32.2
1785431705.886,17:15:05,timeslice,5,94.7,5197,16126,32.2
1785431705.886,17:15:05,timeslice,6,94.5,6087,16126,37.7
1785431705.886,17:15:05,timeslice,7,95.9,5198,16126,32.2
1785431706.886,17:15:06,timeslice,0,93.3,6039,16126,37.4
1785431706.886,17:15:06,timeslice,1,90.3,6083,16126,37.7
1785431706.886,17:15:06,timeslice,2,88.5,6111,16126,37.9
1785431706.886,17:15:06,timeslice,3,93.8,6067,16126,37.6
1785431706.886,17:15:06,timeslice,4,92.6,6005,16126,37.2
1785431706.886,17:15:06,timeslice,5,93.7,6101,16126,37.8
1785431706.886,17:15:06,timeslice,6,91.7,6064,16126,37.6
1785431706.886,17:15:06,timeslice,7,94.2,6027,16126,37.4
1785431707.886,17:15:07,timeslice,0,93.3,6039,16126,37.4
1785431707.886,17:15:07,timeslice,1,90.3,6083,16126,37.7
1785431707.886,17:15:07,timeslice,2,88.5,6111,16126,37.9
1785431707.886,17:15:07,timeslice,3,93.8,6067,16126,37.6
1785431707.886,17:15:07,timeslice,4,92.6,6005,16126,37.2
1785431707.886,17:15:07,timeslice,5,93.7,6101,16126,37.8
1785431707.886,17:15:07,timeslice,6,91.7,6064,16126,37.6
1785431707.886,17:15:07,timeslice,7,94.2,6027,16126,37.4
1785431708.886,17:15:08,timeslice,0,93.3,6039,16126,37.4
1785431708.886,17:15:08,timeslice,1,90.3,6083,16126,37.7
1785431708.886,17:15:08,timeslice,2,88.5,6111,16126,37.9
1785431708.886,17:15:08,timeslice,3,93.8,6067,16126,37.6
1785431708.886,17:15:08,timeslice,4,92.6,6005,16126,37.2
1785431708.886,17:15:08,timeslice,5,93.7,6101,16126,37.8
1785431708.886,17:15:08,timeslice,6,91.7,6064,16126,37.6
1785431708.886,17:15:08,timeslice,7,94.2,6027,16126,37.4
1785431709.886,17:15:09,timeslice,0,93.3,6039,16126,37.4
1785431709.886,17:15:09,timeslice,1,90.3,6083,16126,37.7
1785431709.886,17:15:09,timeslice,2,88.5,6111,16126,37.9
1785431709.886,17:15:09,timeslice,3,93.8,6067,16126,37.6
1785431709.886,17:15:09,timeslice,4,92.6,6005,16126,37.2
1785431709.886,17:15:09,timeslice,5,93.7,6101,16126,37.8
1785431709.886,17:15:09,timeslice,6,91.7,6064,16126,37.6
1785431709.886,17:15:09,timeslice,7,94.2,6027,16126,37.4
1785431710.886,17:15:10,timeslice,0,93.3,6039,16126,37.4
1785431710.886,17:15:10,timeslice,1,90.3,6083,16126,37.7
1785431710.886,17:15:10,timeslice,2,88.5,6111,16126,37.9
1785431710.886,17:15:10,timeslice,3,93.8,6067,16126,37.6
1785431710.886,17:15:10,timeslice,4,92.6,6005,16126,37.2
1785431710.886,17:15:10,timeslice,5,93.7,6101,16126,37.8
1785431710.886,17:15:10,timeslice,6,91.7,6064,16126,37.6
1785431710.886,17:15:10,timeslice,7,94.2,6027,16126,37.4
1785431711.886,17:15:11,timeslice,0,95.7,7570,16126,46.9
1785431711.886,17:15:11,timeslice,1,94.0,7236,16126,44.9
1785431711.886,17:15:11,timeslice,2,95.3,7570,16126,46.9
1785431711.886,17:15:11,timeslice,3,94.8,7570,16126,46.9
1785431711.886,17:15:11,timeslice,4,95.4,7570,16126,46.9
1785431711.886,17:15:11,timeslice,5,94.1,7570,16126,46.9
1785431711.886,17:15:11,timeslice,6,89.8,7570,16126,46.9
1785431711.886,17:15:11,timeslice,7,94.9,7572,16126,47.0
1785431712.886,17:15:12,timeslice,0,95.7,7570,16126,46.9
1785431712.886,17:15:12,timeslice,1,94.0,7236,16126,44.9
1785431712.886,17:15:12,timeslice,2,95.3,7570,16126,46.9
1785431712.886,17:15:12,timeslice,3,94.8,7570,16126,46.9
1785431712.886,17:15:12,timeslice,4,95.4,7570,16126,46.9
1785431712.886,17:15:12,timeslice,5,94.1,7570,16126,46.9
1785431712.886,17:15:12,timeslice,6,89.8,7570,16126,46.9
1785431712.886,17:15:12,timeslice,7,94.9,7572,16126,47.0
1785431713.886,17:15:13,timeslice,0,95.7,7570,16126,46.9
1785431713.886,17:15:13,timeslice,1,94.0,7236,16126,44.9
1785431713.886,17:15:13,timeslice,2,95.3,7570,16126,46.9
1785431713.886,17:15:13,timeslice,3,94.8,7570,16126,46.9
1785431713.886,17:15:13,timeslice,4,95.4,7570,16126,46.9
1785431713.886,17:15:13,timeslice,5,94.1,7570,16126,46.9
1785431713.886,17:15:13,timeslice,6,89.8,7570,16126,46.9
1785431713.886,17:15:13,timeslice,7,94.9,7572,16126,47.0
1785431714.886,17:15:14,timeslice,0,95.7,7570,16126,46.9
1785431714.886,17:15:14,timeslice,1,94.0,7236,16126,44.9
1785431714.886,17:15:14,timeslice,2,95.3,7570,16126,46.9
1785431714.886,17:15:14,timeslice,3,94.8,7570,16126,46.9
1785431714.886,17:15:14,timeslice,4,95.4,7570,16126,46.9
1785431714.886,17:15:14,timeslice,5,94.1,7570,16126,46.9
1785431714.886,17:15:14,timeslice,6,89.8,7570,16126,46.9
1785431714.886,17:15:14,timeslice,7,94.9,7572,16126,47.0
1785431715.887,17:15:15,timeslice,0,95.7,7570,16126,46.9
1785431715.887,17:15:15,timeslice,1,94.0,7236,16126,44.9
1785431715.887,17:15:15,timeslice,2,95.3,7570,16126,46.9
1785431715.887,17:15:15,timeslice,3,94.8,7570,16126,46.9
1785431715.887,17:15:15,timeslice,4,95.4,7570,16126,46.9
1785431715.887,17:15:15,timeslice,5,94.1,7570,16126,46.9
1785431715.887,17:15:15,timeslice,6,89.8,7570,16126,46.9
1785431715.887,17:15:15,timeslice,7,94.9,7572,16126,47.0
1785431716.887,17:15:16,timeslice,0,95.7,6611,16126,41.0
1785431716.887,17:15:16,timeslice,1,93.4,6611,16126,41.0
1785431716.887,17:15:16,timeslice,2,94.5,6908,16126,42.8
1785431716.887,17:15:16,timeslice,3,95.1,6944,16126,43.1
1785431716.887,17:15:16,timeslice,4,95.9,6611,16126,41.0
1785431716.887,17:15:16,timeslice,5,95.7,6611,16126,41.0
1785431716.887,17:15:16,timeslice,6,92.1,6594,16126,40.9
1785431716.887,17:15:16,timeslice,7,96.0,6613,16126,41.0
1785431717.887,17:15:17,timeslice,0,95.7,6611,16126,41.0
1785431717.887,17:15:17,timeslice,1,93.4,6611,16126,41.0
1785431717.887,17:15:17,timeslice,2,94.5,6908,16126,42.8
1785431717.887,17:15:17,timeslice,3,95.1,6944,16126,43.1
1785431717.887,17:15:17,timeslice,4,95.9,6611,16126,41.0
1785431717.887,17:15:17,timeslice,5,95.7,6611,16126,41.0
1785431717.887,17:15:17,timeslice,6,92.1,6594,16126,40.9
1785431717.887,17:15:17,timeslice,7,96.0,6613,16126,41.0
1785431718.887,17:15:18,timeslice,0,95.7,6611,16126,41.0
1785431718.887,17:15:18,timeslice,1,93.4,6611,16126,41.0
1785431718.887,17:15:18,timeslice,2,94.5,6908,16126,42.8
1785431718.887,17:15:18,timeslice,3,95.1,6944,16126,43.1
1785431718.887,17:15:18,timeslice,4,95.9,6611,16126,41.0
1785431718.887,17:15:18,timeslice,5,95.7,6611,16126,41.0
1785431718.887,17:15:18,timeslice,6,92.1,6594,16126,40.9
1785431718.887,17:15:18,timeslice,7,96.0,6613,16126,41.0
1785431719.887,17:15:19,timeslice,0,95.7,6611,16126,41.0
1785431719.887,17:15:19,timeslice,1,93.4,6611,16126,41.0
1785431719.887,17:15:19,timeslice,2,94.5,6908,16126,42.8
1785431719.887,17:15:19,timeslice,3,95.1,6944,16126,43.1
1785431719.887,17:15:19,timeslice,4,95.9,6611,16126,41.0
1785431719.887,17:15:19,timeslice,5,95.7,6611,16126,41.0
1785431719.887,17:15:19,timeslice,6,92.1,6594,16126,40.9
1785431719.887,17:15:19,timeslice,7,96.0,6613,16126,41.0
1785431720.887,17:15:20,timeslice,0,95.7,6611,16126,41.0
1785431720.887,17:15:20,timeslice,1,93.4,6611,16126,41.0
1785431720.887,17:15:20,timeslice,2,94.5,6908,16126,42.8
1785431720.887,17:15:20,timeslice,3,95.1,6944,16126,43.1
1785431720.887,17:15:20,timeslice,4,95.9,6611,16126,41.0
1785431720.887,17:15:20,timeslice,5,95.7,6611,16126,41.0
1785431720.887,17:15:20,timeslice,6,92.1,6594,16126,40.9
1785431720.887,17:15:20,timeslice,7,96.0,6613,16126,41.0
1785431721.887,17:15:21,timeslice,0,92.7,7150,16126,44.3
1785431721.887,17:15:21,timeslice,1,93.2,7314,16126,45.4
1785431721.887,17:15:21,timeslice,2,93.3,7211,16126,44.7
1785431721.887,17:15:21,timeslice,3,89.5,7235,16126,44.9
1785431721.887,17:15:21,timeslice,4,94.1,7278,16126,45.1
1785431721.887,17:15:21,timeslice,5,94.4,7235,16126,44.9
1785431721.887,17:15:21,timeslice,6,94.5,7308,16126,45.3
1785431721.887,17:15:21,timeslice,7,88.3,7292,16126,45.2
1785431722.887,17:15:22,timeslice,0,92.7,7150,16126,44.3
1785431722.887,17:15:22,timeslice,1,93.2,7314,16126,45.4
1785431722.887,17:15:22,timeslice,2,93.3,7211,16126,44.7
1785431722.887,17:15:22,timeslice,3,89.5,7235,16126,44.9
1785431722.887,17:15:22,timeslice,4,94.1,7278,16126,45.1
1785431722.887,17:15:22,timeslice,5,94.4,7235,16126,44.9
1785431722.887,17:15:22,timeslice,6,94.5,7308,16126,45.3
1785431722.887,17:15:22,timeslice,7,88.3,7292,16126,45.2
1785431723.887,17:15:23,timeslice,0,92.7,7150,16126,44.3
1785431723.887,17:15:23,timeslice,1,93.2,7314,16126,45.4
1785431723.887,17:15:23,timeslice,2,93.3,7211,16126,44.7
1785431723.887,17:15:23,timeslice,3,89.5,7235,16126,44.9
1785431723.887,17:15:23,timeslice,4,94.1,7278,16126,45.1
1785431723.887,17:15:23,timeslice,5,94.4,7235,16126,44.9
1785431723.887,17:15:23,timeslice,6,94.5,7308,16126,45.3
1785431723.887,17:15:23,timeslice,7,88.3,7292,16126,45.2
1785431724.888,17:15:24,timeslice,0,92.7,7150,16126,44.3
1785431724.888,17:15:24,timeslice,1,93.2,7314,16126,45.4
1785431724.888,17:15:24,timeslice,2,93.3,7211,16126,44.7
1785431724.888,17:15:24,timeslice,3,89.5,7235,16126,44.9
1785431724.888,17:15:24,timeslice,4,94.1,7278,16126,45.1
1785431724.888,17:15:24,timeslice,5,94.4,7235,16126,44.9
1785431724.888,17:15:24,timeslice,6,94.5,7308,16126,45.3
1785431724.888,17:15:24,timeslice,7,88.3,7292,16126,45.2
1785431725.888,17:15:25,timeslice,0,92.7,7150,16126,44.3
1785431725.888,17:15:25,timeslice,1,93.2,7314,16126,45.4
1785431725.888,17:15:25,timeslice,2,93.3,7211,16126,44.7
1785431725.888,17:15:25,timeslice,3,89.5,7235,16126,44.9
1785431725.888,17:15:25,timeslice,4,94.1,7278,16126,45.1
1785431725.888,17:15:25,timeslice,5,94.4,7235,16126,44.9
1785431725.888,17:15:25,timeslice,6,94.5,7308,16126,45.3
1785431725.888,17:15:25,timeslice,7,88.3,7292,16126,45.2
1785431726.888,17:15:26,timeslice,0,88.7,7144,16126,44.3
1785431726.888,17:15:26,timeslice,1,96.6,7144,16126,44.3
1785431726.888,17:15:26,timeslice,2,85.2,7185,16126,44.6
1785431726.888,17:15:26,timeslice,3,92.3,7144,16126,44.3
1785431726.888,17:15:26,timeslice,4,93.3,7144,16126,44.3
1785431726.888,17:15:26,timeslice,5,89.9,7144,16126,44.3
1785431726.888,17:15:26,timeslice,6,90.3,7144,16126,44.3
1785431726.888,17:15:26,timeslice,7,95.2,7145,16126,44.3
1785431727.888,17:15:27,timeslice,0,88.7,7144,16126,44.3
1785431727.888,17:15:27,timeslice,1,96.6,7144,16126,44.3
1785431727.888,17:15:27,timeslice,2,85.2,7185,16126,44.6
1785431727.888,17:15:27,timeslice,3,92.3,7144,16126,44.3
1785431727.888,17:15:27,timeslice,4,93.3,7144,16126,44.3
1785431727.888,17:15:27,timeslice,5,89.9,7144,16126,44.3
1785431727.888,17:15:27,timeslice,6,90.3,7144,16126,44.3
1785431727.888,17:15:27,timeslice,7,95.2,7145,16126,44.3
1785431728.888,17:15:28,timeslice,0,88.7,7144,16126,44.3
1785431728.888,17:15:28,timeslice,1,96.6,7144,16126,44.3
1785431728.888,17:15:28,timeslice,2,85.2,7185,16126,44.6
1785431728.888,17:15:28,timeslice,3,92.3,7144,16126,44.3
1785431728.888,17:15:28,timeslice,4,93.3,7144,16126,44.3
1785431728.888,17:15:28,timeslice,5,89.9,7144,16126,44.3
1785431728.888,17:15:28,timeslice,6,90.3,7144,16126,44.3
1785431728.888,17:15:28,timeslice,7,95.2,7145,16126,44.3
1785431729.888,17:15:29,timeslice,0,88.7,7144,16126,44.3
1785431729.888,17:15:29,timeslice,1,96.6,7144,16126,44.3
1785431729.888,17:15:29,timeslice,2,85.2,7185,16126,44.6
1785431729.888,17:15:29,timeslice,3,92.3,7144,16126,44.3
1785431729.888,17:15:29,timeslice,4,93.3,7144,16126,44.3
1785431729.888,17:15:29,timeslice,5,89.9,7144,16126,44.3
1785431729.888,17:15:29,timeslice,6,90.3,7144,16126,44.3
1785431729.888,17:15:29,timeslice,7,95.2,7145,16126,44.3
1785431730.888,17:15:30,timeslice,0,88.7,7144,16126,44.3
1785431730.888,17:15:30,timeslice,1,96.6,7144,16126,44.3
1785431730.888,17:15:30,timeslice,2,85.2,7185,16126,44.6
1785431730.888,17:15:30,timeslice,3,92.3,7144,16126,44.3
1785431730.888,17:15:30,timeslice,4,93.3,7144,16126,44.3
1785431730.888,17:15:30,timeslice,5,89.9,7144,16126,44.3
1785431730.888,17:15:30,timeslice,6,90.3,7144,16126,44.3
1785431730.888,17:15:30,timeslice,7,95.2,7145,16126,44.3
1785431731.888,17:15:31,timeslice,0,95.7,5803,16126,36.0
1785431731.888,17:15:31,timeslice,1,96.3,6737,16126,41.8
1785431731.888,17:15:31,timeslice,2,86.1,6737,16126,41.8
1785431731.888,17:15:31,timeslice,3,94.9,6356,16126,39.4
1785431731.888,17:15:31,timeslice,4,95.4,7267,16126,45.1
1785431731.888,17:15:31,timeslice,5,95.3,7306,16126,45.3
1785431731.888,17:15:31,timeslice,6,96.1,7306,16126,45.3
1785431731.888,17:15:31,timeslice,7,96.5,7301,16126,45.3
1785431732.888,17:15:32,timeslice,0,95.7,5803,16126,36.0
1785431732.888,17:15:32,timeslice,1,96.3,6737,16126,41.8
1785431732.888,17:15:32,timeslice,2,86.1,6737,16126,41.8
1785431732.888,17:15:32,timeslice,3,94.9,6356,16126,39.4
1785431732.888,17:15:32,timeslice,4,95.4,7267,16126,45.1
1785431732.888,17:15:32,timeslice,5,95.3,7306,16126,45.3
1785431732.888,17:15:32,timeslice,6,96.1,7306,16126,45.3
1785431732.888,17:15:32,timeslice,7,96.5,7301,16126,45.3
1785431733.889,17:15:33,timeslice,0,95.7,5803,16126,36.0
1785431733.889,17:15:33,timeslice,1,96.3,6737,16126,41.8
1785431733.889,17:15:33,timeslice,2,86.1,6737,16126,41.8
1785431733.889,17:15:33,timeslice,3,94.9,6356,16126,39.4
1785431733.889,17:15:33,timeslice,4,95.4,7267,16126,45.1
1785431733.889,17:15:33,timeslice,5,95.3,7306,16126,45.3
1785431733.889,17:15:33,timeslice,6,96.1,7306,16126,45.3
1785431733.889,17:15:33,timeslice,7,96.5,7301,16126,45.3
1785431734.889,17:15:34,timeslice,0,95.7,5803,16126,36.0
1785431734.889,17:15:34,timeslice,1,96.3,6737,16126,41.8
1785431734.889,17:15:34,timeslice,2,86.1,6737,16126,41.8
1785431734.889,17:15:34,timeslice,3,94.9,6356,16126,39.4
1785431734.889,17:15:34,timeslice,4,95.4,7267,16126,45.1
1785431734.889,17:15:34,timeslice,5,95.3,7306,16126,45.3
1785431734.889,17:15:34,timeslice,6,96.1,7306,16126,45.3
1785431734.889,17:15:34,timeslice,7,96.5,7301,16126,45.3
1785431735.889,17:15:35,timeslice,0,95.7,5803,16126,36.0
1785431735.889,17:15:35,timeslice,1,96.3,6737,16126,41.8
1785431735.889,17:15:35,timeslice,2,86.1,6737,16126,41.8
1785431735.889,17:15:35,timeslice,3,94.9,6356,16126,39.4
1785431735.889,17:15:35,timeslice,4,95.4,7267,16126,45.1
1785431735.889,17:15:35,timeslice,5,95.3,7306,16126,45.3
1785431735.889,17:15:35,timeslice,6,96.1,7306,16126,45.3
1785431735.889,17:15:35,timeslice,7,96.5,7301,16126,45.3
1785431736.889,17:15:36,timeslice,0,94.9,6605,16126,41.0
1785431736.889,17:15:36,timeslice,1,95.3,6515,16126,40.4
1785431736.889,17:15:36,timeslice,2,87.2,6521,16126,40.4
1785431736.889,17:15:36,timeslice,3,94.1,6503,16126,40.3
1785431736.889,17:15:36,timeslice,4,96.7,6617,16126,41.0
1785431736.889,17:15:36,timeslice,5,96.2,6599,16126,40.9
1785431736.889,17:15:36,timeslice,6,96.1,6593,16126,40.9
1785431736.889,17:15:36,timeslice,7,96.1,6474,16126,40.1
1785431737.889,17:15:37,timeslice,0,94.9,6605,16126,41.0
1785431737.889,17:15:37,timeslice,1,95.3,6515,16126,40.4
1785431737.889,17:15:37,timeslice,2,87.2,6521,16126,40.4
1785431737.889,17:15:37,timeslice,3,94.1,6503,16126,40.3
1785431737.889,17:15:37,timeslice,4,96.7,6617,16126,41.0
1785431737.889,17:15:37,timeslice,5,96.2,6599,16126,40.9
1785431737.889,17:15:37,timeslice,6,96.1,6593,16126,40.9
1785431737.889,17:15:37,timeslice,7,96.1,6474,16126,40.1
1785431738.889,17:15:38,timeslice,0,94.9,6605,16126,41.0
1785431738.889,17:15:38,timeslice,1,95.3,6515,16126,40.4
1785431738.889,17:15:38,timeslice,2,87.2,6521,16126,40.4
1785431738.889,17:15:38,timeslice,3,94.1,6503,16126,40.3
1785431738.889,17:15:38,timeslice,4,96.7,6617,16126,41.0
1785431738.889,17:15:38,timeslice,5,96.2,6599,16126,40.9
1785431738.889,17:15:38,timeslice,6,96.1,6593,16126,40.9
1785431738.889,17:15:38,timeslice,7,96.1,6474,16126,40.1
1785431739.889,17:15:39,timeslice,0,94.9,6605,16126,41.0
1785431739.889,17:15:39,timeslice,1,95.3,6515,16126,40.4
1785431739.889,17:15:39,timeslice,2,87.2,6521,16126,40.4
1785431739.889,17:15:39,timeslice,3,94.1,6503,16126,40.3
1785431739.889,17:15:39,timeslice,4,96.7,6617,16126,41.0
1785431739.889,17:15:39,timeslice,5,96.2,6599,16126,40.9
1785431739.889,17:15:39,timeslice,6,96.1,6593,16126,40.9
1785431739.889,17:15:39,timeslice,7,96.1,6474,16126,40.1
1785431740.889,17:15:40,timeslice,0,94.9,6605,16126,41.0
1785431740.889,17:15:40,timeslice,1,95.3,6515,16126,40.4
1785431740.889,17:15:40,timeslice,2,87.2,6521,16126,40.4
1785431740.889,17:15:40,timeslice,3,94.1,6503,16126,40.3
1785431740.889,17:15:40,timeslice,4,96.7,6617,16126,41.0
1785431740.889,17:15:40,timeslice,5,96.2,6599,16126,40.9
1785431740.889,17:15:40,timeslice,6,96.1,6593,16126,40.9
1785431740.889,17:15:40,timeslice,7,96.1,6474,16126,40.1
1785431741.889,17:15:41,timeslice,0,93.6,8388,16126,52.0
1785431741.889,17:15:41,timeslice,1,93.6,8388,16126,52.0
1785431741.889,17:15:41,timeslice,2,93.5,8382,16126,52.0
1785431741.889,17:15:41,timeslice,3,93.9,8316,16126,51.6
1785431741.889,17:15:41,timeslice,4,92.1,8095,16126,50.2
1785431741.889,17:15:41,timeslice,5,94.5,8352,16126,51.8
1785431741.889,17:15:41,timeslice,6,88.4,8388,16126,52.0
1785431741.889,17:15:41,timeslice,7,94.7,8341,16126,51.7
1785431742.889,17:15:42,timeslice,0,93.6,8388,16126,52.0
1785431742.889,17:15:42,timeslice,1,93.6,8388,16126,52.0
1785431742.889,17:15:42,timeslice,2,93.5,8382,16126,52.0
1785431742.889,17:15:42,timeslice,3,93.9,8316,16126,51.6
1785431742.889,17:15:42,timeslice,4,92.1,8095,16126,50.2
1785431742.889,17:15:42,timeslice,5,94.5,8352,16126,51.8
1785431742.889,17:15:42,timeslice,6,88.4,8388,16126,52.0
1785431742.889,17:15:42,timeslice,7,94.7,8341,16126,51.7
1785431743.889,17:15:43,timeslice,0,93.6,8388,16126,52.0
1785431743.889,17:15:43,timeslice,1,93.6,8388,16126,52.0
1785431743.889,17:15:43,timeslice,2,93.5,8382,16126,52.0
1785431743.889,17:15:43,timeslice,3,93.9,8316,16126,51.6
1785431743.889,17:15:43,timeslice,4,92.1,8095,16126,50.2
1785431743.889,17:15:43,timeslice,5,94.5,8352,16126,51.8
1785431743.889,17:15:43,timeslice,6,88.4,8388,16126,52.0
1785431743.889,17:15:43,timeslice,7,94.7,8341,16126,51.7
1785431744.89,17:15:44,timeslice,0,93.6,8388,16126,52.0
1785431744.89,17:15:44,timeslice,1,93.6,8388,16126,52.0
1785431744.89,17:15:44,timeslice,2,93.5,8382,16126,52.0
1785431744.89,17:15:44,timeslice,3,93.9,8316,16126,51.6
1785431744.89,17:15:44,timeslice,4,92.1,8095,16126,50.2
1785431744.89,17:15:44,timeslice,5,94.5,8352,16126,51.8
1785431744.89,17:15:44,timeslice,6,88.4,8388,16126,52.0
1785431744.89,17:15:44,timeslice,7,94.7,8341,16126,51.7
1785431745.89,17:15:45,timeslice,0,93.6,8388,16126,52.0
1785431745.89,17:15:45,timeslice,1,93.6,8388,16126,52.0
1785431745.89,17:15:45,timeslice,2,93.5,8382,16126,52.0
1785431745.89,17:15:45,timeslice,3,93.9,8316,16126,51.6
1785431745.89,17:15:45,timeslice,4,92.1,8095,16126,50.2
1785431745.89,17:15:45,timeslice,5,94.5,8352,16126,51.8
1785431745.89,17:15:45,timeslice,6,88.4,8388,16126,52.0
1785431745.89,17:15:45,timeslice,7,94.7,8341,16126,51.7
1785431746.89,17:15:46,timeslice,0,91.4,8237,16126,51.1
1785431746.89,17:15:46,timeslice,1,95.8,7972,16126,49.4
1785431746.89,17:15:46,timeslice,2,95.9,7906,16126,49.0
1785431746.89,17:15:46,timeslice,3,95.1,7936,16126,49.2
1785431746.89,17:15:46,timeslice,4,94.1,8311,16126,51.5
1785431746.89,17:15:46,timeslice,5,96.1,7942,16126,49.2
1785431746.89,17:15:46,timeslice,6,91.6,8377,16126,51.9
1785431746.89,17:15:46,timeslice,7,96.5,8318,16126,51.6
1785431747.89,17:15:47,timeslice,0,91.4,8237,16126,51.1
1785431747.89,17:15:47,timeslice,1,95.8,7972,16126,49.4
1785431747.89,17:15:47,timeslice,2,95.9,7906,16126,49.0
1785431747.89,17:15:47,timeslice,3,95.1,7936,16126,49.2
1785431747.89,17:15:47,timeslice,4,94.1,8311,16126,51.5
1785431747.89,17:15:47,timeslice,5,96.1,7942,16126,49.2
1785431747.89,17:15:47,timeslice,6,91.6,8377,16126,51.9
1785431747.89,17:15:47,timeslice,7,96.5,8318,16126,51.6
1785431748.89,17:15:48,timeslice,0,91.4,8237,16126,51.1
1785431748.89,17:15:48,timeslice,1,95.8,7972,16126,49.4
1785431748.89,17:15:48,timeslice,2,95.9,7906,16126,49.0
1785431748.89,17:15:48,timeslice,3,95.1,7936,16126,49.2
1785431748.89,17:15:48,timeslice,4,94.1,8311,16126,51.5
1785431748.89,17:15:48,timeslice,5,96.1,7942,16126,49.2
1785431748.89,17:15:48,timeslice,6,91.6,8377,16126,51.9
1785431748.89,17:15:48,timeslice,7,96.5,8318,16126,51.6
1785431749.89,17:15:49,timeslice,0,91.4,8237,16126,51.1
1785431749.89,17:15:49,timeslice,1,95.8,7972,16126,49.4
1785431749.89,17:15:49,timeslice,2,95.9,7906,16126,49.0
1785431749.89,17:15:49,timeslice,3,95.1,7936,16126,49.2
1785431749.89,17:15:49,timeslice,4,94.1,8311,16126,51.5
1785431749.89,17:15:49,timeslice,5,96.1,7942,16126,49.2
1785431749.89,17:15:49,timeslice,6,91.6,8377,16126,51.9
1785431749.89,17:15:49,timeslice,7,96.5,8318,16126,51.6
1785431750.89,17:15:50,timeslice,0,91.4,8237,16126,51.1
1785431750.89,17:15:50,timeslice,1,95.8,7972,16126,49.4
1785431750.89,17:15:50,timeslice,2,95.9,7906,16126,49.0
1785431750.89,17:15:50,timeslice,3,95.1,7936,16126,49.2
1785431750.89,17:15:50,timeslice,4,94.1,8311,16126,51.5
1785431750.89,17:15:50,timeslice,5,96.1,7942,16126,49.2
1785431750.89,17:15:50,timeslice,6,91.6,8377,16126,51.9
1785431750.89,17:15:50,timeslice,7,96.5,8318,16126,51.6
1785431751.89,17:15:51,timeslice,0,93.6,7174,16126,44.5
1785431751.89,17:15:51,timeslice,1,84.8,7343,16126,45.5
1785431751.89,17:15:51,timeslice,2,94.8,7332,16126,45.5
1785431751.89,17:15:51,timeslice,3,95.8,7290,16126,45.2
1785431751.89,17:15:51,timeslice,4,96.6,7230,16126,44.8
1785431751.89,17:15:51,timeslice,5,96.3,7296,16126,45.2
1785431751.89,17:15:51,timeslice,6,96.6,7188,16126,44.6
1785431751.89,17:15:51,timeslice,7,95.8,7238,16126,44.9
1785431752.89,17:15:52,timeslice,0,93.6,7174,16126,44.5
1785431752.89,17:15:52,timeslice,1,84.8,7343,16126,45.5
1785431752.89,17:15:52,timeslice,2,94.8,7332,16126,45.5
1785431752.89,17:15:52,timeslice,3,95.8,7290,16126,45.2
1785431752.89,17:15:52,timeslice,4,96.6,7230,16126,44.8
1785431752.89,17:15:52,timeslice,5,96.3,7296,16126,45.2
1785431752.89,17:15:52,timeslice,6,96.6,7188,16126,44.6
1785431752.89,17:15:52,timeslice,7,95.8,7238,16126,44.9
1785431753.891,17:15:53,timeslice,0,93.6,7174,16126,44.5
1785431753.891,17:15:53,timeslice,1,84.8,7343,16126,45.5
1785431753.891,17:15:53,timeslice,2,94.8,7332,16126,45.5
1785431753.891,17:15:53,timeslice,3,95.8,7290,16126,45.2
1785431753.891,17:15:53,timeslice,4,96.6,7230,16126,44.8
1785431753.891,17:15:53,timeslice,5,96.3,7296,16126,45.2
1785431753.891,17:15:53,timeslice,6,96.6,7188,16126,44.6
1785431753.891,17:15:53,timeslice,7,95.8,7238,16126,44.9
1785431754.891,17:15:54,timeslice,0,93.6,7174,16126,44.5
1785431754.891,17:15:54,timeslice,1,84.8,7343,16126,45.5
1785431754.891,17:15:54,timeslice,2,94.8,7332,16126,45.5
1785431754.891,17:15:54,timeslice,3,95.8,7290,16126,45.2
1785431754.891,17:15:54,timeslice,4,96.6,7230,16126,44.8
1785431754.891,17:15:54,timeslice,5,96.3,7296,16126,45.2
1785431754.891,17:15:54,timeslice,6,96.6,7188,16126,44.6
1785431754.891,17:15:54,timeslice,7,95.8,7238,16126,44.9
1785431755.891,17:15:55,timeslice,0,93.6,7174,16126,44.5
1785431755.891,17:15:55,timeslice,1,84.8,7343,16126,45.5
1785431755.891,17:15:55,timeslice,2,94.8,7332,16126,45.5
1785431755.891,17:15:55,timeslice,3,95.8,7290,16126,45.2
1785431755.891,17:15:55,timeslice,4,96.6,7230,16126,44.8
1785431755.891,17:15:55,timeslice,5,96.3,7296,16126,45.2
1785431755.891,17:15:55,timeslice,6,96.6,7188,16126,44.6
1785431755.891,17:15:55,timeslice,7,95.8,7238,16126,44.9
1785431756.891,17:15:56,timeslice,0,86.3,6521,16126,40.4
1785431756.891,17:15:56,timeslice,1,95.4,6497,16126,40.3
1785431756.891,17:15:56,timeslice,2,95.1,6617,16126,41.0
1785431756.891,17:15:56,timeslice,3,94.5,6521,16126,40.4
1785431756.891,17:15:56,timeslice,4,95.5,6593,16126,40.9
1785431756.891,17:15:56,timeslice,5,92.2,6539,16126,40.5
1785431756.891,17:15:56,timeslice,6,95.2,6455,16126,40.0
1785431756.891,17:15:56,timeslice,7,94.8,6420,16126,39.8
1785431757.891,17:15:57,timeslice,0,86.3,6521,16126,40.4
1785431757.891,17:15:57,timeslice,1,95.4,6497,16126,40.3
1785431757.891,17:15:57,timeslice,2,95.1,6617,16126,41.0
1785431757.891,17:15:57,timeslice,3,94.5,6521,16126,40.4
1785431757.891,17:15:57,timeslice,4,95.5,6593,16126,40.9
1785431757.891,17:15:57,timeslice,5,92.2,6539,16126,40.5
1785431757.891,17:15:57,timeslice,6,95.2,6455,16126,40.0
1785431757.891,17:15:57,timeslice,7,94.8,6420,16126,39.8
1785431758.891,17:15:58,timeslice,0,86.3,6521,16126,40.4
1785431758.891,17:15:58,timeslice,1,95.4,6497,16126,40.3
1785431758.891,17:15:58,timeslice,2,95.1,6617,16126,41.0
1785431758.891,17:15:58,timeslice,3,94.5,6521,16126,40.4
1785431758.891,17:15:58,timeslice,4,95.5,6593,16126,40.9
1785431758.891,17:15:58,timeslice,5,92.2,6539,16126,40.5
1785431758.891,17:15:58,timeslice,6,95.2,6455,16126,40.0
1785431758.891,17:15:58,timeslice,7,94.8,6420,16126,39.8
1785431759.891,17:15:59,timeslice,0,86.3,6521,16126,40.4
1785431759.891,17:15:59,timeslice,1,95.4,6497,16126,40.3
1785431759.891,17:15:59,timeslice,2,95.1,6617,16126,41.0
1785431759.891,17:15:59,timeslice,3,94.5,6521,16126,40.4
1785431759.891,17:15:59,timeslice,4,95.5,6593,16126,40.9
1785431759.891,17:15:59,timeslice,5,92.2,6539,16126,40.5
1785431759.891,17:15:59,timeslice,6,95.2,6455,16126,40.0
1785431759.891,17:15:59,timeslice,7,94.8,6420,16126,39.8
1785431760.891,17:16:00,timeslice,0,86.3,6521,16126,40.4
1785431760.891,17:16:00,timeslice,1,95.4,6497,16126,40.3
1785431760.891,17:16:00,timeslice,2,95.1,6617,16126,41.0
1785431760.891,17:16:00,timeslice,3,94.5,6521,16126,40.4
1785431760.891,17:16:00,timeslice,4,95.5,6593,16126,40.9
1785431760.891,17:16:00,timeslice,5,92.2,6539,16126,40.5
1785431760.891,17:16:00,timeslice,6,95.2,6455,16126,40.0
1785431760.891,17:16:00,timeslice,7,94.8,6420,16126,39.8
1785431761.892,17:16:01,timeslice,0,75.6,8882,16126,55.1
1785431761.892,17:16:01,timeslice,1,95.0,8820,16126,54.7
1785431761.892,17:16:01,timeslice,2,94.5,8899,16126,55.2
1785431761.892,17:16:01,timeslice,3,94.3,8925,16126,55.3
1785431761.892,17:16:01,timeslice,4,94.8,9640,16126,59.8
1785431761.892,17:16:01,timeslice,5,94.2,9745,16126,60.4
1785431761.892,17:16:01,timeslice,6,94.3,8826,16126,54.7
1785431761.892,17:16:01,timeslice,7,93.9,8827,16126,54.7
1785431762.892,17:16:02,timeslice,0,75.6,8882,16126,55.1
1785431762.892,17:16:02,timeslice,1,95.0,8820,16126,54.7
1785431762.892,17:16:02,timeslice,2,94.5,8899,16126,55.2
1785431762.892,17:16:02,timeslice,3,94.3,8925,16126,55.3
1785431762.892,17:16:02,timeslice,4,94.8,9640,16126,59.8
1785431762.892,17:16:02,timeslice,5,94.2,9745,16126,60.4
1785431762.892,17:16:02,timeslice,6,94.3,8826,16126,54.7
1785431762.892,17:16:02,timeslice,7,93.9,8827,16126,54.7
1785431763.892,17:16:03,timeslice,0,75.6,8882,16126,55.1
1785431763.892,17:16:03,timeslice,1,95.0,8820,16126,54.7
1785431763.892,17:16:03,timeslice,2,94.5,8899,16126,55.2
1785431763.892,17:16:03,timeslice,3,94.3,8925,16126,55.3
1785431763.892,17:16:03,timeslice,4,94.8,9640,16126,59.8
1785431763.892,17:16:03,timeslice,5,94.2,9745,16126,60.4
1785431763.892,17:16:03,timeslice,6,94.3,8826,16126,54.7
1785431763.892,17:16:03,timeslice,7,93.9,8827,16126,54.7
1785431764.892,17:16:04,timeslice,0,75.6,8882,16126,55.1
1785431764.892,17:16:04,timeslice,1,95.0,8820,16126,54.7
1785431764.892,17:16:04,timeslice,2,94.5,8899,16126,55.2
1785431764.892,17:16:04,timeslice,3,94.3,8925,16126,55.3
1785431764.892,17:16:04,timeslice,4,94.8,9640,16126,59.8
1785431764.892,17:16:04,timeslice,5,94.2,9745,16126,60.4
1785431764.892,17:16:04,timeslice,6,94.3,8826,16126,54.7
1785431764.892,17:16:04,timeslice,7,93.9,8827,16126,54.7
1785431765.892,17:16:05,timeslice,0,75.6,8882,16126,55.1
1785431765.892,17:16:05,timeslice,1,95.0,8820,16126,54.7
1785431765.892,17:16:05,timeslice,2,94.5,8899,16126,55.2
1785431765.892,17:16:05,timeslice,3,94.3,8925,16126,55.3
1785431765.892,17:16:05,timeslice,4,94.8,9640,16126,59.8
1785431765.892,17:16:05,timeslice,5,94.2,9745,16126,60.4
1785431765.892,17:16:05,timeslice,6,94.3,8826,16126,54.7
1785431765.892,17:16:05,timeslice,7,93.9,8827,16126,54.7
1785431766.892,17:16:06,timeslice,0,95.5,9052,16126,56.1
1785431766.892,17:16:06,timeslice,1,95.5,8768,16126,54.4
1785431766.892,17:16:06,timeslice,2,94.9,8768,16126,54.4
1785431766.892,17:16:06,timeslice,3,95.0,9621,16126,59.7
1785431766.892,17:16:06,timeslice,4,93.3,9052,16126,56.1
1785431766.892,17:16:06,timeslice,5,96.2,8484,16126,52.6
1785431766.892,17:16:06,timeslice,6,93.3,8200,16126,50.8
1785431766.892,17:16:06,timeslice,7,95.4,8770,16126,54.4
1785431767.892,17:16:07,timeslice,0,95.5,9052,16126,56.1
1785431767.892,17:16:07,timeslice,1,95.5,8768,16126,54.4
1785431767.892,17:16:07,timeslice,2,94.9,8768,16126,54.4
1785431767.892,17:16:07,timeslice,3,95.0,9621,16126,59.7
1785431767.892,17:16:07,timeslice,4,93.3,9052,16126,56.1
1785431767.892,17:16:07,timeslice,5,96.2,8484,16126,52.6
1785431767.892,17:16:07,timeslice,6,93.3,8200,16126,50.8
1785431767.892,17:16:07,timeslice,7,95.4,8770,16126,54.4
1785431768.892,17:16:08,timeslice,0,95.5,9052,16126,56.1
1785431768.892,17:16:08,timeslice,1,95.5,8768,16126,54.4
1785431768.892,17:16:08,timeslice,2,94.9,8768,16126,54.4
1785431768.892,17:16:08,timeslice,3,95.0,9621,16126,59.7
1785431768.892,17:16:08,timeslice,4,93.3,9052,16126,56.1
1785431768.892,17:16:08,timeslice,5,96.2,8484,16126,52.6
1785431768.892,17:16:08,timeslice,6,93.3,8200,16126,50.8
1785431768.892,17:16:08,timeslice,7,95.4,8770,16126,54.4
1785431769.892,17:16:09,timeslice,0,95.5,9052,16126,56.1
1785431769.892,17:16:09,timeslice,1,95.5,8768,16126,54.4
1785431769.892,17:16:09,timeslice,2,94.9,8768,16126,54.4
1785431769.892,17:16:09,timeslice,3,95.0,9621,16126,59.7
1785431769.892,17:16:09,timeslice,4,93.3,9052,16126,56.1
1785431769.892,17:16:09,timeslice,5,96.2,8484,16126,52.6
1785431769.892,17:16:09,timeslice,6,93.3,8200,16126,50.8
1785431769.892,17:16:09,timeslice,7,95.4,8770,16126,54.4
1785431770.893,17:16:10,timeslice,0,95.5,9052,16126,56.1
1785431770.893,17:16:10,timeslice,1,95.5,8768,16126,54.4
1785431770.893,17:16:10,timeslice,2,94.9,8768,16126,54.4
1785431770.893,17:16:10,timeslice,3,95.0,9621,16126,59.7
1785431770.893,17:16:10,timeslice,4,93.3,9052,16126,56.1
1785431770.893,17:16:10,timeslice,5,96.2,8484,16126,52.6
1785431770.893,17:16:10,timeslice,6,93.3,8200,16126,50.8
1785431770.893,17:16:10,timeslice,7,95.4,8770,16126,54.4
1785431771.893,17:16:11,timeslice,0,47.6,5282,16126,32.8
1785431771.893,17:16:11,timeslice,1,50.1,5282,16126,32.8
1785431771.893,17:16:11,timeslice,2,47.8,5282,16126,32.8
1785431771.893,17:16:11,timeslice,3,48.1,5282,16126,32.8
1785431771.893,17:16:11,timeslice,4,48.7,5282,16126,32.8
1785431771.893,17:16:11,timeslice,5,41.2,5282,16126,32.8
1785431771.893,17:16:11,timeslice,6,37.4,5282,16126,32.8
1785431771.893,17:16:11,timeslice,7,43.8,5283,16126,32.8
1785431772.893,17:16:12,timeslice,0,47.6,5282,16126,32.8
1785431772.893,17:16:12,timeslice,1,50.1,5282,16126,32.8
1785431772.893,17:16:12,timeslice,2,47.8,5282,16126,32.8
1785431772.893,17:16:12,timeslice,3,48.1,5282,16126,32.8
1785431772.893,17:16:12,timeslice,4,48.7,5282,16126,32.8
1785431772.893,17:16:12,timeslice,5,41.2,5282,16126,32.8
1785431772.893,17:16:12,timeslice,6,37.4,5282,16126,32.8
1785431772.893,17:16:12,timeslice,7,43.8,5283,16126,32.8
1785431773.893,17:16:13,timeslice,0,47.6,5282,16126,32.8
1785431773.893,17:16:13,timeslice,1,50.1,5282,16126,32.8
1785431773.893,17:16:13,timeslice,2,47.8,5282,16126,32.8
1785431773.893,17:16:13,timeslice,3,48.1,5282,16126,32.8
1785431773.893,17:16:13,timeslice,4,48.7,5282,16126,32.8
1785431773.893,17:16:13,timeslice,5,41.2,5282,16126,32.8
1785431773.893,17:16:13,timeslice,6,37.4,5282,16126,32.8
1785431773.893,17:16:13,timeslice,7,43.8,5283,16126,32.8
1785431774.893,17:16:14,timeslice,0,47.6,5282,16126,32.8
1785431774.893,17:16:14,timeslice,1,50.1,5282,16126,32.8
1785431774.893,17:16:14,timeslice,2,47.8,5282,16126,32.8
1785431774.893,17:16:14,timeslice,3,48.1,5282,16126,32.8
1785431774.893,17:16:14,timeslice,4,48.7,5282,16126,32.8
1785431774.893,17:16:14,timeslice,5,41.2,5282,16126,32.8
1785431774.893,17:16:14,timeslice,6,37.4,5282,16126,32.8
1785431774.893,17:16:14,timeslice,7,43.8,5283,16126,32.8
1785431775.893,17:16:15,timeslice,0,47.6,5282,16126,32.8
1785431775.893,17:16:15,timeslice,1,50.1,5282,16126,32.8
1785431775.893,17:16:15,timeslice,2,47.8,5282,16126,32.8
1785431775.893,17:16:15,timeslice,3,48.1,5282,16126,32.8
1785431775.893,17:16:15,timeslice,4,48.7,5282,16126,32.8
1785431775.893,17:16:15,timeslice,5,41.2,5282,16126,32.8
1785431775.893,17:16:15,timeslice,6,37.4,5282,16126,32.8
1785431775.893,17:16:15,timeslice,7,43.8,5283,16126,32.8
1785431776.893,17:16:16,timeslice,0,7.7,5270,16126,32.7
1785431776.893,17:16:16,timeslice,1,12.4,5270,16126,32.7
1785431776.893,17:16:16,timeslice,2,5.2,5270,16126,32.7
1785431776.893,17:16:16,timeslice,3,5.9,5270,16126,32.7
1785431776.893,17:16:16,timeslice,4,5.7,5270,16126,32.7
1785431776.893,17:16:16,timeslice,5,1.6,5270,16126,32.7
1785431776.893,17:16:16,timeslice,6,2.9,5270,16126,32.7
1785431776.893,17:16:16,timeslice,7,4.9,5271,16126,32.7
1785431777.893,17:16:17,timeslice,0,7.7,5270,16126,32.7
1785431777.893,17:16:17,timeslice,1,12.4,5270,16126,32.7
1785431777.893,17:16:17,timeslice,2,5.2,5270,16126,32.7
1785431777.893,17:16:17,timeslice,3,5.9,5270,16126,32.7
1785431777.893,17:16:17,timeslice,4,5.7,5270,16126,32.7
1785431777.893,17:16:17,timeslice,5,1.6,5270,16126,32.7
1785431777.893,17:16:17,timeslice,6,2.9,5270,16126,32.7
1785431777.893,17:16:17,timeslice,7,4.9,5271,16126,32.7
1785431778.893,17:16:18,timeslice,0,7.7,5270,16126,32.7
1785431778.893,17:16:18,timeslice,1,12.4,5270,16126,32.7
1785431778.893,17:16:18,timeslice,2,5.2,5270,16126,32.7
1785431778.893,17:16:18,timeslice,3,5.9,5270,16126,32.7
1785431778.893,17:16:18,timeslice,4,5.7,5270,16126,32.7
1785431778.893,17:16:18,timeslice,5,1.6,5270,16126,32.7
1785431778.893,17:16:18,timeslice,6,2.9,5270,16126,32.7
1785431778.893,17:16:18,timeslice,7,4.9,5271,16126,32.7
1785431779.894,17:16:19,timeslice,0,7.7,5270,16126,32.7
1785431779.894,17:16:19,timeslice,1,12.4,5270,16126,32.7
1785431779.894,17:16:19,timeslice,2,5.2,5270,16126,32.7
1785431779.894,17:16:19,timeslice,3,5.9,5270,16126,32.7
1785431779.894,17:16:19,timeslice,4,5.7,5270,16126,32.7
1785431779.894,17:16:19,timeslice,5,1.6,5270,16126,32.7
1785431779.894,17:16:19,timeslice,6,2.9,5270,16126,32.7
1785431779.894,17:16:19,timeslice,7,4.9,5271,16126,32.7
1785431780.894,17:16:20,timeslice,0,7.7,5270,16126,32.7
1785431780.894,17:16:20,timeslice,1,12.4,5270,16126,32.7
1785431780.894,17:16:20,timeslice,2,5.2,5270,16126,32.7
1785431780.894,17:16:20,timeslice,3,5.9,5270,16126,32.7
1785431780.894,17:16:20,timeslice,4,5.7,5270,16126,32.7
1785431780.894,17:16:20,timeslice,5,1.6,5270,16126,32.7
1785431780.894,17:16:20,timeslice,6,2.9,5270,16126,32.7
1785431780.894,17:16:20,timeslice,7,4.9,5271,16126,32.7
1785431781.894,17:16:21,timeslice,0,0.0,5270,16126,32.7
1785431781.894,17:16:21,timeslice,1,0.0,5270,16126,32.7
1785431781.894,17:16:21,timeslice,2,0.0,5270,16126,32.7
1785431781.894,17:16:21,timeslice,3,0.0,5270,16126,32.7
1785431781.894,17:16:21,timeslice,4,0.0,5270,16126,32.7
1785431781.894,17:16:21,timeslice,5,0.0,5270,16126,32.7
1785431781.894,17:16:21,timeslice,6,0.0,5270,16126,32.7
1785431781.894,17:16:21,timeslice,7,0.0,5271,16126,32.7
1785431782.894,17:16:22,timeslice,0,0.0,5270,16126,32.7
1785431782.894,17:16:22,timeslice,1,0.0,5270,16126,32.7
1785431782.894,17:16:22,timeslice,2,0.0,5270,16126,32.7
1785431782.894,17:16:22,timeslice,3,0.0,5270,16126,32.7
1785431782.894,17:16:22,timeslice,4,0.0,5270,16126,32.7
1785431782.894,17:16:22,timeslice,5,0.0,5270,16126,32.7
1785431782.894,17:16:22,timeslice,6,0.0,5270,16126,32.7
1785431782.894,17:16:22,timeslice,7,0.0,5271,16126,32.7
1785431783.894,17:16:23,timeslice,0,0.0,5270,16126,32.7
1785431783.894,17:16:23,timeslice,1,0.0,5270,16126,32.7
1785431783.894,17:16:23,timeslice,2,0.0,5270,16126,32.7
1785431783.894,17:16:23,timeslice,3,0.0,5270,16126,32.7
1785431783.894,17:16:23,timeslice,4,0.0,5270,16126,32.7
1785431783.894,17:16:23,timeslice,5,0.0,5270,16126,32.7
1785431783.894,17:16:23,timeslice,6,0.0,5270,16126,32.7
1785431783.894,17:16:23,timeslice,7,0.0,5271,16126,32.7
1785431784.894,17:16:24,timeslice,0,0.0,5270,16126,32.7
1785431784.894,17:16:24,timeslice,1,0.0,5270,16126,32.7
1785431784.894,17:16:24,timeslice,2,0.0,5270,16126,32.7
1785431784.894,17:16:24,timeslice,3,0.0,5270,16126,32.7
1785431784.894,17:16:24,timeslice,4,0.0,5270,16126,32.7
1785431784.894,17:16:24,timeslice,5,0.0,5270,16126,32.7
1785431784.894,17:16:24,timeslice,6,0.0,5270,16126,32.7
1785431784.894,17:16:24,timeslice,7,0.0,5271,16126,32.7
1785431785.894,17:16:25,timeslice,0,0.0,5270,16126,32.7
1785431785.894,17:16:25,timeslice,1,0.0,5270,16126,32.7
1785431785.894,17:16:25,timeslice,2,0.0,5270,16126,32.7
1785431785.894,17:16:25,timeslice,3,0.0,5270,16126,32.7
1785431785.894,17:16:25,timeslice,4,0.0,5270,16126,32.7
1785431785.894,17:16:25,timeslice,5,0.0,5270,16126,32.7
1785431785.894,17:16:25,timeslice,6,0.0,5270,16126,32.7
1785431785.894,17:16:25,timeslice,7,0.0,5271,16126,32.7
1785431786.894,17:16:26,timeslice,0,0.0,5270,16126,32.7
1785431786.894,17:16:26,timeslice,1,0.0,5270,16126,32.7
1785431786.894,17:16:26,timeslice,2,0.0,5270,16126,32.7
1785431786.894,17:16:26,timeslice,3,0.0,5270,16126,32.7
1785431786.894,17:16:26,timeslice,4,0.0,5270,16126,32.7
1785431786.894,17:16:26,timeslice,5,0.0,5270,16126,32.7
1785431786.894,17:16:26,timeslice,6,0.0,5270,16126,32.7
1785431786.894,17:16:26,timeslice,7,0.0,5271,16126,32.7
1785431787.894,17:16:27,timeslice,0,0.0,5270,16126,32.7
1785431787.894,17:16:27,timeslice,1,0.0,5270,16126,32.7
1785431787.894,17:16:27,timeslice,2,0.0,5270,16126,32.7
1785431787.894,17:16:27,timeslice,3,0.0,5270,16126,32.7
1785431787.894,17:16:27,timeslice,4,0.0,5270,16126,32.7
1785431787.894,17:16:27,timeslice,5,0.0,5270,16126,32.7
1785431787.894,17:16:27,timeslice,6,0.0,5270,16126,32.7
1785431787.894,17:16:27,timeslice,7,0.0,5271,16126,32.7
1785431788.895,17:16:28,timeslice,0,0.0,5270,16126,32.7
1785431788.895,17:16:28,timeslice,1,0.0,5270,16126,32.7
1785431788.895,17:16:28,timeslice,2,0.0,5270,16126,32.7
1785431788.895,17:16:28,timeslice,3,0.0,5270,16126,32.7
1785431788.895,17:16:28,timeslice,4,0.0,5270,16126,32.7
1785431788.895,17:16:28,timeslice,5,0.0,5270,16126,32.7
1785431788.895,17:16:28,timeslice,6,0.0,5270,16126,32.7
1785431788.895,17:16:28,timeslice,7,0.0,5271,16126,32.7
1785431789.895,17:16:29,timeslice,0,0.0,5270,16126,32.7
1785431789.895,17:16:29,timeslice,1,0.0,5270,16126,32.7
1785431789.895,17:16:29,timeslice,2,0.0,5270,16126,32.7
1785431789.895,17:16:29,timeslice,3,0.0,5270,16126,32.7
1785431789.895,17:16:29,timeslice,4,0.0,5270,16126,32.7
1785431789.895,17:16:29,timeslice,5,0.0,5270,16126,32.7
1785431789.895,17:16:29,timeslice,6,0.0,5270,16126,32.7
1785431789.895,17:16:29,timeslice,7,0.0,5271,16126,32.7
1785431790.895,17:16:30,timeslice,0,0.0,5270,16126,32.7
1785431790.895,17:16:30,timeslice,1,0.0,5270,16126,32.7
1785431790.895,17:16:30,timeslice,2,0.0,5270,16126,32.7
1785431790.895,17:16:30,timeslice,3,0.0,5270,16126,32.7
1785431790.895,17:16:30,timeslice,4,0.0,5270,16126,32.7
1785431790.895,17:16:30,timeslice,5,0.0,5270,16126,32.7
1785431790.895,17:16:30,timeslice,6,0.0,5270,16126,32.7
1785431790.895,17:16:30,timeslice,7,0.0,5271,16126,32.7
1785431791.895,17:16:31,timeslice,0,0.0,5270,16126,32.7
1785431791.895,17:16:31,timeslice,1,0.0,5270,16126,32.7
1785431791.895,17:16:31,timeslice,2,0.0,5270,16126,32.7
1785431791.895,17:16:31,timeslice,3,0.0,5270,16126,32.7
1785431791.895,17:16:31,timeslice,4,0.0,5270,16126,32.7
1785431791.895,17:16:31,timeslice,5,0.0,5270,16126,32.7
1785431791.895,17:16:31,timeslice,6,0.0,5270,16126,32.7
1785431791.895,17:16:31,timeslice,7,0.0,5271,16126,32.7
1785431792.895,17:16:32,timeslice,0,0.0,5270,16126,32.7
1785431792.895,17:16:32,timeslice,1,0.0,5270,16126,32.7
1785431792.895,17:16:32,timeslice,2,0.0,5270,16126,32.7
1785431792.895,17:16:32,timeslice,3,0.0,5270,16126,32.7
1785431792.895,17:16:32,timeslice,4,0.0,5270,16126,32.7
1785431792.895,17:16:32,timeslice,5,0.0,5270,16126,32.7
1785431792.895,17:16:32,timeslice,6,0.0,5270,16126,32.7
1785431792.895,17:16:32,timeslice,7,0.0,5271,16126,32.7
1785431793.895,17:16:33,timeslice,0,0.0,0,0,0.0
1785431793.895,17:16:33,timeslice,1,0.0,0,0,0.0
1785431793.895,17:16:33,timeslice,2,0.0,0,0,0.0
1785431793.895,17:16:33,timeslice,3,0.0,0,0,0.0
1785431793.895,17:16:33,timeslice,4,0.0,0,0,0.0
1785431793.895,17:16:33,timeslice,5,0.0,0,0,0.0
1785431793.895,17:16:33,timeslice,6,0.0,0,0,0.0
1785431793.895,17:16:33,timeslice,7,0.0,0,0,0.0
1785431794.905,17:16:34,timeslice,0,0.0,0,0,0.0
1785431794.905,17:16:34,timeslice,1,0.0,0,0,0.0
1785431794.905,17:16:34,timeslice,2,0.0,0,0,0.0
1785431794.905,17:16:34,timeslice,3,0.0,0,0,0.0
1785431794.905,17:16:34,timeslice,4,0.0,0,0,0.0
1785431794.905,17:16:34,timeslice,5,0.0,0,0,0.0
1785431794.905,17:16:34,timeslice,6,0.0,0,0,0.0
1785431794.905,17:16:34,timeslice,7,0.0,0,0,0.0
1785431796.001,17:16:36,timeslice,0,0.0,0,0,0.0
1785431796.001,17:16:36,timeslice,1,0.0,0,0,0.0
1785431796.001,17:16:36,timeslice,2,0.0,0,0,0.0
1785431796.001,17:16:36,timeslice,3,0.0,0,0,0.0
1785431796.001,17:16:36,timeslice,4,0.0,0,0,0.0
1785431796.001,17:16:36,timeslice,5,0.0,0,0,0.0
1785431796.001,17:16:36,timeslice,6,0.0,0,0,0.0
1785431796.001,17:16:36,timeslice,7,0.0,0,0,0.0
1785431797.001,17:16:37,timeslice,0,0.0,0,0,0.0
1785431797.001,17:16:37,timeslice,1,0.0,0,0,0.0
1785431797.001,17:16:37,timeslice,2,0.0,0,0,0.0
1785431797.001,17:16:37,timeslice,3,0.0,0,0,0.0
1785431797.001,17:16:37,timeslice,4,0.0,0,0,0.0
1785431797.001,17:16:37,timeslice,5,0.0,0,0,0.0
1785431797.001,17:16:37,timeslice,6,0.0,0,0,0.0
1785431797.001,17:16:37,timeslice,7,0.0,0,0,0.0
1785431798.001,17:16:38,timeslice,0,0.0,0,0,0.0
1785431798.001,17:16:38,timeslice,1,0.0,0,0,0.0
1785431798.001,17:16:38,timeslice,2,0.0,0,0,0.0
1785431798.001,17:16:38,timeslice,3,0.0,0,0,0.0
1785431798.001,17:16:38,timeslice,4,0.0,0,0,0.0
1785431798.001,17:16:38,timeslice,5,0.0,0,0,0.0
1785431798.001,17:16:38,timeslice,6,0.0,0,0,0.0
1785431798.001,17:16:38,timeslice,7,0.0,0,0,0.0
1785431799.001,17:16:39,timeslice,0,0.0,0,0,0.0
1785431799.001,17:16:39,timeslice,1,0.0,0,0,0.0
1785431799.001,17:16:39,timeslice,2,0.0,0,0,0.0
1785431799.001,17:16:39,timeslice,3,0.0,0,0,0.0
1785431799.001,17:16:39,timeslice,4,0.0,0,0,0.0
1785431799.001,17:16:39,timeslice,5,0.0,0,0,0.0
1785431799.001,17:16:39,timeslice,6,0.0,0,0,0.0
1785431799.001,17:16:39,timeslice,7,0.0,0,0,0.0
1785431800.001,17:16:40,timeslice,0,0.0,0,0,0.0
1785431800.001,17:16:40,timeslice,1,0.0,0,0,0.0
1785431800.001,17:16:40,timeslice,2,0.0,0,0,0.0
1785431800.001,17:16:40,timeslice,3,0.0,0,0,0.0
1785431800.001,17:16:40,timeslice,4,0.0,0,0,0.0
1785431800.001,17:16:40,timeslice,5,0.0,0,0,0.0
1785431800.001,17:16:40,timeslice,6,0.0,0,0,0.0
1785431800.001,17:16:40,timeslice,7,0.0,0,0,0.0
1785431801.001,17:16:41,timeslice,0,0.0,0,0,0.0
1785431801.001,17:16:41,timeslice,1,0.0,0,0,0.0
1785431801.001,17:16:41,timeslice,2,0.0,0,0,0.0
1785431801.001,17:16:41,timeslice,3,0.0,0,0,0.0
1785431801.001,17:16:41,timeslice,4,0.0,0,0,0.0
1785431801.001,17:16:41,timeslice,5,0.0,0,0,0.0
1785431801.001,17:16:41,timeslice,6,0.0,0,0,0.0
1785431801.001,17:16:41,timeslice,7,0.0,0,0,0.0
1785431802.002,17:16:42,timeslice,0,0.0,0,0,0.0
1785431802.002,17:16:42,timeslice,1,0.0,0,0,0.0
1785431802.002,17:16:42,timeslice,2,0.0,0,0,0.0
1785431802.002,17:16:42,timeslice,3,0.0,0,0,0.0
1785431802.002,17:16:42,timeslice,4,0.0,0,0,0.0
1785431802.002,17:16:42,timeslice,5,0.0,0,0,0.0
1785431802.002,17:16:42,timeslice,6,0.0,0,0,0.0
1785431802.002,17:16:42,timeslice,7,0.0,0,0,0.0
1785431803.002,17:16:43,timeslice,0,0.0,0,0,0.0
1785431803.002,17:16:43,timeslice,1,0.0,0,0,0.0
1785431803.002,17:16:43,timeslice,2,0.0,0,0,0.0
1785431803.002,17:16:43,timeslice,3,0.0,0,0,0.0
1785431803.002,17:16:43,timeslice,4,0.0,0,0,0.0
1785431803.002,17:16:43,timeslice,5,0.0,0,0,0.0
1785431803.002,17:16:43,timeslice,6,0.0,0,0,0.0
1785431803.002,17:16:43,timeslice,7,0.0,0,0,0.0
1785431804.002,17:16:44,timeslice,0,0.0,0,0,0.0
1785431804.002,17:16:44,timeslice,1,0.0,0,0,0.0
1785431804.002,17:16:44,timeslice,2,0.0,0,0,0.0
1785431804.002,17:16:44,timeslice,3,0.0,0,0,0.0
1785431804.002,17:16:44,timeslice,4,0.0,0,0,0.0
1785431804.002,17:16:44,timeslice,5,0.0,0,0,0.0
1785431804.002,17:16:44,timeslice,6,0.0,0,0,0.0
1785431804.002,17:16:44,timeslice,7,0.0,0,0,0.0
1785431805.002,17:16:45,timeslice,0,0.0,0,0,0.0
1785431805.002,17:16:45,timeslice,1,0.0,0,0,0.0
1785431805.002,17:16:45,timeslice,2,0.0,0,0,0.0
1785431805.002,17:16:45,timeslice,3,0.0,0,0,0.0
1785431805.002,17:16:45,timeslice,4,0.0,0,0,0.0
1785431805.002,17:16:45,timeslice,5,0.0,0,0,0.0
1785431805.002,17:16:45,timeslice,6,0.0,0,0,0.0
1785431805.002,17:16:45,timeslice,7,0.0,0,0,0.0
1785431806.002,17:16:46,timeslice,0,0.0,0,0,0.0
1785431806.002,17:16:46,timeslice,1,0.0,0,0,0.0
1785431806.002,17:16:46,timeslice,2,0.0,0,0,0.0
1785431806.002,17:16:46,timeslice,3,0.0,0,0,0.0
1785431806.002,17:16:46,timeslice,4,0.0,0,0,0.0
1785431806.002,17:16:46,timeslice,5,0.0,0,0,0.0
1785431806.002,17:16:46,timeslice,6,0.0,0,0,0.0
1785431806.002,17:16:46,timeslice,7,0.0,0,0,0.0
1785431807.002,17:16:47,timeslice,0,0.0,0,0,0.0
1785431807.002,17:16:47,timeslice,1,0.0,0,0,0.0
1785431807.002,17:16:47,timeslice,2,0.0,0,0,0.0
1785431807.002,17:16:47,timeslice,3,0.0,0,0,0.0
1785431807.002,17:16:47,timeslice,4,0.0,0,0,0.0
1785431807.002,17:16:47,timeslice,5,0.0,0,0,0.0
1785431807.002,17:16:47,timeslice,6,0.0,0,0,0.0
1785431807.002,17:16:47,timeslice,7,0.0,0,0,0.0
1785431808.002,17:16:48,timeslice,0,0.0,0,0,0.0
1785431808.002,17:16:48,timeslice,1,0.0,0,0,0.0
1785431808.002,17:16:48,timeslice,2,0.0,0,0,0.0
1785431808.002,17:16:48,timeslice,3,0.0,0,0,0.0
1785431808.002,17:16:48,timeslice,4,0.0,0,0,0.0
1785431808.002,17:16:48,timeslice,5,0.0,0,0,0.0
1785431808.002,17:16:48,timeslice,6,0.0,0,0,0.0
1785431808.002,17:16:48,timeslice,7,0.0,0,0,0.0
1785431809.002,17:16:49,timeslice,0,0.0,0,0,0.0
1785431809.002,17:16:49,timeslice,1,0.0,0,0,0.0
1785431809.002,17:16:49,timeslice,2,0.0,0,0,0.0
1785431809.002,17:16:49,timeslice,3,0.0,0,0,0.0
1785431809.002,17:16:49,timeslice,4,0.0,0,0,0.0
1785431809.002,17:16:49,timeslice,5,0.0,0,0,0.0
1785431809.002,17:16:49,timeslice,6,0.0,0,0,0.0
1785431809.002,17:16:49,timeslice,7,0.0,0,0,0.0
1785431810.003,17:16:50,timeslice,0,0.0,0,0,0.0
1785431810.003,17:16:50,timeslice,1,0.0,0,0,0.0
1785431810.003,17:16:50,timeslice,2,0.0,0,0,0.0
1785431810.003,17:16:50,timeslice,3,0.0,0,0,0.0
1785431810.003,17:16:50,timeslice,4,0.0,0,0,0.0
1785431810.003,17:16:50,timeslice,5,0.0,0,0,0.0
1785431810.003,17:16:50,timeslice,6,0.0,0,0,0.0
1785431810.003,17:16:50,timeslice,7,0.0,0,0,0.0
1785431811.003,17:16:51,timeslice,0,0.0,0,0,0.0
1785431811.003,17:16:51,timeslice,1,0.0,0,0,0.0
1785431811.003,17:16:51,timeslice,2,0.0,0,0,0.0
1785431811.003,17:16:51,timeslice,3,0.0,0,0,0.0
1785431811.003,17:16:51,timeslice,4,0.0,0,0,0.0
1785431811.003,17:16:51,timeslice,5,0.0,0,0,0.0
1785431811.003,17:16:51,timeslice,6,0.0,0,0,0.0
1785431811.003,17:16:51,timeslice,7,0.0,0,0,0.0
1785431812.003,17:16:52,timeslice,0,0.0,0,0,0.0
1785431812.003,17:16:52,timeslice,1,0.0,0,0,0.0
1785431812.003,17:16:52,timeslice,2,0.0,0,0,0.0
1785431812.003,17:16:52,timeslice,3,0.0,0,0,0.0
1785431812.003,17:16:52,timeslice,4,0.0,0,0,0.0
1785431812.003,17:16:52,timeslice,5,0.0,0,0,0.0
1785431812.003,17:16:52,timeslice,6,0.0,0,0,0.0
1785431812.003,17:16:52,timeslice,7,0.0,0,0,0.0
1785431813.003,17:16:53,timeslice,0,0.0,0,0,0.0
1785431813.003,17:16:53,timeslice,1,0.0,0,0,0.0
1785431813.003,17:16:53,timeslice,2,0.0,0,0,0.0
1785431813.003,17:16:53,timeslice,3,0.0,0,0,0.0
1785431813.003,17:16:53,timeslice,4,0.0,0,0,0.0
1785431813.003,17:16:53,timeslice,5,0.0,0,0,0.0
1785431813.003,17:16:53,timeslice,6,0.0,0,0,0.0
1785431813.003,17:16:53,timeslice,7,0.0,0,0,0.0
1785431814.003,17:16:54,timeslice,0,0.0,0,0,0.0
1785431814.003,17:16:54,timeslice,1,0.0,0,0,0.0
1785431814.003,17:16:54,timeslice,2,0.0,0,0,0.0
1785431814.003,17:16:54,timeslice,3,0.0,0,0,0.0
1785431814.003,17:16:54,timeslice,4,0.0,0,0,0.0
1785431814.003,17:16:54,timeslice,5,0.0,0,0,0.0
1785431814.003,17:16:54,timeslice,6,0.0,0,0,0.0
1785431814.003,17:16:54,timeslice,7,0.0,0,0,0.0
1785431815.003,17:16:55,timeslice,0,0.0,0,0,0.0
1785431815.003,17:16:55,timeslice,1,0.0,0,0,0.0
1785431815.003,17:16:55,timeslice,2,0.0,0,0,0.0
1785431815.003,17:16:55,timeslice,3,0.0,0,0,0.0
1785431815.003,17:16:55,timeslice,4,0.0,0,0,0.0
1785431815.003,17:16:55,timeslice,5,0.0,0,0,0.0
1785431815.003,17:16:55,timeslice,6,0.0,0,0,0.0
1785431815.003,17:16:55,timeslice,7,0.0,0,0,0.0
1785431816.082,17:16:56,timeslice,0,0.0,0,0,0.0
1785431816.082,17:16:56,timeslice,1,0.0,0,0,0.0
1785431816.082,17:16:56,timeslice,2,0.0,0,0,0.0
1785431816.082,17:16:56,timeslice,3,0.0,0,0,0.0
1785431816.082,17:16:56,timeslice,4,0.0,0,0,0.0
1785431816.082,17:16:56,timeslice,5,0.0,0,0,0.0
1785431816.082,17:16:56,timeslice,6,0.0,0,0,0.0
1785431816.082,17:16:56,timeslice,7,0.0,0,0,0.0
1785431817.082,17:16:57,timeslice,0,0.0,0,0,0.0
1785431817.082,17:16:57,timeslice,1,0.0,0,0,0.0
1785431817.082,17:16:57,timeslice,2,0.0,0,0,0.0
1785431817.082,17:16:57,timeslice,3,0.0,0,0,0.0
1785431817.082,17:16:57,timeslice,4,0.0,0,0,0.0
1785431817.082,17:16:57,timeslice,5,0.0,0,0,0.0
1785431817.082,17:16:57,timeslice,6,0.0,0,0,0.0
1785431817.082,17:16:57,timeslice,7,0.0,0,0,0.0
1785431818.082,17:16:58,timeslice,0,0.0,0,0,0.0
1785431818.082,17:16:58,timeslice,1,0.0,0,0,0.0
1785431818.082,17:16:58,timeslice,2,0.0,0,0,0.0
1785431818.082,17:16:58,timeslice,3,0.0,0,0,0.0
1785431818.082,17:16:58,timeslice,4,0.0,0,0,0.0
1785431818.082,17:16:58,timeslice,5,0.0,0,0,0.0
1785431818.082,17:16:58,timeslice,6,0.0,0,0,0.0
1785431818.082,17:16:58,timeslice,7,0.0,0,0,0.0
1785431819.082,17:16:59,timeslice,0,0.0,0,0,0.0
1785431819.082,17:16:59,timeslice,1,0.0,0,0,0.0
1785431819.082,17:16:59,timeslice,2,0.0,0,0,0.0
1785431819.082,17:16:59,timeslice,3,0.0,0,0,0.0
1785431819.082,17:16:59,timeslice,4,0.0,0,0,0.0
1785431819.082,17:16:59,timeslice,5,0.0,0,0,0.0
1785431819.082,17:16:59,timeslice,6,0.0,0,0,0.0
1785431819.082,17:16:59,timeslice,7,0.0,0,0,0.0
1785431820.082,17:17:00,timeslice,0,0.0,0,0,0.0
1785431820.082,17:17:00,timeslice,1,0.0,0,0,0.0
1785431820.082,17:17:00,timeslice,2,0.0,0,0,0.0
1785431820.082,17:17:00,timeslice,3,0.0,0,0,0.0
1785431820.082,17:17:00,timeslice,4,0.0,0,0,0.0
1785431820.082,17:17:00,timeslice,5,0.0,0,0,0.0
1785431820.082,17:17:00,timeslice,6,0.0,0,0,0.0
1785431820.082,17:17:00,timeslice,7,0.0,0,0,0.0
1785431821.082,17:17:01,timeslice,0,0.0,0,0,0.0
1785431821.082,17:17:01,timeslice,1,0.0,0,0,0.0
1785431821.082,17:17:01,timeslice,2,0.0,0,0,0.0
1785431821.082,17:17:01,timeslice,3,0.0,0,0,0.0
1785431821.082,17:17:01,timeslice,4,0.0,0,0,0.0
1785431821.082,17:17:01,timeslice,5,0.0,0,0,0.0
1785431821.082,17:17:01,timeslice,6,0.0,0,0,0.0
1785431821.082,17:17:01,timeslice,7,0.0,0,0,0.0
1785431822.082,17:17:02,timeslice,0,0.0,0,0,0.0
1785431822.082,17:17:02,timeslice,1,0.0,0,0,0.0
1785431822.082,17:17:02,timeslice,2,0.0,0,0,0.0
1785431822.082,17:17:02,timeslice,3,0.0,0,0,0.0
1785431822.082,17:17:02,timeslice,4,0.0,0,0,0.0
1785431822.082,17:17:02,timeslice,5,0.0,0,0,0.0
1785431822.082,17:17:02,timeslice,6,0.0,0,0,0.0
1785431822.082,17:17:02,timeslice,7,0.0,0,0,0.0
1785431823.083,17:17:03,timeslice,0,0.0,0,0,0.0
1785431823.083,17:17:03,timeslice,1,0.0,0,0,0.0
1785431823.083,17:17:03,timeslice,2,0.0,0,0,0.0
1785431823.083,17:17:03,timeslice,3,0.0,0,0,0.0
1785431823.083,17:17:03,timeslice,4,0.0,0,0,0.0
1785431823.083,17:17:03,timeslice,5,0.0,0,0,0.0
1785431823.083,17:17:03,timeslice,6,0.0,0,0,0.0
1785431823.083,17:17:03,timeslice,7,0.0,0,0,0.0
1785431824.083,17:17:04,timeslice,0,0.0,0,0,0.0
1785431824.083,17:17:04,timeslice,1,0.0,0,0,0.0
1785431824.083,17:17:04,timeslice,2,0.0,0,0,0.0
1785431824.083,17:17:04,timeslice,3,0.0,0,0,0.0
1785431824.083,17:17:04,timeslice,4,0.0,0,0,0.0
1785431824.083,17:17:04,timeslice,5,0.0,0,0,0.0
1785431824.083,17:17:04,timeslice,6,0.0,0,0,0.0
1785431824.083,17:17:04,timeslice,7,0.0,0,0,0.0
1785431825.083,17:17:05,timeslice,0,0.0,0,0,0.0
1785431825.083,17:17:05,timeslice,1,0.0,0,0,0.0
1785431825.083,17:17:05,timeslice,2,0.0,0,0,0.0
1785431825.083,17:17:05,timeslice,3,0.0,0,0,0.0
1785431825.083,17:17:05,timeslice,4,0.0,0,0,0.0
1785431825.083,17:17:05,timeslice,5,0.0,0,0,0.0
1785431825.083,17:17:05,timeslice,6,0.0,0,0,0.0
1785431825.083,17:17:05,timeslice,7,0.0,0,0,0.0
1785431826.083,17:17:06,timeslice,0,0.0,0,0,0.0
1785431826.083,17:17:06,timeslice,1,0.0,0,0,0.0
1785431826.083,17:17:06,timeslice,2,0.0,0,0,0.0
1785431826.083,17:17:06,timeslice,3,0.0,0,0,0.0
1785431826.083,17:17:06,timeslice,4,0.0,0,0,0.0
1785431826.083,17:17:06,timeslice,5,0.0,0,0,0.0
1785431826.083,17:17:06,timeslice,6,0.0,0,0,0.0
1785431826.083,17:17:06,timeslice,7,0.0,0,0,0.0
1785431827.083,17:17:07,timeslice,0,0.0,0,0,0.0
1785431827.083,17:17:07,timeslice,1,0.0,0,0,0.0
1785431827.083,17:17:07,timeslice,2,0.0,0,0,0.0
1785431827.083,17:17:07,timeslice,3,0.0,0,0,0.0
1785431827.083,17:17:07,timeslice,4,0.0,0,0,0.0
1785431827.083,17:17:07,timeslice,5,0.0,0,0,0.0
1785431827.083,17:17:07,timeslice,6,0.0,0,0,0.0
1785431827.083,17:17:07,timeslice,7,0.0,0,0,0.0
1785431828.083,17:17:08,timeslice,0,0.0,0,0,0.0
1785431828.083,17:17:08,timeslice,1,0.0,0,0,0.0
1785431828.083,17:17:08,timeslice,2,0.0,0,0,0.0
1785431828.083,17:17:08,timeslice,3,0.0,0,0,0.0
1785431828.083,17:17:08,timeslice,4,0.0,0,0,0.0
1785431828.083,17:17:08,timeslice,5,0.0,0,0,0.0
1785431828.083,17:17:08,timeslice,6,0.0,0,0,0.0
1785431828.083,17:17:08,timeslice,7,0.0,0,0,0.0
1785431829.083,17:17:09,timeslice,0,0.0,0,0,0.0
1785431829.083,17:17:09,timeslice,1,0.0,0,0,0.0
1785431829.083,17:17:09,timeslice,2,0.0,0,0,0.0
1785431829.083,17:17:09,timeslice,3,0.0,0,0,0.0
1785431829.083,17:17:09,timeslice,4,0.0,0,0,0.0
1785431829.083,17:17:09,timeslice,5,0.0,0,0,0.0
1785431829.083,17:17:09,timeslice,6,0.0,0,0,0.0
1785431829.083,17:17:09,timeslice,7,0.0,0,0,0.0
1785431830.084,17:17:10,timeslice,0,0.0,0,0,0.0
1785431830.084,17:17:10,timeslice,1,0.0,0,0,0.0
1785431830.084,17:17:10,timeslice,2,0.0,0,0,0.0
1785431830.084,17:17:10,timeslice,3,0.0,0,0,0.0
1785431830.084,17:17:10,timeslice,4,0.0,0,0,0.0
1785431830.084,17:17:10,timeslice,5,0.0,0,0,0.0
1785431830.084,17:17:10,timeslice,6,0.0,0,0,0.0
1785431830.084,17:17:10,timeslice,7,0.0,0,0,0.0
1785431831.084,17:17:11,timeslice,0,0.0,0,0,0.0
1785431831.084,17:17:11,timeslice,1,0.0,0,0,0.0
1785431831.084,17:17:11,timeslice,2,0.0,0,0,0.0
1785431831.084,17:17:11,timeslice,3,0.0,0,0,0.0
1785431831.084,17:17:11,timeslice,4,0.0,0,0,0.0
1785431831.084,17:17:11,timeslice,5,0.0,0,0,0.0
1785431831.084,17:17:11,timeslice,6,0.0,0,0,0.0
1785431831.084,17:17:11,timeslice,7,0.0,0,0,0.0
1785431832.084,17:17:12,timeslice,0,0.0,0,0,0.0
1785431832.084,17:17:12,timeslice,1,0.0,0,0,0.0
1785431832.084,17:17:12,timeslice,2,0.0,0,0,0.0
1785431832.084,17:17:12,timeslice,3,0.0,0,0,0.0
1785431832.084,17:17:12,timeslice,4,0.0,0,0,0.0
1785431832.084,17:17:12,timeslice,5,0.0,0,0,0.0
1785431832.084,17:17:12,timeslice,6,0.0,0,0,0.0
1785431832.084,17:17:12,timeslice,7,0.0,0,0,0.0
1785431833.084,17:17:13,timeslice,0,0.0,0,0,0.0
1785431833.084,17:17:13,timeslice,1,0.0,0,0,0.0
1785431833.084,17:17:13,timeslice,2,0.0,0,0,0.0
1785431833.084,17:17:13,timeslice,3,0.0,0,0,0.0
1785431833.084,17:17:13,timeslice,4,0.0,0,0,0.0
1785431833.084,17:17:13,timeslice,5,0.0,0,0,0.0
1785431833.084,17:17:13,timeslice,6,0.0,0,0,0.0
1785431833.084,17:17:13,timeslice,7,0.0,0,0,0.0
1785431834.084,17:17:14,timeslice,0,0.0,0,0,0.0
1785431834.084,17:17:14,timeslice,1,0.0,0,0,0.0
1785431834.084,17:17:14,timeslice,2,0.0,0,0,0.0
1785431834.084,17:17:14,timeslice,3,0.0,0,0,0.0
1785431834.084,17:17:14,timeslice,4,0.0,0,0,0.0
1785431834.084,17:17:14,timeslice,5,0.0,0,0,0.0
1785431834.084,17:17:14,timeslice,6,0.0,0,0,0.0
1785431834.084,17:17:14,timeslice,7,0.0,0,0,0.0
1785431835.084,17:17:15,timeslice,0,0.0,0,0,0.0
1785431835.084,17:17:15,timeslice,1,0.0,0,0,0.0
1785431835.084,17:17:15,timeslice,2,0.0,0,0,0.0
1785431835.084,17:17:15,timeslice,3,0.0,0,0,0.0
1785431835.084,17:17:15,timeslice,4,0.0,0,0,0.0
1785431835.084,17:17:15,timeslice,5,0.0,0,0,0.0
1785431835.084,17:17:15,timeslice,6,0.0,0,0,0.0
1785431835.084,17:17:15,timeslice,7,0.0,0,0,0.0
1785431836.084,17:17:16,timeslice,0,0.0,0,0,0.0
1785431836.084,17:17:16,timeslice,1,0.0,0,0,0.0
1785431836.084,17:17:16,timeslice,2,0.0,0,0,0.0
1785431836.084,17:17:16,timeslice,3,0.0,0,0,0.0
1785431836.084,17:17:16,timeslice,4,0.0,0,0,0.0
1785431836.084,17:17:16,timeslice,5,0.0,0,0,0.0
1785431836.084,17:17:16,timeslice,6,0.0,0,0,0.0
1785431836.084,17:17:16,timeslice,7,0.0,0,0,0.0
1785431837.084,17:17:17,timeslice,0,0.0,0,0,0.0
1785431837.084,17:17:17,timeslice,1,0.0,0,0,0.0
1785431837.084,17:17:17,timeslice,2,0.0,0,0,0.0
1785431837.084,17:17:17,timeslice,3,0.0,0,0,0.0
1785431837.084,17:17:17,timeslice,4,0.0,0,0,0.0
1785431837.084,17:17:17,timeslice,5,0.0,0,0,0.0
1785431837.084,17:17:17,timeslice,6,0.0,0,0,0.0
1785431837.084,17:17:17,timeslice,7,0.0,0,0,0.0
1785431838.085,17:17:18,timeslice,0,0.0,0,0,0.0
1785431838.085,17:17:18,timeslice,1,0.0,0,0,0.0
1785431838.085,17:17:18,timeslice,2,0.0,0,0,0.0
1785431838.085,17:17:18,timeslice,3,0.0,0,0,0.0
1785431838.085,17:17:18,timeslice,4,0.0,0,0,0.0
1785431838.085,17:17:18,timeslice,5,0.0,0,0,0.0
1785431838.085,17:17:18,timeslice,6,0.0,0,0,0.0
1785431838.085,17:17:18,timeslice,7,0.0,0,0,0.0
1785431839.085,17:17:19,timeslice,0,0.0,0,0,0.0
1785431839.085,17:17:19,timeslice,1,0.0,0,0,0.0
1785431839.085,17:17:19,timeslice,2,0.0,0,0,0.0
1785431839.085,17:17:19,timeslice,3,0.0,0,0,0.0
1785431839.085,17:17:19,timeslice,4,0.0,0,0,0.0
1785431839.085,17:17:19,timeslice,5,0.0,0,0,0.0
1785431839.085,17:17:19,timeslice,6,0.0,0,0,0.0
1785431839.085,17:17:19,timeslice,7,0.0,0,0,0.0
1785431840.085,17:17:20,timeslice,0,0.0,0,0,0.0
1785431840.085,17:17:20,timeslice,1,0.0,0,0,0.0
1785431840.085,17:17:20,timeslice,2,0.0,0,0,0.0
1785431840.085,17:17:20,timeslice,3,0.0,0,0,0.0
1785431840.085,17:17:20,timeslice,4,0.0,0,0,0.0
1785431840.085,17:17:20,timeslice,5,0.0,0,0,0.0
1785431840.085,17:17:20,timeslice,6,0.0,0,0,0.0
1785431840.085,17:17:20,timeslice,7,0.0,0,0,0.0
1785431841.085,17:17:21,timeslice,0,0.0,0,0,0.0
1785431841.085,17:17:21,timeslice,1,0.0,0,0,0.0
1785431841.085,17:17:21,timeslice,2,0.0,0,0,0.0
1785431841.085,17:17:21,timeslice,3,0.0,0,0,0.0
1785431841.085,17:17:21,timeslice,4,0.0,0,0,0.0
1785431841.085,17:17:21,timeslice,5,0.0,0,0,0.0
1785431841.085,17:17:21,timeslice,6,0.0,0,0,0.0
1785431841.085,17:17:21,timeslice,7,0.0,0,0,0.0
1785431842.085,17:17:22,timeslice,0,0.0,0,0,0.0
1785431842.085,17:17:22,timeslice,1,0.0,0,0,0.0
1785431842.085,17:17:22,timeslice,2,0.0,0,0,0.0
1785431842.085,17:17:22,timeslice,3,0.0,0,0,0.0
1785431842.085,17:17:22,timeslice,4,0.0,0,0,0.0
1785431842.085,17:17:22,timeslice,5,0.0,0,0,0.0
1785431842.085,17:17:22,timeslice,6,0.0,0,0,0.0
1785431842.085,17:17:22,timeslice,7,0.0,0,0,0.0
1785431843.085,17:17:23,timeslice,0,0.0,0,0,0.0
1785431843.085,17:17:23,timeslice,1,0.0,0,0,0.0
1785431843.085,17:17:23,timeslice,2,0.0,0,0,0.0
1785431843.085,17:17:23,timeslice,3,0.0,0,0,0.0
1785431843.085,17:17:23,timeslice,4,0.0,0,0,0.0
1785431843.085,17:17:23,timeslice,5,0.0,0,0,0.0
1785431843.085,17:17:23,timeslice,6,0.0,0,0,0.0
1785431843.085,17:17:23,timeslice,7,0.0,0,0,0.0
1785431844.085,17:17:24,timeslice,0,0.0,0,0,0.0
1785431844.085,17:17:24,timeslice,1,0.0,0,0,0.0
1785431844.085,17:17:24,timeslice,2,0.0,0,0,0.0
1785431844.085,17:17:24,timeslice,3,0.0,0,0,0.0
1785431844.085,17:17:24,timeslice,4,0.0,0,0,0.0
1785431844.085,17:17:24,timeslice,5,0.0,0,0,0.0
1785431844.085,17:17:24,timeslice,6,0.0,0,0,0.0
1785431844.085,17:17:24,timeslice,7,0.0,0,0,0.0
1785431845.085,17:17:25,timeslice,0,0.0,0,0,0.0
1785431845.085,17:17:25,timeslice,1,0.0,0,0,0.0
1785431845.085,17:17:25,timeslice,2,0.0,0,0,0.0
1785431845.085,17:17:25,timeslice,3,0.0,0,0,0.0
1785431845.085,17:17:25,timeslice,4,0.0,0,0,0.0
1785431845.085,17:17:25,timeslice,5,0.0,0,0,0.0
1785431845.085,17:17:25,timeslice,6,0.0,0,0,0.0
1785431845.085,17:17:25,timeslice,7,0.0,0,0,0.0
1785431846.086,17:17:26,timeslice,0,0.0,0,0,0.0
1785431846.086,17:17:26,timeslice,1,0.0,0,0,0.0
1785431846.086,17:17:26,timeslice,2,0.0,0,0,0.0
1785431846.086,17:17:26,timeslice,3,0.0,0,0,0.0
1785431846.086,17:17:26,timeslice,4,0.0,0,0,0.0
1785431846.086,17:17:26,timeslice,5,0.0,0,0,0.0
1785431846.086,17:17:26,timeslice,6,0.0,0,0,0.0
1785431846.086,17:17:26,timeslice,7,0.0,0,0,0.0
1785431847.086,17:17:27,timeslice,0,0.0,0,0,0.0
1785431847.086,17:17:27,timeslice,1,0.0,0,0,0.0
1785431847.086,17:17:27,timeslice,2,0.0,0,0,0.0
1785431847.086,17:17:27,timeslice,3,0.0,0,0,0.0
1785431847.086,17:17:27,timeslice,4,0.0,0,0,0.0
1785431847.086,17:17:27,timeslice,5,0.0,0,0,0.0
1785431847.086,17:17:27,timeslice,6,0.0,0,0,0.0
1785431847.086,17:17:27,timeslice,7,0.0,0,0,0.0
1785431848.086,17:17:28,timeslice,0,0.0,0,0,0.0
1785431848.086,17:17:28,timeslice,1,0.0,0,0,0.0
1785431848.086,17:17:28,timeslice,2,0.0,0,0,0.0
1785431848.086,17:17:28,timeslice,3,0.0,0,0,0.0
1785431848.086,17:17:28,timeslice,4,0.0,0,0,0.0
1785431848.086,17:17:28,timeslice,5,0.0,0,0,0.0
1785431848.086,17:17:28,timeslice,6,0.0,0,0,0.0
1785431848.086,17:17:28,timeslice,7,0.0,0,0,0.0
1785431849.086,17:17:29,timeslice,0,0.0,0,0,0.0
1785431849.086,17:17:29,timeslice,1,0.0,0,0,0.0
1785431849.086,17:17:29,timeslice,2,0.0,0,0,0.0
1785431849.086,17:17:29,timeslice,3,0.0,0,0,0.0
1785431849.086,17:17:29,timeslice,4,0.0,0,0,0.0
1785431849.086,17:17:29,timeslice,5,0.0,0,0,0.0
1785431849.086,17:17:29,timeslice,6,0.0,0,0,0.0
1785431849.086,17:17:29,timeslice,7,0.0,0,0,0.0
1785431850.086,17:17:30,timeslice,0,0.0,0,0,0.0
1785431850.086,17:17:30,timeslice,1,0.0,0,0,0.0
1785431850.086,17:17:30,timeslice,2,0.0,0,0,0.0
1785431850.086,17:17:30,timeslice,3,0.0,0,0,0.0
1785431850.086,17:17:30,timeslice,4,0.0,0,0,0.0
1785431850.086,17:17:30,timeslice,5,0.0,0,0,0.0
1785431850.086,17:17:30,timeslice,6,0.0,0,0,0.0
1785431850.086,17:17:30,timeslice,7,0.0,0,0,0.0
1785431851.086,17:17:31,timeslice,0,0.0,0,0,0.0
1785431851.086,17:17:31,timeslice,1,0.0,0,0,0.0
1785431851.086,17:17:31,timeslice,2,0.0,0,0,0.0
1785431851.086,17:17:31,timeslice,3,0.0,0,0,0.0
1785431851.086,17:17:31,timeslice,4,0.0,0,0,0.0
1785431851.086,17:17:31,timeslice,5,0.0,0,0,0.0
1785431851.086,17:17:31,timeslice,6,0.0,0,0,0.0
1785431851.086,17:17:31,timeslice,7,0.0,0,0,0.0
1785431852.086,17:17:32,timeslice,0,0.0,0,0,0.0
1785431852.086,17:17:32,timeslice,1,0.0,0,0,0.0
1785431852.086,17:17:32,timeslice,2,0.0,0,0,0.0
1785431852.086,17:17:32,timeslice,3,0.0,0,0,0.0
1785431852.086,17:17:32,timeslice,4,0.0,0,0,0.0
1785431852.086,17:17:32,timeslice,5,0.0,0,0,0.0
1785431852.086,17:17:32,timeslice,6,0.0,0,0,0.0
1785431852.086,17:17:32,timeslice,7,0.0,0,0,0.0
1785431853.086,17:17:33,timeslice,0,0.0,0,0,0.0
1785431853.086,17:17:33,timeslice,1,0.0,0,0,0.0
1785431853.086,17:17:33,timeslice,2,0.0,0,0,0.0
1785431853.086,17:17:33,timeslice,3,0.0,0,0,0.0
1785431853.086,17:17:33,timeslice,4,0.0,0,0,0.0
1785431853.086,17:17:33,timeslice,5,0.0,0,0,0.0
1785431853.086,17:17:33,timeslice,6,0.0,0,0,0.0
1785431853.086,17:17:33,timeslice,7,0.0,0,0,0.0
1785431854.087,17:17:34,timeslice,0,0.0,0,0,0.0
1785431854.087,17:17:34,timeslice,1,0.0,0,0,0.0
1785431854.087,17:17:34,timeslice,2,0.0,0,0,0.0
1785431854.087,17:17:34,timeslice,3,0.0,0,0,0.0
1785431854.087,17:17:34,timeslice,4,0.0,0,0,0.0
1785431854.087,17:17:34,timeslice,5,0.0,0,0,0.0
1785431854.087,17:17:34,timeslice,6,0.0,0,0,0.0
1785431854.087,17:17:34,timeslice,7,0.0,0,0,0.0
1785431855.087,17:17:35,timeslice,0,0.0,0,0,0.0
1785431855.087,17:17:35,timeslice,1,0.0,0,0,0.0
1785431855.087,17:17:35,timeslice,2,0.0,0,0,0.0
1785431855.087,17:17:35,timeslice,3,0.0,0,0,0.0
1785431855.087,17:17:35,timeslice,4,0.0,0,0,0.0
1785431855.087,17:17:35,timeslice,5,0.0,0,0,0.0
1785431855.087,17:17:35,timeslice,6,0.0,0,0,0.0
1785431855.087,17:17:35,timeslice,7,0.0,0,0,0.0
1785431856.087,17:17:36,timeslice,0,0.0,0,0,0.0
1785431856.087,17:17:36,timeslice,1,0.0,0,0,0.0
1785431856.087,17:17:36,timeslice,2,0.0,0,0,0.0
1785431856.087,17:17:36,timeslice,3,0.0,0,0,0.0
1785431856.087,17:17:36,timeslice,4,0.0,0,0,0.0
1785431856.087,17:17:36,timeslice,5,0.0,0,0,0.0
1785431856.087,17:17:36,timeslice,6,0.0,0,0,0.0
1785431856.087,17:17:36,timeslice,7,0.0,0,0,0.0
1785431857.087,17:17:37,timeslice,0,0.0,0,0,0.0
1785431857.087,17:17:37,timeslice,1,0.0,0,0,0.0
1785431857.087,17:17:37,timeslice,2,0.0,0,0,0.0
1785431857.087,17:17:37,timeslice,3,0.0,0,0,0.0
1785431857.087,17:17:37,timeslice,4,0.0,0,0,0.0
1785431857.087,17:17:37,timeslice,5,0.0,0,0,0.0
1785431857.087,17:17:37,timeslice,6,0.0,0,0,0.0
1785431857.087,17:17:37,timeslice,7,0.0,0,0,0.0
1785431858.087,17:17:38,timeslice,0,0.0,0,0,0.0
1785431858.087,17:17:38,timeslice,1,0.0,0,0,0.0
1785431858.087,17:17:38,timeslice,2,0.0,0,0,0.0
1785431858.087,17:17:38,timeslice,3,0.0,0,0,0.0
1785431858.087,17:17:38,timeslice,4,0.0,0,0,0.0
1785431858.087,17:17:38,timeslice,5,0.0,0,0,0.0
1785431858.087,17:17:38,timeslice,6,0.0,0,0,0.0
1785431858.087,17:17:38,timeslice,7,0.0,0,0,0.0
1785431859.087,17:17:39,timeslice,0,0.0,0,0,0.0
1785431859.087,17:17:39,timeslice,1,0.0,0,0,0.0
1785431859.087,17:17:39,timeslice,2,0.0,0,0,0.0
1785431859.087,17:17:39,timeslice,3,0.0,0,0,0.0
1785431859.087,17:17:39,timeslice,4,0.0,0,0,0.0
1785431859.087,17:17:39,timeslice,5,0.0,0,0,0.0
1785431859.087,17:17:39,timeslice,6,0.0,0,0,0.0
1785431859.087,17:17:39,timeslice,7,0.0,0,0,0.0
1785431860.087,17:17:40,timeslice,0,0.0,0,0,0.0
1785431860.087,17:17:40,timeslice,1,0.0,0,0,0.0
1785431860.087,17:17:40,timeslice,2,0.0,0,0,0.0
1785431860.087,17:17:40,timeslice,3,0.0,0,0,0.0
1785431860.087,17:17:40,timeslice,4,0.0,0,0,0.0
1785431860.087,17:17:40,timeslice,5,0.0,0,0,0.0
1785431860.087,17:17:40,timeslice,6,0.0,0,0,0.0
1785431860.087,17:17:40,timeslice,7,0.0,0,0,0.0
1785431861.087,17:17:41,timeslice,0,0.0,0,0,0.0
1785431861.087,17:17:41,timeslice,1,0.0,0,0,0.0
1785431861.087,17:17:41,timeslice,2,0.0,0,0,0.0
1785431861.087,17:17:41,timeslice,3,0.0,0,0,0.0
1785431861.087,17:17:41,timeslice,4,0.0,0,0,0.0
1785431861.087,17:17:41,timeslice,5,0.0,0,0,0.0
1785431861.087,17:17:41,timeslice,6,0.0,0,0,0.0
1785431861.087,17:17:41,timeslice,7,0.0,0,0,0.0
1785431862.088,17:17:42,timeslice,0,0.0,0,0,0.0
1785431862.088,17:17:42,timeslice,1,0.0,0,0,0.0
1785431862.088,17:17:42,timeslice,2,0.0,0,0,0.0
1785431862.088,17:17:42,timeslice,3,0.0,0,0,0.0
1785431862.088,17:17:42,timeslice,4,0.0,0,0,0.0
1785431862.088,17:17:42,timeslice,5,0.0,0,0,0.0
1785431862.088,17:17:42,timeslice,6,0.0,0,0,0.0
1785431862.088,17:17:42,timeslice,7,0.0,0,0,0.0
1785431863.088,17:17:43,timeslice,0,0.0,0,0,0.0
1785431863.088,17:17:43,timeslice,1,0.0,0,0,0.0
1785431863.088,17:17:43,timeslice,2,0.0,0,0,0.0
1785431863.088,17:17:43,timeslice,3,0.0,0,0,0.0
1785431863.088,17:17:43,timeslice,4,0.0,0,0,0.0
1785431863.088,17:17:43,timeslice,5,0.0,0,0,0.0
1785431863.088,17:17:43,timeslice,6,0.0,0,0,0.0
1785431863.088,17:17:43,timeslice,7,0.0,0,0,0.0
1785431864.088,17:17:44,timeslice,0,0.0,0,0,0.0
1785431864.088,17:17:44,timeslice,1,0.0,0,0,0.0
1785431864.088,17:17:44,timeslice,2,0.0,0,0,0.0
1785431864.088,17:17:44,timeslice,3,0.0,0,0,0.0
1785431864.088,17:17:44,timeslice,4,0.0,0,0,0.0
1785431864.088,17:17:44,timeslice,5,0.0,0,0,0.0
1785431864.088,17:17:44,timeslice,6,0.0,0,0,0.0
1785431864.088,17:17:44,timeslice,7,0.0,0,0,0.0
1785431865.088,17:17:45,timeslice,0,0.0,0,0,0.0
1785431865.088,17:17:45,timeslice,1,0.0,0,0,0.0
1785431865.088,17:17:45,timeslice,2,0.0,0,0,0.0
1785431865.088,17:17:45,timeslice,3,0.0,0,0,0.0
1785431865.088,17:17:45,timeslice,4,0.0,0,0,0.0
1785431865.088,17:17:45,timeslice,5,0.0,0,0,0.0
1785431865.088,17:17:45,timeslice,6,0.0,0,0,0.0
1785431865.088,17:17:45,timeslice,7,0.0,0,0,0.0
1785431866.088,17:17:46,timeslice,0,0.0,0,0,0.0
1785431866.088,17:17:46,timeslice,1,0.0,0,0,0.0
1785431866.088,17:17:46,timeslice,2,0.0,0,0,0.0
1785431866.088,17:17:46,timeslice,3,0.0,0,0,0.0
1785431866.088,17:17:46,timeslice,4,0.0,0,0,0.0
1785431866.088,17:17:46,timeslice,5,0.0,0,0,0.0
1785431866.088,17:17:46,timeslice,6,0.0,0,0,0.0
1785431866.088,17:17:46,timeslice,7,0.0,0,0,0.0
1785431867.088,17:17:47,timeslice,0,0.0,0,0,0.0
1785431867.088,17:17:47,timeslice,1,0.0,0,0,0.0
1785431867.088,17:17:47,timeslice,2,0.0,0,0,0.0
1785431867.088,17:17:47,timeslice,3,0.0,0,0,0.0
1785431867.088,17:17:47,timeslice,4,0.0,0,0,0.0
1785431867.088,17:17:47,timeslice,5,0.0,0,0,0.0
1785431867.088,17:17:47,timeslice,6,0.0,0,0,0.0
1785431867.088,17:17:47,timeslice,7,0.0,0,0,0.0
1785431868.088,17:17:48,timeslice,0,0.0,0,0,0.0
1785431868.088,17:17:48,timeslice,1,0.0,0,0,0.0
1785431868.088,17:17:48,timeslice,2,0.0,0,0,0.0
1785431868.088,17:17:48,timeslice,3,0.0,0,0,0.0
1785431868.088,17:17:48,timeslice,4,0.0,0,0,0.0
1785431868.088,17:17:48,timeslice,5,0.0,0,0,0.0
1785431868.088,17:17:48,timeslice,6,0.0,0,0,0.0
1785431868.088,17:17:48,timeslice,7,0.0,0,0,0.0
1785431869.088,17:17:49,timeslice,0,0.0,0,0,0.0
1785431869.088,17:17:49,timeslice,1,0.0,0,0,0.0
1785431869.088,17:17:49,timeslice,2,0.0,0,0,0.0
1785431869.088,17:17:49,timeslice,3,0.0,0,0,0.0
1785431869.088,17:17:49,timeslice,4,0.0,0,0,0.0
1785431869.088,17:17:49,timeslice,5,0.0,0,0,0.0
1785431869.088,17:17:49,timeslice,6,0.0,0,0,0.0
1785431869.088,17:17:49,timeslice,7,0.0,0,0,0.0
1785431870.089,17:17:50,timeslice,0,0.0,0,0,0.0
1785431870.089,17:17:50,timeslice,1,0.0,0,0,0.0
1785431870.089,17:17:50,timeslice,2,0.0,0,0,0.0
1785431870.089,17:17:50,timeslice,3,0.0,0,0,0.0
1785431870.089,17:17:50,timeslice,4,0.0,0,0,0.0
1785431870.089,17:17:50,timeslice,5,0.0,0,0,0.0
1785431870.089,17:17:50,timeslice,6,0.0,0,0,0.0
1785431870.089,17:17:50,timeslice,7,0.0,0,0,0.0
1785431871.089,17:17:51,timeslice,0,0.0,0,0,0.0
1785431871.089,17:17:51,timeslice,1,0.0,0,0,0.0
1785431871.089,17:17:51,timeslice,2,0.0,0,0,0.0
1785431871.089,17:17:51,timeslice,3,0.0,0,0,0.0
1785431871.089,17:17:51,timeslice,4,0.0,0,0,0.0
1785431871.089,17:17:51,timeslice,5,0.0,0,0,0.0
1785431871.089,17:17:51,timeslice,6,0.0,0,0,0.0
1785431871.089,17:17:51,timeslice,7,0.0,0,0,0.0
1785431872.089,17:17:52,timeslice,0,0.0,0,0,0.0
1785431872.089,17:17:52,timeslice,1,0.0,0,0,0.0
1785431872.089,17:17:52,timeslice,2,0.0,0,0,0.0
1785431872.089,17:17:52,timeslice,3,0.0,0,0,0.0
1785431872.089,17:17:52,timeslice,4,0.0,0,0,0.0
1785431872.089,17:17:52,timeslice,5,0.0,0,0,0.0
1785431872.089,17:17:52,timeslice,6,0.0,0,0,0.0
1785431872.089,17:17:52,timeslice,7,0.0,0,0,0.0
1785431873.089,17:17:53,timeslice,0,0.0,0,0,0.0
1785431873.089,17:17:53,timeslice,1,0.0,0,0,0.0
1785431873.089,17:17:53,timeslice,2,0.0,0,0,0.0
1785431873.089,17:17:53,timeslice,3,0.0,0,0,0.0
1785431873.089,17:17:53,timeslice,4,0.0,0,0,0.0
1785431873.089,17:17:53,timeslice,5,0.0,0,0,0.0
1785431873.089,17:17:53,timeslice,6,0.0,0,0,0.0
1785431873.089,17:17:53,timeslice,7,0.0,0,0,0.0
1785431874.089,17:17:54,timeslice,0,0.0,0,0,0.0
1785431874.089,17:17:54,timeslice,1,0.0,0,0,0.0
1785431874.089,17:17:54,timeslice,2,0.0,0,0,0.0
1785431874.089,17:17:54,timeslice,3,0.0,0,0,0.0
1785431874.089,17:17:54,timeslice,4,0.0,0,0,0.0
1785431874.089,17:17:54,timeslice,5,0.0,0,0,0.0
1785431874.089,17:17:54,timeslice,6,0.0,0,0,0.0
1785431874.089,17:17:54,timeslice,7,0.0,0,0,0.0
1785431875.089,17:17:55,timeslice,0,0.0,0,0,0.0
1785431875.089,17:17:55,timeslice,1,0.0,0,0,0.0
1785431875.089,17:17:55,timeslice,2,0.0,0,0,0.0
1785431875.089,17:17:55,timeslice,3,0.0,0,0,0.0
1785431875.089,17:17:55,timeslice,4,0.0,0,0,0.0
1785431875.089,17:17:55,timeslice,5,0.0,0,0,0.0
1785431875.089,17:17:55,timeslice,6,0.0,0,0,0.0
1785431875.089,17:17:55,timeslice,7,0.0,0,0,0.0
1785431876.089,17:17:56,timeslice,0,0.0,0,0,0.0
1785431876.089,17:17:56,timeslice,1,0.0,0,0,0.0
1785431876.089,17:17:56,timeslice,2,0.0,0,0,0.0
1785431876.089,17:17:56,timeslice,3,0.0,0,0,0.0
1785431876.089,17:17:56,timeslice,4,0.0,0,0,0.0
1785431876.089,17:17:56,timeslice,5,0.0,0,0,0.0
1785431876.089,17:17:56,timeslice,6,0.0,0,0,0.0
1785431876.089,17:17:56,timeslice,7,0.0,0,0,0.0
1785431877.089,17:17:57,timeslice,0,0.0,0,0,0.0
1785431877.089,17:17:57,timeslice,1,0.0,0,0,0.0
1785431877.089,17:17:57,timeslice,2,0.0,0,0,0.0
1785431877.089,17:17:57,timeslice,3,0.0,0,0,0.0
1785431877.089,17:17:57,timeslice,4,0.0,0,0,0.0
1785431877.089,17:17:57,timeslice,5,0.0,0,0,0.0
1785431877.089,17:17:57,timeslice,6,0.0,0,0,0.0
1785431877.089,17:17:57,timeslice,7,0.0,0,0,0.0
1785431878.09,17:17:58,timeslice,0,0.0,0,0,0.0
1785431878.09,17:17:58,timeslice,1,0.0,0,0,0.0
1785431878.09,17:17:58,timeslice,2,0.0,0,0,0.0
1785431878.09,17:17:58,timeslice,3,0.0,0,0,0.0
1785431878.09,17:17:58,timeslice,4,0.0,0,0,0.0
1785431878.09,17:17:58,timeslice,5,0.0,0,0,0.0
1785431878.09,17:17:58,timeslice,6,0.0,0,0,0.0
1785431878.09,17:17:58,timeslice,7,0.0,0,0,0.0
1785431879.09,17:17:59,timeslice,0,0.0,0,0,0.0
1785431879.09,17:17:59,timeslice,1,0.0,0,0,0.0
1785431879.09,17:17:59,timeslice,2,0.0,0,0,0.0
1785431879.09,17:17:59,timeslice,3,0.0,0,0,0.0
1785431879.09,17:17:59,timeslice,4,0.0,0,0,0.0
1785431879.09,17:17:59,timeslice,5,0.0,0,0,0.0
1785431879.09,17:17:59,timeslice,6,0.0,0,0,0.0
1785431879.09,17:17:59,timeslice,7,0.0,0,0,0.0
1785431880.09,17:18:00,timeslice,0,0.0,0,0,0.0
1785431880.09,17:18:00,timeslice,1,0.0,0,0,0.0
1785431880.09,17:18:00,timeslice,2,0.0,0,0,0.0
1785431880.09,17:18:00,timeslice,3,0.0,0,0,0.0
1785431880.09,17:18:00,timeslice,4,0.0,0,0,0.0
1785431880.09,17:18:00,timeslice,5,0.0,0,0,0.0
1785431880.09,17:18:00,timeslice,6,0.0,0,0,0.0
1785431880.09,17:18:00,timeslice,7,0.0,0,0,0.0
1785431881.09,17:18:01,timeslice,0,0.0,0,0,0.0
1785431881.09,17:18:01,timeslice,1,0.0,0,0,0.0
1785431881.09,17:18:01,timeslice,2,0.0,0,0,0.0
1785431881.09,17:18:01,timeslice,3,0.0,0,0,0.0
1785431881.09,17:18:01,timeslice,4,0.0,0,0,0.0
1785431881.09,17:18:01,timeslice,5,0.0,0,0,0.0
1785431881.09,17:18:01,timeslice,6,0.0,0,0,0.0
1785431881.09,17:18:01,timeslice,7,0.0,0,0,0.0
1785431882.09,17:18:02,timeslice,0,0.0,0,0,0.0
1785431882.09,17:18:02,timeslice,1,0.0,0,0,0.0
1785431882.09,17:18:02,timeslice,2,0.0,0,0,0.0
1785431882.09,17:18:02,timeslice,3,0.0,0,0,0.0
1785431882.09,17:18:02,timeslice,4,0.0,0,0,0.0
1785431882.09,17:18:02,timeslice,5,0.0,0,0,0.0
1785431882.09,17:18:02,timeslice,6,0.0,0,0,0.0
1785431882.09,17:18:02,timeslice,7,0.0,0,0,0.0
1785431883.09,17:18:03,timeslice,0,0.0,0,0,0.0
1785431883.09,17:18:03,timeslice,1,0.0,0,0,0.0
1785431883.09,17:18:03,timeslice,2,0.0,0,0,0.0
1785431883.09,17:18:03,timeslice,3,0.0,0,0,0.0
1785431883.09,17:18:03,timeslice,4,0.0,0,0,0.0
1785431883.09,17:18:03,timeslice,5,0.0,0,0,0.0
1785431883.09,17:18:03,timeslice,6,0.0,0,0,0.0
1785431883.09,17:18:03,timeslice,7,0.0,0,0,0.0
1785431884.09,17:18:04,timeslice,0,0.0,0,0,0.0
1785431884.09,17:18:04,timeslice,1,0.0,0,0,0.0
1785431884.09,17:18:04,timeslice,2,0.0,0,0,0.0
1785431884.09,17:18:04,timeslice,3,0.0,0,0,0.0
1785431884.09,17:18:04,timeslice,4,0.0,0,0,0.0
1785431884.09,17:18:04,timeslice,5,0.0,0,0,0.0
1785431884.09,17:18:04,timeslice,6,0.0,0,0,0.0
1785431884.09,17:18:04,timeslice,7,0.0,0,0,0.0
1785431885.09,17:18:05,timeslice,0,0.0,0,0,0.0
1785431885.09,17:18:05,timeslice,1,0.0,0,0,0.0
1785431885.09,17:18:05,timeslice,2,0.0,0,0,0.0
1785431885.09,17:18:05,timeslice,3,0.0,0,0,0.0
1785431885.09,17:18:05,timeslice,4,0.0,0,0,0.0
1785431885.09,17:18:05,timeslice,5,0.0,0,0,0.0
1785431885.09,17:18:05,timeslice,6,0.0,0,0,0.0
1785431885.09,17:18:05,timeslice,7,0.0,0,0,0.0
1785431886.09,17:18:06,timeslice,0,0.0,0,0,0.0
1785431886.09,17:18:06,timeslice,1,0.0,0,0,0.0
1785431886.09,17:18:06,timeslice,2,0.0,0,0,0.0
1785431886.09,17:18:06,timeslice,3,0.0,0,0,0.0
1785431886.09,17:18:06,timeslice,4,0.0,0,0,0.0
1785431886.09,17:18:06,timeslice,5,0.0,0,0,0.0
1785431886.09,17:18:06,timeslice,6,0.0,0,0,0.0
1785431886.09,17:18:06,timeslice,7,0.0,0,0,0.0
1785431887.091,17:18:07,timeslice,0,0.0,0,0,0.0
1785431887.091,17:18:07,timeslice,1,0.0,0,0,0.0
1785431887.091,17:18:07,timeslice,2,0.0,0,0,0.0
1785431887.091,17:18:07,timeslice,3,0.0,0,0,0.0
1785431887.091,17:18:07,timeslice,4,0.0,0,0,0.0
1785431887.091,17:18:07,timeslice,5,0.0,0,0,0.0
1785431887.091,17:18:07,timeslice,6,0.0,0,0,0.0
1785431887.091,17:18:07,timeslice,7,0.0,0,0,0.0
1785431888.091,17:18:08,timeslice,0,0.0,0,0,0.0
1785431888.091,17:18:08,timeslice,1,0.0,0,0,0.0
1785431888.091,17:18:08,timeslice,2,0.0,0,0,0.0
1785431888.091,17:18:08,timeslice,3,0.0,0,0,0.0
1785431888.091,17:18:08,timeslice,4,0.0,0,0,0.0
1785431888.091,17:18:08,timeslice,5,0.0,0,0,0.0
1785431888.091,17:18:08,timeslice,6,0.0,0,0,0.0
1785431888.091,17:18:08,timeslice,7,0.0,0,0,0.0
1785431889.091,17:18:09,timeslice,0,0.0,0,0,0.0
1785431889.091,17:18:09,timeslice,1,0.0,0,0,0.0
1785431889.091,17:18:09,timeslice,2,0.0,0,0,0.0
1785431889.091,17:18:09,timeslice,3,0.0,0,0,0.0
1785431889.091,17:18:09,timeslice,4,0.0,0,0,0.0
1785431889.091,17:18:09,timeslice,5,0.0,0,0,0.0
1785431889.091,17:18:09,timeslice,6,0.0,0,0,0.0
1785431889.091,17:18:09,timeslice,7,0.0,0,0,0.0
1785431890.091,17:18:10,timeslice,0,0.0,0,0,0.0
1785431890.091,17:18:10,timeslice,1,0.0,0,0,0.0
1785431890.091,17:18:10,timeslice,2,0.0,0,0,0.0
1785431890.091,17:18:10,timeslice,3,0.0,0,0,0.0
1785431890.091,17:18:10,timeslice,4,0.0,0,0,0.0
1785431890.091,17:18:10,timeslice,5,0.0,0,0,0.0
1785431890.091,17:18:10,timeslice,6,0.0,0,0,0.0
1785431890.091,17:18:10,timeslice,7,0.0,0,0,0.0
1785431891.091,17:18:11,timeslice,0,0.0,0,0,0.0
1785431891.091,17:18:11,timeslice,1,0.0,0,0,0.0
1785431891.091,17:18:11,timeslice,2,0.0,0,0,0.0
1785431891.091,17:18:11,timeslice,3,0.0,0,0,0.0
1785431891.091,17:18:11,timeslice,4,0.0,0,0,0.0
1785431891.091,17:18:11,timeslice,5,0.0,0,0,0.0
1785431891.091,17:18:11,timeslice,6,0.0,0,0,0.0
1785431891.091,17:18:11,timeslice,7,0.0,0,0,0.0
1785431892.091,17:18:12,timeslice,0,0.0,0,0,0.0
1785431892.091,17:18:12,timeslice,1,0.0,0,0,0.0
1785431892.091,17:18:12,timeslice,2,0.0,0,0,0.0
1785431892.091,17:18:12,timeslice,3,0.0,0,0,0.0
1785431892.091,17:18:12,timeslice,4,0.0,0,0,0.0
1785431892.091,17:18:12,timeslice,5,0.0,0,0,0.0
1785431892.091,17:18:12,timeslice,6,0.0,0,0,0.0
1785431892.091,17:18:12,timeslice,7,0.0,0,0,0.0
1785431893.091,17:18:13,timeslice,0,0.0,0,0,0.0
1785431893.091,17:18:13,timeslice,1,0.0,0,0,0.0
1785431893.091,17:18:13,timeslice,2,0.0,0,0,0.0
1785431893.091,17:18:13,timeslice,3,0.0,0,0,0.0
1785431893.091,17:18:13,timeslice,4,0.0,0,0,0.0
1785431893.091,17:18:13,timeslice,5,0.0,0,0,0.0
1785431893.091,17:18:13,timeslice,6,0.0,0,0,0.0
1785431893.091,17:18:13,timeslice,7,0.0,0,0,0.0
1785431894.091,17:18:14,timeslice,0,0.0,0,0,0.0
1785431894.091,17:18:14,timeslice,1,0.0,0,0,0.0
1785431894.091,17:18:14,timeslice,2,0.0,0,0,0.0
1785431894.091,17:18:14,timeslice,3,0.0,0,0,0.0
1785431894.091,17:18:14,timeslice,4,0.0,0,0,0.0
1785431894.091,17:18:14,timeslice,5,0.0,0,0,0.0
1785431894.091,17:18:14,timeslice,6,0.0,0,0,0.0
1785431894.091,17:18:14,timeslice,7,0.0,0,0,0.0
1785431895.092,17:18:15,timeslice,0,0.0,0,0,0.0
1785431895.092,17:18:15,timeslice,1,0.0,0,0,0.0
1785431895.092,17:18:15,timeslice,2,0.0,0,0,0.0
1785431895.092,17:18:15,timeslice,3,0.0,0,0,0.0
1785431895.092,17:18:15,timeslice,4,0.0,0,0,0.0
1785431895.092,17:18:15,timeslice,5,0.0,0,0,0.0
1785431895.092,17:18:15,timeslice,6,0.0,0,0,0.0
1785431895.092,17:18:15,timeslice,7,0.0,0,0,0.0
1785431896.092,17:18:16,timeslice,0,0.0,0,0,0.0
1785431896.092,17:18:16,timeslice,1,0.0,0,0,0.0
1785431896.092,17:18:16,timeslice,2,0.0,0,0,0.0
1785431896.092,17:18:16,timeslice,3,0.0,0,0,0.0
1785431896.092,17:18:16,timeslice,4,0.0,0,0,0.0
1785431896.092,17:18:16,timeslice,5,0.0,0,0,0.0
1785431896.092,17:18:16,timeslice,6,0.0,0,0,0.0
1785431896.092,17:18:16,timeslice,7,0.0,0,0,0.0
1785431897.092,17:18:17,timeslice,0,0.0,0,0,0.0
1785431897.092,17:18:17,timeslice,1,0.0,0,0,0.0
1785431897.092,17:18:17,timeslice,2,0.0,0,0,0.0
1785431897.092,17:18:17,timeslice,3,0.0,0,0,0.0
1785431897.092,17:18:17,timeslice,4,0.0,0,0,0.0
1785431897.092,17:18:17,timeslice,5,0.0,0,0,0.0
1785431897.092,17:18:17,timeslice,6,0.0,0,0,0.0
1785431897.092,17:18:17,timeslice,7,0.0,0,0,0.0
1785431898.092,17:18:18,timeslice,0,0.0,0,0,0.0
1785431898.092,17:18:18,timeslice,1,0.0,0,0,0.0
1785431898.092,17:18:18,timeslice,2,0.0,0,0,0.0
1785431898.092,17:18:18,timeslice,3,0.0,0,0,0.0
1785431898.092,17:18:18,timeslice,4,0.0,0,0,0.0
1785431898.092,17:18:18,timeslice,5,0.0,0,0,0.0
1785431898.092,17:18:18,timeslice,6,0.0,0,0,0.0
1785431898.092,17:18:18,timeslice,7,0.0,0,0,0.0
1785431899.092,17:18:19,timeslice,0,0.0,0,0,0.0
1785431899.092,17:18:19,timeslice,1,0.0,0,0,0.0
1785431899.092,17:18:19,timeslice,2,0.0,0,0,0.0
1785431899.092,17:18:19,timeslice,3,0.0,0,0,0.0
1785431899.092,17:18:19,timeslice,4,0.0,0,0,0.0
1785431899.092,17:18:19,timeslice,5,0.0,0,0,0.0
1785431899.092,17:18:19,timeslice,6,0.0,0,0,0.0
1785431899.092,17:18:19,timeslice,7,0.0,0,0,0.0
1785431900.092,17:18:20,timeslice,0,0.0,0,0,0.0
1785431900.092,17:18:20,timeslice,1,0.0,0,0,0.0
1785431900.092,17:18:20,timeslice,2,0.0,0,0,0.0
1785431900.092,17:18:20,timeslice,3,0.0,0,0,0.0
1785431900.092,17:18:20,timeslice,4,0.0,0,0,0.0
1785431900.092,17:18:20,timeslice,5,0.0,0,0,0.0
1785431900.092,17:18:20,timeslice,6,0.0,0,0,0.0
1785431900.092,17:18:20,timeslice,7,0.0,0,0,0.0
1785431901.092,17:18:21,timeslice,0,0.0,0,0,0.0
1785431901.092,17:18:21,timeslice,1,0.0,0,0,0.0
1785431901.092,17:18:21,timeslice,2,0.0,0,0,0.0
1785431901.092,17:18:21,timeslice,3,0.0,0,0,0.0
1785431901.092,17:18:21,timeslice,4,0.0,0,0,0.0
1785431901.092,17:18:21,timeslice,5,0.0,0,0,0.0
1785431901.092,17:18:21,timeslice,6,0.0,0,0,0.0
1785431901.092,17:18:21,timeslice,7,0.0,0,0,0.0
1785431902.092,17:18:22,timeslice,0,0.0,0,0,0.0
1785431902.092,17:18:22,timeslice,1,0.0,0,0,0.0
1785431902.092,17:18:22,timeslice,2,0.0,0,0,0.0
1785431902.092,17:18:22,timeslice,3,0.0,0,0,0.0
1785431902.092,17:18:22,timeslice,4,0.0,0,0,0.0
1785431902.092,17:18:22,timeslice,5,0.0,0,0,0.0
1785431902.092,17:18:22,timeslice,6,0.0,0,0,0.0
1785431902.092,17:18:22,timeslice,7,0.0,0,0,0.0
1785431903.093,17:18:23,timeslice,0,0.0,0,0,0.0
1785431903.093,17:18:23,timeslice,1,0.0,0,0,0.0
1785431903.093,17:18:23,timeslice,2,0.0,0,0,0.0
1785431903.093,17:18:23,timeslice,3,0.0,0,0,0.0
1785431903.093,17:18:23,timeslice,4,0.0,0,0,0.0
1785431903.093,17:18:23,timeslice,5,0.0,0,0,0.0
1785431903.093,17:18:23,timeslice,6,0.0,0,0,0.0
1785431903.093,17:18:23,timeslice,7,0.0,0,0,0.0
1785431904.093,17:18:24,timeslice,0,0.0,0,0,0.0
1785431904.093,17:18:24,timeslice,1,0.0,0,0,0.0
1785431904.093,17:18:24,timeslice,2,0.0,0,0,0.0
1785431904.093,17:18:24,timeslice,3,0.0,0,0,0.0
1785431904.093,17:18:24,timeslice,4,0.0,0,0,0.0
1785431904.093,17:18:24,timeslice,5,0.0,0,0,0.0
1785431904.093,17:18:24,timeslice,6,0.0,0,0,0.0
1785431904.093,17:18:24,timeslice,7,0.0,0,0,0.0
1785431905.093,17:18:25,timeslice,0,0.0,0,0,0.0
1785431905.093,17:18:25,timeslice,1,0.0,0,0,0.0
1785431905.093,17:18:25,timeslice,2,0.0,0,0,0.0
1785431905.093,17:18:25,timeslice,3,0.0,0,0,0.0
1785431905.093,17:18:25,timeslice,4,0.0,0,0,0.0
1785431905.093,17:18:25,timeslice,5,0.0,0,0,0.0
1785431905.093,17:18:25,timeslice,6,0.0,0,0,0.0
1785431905.093,17:18:25,timeslice,7,0.0,0,0,0.0
1785431906.093,17:18:26,timeslice,0,0.0,0,0,0.0
1785431906.093,17:18:26,timeslice,1,0.0,0,0,0.0
1785431906.093,17:18:26,timeslice,2,0.0,0,0,0.0
1785431906.093,17:18:26,timeslice,3,0.0,0,0,0.0
1785431906.093,17:18:26,timeslice,4,0.0,0,0,0.0
1785431906.093,17:18:26,timeslice,5,0.0,0,0,0.0
1785431906.093,17:18:26,timeslice,6,0.0,0,0,0.0
1785431906.093,17:18:26,timeslice,7,0.0,0,0,0.0
1785431907.093,17:18:27,timeslice,0,0.0,0,0,0.0
1785431907.093,17:18:27,timeslice,1,0.0,0,0,0.0
1785431907.093,17:18:27,timeslice,2,0.0,0,0,0.0
1785431907.093,17:18:27,timeslice,3,0.0,0,0,0.0
1785431907.093,17:18:27,timeslice,4,0.0,0,0,0.0
1785431907.093,17:18:27,timeslice,5,0.0,0,0,0.0
1785431907.093,17:18:27,timeslice,6,0.0,0,0,0.0
1785431907.093,17:18:27,timeslice,7,0.0,0,0,0.0
1785431908.093,17:18:28,timeslice,0,0.0,0,0,0.0
1785431908.093,17:18:28,timeslice,1,0.0,0,0,0.0
1785431908.093,17:18:28,timeslice,2,0.0,0,0,0.0
1785431908.093,17:18:28,timeslice,3,0.0,0,0,0.0
1785431908.093,17:18:28,timeslice,4,0.0,0,0,0.0
1785431908.093,17:18:28,timeslice,5,0.0,0,0,0.0
1785431908.093,17:18:28,timeslice,6,0.0,0,0,0.0
1785431908.093,17:18:28,timeslice,7,0.0,0,0,0.0
1785431909.093,17:18:29,timeslice,0,0.0,0,0,0.0
1785431909.093,17:18:29,timeslice,1,0.0,0,0,0.0
1785431909.093,17:18:29,timeslice,2,0.0,0,0,0.0
1785431909.093,17:18:29,timeslice,3,0.0,0,0,0.0
1785431909.093,17:18:29,timeslice,4,0.0,0,0,0.0
1785431909.093,17:18:29,timeslice,5,0.0,0,0,0.0
1785431909.093,17:18:29,timeslice,6,0.0,0,0,0.0
1785431909.093,17:18:29,timeslice,7,0.0,0,0,0.0
1785431910.093,17:18:30,timeslice,0,0.0,0,0,0.0
1785431910.093,17:18:30,timeslice,1,0.0,0,0,0.0
1785431910.093,17:18:30,timeslice,2,0.0,0,0,0.0
1785431910.093,17:18:30,timeslice,3,0.0,0,0,0.0
1785431910.093,17:18:30,timeslice,4,0.0,0,0,0.0
1785431910.093,17:18:30,timeslice,5,0.0,0,0,0.0
1785431910.093,17:18:30,timeslice,6,0.0,0,0,0.0
1785431910.093,17:18:30,timeslice,7,0.0,0,0,0.0
1785431911.094,17:18:31,timeslice,0,0.0,0,0,0.0
1785431911.094,17:18:31,timeslice,1,0.0,0,0,0.0
1785431911.094,17:18:31,timeslice,2,0.0,0,0,0.0
1785431911.094,17:18:31,timeslice,3,0.0,0,0,0.0
1785431911.094,17:18:31,timeslice,4,0.0,0,0,0.0
1785431911.094,17:18:31,timeslice,5,0.0,0,0,0.0
1785431911.094,17:18:31,timeslice,6,0.0,0,0,0.0
1785431911.094,17:18:31,timeslice,7,0.0,0,0,0.0
1785431912.094,17:18:32,timeslice,0,0.0,0,0,0.0
1785431912.094,17:18:32,timeslice,1,0.0,0,0,0.0
1785431912.094,17:18:32,timeslice,2,0.0,0,0,0.0
1785431912.094,17:18:32,timeslice,3,0.0,0,0,0.0
1785431912.094,17:18:32,timeslice,4,0.0,0,0,0.0
1785431912.094,17:18:32,timeslice,5,0.0,0,0,0.0
1785431912.094,17:18:32,timeslice,6,0.0,0,0,0.0
1785431912.094,17:18:32,timeslice,7,0.0,0,0,0.0
1785431913.094,17:18:33,timeslice,0,0.0,0,0,0.0
1785431913.094,17:18:33,timeslice,1,0.0,0,0,0.0
1785431913.094,17:18:33,timeslice,2,0.0,0,0,0.0
1785431913.094,17:18:33,timeslice,3,0.0,0,0,0.0
1785431913.094,17:18:33,timeslice,4,0.0,0,0,0.0
1785431913.094,17:18:33,timeslice,5,0.0,0,0,0.0
1785431913.094,17:18:33,timeslice,6,0.0,0,0,0.0
1785431913.094,17:18:33,timeslice,7,0.0,0,0,0.0
1785431914.094,17:18:34,timeslice,0,0.0,0,0,0.0
1785431914.094,17:18:34,timeslice,1,0.0,0,0,0.0
1785431914.094,17:18:34,timeslice,2,0.0,0,0,0.0
1785431914.094,17:18:34,timeslice,3,0.0,0,0,0.0
1785431914.094,17:18:34,timeslice,4,0.0,0,0,0.0
1785431914.094,17:18:34,timeslice,5,0.0,0,0,0.0
1785431914.094,17:18:34,timeslice,6,0.0,0,0,0.0
1785431914.094,17:18:34,timeslice,7,0.0,0,0,0.0
1785431915.094,17:18:35,timeslice,0,0.0,0,0,0.0
1785431915.094,17:18:35,timeslice,1,0.0,0,0,0.0
1785431915.094,17:18:35,timeslice,2,0.0,0,0,0.0
1785431915.094,17:18:35,timeslice,3,0.0,0,0,0.0
1785431915.094,17:18:35,timeslice,4,0.0,0,0,0.0
1785431915.094,17:18:35,timeslice,5,0.0,0,0,0.0
1785431915.094,17:18:35,timeslice,6,0.0,0,0,0.0
1785431915.094,17:18:35,timeslice,7,0.0,0,0,0.0
1785431916.094,17:18:36,timeslice,0,0.0,0,0,0.0
1785431916.094,17:18:36,timeslice,1,0.0,0,0,0.0
1785431916.094,17:18:36,timeslice,2,0.0,0,0,0.0
1785431916.094,17:18:36,timeslice,3,0.0,0,0,0.0
1785431916.094,17:18:36,timeslice,4,0.0,0,0,0.0
1785431916.094,17:18:36,timeslice,5,0.0,0,0,0.0
1785431916.094,17:18:36,timeslice,6,0.0,0,0,0.0
1785431916.094,17:18:36,timeslice,7,0.0,0,0,0.0
1785431917.094,17:18:37,timeslice,0,0.0,0,0,0.0
1785431917.094,17:18:37,timeslice,1,0.0,0,0,0.0
1785431917.094,17:18:37,timeslice,2,0.0,0,0,0.0
1785431917.094,17:18:37,timeslice,3,0.0,0,0,0.0
1785431917.094,17:18:37,timeslice,4,0.0,0,0,0.0
1785431917.094,17:18:37,timeslice,5,0.0,0,0,0.0
1785431917.094,17:18:37,timeslice,6,0.0,0,0,0.0
1785431917.094,17:18:37,timeslice,7,0.0,0,0,0.0
1785431918.094,17:18:38,timeslice,0,0.0,0,0,0.0
1785431918.094,17:18:38,timeslice,1,0.0,0,0,0.0
1785431918.094,17:18:38,timeslice,2,0.0,0,0,0.0
1785431918.094,17:18:38,timeslice,3,0.0,0,0,0.0
1785431918.094,17:18:38,timeslice,4,0.0,0,0,0.0
1785431918.094,17:18:38,timeslice,5,0.0,0,0,0.0
1785431918.094,17:18:38,timeslice,6,0.0,0,0,0.0
1785431918.094,17:18:38,timeslice,7,0.0,0,0,0.0
1785431919.095,17:18:39,timeslice,0,0.0,0,0,0.0
1785431919.095,17:18:39,timeslice,1,0.0,0,0,0.0
1785431919.095,17:18:39,timeslice,2,0.0,0,0,0.0
1785431919.095,17:18:39,timeslice,3,0.0,0,0,0.0
1785431919.095,17:18:39,timeslice,4,0.0,0,0,0.0
1785431919.095,17:18:39,timeslice,5,0.0,0,0,0.0
1785431919.095,17:18:39,timeslice,6,0.0,0,0,0.0
1785431919.095,17:18:39,timeslice,7,0.0,0,0,0.0
1785431920.095,17:18:40,timeslice,0,0.0,0,0,0.0
1785431920.095,17:18:40,timeslice,1,0.0,0,0,0.0
1785431920.095,17:18:40,timeslice,2,0.0,0,0,0.0
1785431920.095,17:18:40,timeslice,3,0.0,0,0,0.0
1785431920.095,17:18:40,timeslice,4,0.0,0,0,0.0
1785431920.095,17:18:40,timeslice,5,0.0,0,0,0.0
1785431920.095,17:18:40,timeslice,6,0.0,0,0,0.0
1785431920.095,17:18:40,timeslice,7,0.0,0,0,0.0
1785431921.095,17:18:41,timeslice,0,0.0,0,0,0.0
1785431921.095,17:18:41,timeslice,1,0.0,0,0,0.0
1785431921.095,17:18:41,timeslice,2,0.0,0,0,0.0
1785431921.095,17:18:41,timeslice,3,0.0,0,0,0.0
1785431921.095,17:18:41,timeslice,4,0.0,0,0,0.0
1785431921.095,17:18:41,timeslice,5,0.0,0,0,0.0
1785431921.095,17:18:41,timeslice,6,0.0,0,0,0.0
1785431921.095,17:18:41,timeslice,7,0.0,0,0,0.0
1785431922.095,17:18:42,timeslice,0,0.0,0,0,0.0
1785431922.095,17:18:42,timeslice,1,0.0,0,0,0.0
1785431922.095,17:18:42,timeslice,2,0.0,0,0,0.0
1785431922.095,17:18:42,timeslice,3,0.0,0,0,0.0
1785431922.095,17:18:42,timeslice,4,0.0,0,0,0.0
1785431922.095,17:18:42,timeslice,5,0.0,0,0,0.0
1785431922.095,17:18:42,timeslice,6,0.0,0,0,0.0
1785431922.095,17:18:42,timeslice,7,0.0,0,0,0.0
1785431923.095,17:18:43,timeslice,0,0.0,0,0,0.0
1785431923.095,17:18:43,timeslice,1,0.0,0,0,0.0
1785431923.095,17:18:43,timeslice,2,0.0,0,0,0.0
1785431923.095,17:18:43,timeslice,3,0.0,0,0,0.0
1785431923.095,17:18:43,timeslice,4,0.0,0,0,0.0
1785431923.095,17:18:43,timeslice,5,0.0,0,0,0.0
1785431923.095,17:18:43,timeslice,6,0.0,0,0,0.0
1785431923.095,17:18:43,timeslice,7,0.0,0,0,0.0
1785431924.095,17:18:44,timeslice,0,0.0,0,0,0.0
1785431924.095,17:18:44,timeslice,1,0.0,0,0,0.0
1785431924.095,17:18:44,timeslice,2,0.0,0,0,0.0
1785431924.095,17:18:44,timeslice,3,0.0,0,0,0.0
1785431924.095,17:18:44,timeslice,4,0.0,0,0,0.0
1785431924.095,17:18:44,timeslice,5,0.0,0,0,0.0
1785431924.095,17:18:44,timeslice,6,0.0,0,0,0.0
1785431924.095,17:18:44,timeslice,7,0.0,0,0,0.0
1785431925.095,17:18:45,timeslice,0,0.0,0,0,0.0
1785431925.095,17:18:45,timeslice,1,0.0,0,0,0.0
1785431925.095,17:18:45,timeslice,2,0.0,0,0,0.0
1785431925.095,17:18:45,timeslice,3,0.0,0,0,0.0
1785431925.095,17:18:45,timeslice,4,0.0,0,0,0.0
1785431925.095,17:18:45,timeslice,5,0.0,0,0,0.0
1785431925.095,17:18:45,timeslice,6,0.0,0,0,0.0
1785431925.095,17:18:45,timeslice,7,0.0,0,0,0.0
1785431926.096,17:18:46,timeslice,0,0.0,0,0,0.0
1785431926.096,17:18:46,timeslice,1,0.0,0,0,0.0
1785431926.096,17:18:46,timeslice,2,0.0,0,0,0.0
1785431926.096,17:18:46,timeslice,3,0.0,0,0,0.0
1785431926.096,17:18:46,timeslice,4,0.0,0,0,0.0
1785431926.096,17:18:46,timeslice,5,0.0,0,0,0.0
1785431926.096,17:18:46,timeslice,6,0.0,0,0,0.0
1785431926.096,17:18:46,timeslice,7,0.0,0,0,0.0
1785431927.096,17:18:47,timeslice,0,0.0,0,0,0.0
1785431927.096,17:18:47,timeslice,1,0.0,0,0,0.0
1785431927.096,17:18:47,timeslice,2,0.0,0,0,0.0
1785431927.096,17:18:47,timeslice,3,0.0,0,0,0.0
1785431927.096,17:18:47,timeslice,4,0.0,0,0,0.0
1785431927.096,17:18:47,timeslice,5,0.0,0,0,0.0
1785431927.096,17:18:47,timeslice,6,0.0,0,0,0.0
1785431927.096,17:18:47,timeslice,7,0.0,0,0,0.0
1785431928.096,17:18:48,timeslice,0,0.0,0,0,0.0
1785431928.096,17:18:48,timeslice,1,0.0,0,0,0.0
1785431928.096,17:18:48,timeslice,2,0.0,0,0,0.0
1785431928.096,17:18:48,timeslice,3,0.0,0,0,0.0
1785431928.096,17:18:48,timeslice,4,0.0,0,0,0.0
1785431928.096,17:18:48,timeslice,5,0.0,0,0,0.0
1785431928.096,17:18:48,timeslice,6,0.0,0,0,0.0
1785431928.096,17:18:48,timeslice,7,0.0,0,0,0.0
1785431929.096,17:18:49,timeslice,0,0.0,0,0,0.0
1785431929.096,17:18:49,timeslice,1,0.0,0,0,0.0
1785431929.096,17:18:49,timeslice,2,0.0,0,0,0.0
1785431929.096,17:18:49,timeslice,3,0.0,0,0,0.0
1785431929.096,17:18:49,timeslice,4,0.0,0,0,0.0
1785431929.096,17:18:49,timeslice,5,0.0,0,0,0.0
1785431929.096,17:18:49,timeslice,6,0.0,0,0,0.0
1785431929.096,17:18:49,timeslice,7,0.0,0,0,0.0
1785431930.096,17:18:50,timeslice,0,0.0,0,0,0.0
1785431930.096,17:18:50,timeslice,1,0.0,0,0,0.0
1785431930.096,17:18:50,timeslice,2,0.0,0,0,0.0
1785431930.096,17:18:50,timeslice,3,0.0,0,0,0.0
1785431930.096,17:18:50,timeslice,4,0.0,0,0,0.0
1785431930.096,17:18:50,timeslice,5,0.0,0,0,0.0
1785431930.096,17:18:50,timeslice,6,0.0,0,0,0.0
1785431930.096,17:18:50,timeslice,7,0.0,0,0,0.0
1785431931.096,17:18:51,timeslice,0,0.0,0,0,0.0
1785431931.096,17:18:51,timeslice,1,0.0,0,0,0.0
1785431931.096,17:18:51,timeslice,2,0.0,0,0,0.0
1785431931.096,17:18:51,timeslice,3,0.0,0,0,0.0
1785431931.096,17:18:51,timeslice,4,0.0,0,0,0.0
1785431931.096,17:18:51,timeslice,5,0.0,0,0,0.0
1785431931.096,17:18:51,timeslice,6,0.0,0,0,0.0
1785431931.096,17:18:51,timeslice,7,0.0,0,0,0.0
1785431932.096,17:18:52,timeslice,0,0.0,0,0,0.0
1785431932.096,17:18:52,timeslice,1,0.0,0,0,0.0
1785431932.096,17:18:52,timeslice,2,0.0,0,0,0.0
1785431932.096,17:18:52,timeslice,3,0.0,0,0,0.0
1785431932.096,17:18:52,timeslice,4,0.0,0,0,0.0
1785431932.096,17:18:52,timeslice,5,0.0,0,0,0.0
1785431932.096,17:18:52,timeslice,6,0.0,0,0,0.0
1785431932.096,17:18:52,timeslice,7,0.0,0,0,0.0
1785431933.096,17:18:53,timeslice,0,0.0,0,0,0.0
1785431933.096,17:18:53,timeslice,1,0.0,0,0,0.0
1785431933.096,17:18:53,timeslice,2,0.0,0,0,0.0
1785431933.096,17:18:53,timeslice,3,0.0,0,0,0.0
1785431933.096,17:18:53,timeslice,4,0.0,0,0,0.0
1785431933.096,17:18:53,timeslice,5,0.0,0,0,0.0
1785431933.096,17:18:53,timeslice,6,0.0,0,0,0.0
1785431933.096,17:18:53,timeslice,7,0.0,0,0,0.0
1785431934.097,17:18:54,timeslice,0,0.0,0,0,0.0
1785431934.097,17:18:54,timeslice,1,0.0,0,0,0.0
1785431934.097,17:18:54,timeslice,2,0.0,0,0,0.0
1785431934.097,17:18:54,timeslice,3,0.0,0,0,0.0
1785431934.097,17:18:54,timeslice,4,0.0,0,0,0.0
1785431934.097,17:18:54,timeslice,5,0.0,0,0,0.0
1785431934.097,17:18:54,timeslice,6,0.0,0,0,0.0
1785431934.097,17:18:54,timeslice,7,0.0,0,0,0.0
1785431935.097,17:18:55,timeslice,0,0.0,0,0,0.0
1785431935.097,17:18:55,timeslice,1,0.0,0,0,0.0
1785431935.097,17:18:55,timeslice,2,0.0,0,0,0.0
1785431935.097,17:18:55,timeslice,3,0.0,0,0,0.0
1785431935.097,17:18:55,timeslice,4,0.0,0,0,0.0
1785431935.097,17:18:55,timeslice,5,0.0,0,0,0.0
1785431935.097,17:18:55,timeslice,6,0.0,0,0,0.0
1785431935.097,17:18:55,timeslice,7,0.0,0,0,0.0
1785431936.097,17:18:56,timeslice,0,0.0,0,0,0.0
1785431936.097,17:18:56,timeslice,1,0.0,0,0,0.0
1785431936.097,17:18:56,timeslice,2,0.0,0,0,0.0
1785431936.097,17:18:56,timeslice,3,0.0,0,0,0.0
1785431936.097,17:18:56,timeslice,4,0.0,0,0,0.0
1785431936.097,17:18:56,timeslice,5,0.0,0,0,0.0
1785431936.097,17:18:56,timeslice,6,0.0,0,0,0.0
1785431936.097,17:18:56,timeslice,7,0.0,0,0,0.0
1785431937.097,17:18:57,timeslice,0,0.0,0,0,0.0
1785431937.097,17:18:57,timeslice,1,0.0,0,0,0.0
1785431937.097,17:18:57,timeslice,2,0.0,0,0,0.0
1785431937.097,17:18:57,timeslice,3,0.0,0,0,0.0
1785431937.097,17:18:57,timeslice,4,0.0,0,0,0.0
1785431937.097,17:18:57,timeslice,5,0.0,0,0,0.0
1785431937.097,17:18:57,timeslice,6,0.0,0,0,0.0
1785431937.097,17:18:57,timeslice,7,0.0,0,0,0.0
1785431938.097,17:18:58,timeslice,0,0.0,0,0,0.0
1785431938.097,17:18:58,timeslice,1,0.0,0,0,0.0
1785431938.097,17:18:58,timeslice,2,0.0,0,0,0.0
1785431938.097,17:18:58,timeslice,3,0.0,0,0,0.0
1785431938.097,17:18:58,timeslice,4,0.0,0,0,0.0
1785431938.097,17:18:58,timeslice,5,0.0,0,0,0.0
1785431938.097,17:18:58,timeslice,6,0.0,0,0,0.0
1785431938.097,17:18:58,timeslice,7,0.0,0,0,0.0
1785431939.097,17:18:59,timeslice,0,0.0,0,0,0.0
1785431939.097,17:18:59,timeslice,1,0.0,0,0,0.0
1785431939.097,17:18:59,timeslice,2,0.0,0,0,0.0
1785431939.097,17:18:59,timeslice,3,0.0,0,0,0.0
1785431939.097,17:18:59,timeslice,4,0.0,0,0,0.0
1785431939.097,17:18:59,timeslice,5,0.0,0,0,0.0
1785431939.097,17:18:59,timeslice,6,0.0,0,0,0.0
1785431939.097,17:18:59,timeslice,7,0.0,0,0,0.0
1785431940.097,17:19:00,timeslice,0,0.0,0,0,0.0
1785431940.097,17:19:00,timeslice,1,0.0,0,0,0.0
1785431940.097,17:19:00,timeslice,2,0.0,0,0,0.0
1785431940.097,17:19:00,timeslice,3,0.0,0,0,0.0
1785431940.097,17:19:00,timeslice,4,0.0,0,0,0.0
1785431940.097,17:19:00,timeslice,5,0.0,0,0,0.0
1785431940.097,17:19:00,timeslice,6,0.0,0,0,0.0
1785431940.097,17:19:00,timeslice,7,0.0,0,0,0.0
1785431941.097,17:19:01,timeslice,0,0.0,0,0,0.0
1785431941.097,17:19:01,timeslice,1,0.0,0,0,0.0
1785431941.097,17:19:01,timeslice,2,0.0,0,0,0.0
1785431941.097,17:19:01,timeslice,3,0.0,0,0,0.0
1785431941.097,17:19:01,timeslice,4,0.0,0,0,0.0
1785431941.097,17:19:01,timeslice,5,0.0,0,0,0.0
1785431941.097,17:19:01,timeslice,6,0.0,0,0,0.0
1785431941.097,17:19:01,timeslice,7,0.0,0,0,0.0
1785431942.097,17:19:02,timeslice,0,0.0,0,0,0.0
1785431942.097,17:19:02,timeslice,1,0.0,0,0,0.0
1785431942.097,17:19:02,timeslice,2,0.0,0,0,0.0
1785431942.097,17:19:02,timeslice,3,0.0,0,0,0.0
1785431942.097,17:19:02,timeslice,4,0.0,0,0,0.0
1785431942.097,17:19:02,timeslice,5,0.0,0,0,0.0
1785431942.097,17:19:02,timeslice,6,0.0,0,0,0.0
1785431942.097,17:19:02,timeslice,7,0.0,0,0,0.0
1785431943.098,17:19:03,timeslice,0,0.0,0,0,0.0
1785431943.098,17:19:03,timeslice,1,0.0,0,0,0.0
1785431943.098,17:19:03,timeslice,2,0.0,0,0,0.0
1785431943.098,17:19:03,timeslice,3,0.0,0,0,0.0
1785431943.098,17:19:03,timeslice,4,0.0,0,0,0.0
1785431943.098,17:19:03,timeslice,5,0.0,0,0,0.0
1785431943.098,17:19:03,timeslice,6,0.0,0,0,0.0
1785431943.098,17:19:03,timeslice,7,0.0,0,0,0.0
1785431944.098,17:19:04,timeslice,0,0.0,0,0,0.0
1785431944.098,17:19:04,timeslice,1,0.0,0,0,0.0
1785431944.098,17:19:04,timeslice,2,0.0,0,0,0.0
1785431944.098,17:19:04,timeslice,3,0.0,0,0,0.0
1785431944.098,17:19:04,timeslice,4,0.0,0,0,0.0
1785431944.098,17:19:04,timeslice,5,0.0,0,0,0.0
1785431944.098,17:19:04,timeslice,6,0.0,0,0,0.0
1785431944.098,17:19:04,timeslice,7,0.0,0,0,0.0
1785431945.098,17:19:05,timeslice,0,0.0,0,0,0.0
1785431945.098,17:19:05,timeslice,1,0.0,0,0,0.0
1785431945.098,17:19:05,timeslice,2,0.0,0,0,0.0
1785431945.098,17:19:05,timeslice,3,0.0,0,0,0.0
1785431945.098,17:19:05,timeslice,4,0.0,0,0,0.0
1785431945.098,17:19:05,timeslice,5,0.0,0,0,0.0
1785431945.098,17:19:05,timeslice,6,0.0,0,0,0.0
1785431945.098,17:19:05,timeslice,7,0.0,0,0,0.0
1785431946.098,17:19:06,timeslice,0,0.0,0,0,0.0
1785431946.098,17:19:06,timeslice,1,0.0,0,0,0.0
1785431946.098,17:19:06,timeslice,2,0.0,0,0,0.0
1785431946.098,17:19:06,timeslice,3,0.0,0,0,0.0
1785431946.098,17:19:06,timeslice,4,0.0,0,0,0.0
1785431946.098,17:19:06,timeslice,5,0.0,0,0,0.0
1785431946.098,17:19:06,timeslice,6,0.0,0,0,0.0
1785431946.098,17:19:06,timeslice,7,0.0,0,0,0.0
1785431947.098,17:19:07,timeslice,0,0.0,0,0,0.0
1785431947.098,17:19:07,timeslice,1,0.0,0,0,0.0
1785431947.098,17:19:07,timeslice,2,0.0,0,0,0.0
1785431947.098,17:19:07,timeslice,3,0.0,0,0,0.0
1785431947.098,17:19:07,timeslice,4,0.0,0,0,0.0
1785431947.098,17:19:07,timeslice,5,0.0,0,0,0.0
1785431947.098,17:19:07,timeslice,6,0.0,0,0,0.0
1785431947.098,17:19:07,timeslice,7,0.0,0,0,0.0
1785431948.098,17:19:08,timeslice,0,0.0,0,0,0.0
1785431948.098,17:19:08,timeslice,1,0.0,0,0,0.0
1785431948.098,17:19:08,timeslice,2,0.0,0,0,0.0
1785431948.098,17:19:08,timeslice,3,0.0,0,0,0.0
1785431948.098,17:19:08,timeslice,4,0.0,0,0,0.0
1785431948.098,17:19:08,timeslice,5,0.0,0,0,0.0
1785431948.098,17:19:08,timeslice,6,0.0,0,0,0.0
1785431948.098,17:19:08,timeslice,7,0.0,0,0,0.0
1785431949.098,17:19:09,timeslice,0,0.0,0,0,0.0
1785431949.098,17:19:09,timeslice,1,0.0,0,0,0.0
1785431949.098,17:19:09,timeslice,2,0.0,0,0,0.0
1785431949.098,17:19:09,timeslice,3,0.0,0,0,0.0
1785431949.098,17:19:09,timeslice,4,0.0,0,0,0.0
1785431949.098,17:19:09,timeslice,5,0.0,0,0,0.0
1785431949.098,17:19:09,timeslice,6,0.0,0,0,0.0
1785431949.098,17:19:09,timeslice,7,0.0,0,0,0.0
1785431950.098,17:19:10,timeslice,0,0.0,0,0,0.0
1785431950.098,17:19:10,timeslice,1,0.0,0,0,0.0
1785431950.098,17:19:10,timeslice,2,0.0,0,0,0.0
1785431950.098,17:19:10,timeslice,3,0.0,0,0,0.0
1785431950.098,17:19:10,timeslice,4,0.0,0,0,0.0
1785431950.098,17:19:10,timeslice,5,0.0,0,0,0.0
1785431950.098,17:19:10,timeslice,6,0.0,0,0,0.0
1785431950.098,17:19:10,timeslice,7,0.0,0,0,0.0
1785431951.099,17:19:11,timeslice,0,0.0,0,0,0.0
1785431951.099,17:19:11,timeslice,1,0.0,0,0,0.0
1785431951.099,17:19:11,timeslice,2,0.0,0,0,0.0
1785431951.099,17:19:11,timeslice,3,0.0,0,0,0.0
1785431951.099,17:19:11,timeslice,4,0.0,0,0,0.0
1785431951.099,17:19:11,timeslice,5,0.0,0,0,0.0
1785431951.099,17:19:11,timeslice,6,0.0,0,0,0.0
1785431951.099,17:19:11,timeslice,7,0.0,0,0,0.0
1785431952.099,17:19:12,timeslice,0,0.0,0,0,0.0
1785431952.099,17:19:12,timeslice,1,0.0,0,0,0.0
1785431952.099,17:19:12,timeslice,2,0.0,0,0,0.0
1785431952.099,17:19:12,timeslice,3,0.0,0,0,0.0
1785431952.099,17:19:12,timeslice,4,0.0,0,0,0.0
1785431952.099,17:19:12,timeslice,5,0.0,0,0,0.0
1785431952.099,17:19:12,timeslice,6,0.0,0,0,0.0
1785431952.099,17:19:12,timeslice,7,0.0,0,0,0.0
1785431953.099,17:19:13,timeslice,0,0.0,0,0,0.0
1785431953.099,17:19:13,timeslice,1,0.0,0,0,0.0
1785431953.099,17:19:13,timeslice,2,0.0,0,0,0.0
1785431953.099,17:19:13,timeslice,3,0.0,0,0,0.0
1785431953.099,17:19:13,timeslice,4,0.0,0,0,0.0
1785431953.099,17:19:13,timeslice,5,0.0,0,0,0.0
1785431953.099,17:19:13,timeslice,6,0.0,0,0,0.0
1785431953.099,17:19:13,timeslice,7,0.0,0,0,0.0
1785431954.099,17:19:14,timeslice,0,0.0,0,0,0.0
1785431954.099,17:19:14,timeslice,1,0.0,0,0,0.0
1785431954.099,17:19:14,timeslice,2,0.0,0,0,0.0
1785431954.099,17:19:14,timeslice,3,0.0,0,0,0.0
1785431954.099,17:19:14,timeslice,4,0.0,0,0,0.0
1785431954.099,17:19:14,timeslice,5,0.0,0,0,0.0
1785431954.099,17:19:14,timeslice,6,0.0,0,0,0.0
1785431954.099,17:19:14,timeslice,7,0.0,0,0,0.0
1785431955.099,17:19:15,timeslice,0,0.0,0,0,0.0
1785431955.099,17:19:15,timeslice,1,0.0,0,0,0.0
1785431955.099,17:19:15,timeslice,2,0.0,0,0,0.0
1785431955.099,17:19:15,timeslice,3,0.0,0,0,0.0
1785431955.099,17:19:15,timeslice,4,0.0,0,0,0.0
1785431955.099,17:19:15,timeslice,5,0.0,0,0,0.0
1785431955.099,17:19:15,timeslice,6,0.0,0,0,0.0
1785431955.099,17:19:15,timeslice,7,0.0,0,0,0.0
1785431956.099,17:19:16,timeslice,0,0.0,0,0,0.0
1785431956.099,17:19:16,timeslice,1,0.0,0,0,0.0
1785431956.099,17:19:16,timeslice,2,0.0,0,0,0.0
1785431956.099,17:19:16,timeslice,3,0.0,0,0,0.0
1785431956.099,17:19:16,timeslice,4,0.0,0,0,0.0
1785431956.099,17:19:16,timeslice,5,0.0,0,0,0.0
1785431956.099,17:19:16,timeslice,6,0.0,0,0,0.0
1785431956.099,17:19:16,timeslice,7,0.0,0,0,0.0
1785431957.099,17:19:17,timeslice,0,0.0,0,0,0.0
1785431957.099,17:19:17,timeslice,1,0.0,0,0,0.0
1785431957.099,17:19:17,timeslice,2,0.0,0,0,0.0
1785431957.099,17:19:17,timeslice,3,0.0,0,0,0.0
1785431957.099,17:19:17,timeslice,4,0.0,0,0,0.0
1785431957.099,17:19:17,timeslice,5,0.0,0,0,0.0
1785431957.099,17:19:17,timeslice,6,0.0,0,0,0.0
1785431957.099,17:19:17,timeslice,7,0.0,0,0,0.0
1785431958.099,17:19:18,timeslice,0,0.0,0,0,0.0
1785431958.099,17:19:18,timeslice,1,0.0,0,0,0.0
1785431958.099,17:19:18,timeslice,2,0.0,0,0,0.0
1785431958.099,17:19:18,timeslice,3,0.0,0,0,0.0
1785431958.099,17:19:18,timeslice,4,0.0,0,0,0.0
1785431958.099,17:19:18,timeslice,5,0.0,0,0,0.0
1785431958.099,17:19:18,timeslice,6,0.0,0,0,0.0
1785431958.099,17:19:18,timeslice,7,0.0,0,0,0.0
1785431959.1,17:19:19,timeslice,0,0.0,0,0,0.0
1785431959.1,17:19:19,timeslice,1,0.0,0,0,0.0
1785431959.1,17:19:19,timeslice,2,0.0,0,0,0.0
1785431959.1,17:19:19,timeslice,3,0.0,0,0,0.0
1785431959.1,17:19:19,timeslice,4,0.0,0,0,0.0
1785431959.1,17:19:19,timeslice,5,0.0,0,0,0.0
1785431959.1,17:19:19,timeslice,6,0.0,0,0,0.0
1785431959.1,17:19:19,timeslice,7,0.0,0,0,0.0
1785431960.1,17:19:20,timeslice,0,0.0,0,0,0.0
1785431960.1,17:19:20,timeslice,1,0.0,0,0,0.0
1785431960.1,17:19:20,timeslice,2,0.0,0,0,0.0
1785431960.1,17:19:20,timeslice,3,0.0,0,0,0.0
1785431960.1,17:19:20,timeslice,4,0.0,0,0,0.0
1785431960.1,17:19:20,timeslice,5,0.0,0,0,0.0
1785431960.1,17:19:20,timeslice,6,0.0,0,0,0.0
1785431960.1,17:19:20,timeslice,7,0.0,0,0,0.0
1785431961.1,17:19:21,timeslice,0,0.0,0,0,0.0
1785431961.1,17:19:21,timeslice,1,0.0,0,0,0.0
1785431961.1,17:19:21,timeslice,2,0.0,0,0,0.0
1785431961.1,17:19:21,timeslice,3,0.0,0,0,0.0
1785431961.1,17:19:21,timeslice,4,0.0,0,0,0.0
1785431961.1,17:19:21,timeslice,5,0.0,0,0,0.0
1785431961.1,17:19:21,timeslice,6,0.0,0,0,0.0
1785431961.1,17:19:21,timeslice,7,0.0,0,0,0.0
1785431962.1,17:19:22,timeslice,0,0.0,0,0,0.0
1785431962.1,17:19:22,timeslice,1,0.0,0,0,0.0
1785431962.1,17:19:22,timeslice,2,0.0,0,0,0.0
1785431962.1,17:19:22,timeslice,3,0.0,0,0,0.0
1785431962.1,17:19:22,timeslice,4,0.0,0,0,0.0
1785431962.1,17:19:22,timeslice,5,0.0,0,0,0.0
1785431962.1,17:19:22,timeslice,6,0.0,0,0,0.0
1785431962.1,17:19:22,timeslice,7,0.0,0,0,0.0
1785431963.1,17:19:23,timeslice,0,0.0,0,0,0.0
1785431963.1,17:19:23,timeslice,1,0.0,0,0,0.0
1785431963.1,17:19:23,timeslice,2,0.0,0,0,0.0
1785431963.1,17:19:23,timeslice,3,0.0,0,0,0.0
1785431963.1,17:19:23,timeslice,4,0.0,0,0,0.0
1785431963.1,17:19:23,timeslice,5,0.0,0,0,0.0
1785431963.1,17:19:23,timeslice,6,0.0,0,0,0.0
1785431963.1,17:19:23,timeslice,7,0.0,0,0,0.0
1785431964.1,17:19:24,timeslice,0,0.0,0,0,0.0
1785431964.1,17:19:24,timeslice,1,0.0,0,0,0.0
1785431964.1,17:19:24,timeslice,2,0.0,0,0,0.0
1785431964.1,17:19:24,timeslice,3,0.0,0,0,0.0
1785431964.1,17:19:24,timeslice,4,0.0,0,0,0.0
1785431964.1,17:19:24,timeslice,5,0.0,0,0,0.0
1785431964.1,17:19:24,timeslice,6,0.0,0,0,0.0
1785431964.1,17:19:24,timeslice,7,0.0,0,0,0.0
1785431965.1,17:19:25,timeslice,0,0.0,0,0,0.0
1785431965.1,17:19:25,timeslice,1,0.0,0,0,0.0
1785431965.1,17:19:25,timeslice,2,0.0,0,0,0.0
1785431965.1,17:19:25,timeslice,3,0.0,0,0,0.0
1785431965.1,17:19:25,timeslice,4,0.0,0,0,0.0
1785431965.1,17:19:25,timeslice,5,0.0,0,0,0.0
1785431965.1,17:19:25,timeslice,6,0.0,0,0,0.0
1785431965.1,17:19:25,timeslice,7,0.0,0,0,0.0
1785431966.1,17:19:26,timeslice,0,0.0,0,0,0.0
1785431966.1,17:19:26,timeslice,1,0.0,0,0,0.0
1785431966.1,17:19:26,timeslice,2,0.0,0,0,0.0
1785431966.1,17:19:26,timeslice,3,0.0,0,0,0.0
1785431966.1,17:19:26,timeslice,4,0.0,0,0,0.0
1785431966.1,17:19:26,timeslice,5,0.0,0,0,0.0
1785431966.1,17:19:26,timeslice,6,0.0,0,0,0.0
1785431966.1,17:19:26,timeslice,7,0.0,0,0,0.0
1785431967.101,17:19:27,timeslice,0,0.0,0,0,0.0
1785431967.101,17:19:27,timeslice,1,0.0,0,0,0.0
1785431967.101,17:19:27,timeslice,2,0.0,0,0,0.0
1785431967.101,17:19:27,timeslice,3,0.0,0,0,0.0
1785431967.101,17:19:27,timeslice,4,0.0,0,0,0.0
1785431967.101,17:19:27,timeslice,5,0.0,0,0,0.0
1785431967.101,17:19:27,timeslice,6,0.0,0,0,0.0
1785431967.101,17:19:27,timeslice,7,0.0,0,0,0.0
1785431968.101,17:19:28,timeslice,0,0.0,0,0,0.0
1785431968.101,17:19:28,timeslice,1,0.0,0,0,0.0
1785431968.101,17:19:28,timeslice,2,0.0,0,0,0.0
1785431968.101,17:19:28,timeslice,3,0.0,0,0,0.0
1785431968.101,17:19:28,timeslice,4,0.0,0,0,0.0
1785431968.101,17:19:28,timeslice,5,0.0,0,0,0.0
1785431968.101,17:19:28,timeslice,6,0.0,0,0,0.0
1785431968.101,17:19:28,timeslice,7,0.0,0,0,0.0
1785431969.101,17:19:29,timeslice,0,0.0,0,0,0.0
1785431969.101,17:19:29,timeslice,1,0.0,0,0,0.0
1785431969.101,17:19:29,timeslice,2,0.0,0,0,0.0
1785431969.101,17:19:29,timeslice,3,0.0,0,0,0.0
1785431969.101,17:19:29,timeslice,4,0.0,0,0,0.0
1785431969.101,17:19:29,timeslice,5,0.0,0,0,0.0
1785431969.101,17:19:29,timeslice,6,0.0,0,0,0.0
1785431969.101,17:19:29,timeslice,7,0.0,0,0,0.0
1785431970.101,17:19:30,timeslice,0,0.0,0,0,0.0
1785431970.101,17:19:30,timeslice,1,0.0,0,0,0.0
1785431970.101,17:19:30,timeslice,2,0.0,0,0,0.0
1785431970.101,17:19:30,timeslice,3,0.0,0,0,0.0
1785431970.101,17:19:30,timeslice,4,0.0,0,0,0.0
1785431970.101,17:19:30,timeslice,5,0.0,0,0,0.0
1785431970.101,17:19:30,timeslice,6,0.0,0,0,0.0
1785431970.101,17:19:30,timeslice,7,0.0,0,0,0.0
1785431971.101,17:19:31,timeslice,0,0.0,0,0,0.0
1785431971.101,17:19:31,timeslice,1,0.0,0,0,0.0
1785431971.101,17:19:31,timeslice,2,0.0,0,0,0.0
1785431971.101,17:19:31,timeslice,3,0.0,0,0,0.0
1785431971.101,17:19:31,timeslice,4,0.0,0,0,0.0
1785431971.101,17:19:31,timeslice,5,0.0,0,0,0.0
1785431971.101,17:19:31,timeslice,6,0.0,0,0,0.0
1785431971.101,17:19:31,timeslice,7,0.0,0,0,0.0
1785431972.101,17:19:32,timeslice,0,0.0,0,0,0.0
1785431972.101,17:19:32,timeslice,1,0.0,0,0,0.0
1785431972.101,17:19:32,timeslice,2,0.0,0,0,0.0
1785431972.101,17:19:32,timeslice,3,0.0,0,0,0.0
1785431972.101,17:19:32,timeslice,4,0.0,0,0,0.0
1785431972.101,17:19:32,timeslice,5,0.0,0,0,0.0
1785431972.101,17:19:32,timeslice,6,0.0,0,0,0.0
1785431972.101,17:19:32,timeslice,7,0.0,0,0,0.0
1785431973.101,17:19:33,timeslice,0,0.0,0,0,0.0
1785431973.101,17:19:33,timeslice,1,0.0,0,0,0.0
1785431973.101,17:19:33,timeslice,2,0.0,0,0,0.0
1785431973.101,17:19:33,timeslice,3,0.0,0,0,0.0
1785431973.101,17:19:33,timeslice,4,0.0,0,0,0.0
1785431973.101,17:19:33,timeslice,5,0.0,0,0,0.0
1785431973.101,17:19:33,timeslice,6,0.0,0,0,0.0
1785431973.101,17:19:33,timeslice,7,0.0,0,0,0.0
1785431974.101,17:19:34,timeslice,0,0.0,0,0,0.0
1785431974.101,17:19:34,timeslice,1,0.0,0,0,0.0
1785431974.101,17:19:34,timeslice,2,0.0,0,0,0.0
1785431974.101,17:19:34,timeslice,3,0.0,0,0,0.0
1785431974.101,17:19:34,timeslice,4,0.0,0,0,0.0
1785431974.101,17:19:34,timeslice,5,0.0,0,0,0.0
1785431974.101,17:19:34,timeslice,6,0.0,0,0,0.0
1785431974.101,17:19:34,timeslice,7,0.0,0,0,0.0
1785431975.102,17:19:35,timeslice,0,0.0,0,0,0.0
1785431975.102,17:19:35,timeslice,1,0.0,0,0,0.0
1785431975.102,17:19:35,timeslice,2,0.0,0,0,0.0
1785431975.102,17:19:35,timeslice,3,0.0,0,0,0.0
1785431975.102,17:19:35,timeslice,4,0.0,0,0,0.0
1785431975.102,17:19:35,timeslice,5,0.0,0,0,0.0
1785431975.102,17:19:35,timeslice,6,0.0,0,0,0.0
1785431975.102,17:19:35,timeslice,7,0.0,0,0,0.0
1785431976.102,17:19:36,timeslice,0,0.0,0,0,0.0
1785431976.102,17:19:36,timeslice,1,0.0,0,0,0.0
1785431976.102,17:19:36,timeslice,2,0.0,0,0,0.0
1785431976.102,17:19:36,timeslice,3,0.0,0,0,0.0
1785431976.102,17:19:36,timeslice,4,0.0,0,0,0.0
1785431976.102,17:19:36,timeslice,5,0.0,0,0,0.0
1785431976.102,17:19:36,timeslice,6,0.0,0,0,0.0
1785431976.102,17:19:36,timeslice,7,0.0,0,0,0.0
1785431977.102,17:19:37,timeslice,0,0.0,0,0,0.0
1785431977.102,17:19:37,timeslice,1,0.0,0,0,0.0
1785431977.102,17:19:37,timeslice,2,0.0,0,0,0.0
1785431977.102,17:19:37,timeslice,3,0.0,0,0,0.0
1785431977.102,17:19:37,timeslice,4,0.0,0,0,0.0
1785431977.102,17:19:37,timeslice,5,0.0,0,0,0.0
1785431977.102,17:19:37,timeslice,6,0.0,0,0,0.0
1785431977.102,17:19:37,timeslice,7,0.0,0,0,0.0
1785431978.102,17:19:38,timeslice,0,0.0,0,0,0.0
1785431978.102,17:19:38,timeslice,1,0.0,0,0,0.0
1785431978.102,17:19:38,timeslice,2,0.0,0,0,0.0
1785431978.102,17:19:38,timeslice,3,0.0,0,0,0.0
1785431978.102,17:19:38,timeslice,4,0.0,0,0,0.0
1785431978.102,17:19:38,timeslice,5,0.0,0,0,0.0
1785431978.102,17:19:38,timeslice,6,0.0,0,0,0.0
1785431978.102,17:19:38,timeslice,7,0.0,0,0,0.0
1785431979.102,17:19:39,timeslice,0,0.0,0,0,0.0
1785431979.102,17:19:39,timeslice,1,0.0,0,0,0.0
1785431979.102,17:19:39,timeslice,2,0.0,0,0,0.0
1785431979.102,17:19:39,timeslice,3,0.0,0,0,0.0
1785431979.102,17:19:39,timeslice,4,0.0,0,0,0.0
1785431979.102,17:19:39,timeslice,5,0.0,0,0,0.0
1785431979.102,17:19:39,timeslice,6,0.0,0,0,0.0
1785431979.102,17:19:39,timeslice,7,0.0,0,0,0.0
1785431980.102,17:19:40,timeslice,0,0.0,0,0,0.0
1785431980.102,17:19:40,timeslice,1,0.0,0,0,0.0
1785431980.102,17:19:40,timeslice,2,0.0,0,0,0.0
1785431980.102,17:19:40,timeslice,3,0.0,0,0,0.0
1785431980.102,17:19:40,timeslice,4,0.0,0,0,0.0
1785431980.102,17:19:40,timeslice,5,0.0,0,0,0.0
1785431980.102,17:19:40,timeslice,6,0.0,0,0,0.0
1785431980.102,17:19:40,timeslice,7,0.0,0,0,0.0
1785431981.102,17:19:41,timeslice,0,0.0,0,0,0.0
1785431981.102,17:19:41,timeslice,1,0.0,0,0,0.0
1785431981.102,17:19:41,timeslice,2,0.0,0,0,0.0
1785431981.102,17:19:41,timeslice,3,0.0,0,0,0.0
1785431981.102,17:19:41,timeslice,4,0.0,0,0,0.0
1785431981.102,17:19:41,timeslice,5,0.0,0,0,0.0
1785431981.102,17:19:41,timeslice,6,0.0,0,0,0.0
1785431981.102,17:19:41,timeslice,7,0.0,0,0,0.0
1785431982.102,17:19:42,timeslice,0,0.0,0,0,0.0
1785431982.102,17:19:42,timeslice,1,0.0,0,0,0.0
1785431982.102,17:19:42,timeslice,2,0.0,0,0,0.0
1785431982.102,17:19:42,timeslice,3,0.0,0,0,0.0
1785431982.102,17:19:42,timeslice,4,0.0,0,0,0.0
1785431982.102,17:19:42,timeslice,5,0.0,0,0,0.0
1785431982.102,17:19:42,timeslice,6,0.0,0,0,0.0
1785431982.102,17:19:42,timeslice,7,0.0,0,0,0.0
1785431983.103,17:19:43,timeslice,0,0.0,0,0,0.0
1785431983.103,17:19:43,timeslice,1,0.0,0,0,0.0
1785431983.103,17:19:43,timeslice,2,0.0,0,0,0.0
1785431983.103,17:19:43,timeslice,3,0.0,0,0,0.0
1785431983.103,17:19:43,timeslice,4,0.0,0,0,0.0
1785431983.103,17:19:43,timeslice,5,0.0,0,0,0.0
1785431983.103,17:19:43,timeslice,6,0.0,0,0,0.0
1785431983.103,17:19:43,timeslice,7,0.0,0,0,0.0
1785431984.103,17:19:44,timeslice,0,0.0,0,0,0.0
1785431984.103,17:19:44,timeslice,1,0.0,0,0,0.0
1785431984.103,17:19:44,timeslice,2,0.0,0,0,0.0
1785431984.103,17:19:44,timeslice,3,0.0,0,0,0.0
1785431984.103,17:19:44,timeslice,4,0.0,0,0,0.0
1785431984.103,17:19:44,timeslice,5,0.0,0,0,0.0
1785431984.103,17:19:44,timeslice,6,0.0,0,0,0.0
1785431984.103,17:19:44,timeslice,7,0.0,0,0,0.0
1785431985.103,17:19:45,timeslice,0,0.0,0,0,0.0
1785431985.103,17:19:45,timeslice,1,0.0,0,0,0.0
1785431985.103,17:19:45,timeslice,2,0.0,0,0,0.0
1785431985.103,17:19:45,timeslice,3,0.0,0,0,0.0
1785431985.103,17:19:45,timeslice,4,0.0,0,0,0.0
1785431985.103,17:19:45,timeslice,5,0.0,0,0,0.0
1785431985.103,17:19:45,timeslice,6,0.0,0,0,0.0
1785431985.103,17:19:45,timeslice,7,0.0,0,0,0.0
1785431986.103,17:19:46,timeslice,0,0.0,0,0,0.0
1785431986.103,17:19:46,timeslice,1,0.0,0,0,0.0
1785431986.103,17:19:46,timeslice,2,0.0,0,0,0.0
1785431986.103,17:19:46,timeslice,3,0.0,0,0,0.0
1785431986.103,17:19:46,timeslice,4,0.0,0,0,0.0
1785431986.103,17:19:46,timeslice,5,0.0,0,0,0.0
1785431986.103,17:19:46,timeslice,6,0.0,0,0,0.0
1785431986.103,17:19:46,timeslice,7,0.0,0,0,0.0
1785431987.103,17:19:47,timeslice,0,0.0,0,0,0.0
1785431987.103,17:19:47,timeslice,1,0.0,0,0,0.0
1785431987.103,17:19:47,timeslice,2,0.0,0,0,0.0
1785431987.103,17:19:47,timeslice,3,0.0,0,0,0.0
1785431987.103,17:19:47,timeslice,4,0.0,0,0,0.0
1785431987.103,17:19:47,timeslice,5,0.0,0,0,0.0
1785431987.103,17:19:47,timeslice,6,0.0,0,0,0.0
1785431987.103,17:19:47,timeslice,7,0.0,0,0,0.0
1785431988.103,17:19:48,timeslice,0,0.0,0,0,0.0
1785431988.103,17:19:48,timeslice,1,0.0,0,0,0.0
1785431988.103,17:19:48,timeslice,2,0.0,0,0,0.0
1785431988.103,17:19:48,timeslice,3,0.0,0,0,0.0
1785431988.103,17:19:48,timeslice,4,0.0,0,0,0.0
1785431988.103,17:19:48,timeslice,5,0.0,0,0,0.0
1785431988.103,17:19:48,timeslice,6,0.0,0,0,0.0
1785431988.103,17:19:48,timeslice,7,0.0,0,0,0.0
1785431989.103,17:19:49,timeslice,0,0.0,0,0,0.0
1785431989.103,17:19:49,timeslice,1,0.0,0,0,0.0
1785431989.103,17:19:49,timeslice,2,0.0,0,0,0.0
1785431989.103,17:19:49,timeslice,3,0.0,0,0,0.0
1785431989.103,17:19:49,timeslice,4,0.0,0,0,0.0
1785431989.103,17:19:49,timeslice,5,0.0,0,0,0.0
1785431989.103,17:19:49,timeslice,6,0.0,0,0,0.0
1785431989.103,17:19:49,timeslice,7,0.0,0,0,0.0
1785431990.103,17:19:50,timeslice,0,0.0,0,0,0.0
1785431990.103,17:19:50,timeslice,1,0.0,0,0,0.0
1785431990.103,17:19:50,timeslice,2,0.0,0,0,0.0
1785431990.103,17:19:50,timeslice,3,0.0,0,0,0.0
1785431990.103,17:19:50,timeslice,4,0.0,0,0,0.0
1785431990.103,17:19:50,timeslice,5,0.0,0,0,0.0
1785431990.103,17:19:50,timeslice,6,0.0,0,0,0.0
1785431990.103,17:19:50,timeslice,7,0.0,0,0,0.0
1785431991.104,17:19:51,timeslice,0,0.0,0,0,0.0
1785431991.104,17:19:51,timeslice,1,0.0,0,0,0.0
1785431991.104,17:19:51,timeslice,2,0.0,0,0,0.0
1785431991.104,17:19:51,timeslice,3,0.0,0,0,0.0
1785431991.104,17:19:51,timeslice,4,0.0,0,0,0.0
1785431991.104,17:19:51,timeslice,5,0.0,0,0,0.0
1785431991.104,17:19:51,timeslice,6,0.0,0,0,0.0
1785431991.104,17:19:51,timeslice,7,0.0,0,0,0.0
1785431992.104,17:19:52,timeslice,0,0.0,0,0,0.0
1785431992.104,17:19:52,timeslice,1,0.0,0,0,0.0
1785431992.104,17:19:52,timeslice,2,0.0,0,0,0.0
1785431992.104,17:19:52,timeslice,3,0.0,0,0,0.0
1785431992.104,17:19:52,timeslice,4,0.0,0,0,0.0
1785431992.104,17:19:52,timeslice,5,0.0,0,0,0.0
1785431992.104,17:19:52,timeslice,6,0.0,0,0,0.0
1785431992.104,17:19:52,timeslice,7,0.0,0,0,0.0
1785431993.104,17:19:53,timeslice,0,0.0,0,0,0.0
1785431993.104,17:19:53,timeslice,1,0.0,0,0,0.0
1785431993.104,17:19:53,timeslice,2,0.0,0,0,0.0
1785431993.104,17:19:53,timeslice,3,0.0,0,0,0.0
1785431993.104,17:19:53,timeslice,4,0.0,0,0,0.0
1785431993.104,17:19:53,timeslice,5,0.0,0,0,0.0
1785431993.104,17:19:53,timeslice,6,0.0,0,0,0.0
1785431993.104,17:19:53,timeslice,7,0.0,0,0,0.0
1785431994.104,17:19:54,timeslice,0,0.0,0,0,0.0
1785431994.104,17:19:54,timeslice,1,0.0,0,0,0.0
1785431994.104,17:19:54,timeslice,2,0.0,0,0,0.0
1785431994.104,17:19:54,timeslice,3,0.0,0,0,0.0
1785431994.104,17:19:54,timeslice,4,0.0,0,0,0.0
1785431994.104,17:19:54,timeslice,5,0.0,0,0,0.0
1785431994.104,17:19:54,timeslice,6,0.0,0,0,0.0
1785431994.104,17:19:54,timeslice,7,0.0,0,0,0.0
1785431995.104,17:19:55,timeslice,0,0.0,0,0,0.0
1785431995.104,17:19:55,timeslice,1,0.0,0,0,0.0
1785431995.104,17:19:55,timeslice,2,0.0,0,0,0.0
1785431995.104,17:19:55,timeslice,3,0.0,0,0,0.0
1785431995.104,17:19:55,timeslice,4,0.0,0,0,0.0
1785431995.104,17:19:55,timeslice,5,0.0,0,0,0.0
1785431995.104,17:19:55,timeslice,6,0.0,0,0,0.0
1785431995.104,17:19:55,timeslice,7,0.0,0,0,0.0
1785431996.104,17:19:56,timeslice,0,0.0,0,0,0.0
1785431996.104,17:19:56,timeslice,1,0.0,0,0,0.0
1785431996.104,17:19:56,timeslice,2,0.0,0,0,0.0
1785431996.104,17:19:56,timeslice,3,0.0,0,0,0.0
1785431996.104,17:19:56,timeslice,4,0.0,0,0,0.0
1785431996.104,17:19:56,timeslice,5,0.0,0,0,0.0
1785431996.104,17:19:56,timeslice,6,0.0,0,0,0.0
1785431996.104,17:19:56,timeslice,7,0.0,0,0,0.0
1785431997.104,17:19:57,timeslice,0,0.0,0,0,0.0
1785431997.104,17:19:57,timeslice,1,0.0,0,0,0.0
1785431997.104,17:19:57,timeslice,2,0.0,0,0,0.0
1785431997.104,17:19:57,timeslice,3,0.0,0,0,0.0
1785431997.104,17:19:57,timeslice,4,0.0,0,0,0.0
1785431997.104,17:19:57,timeslice,5,0.0,0,0,0.0
1785431997.104,17:19:57,timeslice,6,0.0,0,0,0.0
1785431997.104,17:19:57,timeslice,7,0.0,0,0,0.0
1785431998.104,17:19:58,timeslice,0,0.0,0,0,0.0
1785431998.104,17:19:58,timeslice,1,0.0,0,0,0.0
1785431998.104,17:19:58,timeslice,2,0.0,0,0,0.0
1785431998.104,17:19:58,timeslice,3,0.0,0,0,0.0
1785431998.104,17:19:58,timeslice,4,0.0,0,0,0.0
1785431998.104,17:19:58,timeslice,5,0.0,0,0,0.0
1785431998.104,17:19:58,timeslice,6,0.0,0,0,0.0
1785431998.104,17:19:58,timeslice,7,0.0,0,0,0.0
1785431999.105,17:19:59,timeslice,0,0.0,0,0,0.0
1785431999.105,17:19:59,timeslice,1,0.0,0,0,0.0
1785431999.105,17:19:59,timeslice,2,0.0,0,0,0.0
1785431999.105,17:19:59,timeslice,3,0.0,0,0,0.0
1785431999.105,17:19:59,timeslice,4,0.0,0,0,0.0
1785431999.105,17:19:59,timeslice,5,0.0,0,0,0.0
1785431999.105,17:19:59,timeslice,6,0.0,0,0,0.0
1785431999.105,17:19:59,timeslice,7,0.0,0,0,0.0
1785432000.105,17:20:00,timeslice,0,0.0,0,0,0.0
1785432000.105,17:20:00,timeslice,1,0.0,0,0,0.0
1785432000.105,17:20:00,timeslice,2,0.0,0,0,0.0
1785432000.105,17:20:00,timeslice,3,0.0,0,0,0.0
1785432000.105,17:20:00,timeslice,4,0.0,0,0,0.0
1785432000.105,17:20:00,timeslice,5,0.0,0,0,0.0
1785432000.105,17:20:00,timeslice,6,0.0,0,0,0.0
1785432000.105,17:20:00,timeslice,7,0.0,0,0,0.0
1785432001.105,17:20:01,timeslice,0,0.0,0,0,0.0
1785432001.105,17:20:01,timeslice,1,0.0,0,0,0.0
1785432001.105,17:20:01,timeslice,2,0.0,0,0,0.0
1785432001.105,17:20:01,timeslice,3,0.0,0,0,0.0
1785432001.105,17:20:01,timeslice,4,0.0,0,0,0.0
1785432001.105,17:20:01,timeslice,5,0.0,0,0,0.0
1785432001.105,17:20:01,timeslice,6,0.0,0,0,0.0
1785432001.105,17:20:01,timeslice,7,0.0,0,0,0.0
1785432002.105,17:20:02,timeslice,0,0.0,0,0,0.0
1785432002.105,17:20:02,timeslice,1,0.0,0,0,0.0
1785432002.105,17:20:02,timeslice,2,0.0,0,0,0.0
1785432002.105,17:20:02,timeslice,3,0.0,0,0,0.0
1785432002.105,17:20:02,timeslice,4,0.0,0,0,0.0
1785432002.105,17:20:02,timeslice,5,0.0,0,0,0.0
1785432002.105,17:20:02,timeslice,6,0.0,0,0,0.0
1785432002.105,17:20:02,timeslice,7,0.0,0,0,0.0
1785432003.105,17:20:03,timeslice,0,0.0,0,0,0.0
1785432003.105,17:20:03,timeslice,1,0.0,0,0,0.0
1785432003.105,17:20:03,timeslice,2,0.0,0,0,0.0
1785432003.105,17:20:03,timeslice,3,0.0,0,0,0.0
1785432003.105,17:20:03,timeslice,4,0.0,0,0,0.0
1785432003.105,17:20:03,timeslice,5,0.0,0,0,0.0
1785432003.105,17:20:03,timeslice,6,0.0,0,0,0.0
1785432003.105,17:20:03,timeslice,7,0.0,0,0,0.0
1785432004.105,17:20:04,timeslice,0,0.0,0,0,0.0
1785432004.105,17:20:04,timeslice,1,0.0,0,0,0.0
1785432004.105,17:20:04,timeslice,2,0.0,0,0,0.0
1785432004.105,17:20:04,timeslice,3,0.0,0,0,0.0
1785432004.105,17:20:04,timeslice,4,0.0,0,0,0.0
1785432004.105,17:20:04,timeslice,5,0.0,0,0,0.0
1785432004.105,17:20:04,timeslice,6,0.0,0,0,0.0
1785432004.105,17:20:04,timeslice,7,0.0,0,0,0.0
1785432005.105,17:20:05,timeslice,0,0.0,0,0,0.0
1785432005.105,17:20:05,timeslice,1,0.0,0,0,0.0
1785432005.105,17:20:05,timeslice,2,0.0,0,0,0.0
1785432005.105,17:20:05,timeslice,3,0.0,0,0,0.0
1785432005.105,17:20:05,timeslice,4,0.0,0,0,0.0
1785432005.105,17:20:05,timeslice,5,0.0,0,0,0.0
1785432005.105,17:20:05,timeslice,6,0.0,0,0,0.0
1785432005.105,17:20:05,timeslice,7,0.0,0,0,0.0
1785432006.105,17:20:06,timeslice,0,0.0,0,0,0.0
1785432006.105,17:20:06,timeslice,1,0.0,0,0,0.0
1785432006.105,17:20:06,timeslice,2,0.0,0,0,0.0
1785432006.105,17:20:06,timeslice,3,0.0,0,0,0.0
1785432006.105,17:20:06,timeslice,4,0.0,0,0,0.0
1785432006.105,17:20:06,timeslice,5,0.0,0,0,0.0
1785432006.105,17:20:06,timeslice,6,0.0,0,0,0.0
1785432006.105,17:20:06,timeslice,7,0.0,0,0,0.0
1785432007.106,17:20:07,timeslice,0,0.0,0,0,0.0
1785432007.106,17:20:07,timeslice,1,0.0,0,0,0.0
1785432007.106,17:20:07,timeslice,2,0.0,0,0,0.0
1785432007.106,17:20:07,timeslice,3,0.0,0,0,0.0
1785432007.106,17:20:07,timeslice,4,0.0,0,0,0.0
1785432007.106,17:20:07,timeslice,5,0.0,0,0,0.0
1785432007.106,17:20:07,timeslice,6,0.0,0,0,0.0
1785432007.106,17:20:07,timeslice,7,0.0,0,0,0.0
1785432008.106,17:20:08,timeslice,0,0.0,0,0,0.0
1785432008.106,17:20:08,timeslice,1,0.0,0,0,0.0
1785432008.106,17:20:08,timeslice,2,0.0,0,0,0.0
1785432008.106,17:20:08,timeslice,3,0.0,0,0,0.0
1785432008.106,17:20:08,timeslice,4,0.0,0,0,0.0
1785432008.106,17:20:08,timeslice,5,0.0,0,0,0.0
1785432008.106,17:20:08,timeslice,6,0.0,0,0,0.0
1785432008.106,17:20:08,timeslice,7,0.0,0,0,0.0
1785432009.106,17:20:09,timeslice,0,0.0,0,0,0.0
1785432009.106,17:20:09,timeslice,1,0.0,0,0,0.0
1785432009.106,17:20:09,timeslice,2,0.0,0,0,0.0
1785432009.106,17:20:09,timeslice,3,0.0,0,0,0.0
1785432009.106,17:20:09,timeslice,4,0.0,0,0,0.0
1785432009.106,17:20:09,timeslice,5,0.0,0,0,0.0
1785432009.106,17:20:09,timeslice,6,0.0,0,0,0.0
1785432009.106,17:20:09,timeslice,7,0.0,0,0,0.0
1785432010.106,17:20:10,timeslice,0,0.0,0,0,0.0
1785432010.106,17:20:10,timeslice,1,0.0,0,0,0.0
1785432010.106,17:20:10,timeslice,2,0.0,0,0,0.0
1785432010.106,17:20:10,timeslice,3,0.0,0,0,0.0
1785432010.106,17:20:10,timeslice,4,0.0,0,0,0.0
1785432010.106,17:20:10,timeslice,5,0.0,0,0,0.0
1785432010.106,17:20:10,timeslice,6,0.0,0,0,0.0
1785432010.106,17:20:10,timeslice,7,0.0,0,0,0.0
1785432011.106,17:20:11,timeslice,0,0.0,0,0,0.0
1785432011.106,17:20:11,timeslice,1,0.0,0,0,0.0
1785432011.106,17:20:11,timeslice,2,0.0,0,0,0.0
1785432011.106,17:20:11,timeslice,3,0.0,0,0,0.0
1785432011.106,17:20:11,timeslice,4,0.0,0,0,0.0
1785432011.106,17:20:11,timeslice,5,0.0,0,0,0.0
1785432011.106,17:20:11,timeslice,6,0.0,0,0,0.0
1785432011.106,17:20:11,timeslice,7,0.0,0,0,0.0
1785432012.106,17:20:12,timeslice,0,0.0,0,0,0.0
1785432012.106,17:20:12,timeslice,1,0.0,0,0,0.0
1785432012.106,17:20:12,timeslice,2,0.0,0,0,0.0
1785432012.106,17:20:12,timeslice,3,0.0,0,0,0.0
1785432012.106,17:20:12,timeslice,4,0.0,0,0,0.0
1785432012.106,17:20:12,timeslice,5,0.0,0,0,0.0
1785432012.106,17:20:12,timeslice,6,0.0,0,0,0.0
1785432012.106,17:20:12,timeslice,7,0.0,0,0,0.0
1785432013.106,17:20:13,timeslice,0,0.0,0,0,0.0
1785432013.106,17:20:13,timeslice,1,0.0,0,0,0.0
1785432013.106,17:20:13,timeslice,2,0.0,0,0,0.0
1785432013.106,17:20:13,timeslice,3,0.0,0,0,0.0
1785432013.106,17:20:13,timeslice,4,0.0,0,0,0.0
1785432013.106,17:20:13,timeslice,5,0.0,0,0,0.0
1785432013.106,17:20:13,timeslice,6,0.0,0,0,0.0
1785432013.106,17:20:13,timeslice,7,0.0,0,0,0.0
1785432014.106,17:20:14,timeslice,0,0.0,0,0,0.0
1785432014.106,17:20:14,timeslice,1,0.0,0,0,0.0
1785432014.106,17:20:14,timeslice,2,0.0,0,0,0.0
1785432014.106,17:20:14,timeslice,3,0.0,0,0,0.0
1785432014.106,17:20:14,timeslice,4,0.0,0,0,0.0
1785432014.106,17:20:14,timeslice,5,0.0,0,0,0.0
1785432014.106,17:20:14,timeslice,6,0.0,0,0,0.0
1785432014.106,17:20:14,timeslice,7,0.0,0,0,0.0
1785432015.106,17:20:15,timeslice,0,0.0,0,0,0.0
1785432015.106,17:20:15,timeslice,1,0.0,0,0,0.0
1785432015.106,17:20:15,timeslice,2,0.0,0,0,0.0
1785432015.106,17:20:15,timeslice,3,0.0,0,0,0.0
1785432015.106,17:20:15,timeslice,4,0.0,0,0,0.0
1785432015.106,17:20:15,timeslice,5,0.0,0,0,0.0
1785432015.106,17:20:15,timeslice,6,0.0,0,0,0.0
1785432015.106,17:20:15,timeslice,7,0.0,0,0,0.0
1785432016.107,17:20:16,timeslice,0,0.0,0,0,0.0
1785432016.107,17:20:16,timeslice,1,0.0,0,0,0.0
1785432016.107,17:20:16,timeslice,2,0.0,0,0,0.0
1785432016.107,17:20:16,timeslice,3,0.0,0,0,0.0
1785432016.107,17:20:16,timeslice,4,0.0,0,0,0.0
1785432016.107,17:20:16,timeslice,5,0.0,0,0,0.0
1785432016.107,17:20:16,timeslice,6,0.0,0,0,0.0
1785432016.107,17:20:16,timeslice,7,0.0,0,0,0.0
1785432017.107,17:20:17,timeslice,0,0.0,0,0,0.0
1785432017.107,17:20:17,timeslice,1,0.0,0,0,0.0
1785432017.107,17:20:17,timeslice,2,0.0,0,0,0.0
1785432017.107,17:20:17,timeslice,3,0.0,0,0,0.0
1785432017.107,17:20:17,timeslice,4,0.0,0,0,0.0
1785432017.107,17:20:17,timeslice,5,0.0,0,0,0.0
1785432017.107,17:20:17,timeslice,6,0.0,0,0,0.0
1785432017.107,17:20:17,timeslice,7,0.0,0,0,0.0
1785432018.107,17:20:18,timeslice,0,0.0,0,0,0.0
1785432018.107,17:20:18,timeslice,1,0.0,0,0,0.0
1785432018.107,17:20:18,timeslice,2,0.0,0,0,0.0
1785432018.107,17:20:18,timeslice,3,0.0,0,0,0.0
1785432018.107,17:20:18,timeslice,4,0.0,0,0,0.0
1785432018.107,17:20:18,timeslice,5,0.0,0,0,0.0
1785432018.107,17:20:18,timeslice,6,0.0,0,0,0.0
1785432018.107,17:20:18,timeslice,7,0.0,0,0,0.0
1785432019.107,17:20:19,timeslice,0,0.0,0,0,0.0
1785432019.107,17:20:19,timeslice,1,0.0,0,0,0.0
1785432019.107,17:20:19,timeslice,2,0.0,0,0,0.0
1785432019.107,17:20:19,timeslice,3,0.0,0,0,0.0
1785432019.107,17:20:19,timeslice,4,0.0,0,0,0.0
1785432019.107,17:20:19,timeslice,5,0.0,0,0,0.0
1785432019.107,17:20:19,timeslice,6,0.0,0,0,0.0
1785432019.107,17:20:19,timeslice,7,0.0,0,0,0.0
1785432020.107,17:20:20,timeslice,0,0.0,0,0,0.0
1785432020.107,17:20:20,timeslice,1,0.0,0,0,0.0
1785432020.107,17:20:20,timeslice,2,0.0,0,0,0.0
1785432020.107,17:20:20,timeslice,3,0.0,0,0,0.0
1785432020.107,17:20:20,timeslice,4,0.0,0,0,0.0
1785432020.107,17:20:20,timeslice,5,0.0,0,0,0.0
1785432020.107,17:20:20,timeslice,6,0.0,0,0,0.0
1785432020.107,17:20:20,timeslice,7,0.0,0,0,0.0
1785432021.107,17:20:21,timeslice,0,0.0,0,0,0.0
1785432021.107,17:20:21,timeslice,1,0.0,0,0,0.0
1785432021.107,17:20:21,timeslice,2,0.0,0,0,0.0
1785432021.107,17:20:21,timeslice,3,0.0,0,0,0.0
1785432021.107,17:20:21,timeslice,4,0.0,0,0,0.0
1785432021.107,17:20:21,timeslice,5,0.0,0,0,0.0
1785432021.107,17:20:21,timeslice,6,0.0,0,0,0.0
1785432021.107,17:20:21,timeslice,7,0.0,0,0,0.0
1785432022.107,17:20:22,timeslice,0,0.0,0,0,0.0
1785432022.107,17:20:22,timeslice,1,0.0,0,0,0.0
1785432022.107,17:20:22,timeslice,2,0.0,0,0,0.0
1785432022.107,17:20:22,timeslice,3,0.0,0,0,0.0
1785432022.107,17:20:22,timeslice,4,0.0,0,0,0.0
1785432022.107,17:20:22,timeslice,5,0.0,0,0,0.0
1785432022.107,17:20:22,timeslice,6,0.0,0,0,0.0
1785432022.107,17:20:22,timeslice,7,0.0,0,0,0.0
1785432023.107,17:20:23,timeslice,0,0.0,0,0,0.0
1785432023.107,17:20:23,timeslice,1,0.0,0,0,0.0
1785432023.107,17:20:23,timeslice,2,0.0,0,0,0.0
1785432023.107,17:20:23,timeslice,3,0.0,0,0,0.0
1785432023.107,17:20:23,timeslice,4,0.0,0,0,0.0
1785432023.107,17:20:23,timeslice,5,0.0,0,0,0.0
1785432023.107,17:20:23,timeslice,6,0.0,0,0,0.0
1785432023.107,17:20:23,timeslice,7,0.0,0,0,0.0
1785432024.107,17:20:24,timeslice,0,0.0,0,0,0.0
1785432024.107,17:20:24,timeslice,1,0.0,0,0,0.0
1785432024.107,17:20:24,timeslice,2,0.0,0,0,0.0
1785432024.107,17:20:24,timeslice,3,0.0,0,0,0.0
1785432024.107,17:20:24,timeslice,4,0.0,0,0,0.0
1785432024.107,17:20:24,timeslice,5,0.0,0,0,0.0
1785432024.107,17:20:24,timeslice,6,0.0,0,0,0.0
1785432024.107,17:20:24,timeslice,7,0.0,0,0,0.0
1785432025.108,17:20:25,timeslice,0,0.0,0,0,0.0
1785432025.108,17:20:25,timeslice,1,0.0,0,0,0.0
1785432025.108,17:20:25,timeslice,2,0.0,0,0,0.0
1785432025.108,17:20:25,timeslice,3,0.0,0,0,0.0
1785432025.108,17:20:25,timeslice,4,0.0,0,0,0.0
1785432025.108,17:20:25,timeslice,5,0.0,0,0,0.0
1785432025.108,17:20:25,timeslice,6,0.0,0,0,0.0
1785432025.108,17:20:25,timeslice,7,0.0,0,0,0.0
1785432026.108,17:20:26,timeslice,0,0.0,0,0,0.0
1785432026.108,17:20:26,timeslice,1,0.0,0,0,0.0
1785432026.108,17:20:26,timeslice,2,0.0,0,0,0.0
1785432026.108,17:20:26,timeslice,3,0.0,0,0,0.0
1785432026.108,17:20:26,timeslice,4,0.0,0,0,0.0
1785432026.108,17:20:26,timeslice,5,0.0,0,0,0.0
1785432026.108,17:20:26,timeslice,6,0.0,0,0,0.0
1785432026.108,17:20:26,timeslice,7,0.0,0,0,0.0
1785432027.108,17:20:27,timeslice,0,0.0,0,0,0.0
1785432027.108,17:20:27,timeslice,1,0.0,0,0,0.0
1785432027.108,17:20:27,timeslice,2,0.0,0,0,0.0
1785432027.108,17:20:27,timeslice,3,0.0,0,0,0.0
1785432027.108,17:20:27,timeslice,4,0.0,0,0,0.0
1785432027.108,17:20:27,timeslice,5,0.0,0,0,0.0
1785432027.108,17:20:27,timeslice,6,0.0,0,0,0.0
1785432027.108,17:20:27,timeslice,7,0.0,0,0,0.0
1785432028.108,17:20:28,timeslice,0,0.0,0,0,0.0
1785432028.108,17:20:28,timeslice,1,0.0,0,0,0.0
1785432028.108,17:20:28,timeslice,2,0.0,0,0,0.0
1785432028.108,17:20:28,timeslice,3,0.0,0,0,0.0
1785432028.108,17:20:28,timeslice,4,0.0,0,0,0.0
1785432028.108,17:20:28,timeslice,5,0.0,0,0,0.0
1785432028.108,17:20:28,timeslice,6,0.0,0,0,0.0
1785432028.108,17:20:28,timeslice,7,0.0,0,0,0.0
1785432029.108,17:20:29,timeslice,0,0.0,0,0,0.0
1785432029.108,17:20:29,timeslice,1,0.0,0,0,0.0
1785432029.108,17:20:29,timeslice,2,0.0,0,0,0.0
1785432029.108,17:20:29,timeslice,3,0.0,0,0,0.0
1785432029.108,17:20:29,timeslice,4,0.0,0,0,0.0
1785432029.108,17:20:29,timeslice,5,0.0,0,0,0.0
1785432029.108,17:20:29,timeslice,6,0.0,0,0,0.0
1785432029.108,17:20:29,timeslice,7,0.0,0,0,0.0
1785432030.108,17:20:30,timeslice,0,0.0,0,0,0.0
1785432030.108,17:20:30,timeslice,1,0.0,0,0,0.0
1785432030.108,17:20:30,timeslice,2,0.0,0,0,0.0
1785432030.108,17:20:30,timeslice,3,0.0,0,0,0.0
1785432030.108,17:20:30,timeslice,4,0.0,0,0,0.0
1785432030.108,17:20:30,timeslice,5,0.0,0,0,0.0
1785432030.108,17:20:30,timeslice,6,0.0,0,0,0.0
1785432030.108,17:20:30,timeslice,7,0.0,0,0,0.0
1785432031.108,17:20:31,timeslice,0,0.0,0,0,0.0
1785432031.108,17:20:31,timeslice,1,0.0,0,0,0.0
1785432031.108,17:20:31,timeslice,2,0.0,0,0,0.0
1785432031.108,17:20:31,timeslice,3,0.0,0,0,0.0
1785432031.108,17:20:31,timeslice,4,0.0,0,0,0.0
1785432031.108,17:20:31,timeslice,5,0.0,0,0,0.0
1785432031.108,17:20:31,timeslice,6,0.0,0,0,0.0
1785432031.108,17:20:31,timeslice,7,0.0,0,0,0.0
1785432032.108,17:20:32,timeslice,0,0.0,0,0,0.0
1785432032.108,17:20:32,timeslice,1,0.0,0,0,0.0
1785432032.108,17:20:32,timeslice,2,0.0,0,0,0.0
1785432032.108,17:20:32,timeslice,3,0.0,0,0,0.0
1785432032.108,17:20:32,timeslice,4,0.0,0,0,0.0
1785432032.108,17:20:32,timeslice,5,0.0,0,0,0.0
1785432032.108,17:20:32,timeslice,6,0.0,0,0,0.0
1785432032.108,17:20:32,timeslice,7,0.0,0,0,0.0
1785432033.108,17:20:33,timeslice,0,0.0,0,0,0.0
1785432033.108,17:20:33,timeslice,1,0.0,0,0,0.0
1785432033.108,17:20:33,timeslice,2,0.0,0,0,0.0
1785432033.108,17:20:33,timeslice,3,0.0,0,0,0.0
1785432033.108,17:20:33,timeslice,4,0.0,0,0,0.0
1785432033.108,17:20:33,timeslice,5,0.0,0,0,0.0
1785432033.108,17:20:33,timeslice,6,0.0,0,0,0.0
1785432033.108,17:20:33,timeslice,7,0.0,0,0,0.0
1785432034.109,17:20:34,timeslice,0,0.0,0,0,0.0
1785432034.109,17:20:34,timeslice,1,0.0,0,0,0.0
1785432034.109,17:20:34,timeslice,2,0.0,0,0,0.0
1785432034.109,17:20:34,timeslice,3,0.0,0,0,0.0
1785432034.109,17:20:34,timeslice,4,0.0,0,0,0.0
1785432034.109,17:20:34,timeslice,5,0.0,0,0,0.0
1785432034.109,17:20:34,timeslice,6,0.0,0,0,0.0
1785432034.109,17:20:34,timeslice,7,0.0,0,0,0.0
1785432035.109,17:20:35,timeslice,0,0.0,0,0,0.0
1785432035.109,17:20:35,timeslice,1,0.0,0,0,0.0
1785432035.109,17:20:35,timeslice,2,0.0,0,0,0.0
1785432035.109,17:20:35,timeslice,3,0.0,0,0,0.0
1785432035.109,17:20:35,timeslice,4,0.0,0,0,0.0
1785432035.109,17:20:35,timeslice,5,0.0,0,0,0.0
1785432035.109,17:20:35,timeslice,6,0.0,0,0,0.0
1785432035.109,17:20:35,timeslice,7,0.0,0,0,0.0
1785432036.109,17:20:36,timeslice,0,0.0,0,0,0.0
1785432036.109,17:20:36,timeslice,1,0.0,0,0,0.0
1785432036.109,17:20:36,timeslice,2,0.0,0,0,0.0
1785432036.109,17:20:36,timeslice,3,0.0,0,0,0.0
1785432036.109,17:20:36,timeslice,4,0.0,0,0,0.0
1785432036.109,17:20:36,timeslice,5,0.0,0,0,0.0
1785432036.109,17:20:36,timeslice,6,0.0,0,0,0.0
1785432036.109,17:20:36,timeslice,7,0.0,0,0,0.0
1785432037.109,17:20:37,timeslice,0,0.0,0,0,0.0
1785432037.109,17:20:37,timeslice,1,0.0,0,0,0.0
1785432037.109,17:20:37,timeslice,2,0.0,0,0,0.0
1785432037.109,17:20:37,timeslice,3,0.0,0,0,0.0
1785432037.109,17:20:37,timeslice,4,0.0,0,0,0.0
1785432037.109,17:20:37,timeslice,5,0.0,0,0,0.0
1785432037.109,17:20:37,timeslice,6,0.0,0,0,0.0
1785432037.109,17:20:37,timeslice,7,0.0,0,0,0.0
1785432038.109,17:20:38,timeslice,0,0.0,0,0,0.0
1785432038.109,17:20:38,timeslice,1,0.0,0,0,0.0
1785432038.109,17:20:38,timeslice,2,0.0,0,0,0.0
1785432038.109,17:20:38,timeslice,3,0.0,0,0,0.0
1785432038.109,17:20:38,timeslice,4,0.0,0,0,0.0
1785432038.109,17:20:38,timeslice,5,0.0,0,0,0.0
1785432038.109,17:20:38,timeslice,6,0.0,0,0,0.0
1785432038.109,17:20:38,timeslice,7,0.0,0,0,0.0
1785432039.109,17:20:39,timeslice,0,0.0,0,0,0.0
1785432039.109,17:20:39,timeslice,1,0.0,0,0,0.0
1785432039.109,17:20:39,timeslice,2,0.0,0,0,0.0
1785432039.109,17:20:39,timeslice,3,0.0,0,0,0.0
1785432039.109,17:20:39,timeslice,4,0.0,0,0,0.0
1785432039.109,17:20:39,timeslice,5,0.0,0,0,0.0
1785432039.109,17:20:39,timeslice,6,0.0,0,0,0.0
1785432039.109,17:20:39,timeslice,7,0.0,0,0,0.0
1785432040.109,17:20:40,timeslice,0,0.0,0,0,0.0
1785432040.109,17:20:40,timeslice,1,0.0,0,0,0.0
1785432040.109,17:20:40,timeslice,2,0.0,0,0,0.0
1785432040.109,17:20:40,timeslice,3,0.0,0,0,0.0
1785432040.109,17:20:40,timeslice,4,0.0,0,0,0.0
1785432040.109,17:20:40,timeslice,5,0.0,0,0,0.0
1785432040.109,17:20:40,timeslice,6,0.0,0,0,0.0
1785432040.109,17:20:40,timeslice,7,0.0,0,0,0.0
1785432041.109,17:20:41,timeslice,0,0.0,0,0,0.0
1785432041.109,17:20:41,timeslice,1,0.0,0,0,0.0
1785432041.109,17:20:41,timeslice,2,0.0,0,0,0.0
1785432041.109,17:20:41,timeslice,3,0.0,0,0,0.0
1785432041.109,17:20:41,timeslice,4,0.0,0,0,0.0
1785432041.109,17:20:41,timeslice,5,0.0,0,0,0.0
1785432041.109,17:20:41,timeslice,6,0.0,0,0,0.0
1785432041.109,17:20:41,timeslice,7,0.0,0,0,0.0
1785432042.11,17:20:42,timeslice,0,0.0,0,0,0.0
1785432042.11,17:20:42,timeslice,1,0.0,0,0,0.0
1785432042.11,17:20:42,timeslice,2,0.0,0,0,0.0
1785432042.11,17:20:42,timeslice,3,0.0,0,0,0.0
1785432042.11,17:20:42,timeslice,4,0.0,0,0,0.0
1785432042.11,17:20:42,timeslice,5,0.0,0,0,0.0
1785432042.11,17:20:42,timeslice,6,0.0,0,0,0.0
1785432042.11,17:20:42,timeslice,7,0.0,0,0,0.0
1785432043.11,17:20:43,timeslice,0,0.0,0,0,0.0
1785432043.11,17:20:43,timeslice,1,0.0,0,0,0.0
1785432043.11,17:20:43,timeslice,2,0.0,0,0,0.0
1785432043.11,17:20:43,timeslice,3,0.0,0,0,0.0
1785432043.11,17:20:43,timeslice,4,0.0,0,0,0.0
1785432043.11,17:20:43,timeslice,5,0.0,0,0,0.0
1785432043.11,17:20:43,timeslice,6,0.0,0,0,0.0
1785432043.11,17:20:43,timeslice,7,0.0,0,0,0.0
1785432044.11,17:20:44,timeslice,0,0.0,0,0,0.0
1785432044.11,17:20:44,timeslice,1,0.0,0,0,0.0
1785432044.11,17:20:44,timeslice,2,0.0,0,0,0.0
1785432044.11,17:20:44,timeslice,3,0.0,0,0,0.0
1785432044.11,17:20:44,timeslice,4,0.0,0,0,0.0
1785432044.11,17:20:44,timeslice,5,0.0,0,0,0.0
1785432044.11,17:20:44,timeslice,6,0.0,0,0,0.0
1785432044.11,17:20:44,timeslice,7,0.0,0,0,0.0
1785432045.11,17:20:45,timeslice,0,0.0,0,0,0.0
1785432045.11,17:20:45,timeslice,1,0.0,0,0,0.0
1785432045.11,17:20:45,timeslice,2,0.0,0,0,0.0
1785432045.11,17:20:45,timeslice,3,0.0,0,0,0.0
1785432045.11,17:20:45,timeslice,4,0.0,0,0,0.0
1785432045.11,17:20:45,timeslice,5,0.0,0,0,0.0
1785432045.11,17:20:45,timeslice,6,0.0,0,0,0.0
1785432045.11,17:20:45,timeslice,7,0.0,0,0,0.0
1785432046.11,17:20:46,timeslice,0,0.0,0,0,0.0
1785432046.11,17:20:46,timeslice,1,0.0,0,0,0.0
1785432046.11,17:20:46,timeslice,2,0.0,0,0,0.0
1785432046.11,17:20:46,timeslice,3,0.0,0,0,0.0
1785432046.11,17:20:46,timeslice,4,0.0,0,0,0.0
1785432046.11,17:20:46,timeslice,5,0.0,0,0,0.0
1785432046.11,17:20:46,timeslice,6,0.0,0,0,0.0
1785432046.11,17:20:46,timeslice,7,0.0,0,0,0.0
1785432047.11,17:20:47,timeslice,0,0.0,0,0,0.0
1785432047.11,17:20:47,timeslice,1,0.0,0,0,0.0
1785432047.11,17:20:47,timeslice,2,0.0,0,0,0.0
1785432047.11,17:20:47,timeslice,3,0.0,0,0,0.0
1785432047.11,17:20:47,timeslice,4,0.0,0,0,0.0
1785432047.11,17:20:47,timeslice,5,0.0,0,0,0.0
1785432047.11,17:20:47,timeslice,6,0.0,0,0,0.0
1785432047.11,17:20:47,timeslice,7,0.0,0,0,0.0
1785432048.11,17:20:48,timeslice,0,0.0,0,0,0.0
1785432048.11,17:20:48,timeslice,1,0.0,0,0,0.0
1785432048.11,17:20:48,timeslice,2,0.0,0,0,0.0
1785432048.11,17:20:48,timeslice,3,0.0,0,0,0.0
1785432048.11,17:20:48,timeslice,4,0.0,0,0,0.0
1785432048.11,17:20:48,timeslice,5,0.0,0,0,0.0
1785432048.11,17:20:48,timeslice,6,0.0,0,0,0.0
1785432048.11,17:20:48,timeslice,7,0.0,0,0,0.0
1785432049.11,17:20:49,timeslice,0,0.0,0,0,0.0
1785432049.11,17:20:49,timeslice,1,0.0,0,0,0.0
1785432049.11,17:20:49,timeslice,2,0.0,0,0,0.0
1785432049.11,17:20:49,timeslice,3,0.0,0,0,0.0
1785432049.11,17:20:49,timeslice,4,0.0,0,0,0.0
1785432049.11,17:20:49,timeslice,5,0.0,0,0,0.0
1785432049.11,17:20:49,timeslice,6,0.0,0,0,0.0
1785432049.11,17:20:49,timeslice,7,0.0,0,0,0.0
1785432050.111,17:20:50,timeslice,0,0.0,0,0,0.0
1785432050.111,17:20:50,timeslice,1,0.0,0,0,0.0
1785432050.111,17:20:50,timeslice,2,0.0,0,0,0.0
1785432050.111,17:20:50,timeslice,3,0.0,0,0,0.0
1785432050.111,17:20:50,timeslice,4,0.0,0,0,0.0
1785432050.111,17:20:50,timeslice,5,0.0,0,0,0.0
1785432050.111,17:20:50,timeslice,6,0.0,0,0,0.0
1785432050.111,17:20:50,timeslice,7,0.0,0,0,0.0
1785432051.111,17:20:51,timeslice,0,0.0,0,0,0.0
1785432051.111,17:20:51,timeslice,1,0.0,0,0,0.0
1785432051.111,17:20:51,timeslice,2,0.0,0,0,0.0
1785432051.111,17:20:51,timeslice,3,0.0,0,0,0.0
1785432051.111,17:20:51,timeslice,4,0.0,0,0,0.0
1785432051.111,17:20:51,timeslice,5,0.0,0,0,0.0
1785432051.111,17:20:51,timeslice,6,0.0,0,0,0.0
1785432051.111,17:20:51,timeslice,7,0.0,0,0,0.0
1785432052.111,17:20:52,timeslice,0,0.0,0,0,0.0
1785432052.111,17:20:52,timeslice,1,0.0,0,0,0.0
1785432052.111,17:20:52,timeslice,2,0.0,0,0,0.0
1785432052.111,17:20:52,timeslice,3,0.0,0,0,0.0
1785432052.111,17:20:52,timeslice,4,0.0,0,0,0.0
1785432052.111,17:20:52,timeslice,5,0.0,0,0,0.0
1785432052.111,17:20:52,timeslice,6,0.0,0,0,0.0
1785432052.111,17:20:52,timeslice,7,0.0,0,0,0.0
1785432053.111,17:20:53,timeslice,0,0.0,0,0,0.0
1785432053.111,17:20:53,timeslice,1,0.0,0,0,0.0
1785432053.111,17:20:53,timeslice,2,0.0,0,0,0.0
1785432053.111,17:20:53,timeslice,3,0.0,0,0,0.0
1785432053.111,17:20:53,timeslice,4,0.0,0,0,0.0
1785432053.111,17:20:53,timeslice,5,0.0,0,0,0.0
1785432053.111,17:20:53,timeslice,6,0.0,0,0,0.0
1785432053.111,17:20:53,timeslice,7,0.0,0,0,0.0
1785432054.111,17:20:54,timeslice,0,0.0,0,0,0.0
1785432054.111,17:20:54,timeslice,1,0.0,0,0,0.0
1785432054.111,17:20:54,timeslice,2,0.0,0,0,0.0
1785432054.111,17:20:54,timeslice,3,0.0,0,0,0.0
1785432054.111,17:20:54,timeslice,4,0.0,0,0,0.0
1785432054.111,17:20:54,timeslice,5,0.0,0,0,0.0
1785432054.111,17:20:54,timeslice,6,0.0,0,0,0.0
1785432054.111,17:20:54,timeslice,7,0.0,0,0,0.0
1785432055.111,17:20:55,timeslice,0,0.0,0,0,0.0
1785432055.111,17:20:55,timeslice,1,0.0,0,0,0.0
1785432055.111,17:20:55,timeslice,2,0.0,0,0,0.0
1785432055.111,17:20:55,timeslice,3,0.0,0,0,0.0
1785432055.111,17:20:55,timeslice,4,0.0,0,0,0.0
1785432055.111,17:20:55,timeslice,5,0.0,0,0,0.0
1785432055.111,17:20:55,timeslice,6,0.0,0,0,0.0
1785432055.111,17:20:55,timeslice,7,0.0,0,0,0.0
1785432056.111,17:20:56,timeslice,0,0.0,0,0,0.0
1785432056.111,17:20:56,timeslice,1,0.0,0,0,0.0
1785432056.111,17:20:56,timeslice,2,0.0,0,0,0.0
1785432056.111,17:20:56,timeslice,3,0.0,0,0,0.0
1785432056.111,17:20:56,timeslice,4,0.0,0,0,0.0
1785432056.111,17:20:56,timeslice,5,0.0,0,0,0.0
1785432056.111,17:20:56,timeslice,6,0.0,0,0,0.0
1785432056.111,17:20:56,timeslice,7,0.0,0,0,0.0
1785432057.111,17:20:57,timeslice,0,0.0,0,0,0.0
1785432057.111,17:20:57,timeslice,1,0.0,0,0,0.0
1785432057.111,17:20:57,timeslice,2,0.0,0,0,0.0
1785432057.111,17:20:57,timeslice,3,0.0,0,0,0.0
1785432057.111,17:20:57,timeslice,4,0.0,0,0,0.0
1785432057.111,17:20:57,timeslice,5,0.0,0,0,0.0
1785432057.111,17:20:57,timeslice,6,0.0,0,0,0.0
1785432057.111,17:20:57,timeslice,7,0.0,0,0,0.0
1785432058.111,17:20:58,timeslice,0,0.0,0,0,0.0
1785432058.111,17:20:58,timeslice,1,0.0,0,0,0.0
1785432058.111,17:20:58,timeslice,2,0.0,0,0,0.0
1785432058.111,17:20:58,timeslice,3,0.0,0,0,0.0
1785432058.111,17:20:58,timeslice,4,0.0,0,0,0.0
1785432058.111,17:20:58,timeslice,5,0.0,0,0,0.0
1785432058.111,17:20:58,timeslice,6,0.0,0,0,0.0
1785432058.111,17:20:58,timeslice,7,0.0,0,0,0.0
1785432059.112,17:20:59,timeslice,0,0.0,0,0,0.0
1785432059.112,17:20:59,timeslice,1,0.0,0,0,0.0
1785432059.112,17:20:59,timeslice,2,0.0,0,0,0.0
1785432059.112,17:20:59,timeslice,3,0.0,0,0,0.0
1785432059.112,17:20:59,timeslice,4,0.0,0,0,0.0
1785432059.112,17:20:59,timeslice,5,0.0,0,0,0.0
1785432059.112,17:20:59,timeslice,6,0.0,0,0,0.0
1785432059.112,17:20:59,timeslice,7,0.0,0,0,0.0
1785432060.112,17:21:00,timeslice,0,0.0,0,0,0.0
1785432060.112,17:21:00,timeslice,1,0.0,0,0,0.0
1785432060.112,17:21:00,timeslice,2,0.0,0,0,0.0
1785432060.112,17:21:00,timeslice,3,0.0,0,0,0.0
1785432060.112,17:21:00,timeslice,4,0.0,0,0,0.0
1785432060.112,17:21:00,timeslice,5,0.0,0,0,0.0
1785432060.112,17:21:00,timeslice,6,0.0,0,0,0.0
1785432060.112,17:21:00,timeslice,7,0.0,0,0,0.0
1785432061.112,17:21:01,timeslice,0,0.0,0,0,0.0
1785432061.112,17:21:01,timeslice,1,0.0,0,0,0.0
1785432061.112,17:21:01,timeslice,2,0.0,0,0,0.0
1785432061.112,17:21:01,timeslice,3,0.0,0,0,0.0
1785432061.112,17:21:01,timeslice,4,0.0,0,0,0.0
1785432061.112,17:21:01,timeslice,5,0.0,0,0,0.0
1785432061.112,17:21:01,timeslice,6,0.0,0,0,0.0
1785432061.112,17:21:01,timeslice,7,0.0,0,0,0.0
1785432062.112,17:21:02,timeslice,0,0.0,0,0,0.0
1785432062.112,17:21:02,timeslice,1,0.0,0,0,0.0
1785432062.112,17:21:02,timeslice,2,0.0,0,0,0.0
1785432062.112,17:21:02,timeslice,3,0.0,0,0,0.0
1785432062.112,17:21:02,timeslice,4,0.0,0,0,0.0
1785432062.112,17:21:02,timeslice,5,0.0,0,0,0.0
1785432062.112,17:21:02,timeslice,6,0.0,0,0,0.0
1785432062.112,17:21:02,timeslice,7,0.0,0,0,0.0
1785432063.112,17:21:03,timeslice,0,0.0,0,0,0.0
1785432063.112,17:21:03,timeslice,1,0.0,0,0,0.0
1785432063.112,17:21:03,timeslice,2,0.0,0,0,0.0
1785432063.112,17:21:03,timeslice,3,0.0,0,0,0.0
1785432063.112,17:21:03,timeslice,4,0.0,0,0,0.0
1785432063.112,17:21:03,timeslice,5,0.0,0,0,0.0
1785432063.112,17:21:03,timeslice,6,0.0,0,0,0.0
1785432063.112,17:21:03,timeslice,7,0.0,0,0,0.0
1785432064.112,17:21:04,timeslice,0,0.0,0,0,0.0
1785432064.112,17:21:04,timeslice,1,0.0,0,0,0.0
1785432064.112,17:21:04,timeslice,2,0.0,0,0,0.0
1785432064.112,17:21:04,timeslice,3,0.0,0,0,0.0
1785432064.112,17:21:04,timeslice,4,0.0,0,0,0.0
1785432064.112,17:21:04,timeslice,5,0.0,0,0,0.0
1785432064.112,17:21:04,timeslice,6,0.0,0,0,0.0
1785432064.112,17:21:04,timeslice,7,0.0,0,0,0.0
1785432065.112,17:21:05,timeslice,0,0.0,0,0,0.0
1785432065.112,17:21:05,timeslice,1,0.0,0,0,0.0
1785432065.112,17:21:05,timeslice,2,0.0,0,0,0.0
1785432065.112,17:21:05,timeslice,3,0.0,0,0,0.0
1785432065.112,17:21:05,timeslice,4,0.0,0,0,0.0
1785432065.112,17:21:05,timeslice,5,0.0,0,0,0.0
1785432065.112,17:21:05,timeslice,6,0.0,0,0,0.0
1785432065.112,17:21:05,timeslice,7,0.0,0,0,0.0
1785432066.112,17:21:06,timeslice,0,0.0,0,0,0.0
1785432066.112,17:21:06,timeslice,1,0.0,0,0,0.0
1785432066.112,17:21:06,timeslice,2,0.0,0,0,0.0
1785432066.112,17:21:06,timeslice,3,0.0,0,0,0.0
1785432066.112,17:21:06,timeslice,4,0.0,0,0,0.0
1785432066.112,17:21:06,timeslice,5,0.0,0,0,0.0
1785432066.112,17:21:06,timeslice,6,0.0,0,0,0.0
1785432066.112,17:21:06,timeslice,7,0.0,0,0,0.0
1785432067.112,17:21:07,timeslice,0,0.0,0,0,0.0
1785432067.112,17:21:07,timeslice,1,0.0,0,0,0.0
1785432067.112,17:21:07,timeslice,2,0.0,0,0,0.0
1785432067.112,17:21:07,timeslice,3,0.0,0,0,0.0
1785432067.112,17:21:07,timeslice,4,0.0,0,0,0.0
1785432067.112,17:21:07,timeslice,5,0.0,0,0,0.0
1785432067.112,17:21:07,timeslice,6,0.0,0,0,0.0
1785432067.112,17:21:07,timeslice,7,0.0,0,0,0.0
1785432068.113,17:21:08,timeslice,0,0.0,0,0,0.0
1785432068.113,17:21:08,timeslice,1,0.0,0,0,0.0
1785432068.113,17:21:08,timeslice,2,0.0,0,0,0.0
1785432068.113,17:21:08,timeslice,3,0.0,0,0,0.0
1785432068.113,17:21:08,timeslice,4,0.0,0,0,0.0
1785432068.113,17:21:08,timeslice,5,0.0,0,0,0.0
1785432068.113,17:21:08,timeslice,6,0.0,0,0,0.0
1785432068.113,17:21:08,timeslice,7,0.0,0,0,0.0
1785432069.113,17:21:09,timeslice,0,0.0,0,0,0.0
1785432069.113,17:21:09,timeslice,1,0.0,0,0,0.0
1785432069.113,17:21:09,timeslice,2,0.0,0,0,0.0
1785432069.113,17:21:09,timeslice,3,0.0,0,0,0.0
1785432069.113,17:21:09,timeslice,4,0.0,0,0,0.0
1785432069.113,17:21:09,timeslice,5,0.0,0,0,0.0
1785432069.113,17:21:09,timeslice,6,0.0,0,0,0.0
1785432069.113,17:21:09,timeslice,7,0.0,0,0,0.0
1785432070.113,17:21:10,timeslice,0,0.0,0,0,0.0
1785432070.113,17:21:10,timeslice,1,0.0,0,0,0.0
1785432070.113,17:21:10,timeslice,2,0.0,0,0,0.0
1785432070.113,17:21:10,timeslice,3,0.0,0,0,0.0
1785432070.113,17:21:10,timeslice,4,0.0,0,0,0.0
1785432070.113,17:21:10,timeslice,5,0.0,0,0,0.0
1785432070.113,17:21:10,timeslice,6,0.0,0,0,0.0
1785432070.113,17:21:10,timeslice,7,0.0,0,0,0.0
1785432071.113,17:21:11,timeslice,0,0.0,0,0,0.0
1785432071.113,17:21:11,timeslice,1,0.0,0,0,0.0
1785432071.113,17:21:11,timeslice,2,0.0,0,0,0.0
1785432071.113,17:21:11,timeslice,3,0.0,0,0,0.0
1785432071.113,17:21:11,timeslice,4,0.0,0,0,0.0
1785432071.113,17:21:11,timeslice,5,0.0,0,0,0.0
1785432071.113,17:21:11,timeslice,6,0.0,0,0,0.0
1785432071.113,17:21:11,timeslice,7,0.0,0,0,0.0
1785432072.113,17:21:12,timeslice,0,0.0,0,0,0.0
1785432072.113,17:21:12,timeslice,1,0.0,0,0,0.0
1785432072.113,17:21:12,timeslice,2,0.0,0,0,0.0
1785432072.113,17:21:12,timeslice,3,0.0,0,0,0.0
1785432072.113,17:21:12,timeslice,4,0.0,0,0,0.0
1785432072.113,17:21:12,timeslice,5,0.0,0,0,0.0
1785432072.113,17:21:12,timeslice,6,0.0,0,0,0.0
1785432072.113,17:21:12,timeslice,7,0.0,0,0,0.0
1785432073.113,17:21:13,timeslice,0,0.0,0,0,0.0
1785432073.113,17:21:13,timeslice,1,0.0,0,0,0.0
1785432073.113,17:21:13,timeslice,2,0.0,0,0,0.0
1785432073.113,17:21:13,timeslice,3,0.0,0,0,0.0
1785432073.113,17:21:13,timeslice,4,0.0,0,0,0.0
1785432073.113,17:21:13,timeslice,5,0.0,0,0,0.0
1785432073.113,17:21:13,timeslice,6,0.0,0,0,0.0
1785432073.113,17:21:13,timeslice,7,0.0,0,0,0.0
1785432074.113,17:21:14,timeslice,0,0.0,0,0,0.0
1785432074.113,17:21:14,timeslice,1,0.0,0,0,0.0
1785432074.113,17:21:14,timeslice,2,0.0,0,0,0.0
1785432074.113,17:21:14,timeslice,3,0.0,0,0,0.0
1785432074.113,17:21:14,timeslice,4,0.0,0,0,0.0
1785432074.113,17:21:14,timeslice,5,0.0,0,0,0.0
1785432074.113,17:21:14,timeslice,6,0.0,0,0,0.0
1785432074.113,17:21:14,timeslice,7,0.0,0,0,0.0
1785432075.113,17:21:15,timeslice,0,0.0,0,0,0.0
1785432075.113,17:21:15,timeslice,1,0.0,0,0,0.0
1785432075.113,17:21:15,timeslice,2,0.0,0,0,0.0
1785432075.113,17:21:15,timeslice,3,0.0,0,0,0.0
1785432075.113,17:21:15,timeslice,4,0.0,0,0,0.0
1785432075.113,17:21:15,timeslice,5,0.0,0,0,0.0
1785432075.113,17:21:15,timeslice,6,0.0,0,0,0.0
1785432075.113,17:21:15,timeslice,7,0.0,0,0,0.0
1785432076.114,17:21:16,timeslice,0,0.0,0,0,0.0
1785432076.114,17:21:16,timeslice,1,0.0,0,0,0.0
1785432076.114,17:21:16,timeslice,2,0.0,0,0,0.0
1785432076.114,17:21:16,timeslice,3,0.0,0,0,0.0
1785432076.114,17:21:16,timeslice,4,0.0,0,0,0.0
1785432076.114,17:21:16,timeslice,5,0.0,0,0,0.0
1785432076.114,17:21:16,timeslice,6,0.0,0,0,0.0
1785432076.114,17:21:16,timeslice,7,0.0,0,0,0.0
1785432077.114,17:21:17,timeslice,0,0.0,0,0,0.0
1785432077.114,17:21:17,timeslice,1,0.0,0,0,0.0
1785432077.114,17:21:17,timeslice,2,0.0,0,0,0.0
1785432077.114,17:21:17,timeslice,3,0.0,0,0,0.0
1785432077.114,17:21:17,timeslice,4,0.0,0,0,0.0
1785432077.114,17:21:17,timeslice,5,0.0,0,0,0.0
1785432077.114,17:21:17,timeslice,6,0.0,0,0,0.0
1785432077.114,17:21:17,timeslice,7,0.0,0,0,0.0
1785432078.114,17:21:18,timeslice,0,0.0,0,0,0.0
1785432078.114,17:21:18,timeslice,1,0.0,0,0,0.0
1785432078.114,17:21:18,timeslice,2,0.0,0,0,0.0
1785432078.114,17:21:18,timeslice,3,0.0,0,0,0.0
1785432078.114,17:21:18,timeslice,4,0.0,0,0,0.0
1785432078.114,17:21:18,timeslice,5,0.0,0,0,0.0
1785432078.114,17:21:18,timeslice,6,0.0,0,0,0.0
1785432078.114,17:21:18,timeslice,7,0.0,0,0,0.0
1785432079.114,17:21:19,timeslice,0,0.0,0,0,0.0
1785432079.114,17:21:19,timeslice,1,0.0,0,0,0.0
1785432079.114,17:21:19,timeslice,2,0.0,0,0,0.0
1785432079.114,17:21:19,timeslice,3,0.0,0,0,0.0
1785432079.114,17:21:19,timeslice,4,0.0,0,0,0.0
1785432079.114,17:21:19,timeslice,5,0.0,0,0,0.0
1785432079.114,17:21:19,timeslice,6,0.0,0,0,0.0
1785432079.114,17:21:19,timeslice,7,0.0,0,0,0.0
1785432080.114,17:21:20,timeslice,0,0.0,0,0,0.0
1785432080.114,17:21:20,timeslice,1,0.0,0,0,0.0
1785432080.114,17:21:20,timeslice,2,0.0,0,0,0.0
1785432080.114,17:21:20,timeslice,3,0.0,0,0,0.0
1785432080.114,17:21:20,timeslice,4,0.0,0,0,0.0
1785432080.114,17:21:20,timeslice,5,0.0,0,0,0.0
1785432080.114,17:21:20,timeslice,6,0.0,0,0,0.0
1785432080.114,17:21:20,timeslice,7,0.0,0,0,0.0
1785432081.114,17:21:21,timeslice,0,0.0,0,0,0.0
1785432081.114,17:21:21,timeslice,1,0.0,0,0,0.0
1785432081.114,17:21:21,timeslice,2,0.0,0,0,0.0
1785432081.114,17:21:21,timeslice,3,0.0,0,0,0.0
1785432081.114,17:21:21,timeslice,4,0.0,0,0,0.0
1785432081.114,17:21:21,timeslice,5,0.0,0,0,0.0
1785432081.114,17:21:21,timeslice,6,0.0,0,0,0.0
1785432081.114,17:21:21,timeslice,7,0.0,0,0,0.0
1785432082.114,17:21:22,timeslice,0,0.0,0,0,0.0
1785432082.114,17:21:22,timeslice,1,0.0,0,0,0.0
1785432082.114,17:21:22,timeslice,2,0.0,0,0,0.0
1785432082.114,17:21:22,timeslice,3,0.0,0,0,0.0
1785432082.114,17:21:22,timeslice,4,0.0,0,0,0.0
1785432082.114,17:21:22,timeslice,5,0.0,0,0,0.0
1785432082.114,17:21:22,timeslice,6,0.0,0,0,0.0
1785432082.114,17:21:22,timeslice,7,0.0,0,0,0.0
1785432083.115,17:21:23,timeslice,0,0.0,0,0,0.0
1785432083.115,17:21:23,timeslice,1,0.0,0,0,0.0
1785432083.115,17:21:23,timeslice,2,0.0,0,0,0.0
1785432083.115,17:21:23,timeslice,3,0.0,0,0,0.0
1785432083.115,17:21:23,timeslice,4,0.0,0,0,0.0
1785432083.115,17:21:23,timeslice,5,0.0,0,0,0.0
1785432083.115,17:21:23,timeslice,6,0.0,0,0,0.0
1785432083.115,17:21:23,timeslice,7,0.0,0,0,0.0
1785432084.115,17:21:24,timeslice,0,0.0,0,0,0.0
1785432084.115,17:21:24,timeslice,1,0.0,0,0,0.0
1785432084.115,17:21:24,timeslice,2,0.0,0,0,0.0
1785432084.115,17:21:24,timeslice,3,0.0,0,0,0.0
1785432084.115,17:21:24,timeslice,4,0.0,0,0,0.0
1785432084.115,17:21:24,timeslice,5,0.0,0,0,0.0
1785432084.115,17:21:24,timeslice,6,0.0,0,0,0.0
1785432084.115,17:21:24,timeslice,7,0.0,0,0,0.0
1785432085.115,17:21:25,timeslice,0,0.0,0,0,0.0
1785432085.115,17:21:25,timeslice,1,0.0,0,0,0.0
1785432085.115,17:21:25,timeslice,2,0.0,0,0,0.0
1785432085.115,17:21:25,timeslice,3,0.0,0,0,0.0
1785432085.115,17:21:25,timeslice,4,0.0,0,0,0.0
1785432085.115,17:21:25,timeslice,5,0.0,0,0,0.0
1785432085.115,17:21:25,timeslice,6,0.0,0,0,0.0
1785432085.115,17:21:25,timeslice,7,0.0,0,0,0.0
1785432086.115,17:21:26,timeslice,0,0.0,0,0,0.0
1785432086.115,17:21:26,timeslice,1,0.0,0,0,0.0
1785432086.115,17:21:26,timeslice,2,0.0,0,0,0.0
1785432086.115,17:21:26,timeslice,3,0.0,0,0,0.0
1785432086.115,17:21:26,timeslice,4,0.0,0,0,0.0
1785432086.115,17:21:26,timeslice,5,0.0,0,0,0.0
1785432086.115,17:21:26,timeslice,6,0.0,0,0,0.0
1785432086.115,17:21:26,timeslice,7,0.0,0,0,0.0
1785432087.115,17:21:27,timeslice,0,0.0,0,0,0.0
1785432087.115,17:21:27,timeslice,1,0.0,0,0,0.0
1785432087.115,17:21:27,timeslice,2,0.0,0,0,0.0
1785432087.115,17:21:27,timeslice,3,0.0,0,0,0.0
1785432087.115,17:21:27,timeslice,4,0.0,0,0,0.0
1785432087.115,17:21:27,timeslice,5,0.0,0,0,0.0
1785432087.115,17:21:27,timeslice,6,0.0,0,0,0.0
1785432087.115,17:21:27,timeslice,7,0.0,0,0,0.0
1785432088.115,17:21:28,timeslice,0,0.0,0,0,0.0
1785432088.115,17:21:28,timeslice,1,0.0,0,0,0.0
1785432088.115,17:21:28,timeslice,2,0.0,0,0,0.0
1785432088.115,17:21:28,timeslice,3,0.0,0,0,0.0
1785432088.115,17:21:28,timeslice,4,0.0,0,0,0.0
1785432088.115,17:21:28,timeslice,5,0.0,0,0,0.0
1785432088.115,17:21:28,timeslice,6,0.0,0,0,0.0
1785432088.115,17:21:28,timeslice,7,0.0,0,0,0.0
1785432089.115,17:21:29,timeslice,0,0.0,0,0,0.0
1785432089.115,17:21:29,timeslice,1,0.0,0,0,0.0
1785432089.115,17:21:29,timeslice,2,0.0,0,0,0.0
1785432089.115,17:21:29,timeslice,3,0.0,0,0,0.0
1785432089.115,17:21:29,timeslice,4,0.0,0,0,0.0
1785432089.115,17:21:29,timeslice,5,0.0,0,0,0.0
1785432089.115,17:21:29,timeslice,6,0.0,0,0,0.0
1785432089.115,17:21:29,timeslice,7,0.0,0,0,0.0
1785432090.13,17:21:30,timeslice,0,0.0,0,0,0.0
1785432090.13,17:21:30,timeslice,1,0.0,0,0,0.0
1785432090.13,17:21:30,timeslice,2,0.0,0,0,0.0
1785432090.13,17:21:30,timeslice,3,0.0,0,0,0.0
1785432090.13,17:21:30,timeslice,4,0.0,0,0,0.0
1785432090.13,17:21:30,timeslice,5,0.0,0,0,0.0
1785432090.13,17:21:30,timeslice,6,0.0,0,0,0.0
1785432090.13,17:21:30,timeslice,7,0.0,0,0,0.0
1785432091.13,17:21:31,timeslice,0,0.0,0,0,0.0
1785432091.13,17:21:31,timeslice,1,0.0,0,0,0.0
1785432091.13,17:21:31,timeslice,2,0.0,0,0,0.0
1785432091.13,17:21:31,timeslice,3,0.0,0,0,0.0
1785432091.13,17:21:31,timeslice,4,0.0,0,0,0.0
1785432091.13,17:21:31,timeslice,5,0.0,0,0,0.0
1785432091.13,17:21:31,timeslice,6,0.0,0,0,0.0
1785432091.13,17:21:31,timeslice,7,0.0,0,0,0.0
1785432092.13,17:21:32,timeslice,0,0.0,0,0,0.0
1785432092.13,17:21:32,timeslice,1,0.0,0,0,0.0
1785432092.13,17:21:32,timeslice,2,0.0,0,0,0.0
1785432092.13,17:21:32,timeslice,3,0.0,0,0,0.0
1785432092.13,17:21:32,timeslice,4,0.0,0,0,0.0
1785432092.13,17:21:32,timeslice,5,0.0,0,0,0.0
1785432092.13,17:21:32,timeslice,6,0.0,0,0,0.0
1785432092.13,17:21:32,timeslice,7,0.0,0,0,0.0
1785432093.13,17:21:33,timeslice,0,0.0,0,0,0.0
1785432093.13,17:21:33,timeslice,1,0.0,0,0,0.0
1785432093.13,17:21:33,timeslice,2,0.0,0,0,0.0
1785432093.13,17:21:33,timeslice,3,0.0,0,0,0.0
1785432093.13,17:21:33,timeslice,4,0.0,0,0,0.0
1785432093.13,17:21:33,timeslice,5,0.0,0,0,0.0
1785432093.13,17:21:33,timeslice,6,0.0,0,0,0.0
1785432093.13,17:21:33,timeslice,7,0.0,0,0,0.0
1785432094.13,17:21:34,timeslice,0,0.0,0,0,0.0
1785432094.13,17:21:34,timeslice,1,0.0,0,0,0.0
1785432094.13,17:21:34,timeslice,2,0.0,0,0,0.0
1785432094.13,17:21:34,timeslice,3,0.0,0,0,0.0
1785432094.13,17:21:34,timeslice,4,0.0,0,0,0.0
1785432094.13,17:21:34,timeslice,5,0.0,0,0,0.0
1785432094.13,17:21:34,timeslice,6,0.0,0,0,0.0
1785432094.13,17:21:34,timeslice,7,0.0,0,0,0.0
1785432095.13,17:21:35,timeslice,0,0.0,0,0,0.0
1785432095.13,17:21:35,timeslice,1,0.0,0,0,0.0
1785432095.13,17:21:35,timeslice,2,0.0,0,0,0.0
1785432095.13,17:21:35,timeslice,3,0.0,0,0,0.0
1785432095.13,17:21:35,timeslice,4,0.0,0,0,0.0
1785432095.13,17:21:35,timeslice,5,0.0,0,0,0.0
1785432095.13,17:21:35,timeslice,6,0.0,0,0,0.0
1785432095.13,17:21:35,timeslice,7,0.0,0,0,0.0
1785432096.13,17:21:36,timeslice,0,0.0,0,0,0.0
1785432096.13,17:21:36,timeslice,1,0.0,0,0,0.0
1785432096.13,17:21:36,timeslice,2,0.0,0,0,0.0
1785432096.13,17:21:36,timeslice,3,0.0,0,0,0.0
1785432096.13,17:21:36,timeslice,4,0.0,0,0,0.0
1785432096.13,17:21:36,timeslice,5,0.0,0,0,0.0
1785432096.13,17:21:36,timeslice,6,0.0,0,0,0.0
1785432096.13,17:21:36,timeslice,7,0.0,0,0,0.0
1785432097.131,17:21:37,timeslice,0,0.0,0,0,0.0
1785432097.131,17:21:37,timeslice,1,0.0,0,0,0.0
1785432097.131,17:21:37,timeslice,2,0.0,0,0,0.0
1785432097.131,17:21:37,timeslice,3,0.0,0,0,0.0
1785432097.131,17:21:37,timeslice,4,0.0,0,0,0.0
1785432097.131,17:21:37,timeslice,5,0.0,0,0,0.0
1785432097.131,17:21:37,timeslice,6,0.0,0,0,0.0
1785432097.131,17:21:37,timeslice,7,0.0,0,0,0.0
1785432098.131,17:21:38,timeslice,0,0.0,0,0,0.0
1785432098.131,17:21:38,timeslice,1,0.0,0,0,0.0
1785432098.131,17:21:38,timeslice,2,0.0,0,0,0.0
1785432098.131,17:21:38,timeslice,3,0.0,0,0,0.0
1785432098.131,17:21:38,timeslice,4,0.0,0,0,0.0
1785432098.131,17:21:38,timeslice,5,0.0,0,0,0.0
1785432098.131,17:21:38,timeslice,6,0.0,0,0,0.0
1785432098.131,17:21:38,timeslice,7,0.0,0,0,0.0
1785432099.131,17:21:39,timeslice,0,0.0,0,0,0.0
1785432099.131,17:21:39,timeslice,1,0.0,0,0,0.0
1785432099.131,17:21:39,timeslice,2,0.0,0,0,0.0
1785432099.131,17:21:39,timeslice,3,0.0,0,0,0.0
1785432099.131,17:21:39,timeslice,4,0.0,0,0,0.0
1785432099.131,17:21:39,timeslice,5,0.0,0,0,0.0
1785432099.131,17:21:39,timeslice,6,0.0,0,0,0.0
1785432099.131,17:21:39,timeslice,7,0.0,0,0,0.0
1785432100.131,17:21:40,timeslice,0,0.0,0,0,0.0
1785432100.131,17:21:40,timeslice,1,0.0,0,0,0.0
1785432100.131,17:21:40,timeslice,2,0.0,0,0,0.0
1785432100.131,17:21:40,timeslice,3,0.0,0,0,0.0
1785432100.131,17:21:40,timeslice,4,0.0,0,0,0.0
1785432100.131,17:21:40,timeslice,5,0.0,0,0,0.0
1785432100.131,17:21:40,timeslice,6,0.0,0,0,0.0
1785432100.131,17:21:40,timeslice,7,0.0,0,0,0.0
1785432101.131,17:21:41,timeslice,0,0.0,0,0,0.0
1785432101.131,17:21:41,timeslice,1,0.0,0,0,0.0
1785432101.131,17:21:41,timeslice,2,0.0,0,0,0.0
1785432101.131,17:21:41,timeslice,3,0.0,0,0,0.0
1785432101.131,17:21:41,timeslice,4,0.0,0,0,0.0
1785432101.131,17:21:41,timeslice,5,0.0,0,0,0.0
1785432101.131,17:21:41,timeslice,6,0.0,0,0,0.0
1785432101.131,17:21:41,timeslice,7,0.0,0,0,0.0
1785432102.131,17:21:42,timeslice,0,0.0,0,0,0.0
1785432102.131,17:21:42,timeslice,1,0.0,0,0,0.0
1785432102.131,17:21:42,timeslice,2,0.0,0,0,0.0
1785432102.131,17:21:42,timeslice,3,0.0,0,0,0.0
1785432102.131,17:21:42,timeslice,4,0.0,0,0,0.0
1785432102.131,17:21:42,timeslice,5,0.0,0,0,0.0
1785432102.131,17:21:42,timeslice,6,0.0,0,0,0.0
1785432102.131,17:21:42,timeslice,7,0.0,0,0,0.0
1785432103.131,17:21:43,timeslice,0,0.0,0,0,0.0
1785432103.131,17:21:43,timeslice,1,0.0,0,0,0.0
1785432103.131,17:21:43,timeslice,2,0.0,0,0,0.0
1785432103.131,17:21:43,timeslice,3,0.0,0,0,0.0
1785432103.131,17:21:43,timeslice,4,0.0,0,0,0.0
1785432103.131,17:21:43,timeslice,5,0.0,0,0,0.0
1785432103.131,17:21:43,timeslice,6,0.0,0,0,0.0
1785432103.131,17:21:43,timeslice,7,0.0,0,0,0.0
1785432104.131,17:21:44,timeslice,0,0.0,0,0,0.0
1785432104.131,17:21:44,timeslice,1,0.0,0,0,0.0
1785432104.131,17:21:44,timeslice,2,0.0,0,0,0.0
1785432104.131,17:21:44,timeslice,3,0.0,0,0,0.0
1785432104.131,17:21:44,timeslice,4,0.0,0,0,0.0
1785432104.131,17:21:44,timeslice,5,0.0,0,0,0.0
1785432104.131,17:21:44,timeslice,6,0.0,0,0,0.0
1785432104.131,17:21:44,timeslice,7,0.0,0,0,0.0
1785432105.132,17:21:45,timeslice,0,0.0,0,0,0.0
1785432105.132,17:21:45,timeslice,1,0.0,0,0,0.0
1785432105.132,17:21:45,timeslice,2,0.0,0,0,0.0
1785432105.132,17:21:45,timeslice,3,0.0,0,0,0.0
1785432105.132,17:21:45,timeslice,4,0.0,0,0,0.0
1785432105.132,17:21:45,timeslice,5,0.0,0,0,0.0
1785432105.132,17:21:45,timeslice,6,0.0,0,0,0.0
1785432105.132,17:21:45,timeslice,7,0.0,0,0,0.0
1785432106.132,17:21:46,timeslice,0,0.0,0,0,0.0
1785432106.132,17:21:46,timeslice,1,0.0,0,0,0.0
1785432106.132,17:21:46,timeslice,2,0.0,0,0,0.0
1785432106.132,17:21:46,timeslice,3,0.0,0,0,0.0
1785432106.132,17:21:46,timeslice,4,0.0,0,0,0.0
1785432106.132,17:21:46,timeslice,5,0.0,0,0,0.0
1785432106.132,17:21:46,timeslice,6,0.0,0,0,0.0
1785432106.132,17:21:46,timeslice,7,0.0,0,0,0.0
1785432107.132,17:21:47,timeslice,0,0.0,0,0,0.0
1785432107.132,17:21:47,timeslice,1,0.0,0,0,0.0
1785432107.132,17:21:47,timeslice,2,0.0,0,0,0.0
1785432107.132,17:21:47,timeslice,3,0.0,0,0,0.0
1785432107.132,17:21:47,timeslice,4,0.0,0,0,0.0
1785432107.132,17:21:47,timeslice,5,0.0,0,0,0.0
1785432107.132,17:21:47,timeslice,6,0.0,0,0,0.0
1785432107.132,17:21:47,timeslice,7,0.0,0,0,0.0
1785432108.132,17:21:48,timeslice,0,0.0,0,0,0.0
1785432108.132,17:21:48,timeslice,1,0.0,0,0,0.0
1785432108.132,17:21:48,timeslice,2,0.0,0,0,0.0
1785432108.132,17:21:48,timeslice,3,0.0,0,0,0.0
1785432108.132,17:21:48,timeslice,4,0.0,0,0,0.0
1785432108.132,17:21:48,timeslice,5,0.0,0,0,0.0
1785432108.132,17:21:48,timeslice,6,0.0,0,0,0.0
1785432108.132,17:21:48,timeslice,7,0.0,0,0,0.0
1785432109.132,17:21:49,timeslice,0,0.0,0,0,0.0
1785432109.132,17:21:49,timeslice,1,0.0,0,0,0.0
1785432109.132,17:21:49,timeslice,2,0.0,0,0,0.0
1785432109.132,17:21:49,timeslice,3,0.0,0,0,0.0
1785432109.132,17:21:49,timeslice,4,0.0,0,0,0.0
1785432109.132,17:21:49,timeslice,5,0.0,0,0,0.0
1785432109.132,17:21:49,timeslice,6,0.0,0,0,0.0
1785432109.132,17:21:49,timeslice,7,0.0,0,0,0.0
1785432110.132,17:21:50,timeslice,0,0.0,0,0,0.0
1785432110.132,17:21:50,timeslice,1,0.0,0,0,0.0
1785432110.132,17:21:50,timeslice,2,0.0,0,0,0.0
1785432110.132,17:21:50,timeslice,3,0.0,0,0,0.0
1785432110.132,17:21:50,timeslice,4,0.0,0,0,0.0
1785432110.132,17:21:50,timeslice,5,0.0,0,0,0.0
1785432110.132,17:21:50,timeslice,6,0.0,0,0,0.0
1785432110.132,17:21:50,timeslice,7,0.0,0,0,0.0
1785432111.132,17:21:51,timeslice,0,0.0,0,0,0.0
1785432111.132,17:21:51,timeslice,1,0.0,0,0,0.0
1785432111.132,17:21:51,timeslice,2,0.0,0,0,0.0
1785432111.132,17:21:51,timeslice,3,0.0,0,0,0.0
1785432111.132,17:21:51,timeslice,4,0.0,0,0,0.0
1785432111.132,17:21:51,timeslice,5,0.0,0,0,0.0
1785432111.132,17:21:51,timeslice,6,0.0,0,0,0.0
1785432111.132,17:21:51,timeslice,7,0.0,0,0,0.0
1785432112.132,17:21:52,timeslice,0,0.0,0,0,0.0
1785432112.132,17:21:52,timeslice,1,0.0,0,0,0.0
1785432112.132,17:21:52,timeslice,2,0.0,0,0,0.0
1785432112.132,17:21:52,timeslice,3,0.0,0,0,0.0
1785432112.132,17:21:52,timeslice,4,0.0,0,0,0.0
1785432112.132,17:21:52,timeslice,5,0.0,0,0,0.0
1785432112.132,17:21:52,timeslice,6,0.0,0,0,0.0
1785432112.132,17:21:52,timeslice,7,0.0,0,0,0.0
1785432113.133,17:21:53,timeslice,0,0.0,0,0,0.0
1785432113.133,17:21:53,timeslice,1,0.0,0,0,0.0
1785432113.133,17:21:53,timeslice,2,0.0,0,0,0.0
1785432113.133,17:21:53,timeslice,3,0.0,0,0,0.0
1785432113.133,17:21:53,timeslice,4,0.0,0,0,0.0
1785432113.133,17:21:53,timeslice,5,0.0,0,0,0.0
1785432113.133,17:21:53,timeslice,6,0.0,0,0,0.0
1785432113.133,17:21:53,timeslice,7,0.0,0,0,0.0
1785432114.133,17:21:54,timeslice,0,0.0,0,0,0.0
1785432114.133,17:21:54,timeslice,1,0.0,0,0,0.0
1785432114.133,17:21:54,timeslice,2,0.0,0,0,0.0
1785432114.133,17:21:54,timeslice,3,0.0,0,0,0.0
1785432114.133,17:21:54,timeslice,4,0.0,0,0,0.0
1785432114.133,17:21:54,timeslice,5,0.0,0,0,0.0
1785432114.133,17:21:54,timeslice,6,0.0,0,0,0.0
1785432114.133,17:21:54,timeslice,7,0.0,0,0,0.0
1785432115.133,17:21:55,timeslice,0,0.0,0,0,0.0
1785432115.133,17:21:55,timeslice,1,0.0,0,0,0.0
1785432115.133,17:21:55,timeslice,2,0.0,0,0,0.0
1785432115.133,17:21:55,timeslice,3,0.0,0,0,0.0
1785432115.133,17:21:55,timeslice,4,0.0,0,0,0.0
1785432115.133,17:21:55,timeslice,5,0.0,0,0,0.0
1785432115.133,17:21:55,timeslice,6,0.0,0,0,0.0
1785432115.133,17:21:55,timeslice,7,0.0,0,0,0.0
1785432116.133,17:21:56,timeslice,0,0.0,0,0,0.0
1785432116.133,17:21:56,timeslice,1,0.0,0,0,0.0
1785432116.133,17:21:56,timeslice,2,0.0,0,0,0.0
1785432116.133,17:21:56,timeslice,3,0.0,0,0,0.0
1785432116.133,17:21:56,timeslice,4,0.0,0,0,0.0
1785432116.133,17:21:56,timeslice,5,0.0,0,0,0.0
1785432116.133,17:21:56,timeslice,6,0.0,0,0,0.0
1785432116.133,17:21:56,timeslice,7,0.0,0,0,0.0
1785432117.133,17:21:57,timeslice,0,0.0,0,0,0.0
1785432117.133,17:21:57,timeslice,1,0.0,0,0,0.0
1785432117.133,17:21:57,timeslice,2,0.0,0,0,0.0
1785432117.133,17:21:57,timeslice,3,0.0,0,0,0.0
1785432117.133,17:21:57,timeslice,4,0.0,0,0,0.0
1785432117.133,17:21:57,timeslice,5,0.0,0,0,0.0
1785432117.133,17:21:57,timeslice,6,0.0,0,0,0.0
1785432117.133,17:21:57,timeslice,7,0.0,0,0,0.0
1785432118.133,17:21:58,timeslice,0,0.0,0,0,0.0
1785432118.133,17:21:58,timeslice,1,0.0,0,0,0.0
1785432118.133,17:21:58,timeslice,2,0.0,0,0,0.0
1785432118.133,17:21:58,timeslice,3,0.0,0,0,0.0
1785432118.133,17:21:58,timeslice,4,0.0,0,0,0.0
1785432118.133,17:21:58,timeslice,5,0.0,0,0,0.0
1785432118.133,17:21:58,timeslice,6,0.0,0,0,0.0
1785432118.133,17:21:58,timeslice,7,0.0,0,0,0.0
1785432119.133,17:21:59,timeslice,0,0.0,0,0,0.0
1785432119.133,17:21:59,timeslice,1,0.0,0,0,0.0
1785432119.133,17:21:59,timeslice,2,0.0,0,0,0.0
1785432119.133,17:21:59,timeslice,3,0.0,0,0,0.0
1785432119.133,17:21:59,timeslice,4,0.0,0,0,0.0
1785432119.133,17:21:59,timeslice,5,0.0,0,0,0.0
1785432119.133,17:21:59,timeslice,6,0.0,0,0,0.0
1785432119.133,17:21:59,timeslice,7,0.0,0,0,0.0
1785432120.133,17:22:00,timeslice,0,0.0,0,0,0.0
1785432120.133,17:22:00,timeslice,1,0.0,0,0,0.0
1785432120.133,17:22:00,timeslice,2,0.0,0,0,0.0
1785432120.133,17:22:00,timeslice,3,0.0,0,0,0.0
1785432120.133,17:22:00,timeslice,4,0.0,0,0,0.0
1785432120.133,17:22:00,timeslice,5,0.0,0,0,0.0
1785432120.133,17:22:00,timeslice,6,0.0,0,0,0.0
1785432120.133,17:22:00,timeslice,7,0.0,0,0,0.0
1785432121.134,17:22:01,timeslice,0,0.0,0,0,0.0
1785432121.134,17:22:01,timeslice,1,0.0,0,0,0.0
1785432121.134,17:22:01,timeslice,2,0.0,0,0,0.0
1785432121.134,17:22:01,timeslice,3,0.0,0,0,0.0
1785432121.134,17:22:01,timeslice,4,0.0,0,0,0.0
1785432121.134,17:22:01,timeslice,5,0.0,0,0,0.0
1785432121.134,17:22:01,timeslice,6,0.0,0,0,0.0
1785432121.134,17:22:01,timeslice,7,0.0,0,0,0.0
1785432122.134,17:22:02,timeslice,0,0.0,0,0,0.0
1785432122.134,17:22:02,timeslice,1,0.0,0,0,0.0
1785432122.134,17:22:02,timeslice,2,0.0,0,0,0.0
1785432122.134,17:22:02,timeslice,3,0.0,0,0,0.0
1785432122.134,17:22:02,timeslice,4,0.0,0,0,0.0
1785432122.134,17:22:02,timeslice,5,0.0,0,0,0.0
1785432122.134,17:22:02,timeslice,6,0.0,0,0,0.0
1785432122.134,17:22:02,timeslice,7,0.0,0,0,0.0
1785432123.194,17:22:03,timeslice,0,0.0,0,0,0.0
1785432123.194,17:22:03,timeslice,1,0.0,0,0,0.0
1785432123.194,17:22:03,timeslice,2,0.0,0,0,0.0
1785432123.194,17:22:03,timeslice,3,0.0,0,0,0.0
1785432123.194,17:22:03,timeslice,4,0.0,0,0,0.0
1785432123.194,17:22:03,timeslice,5,0.0,0,0,0.0
1785432123.194,17:22:03,timeslice,6,0.0,0,0,0.0
1785432123.194,17:22:03,timeslice,7,0.0,0,0,0.0
1785432124.194,17:22:04,timeslice,0,0.0,0,0,0.0
1785432124.194,17:22:04,timeslice,1,0.0,0,0,0.0
1785432124.194,17:22:04,timeslice,2,0.0,0,0,0.0
1785432124.194,17:22:04,timeslice,3,0.0,0,0,0.0
1785432124.194,17:22:04,timeslice,4,0.0,0,0,0.0
1785432124.194,17:22:04,timeslice,5,0.0,0,0,0.0
1785432124.194,17:22:04,timeslice,6,0.0,0,0,0.0
1785432124.194,17:22:04,timeslice,7,0.0,0,0,0.0
1785432125.194,17:22:05,timeslice,0,0.0,0,0,0.0
1785432125.194,17:22:05,timeslice,1,0.0,0,0,0.0
1785432125.194,17:22:05,timeslice,2,0.0,0,0,0.0
1785432125.194,17:22:05,timeslice,3,0.0,0,0,0.0
1785432125.194,17:22:05,timeslice,4,0.0,0,0,0.0
1785432125.194,17:22:05,timeslice,5,0.0,0,0,0.0
1785432125.194,17:22:05,timeslice,6,0.0,0,0,0.0
1785432125.194,17:22:05,timeslice,7,0.0,0,0,0.0
1785432126.194,17:22:06,timeslice,0,0.0,5270,16126,32.7
1785432126.194,17:22:06,timeslice,1,0.0,5270,16126,32.7
1785432126.194,17:22:06,timeslice,2,0.0,5270,16126,32.7
1785432126.194,17:22:06,timeslice,3,0.0,5270,16126,32.7
1785432126.194,17:22:06,timeslice,4,0.0,5270,16126,32.7
1785432126.194,17:22:06,timeslice,5,0.0,5270,16126,32.7
1785432126.194,17:22:06,timeslice,6,0.0,5270,16126,32.7
1785432126.194,17:22:06,timeslice,7,0.0,5271,16126,32.7
1785432127.194,17:22:07,timeslice,0,7.5,6134,16126,38.0
1785432127.194,17:22:07,timeslice,1,8.1,7006,16126,43.4
1785432127.194,17:22:07,timeslice,2,8.7,6423,16126,39.8
1785432127.194,17:22:07,timeslice,3,8.2,6219,16126,38.6
1785432127.194,17:22:07,timeslice,4,8.5,6363,16126,39.5
1785432127.194,17:22:07,timeslice,5,8.4,6128,16126,38.0
1785432127.194,17:22:07,timeslice,6,8.7,6387,16126,39.6
1785432127.194,17:22:07,timeslice,7,8.1,6364,16126,39.5
1785432128.194,17:22:08,timeslice,0,7.5,6134,16126,38.0
1785432128.194,17:22:08,timeslice,1,8.1,7006,16126,43.4
1785432128.194,17:22:08,timeslice,2,8.7,6423,16126,39.8
1785432128.194,17:22:08,timeslice,3,8.2,6219,16126,38.6
1785432128.194,17:22:08,timeslice,4,8.5,6363,16126,39.5
1785432128.194,17:22:08,timeslice,5,8.4,6128,16126,38.0
1785432128.194,17:22:08,timeslice,6,8.7,6387,16126,39.6
1785432128.194,17:22:08,timeslice,7,8.1,6364,16126,39.5
1785432129.194,17:22:09,timeslice,0,7.5,6134,16126,38.0
1785432129.194,17:22:09,timeslice,1,8.1,7006,16126,43.4
1785432129.194,17:22:09,timeslice,2,8.7,6423,16126,39.8
1785432129.194,17:22:09,timeslice,3,8.2,6219,16126,38.6
1785432129.194,17:22:09,timeslice,4,8.5,6363,16126,39.5
1785432129.194,17:22:09,timeslice,5,8.4,6128,16126,38.0
1785432129.194,17:22:09,timeslice,6,8.7,6387,16126,39.6
1785432129.194,17:22:09,timeslice,7,8.1,6364,16126,39.5
1785432130.195,17:22:10,timeslice,0,7.5,6134,16126,38.0
1785432130.195,17:22:10,timeslice,1,8.1,7006,16126,43.4
1785432130.195,17:22:10,timeslice,2,8.7,6423,16126,39.8
1785432130.195,17:22:10,timeslice,3,8.2,6219,16126,38.6
1785432130.195,17:22:10,timeslice,4,8.5,6363,16126,39.5
1785432130.195,17:22:10,timeslice,5,8.4,6128,16126,38.0
1785432130.195,17:22:10,timeslice,6,8.7,6387,16126,39.6
1785432130.195,17:22:10,timeslice,7,8.1,6364,16126,39.5
1785432131.195,17:22:11,timeslice,0,7.5,6134,16126,38.0
1785432131.195,17:22:11,timeslice,1,8.1,7006,16126,43.4
1785432131.195,17:22:11,timeslice,2,8.7,6423,16126,39.8
1785432131.195,17:22:11,timeslice,3,8.2,6219,16126,38.6
1785432131.195,17:22:11,timeslice,4,8.5,6363,16126,39.5
1785432131.195,17:22:11,timeslice,5,8.4,6128,16126,38.0
1785432131.195,17:22:11,timeslice,6,8.7,6387,16126,39.6
1785432131.195,17:22:11,timeslice,7,8.1,6364,16126,39.5
1785432132.195,17:22:12,timeslice,0,89.2,7672,16126,47.6
1785432132.195,17:22:12,timeslice,1,87.5,7344,16126,45.5
1785432132.195,17:22:12,timeslice,2,94.3,7672,16126,47.6
1785432132.195,17:22:12,timeslice,3,93.6,7672,16126,47.6
1785432132.195,17:22:12,timeslice,4,95.0,7624,16126,47.3
1785432132.195,17:22:12,timeslice,5,94.9,7672,16126,47.6
1785432132.195,17:22:12,timeslice,6,95.0,7672,16126,47.6
1785432132.195,17:22:12,timeslice,7,94.8,7668,16126,47.6
1785432133.195,17:22:13,timeslice,0,89.2,7672,16126,47.6
1785432133.195,17:22:13,timeslice,1,87.5,7344,16126,45.5
1785432133.195,17:22:13,timeslice,2,94.3,7672,16126,47.6
1785432133.195,17:22:13,timeslice,3,93.6,7672,16126,47.6
1785432133.195,17:22:13,timeslice,4,95.0,7624,16126,47.3
1785432133.195,17:22:13,timeslice,5,94.9,7672,16126,47.6
1785432133.195,17:22:13,timeslice,6,95.0,7672,16126,47.6
1785432133.195,17:22:13,timeslice,7,94.8,7668,16126,47.6
1785432134.195,17:22:14,timeslice,0,89.2,7672,16126,47.6
1785432134.195,17:22:14,timeslice,1,87.5,7344,16126,45.5
1785432134.195,17:22:14,timeslice,2,94.3,7672,16126,47.6
1785432134.195,17:22:14,timeslice,3,93.6,7672,16126,47.6
1785432134.195,17:22:14,timeslice,4,95.0,7624,16126,47.3
1785432134.195,17:22:14,timeslice,5,94.9,7672,16126,47.6
1785432134.195,17:22:14,timeslice,6,95.0,7672,16126,47.6
1785432134.195,17:22:14,timeslice,7,94.8,7668,16126,47.6
1785432135.195,17:22:15,timeslice,0,89.2,7672,16126,47.6
1785432135.195,17:22:15,timeslice,1,87.5,7344,16126,45.5
1785432135.195,17:22:15,timeslice,2,94.3,7672,16126,47.6
1785432135.195,17:22:15,timeslice,3,93.6,7672,16126,47.6
1785432135.195,17:22:15,timeslice,4,95.0,7624,16126,47.3
1785432135.195,17:22:15,timeslice,5,94.9,7672,16126,47.6
1785432135.195,17:22:15,timeslice,6,95.0,7672,16126,47.6
1785432135.195,17:22:15,timeslice,7,94.8,7668,16126,47.6
1785432136.195,17:22:16,timeslice,0,89.2,7672,16126,47.6
1785432136.195,17:22:16,timeslice,1,87.5,7344,16126,45.5
1785432136.195,17:22:16,timeslice,2,94.3,7672,16126,47.6
1785432136.195,17:22:16,timeslice,3,93.6,7672,16126,47.6
1785432136.195,17:22:16,timeslice,4,95.0,7624,16126,47.3
1785432136.195,17:22:16,timeslice,5,94.9,7672,16126,47.6
1785432136.195,17:22:16,timeslice,6,95.0,7672,16126,47.6
1785432136.195,17:22:16,timeslice,7,94.8,7668,16126,47.6
1785432137.195,17:22:17,timeslice,0,95.3,7858,16126,48.7
1785432137.195,17:22:17,timeslice,1,87.4,8028,16126,49.8
1785432137.195,17:22:17,timeslice,2,95.1,7950,16126,49.3
1785432137.195,17:22:17,timeslice,3,96.1,7914,16126,49.1
1785432137.195,17:22:17,timeslice,4,96.8,7539,16126,46.8
1785432137.195,17:22:17,timeslice,5,96.8,7629,16126,47.3
1785432137.195,17:22:17,timeslice,6,95.5,7914,16126,49.1
1785432137.195,17:22:17,timeslice,7,96.3,7630,16126,47.3
1785432138.195,17:22:18,timeslice,0,95.3,7858,16126,48.7
1785432138.195,17:22:18,timeslice,1,87.4,8028,16126,49.8
1785432138.195,17:22:18,timeslice,2,95.1,7950,16126,49.3
1785432138.195,17:22:18,timeslice,3,96.1,7914,16126,49.1
1785432138.195,17:22:18,timeslice,4,96.8,7539,16126,46.8
1785432138.195,17:22:18,timeslice,5,96.8,7629,16126,47.3
1785432138.195,17:22:18,timeslice,6,95.5,7914,16126,49.1
1785432138.195,17:22:18,timeslice,7,96.3,7630,16126,47.3
1785432139.195,17:22:19,timeslice,0,95.3,7858,16126,48.7
1785432139.195,17:22:19,timeslice,1,87.4,8028,16126,49.8
1785432139.195,17:22:19,timeslice,2,95.1,7950,16126,49.3
1785432139.195,17:22:19,timeslice,3,96.1,7914,16126,49.1
1785432139.195,17:22:19,timeslice,4,96.8,7539,16126,46.8
1785432139.195,17:22:19,timeslice,5,96.8,7629,16126,47.3
1785432139.195,17:22:19,timeslice,6,95.5,7914,16126,49.1
1785432139.195,17:22:19,timeslice,7,96.3,7630,16126,47.3
1785432140.195,17:22:20,timeslice,0,95.3,7858,16126,48.7
1785432140.195,17:22:20,timeslice,1,87.4,8028,16126,49.8
1785432140.195,17:22:20,timeslice,2,95.1,7950,16126,49.3
1785432140.195,17:22:20,timeslice,3,96.1,7914,16126,49.1
1785432140.195,17:22:20,timeslice,4,96.8,7539,16126,46.8
1785432140.195,17:22:20,timeslice,5,96.8,7629,16126,47.3
1785432140.195,17:22:20,timeslice,6,95.5,7914,16126,49.1
1785432140.195,17:22:20,timeslice,7,96.3,7630,16126,47.3
1785432141.196,17:22:21,timeslice,0,95.3,7858,16126,48.7
1785432141.196,17:22:21,timeslice,1,87.4,8028,16126,49.8
1785432141.196,17:22:21,timeslice,2,95.1,7950,16126,49.3
1785432141.196,17:22:21,timeslice,3,96.1,7914,16126,49.1
1785432141.196,17:22:21,timeslice,4,96.8,7539,16126,46.8
1785432141.196,17:22:21,timeslice,5,96.8,7629,16126,47.3
1785432141.196,17:22:21,timeslice,6,95.5,7914,16126,49.1
1785432141.196,17:22:21,timeslice,7,96.3,7630,16126,47.3
1785432142.196,17:22:22,timeslice,0,94.6,5197,16126,32.2
1785432142.196,17:22:22,timeslice,1,90.2,6087,16126,37.7
1785432142.196,17:22:22,timeslice,2,92.6,6087,16126,37.7
1785432142.196,17:22:22,timeslice,3,95.7,6087,16126,37.7
1785432142.196,17:22:22,timeslice,4,97.1,5197,16126,32.2
1785432142.196,17:22:22,timeslice,5,95.7,5197,16126,32.2
1785432142.196,17:22:22,timeslice,6,95.6,5197,16126,32.2
1785432142.196,17:22:22,timeslice,7,95.5,5199,16126,32.2
1785432143.196,17:22:23,timeslice,0,94.6,5197,16126,32.2
1785432143.196,17:22:23,timeslice,1,90.2,6087,16126,37.7
1785432143.196,17:22:23,timeslice,2,92.6,6087,16126,37.7
1785432143.196,17:22:23,timeslice,3,95.7,6087,16126,37.7
1785432143.196,17:22:23,timeslice,4,97.1,5197,16126,32.2
1785432143.196,17:22:23,timeslice,5,95.7,5197,16126,32.2
1785432143.196,17:22:23,timeslice,6,95.6,5197,16126,32.2
1785432143.196,17:22:23,timeslice,7,95.5,5199,16126,32.2
1785432144.196,17:22:24,timeslice,0,94.6,5197,16126,32.2
1785432144.196,17:22:24,timeslice,1,90.2,6087,16126,37.7
1785432144.196,17:22:24,timeslice,2,92.6,6087,16126,37.7
1785432144.196,17:22:24,timeslice,3,95.7,6087,16126,37.7
1785432144.196,17:22:24,timeslice,4,97.1,5197,16126,32.2
1785432144.196,17:22:24,timeslice,5,95.7,5197,16126,32.2
1785432144.196,17:22:24,timeslice,6,95.6,5197,16126,32.2
1785432144.196,17:22:24,timeslice,7,95.5,5199,16126,32.2
1785432145.196,17:22:25,timeslice,0,94.6,5197,16126,32.2
1785432145.196,17:22:25,timeslice,1,90.2,6087,16126,37.7
1785432145.196,17:22:25,timeslice,2,92.6,6087,16126,37.7
1785432145.196,17:22:25,timeslice,3,95.7,6087,16126,37.7
1785432145.196,17:22:25,timeslice,4,97.1,5197,16126,32.2
1785432145.196,17:22:25,timeslice,5,95.7,5197,16126,32.2
1785432145.196,17:22:25,timeslice,6,95.6,5197,16126,32.2
1785432145.196,17:22:25,timeslice,7,95.5,5199,16126,32.2
1785432146.196,17:22:26,timeslice,0,94.6,5197,16126,32.2
1785432146.196,17:22:26,timeslice,1,90.2,6087,16126,37.7
1785432146.196,17:22:26,timeslice,2,92.6,6087,16126,37.7
1785432146.196,17:22:26,timeslice,3,95.7,6087,16126,37.7
1785432146.196,17:22:26,timeslice,4,97.1,5197,16126,32.2
1785432146.196,17:22:26,timeslice,5,95.7,5197,16126,32.2
1785432146.196,17:22:26,timeslice,6,95.6,5197,16126,32.2
1785432146.196,17:22:26,timeslice,7,95.5,5199,16126,32.2
1785432147.196,17:22:27,timeslice,0,94.1,7062,16126,43.8
1785432147.196,17:22:27,timeslice,1,82.7,6807,16126,42.2
1785432147.196,17:22:27,timeslice,2,93.9,6866,16126,42.6
1785432147.196,17:22:27,timeslice,3,93.1,7146,16126,44.3
1785432147.196,17:22:27,timeslice,4,94.0,7188,16126,44.6
1785432147.196,17:22:27,timeslice,5,93.8,7200,16126,44.6
1785432147.196,17:22:27,timeslice,6,92.5,7182,16126,44.5
1785432147.196,17:22:27,timeslice,7,94.1,7158,16126,44.4
1785432148.196,17:22:28,timeslice,0,94.1,7062,16126,43.8
1785432148.196,17:22:28,timeslice,1,82.7,6807,16126,42.2
1785432148.196,17:22:28,timeslice,2,93.9,6866,16126,42.6
1785432148.196,17:22:28,timeslice,3,93.1,7146,16126,44.3
1785432148.196,17:22:28,timeslice,4,94.0,7188,16126,44.6
1785432148.196,17:22:28,timeslice,5,93.8,7200,16126,44.6
1785432148.196,17:22:28,timeslice,6,92.5,7182,16126,44.5
1785432148.196,17:22:28,timeslice,7,94.1,7158,16126,44.4
1785432149.196,17:22:29,timeslice,0,94.1,7062,16126,43.8
1785432149.196,17:22:29,timeslice,1,82.7,6807,16126,42.2
1785432149.196,17:22:29,timeslice,2,93.9,6866,16126,42.6
1785432149.196,17:22:29,timeslice,3,93.1,7146,16126,44.3
1785432149.196,17:22:29,timeslice,4,94.0,7188,16126,44.6
1785432149.196,17:22:29,timeslice,5,93.8,7200,16126,44.6
1785432149.196,17:22:29,timeslice,6,92.5,7182,16126,44.5
1785432149.196,17:22:29,timeslice,7,94.1,7158,16126,44.4
1785432150.197,17:22:30,timeslice,0,94.1,7062,16126,43.8
1785432150.197,17:22:30,timeslice,1,82.7,6807,16126,42.2
1785432150.197,17:22:30,timeslice,2,93.9,6866,16126,42.6
1785432150.197,17:22:30,timeslice,3,93.1,7146,16126,44.3
1785432150.197,17:22:30,timeslice,4,94.0,7188,16126,44.6
1785432150.197,17:22:30,timeslice,5,93.8,7200,16126,44.6
1785432150.197,17:22:30,timeslice,6,92.5,7182,16126,44.5
1785432150.197,17:22:30,timeslice,7,94.1,7158,16126,44.4
1785432151.197,17:22:31,timeslice,0,94.1,7062,16126,43.8
1785432151.197,17:22:31,timeslice,1,82.7,6807,16126,42.2
1785432151.197,17:22:31,timeslice,2,93.9,6866,16126,42.6
1785432151.197,17:22:31,timeslice,3,93.1,7146,16126,44.3
1785432151.197,17:22:31,timeslice,4,94.0,7188,16126,44.6
1785432151.197,17:22:31,timeslice,5,93.8,7200,16126,44.6
1785432151.197,17:22:31,timeslice,6,92.5,7182,16126,44.5
1785432151.197,17:22:31,timeslice,7,94.1,7158,16126,44.4
1785432152.197,17:22:32,timeslice,0,94.7,6083,16126,37.7
1785432152.197,17:22:32,timeslice,1,95.9,6127,16126,38.0
1785432152.197,17:22:32,timeslice,2,88.9,6029,16126,37.4
1785432152.197,17:22:32,timeslice,3,94.7,6073,16126,37.7
1785432152.197,17:22:32,timeslice,4,92.9,6029,16126,37.4
1785432152.197,17:22:32,timeslice,5,95.7,6109,16126,37.9
1785432152.197,17:22:32,timeslice,6,90.4,6047,16126,37.5
1785432152.197,17:22:32,timeslice,7,93.3,6150,16126,38.1
1785432153.197,17:22:33,timeslice,0,94.7,6083,16126,37.7
1785432153.197,17:22:33,timeslice,1,95.9,6127,16126,38.0
1785432153.197,17:22:33,timeslice,2,88.9,6029,16126,37.4
1785432153.197,17:22:33,timeslice,3,94.7,6073,16126,37.7
1785432153.197,17:22:33,timeslice,4,92.9,6029,16126,37.4
1785432153.197,17:22:33,timeslice,5,95.7,6109,16126,37.9
1785432153.197,17:22:33,timeslice,6,90.4,6047,16126,37.5
1785432153.197,17:22:33,timeslice,7,93.3,6150,16126,38.1
1785432154.197,17:22:34,timeslice,0,94.7,6083,16126,37.7
1785432154.197,17:22:34,timeslice,1,95.9,6127,16126,38.0
1785432154.197,17:22:34,timeslice,2,88.9,6029,16126,37.4
1785432154.197,17:22:34,timeslice,3,94.7,6073,16126,37.7
1785432154.197,17:22:34,timeslice,4,92.9,6029,16126,37.4
1785432154.197,17:22:34,timeslice,5,95.7,6109,16126,37.9
1785432154.197,17:22:34,timeslice,6,90.4,6047,16126,37.5
1785432154.197,17:22:34,timeslice,7,93.3,6150,16126,38.1
1785432155.197,17:22:35,timeslice,0,94.7,6083,16126,37.7
1785432155.197,17:22:35,timeslice,1,95.9,6127,16126,38.0
1785432155.197,17:22:35,timeslice,2,88.9,6029,16126,37.4
1785432155.197,17:22:35,timeslice,3,94.7,6073,16126,37.7
1785432155.197,17:22:35,timeslice,4,92.9,6029,16126,37.4
1785432155.197,17:22:35,timeslice,5,95.7,6109,16126,37.9
1785432155.197,17:22:35,timeslice,6,90.4,6047,16126,37.5
1785432155.197,17:22:35,timeslice,7,93.3,6150,16126,38.1
1785432156.197,17:22:36,timeslice,0,94.7,6083,16126,37.7
1785432156.197,17:22:36,timeslice,1,95.9,6127,16126,38.0
1785432156.197,17:22:36,timeslice,2,88.9,6029,16126,37.4
1785432156.197,17:22:36,timeslice,3,94.7,6073,16126,37.7
1785432156.197,17:22:36,timeslice,4,92.9,6029,16126,37.4
1785432156.197,17:22:36,timeslice,5,95.7,6109,16126,37.9
1785432156.197,17:22:36,timeslice,6,90.4,6047,16126,37.5
1785432156.197,17:22:36,timeslice,7,93.3,6150,16126,38.1
1785432157.197,17:22:37,timeslice,0,91.2,9303,16126,57.7
1785432157.197,17:22:37,timeslice,1,95.0,9303,16126,57.7
1785432157.197,17:22:37,timeslice,2,85.4,9303,16126,57.7
1785432157.197,17:22:37,timeslice,3,95.0,9303,16126,57.7
1785432157.197,17:22:37,timeslice,4,95.3,9303,16126,57.7
1785432157.197,17:22:37,timeslice,5,95.0,9303,16126,57.7
1785432157.197,17:22:37,timeslice,6,96.1,9303,16126,57.7
1785432157.197,17:22:37,timeslice,7,91.4,9304,16126,57.7
1785432158.197,17:22:38,timeslice,0,91.2,9303,16126,57.7
1785432158.197,17:22:38,timeslice,1,95.0,9303,16126,57.7
1785432158.197,17:22:38,timeslice,2,85.4,9303,16126,57.7
1785432158.197,17:22:38,timeslice,3,95.0,9303,16126,57.7
1785432158.197,17:22:38,timeslice,4,95.3,9303,16126,57.7
1785432158.197,17:22:38,timeslice,5,95.0,9303,16126,57.7
1785432158.197,17:22:38,timeslice,6,96.1,9303,16126,57.7
1785432158.197,17:22:38,timeslice,7,91.4,9304,16126,57.7
1785432159.197,17:22:39,timeslice,0,91.2,9303,16126,57.7
1785432159.197,17:22:39,timeslice,1,95.0,9303,16126,57.7
1785432159.197,17:22:39,timeslice,2,85.4,9303,16126,57.7
1785432159.197,17:22:39,timeslice,3,95.0,9303,16126,57.7
1785432159.197,17:22:39,timeslice,4,95.3,9303,16126,57.7
1785432159.197,17:22:39,timeslice,5,95.0,9303,16126,57.7
1785432159.197,17:22:39,timeslice,6,96.1,9303,16126,57.7
1785432159.197,17:22:39,timeslice,7,91.4,9304,16126,57.7
1785432160.198,17:22:40,timeslice,0,91.2,9303,16126,57.7
1785432160.198,17:22:40,timeslice,1,95.0,9303,16126,57.7
1785432160.198,17:22:40,timeslice,2,85.4,9303,16126,57.7
1785432160.198,17:22:40,timeslice,3,95.0,9303,16126,57.7
1785432160.198,17:22:40,timeslice,4,95.3,9303,16126,57.7
1785432160.198,17:22:40,timeslice,5,95.0,9303,16126,57.7
1785432160.198,17:22:40,timeslice,6,96.1,9303,16126,57.7
1785432160.198,17:22:40,timeslice,7,91.4,9304,16126,57.7
1785432161.198,17:22:41,timeslice,0,91.2,9303,16126,57.7
1785432161.198,17:22:41,timeslice,1,95.0,9303,16126,57.7
1785432161.198,17:22:41,timeslice,2,85.4,9303,16126,57.7
1785432161.198,17:22:41,timeslice,3,95.0,9303,16126,57.7
1785432161.198,17:22:41,timeslice,4,95.3,9303,16126,57.7
1785432161.198,17:22:41,timeslice,5,95.0,9303,16126,57.7
1785432161.198,17:22:41,timeslice,6,96.1,9303,16126,57.7
1785432161.198,17:22:41,timeslice,7,91.4,9304,16126,57.7
1785432162.198,17:22:42,timeslice,0,93.7,11223,16126,69.6
1785432162.198,17:22:42,timeslice,1,90.8,9640,16126,59.8
1785432162.198,17:22:42,timeslice,2,93.0,7566,16126,46.9
1785432162.198,17:22:42,timeslice,3,93.2,8023,16126,49.8
1785432162.198,17:22:42,timeslice,4,94.0,12398,16126,76.9
1785432162.198,17:22:42,timeslice,5,92.9,12404,16126,76.9
1785432162.198,17:22:42,timeslice,6,94.2,7963,16126,49.4
1785432162.198,17:22:42,timeslice,7,92.4,8013,16126,49.7
1785432163.198,17:22:43,timeslice,0,93.7,11223,16126,69.6
1785432163.198,17:22:43,timeslice,1,90.8,9640,16126,59.8
1785432163.198,17:22:43,timeslice,2,93.0,7566,16126,46.9
1785432163.198,17:22:43,timeslice,3,93.2,8023,16126,49.8
1785432163.198,17:22:43,timeslice,4,94.0,12398,16126,76.9
1785432163.198,17:22:43,timeslice,5,92.9,12404,16126,76.9
1785432163.198,17:22:43,timeslice,6,94.2,7963,16126,49.4
1785432163.198,17:22:43,timeslice,7,92.4,8013,16126,49.7
1785432164.198,17:22:44,timeslice,0,93.7,11223,16126,69.6
1785432164.198,17:22:44,timeslice,1,90.8,9640,16126,59.8
1785432164.198,17:22:44,timeslice,2,93.0,7566,16126,46.9
1785432164.198,17:22:44,timeslice,3,93.2,8023,16126,49.8
1785432164.198,17:22:44,timeslice,4,94.0,12398,16126,76.9
1785432164.198,17:22:44,timeslice,5,92.9,12404,16126,76.9
1785432164.198,17:22:44,timeslice,6,94.2,7963,16126,49.4
1785432164.198,17:22:44,timeslice,7,92.4,8013,16126,49.7
1785432165.198,17:22:45,timeslice,0,93.7,11223,16126,69.6
1785432165.198,17:22:45,timeslice,1,90.8,9640,16126,59.8
1785432165.198,17:22:45,timeslice,2,93.0,7566,16126,46.9
1785432165.198,17:22:45,timeslice,3,93.2,8023,16126,49.8
1785432165.198,17:22:45,timeslice,4,94.0,12398,16126,76.9
1785432165.198,17:22:45,timeslice,5,92.9,12404,16126,76.9
1785432165.198,17:22:45,timeslice,6,94.2,7963,16126,49.4
1785432165.198,17:22:45,timeslice,7,92.4,8013,16126,49.7
1785432166.198,17:22:46,timeslice,0,93.7,11223,16126,69.6
1785432166.198,17:22:46,timeslice,1,90.8,9640,16126,59.8
1785432166.198,17:22:46,timeslice,2,93.0,7566,16126,46.9
1785432166.198,17:22:46,timeslice,3,93.2,8023,16126,49.8
1785432166.198,17:22:46,timeslice,4,94.0,12398,16126,76.9
1785432166.198,17:22:46,timeslice,5,92.9,12404,16126,76.9
1785432166.198,17:22:46,timeslice,6,94.2,7963,16126,49.4
1785432166.198,17:22:46,timeslice,7,92.4,8013,16126,49.7
1785432167.198,17:22:47,timeslice,0,95.1,7498,16126,46.5
1785432167.198,17:22:47,timeslice,1,91.3,7863,16126,48.8
1785432167.198,17:22:47,timeslice,2,91.2,7677,16126,47.6
1785432167.198,17:22:47,timeslice,3,95.8,7375,16126,45.7
1785432167.198,17:22:47,timeslice,4,96.7,7363,16126,45.7
1785432167.198,17:22:47,timeslice,5,95.8,7554,16126,46.8
1785432167.198,17:22:47,timeslice,6,95.0,7399,16126,45.9
1785432167.198,17:22:47,timeslice,7,96.6,7442,16126,46.1
1785432168.198,17:22:48,timeslice,0,95.1,7498,16126,46.5
1785432168.198,17:22:48,timeslice,1,91.3,7863,16126,48.8
1785432168.198,17:22:48,timeslice,2,91.2,7677,16126,47.6
1785432168.198,17:22:48,timeslice,3,95.8,7375,16126,45.7
1785432168.198,17:22:48,timeslice,4,96.7,7363,16126,45.7
1785432168.198,17:22:48,timeslice,5,95.8,7554,16126,46.8
1785432168.198,17:22:48,timeslice,6,95.0,7399,16126,45.9
1785432168.198,17:22:48,timeslice,7,96.6,7442,16126,46.1
1785432169.199,17:22:49,timeslice,0,95.1,7498,16126,46.5
1785432169.199,17:22:49,timeslice,1,91.3,7863,16126,48.8
1785432169.199,17:22:49,timeslice,2,91.2,7677,16126,47.6
1785432169.199,17:22:49,timeslice,3,95.8,7375,16126,45.7
1785432169.199,17:22:49,timeslice,4,96.7,7363,16126,45.7
1785432169.199,17:22:49,timeslice,5,95.8,7554,16126,46.8
1785432169.199,17:22:49,timeslice,6,95.0,7399,16126,45.9
1785432169.199,17:22:49,timeslice,7,96.6,7442,16126,46.1
1785432170.199,17:22:50,timeslice,0,95.1,7498,16126,46.5
1785432170.199,17:22:50,timeslice,1,91.3,7863,16126,48.8
1785432170.199,17:22:50,timeslice,2,91.2,7677,16126,47.6
1785432170.199,17:22:50,timeslice,3,95.8,7375,16126,45.7
1785432170.199,17:22:50,timeslice,4,96.7,7363,16126,45.7
1785432170.199,17:22:50,timeslice,5,95.8,7554,16126,46.8
1785432170.199,17:22:50,timeslice,6,95.0,7399,16126,45.9
1785432170.199,17:22:50,timeslice,7,96.6,7442,16126,46.1
1785432171.199,17:22:51,timeslice,0,95.1,7498,16126,46.5
1785432171.199,17:22:51,timeslice,1,91.3,7863,16126,48.8
1785432171.199,17:22:51,timeslice,2,91.2,7677,16126,47.6
1785432171.199,17:22:51,timeslice,3,95.8,7375,16126,45.7
1785432171.199,17:22:51,timeslice,4,96.7,7363,16126,45.7
1785432171.199,17:22:51,timeslice,5,95.8,7554,16126,46.8
1785432171.199,17:22:51,timeslice,6,95.0,7399,16126,45.9
1785432171.199,17:22:51,timeslice,7,96.6,7442,16126,46.1
1785432172.199,17:22:52,timeslice,0,94.6,6345,16126,39.3
1785432172.199,17:22:52,timeslice,1,85.4,6704,16126,41.6
1785432172.199,17:22:52,timeslice,2,95.7,6311,16126,39.1
1785432172.199,17:22:52,timeslice,3,96.0,6407,16126,39.7
1785432172.199,17:22:52,timeslice,4,95.8,6566,16126,40.7
1785432172.199,17:22:52,timeslice,5,95.7,6437,16126,39.9
1785432172.199,17:22:52,timeslice,6,96.2,6287,16126,39.0
1785432172.199,17:22:52,timeslice,7,95.0,6403,16126,39.7
1785432173.199,17:22:53,timeslice,0,94.6,6345,16126,39.3
1785432173.199,17:22:53,timeslice,1,85.4,6704,16126,41.6
1785432173.199,17:22:53,timeslice,2,95.7,6311,16126,39.1
1785432173.199,17:22:53,timeslice,3,96.0,6407,16126,39.7
1785432173.199,17:22:53,timeslice,4,95.8,6566,16126,40.7
1785432173.199,17:22:53,timeslice,5,95.7,6437,16126,39.9
1785432173.199,17:22:53,timeslice,6,96.2,6287,16126,39.0
1785432173.199,17:22:53,timeslice,7,95.0,6403,16126,39.7
1785432174.199,17:22:54,timeslice,0,94.6,6345,16126,39.3
1785432174.199,17:22:54,timeslice,1,85.4,6704,16126,41.6
1785432174.199,17:22:54,timeslice,2,95.7,6311,16126,39.1
1785432174.199,17:22:54,timeslice,3,96.0,6407,16126,39.7
1785432174.199,17:22:54,timeslice,4,95.8,6566,16126,40.7
1785432174.199,17:22:54,timeslice,5,95.7,6437,16126,39.9
1785432174.199,17:22:54,timeslice,6,96.2,6287,16126,39.0
1785432174.199,17:22:54,timeslice,7,95.0,6403,16126,39.7
1785432175.199,17:22:55,timeslice,0,94.6,6345,16126,39.3
1785432175.199,17:22:55,timeslice,1,85.4,6704,16126,41.6
1785432175.199,17:22:55,timeslice,2,95.7,6311,16126,39.1
1785432175.199,17:22:55,timeslice,3,96.0,6407,16126,39.7
1785432175.199,17:22:55,timeslice,4,95.8,6566,16126,40.7
1785432175.199,17:22:55,timeslice,5,95.7,6437,16126,39.9
1785432175.199,17:22:55,timeslice,6,96.2,6287,16126,39.0
1785432175.199,17:22:55,timeslice,7,95.0,6403,16126,39.7
1785432176.199,17:22:56,timeslice,0,94.6,6345,16126,39.3
1785432176.199,17:22:56,timeslice,1,85.4,6704,16126,41.6
1785432176.199,17:22:56,timeslice,2,95.7,6311,16126,39.1
1785432176.199,17:22:56,timeslice,3,96.0,6407,16126,39.7
1785432176.199,17:22:56,timeslice,4,95.8,6566,16126,40.7
1785432176.199,17:22:56,timeslice,5,95.7,6437,16126,39.9
1785432176.199,17:22:56,timeslice,6,96.2,6287,16126,39.0
1785432176.199,17:22:56,timeslice,7,95.0,6403,16126,39.7
1785432177.199,17:22:57,timeslice,0,95.2,5421,16126,33.6
1785432177.199,17:22:57,timeslice,1,95.8,5186,16126,32.2
1785432177.199,17:22:57,timeslice,2,95.2,6050,16126,37.5
1785432177.199,17:22:57,timeslice,3,95.9,5376,16126,33.3
1785432177.199,17:22:57,timeslice,4,94.3,5147,16126,31.9
1785432177.199,17:22:57,timeslice,5,87.0,5163,16126,32.0
1785432177.199,17:22:57,timeslice,6,96.0,5194,16126,32.2
1785432177.199,17:22:57,timeslice,7,95.9,5133,16126,31.8
1785432178.199,17:22:58,timeslice,0,95.2,5421,16126,33.6
1785432178.199,17:22:58,timeslice,1,95.8,5186,16126,32.2
1785432178.199,17:22:58,timeslice,2,95.2,6050,16126,37.5
1785432178.199,17:22:58,timeslice,3,95.9,5376,16126,33.3
1785432178.199,17:22:58,timeslice,4,94.3,5147,16126,31.9
1785432178.199,17:22:58,timeslice,5,87.0,5163,16126,32.0
1785432178.199,17:22:58,timeslice,6,96.0,5194,16126,32.2
1785432178.199,17:22:58,timeslice,7,95.9,5133,16126,31.8
1785432179.2,17:22:59,timeslice,0,95.2,5421,16126,33.6
1785432179.2,17:22:59,timeslice,1,95.8,5186,16126,32.2
1785432179.2,17:22:59,timeslice,2,95.2,6050,16126,37.5
1785432179.2,17:22:59,timeslice,3,95.9,5376,16126,33.3
1785432179.2,17:22:59,timeslice,4,94.3,5147,16126,31.9
1785432179.2,17:22:59,timeslice,5,87.0,5163,16126,32.0
1785432179.2,17:22:59,timeslice,6,96.0,5194,16126,32.2
1785432179.2,17:22:59,timeslice,7,95.9,5133,16126,31.8
1785432180.2,17:23:00,timeslice,0,95.2,5421,16126,33.6
1785432180.2,17:23:00,timeslice,1,95.8,5186,16126,32.2
1785432180.2,17:23:00,timeslice,2,95.2,6050,16126,37.5
1785432180.2,17:23:00,timeslice,3,95.9,5376,16126,33.3
1785432180.2,17:23:00,timeslice,4,94.3,5147,16126,31.9
1785432180.2,17:23:00,timeslice,5,87.0,5163,16126,32.0
1785432180.2,17:23:00,timeslice,6,96.0,5194,16126,32.2
1785432180.2,17:23:00,timeslice,7,95.9,5133,16126,31.8
1785432181.2,17:23:01,timeslice,0,95.2,5421,16126,33.6
1785432181.2,17:23:01,timeslice,1,95.8,5186,16126,32.2
1785432181.2,17:23:01,timeslice,2,95.2,6050,16126,37.5
1785432181.2,17:23:01,timeslice,3,95.9,5376,16126,33.3
1785432181.2,17:23:01,timeslice,4,94.3,5147,16126,31.9
1785432181.2,17:23:01,timeslice,5,87.0,5163,16126,32.0
1785432181.2,17:23:01,timeslice,6,96.0,5194,16126,32.2
1785432181.2,17:23:01,timeslice,7,95.9,5133,16126,31.8
1785432182.2,17:23:02,timeslice,0,93.0,9303,16126,57.7
1785432182.2,17:23:02,timeslice,1,88.5,9303,16126,57.7
1785432182.2,17:23:02,timeslice,2,91.5,9303,16126,57.7
1785432182.2,17:23:02,timeslice,3,94.7,9303,16126,57.7
1785432182.2,17:23:02,timeslice,4,86.9,9303,16126,57.7
1785432182.2,17:23:02,timeslice,5,93.6,9892,16126,61.3
1785432182.2,17:23:02,timeslice,6,95.5,9303,16126,57.7
1785432182.2,17:23:02,timeslice,7,93.9,9304,16126,57.7
1785432183.2,17:23:03,timeslice,0,93.0,9303,16126,57.7
1785432183.2,17:23:03,timeslice,1,88.5,9303,16126,57.7
1785432183.2,17:23:03,timeslice,2,91.5,9303,16126,57.7
1785432183.2,17:23:03,timeslice,3,94.7,9303,16126,57.7
1785432183.2,17:23:03,timeslice,4,86.9,9303,16126,57.7
1785432183.2,17:23:03,timeslice,5,93.6,9892,16126,61.3
1785432183.2,17:23:03,timeslice,6,95.5,9303,16126,57.7
1785432183.2,17:23:03,timeslice,7,93.9,9304,16126,57.7
1785432184.2,17:23:04,timeslice,0,93.0,9303,16126,57.7
1785432184.2,17:23:04,timeslice,1,88.5,9303,16126,57.7
1785432184.2,17:23:04,timeslice,2,91.5,9303,16126,57.7
1785432184.2,17:23:04,timeslice,3,94.7,9303,16126,57.7
1785432184.2,17:23:04,timeslice,4,86.9,9303,16126,57.7
1785432184.2,17:23:04,timeslice,5,93.6,9892,16126,61.3
1785432184.2,17:23:04,timeslice,6,95.5,9303,16126,57.7
1785432184.2,17:23:04,timeslice,7,93.9,9304,16126,57.7
1785432185.2,17:23:05,timeslice,0,93.0,9303,16126,57.7
1785432185.2,17:23:05,timeslice,1,88.5,9303,16126,57.7
1785432185.2,17:23:05,timeslice,2,91.5,9303,16126,57.7
1785432185.2,17:23:05,timeslice,3,94.7,9303,16126,57.7
1785432185.2,17:23:05,timeslice,4,86.9,9303,16126,57.7
1785432185.2,17:23:05,timeslice,5,93.6,9892,16126,61.3
1785432185.2,17:23:05,timeslice,6,95.5,9303,16126,57.7
1785432185.2,17:23:05,timeslice,7,93.9,9304,16126,57.7
1785432186.2,17:23:06,timeslice,0,93.0,9303,16126,57.7
1785432186.2,17:23:06,timeslice,1,88.5,9303,16126,57.7
1785432186.2,17:23:06,timeslice,2,91.5,9303,16126,57.7
1785432186.2,17:23:06,timeslice,3,94.7,9303,16126,57.7
1785432186.2,17:23:06,timeslice,4,86.9,9303,16126,57.7
1785432186.2,17:23:06,timeslice,5,93.6,9892,16126,61.3
1785432186.2,17:23:06,timeslice,6,95.5,9303,16126,57.7
1785432186.2,17:23:06,timeslice,7,93.9,9304,16126,57.7
1785432187.2,17:23:07,timeslice,0,95.6,6123,16126,38.0
1785432187.2,17:23:07,timeslice,1,95.5,6242,16126,38.7
1785432187.2,17:23:07,timeslice,2,95.1,6242,16126,38.7
1785432187.2,17:23:07,timeslice,3,89.0,5944,16126,36.9
1785432187.2,17:23:07,timeslice,4,94.2,6242,16126,38.7
1785432187.2,17:23:07,timeslice,5,94.1,6242,16126,38.7
1785432187.2,17:23:07,timeslice,6,89.8,6242,16126,38.7
1785432187.2,17:23:07,timeslice,7,94.7,6243,16126,38.7
1785432188.201,17:23:08,timeslice,0,95.6,6123,16126,38.0
1785432188.201,17:23:08,timeslice,1,95.5,6242,16126,38.7
1785432188.201,17:23:08,timeslice,2,95.1,6242,16126,38.7
1785432188.201,17:23:08,timeslice,3,89.0,5944,16126,36.9
1785432188.201,17:23:08,timeslice,4,94.2,6242,16126,38.7
1785432188.201,17:23:08,timeslice,5,94.1,6242,16126,38.7
1785432188.201,17:23:08,timeslice,6,89.8,6242,16126,38.7
1785432188.201,17:23:08,timeslice,7,94.7,6243,16126,38.7
1785432189.201,17:23:09,timeslice,0,95.6,6123,16126,38.0
1785432189.201,17:23:09,timeslice,1,95.5,6242,16126,38.7
1785432189.201,17:23:09,timeslice,2,95.1,6242,16126,38.7
1785432189.201,17:23:09,timeslice,3,89.0,5944,16126,36.9
1785432189.201,17:23:09,timeslice,4,94.2,6242,16126,38.7
1785432189.201,17:23:09,timeslice,5,94.1,6242,16126,38.7
1785432189.201,17:23:09,timeslice,6,89.8,6242,16126,38.7
1785432189.201,17:23:09,timeslice,7,94.7,6243,16126,38.7
1785432190.201,17:23:10,timeslice,0,95.6,6123,16126,38.0
1785432190.201,17:23:10,timeslice,1,95.5,6242,16126,38.7
1785432190.201,17:23:10,timeslice,2,95.1,6242,16126,38.7
1785432190.201,17:23:10,timeslice,3,89.0,5944,16126,36.9
1785432190.201,17:23:10,timeslice,4,94.2,6242,16126,38.7
1785432190.201,17:23:10,timeslice,5,94.1,6242,16126,38.7
1785432190.201,17:23:10,timeslice,6,89.8,6242,16126,38.7
1785432190.201,17:23:10,timeslice,7,94.7,6243,16126,38.7
1785432191.201,17:23:11,timeslice,0,95.6,6123,16126,38.0
1785432191.201,17:23:11,timeslice,1,95.5,6242,16126,38.7
1785432191.201,17:23:11,timeslice,2,95.1,6242,16126,38.7
1785432191.201,17:23:11,timeslice,3,89.0,5944,16126,36.9
1785432191.201,17:23:11,timeslice,4,94.2,6242,16126,38.7
1785432191.201,17:23:11,timeslice,5,94.1,6242,16126,38.7
1785432191.201,17:23:11,timeslice,6,89.8,6242,16126,38.7
1785432191.201,17:23:11,timeslice,7,94.7,6243,16126,38.7
1785432192.201,17:23:12,timeslice,0,89.0,5776,16126,35.8
1785432192.201,17:23:12,timeslice,1,96.0,5833,16126,36.2
1785432192.201,17:23:12,timeslice,2,86.2,5544,16126,34.4
1785432192.201,17:23:12,timeslice,3,91.3,5833,16126,36.2
1785432192.201,17:23:12,timeslice,4,97.0,5791,16126,35.9
1785432192.201,17:23:12,timeslice,5,90.3,5538,16126,34.3
1785432192.201,17:23:12,timeslice,6,96.6,5833,16126,36.2
1785432192.201,17:23:12,timeslice,7,90.6,5834,16126,36.2
1785432193.201,17:23:13,timeslice,0,89.0,5776,16126,35.8
1785432193.201,17:23:13,timeslice,1,96.0,5833,16126,36.2
1785432193.201,17:23:13,timeslice,2,86.2,5544,16126,34.4
1785432193.201,17:23:13,timeslice,3,91.3,5833,16126,36.2
1785432193.201,17:23:13,timeslice,4,97.0,5791,16126,35.9
1785432193.201,17:23:13,timeslice,5,90.3,5538,16126,34.3
1785432193.201,17:23:13,timeslice,6,96.6,5833,16126,36.2
1785432193.201,17:23:13,timeslice,7,90.6,5834,16126,36.2
1785432194.201,17:23:14,timeslice,0,89.0,5776,16126,35.8
1785432194.201,17:23:14,timeslice,1,96.0,5833,16126,36.2
1785432194.201,17:23:14,timeslice,2,86.2,5544,16126,34.4
1785432194.201,17:23:14,timeslice,3,91.3,5833,16126,36.2
1785432194.201,17:23:14,timeslice,4,97.0,5791,16126,35.9
1785432194.201,17:23:14,timeslice,5,90.3,5538,16126,34.3
1785432194.201,17:23:14,timeslice,6,96.6,5833,16126,36.2
1785432194.201,17:23:14,timeslice,7,90.6,5834,16126,36.2
1785432195.201,17:23:15,timeslice,0,89.0,5776,16126,35.8
1785432195.201,17:23:15,timeslice,1,96.0,5833,16126,36.2
1785432195.201,17:23:15,timeslice,2,86.2,5544,16126,34.4
1785432195.201,17:23:15,timeslice,3,91.3,5833,16126,36.2
1785432195.201,17:23:15,timeslice,4,97.0,5791,16126,35.9
1785432195.201,17:23:15,timeslice,5,90.3,5538,16126,34.3
1785432195.201,17:23:15,timeslice,6,96.6,5833,16126,36.2
1785432195.201,17:23:15,timeslice,7,90.6,5834,16126,36.2
1785432196.201,17:23:16,timeslice,0,89.0,5776,16126,35.8
1785432196.201,17:23:16,timeslice,1,96.0,5833,16126,36.2
1785432196.201,17:23:16,timeslice,2,86.2,5544,16126,34.4
1785432196.201,17:23:16,timeslice,3,91.3,5833,16126,36.2
1785432196.201,17:23:16,timeslice,4,97.0,5791,16126,35.9
1785432196.201,17:23:16,timeslice,5,90.3,5538,16126,34.3
1785432196.201,17:23:16,timeslice,6,96.6,5833,16126,36.2
1785432196.201,17:23:16,timeslice,7,90.6,5834,16126,36.2
1785432197.201,17:23:17,timeslice,0,94.2,7500,16126,46.5
1785432197.201,17:23:17,timeslice,1,88.9,7476,16126,46.4
1785432197.201,17:23:17,timeslice,2,92.8,7229,16126,44.8
1785432197.201,17:23:17,timeslice,3,94.5,7284,16126,45.2
1785432197.201,17:23:17,timeslice,4,94.4,7398,16126,45.9
1785432197.201,17:23:17,timeslice,5,95.3,7458,16126,46.2
1785432197.201,17:23:17,timeslice,6,95.3,7313,16126,45.3
1785432197.201,17:23:17,timeslice,7,95.0,7447,16126,46.2
1785432198.202,17:23:18,timeslice,0,94.2,7500,16126,46.5
1785432198.202,17:23:18,timeslice,1,88.9,7476,16126,46.4
1785432198.202,17:23:18,timeslice,2,92.8,7229,16126,44.8
1785432198.202,17:23:18,timeslice,3,94.5,7284,16126,45.2
1785432198.202,17:23:18,timeslice,4,94.4,7398,16126,45.9
1785432198.202,17:23:18,timeslice,5,95.3,7458,16126,46.2
1785432198.202,17:23:18,timeslice,6,95.3,7313,16126,45.3
1785432198.202,17:23:18,timeslice,7,95.0,7447,16126,46.2
1785432199.202,17:23:19,timeslice,0,94.2,7500,16126,46.5
1785432199.202,17:23:19,timeslice,1,88.9,7476,16126,46.4
1785432199.202,17:23:19,timeslice,2,92.8,7229,16126,44.8
1785432199.202,17:23:19,timeslice,3,94.5,7284,16126,45.2
1785432199.202,17:23:19,timeslice,4,94.4,7398,16126,45.9
1785432199.202,17:23:19,timeslice,5,95.3,7458,16126,46.2
1785432199.202,17:23:19,timeslice,6,95.3,7313,16126,45.3
1785432199.202,17:23:19,timeslice,7,95.0,7447,16126,46.2
1785432200.202,17:23:20,timeslice,0,94.2,7500,16126,46.5
1785432200.202,17:23:20,timeslice,1,88.9,7476,16126,46.4
1785432200.202,17:23:20,timeslice,2,92.8,7229,16126,44.8
1785432200.202,17:23:20,timeslice,3,94.5,7284,16126,45.2
1785432200.202,17:23:20,timeslice,4,94.4,7398,16126,45.9
1785432200.202,17:23:20,timeslice,5,95.3,7458,16126,46.2
1785432200.202,17:23:20,timeslice,6,95.3,7313,16126,45.3
1785432200.202,17:23:20,timeslice,7,95.0,7447,16126,46.2
1785432201.202,17:23:21,timeslice,0,94.2,7500,16126,46.5
1785432201.202,17:23:21,timeslice,1,88.9,7476,16126,46.4
1785432201.202,17:23:21,timeslice,2,92.8,7229,16126,44.8
1785432201.202,17:23:21,timeslice,3,94.5,7284,16126,45.2
1785432201.202,17:23:21,timeslice,4,94.4,7398,16126,45.9
1785432201.202,17:23:21,timeslice,5,95.3,7458,16126,46.2
1785432201.202,17:23:21,timeslice,6,95.3,7313,16126,45.3
1785432201.202,17:23:21,timeslice,7,95.0,7447,16126,46.2
1785432202.202,17:23:22,timeslice,0,95.9,7344,16126,45.5
1785432202.202,17:23:22,timeslice,1,95.6,7366,16126,45.7
1785432202.202,17:23:22,timeslice,2,91.7,7062,16126,43.8
1785432202.202,17:23:22,timeslice,3,94.8,7366,16126,45.7
1785432202.202,17:23:22,timeslice,4,95.1,7366,16126,45.7
1785432202.202,17:23:22,timeslice,5,95.3,7366,16126,45.7
1785432202.202,17:23:22,timeslice,6,95.3,7366,16126,45.7
1785432202.202,17:23:22,timeslice,7,95.2,7367,16126,45.7
1785432203.202,17:23:23,timeslice,0,95.9,7344,16126,45.5
1785432203.202,17:23:23,timeslice,1,95.6,7366,16126,45.7
1785432203.202,17:23:23,timeslice,2,91.7,7062,16126,43.8
1785432203.202,17:23:23,timeslice,3,94.8,7366,16126,45.7
1785432203.202,17:23:23,timeslice,4,95.1,7366,16126,45.7
1785432203.202,17:23:23,timeslice,5,95.3,7366,16126,45.7
1785432203.202,17:23:23,timeslice,6,95.3,7366,16126,45.7
1785432203.202,17:23:23,timeslice,7,95.2,7367,16126,45.7
1785432204.202,17:23:24,timeslice,0,95.9,7344,16126,45.5
1785432204.202,17:23:24,timeslice,1,95.6,7366,16126,45.7
1785432204.202,17:23:24,timeslice,2,91.7,7062,16126,43.8
1785432204.202,17:23:24,timeslice,3,94.8,7366,16126,45.7
1785432204.202,17:23:24,timeslice,4,95.1,7366,16126,45.7
1785432204.202,17:23:24,timeslice,5,95.3,7366,16126,45.7
1785432204.202,17:23:24,timeslice,6,95.3,7366,16126,45.7
1785432204.202,17:23:24,timeslice,7,95.2,7367,16126,45.7
1785432205.202,17:23:25,timeslice,0,95.9,7344,16126,45.5
1785432205.202,17:23:25,timeslice,1,95.6,7366,16126,45.7
1785432205.202,17:23:25,timeslice,2,91.7,7062,16126,43.8
1785432205.202,17:23:25,timeslice,3,94.8,7366,16126,45.7
1785432205.202,17:23:25,timeslice,4,95.1,7366,16126,45.7
1785432205.202,17:23:25,timeslice,5,95.3,7366,16126,45.7
1785432205.202,17:23:25,timeslice,6,95.3,7366,16126,45.7
1785432205.202,17:23:25,timeslice,7,95.2,7367,16126,45.7
1785432206.202,17:23:26,timeslice,0,95.9,7344,16126,45.5
1785432206.202,17:23:26,timeslice,1,95.6,7366,16126,45.7
1785432206.202,17:23:26,timeslice,2,91.7,7062,16126,43.8
1785432206.202,17:23:26,timeslice,3,94.8,7366,16126,45.7
1785432206.202,17:23:26,timeslice,4,95.1,7366,16126,45.7
1785432206.202,17:23:26,timeslice,5,95.3,7366,16126,45.7
1785432206.202,17:23:26,timeslice,6,95.3,7366,16126,45.7
1785432206.202,17:23:26,timeslice,7,95.2,7367,16126,45.7
1785432207.202,17:23:27,timeslice,0,96.8,8200,16126,50.8
1785432207.202,17:23:27,timeslice,1,96.5,8484,16126,52.6
1785432207.202,17:23:27,timeslice,2,93.4,8484,16126,52.6
1785432207.202,17:23:27,timeslice,3,95.2,7594,16126,47.1
1785432207.202,17:23:27,timeslice,4,92.9,8200,16126,50.8
1785432207.202,17:23:27,timeslice,5,95.0,7310,16126,45.3
1785432207.202,17:23:27,timeslice,6,93.5,7916,16126,49.1
1785432207.202,17:23:27,timeslice,7,96.7,7311,16126,45.3
1785432208.203,17:23:28,timeslice,0,96.8,8200,16126,50.8
1785432208.203,17:23:28,timeslice,1,96.5,8484,16126,52.6
1785432208.203,17:23:28,timeslice,2,93.4,8484,16126,52.6
1785432208.203,17:23:28,timeslice,3,95.2,7594,16126,47.1
1785432208.203,17:23:28,timeslice,4,92.9,8200,16126,50.8
1785432208.203,17:23:28,timeslice,5,95.0,7310,16126,45.3
1785432208.203,17:23:28,timeslice,6,93.5,7916,16126,49.1
1785432208.203,17:23:28,timeslice,7,96.7,7311,16126,45.3
1785432209.203,17:23:29,timeslice,0,96.8,8200,16126,50.8
1785432209.203,17:23:29,timeslice,1,96.5,8484,16126,52.6
1785432209.203,17:23:29,timeslice,2,93.4,8484,16126,52.6
1785432209.203,17:23:29,timeslice,3,95.2,7594,16126,47.1
1785432209.203,17:23:29,timeslice,4,92.9,8200,16126,50.8
1785432209.203,17:23:29,timeslice,5,95.0,7310,16126,45.3
1785432209.203,17:23:29,timeslice,6,93.5,7916,16126,49.1
1785432209.203,17:23:29,timeslice,7,96.7,7311,16126,45.3
1785432210.203,17:23:30,timeslice,0,96.8,8200,16126,50.8
1785432210.203,17:23:30,timeslice,1,96.5,8484,16126,52.6
1785432210.203,17:23:30,timeslice,2,93.4,8484,16126,52.6
1785432210.203,17:23:30,timeslice,3,95.2,7594,16126,47.1
1785432210.203,17:23:30,timeslice,4,92.9,8200,16126,50.8
1785432210.203,17:23:30,timeslice,5,95.0,7310,16126,45.3
1785432210.203,17:23:30,timeslice,6,93.5,7916,16126,49.1
1785432210.203,17:23:30,timeslice,7,96.7,7311,16126,45.3
1785432211.203,17:23:31,timeslice,0,96.8,8200,16126,50.8
1785432211.203,17:23:31,timeslice,1,96.5,8484,16126,52.6
1785432211.203,17:23:31,timeslice,2,93.4,8484,16126,52.6
1785432211.203,17:23:31,timeslice,3,95.2,7594,16126,47.1
1785432211.203,17:23:31,timeslice,4,92.9,8200,16126,50.8
1785432211.203,17:23:31,timeslice,5,95.0,7310,16126,45.3
1785432211.203,17:23:31,timeslice,6,93.5,7916,16126,49.1
1785432211.203,17:23:31,timeslice,7,96.7,7311,16126,45.3
1785432212.203,17:23:32,timeslice,0,95.0,6114,16126,37.9
1785432212.203,17:23:32,timeslice,1,88.8,6109,16126,37.9
1785432212.203,17:23:32,timeslice,2,94.8,6073,16126,37.7
1785432212.203,17:23:32,timeslice,3,93.8,6187,16126,38.4
1785432212.203,17:23:32,timeslice,4,95.1,6223,16126,38.6
1785432212.203,17:23:32,timeslice,5,94.7,5947,16126,36.9
1785432212.203,17:23:32,timeslice,6,92.8,5918,16126,36.7
1785432212.203,17:23:32,timeslice,7,95.4,6189,16126,38.4
1785432213.203,17:23:33,timeslice,0,95.0,6114,16126,37.9
1785432213.203,17:23:33,timeslice,1,88.8,6109,16126,37.9
1785432213.203,17:23:33,timeslice,2,94.8,6073,16126,37.7
1785432213.203,17:23:33,timeslice,3,93.8,6187,16126,38.4
1785432213.203,17:23:33,timeslice,4,95.1,6223,16126,38.6
1785432213.203,17:23:33,timeslice,5,94.7,5947,16126,36.9
1785432213.203,17:23:33,timeslice,6,92.8,5918,16126,36.7
1785432213.203,17:23:33,timeslice,7,95.4,6189,16126,38.4
1785432214.203,17:23:34,timeslice,0,95.0,6114,16126,37.9
1785432214.203,17:23:34,timeslice,1,88.8,6109,16126,37.9
1785432214.203,17:23:34,timeslice,2,94.8,6073,16126,37.7
1785432214.203,17:23:34,timeslice,3,93.8,6187,16126,38.4
1785432214.203,17:23:34,timeslice,4,95.1,6223,16126,38.6
1785432214.203,17:23:34,timeslice,5,94.7,5947,16126,36.9
1785432214.203,17:23:34,timeslice,6,92.8,5918,16126,36.7
1785432214.203,17:23:34,timeslice,7,95.4,6189,16126,38.4
1785432215.203,17:23:35,timeslice,0,95.0,6114,16126,37.9
1785432215.203,17:23:35,timeslice,1,88.8,6109,16126,37.9
1785432215.203,17:23:35,timeslice,2,94.8,6073,16126,37.7
1785432215.203,17:23:35,timeslice,3,93.8,6187,16126,38.4
1785432215.203,17:23:35,timeslice,4,95.1,6223,16126,38.6
1785432215.203,17:23:35,timeslice,5,94.7,5947,16126,36.9
1785432215.203,17:23:35,timeslice,6,92.8,5918,16126,36.7
1785432215.203,17:23:35,timeslice,7,95.4,6189,16126,38.4
1785432216.203,17:23:36,timeslice,0,95.0,6114,16126,37.9
1785432216.203,17:23:36,timeslice,1,88.8,6109,16126,37.9
1785432216.203,17:23:36,timeslice,2,94.8,6073,16126,37.7
1785432216.203,17:23:36,timeslice,3,93.8,6187,16126,38.4
1785432216.203,17:23:36,timeslice,4,95.1,6223,16126,38.6
1785432216.203,17:23:36,timeslice,5,94.7,5947,16126,36.9
1785432216.203,17:23:36,timeslice,6,92.8,5918,16126,36.7
1785432216.203,17:23:36,timeslice,7,95.4,6189,16126,38.4
1785432217.203,17:23:37,timeslice,0,96.1,7128,16126,44.2
1785432217.203,17:23:37,timeslice,1,81.7,6991,16126,43.4
1785432217.203,17:23:37,timeslice,2,95.9,7198,16126,44.6
1785432217.203,17:23:37,timeslice,3,95.5,7168,16126,44.4
1785432217.203,17:23:37,timeslice,4,96.1,7228,16126,44.8
1785432217.203,17:23:37,timeslice,5,96.2,7216,16126,44.7
1785432217.203,17:23:37,timeslice,6,95.9,7174,16126,44.5
1785432217.203,17:23:37,timeslice,7,96.2,7175,16126,44.5
1785432218.203,17:23:38,timeslice,0,96.1,7128,16126,44.2
1785432218.203,17:23:38,timeslice,1,81.7,6991,16126,43.4
1785432218.203,17:23:38,timeslice,2,95.9,7198,16126,44.6
1785432218.203,17:23:38,timeslice,3,95.5,7168,16126,44.4
1785432218.203,17:23:38,timeslice,4,96.1,7228,16126,44.8
1785432218.203,17:23:38,timeslice,5,96.2,7216,16126,44.7
1785432218.203,17:23:38,timeslice,6,95.9,7174,16126,44.5
1785432218.203,17:23:38,timeslice,7,96.2,7175,16126,44.5
1785432219.203,17:23:39,timeslice,0,96.1,7128,16126,44.2
1785432219.203,17:23:39,timeslice,1,81.7,6991,16126,43.4
1785432219.203,17:23:39,timeslice,2,95.9,7198,16126,44.6
1785432219.203,17:23:39,timeslice,3,95.5,7168,16126,44.4
1785432219.203,17:23:39,timeslice,4,96.1,7228,16126,44.8
1785432219.203,17:23:39,timeslice,5,96.2,7216,16126,44.7
1785432219.203,17:23:39,timeslice,6,95.9,7174,16126,44.5
1785432219.203,17:23:39,timeslice,7,96.2,7175,16126,44.5
1785432220.204,17:23:40,timeslice,0,96.1,7128,16126,44.2
1785432220.204,17:23:40,timeslice,1,81.7,6991,16126,43.4
1785432220.204,17:23:40,timeslice,2,95.9,7198,16126,44.6
1785432220.204,17:23:40,timeslice,3,95.5,7168,16126,44.4
1785432220.204,17:23:40,timeslice,4,96.1,7228,16126,44.8
1785432220.204,17:23:40,timeslice,5,96.2,7216,16126,44.7
1785432220.204,17:23:40,timeslice,6,95.9,7174,16126,44.5
1785432220.204,17:23:40,timeslice,7,96.2,7175,16126,44.5
1785432221.204,17:23:41,timeslice,0,96.1,7128,16126,44.2
1785432221.204,17:23:41,timeslice,1,81.7,6991,16126,43.4
1785432221.204,17:23:41,timeslice,2,95.9,7198,16126,44.6
1785432221.204,17:23:41,timeslice,3,95.5,7168,16126,44.4
1785432221.204,17:23:41,timeslice,4,96.1,7228,16126,44.8
1785432221.204,17:23:41,timeslice,5,96.2,7216,16126,44.7
1785432221.204,17:23:41,timeslice,6,95.9,7174,16126,44.5
1785432221.204,17:23:41,timeslice,7,96.2,7175,16126,44.5
1785432222.204,17:23:42,timeslice,0,96.5,7603,16126,47.1
1785432222.204,17:23:42,timeslice,1,92.3,7311,16126,45.3
1785432222.204,17:23:42,timeslice,2,95.0,7626,16126,47.3
1785432222.204,17:23:42,timeslice,3,93.0,7275,16126,45.1
1785432222.204,17:23:42,timeslice,4,92.2,7622,16126,47.3
1785432222.204,17:23:42,timeslice,5,96.8,7634,16126,47.3
1785432222.204,17:23:42,timeslice,6,89.2,7544,16126,46.8
1785432222.204,17:23:42,timeslice,7,95.8,7397,16126,45.9
1785432223.204,17:23:43,timeslice,0,96.5,7603,16126,47.1
1785432223.204,17:23:43,timeslice,1,92.3,7311,16126,45.3
1785432223.204,17:23:43,timeslice,2,95.0,7626,16126,47.3
1785432223.204,17:23:43,timeslice,3,93.0,7275,16126,45.1
1785432223.204,17:23:43,timeslice,4,92.2,7622,16126,47.3
1785432223.204,17:23:43,timeslice,5,96.8,7634,16126,47.3
1785432223.204,17:23:43,timeslice,6,89.2,7544,16126,46.8
1785432223.204,17:23:43,timeslice,7,95.8,7397,16126,45.9
1785432224.204,17:23:44,timeslice,0,96.5,7603,16126,47.1
1785432224.204,17:23:44,timeslice,1,92.3,7311,16126,45.3
1785432224.204,17:23:44,timeslice,2,95.0,7626,16126,47.3
1785432224.204,17:23:44,timeslice,3,93.0,7275,16126,45.1
1785432224.204,17:23:44,timeslice,4,92.2,7622,16126,47.3
1785432224.204,17:23:44,timeslice,5,96.8,7634,16126,47.3
1785432224.204,17:23:44,timeslice,6,89.2,7544,16126,46.8
1785432224.204,17:23:44,timeslice,7,95.8,7397,16126,45.9
1785432225.204,17:23:45,timeslice,0,96.5,7603,16126,47.1
1785432225.204,17:23:45,timeslice,1,92.3,7311,16126,45.3
1785432225.204,17:23:45,timeslice,2,95.0,7626,16126,47.3
1785432225.204,17:23:45,timeslice,3,93.0,7275,16126,45.1
1785432225.204,17:23:45,timeslice,4,92.2,7622,16126,47.3
1785432225.204,17:23:45,timeslice,5,96.8,7634,16126,47.3
1785432225.204,17:23:45,timeslice,6,89.2,7544,16126,46.8
1785432225.204,17:23:45,timeslice,7,95.8,7397,16126,45.9
1785432226.204,17:23:46,timeslice,0,96.5,7603,16126,47.1
1785432226.204,17:23:46,timeslice,1,92.3,7311,16126,45.3
1785432226.204,17:23:46,timeslice,2,95.0,7626,16126,47.3
1785432226.204,17:23:46,timeslice,3,93.0,7275,16126,45.1
1785432226.204,17:23:46,timeslice,4,92.2,7622,16126,47.3
1785432226.204,17:23:46,timeslice,5,96.8,7634,16126,47.3
1785432226.204,17:23:46,timeslice,6,89.2,7544,16126,46.8
1785432226.204,17:23:46,timeslice,7,95.8,7397,16126,45.9
1785432227.204,17:23:47,timeslice,0,91.4,6273,16126,38.9
1785432227.204,17:23:47,timeslice,1,94.9,7747,16126,48.0
1785432227.204,17:23:47,timeslice,2,92.3,6273,16126,38.9
1785432227.204,17:23:47,timeslice,3,93.8,6965,16126,43.2
1785432227.204,17:23:47,timeslice,4,95.6,7771,16126,48.2
1785432227.204,17:23:47,timeslice,5,91.9,6273,16126,38.9
1785432227.204,17:23:47,timeslice,6,94.2,7831,16126,48.6
1785432227.204,17:23:47,timeslice,7,83.1,7898,16126,49.0
1785432228.204,17:23:48,timeslice,0,91.4,6273,16126,38.9
1785432228.204,17:23:48,timeslice,1,94.9,7747,16126,48.0
1785432228.204,17:23:48,timeslice,2,92.3,6273,16126,38.9
1785432228.204,17:23:48,timeslice,3,93.8,6965,16126,43.2
1785432228.204,17:23:48,timeslice,4,95.6,7771,16126,48.2
1785432228.204,17:23:48,timeslice,5,91.9,6273,16126,38.9
1785432228.204,17:23:48,timeslice,6,94.2,7831,16126,48.6
1785432228.204,17:23:48,timeslice,7,83.1,7898,16126,49.0
1785432229.205,17:23:49,timeslice,0,91.4,6273,16126,38.9
1785432229.205,17:23:49,timeslice,1,94.9,7747,16126,48.0
1785432229.205,17:23:49,timeslice,2,92.3,6273,16126,38.9
1785432229.205,17:23:49,timeslice,3,93.8,6965,16126,43.2
1785432229.205,17:23:49,timeslice,4,95.6,7771,16126,48.2
1785432229.205,17:23:49,timeslice,5,91.9,6273,16126,38.9
1785432229.205,17:23:49,timeslice,6,94.2,7831,16126,48.6
1785432229.205,17:23:49,timeslice,7,83.1,7898,16126,49.0
1785432230.205,17:23:50,timeslice,0,91.4,6273,16126,38.9
1785432230.205,17:23:50,timeslice,1,94.9,7747,16126,48.0
1785432230.205,17:23:50,timeslice,2,92.3,6273,16126,38.9
1785432230.205,17:23:50,timeslice,3,93.8,6965,16126,43.2
1785432230.205,17:23:50,timeslice,4,95.6,7771,16126,48.2
1785432230.205,17:23:50,timeslice,5,91.9,6273,16126,38.9
1785432230.205,17:23:50,timeslice,6,94.2,7831,16126,48.6
1785432230.205,17:23:50,timeslice,7,83.1,7898,16126,49.0
1785432231.205,17:23:51,timeslice,0,91.4,6273,16126,38.9
1785432231.205,17:23:51,timeslice,1,94.9,7747,16126,48.0
1785432231.205,17:23:51,timeslice,2,92.3,6273,16126,38.9
1785432231.205,17:23:51,timeslice,3,93.8,6965,16126,43.2
1785432231.205,17:23:51,timeslice,4,95.6,7771,16126,48.2
1785432231.205,17:23:51,timeslice,5,91.9,6273,16126,38.9
1785432231.205,17:23:51,timeslice,6,94.2,7831,16126,48.6
1785432231.205,17:23:51,timeslice,7,83.1,7898,16126,49.0
1785432232.205,17:23:52,timeslice,0,87.1,8494,16126,52.7
1785432232.205,17:23:52,timeslice,1,94.8,8440,16126,52.3
1785432232.205,17:23:52,timeslice,2,91.9,8482,16126,52.6
1785432232.205,17:23:52,timeslice,3,94.2,8462,16126,52.5
1785432232.205,17:23:52,timeslice,4,95.8,8420,16126,52.2
1785432232.205,17:23:52,timeslice,5,90.1,8418,16126,52.2
1785432232.205,17:23:52,timeslice,6,95.7,8392,16126,52.0
1785432232.205,17:23:52,timeslice,7,95.7,8429,16126,52.3
1785432233.205,17:23:53,timeslice,0,87.1,8494,16126,52.7
1785432233.205,17:23:53,timeslice,1,94.8,8440,16126,52.3
1785432233.205,17:23:53,timeslice,2,91.9,8482,16126,52.6
1785432233.205,17:23:53,timeslice,3,94.2,8462,16126,52.5
1785432233.205,17:23:53,timeslice,4,95.8,8420,16126,52.2
1785432233.205,17:23:53,timeslice,5,90.1,8418,16126,52.2
1785432233.205,17:23:53,timeslice,6,95.7,8392,16126,52.0
1785432233.205,17:23:53,timeslice,7,95.7,8429,16126,52.3
1785432234.205,17:23:54,timeslice,0,87.1,8494,16126,52.7
1785432234.205,17:23:54,timeslice,1,94.8,8440,16126,52.3
1785432234.205,17:23:54,timeslice,2,91.9,8482,16126,52.6
1785432234.205,17:23:54,timeslice,3,94.2,8462,16126,52.5
1785432234.205,17:23:54,timeslice,4,95.8,8420,16126,52.2
1785432234.205,17:23:54,timeslice,5,90.1,8418,16126,52.2
1785432234.205,17:23:54,timeslice,6,95.7,8392,16126,52.0
1785432234.205,17:23:54,timeslice,7,95.7,8429,16126,52.3
1785432235.205,17:23:55,timeslice,0,87.1,8494,16126,52.7
1785432235.205,17:23:55,timeslice,1,94.8,8440,16126,52.3
1785432235.205,17:23:55,timeslice,2,91.9,8482,16126,52.6
1785432235.205,17:23:55,timeslice,3,94.2,8462,16126,52.5
1785432235.205,17:23:55,timeslice,4,95.8,8420,16126,52.2
1785432235.205,17:23:55,timeslice,5,90.1,8418,16126,52.2
1785432235.205,17:23:55,timeslice,6,95.7,8392,16126,52.0
1785432235.205,17:23:55,timeslice,7,95.7,8429,16126,52.3
1785432236.205,17:23:56,timeslice,0,87.1,8494,16126,52.7
1785432236.205,17:23:56,timeslice,1,94.8,8440,16126,52.3
1785432236.205,17:23:56,timeslice,2,91.9,8482,16126,52.6
1785432236.205,17:23:56,timeslice,3,94.2,8462,16126,52.5
1785432236.205,17:23:56,timeslice,4,95.8,8420,16126,52.2
1785432236.205,17:23:56,timeslice,5,90.1,8418,16126,52.2
1785432236.205,17:23:56,timeslice,6,95.7,8392,16126,52.0
1785432236.205,17:23:56,timeslice,7,95.7,8429,16126,52.3
1785432237.205,17:23:57,timeslice,0,95.5,7321,16126,45.4
1785432237.205,17:23:57,timeslice,1,95.5,7366,16126,45.7
1785432237.205,17:23:57,timeslice,2,94.0,7366,16126,45.7
1785432237.205,17:23:57,timeslice,3,92.3,7105,16126,44.1
1785432237.205,17:23:57,timeslice,4,95.5,7366,16126,45.7
1785432237.205,17:23:57,timeslice,5,95.8,7366,16126,45.7
1785432237.205,17:23:57,timeslice,6,94.6,7366,16126,45.7
1785432237.205,17:23:57,timeslice,7,96.1,7367,16126,45.7
1785432238.205,17:23:58,timeslice,0,95.5,7321,16126,45.4
1785432238.205,17:23:58,timeslice,1,95.5,7366,16126,45.7
1785432238.205,17:23:58,timeslice,2,94.0,7366,16126,45.7
1785432238.205,17:23:58,timeslice,3,92.3,7105,16126,44.1
1785432238.205,17:23:58,timeslice,4,95.5,7366,16126,45.7
1785432238.205,17:23:58,timeslice,5,95.8,7366,16126,45.7
1785432238.205,17:23:58,timeslice,6,94.6,7366,16126,45.7
1785432238.205,17:23:58,timeslice,7,96.1,7367,16126,45.7
1785432239.206,17:23:59,timeslice,0,95.5,7321,16126,45.4
1785432239.206,17:23:59,timeslice,1,95.5,7366,16126,45.7
1785432239.206,17:23:59,timeslice,2,94.0,7366,16126,45.7
1785432239.206,17:23:59,timeslice,3,92.3,7105,16126,44.1
1785432239.206,17:23:59,timeslice,4,95.5,7366,16126,45.7
1785432239.206,17:23:59,timeslice,5,95.8,7366,16126,45.7
1785432239.206,17:23:59,timeslice,6,94.6,7366,16126,45.7
1785432239.206,17:23:59,timeslice,7,96.1,7367,16126,45.7
1785432240.206,17:24:00,timeslice,0,95.5,7321,16126,45.4
1785432240.206,17:24:00,timeslice,1,95.5,7366,16126,45.7
1785432240.206,17:24:00,timeslice,2,94.0,7366,16126,45.7
1785432240.206,17:24:00,timeslice,3,92.3,7105,16126,44.1
1785432240.206,17:24:00,timeslice,4,95.5,7366,16126,45.7
1785432240.206,17:24:00,timeslice,5,95.8,7366,16126,45.7
1785432240.206,17:24:00,timeslice,6,94.6,7366,16126,45.7
1785432240.206,17:24:00,timeslice,7,96.1,7367,16126,45.7
1785432241.206,17:24:01,timeslice,0,95.5,7321,16126,45.4
1785432241.206,17:24:01,timeslice,1,95.5,7366,16126,45.7
1785432241.206,17:24:01,timeslice,2,94.0,7366,16126,45.7
1785432241.206,17:24:01,timeslice,3,92.3,7105,16126,44.1
1785432241.206,17:24:01,timeslice,4,95.5,7366,16126,45.7
1785432241.206,17:24:01,timeslice,5,95.8,7366,16126,45.7
1785432241.206,17:24:01,timeslice,6,94.6,7366,16126,45.7
1785432241.206,17:24:01,timeslice,7,96.1,7367,16126,45.7
1785432242.206,17:24:02,timeslice,0,94.0,7566,16126,46.9
1785432242.206,17:24:02,timeslice,1,90.6,6832,16126,42.4
1785432242.206,17:24:02,timeslice,2,94.6,7356,16126,45.6
1785432242.206,17:24:02,timeslice,3,89.7,7458,16126,46.2
1785432242.206,17:24:02,timeslice,4,93.0,6700,16126,41.5
1785432242.206,17:24:02,timeslice,5,94.9,6965,16126,43.2
1785432242.206,17:24:02,timeslice,6,94.2,7350,16126,45.6
1785432242.206,17:24:02,timeslice,7,93.3,6713,16126,41.6
1785432243.206,17:24:03,timeslice,0,94.0,7566,16126,46.9
1785432243.206,17:24:03,timeslice,1,90.6,6832,16126,42.4
1785432243.206,17:24:03,timeslice,2,94.6,7356,16126,45.6
1785432243.206,17:24:03,timeslice,3,89.7,7458,16126,46.2
1785432243.206,17:24:03,timeslice,4,93.0,6700,16126,41.5
1785432243.206,17:24:03,timeslice,5,94.9,6965,16126,43.2
1785432243.206,17:24:03,timeslice,6,94.2,7350,16126,45.6
1785432243.206,17:24:03,timeslice,7,93.3,6713,16126,41.6
1785432244.206,17:24:04,timeslice,0,94.0,7566,16126,46.9
1785432244.206,17:24:04,timeslice,1,90.6,6832,16126,42.4
1785432244.206,17:24:04,timeslice,2,94.6,7356,16126,45.6
1785432244.206,17:24:04,timeslice,3,89.7,7458,16126,46.2
1785432244.206,17:24:04,timeslice,4,93.0,6700,16126,41.5
1785432244.206,17:24:04,timeslice,5,94.9,6965,16126,43.2
1785432244.206,17:24:04,timeslice,6,94.2,7350,16126,45.6
1785432244.206,17:24:04,timeslice,7,93.3,6713,16126,41.6
1785432245.206,17:24:05,timeslice,0,94.0,7566,16126,46.9
1785432245.206,17:24:05,timeslice,1,90.6,6832,16126,42.4
1785432245.206,17:24:05,timeslice,2,94.6,7356,16126,45.6
1785432245.206,17:24:05,timeslice,3,89.7,7458,16126,46.2
1785432245.206,17:24:05,timeslice,4,93.0,6700,16126,41.5
1785432245.206,17:24:05,timeslice,5,94.9,6965,16126,43.2
1785432245.206,17:24:05,timeslice,6,94.2,7350,16126,45.6
1785432245.206,17:24:05,timeslice,7,93.3,6713,16126,41.6
1785432246.206,17:24:06,timeslice,0,94.0,7566,16126,46.9
1785432246.206,17:24:06,timeslice,1,90.6,6832,16126,42.4
1785432246.206,17:24:06,timeslice,2,94.6,7356,16126,45.6
1785432246.206,17:24:06,timeslice,3,89.7,7458,16126,46.2
1785432246.206,17:24:06,timeslice,4,93.0,6700,16126,41.5
1785432246.206,17:24:06,timeslice,5,94.9,6965,16126,43.2
1785432246.206,17:24:06,timeslice,6,94.2,7350,16126,45.6
1785432246.206,17:24:06,timeslice,7,93.3,6713,16126,41.6
1785432247.206,17:24:07,timeslice,0,94.9,8338,16126,51.7
1785432247.206,17:24:07,timeslice,1,95.0,8530,16126,52.9
1785432247.206,17:24:07,timeslice,2,96.0,8536,16126,52.9
1785432247.206,17:24:07,timeslice,3,93.5,8603,16126,53.3
1785432247.206,17:24:07,timeslice,4,91.9,8470,16126,52.5
1785432247.206,17:24:07,timeslice,5,92.9,8520,16126,52.8
1785432247.206,17:24:07,timeslice,6,95.4,8555,16126,53.1
1785432247.206,17:24:07,timeslice,7,93.6,8508,16126,52.8
1785432248.207,17:24:08,timeslice,0,94.9,8338,16126,51.7
1785432248.207,17:24:08,timeslice,1,95.0,8530,16126,52.9
1785432248.207,17:24:08,timeslice,2,96.0,8536,16126,52.9
1785432248.207,17:24:08,timeslice,3,93.5,8603,16126,53.3
1785432248.207,17:24:08,timeslice,4,91.9,8470,16126,52.5
1785432248.207,17:24:08,timeslice,5,92.9,8520,16126,52.8
1785432248.207,17:24:08,timeslice,6,95.4,8555,16126,53.1
1785432248.207,17:24:08,timeslice,7,93.6,8508,16126,52.8
1785432249.207,17:24:09,timeslice,0,94.9,8338,16126,51.7
1785432249.207,17:24:09,timeslice,1,95.0,8530,16126,52.9
1785432249.207,17:24:09,timeslice,2,96.0,8536,16126,52.9
1785432249.207,17:24:09,timeslice,3,93.5,8603,16126,53.3
1785432249.207,17:24:09,timeslice,4,91.9,8470,16126,52.5
1785432249.207,17:24:09,timeslice,5,92.9,8520,16126,52.8
1785432249.207,17:24:09,timeslice,6,95.4,8555,16126,53.1
1785432249.207,17:24:09,timeslice,7,93.6,8508,16126,52.8
1785432250.207,17:24:10,timeslice,0,94.9,8338,16126,51.7
1785432250.207,17:24:10,timeslice,1,95.0,8530,16126,52.9
1785432250.207,17:24:10,timeslice,2,96.0,8536,16126,52.9
1785432250.207,17:24:10,timeslice,3,93.5,8603,16126,53.3
1785432250.207,17:24:10,timeslice,4,91.9,8470,16126,52.5
1785432250.207,17:24:10,timeslice,5,92.9,8520,16126,52.8
1785432250.207,17:24:10,timeslice,6,95.4,8555,16126,53.1
1785432250.207,17:24:10,timeslice,7,93.6,8508,16126,52.8
1785432251.207,17:24:11,timeslice,0,94.9,8338,16126,51.7
1785432251.207,17:24:11,timeslice,1,95.0,8530,16126,52.9
1785432251.207,17:24:11,timeslice,2,96.0,8536,16126,52.9
1785432251.207,17:24:11,timeslice,3,93.5,8603,16126,53.3
1785432251.207,17:24:11,timeslice,4,91.9,8470,16126,52.5
1785432251.207,17:24:11,timeslice,5,92.9,8520,16126,52.8
1785432251.207,17:24:11,timeslice,6,95.4,8555,16126,53.1
1785432251.207,17:24:11,timeslice,7,93.6,8508,16126,52.8
1785432252.207,17:24:12,timeslice,0,95.1,6773,16126,42.0
1785432252.207,17:24:12,timeslice,1,93.2,6789,16126,42.1
1785432252.207,17:24:12,timeslice,2,96.6,6789,16126,42.1
1785432252.207,17:24:12,timeslice,3,88.1,6840,16126,42.4
1785432252.207,17:24:12,timeslice,4,96.7,6783,16126,42.1
1785432252.207,17:24:12,timeslice,5,97.3,6789,16126,42.1
1785432252.207,17:24:12,timeslice,6,95.2,6789,16126,42.1
1785432252.207,17:24:12,timeslice,7,95.7,6790,16126,42.1
1785432253.207,17:24:13,timeslice,0,95.1,6773,16126,42.0
1785432253.207,17:24:13,timeslice,1,93.2,6789,16126,42.1
1785432253.207,17:24:13,timeslice,2,96.6,6789,16126,42.1
1785432253.207,17:24:13,timeslice,3,88.1,6840,16126,42.4
1785432253.207,17:24:13,timeslice,4,96.7,6783,16126,42.1
1785432253.207,17:24:13,timeslice,5,97.3,6789,16126,42.1
1785432253.207,17:24:13,timeslice,6,95.2,6789,16126,42.1
1785432253.207,17:24:13,timeslice,7,95.7,6790,16126,42.1
1785432254.207,17:24:14,timeslice,0,95.1,6773,16126,42.0
1785432254.207,17:24:14,timeslice,1,93.2,6789,16126,42.1
1785432254.207,17:24:14,timeslice,2,96.6,6789,16126,42.1
1785432254.207,17:24:14,timeslice,3,88.1,6840,16126,42.4
1785432254.207,17:24:14,timeslice,4,96.7,6783,16126,42.1
1785432254.207,17:24:14,timeslice,5,97.3,6789,16126,42.1
1785432254.207,17:24:14,timeslice,6,95.2,6789,16126,42.1
1785432254.207,17:24:14,timeslice,7,95.7,6790,16126,42.1
1785432255.207,17:24:15,timeslice,0,95.1,6773,16126,42.0
1785432255.207,17:24:15,timeslice,1,93.2,6789,16126,42.1
1785432255.207,17:24:15,timeslice,2,96.6,6789,16126,42.1
1785432255.207,17:24:15,timeslice,3,88.1,6840,16126,42.4
1785432255.207,17:24:15,timeslice,4,96.7,6783,16126,42.1
1785432255.207,17:24:15,timeslice,5,97.3,6789,16126,42.1
1785432255.207,17:24:15,timeslice,6,95.2,6789,16126,42.1
1785432255.207,17:24:15,timeslice,7,95.7,6790,16126,42.1
1785432256.207,17:24:16,timeslice,0,95.1,6773,16126,42.0
1785432256.207,17:24:16,timeslice,1,93.2,6789,16126,42.1
1785432256.207,17:24:16,timeslice,2,96.6,6789,16126,42.1
1785432256.207,17:24:16,timeslice,3,88.1,6840,16126,42.4
1785432256.207,17:24:16,timeslice,4,96.7,6783,16126,42.1
1785432256.207,17:24:16,timeslice,5,97.3,6789,16126,42.1
1785432256.207,17:24:16,timeslice,6,95.2,6789,16126,42.1
1785432256.207,17:24:16,timeslice,7,95.7,6790,16126,42.1
1785432257.207,17:24:17,timeslice,0,95.6,6628,16126,41.1
1785432257.207,17:24:17,timeslice,1,96.2,6793,16126,42.1
1785432257.207,17:24:17,timeslice,2,96.1,6793,16126,42.1
1785432257.207,17:24:17,timeslice,3,86.2,6808,16126,42.2
1785432257.207,17:24:17,timeslice,4,93.2,6731,16126,41.7
1785432257.207,17:24:17,timeslice,5,97.3,6779,16126,42.0
1785432257.207,17:24:17,timeslice,6,88.3,6793,16126,42.1
1785432257.207,17:24:17,timeslice,7,94.7,6794,16126,42.1
1785432258.208,17:24:18,timeslice,0,95.6,6628,16126,41.1
1785432258.208,17:24:18,timeslice,1,96.2,6793,16126,42.1
1785432258.208,17:24:18,timeslice,2,96.1,6793,16126,42.1
1785432258.208,17:24:18,timeslice,3,86.2,6808,16126,42.2
1785432258.208,17:24:18,timeslice,4,93.2,6731,16126,41.7
1785432258.208,17:24:18,timeslice,5,97.3,6779,16126,42.0
1785432258.208,17:24:18,timeslice,6,88.3,6793,16126,42.1
1785432258.208,17:24:18,timeslice,7,94.7,6794,16126,42.1
1785432259.208,17:24:19,timeslice,0,95.6,6628,16126,41.1
1785432259.208,17:24:19,timeslice,1,96.2,6793,16126,42.1
1785432259.208,17:24:19,timeslice,2,96.1,6793,16126,42.1
1785432259.208,17:24:19,timeslice,3,86.2,6808,16126,42.2
1785432259.208,17:24:19,timeslice,4,93.2,6731,16126,41.7
1785432259.208,17:24:19,timeslice,5,97.3,6779,16126,42.0
1785432259.208,17:24:19,timeslice,6,88.3,6793,16126,42.1
1785432259.208,17:24:19,timeslice,7,94.7,6794,16126,42.1
1785432260.208,17:24:20,timeslice,0,95.6,6628,16126,41.1
1785432260.208,17:24:20,timeslice,1,96.2,6793,16126,42.1
1785432260.208,17:24:20,timeslice,2,96.1,6793,16126,42.1
1785432260.208,17:24:20,timeslice,3,86.2,6808,16126,42.2
1785432260.208,17:24:20,timeslice,4,93.2,6731,16126,41.7
1785432260.208,17:24:20,timeslice,5,97.3,6779,16126,42.0
1785432260.208,17:24:20,timeslice,6,88.3,6793,16126,42.1
1785432260.208,17:24:20,timeslice,7,94.7,6794,16126,42.1
1785432261.208,17:24:21,timeslice,0,95.6,6628,16126,41.1
1785432261.208,17:24:21,timeslice,1,96.2,6793,16126,42.1
1785432261.208,17:24:21,timeslice,2,96.1,6793,16126,42.1
1785432261.208,17:24:21,timeslice,3,86.2,6808,16126,42.2
1785432261.208,17:24:21,timeslice,4,93.2,6731,16126,41.7
1785432261.208,17:24:21,timeslice,5,97.3,6779,16126,42.0
1785432261.208,17:24:21,timeslice,6,88.3,6793,16126,42.1
1785432261.208,17:24:21,timeslice,7,94.7,6794,16126,42.1
1785432262.208,17:24:22,timeslice,0,92.6,8495,16126,52.7
1785432262.208,17:24:22,timeslice,1,91.0,8417,16126,52.2
1785432262.208,17:24:22,timeslice,2,91.0,8406,16126,52.1
1785432262.208,17:24:22,timeslice,3,95.3,8411,16126,52.2
1785432262.208,17:24:22,timeslice,4,95.2,8437,16126,52.3
1785432262.208,17:24:22,timeslice,5,94.4,8235,16126,51.1
1785432262.208,17:24:22,timeslice,6,93.3,8465,16126,52.5
1785432262.208,17:24:22,timeslice,7,92.9,8412,16126,52.2
1785432263.208,17:24:23,timeslice,0,92.6,8495,16126,52.7
1785432263.208,17:24:23,timeslice,1,91.0,8417,16126,52.2
1785432263.208,17:24:23,timeslice,2,91.0,8406,16126,52.1
1785432263.208,17:24:23,timeslice,3,95.3,8411,16126,52.2
1785432263.208,17:24:23,timeslice,4,95.2,8437,16126,52.3
1785432263.208,17:24:23,timeslice,5,94.4,8235,16126,51.1
1785432263.208,17:24:23,timeslice,6,93.3,8465,16126,52.5
1785432263.208,17:24:23,timeslice,7,92.9,8412,16126,52.2
1785432264.208,17:24:24,timeslice,0,92.6,8495,16126,52.7
1785432264.208,17:24:24,timeslice,1,91.0,8417,16126,52.2
1785432264.208,17:24:24,timeslice,2,91.0,8406,16126,52.1
1785432264.208,17:24:24,timeslice,3,95.3,8411,16126,52.2
1785432264.208,17:24:24,timeslice,4,95.2,8437,16126,52.3
1785432264.208,17:24:24,timeslice,5,94.4,8235,16126,51.1
1785432264.208,17:24:24,timeslice,6,93.3,8465,16126,52.5
1785432264.208,17:24:24,timeslice,7,92.9,8412,16126,52.2
1785432265.208,17:24:25,timeslice,0,92.6,8495,16126,52.7
1785432265.208,17:24:25,timeslice,1,91.0,8417,16126,52.2
1785432265.208,17:24:25,timeslice,2,91.0,8406,16126,52.1
1785432265.208,17:24:25,timeslice,3,95.3,8411,16126,52.2
1785432265.208,17:24:25,timeslice,4,95.2,8437,16126,52.3
1785432265.208,17:24:25,timeslice,5,94.4,8235,16126,51.1
1785432265.208,17:24:25,timeslice,6,93.3,8465,16126,52.5
1785432265.208,17:24:25,timeslice,7,92.9,8412,16126,52.2
1785432266.208,17:24:26,timeslice,0,92.6,8495,16126,52.7
1785432266.208,17:24:26,timeslice,1,91.0,8417,16126,52.2
1785432266.208,17:24:26,timeslice,2,91.0,8406,16126,52.1
1785432266.208,17:24:26,timeslice,3,95.3,8411,16126,52.2
1785432266.208,17:24:26,timeslice,4,95.2,8437,16126,52.3
1785432266.208,17:24:26,timeslice,5,94.4,8235,16126,51.1
1785432266.208,17:24:26,timeslice,6,93.3,8465,16126,52.5
1785432266.208,17:24:26,timeslice,7,92.9,8412,16126,52.2
1785432267.209,17:24:27,timeslice,0,90.8,5772,16126,35.8
1785432267.209,17:24:27,timeslice,1,95.3,5803,16126,36.0
1785432267.209,17:24:27,timeslice,2,87.6,5803,16126,36.0
1785432267.209,17:24:27,timeslice,3,95.9,5803,16126,36.0
1785432267.209,17:24:27,timeslice,4,94.8,5803,16126,36.0
1785432267.209,17:24:27,timeslice,5,89.1,5803,16126,36.0
1785432267.209,17:24:27,timeslice,6,95.3,5803,16126,36.0
1785432267.209,17:24:27,timeslice,7,89.6,5805,16126,36.0
1785432268.209,17:24:28,timeslice,0,90.8,5772,16126,35.8
1785432268.209,17:24:28,timeslice,1,95.3,5803,16126,36.0
1785432268.209,17:24:28,timeslice,2,87.6,5803,16126,36.0
1785432268.209,17:24:28,timeslice,3,95.9,5803,16126,36.0
1785432268.209,17:24:28,timeslice,4,94.8,5803,16126,36.0
1785432268.209,17:24:28,timeslice,5,89.1,5803,16126,36.0
1785432268.209,17:24:28,timeslice,6,95.3,5803,16126,36.0
1785432268.209,17:24:28,timeslice,7,89.6,5805,16126,36.0
1785432269.209,17:24:29,timeslice,0,90.8,5772,16126,35.8
1785432269.209,17:24:29,timeslice,1,95.3,5803,16126,36.0
1785432269.209,17:24:29,timeslice,2,87.6,5803,16126,36.0
1785432269.209,17:24:29,timeslice,3,95.9,5803,16126,36.0
1785432269.209,17:24:29,timeslice,4,94.8,5803,16126,36.0
1785432269.209,17:24:29,timeslice,5,89.1,5803,16126,36.0
1785432269.209,17:24:29,timeslice,6,95.3,5803,16126,36.0
1785432269.209,17:24:29,timeslice,7,89.6,5805,16126,36.0
1785432270.209,17:24:30,timeslice,0,90.8,5772,16126,35.8
1785432270.209,17:24:30,timeslice,1,95.3,5803,16126,36.0
1785432270.209,17:24:30,timeslice,2,87.6,5803,16126,36.0
1785432270.209,17:24:30,timeslice,3,95.9,5803,16126,36.0
1785432270.209,17:24:30,timeslice,4,94.8,5803,16126,36.0
1785432270.209,17:24:30,timeslice,5,89.1,5803,16126,36.0
1785432270.209,17:24:30,timeslice,6,95.3,5803,16126,36.0
1785432270.209,17:24:30,timeslice,7,89.6,5805,16126,36.0
1785432271.209,17:24:31,timeslice,0,90.8,5772,16126,35.8
1785432271.209,17:24:31,timeslice,1,95.3,5803,16126,36.0
1785432271.209,17:24:31,timeslice,2,87.6,5803,16126,36.0
1785432271.209,17:24:31,timeslice,3,95.9,5803,16126,36.0
1785432271.209,17:24:31,timeslice,4,94.8,5803,16126,36.0
1785432271.209,17:24:31,timeslice,5,89.1,5803,16126,36.0
1785432271.209,17:24:31,timeslice,6,95.3,5803,16126,36.0
1785432271.209,17:24:31,timeslice,7,89.6,5805,16126,36.0
1785432272.209,17:24:32,timeslice,0,96.5,8465,16126,52.5
1785432272.209,17:24:32,timeslice,1,96.4,8301,16126,51.5
1785432272.209,17:24:32,timeslice,2,92.2,8609,16126,53.4
1785432272.209,17:24:32,timeslice,3,97.1,8301,16126,51.5
1785432272.209,17:24:32,timeslice,4,95.6,8264,16126,51.2
1785432272.209,17:24:32,timeslice,5,96.8,8657,16126,53.7
1785432272.209,17:24:32,timeslice,6,91.6,8735,16126,54.2
1785432272.209,17:24:32,timeslice,7,96.1,8302,16126,51.5
1785432273.209,17:24:33,timeslice,0,96.5,8465,16126,52.5
1785432273.209,17:24:33,timeslice,1,96.4,8301,16126,51.5
1785432273.209,17:24:33,timeslice,2,92.2,8609,16126,53.4
1785432273.209,17:24:33,timeslice,3,97.1,8301,16126,51.5
1785432273.209,17:24:33,timeslice,4,95.6,8264,16126,51.2
1785432273.209,17:24:33,timeslice,5,96.8,8657,16126,53.7
1785432273.209,17:24:33,timeslice,6,91.6,8735,16126,54.2
1785432273.209,17:24:33,timeslice,7,96.1,8302,16126,51.5
1785432274.209,17:24:34,timeslice,0,96.5,8465,16126,52.5
1785432274.209,17:24:34,timeslice,1,96.4,8301,16126,51.5
1785432274.209,17:24:34,timeslice,2,92.2,8609,16126,53.4
1785432274.209,17:24:34,timeslice,3,97.1,8301,16126,51.5
1785432274.209,17:24:34,timeslice,4,95.6,8264,16126,51.2
1785432274.209,17:24:34,timeslice,5,96.8,8657,16126,53.7
1785432274.209,17:24:34,timeslice,6,91.6,8735,16126,54.2
1785432274.209,17:24:34,timeslice,7,96.1,8302,16126,51.5
1785432275.209,17:24:35,timeslice,0,96.5,8465,16126,52.5
1785432275.209,17:24:35,timeslice,1,96.4,8301,16126,51.5
1785432275.209,17:24:35,timeslice,2,92.2,8609,16126,53.4
1785432275.209,17:24:35,timeslice,3,97.1,8301,16126,51.5
1785432275.209,17:24:35,timeslice,4,95.6,8264,16126,51.2
1785432275.209,17:24:35,timeslice,5,96.8,8657,16126,53.7
1785432275.209,17:24:35,timeslice,6,91.6,8735,16126,54.2
1785432275.209,17:24:35,timeslice,7,96.1,8302,16126,51.5
1785432276.209,17:24:36,timeslice,0,96.5,8465,16126,52.5
1785432276.209,17:24:36,timeslice,1,96.4,8301,16126,51.5
1785432276.209,17:24:36,timeslice,2,92.2,8609,16126,53.4
1785432276.209,17:24:36,timeslice,3,97.1,8301,16126,51.5
1785432276.209,17:24:36,timeslice,4,95.6,8264,16126,51.2
1785432276.209,17:24:36,timeslice,5,96.8,8657,16126,53.7
1785432276.209,17:24:36,timeslice,6,91.6,8735,16126,54.2
1785432276.209,17:24:36,timeslice,7,96.1,8302,16126,51.5
1785432277.21,17:24:37,timeslice,0,92.3,7956,16126,49.3
1785432277.21,17:24:37,timeslice,1,92.7,8006,16126,49.6
1785432277.21,17:24:37,timeslice,2,92.0,8066,16126,50.0
1785432277.21,17:24:37,timeslice,3,88.8,7976,16126,49.5
1785432277.21,17:24:37,timeslice,4,94.0,7892,16126,48.9
1785432277.21,17:24:37,timeslice,5,94.8,7982,16126,49.5
1785432277.21,17:24:37,timeslice,6,94.3,7994,16126,49.6
1785432277.21,17:24:37,timeslice,7,93.4,8001,16126,49.6
1785432278.21,17:24:38,timeslice,0,92.3,7956,16126,49.3
1785432278.21,17:24:38,timeslice,1,92.7,8006,16126,49.6
1785432278.21,17:24:38,timeslice,2,92.0,8066,16126,50.0
1785432278.21,17:24:38,timeslice,3,88.8,7976,16126,49.5
1785432278.21,17:24:38,timeslice,4,94.0,7892,16126,48.9
1785432278.21,17:24:38,timeslice,5,94.8,7982,16126,49.5
1785432278.21,17:24:38,timeslice,6,94.3,7994,16126,49.6
1785432278.21,17:24:38,timeslice,7,93.4,8001,16126,49.6
1785432279.21,17:24:39,timeslice,0,92.3,7956,16126,49.3
1785432279.21,17:24:39,timeslice,1,92.7,8006,16126,49.6
1785432279.21,17:24:39,timeslice,2,92.0,8066,16126,50.0
1785432279.21,17:24:39,timeslice,3,88.8,7976,16126,49.5
1785432279.21,17:24:39,timeslice,4,94.0,7892,16126,48.9
1785432279.21,17:24:39,timeslice,5,94.8,7982,16126,49.5
1785432279.21,17:24:39,timeslice,6,94.3,7994,16126,49.6
1785432279.21,17:24:39,timeslice,7,93.4,8001,16126,49.6
1785432280.21,17:24:40,timeslice,0,92.3,7956,16126,49.3
1785432280.21,17:24:40,timeslice,1,92.7,8006,16126,49.6
1785432280.21,17:24:40,timeslice,2,92.0,8066,16126,50.0
1785432280.21,17:24:40,timeslice,3,88.8,7976,16126,49.5
1785432280.21,17:24:40,timeslice,4,94.0,7892,16126,48.9
1785432280.21,17:24:40,timeslice,5,94.8,7982,16126,49.5
1785432280.21,17:24:40,timeslice,6,94.3,7994,16126,49.6
1785432280.21,17:24:40,timeslice,7,93.4,8001,16126,49.6
1785432281.21,17:24:41,timeslice,0,92.3,7956,16126,49.3
1785432281.21,17:24:41,timeslice,1,92.7,8006,16126,49.6
1785432281.21,17:24:41,timeslice,2,92.0,8066,16126,50.0
1785432281.21,17:24:41,timeslice,3,88.8,7976,16126,49.5
1785432281.21,17:24:41,timeslice,4,94.0,7892,16126,48.9
1785432281.21,17:24:41,timeslice,5,94.8,7982,16126,49.5
1785432281.21,17:24:41,timeslice,6,94.3,7994,16126,49.6
1785432281.21,17:24:41,timeslice,7,93.4,8001,16126,49.6
1785432282.21,17:24:42,timeslice,0,95.5,9621,16126,59.7
1785432282.21,17:24:42,timeslice,1,95.9,8972,16126,55.6
1785432282.21,17:24:42,timeslice,2,87.5,9337,16126,57.9
1785432282.21,17:24:42,timeslice,3,94.0,9337,16126,57.9
1785432282.21,17:24:42,timeslice,4,95.0,9621,16126,59.7
1785432282.21,17:24:42,timeslice,5,95.6,8768,16126,54.4
1785432282.21,17:24:42,timeslice,6,95.1,9695,16126,60.1
1785432282.21,17:24:42,timeslice,7,95.8,10684,16126,66.3
1785432283.21,17:24:43,timeslice,0,95.5,9621,16126,59.7
1785432283.21,17:24:43,timeslice,1,95.9,8972,16126,55.6
1785432283.21,17:24:43,timeslice,2,87.5,9337,16126,57.9
1785432283.21,17:24:43,timeslice,3,94.0,9337,16126,57.9
1785432283.21,17:24:43,timeslice,4,95.0,9621,16126,59.7
1785432283.21,17:24:43,timeslice,5,95.6,8768,16126,54.4
1785432283.21,17:24:43,timeslice,6,95.1,9695,16126,60.1
1785432283.21,17:24:43,timeslice,7,95.8,10684,16126,66.3
1785432284.21,17:24:44,timeslice,0,95.5,9621,16126,59.7
1785432284.21,17:24:44,timeslice,1,95.9,8972,16126,55.6
1785432284.21,17:24:44,timeslice,2,87.5,9337,16126,57.9
1785432284.21,17:24:44,timeslice,3,94.0,9337,16126,57.9
1785432284.21,17:24:44,timeslice,4,95.0,9621,16126,59.7
1785432284.21,17:24:44,timeslice,5,95.6,8768,16126,54.4
1785432284.21,17:24:44,timeslice,6,95.1,9695,16126,60.1
1785432284.21,17:24:44,timeslice,7,95.8,10684,16126,66.3
1785432285.21,17:24:45,timeslice,0,95.5,9621,16126,59.7
1785432285.21,17:24:45,timeslice,1,95.9,8972,16126,55.6
1785432285.21,17:24:45,timeslice,2,87.5,9337,16126,57.9
1785432285.21,17:24:45,timeslice,3,94.0,9337,16126,57.9
1785432285.21,17:24:45,timeslice,4,95.0,9621,16126,59.7
1785432285.21,17:24:45,timeslice,5,95.6,8768,16126,54.4
1785432285.21,17:24:45,timeslice,6,95.1,9695,16126,60.1
1785432285.21,17:24:45,timeslice,7,95.8,10684,16126,66.3
1785432286.21,17:24:46,timeslice,0,95.5,9621,16126,59.7
1785432286.21,17:24:46,timeslice,1,95.9,8972,16126,55.6
1785432286.21,17:24:46,timeslice,2,87.5,9337,16126,57.9
1785432286.21,17:24:46,timeslice,3,94.0,9337,16126,57.9
1785432286.21,17:24:46,timeslice,4,95.0,9621,16126,59.7
1785432286.21,17:24:46,timeslice,5,95.6,8768,16126,54.4
1785432286.21,17:24:46,timeslice,6,95.1,9695,16126,60.1
1785432286.21,17:24:46,timeslice,7,95.8,10684,16126,66.3
1785432287.211,17:24:47,timeslice,0,95.7,11061,16126,68.6
1785432287.211,17:24:47,timeslice,1,94.3,11175,16126,69.3
1785432287.211,17:24:47,timeslice,2,96.0,11139,16126,69.1
1785432287.211,17:24:47,timeslice,3,92.4,11067,16126,68.6
1785432287.211,17:24:47,timeslice,4,96.1,11079,16126,68.7
1785432287.211,17:24:47,timeslice,5,91.3,11223,16126,69.6
1785432287.211,17:24:47,timeslice,6,94.7,11109,16126,68.9
1785432287.211,17:24:47,timeslice,7,95.1,11158,16126,69.2
1785432288.211,17:24:48,timeslice,0,95.7,11061,16126,68.6
1785432288.211,17:24:48,timeslice,1,94.3,11175,16126,69.3
1785432288.211,17:24:48,timeslice,2,96.0,11139,16126,69.1
1785432288.211,17:24:48,timeslice,3,92.4,11067,16126,68.6
1785432288.211,17:24:48,timeslice,4,96.1,11079,16126,68.7
1785432288.211,17:24:48,timeslice,5,91.3,11223,16126,69.6
1785432288.211,17:24:48,timeslice,6,94.7,11109,16126,68.9
1785432288.211,17:24:48,timeslice,7,95.1,11158,16126,69.2
1785432289.211,17:24:49,timeslice,0,95.7,11061,16126,68.6
1785432289.211,17:24:49,timeslice,1,94.3,11175,16126,69.3
1785432289.211,17:24:49,timeslice,2,96.0,11139,16126,69.1
1785432289.211,17:24:49,timeslice,3,92.4,11067,16126,68.6
1785432289.211,17:24:49,timeslice,4,96.1,11079,16126,68.7
1785432289.211,17:24:49,timeslice,5,91.3,11223,16126,69.6
1785432289.211,17:24:49,timeslice,6,94.7,11109,16126,68.9
1785432289.211,17:24:49,timeslice,7,95.1,11158,16126,69.2
1785432290.211,17:24:50,timeslice,0,95.7,11061,16126,68.6
1785432290.211,17:24:50,timeslice,1,94.3,11175,16126,69.3
1785432290.211,17:24:50,timeslice,2,96.0,11139,16126,69.1
1785432290.211,17:24:50,timeslice,3,92.4,11067,16126,68.6
1785432290.211,17:24:50,timeslice,4,96.1,11079,16126,68.7
1785432290.211,17:24:50,timeslice,5,91.3,11223,16126,69.6
1785432290.211,17:24:50,timeslice,6,94.7,11109,16126,68.9
1785432290.211,17:24:50,timeslice,7,95.1,11158,16126,69.2
1785432291.211,17:24:51,timeslice,0,95.7,11061,16126,68.6
1785432291.211,17:24:51,timeslice,1,94.3,11175,16126,69.3
1785432291.211,17:24:51,timeslice,2,96.0,11139,16126,69.1
1785432291.211,17:24:51,timeslice,3,92.4,11067,16126,68.6
1785432291.211,17:24:51,timeslice,4,96.1,11079,16126,68.7
1785432291.211,17:24:51,timeslice,5,91.3,11223,16126,69.6
1785432291.211,17:24:51,timeslice,6,94.7,11109,16126,68.9
1785432291.211,17:24:51,timeslice,7,95.1,11158,16126,69.2
1785432292.211,17:24:52,timeslice,0,93.4,8671,16126,53.8
1785432292.211,17:24:52,timeslice,1,93.5,8590,16126,53.3
1785432292.211,17:24:52,timeslice,2,94.4,8655,16126,53.7
1785432292.211,17:24:52,timeslice,3,93.2,8620,16126,53.5
1785432292.211,17:24:52,timeslice,4,93.6,8601,16126,53.3
1785432292.211,17:24:52,timeslice,5,89.7,8787,16126,54.5
1785432292.211,17:24:52,timeslice,6,91.1,8638,16126,53.6
1785432292.211,17:24:52,timeslice,7,92.7,8591,16126,53.3
1785432293.211,17:24:53,timeslice,0,93.4,8671,16126,53.8
1785432293.211,17:24:53,timeslice,1,93.5,8590,16126,53.3
1785432293.211,17:24:53,timeslice,2,94.4,8655,16126,53.7
1785432293.211,17:24:53,timeslice,3,93.2,8620,16126,53.5
1785432293.211,17:24:53,timeslice,4,93.6,8601,16126,53.3
1785432293.211,17:24:53,timeslice,5,89.7,8787,16126,54.5
1785432293.211,17:24:53,timeslice,6,91.1,8638,16126,53.6
1785432293.211,17:24:53,timeslice,7,92.7,8591,16126,53.3
1785432294.211,17:24:54,timeslice,0,93.4,8671,16126,53.8
1785432294.211,17:24:54,timeslice,1,93.5,8590,16126,53.3
1785432294.211,17:24:54,timeslice,2,94.4,8655,16126,53.7
1785432294.211,17:24:54,timeslice,3,93.2,8620,16126,53.5
1785432294.211,17:24:54,timeslice,4,93.6,8601,16126,53.3
1785432294.211,17:24:54,timeslice,5,89.7,8787,16126,54.5
1785432294.211,17:24:54,timeslice,6,91.1,8638,16126,53.6
1785432294.211,17:24:54,timeslice,7,92.7,8591,16126,53.3
1785432295.211,17:24:55,timeslice,0,93.4,8671,16126,53.8
1785432295.211,17:24:55,timeslice,1,93.5,8590,16126,53.3
1785432295.211,17:24:55,timeslice,2,94.4,8655,16126,53.7
1785432295.211,17:24:55,timeslice,3,93.2,8620,16126,53.5
1785432295.211,17:24:55,timeslice,4,93.6,8601,16126,53.3
1785432295.211,17:24:55,timeslice,5,89.7,8787,16126,54.5
1785432295.211,17:24:55,timeslice,6,91.1,8638,16126,53.6
1785432295.211,17:24:55,timeslice,7,92.7,8591,16126,53.3
1785432296.212,17:24:56,timeslice,0,93.4,8671,16126,53.8
1785432296.212,17:24:56,timeslice,1,93.5,8590,16126,53.3
1785432296.212,17:24:56,timeslice,2,94.4,8655,16126,53.7
1785432296.212,17:24:56,timeslice,3,93.2,8620,16126,53.5
1785432296.212,17:24:56,timeslice,4,93.6,8601,16126,53.3
1785432296.212,17:24:56,timeslice,5,89.7,8787,16126,54.5
1785432296.212,17:24:56,timeslice,6,91.1,8638,16126,53.6
1785432296.212,17:24:56,timeslice,7,92.7,8591,16126,53.3
1785432297.212,17:24:57,timeslice,0,95.1,10774,16126,66.8
1785432297.212,17:24:57,timeslice,1,91.3,8200,16126,50.8
1785432297.212,17:24:57,timeslice,2,96.0,9260,16126,57.4
1785432297.212,17:24:57,timeslice,3,94.1,9621,16126,59.7
1785432297.212,17:24:57,timeslice,4,96.2,9337,16126,57.9
1785432297.212,17:24:57,timeslice,5,92.1,9621,16126,59.7
1785432297.212,17:24:57,timeslice,6,93.9,8768,16126,54.4
1785432297.212,17:24:57,timeslice,7,94.8,9338,16126,57.9
1785432298.212,17:24:58,timeslice,0,95.1,10774,16126,66.8
1785432298.212,17:24:58,timeslice,1,91.3,8200,16126,50.8
1785432298.212,17:24:58,timeslice,2,96.0,9260,16126,57.4
1785432298.212,17:24:58,timeslice,3,94.1,9621,16126,59.7
1785432298.212,17:24:58,timeslice,4,96.2,9337,16126,57.9
1785432298.212,17:24:58,timeslice,5,92.1,9621,16126,59.7
1785432298.212,17:24:58,timeslice,6,93.9,8768,16126,54.4
1785432298.212,17:24:58,timeslice,7,94.8,9338,16126,57.9
1785432299.212,17:24:59,timeslice,0,95.1,10774,16126,66.8
1785432299.212,17:24:59,timeslice,1,91.3,8200,16126,50.8
1785432299.212,17:24:59,timeslice,2,96.0,9260,16126,57.4
1785432299.212,17:24:59,timeslice,3,94.1,9621,16126,59.7
1785432299.212,17:24:59,timeslice,4,96.2,9337,16126,57.9
1785432299.212,17:24:59,timeslice,5,92.1,9621,16126,59.7
1785432299.212,17:24:59,timeslice,6,93.9,8768,16126,54.4
1785432299.212,17:24:59,timeslice,7,94.8,9338,16126,57.9
1785432300.212,17:25:00,timeslice,0,95.1,10774,16126,66.8
1785432300.212,17:25:00,timeslice,1,91.3,8200,16126,50.8
1785432300.212,17:25:00,timeslice,2,96.0,9260,16126,57.4
1785432300.212,17:25:00,timeslice,3,94.1,9621,16126,59.7
1785432300.212,17:25:00,timeslice,4,96.2,9337,16126,57.9
1785432300.212,17:25:00,timeslice,5,92.1,9621,16126,59.7
1785432300.212,17:25:00,timeslice,6,93.9,8768,16126,54.4
1785432300.212,17:25:00,timeslice,7,94.8,9338,16126,57.9
1785432301.212,17:25:01,timeslice,0,95.1,10774,16126,66.8
1785432301.212,17:25:01,timeslice,1,91.3,8200,16126,50.8
1785432301.212,17:25:01,timeslice,2,96.0,9260,16126,57.4
1785432301.212,17:25:01,timeslice,3,94.1,9621,16126,59.7
1785432301.212,17:25:01,timeslice,4,96.2,9337,16126,57.9
1785432301.212,17:25:01,timeslice,5,92.1,9621,16126,59.7
1785432301.212,17:25:01,timeslice,6,93.9,8768,16126,54.4
1785432301.212,17:25:01,timeslice,7,94.8,9338,16126,57.9
1785432302.212,17:25:02,timeslice,0,95.9,6568,16126,40.7
1785432302.212,17:25:02,timeslice,1,88.5,6974,16126,43.2
1785432302.212,17:25:02,timeslice,2,93.5,6654,16126,41.3
1785432302.212,17:25:02,timeslice,3,96.2,6564,16126,40.7
1785432302.212,17:25:02,timeslice,4,96.3,6612,16126,41.0
1785432302.212,17:25:02,timeslice,5,94.9,6654,16126,41.3
1785432302.212,17:25:02,timeslice,6,96.5,6654,16126,41.3
1785432302.212,17:25:02,timeslice,7,90.2,6595,16126,40.9
1785432303.212,17:25:03,timeslice,0,95.9,6568,16126,40.7
1785432303.212,17:25:03,timeslice,1,88.5,6974,16126,43.2
1785432303.212,17:25:03,timeslice,2,93.5,6654,16126,41.3
1785432303.212,17:25:03,timeslice,3,96.2,6564,16126,40.7
1785432303.212,17:25:03,timeslice,4,96.3,6612,16126,41.0
1785432303.212,17:25:03,timeslice,5,94.9,6654,16126,41.3
1785432303.212,17:25:03,timeslice,6,96.5,6654,16126,41.3
1785432303.212,17:25:03,timeslice,7,90.2,6595,16126,40.9
1785432304.212,17:25:04,timeslice,0,95.9,6568,16126,40.7
1785432304.212,17:25:04,timeslice,1,88.5,6974,16126,43.2
1785432304.212,17:25:04,timeslice,2,93.5,6654,16126,41.3
1785432304.212,17:25:04,timeslice,3,96.2,6564,16126,40.7
1785432304.212,17:25:04,timeslice,4,96.3,6612,16126,41.0
1785432304.212,17:25:04,timeslice,5,94.9,6654,16126,41.3
1785432304.212,17:25:04,timeslice,6,96.5,6654,16126,41.3
1785432304.212,17:25:04,timeslice,7,90.2,6595,16126,40.9
1785432305.212,17:25:05,timeslice,0,95.9,6568,16126,40.7
1785432305.212,17:25:05,timeslice,1,88.5,6974,16126,43.2
1785432305.212,17:25:05,timeslice,2,93.5,6654,16126,41.3
1785432305.212,17:25:05,timeslice,3,96.2,6564,16126,40.7
1785432305.212,17:25:05,timeslice,4,96.3,6612,16126,41.0
1785432305.212,17:25:05,timeslice,5,94.9,6654,16126,41.3
1785432305.212,17:25:05,timeslice,6,96.5,6654,16126,41.3
1785432305.212,17:25:05,timeslice,7,90.2,6595,16126,40.9
1785432306.213,17:25:06,timeslice,0,95.9,6568,16126,40.7
1785432306.213,17:25:06,timeslice,1,88.5,6974,16126,43.2
1785432306.213,17:25:06,timeslice,2,93.5,6654,16126,41.3
1785432306.213,17:25:06,timeslice,3,96.2,6564,16126,40.7
1785432306.213,17:25:06,timeslice,4,96.3,6612,16126,41.0
1785432306.213,17:25:06,timeslice,5,94.9,6654,16126,41.3
1785432306.213,17:25:06,timeslice,6,96.5,6654,16126,41.3
1785432306.213,17:25:06,timeslice,7,90.2,6595,16126,40.9
1785432307.213,17:25:07,timeslice,0,95.4,5568,16126,34.5
1785432307.213,17:25:07,timeslice,1,93.8,5613,16126,34.8
1785432307.213,17:25:07,timeslice,2,95.5,5619,16126,34.8
1785432307.213,17:25:07,timeslice,3,95.5,5432,16126,33.7
1785432307.213,17:25:07,timeslice,4,95.8,5505,16126,34.1
1785432307.213,17:25:07,timeslice,5,95.3,5559,16126,34.5
1785432307.213,17:25:07,timeslice,6,88.8,6437,16126,39.9
1785432307.213,17:25:07,timeslice,7,95.6,5585,16126,34.6
1785432308.213,17:25:08,timeslice,0,95.4,5568,16126,34.5
1785432308.213,17:25:08,timeslice,1,93.8,5613,16126,34.8
1785432308.213,17:25:08,timeslice,2,95.5,5619,16126,34.8
1785432308.213,17:25:08,timeslice,3,95.5,5432,16126,33.7
1785432308.213,17:25:08,timeslice,4,95.8,5505,16126,34.1
1785432308.213,17:25:08,timeslice,5,95.3,5559,16126,34.5
1785432308.213,17:25:08,timeslice,6,88.8,6437,16126,39.9
1785432308.213,17:25:08,timeslice,7,95.6,5585,16126,34.6
1785432309.213,17:25:09,timeslice,0,95.4,5568,16126,34.5
1785432309.213,17:25:09,timeslice,1,93.8,5613,16126,34.8
1785432309.213,17:25:09,timeslice,2,95.5,5619,16126,34.8
1785432309.213,17:25:09,timeslice,3,95.5,5432,16126,33.7
1785432309.213,17:25:09,timeslice,4,95.8,5505,16126,34.1
1785432309.213,17:25:09,timeslice,5,95.3,5559,16126,34.5
1785432309.213,17:25:09,timeslice,6,88.8,6437,16126,39.9
1785432309.213,17:25:09,timeslice,7,95.6,5585,16126,34.6
1785432310.213,17:25:10,timeslice,0,95.4,5568,16126,34.5
1785432310.213,17:25:10,timeslice,1,93.8,5613,16126,34.8
1785432310.213,17:25:10,timeslice,2,95.5,5619,16126,34.8
1785432310.213,17:25:10,timeslice,3,95.5,5432,16126,33.7
1785432310.213,17:25:10,timeslice,4,95.8,5505,16126,34.1
1785432310.213,17:25:10,timeslice,5,95.3,5559,16126,34.5
1785432310.213,17:25:10,timeslice,6,88.8,6437,16126,39.9
1785432310.213,17:25:10,timeslice,7,95.6,5585,16126,34.6
1785432311.213,17:25:11,timeslice,0,95.4,5568,16126,34.5
1785432311.213,17:25:11,timeslice,1,93.8,5613,16126,34.8
1785432311.213,17:25:11,timeslice,2,95.5,5619,16126,34.8
1785432311.213,17:25:11,timeslice,3,95.5,5432,16126,33.7
1785432311.213,17:25:11,timeslice,4,95.8,5505,16126,34.1
1785432311.213,17:25:11,timeslice,5,95.3,5559,16126,34.5
1785432311.213,17:25:11,timeslice,6,88.8,6437,16126,39.9
1785432311.213,17:25:11,timeslice,7,95.6,5585,16126,34.6
1785432312.213,17:25:12,timeslice,0,93.1,6957,16126,43.1
1785432312.213,17:25:12,timeslice,1,93.3,6727,16126,41.7
1785432312.213,17:25:12,timeslice,2,86.9,6785,16126,42.1
1785432312.213,17:25:12,timeslice,3,93.1,6575,16126,40.8
1785432312.213,17:25:12,timeslice,4,93.7,6717,16126,41.7
1785432312.213,17:25:12,timeslice,5,94.2,6857,16126,42.5
1785432312.213,17:25:12,timeslice,6,93.8,6797,16126,42.1
1785432312.213,17:25:12,timeslice,7,93.2,6729,16126,41.7
1785432313.213,17:25:13,timeslice,0,93.1,6957,16126,43.1
1785432313.213,17:25:13,timeslice,1,93.3,6727,16126,41.7
1785432313.213,17:25:13,timeslice,2,86.9,6785,16126,42.1
1785432313.213,17:25:13,timeslice,3,93.1,6575,16126,40.8
1785432313.213,17:25:13,timeslice,4,93.7,6717,16126,41.7
1785432313.213,17:25:13,timeslice,5,94.2,6857,16126,42.5
1785432313.213,17:25:13,timeslice,6,93.8,6797,16126,42.1
1785432313.213,17:25:13,timeslice,7,93.2,6729,16126,41.7
1785432314.213,17:25:14,timeslice,0,93.1,6957,16126,43.1
1785432314.213,17:25:14,timeslice,1,93.3,6727,16126,41.7
1785432314.213,17:25:14,timeslice,2,86.9,6785,16126,42.1
1785432314.213,17:25:14,timeslice,3,93.1,6575,16126,40.8
1785432314.213,17:25:14,timeslice,4,93.7,6717,16126,41.7
1785432314.213,17:25:14,timeslice,5,94.2,6857,16126,42.5
1785432314.213,17:25:14,timeslice,6,93.8,6797,16126,42.1
1785432314.213,17:25:14,timeslice,7,93.2,6729,16126,41.7
1785432315.213,17:25:15,timeslice,0,93.1,6957,16126,43.1
1785432315.213,17:25:15,timeslice,1,93.3,6727,16126,41.7
1785432315.213,17:25:15,timeslice,2,86.9,6785,16126,42.1
1785432315.213,17:25:15,timeslice,3,93.1,6575,16126,40.8
1785432315.213,17:25:15,timeslice,4,93.7,6717,16126,41.7
1785432315.213,17:25:15,timeslice,5,94.2,6857,16126,42.5
1785432315.213,17:25:15,timeslice,6,93.8,6797,16126,42.1
1785432315.213,17:25:15,timeslice,7,93.2,6729,16126,41.7
1785432316.214,17:25:16,timeslice,0,93.1,6957,16126,43.1
1785432316.214,17:25:16,timeslice,1,93.3,6727,16126,41.7
1785432316.214,17:25:16,timeslice,2,86.9,6785,16126,42.1
1785432316.214,17:25:16,timeslice,3,93.1,6575,16126,40.8
1785432316.214,17:25:16,timeslice,4,93.7,6717,16126,41.7
1785432316.214,17:25:16,timeslice,5,94.2,6857,16126,42.5
1785432316.214,17:25:16,timeslice,6,93.8,6797,16126,42.1
1785432316.214,17:25:16,timeslice,7,93.2,6729,16126,41.7
1785432317.214,17:25:17,timeslice,0,92.4,7544,16126,46.8
1785432317.214,17:25:17,timeslice,1,95.8,7259,16126,45.0
1785432317.214,17:25:17,timeslice,2,95.4,7325,16126,45.4
1785432317.214,17:25:17,timeslice,3,90.0,7632,16126,47.3
1785432317.214,17:25:17,timeslice,4,95.2,7215,16126,44.7
1785432317.214,17:25:17,timeslice,5,96.5,7325,16126,45.4
1785432317.214,17:25:17,timeslice,6,96.2,7325,16126,45.4
1785432317.214,17:25:17,timeslice,7,96.4,7256,16126,45.0
1785432318.214,17:25:18,timeslice,0,92.4,7544,16126,46.8
1785432318.214,17:25:18,timeslice,1,95.8,7259,16126,45.0
1785432318.214,17:25:18,timeslice,2,95.4,7325,16126,45.4
1785432318.214,17:25:18,timeslice,3,90.0,7632,16126,47.3
1785432318.214,17:25:18,timeslice,4,95.2,7215,16126,44.7
1785432318.214,17:25:18,timeslice,5,96.5,7325,16126,45.4
1785432318.214,17:25:18,timeslice,6,96.2,7325,16126,45.4
1785432318.214,17:25:18,timeslice,7,96.4,7256,16126,45.0
1785432319.214,17:25:19,timeslice,0,92.4,7544,16126,46.8
1785432319.214,17:25:19,timeslice,1,95.8,7259,16126,45.0
1785432319.214,17:25:19,timeslice,2,95.4,7325,16126,45.4
1785432319.214,17:25:19,timeslice,3,90.0,7632,16126,47.3
1785432319.214,17:25:19,timeslice,4,95.2,7215,16126,44.7
1785432319.214,17:25:19,timeslice,5,96.5,7325,16126,45.4
1785432319.214,17:25:19,timeslice,6,96.2,7325,16126,45.4
1785432319.214,17:25:19,timeslice,7,96.4,7256,16126,45.0
1785432320.214,17:25:20,timeslice,0,92.4,7544,16126,46.8
1785432320.214,17:25:20,timeslice,1,95.8,7259,16126,45.0
1785432320.214,17:25:20,timeslice,2,95.4,7325,16126,45.4
1785432320.214,17:25:20,timeslice,3,90.0,7632,16126,47.3
1785432320.214,17:25:20,timeslice,4,95.2,7215,16126,44.7
1785432320.214,17:25:20,timeslice,5,96.5,7325,16126,45.4
1785432320.214,17:25:20,timeslice,6,96.2,7325,16126,45.4
1785432320.214,17:25:20,timeslice,7,96.4,7256,16126,45.0
1785432321.214,17:25:21,timeslice,0,92.4,7544,16126,46.8
1785432321.214,17:25:21,timeslice,1,95.8,7259,16126,45.0
1785432321.214,17:25:21,timeslice,2,95.4,7325,16126,45.4
1785432321.214,17:25:21,timeslice,3,90.0,7632,16126,47.3
1785432321.214,17:25:21,timeslice,4,95.2,7215,16126,44.7
1785432321.214,17:25:21,timeslice,5,96.5,7325,16126,45.4
1785432321.214,17:25:21,timeslice,6,96.2,7325,16126,45.4
1785432321.214,17:25:21,timeslice,7,96.4,7256,16126,45.0
1785432322.214,17:25:22,timeslice,0,92.5,5442,16126,33.7
1785432322.214,17:25:22,timeslice,1,95.7,5721,16126,35.5
1785432322.214,17:25:22,timeslice,2,94.9,5655,16126,35.1
1785432322.214,17:25:22,timeslice,3,92.4,6323,16126,39.2
1785432322.214,17:25:22,timeslice,4,95.6,5625,16126,34.9
1785432322.214,17:25:22,timeslice,5,96.7,6551,16126,40.6
1785432322.214,17:25:22,timeslice,6,94.9,5643,16126,35.0
1785432322.214,17:25:22,timeslice,7,94.0,5638,16126,35.0
1785432323.214,17:25:23,timeslice,0,92.5,5442,16126,33.7
1785432323.214,17:25:23,timeslice,1,95.7,5721,16126,35.5
1785432323.214,17:25:23,timeslice,2,94.9,5655,16126,35.1
1785432323.214,17:25:23,timeslice,3,92.4,6323,16126,39.2
1785432323.214,17:25:23,timeslice,4,95.6,5625,16126,34.9
1785432323.214,17:25:23,timeslice,5,96.7,6551,16126,40.6
1785432323.214,17:25:23,timeslice,6,94.9,5643,16126,35.0
1785432323.214,17:25:23,timeslice,7,94.0,5638,16126,35.0
1785432324.214,17:25:24,timeslice,0,92.5,5442,16126,33.7
1785432324.214,17:25:24,timeslice,1,95.7,5721,16126,35.5
1785432324.214,17:25:24,timeslice,2,94.9,5655,16126,35.1
1785432324.214,17:25:24,timeslice,3,92.4,6323,16126,39.2
1785432324.214,17:25:24,timeslice,4,95.6,5625,16126,34.9
1785432324.214,17:25:24,timeslice,5,96.7,6551,16126,40.6
1785432324.214,17:25:24,timeslice,6,94.9,5643,16126,35.0
1785432324.214,17:25:24,timeslice,7,94.0,5638,16126,35.0
1785432325.214,17:25:25,timeslice,0,92.5,5442,16126,33.7
1785432325.214,17:25:25,timeslice,1,95.7,5721,16126,35.5
1785432325.214,17:25:25,timeslice,2,94.9,5655,16126,35.1
1785432325.214,17:25:25,timeslice,3,92.4,6323,16126,39.2
1785432325.214,17:25:25,timeslice,4,95.6,5625,16126,34.9
1785432325.214,17:25:25,timeslice,5,96.7,6551,16126,40.6
1785432325.214,17:25:25,timeslice,6,94.9,5643,16126,35.0
1785432325.214,17:25:25,timeslice,7,94.0,5638,16126,35.0
1785432326.215,17:25:26,timeslice,0,92.5,5442,16126,33.7
1785432326.215,17:25:26,timeslice,1,95.7,5721,16126,35.5
1785432326.215,17:25:26,timeslice,2,94.9,5655,16126,35.1
1785432326.215,17:25:26,timeslice,3,92.4,6323,16126,39.2
1785432326.215,17:25:26,timeslice,4,95.6,5625,16126,34.9
1785432326.215,17:25:26,timeslice,5,96.7,6551,16126,40.6
1785432326.215,17:25:26,timeslice,6,94.9,5643,16126,35.0
1785432326.215,17:25:26,timeslice,7,94.0,5638,16126,35.0
1785432327.215,17:25:27,timeslice,0,94.1,8796,16126,54.5
1785432327.215,17:25:27,timeslice,1,94.7,8760,16126,54.3
1785432327.215,17:25:27,timeslice,2,93.4,8772,16126,54.4
1785432327.215,17:25:27,timeslice,3,86.1,8790,16126,54.5
1785432327.215,17:25:27,timeslice,4,93.9,8754,16126,54.3
1785432327.215,17:25:27,timeslice,5,91.9,8845,16126,54.8
1785432327.215,17:25:27,timeslice,6,89.9,8736,16126,54.2
1785432327.215,17:25:27,timeslice,7,94.3,8792,16126,54.5
1785432328.215,17:25:28,timeslice,0,94.1,8796,16126,54.5
1785432328.215,17:25:28,timeslice,1,94.7,8760,16126,54.3
1785432328.215,17:25:28,timeslice,2,93.4,8772,16126,54.4
1785432328.215,17:25:28,timeslice,3,86.1,8790,16126,54.5
1785432328.215,17:25:28,timeslice,4,93.9,8754,16126,54.3
1785432328.215,17:25:28,timeslice,5,91.9,8845,16126,54.8
1785432328.215,17:25:28,timeslice,6,89.9,8736,16126,54.2
1785432328.215,17:25:28,timeslice,7,94.3,8792,16126,54.5
1785432329.215,17:25:29,timeslice,0,94.1,8796,16126,54.5
1785432329.215,17:25:29,timeslice,1,94.7,8760,16126,54.3
1785432329.215,17:25:29,timeslice,2,93.4,8772,16126,54.4
1785432329.215,17:25:29,timeslice,3,86.1,8790,16126,54.5
1785432329.215,17:25:29,timeslice,4,93.9,8754,16126,54.3
1785432329.215,17:25:29,timeslice,5,91.9,8845,16126,54.8
1785432329.215,17:25:29,timeslice,6,89.9,8736,16126,54.2
1785432329.215,17:25:29,timeslice,7,94.3,8792,16126,54.5
1785432330.215,17:25:30,timeslice,0,94.1,8796,16126,54.5
1785432330.215,17:25:30,timeslice,1,94.7,8760,16126,54.3
1785432330.215,17:25:30,timeslice,2,93.4,8772,16126,54.4
1785432330.215,17:25:30,timeslice,3,86.1,8790,16126,54.5
1785432330.215,17:25:30,timeslice,4,93.9,8754,16126,54.3
1785432330.215,17:25:30,timeslice,5,91.9,8845,16126,54.8
1785432330.215,17:25:30,timeslice,6,89.9,8736,16126,54.2
1785432330.215,17:25:30,timeslice,7,94.3,8792,16126,54.5
1785432331.215,17:25:31,timeslice,0,94.1,8796,16126,54.5
1785432331.215,17:25:31,timeslice,1,94.7,8760,16126,54.3
1785432331.215,17:25:31,timeslice,2,93.4,8772,16126,54.4
1785432331.215,17:25:31,timeslice,3,86.1,8790,16126,54.5
1785432331.215,17:25:31,timeslice,4,93.9,8754,16126,54.3
1785432331.215,17:25:31,timeslice,5,91.9,8845,16126,54.8
1785432331.215,17:25:31,timeslice,6,89.9,8736,16126,54.2
1785432331.215,17:25:31,timeslice,7,94.3,8792,16126,54.5
1785432332.215,17:25:32,timeslice,0,92.5,7290,16126,45.2
1785432332.215,17:25:32,timeslice,1,93.6,7654,16126,47.5
1785432332.215,17:25:32,timeslice,2,93.4,7290,16126,45.2
1785432332.215,17:25:32,timeslice,3,93.2,7624,16126,47.3
1785432332.215,17:25:32,timeslice,4,93.3,7636,16126,47.4
1785432332.215,17:25:32,timeslice,5,90.0,7290,16126,45.2
1785432332.215,17:25:32,timeslice,6,92.7,7630,16126,47.3
1785432332.215,17:25:32,timeslice,7,93.9,7644,16126,47.4
1785432333.215,17:25:33,timeslice,0,92.5,7290,16126,45.2
1785432333.215,17:25:33,timeslice,1,93.6,7654,16126,47.5
1785432333.215,17:25:33,timeslice,2,93.4,7290,16126,45.2
1785432333.215,17:25:33,timeslice,3,93.2,7624,16126,47.3
1785432333.215,17:25:33,timeslice,4,93.3,7636,16126,47.4
1785432333.215,17:25:33,timeslice,5,90.0,7290,16126,45.2
1785432333.215,17:25:33,timeslice,6,92.7,7630,16126,47.3
1785432333.215,17:25:33,timeslice,7,93.9,7644,16126,47.4
1785432334.215,17:25:34,timeslice,0,92.5,7290,16126,45.2
1785432334.215,17:25:34,timeslice,1,93.6,7654,16126,47.5
1785432334.215,17:25:34,timeslice,2,93.4,7290,16126,45.2
1785432334.215,17:25:34,timeslice,3,93.2,7624,16126,47.3
1785432334.215,17:25:34,timeslice,4,93.3,7636,16126,47.4
1785432334.215,17:25:34,timeslice,5,90.0,7290,16126,45.2
1785432334.215,17:25:34,timeslice,6,92.7,7630,16126,47.3
1785432334.215,17:25:34,timeslice,7,93.9,7644,16126,47.4
1785432335.216,17:25:35,timeslice,0,92.5,7290,16126,45.2
1785432335.216,17:25:35,timeslice,1,93.6,7654,16126,47.5
1785432335.216,17:25:35,timeslice,2,93.4,7290,16126,45.2
1785432335.216,17:25:35,timeslice,3,93.2,7624,16126,47.3
1785432335.216,17:25:35,timeslice,4,93.3,7636,16126,47.4
1785432335.216,17:25:35,timeslice,5,90.0,7290,16126,45.2
1785432335.216,17:25:35,timeslice,6,92.7,7630,16126,47.3
1785432335.216,17:25:35,timeslice,7,93.9,7644,16126,47.4
1785432336.216,17:25:36,timeslice,0,92.5,7290,16126,45.2
1785432336.216,17:25:36,timeslice,1,93.6,7654,16126,47.5
1785432336.216,17:25:36,timeslice,2,93.4,7290,16126,45.2
1785432336.216,17:25:36,timeslice,3,93.2,7624,16126,47.3
1785432336.216,17:25:36,timeslice,4,93.3,7636,16126,47.4
1785432336.216,17:25:36,timeslice,5,90.0,7290,16126,45.2
1785432336.216,17:25:36,timeslice,6,92.7,7630,16126,47.3
1785432336.216,17:25:36,timeslice,7,93.9,7644,16126,47.4
1785432337.216,17:25:37,timeslice,0,90.8,6995,16126,43.4
1785432337.216,17:25:37,timeslice,1,97.1,7145,16126,44.3
1785432337.216,17:25:37,timeslice,2,91.7,6700,16126,41.5
1785432337.216,17:25:37,timeslice,3,93.4,7332,16126,45.5
1785432337.216,17:25:37,timeslice,4,97.6,7169,16126,44.5
1785432337.216,17:25:37,timeslice,5,93.3,6820,16126,42.3
1785432337.216,17:25:37,timeslice,6,96.4,6844,16126,42.4
1785432337.216,17:25:37,timeslice,7,94.5,7201,16126,44.7
1785432338.216,17:25:38,timeslice,0,90.8,6995,16126,43.4
1785432338.216,17:25:38,timeslice,1,97.1,7145,16126,44.3
1785432338.216,17:25:38,timeslice,2,91.7,6700,16126,41.5
1785432338.216,17:25:38,timeslice,3,93.4,7332,16126,45.5
1785432338.216,17:25:38,timeslice,4,97.6,7169,16126,44.5
1785432338.216,17:25:38,timeslice,5,93.3,6820,16126,42.3
1785432338.216,17:25:38,timeslice,6,96.4,6844,16126,42.4
1785432338.216,17:25:38,timeslice,7,94.5,7201,16126,44.7
1785432339.216,17:25:39,timeslice,0,90.8,6995,16126,43.4
1785432339.216,17:25:39,timeslice,1,97.1,7145,16126,44.3
1785432339.216,17:25:39,timeslice,2,91.7,6700,16126,41.5
1785432339.216,17:25:39,timeslice,3,93.4,7332,16126,45.5
1785432339.216,17:25:39,timeslice,4,97.6,7169,16126,44.5
1785432339.216,17:25:39,timeslice,5,93.3,6820,16126,42.3
1785432339.216,17:25:39,timeslice,6,96.4,6844,16126,42.4
1785432339.216,17:25:39,timeslice,7,94.5,7201,16126,44.7
1785432340.216,17:25:40,timeslice,0,90.8,6995,16126,43.4
1785432340.216,17:25:40,timeslice,1,97.1,7145,16126,44.3
1785432340.216,17:25:40,timeslice,2,91.7,6700,16126,41.5
1785432340.216,17:25:40,timeslice,3,93.4,7332,16126,45.5
1785432340.216,17:25:40,timeslice,4,97.6,7169,16126,44.5
1785432340.216,17:25:40,timeslice,5,93.3,6820,16126,42.3
1785432340.216,17:25:40,timeslice,6,96.4,6844,16126,42.4
1785432340.216,17:25:40,timeslice,7,94.5,7201,16126,44.7
1785432341.216,17:25:41,timeslice,0,90.8,6995,16126,43.4
1785432341.216,17:25:41,timeslice,1,97.1,7145,16126,44.3
1785432341.216,17:25:41,timeslice,2,91.7,6700,16126,41.5
1785432341.216,17:25:41,timeslice,3,93.4,7332,16126,45.5
1785432341.216,17:25:41,timeslice,4,97.6,7169,16126,44.5
1785432341.216,17:25:41,timeslice,5,93.3,6820,16126,42.3
1785432341.216,17:25:41,timeslice,6,96.4,6844,16126,42.4
1785432341.216,17:25:41,timeslice,7,94.5,7201,16126,44.7
1785432342.216,17:25:42,timeslice,0,92.8,6303,16126,39.1
1785432342.216,17:25:42,timeslice,1,94.8,6446,16126,40.0
1785432342.216,17:25:42,timeslice,2,95.7,6218,16126,38.6
1785432342.216,17:25:42,timeslice,3,94.2,6278,16126,38.9
1785432342.216,17:25:42,timeslice,4,94.6,6362,16126,39.5
1785432342.216,17:25:42,timeslice,5,93.7,6278,16126,38.9
1785432342.216,17:25:42,timeslice,6,92.8,6119,16126,37.9
1785432342.216,17:25:42,timeslice,7,94.9,6279,16126,38.9
1785432343.216,17:25:43,timeslice,0,92.8,6303,16126,39.1
1785432343.216,17:25:43,timeslice,1,94.8,6446,16126,40.0
1785432343.216,17:25:43,timeslice,2,95.7,6218,16126,38.6
1785432343.216,17:25:43,timeslice,3,94.2,6278,16126,38.9
1785432343.216,17:25:43,timeslice,4,94.6,6362,16126,39.5
1785432343.216,17:25:43,timeslice,5,93.7,6278,16126,38.9
1785432343.216,17:25:43,timeslice,6,92.8,6119,16126,37.9
1785432343.216,17:25:43,timeslice,7,94.9,6279,16126,38.9
1785432344.217,17:25:44,timeslice,0,92.8,6303,16126,39.1
1785432344.217,17:25:44,timeslice,1,94.8,6446,16126,40.0
1785432344.217,17:25:44,timeslice,2,95.7,6218,16126,38.6
1785432344.217,17:25:44,timeslice,3,94.2,6278,16126,38.9
1785432344.217,17:25:44,timeslice,4,94.6,6362,16126,39.5
1785432344.217,17:25:44,timeslice,5,93.7,6278,16126,38.9
1785432344.217,17:25:44,timeslice,6,92.8,6119,16126,37.9
1785432344.217,17:25:44,timeslice,7,94.9,6279,16126,38.9
1785432345.217,17:25:45,timeslice,0,92.8,6303,16126,39.1
1785432345.217,17:25:45,timeslice,1,94.8,6446,16126,40.0
1785432345.217,17:25:45,timeslice,2,95.7,6218,16126,38.6
1785432345.217,17:25:45,timeslice,3,94.2,6278,16126,38.9
1785432345.217,17:25:45,timeslice,4,94.6,6362,16126,39.5
1785432345.217,17:25:45,timeslice,5,93.7,6278,16126,38.9
1785432345.217,17:25:45,timeslice,6,92.8,6119,16126,37.9
1785432345.217,17:25:45,timeslice,7,94.9,6279,16126,38.9
1785432346.217,17:25:46,timeslice,0,92.8,6303,16126,39.1
1785432346.217,17:25:46,timeslice,1,94.8,6446,16126,40.0
1785432346.217,17:25:46,timeslice,2,95.7,6218,16126,38.6
1785432346.217,17:25:46,timeslice,3,94.2,6278,16126,38.9
1785432346.217,17:25:46,timeslice,4,94.6,6362,16126,39.5
1785432346.217,17:25:46,timeslice,5,93.7,6278,16126,38.9
1785432346.217,17:25:46,timeslice,6,92.8,6119,16126,37.9
1785432346.217,17:25:46,timeslice,7,94.9,6279,16126,38.9
1785432347.217,17:25:47,timeslice,0,93.9,7298,16126,45.3
1785432347.217,17:25:47,timeslice,1,94.2,7147,16126,44.3
1785432347.217,17:25:47,timeslice,2,95.8,7466,16126,46.3
1785432347.217,17:25:47,timeslice,3,95.3,7147,16126,44.3
1785432347.217,17:25:47,timeslice,4,90.4,7510,16126,46.6
1785432347.217,17:25:47,timeslice,5,94.8,7134,16126,44.2
1785432347.217,17:25:47,timeslice,6,95.2,7147,16126,44.3
1785432347.217,17:25:47,timeslice,7,95.6,7142,16126,44.3
1785432348.217,17:25:48,timeslice,0,93.9,7298,16126,45.3
1785432348.217,17:25:48,timeslice,1,94.2,7147,16126,44.3
1785432348.217,17:25:48,timeslice,2,95.8,7466,16126,46.3
1785432348.217,17:25:48,timeslice,3,95.3,7147,16126,44.3
1785432348.217,17:25:48,timeslice,4,90.4,7510,16126,46.6
1785432348.217,17:25:48,timeslice,5,94.8,7134,16126,44.2
1785432348.217,17:25:48,timeslice,6,95.2,7147,16126,44.3
1785432348.217,17:25:48,timeslice,7,95.6,7142,16126,44.3
1785432349.217,17:25:49,timeslice,0,93.9,7298,16126,45.3
1785432349.217,17:25:49,timeslice,1,94.2,7147,16126,44.3
1785432349.217,17:25:49,timeslice,2,95.8,7466,16126,46.3
1785432349.217,17:25:49,timeslice,3,95.3,7147,16126,44.3
1785432349.217,17:25:49,timeslice,4,90.4,7510,16126,46.6
1785432349.217,17:25:49,timeslice,5,94.8,7134,16126,44.2
1785432349.217,17:25:49,timeslice,6,95.2,7147,16126,44.3
1785432349.217,17:25:49,timeslice,7,95.6,7142,16126,44.3
1785432350.217,17:25:50,timeslice,0,93.9,7298,16126,45.3
1785432350.217,17:25:50,timeslice,1,94.2,7147,16126,44.3
1785432350.217,17:25:50,timeslice,2,95.8,7466,16126,46.3
1785432350.217,17:25:50,timeslice,3,95.3,7147,16126,44.3
1785432350.217,17:25:50,timeslice,4,90.4,7510,16126,46.6
1785432350.217,17:25:50,timeslice,5,94.8,7134,16126,44.2
1785432350.217,17:25:50,timeslice,6,95.2,7147,16126,44.3
1785432350.217,17:25:50,timeslice,7,95.6,7142,16126,44.3
1785432351.217,17:25:51,timeslice,0,93.9,7298,16126,45.3
1785432351.217,17:25:51,timeslice,1,94.2,7147,16126,44.3
1785432351.217,17:25:51,timeslice,2,95.8,7466,16126,46.3
1785432351.217,17:25:51,timeslice,3,95.3,7147,16126,44.3
1785432351.217,17:25:51,timeslice,4,90.4,7510,16126,46.6
1785432351.217,17:25:51,timeslice,5,94.8,7134,16126,44.2
1785432351.217,17:25:51,timeslice,6,95.2,7147,16126,44.3
1785432351.217,17:25:51,timeslice,7,95.6,7142,16126,44.3
1785432352.217,17:25:52,timeslice,0,93.2,7178,16126,44.5
1785432352.217,17:25:52,timeslice,1,92.2,7208,16126,44.7
1785432352.217,17:25:52,timeslice,2,89.6,7238,16126,44.9
1785432352.217,17:25:52,timeslice,3,94.0,7208,16126,44.7
1785432352.217,17:25:52,timeslice,4,94.8,6826,16126,42.3
1785432352.217,17:25:52,timeslice,5,92.9,7214,16126,44.7
1785432352.217,17:25:52,timeslice,6,93.3,7206,16126,44.7
1785432352.217,17:25:52,timeslice,7,91.4,7184,16126,44.5
1785432353.217,17:25:53,timeslice,0,93.2,7178,16126,44.5
1785432353.217,17:25:53,timeslice,1,92.2,7208,16126,44.7
1785432353.217,17:25:53,timeslice,2,89.6,7238,16126,44.9
1785432353.217,17:25:53,timeslice,3,94.0,7208,16126,44.7
1785432353.217,17:25:53,timeslice,4,94.8,6826,16126,42.3
1785432353.217,17:25:53,timeslice,5,92.9,7214,16126,44.7
1785432353.217,17:25:53,timeslice,6,93.3,7206,16126,44.7
1785432353.217,17:25:53,timeslice,7,91.4,7184,16126,44.5
1785432354.217,17:25:54,timeslice,0,93.2,7178,16126,44.5
1785432354.217,17:25:54,timeslice,1,92.2,7208,16126,44.7
1785432354.217,17:25:54,timeslice,2,89.6,7238,16126,44.9
1785432354.217,17:25:54,timeslice,3,94.0,7208,16126,44.7
1785432354.217,17:25:54,timeslice,4,94.8,6826,16126,42.3
1785432354.217,17:25:54,timeslice,5,92.9,7214,16126,44.7
1785432354.217,17:25:54,timeslice,6,93.3,7206,16126,44.7
1785432354.217,17:25:54,timeslice,7,91.4,7184,16126,44.5
1785432355.218,17:25:55,timeslice,0,93.2,7178,16126,44.5
1785432355.218,17:25:55,timeslice,1,92.2,7208,16126,44.7
1785432355.218,17:25:55,timeslice,2,89.6,7238,16126,44.9
1785432355.218,17:25:55,timeslice,3,94.0,7208,16126,44.7
1785432355.218,17:25:55,timeslice,4,94.8,6826,16126,42.3
1785432355.218,17:25:55,timeslice,5,92.9,7214,16126,44.7
1785432355.218,17:25:55,timeslice,6,93.3,7206,16126,44.7
1785432355.218,17:25:55,timeslice,7,91.4,7184,16126,44.5
1785432356.218,17:25:56,timeslice,0,93.2,7178,16126,44.5
1785432356.218,17:25:56,timeslice,1,92.2,7208,16126,44.7
1785432356.218,17:25:56,timeslice,2,89.6,7238,16126,44.9
1785432356.218,17:25:56,timeslice,3,94.0,7208,16126,44.7
1785432356.218,17:25:56,timeslice,4,94.8,6826,16126,42.3
1785432356.218,17:25:56,timeslice,5,92.9,7214,16126,44.7
1785432356.218,17:25:56,timeslice,6,93.3,7206,16126,44.7
1785432356.218,17:25:56,timeslice,7,91.4,7184,16126,44.5
1785432357.218,17:25:57,timeslice,0,95.0,7016,16126,43.5
1785432357.218,17:25:57,timeslice,1,93.8,7153,16126,44.4
1785432357.218,17:25:57,timeslice,2,94.6,7306,16126,45.3
1785432357.218,17:25:57,timeslice,3,94.2,7306,16126,45.3
1785432357.218,17:25:57,timeslice,4,93.2,7306,16126,45.3
1785432357.218,17:25:57,timeslice,5,93.4,7022,16126,43.5
1785432357.218,17:25:57,timeslice,6,89.1,7306,16126,45.3
1785432357.218,17:25:57,timeslice,7,93.3,7307,16126,45.3
1785432358.218,17:25:58,timeslice,0,95.0,7016,16126,43.5
1785432358.218,17:25:58,timeslice,1,93.8,7153,16126,44.4
1785432358.218,17:25:58,timeslice,2,94.6,7306,16126,45.3
1785432358.218,17:25:58,timeslice,3,94.2,7306,16126,45.3
1785432358.218,17:25:58,timeslice,4,93.2,7306,16126,45.3
1785432358.218,17:25:58,timeslice,5,93.4,7022,16126,43.5
1785432358.218,17:25:58,timeslice,6,89.1,7306,16126,45.3
1785432358.218,17:25:58,timeslice,7,93.3,7307,16126,45.3
1785432359.218,17:25:59,timeslice,0,95.0,7016,16126,43.5
1785432359.218,17:25:59,timeslice,1,93.8,7153,16126,44.4
1785432359.218,17:25:59,timeslice,2,94.6,7306,16126,45.3
1785432359.218,17:25:59,timeslice,3,94.2,7306,16126,45.3
1785432359.218,17:25:59,timeslice,4,93.2,7306,16126,45.3
1785432359.218,17:25:59,timeslice,5,93.4,7022,16126,43.5
1785432359.218,17:25:59,timeslice,6,89.1,7306,16126,45.3
1785432359.218,17:25:59,timeslice,7,93.3,7307,16126,45.3
1785432360.218,17:26:00,timeslice,0,95.0,7016,16126,43.5
1785432360.218,17:26:00,timeslice,1,93.8,7153,16126,44.4
1785432360.218,17:26:00,timeslice,2,94.6,7306,16126,45.3
1785432360.218,17:26:00,timeslice,3,94.2,7306,16126,45.3
1785432360.218,17:26:00,timeslice,4,93.2,7306,16126,45.3
1785432360.218,17:26:00,timeslice,5,93.4,7022,16126,43.5
1785432360.218,17:26:00,timeslice,6,89.1,7306,16126,45.3
1785432360.218,17:26:00,timeslice,7,93.3,7307,16126,45.3
1785432361.218,17:26:01,timeslice,0,95.0,7016,16126,43.5
1785432361.218,17:26:01,timeslice,1,93.8,7153,16126,44.4
1785432361.218,17:26:01,timeslice,2,94.6,7306,16126,45.3
1785432361.218,17:26:01,timeslice,3,94.2,7306,16126,45.3
1785432361.218,17:26:01,timeslice,4,93.2,7306,16126,45.3
1785432361.218,17:26:01,timeslice,5,93.4,7022,16126,43.5
1785432361.218,17:26:01,timeslice,6,89.1,7306,16126,45.3
1785432361.218,17:26:01,timeslice,7,93.3,7307,16126,45.3
