ts,wall,phase,chip,duty_cycle_pct,mem_used_mib,mem_total_mib,mem_pct
1785431221.698,17:07:01,timeslice,0,94.8,5625,16126,34.9
1785431221.698,17:07:01,timeslice,1,94.4,6364,16126,39.5
1785431221.698,17:07:01,timeslice,2,95.2,5762,16126,35.7
1785431221.698,17:07:01,timeslice,3,95.6,5772,16126,35.8
1785431221.698,17:07:01,timeslice,4,95.2,6663,16126,41.3
1785431221.698,17:07:01,timeslice,5,94.2,5772,16126,35.8
1785431221.698,17:07:01,timeslice,6,96.6,5551,16126,34.4
1785431221.698,17:07:01,timeslice,7,90.5,5774,16126,35.8
1785431222.698,17:07:02,timeslice,0,94.8,5625,16126,34.9
1785431222.698,17:07:02,timeslice,1,94.4,6364,16126,39.5
1785431222.698,17:07:02,timeslice,2,95.2,5762,16126,35.7
1785431222.698,17:07:02,timeslice,3,95.6,5772,16126,35.8
1785431222.698,17:07:02,timeslice,4,95.2,6663,16126,41.3
1785431222.698,17:07:02,timeslice,5,94.2,5772,16126,35.8
1785431222.698,17:07:02,timeslice,6,96.6,5551,16126,34.4
1785431222.698,17:07:02,timeslice,7,90.5,5774,16126,35.8
1785431223.698,17:07:03,timeslice,0,94.8,5625,16126,34.9
1785431223.698,17:07:03,timeslice,1,94.4,6364,16126,39.5
1785431223.698,17:07:03,timeslice,2,95.2,5762,16126,35.7
1785431223.698,17:07:03,timeslice,3,95.6,5772,16126,35.8
1785431223.698,17:07:03,timeslice,4,95.2,6663,16126,41.3
1785431223.698,17:07:03,timeslice,5,94.2,5772,16126,35.8
1785431223.698,17:07:03,timeslice,6,96.6,5551,16126,34.4
1785431223.698,17:07:03,timeslice,7,90.5,5774,16126,35.8
1785431224.698,17:07:04,timeslice,0,94.8,5625,16126,34.9
1785431224.698,17:07:04,timeslice,1,94.4,6364,16126,39.5
1785431224.698,17:07:04,timeslice,2,95.2,5762,16126,35.7
1785431224.698,17:07:04,timeslice,3,95.6,5772,16126,35.8
1785431224.698,17:07:04,timeslice,4,95.2,6663,16126,41.3
1785431224.698,17:07:04,timeslice,5,94.2,5772,16126,35.8
1785431224.698,17:07:04,timeslice,6,96.6,5551,16126,34.4
1785431224.698,17:07:04,timeslice,7,90.5,5774,16126,35.8
1785431225.698,17:07:05,timeslice,0,94.8,5625,16126,34.9
1785431225.698,17:07:05,timeslice,1,94.4,6364,16126,39.5
1785431225.698,17:07:05,timeslice,2,95.2,5762,16126,35.7
1785431225.698,17:07:05,timeslice,3,95.6,5772,16126,35.8
1785431225.698,17:07:05,timeslice,4,95.2,6663,16126,41.3
1785431225.698,17:07:05,timeslice,5,94.2,5772,16126,35.8
1785431225.698,17:07:05,timeslice,6,96.6,5551,16126,34.4
1785431225.698,17:07:05,timeslice,7,90.5,5774,16126,35.8
1785431226.698,17:07:06,timeslice,0,93.8,5538,16126,34.3
1785431226.698,17:07:06,timeslice,1,92.1,5803,16126,36.0
1785431226.698,17:07:06,timeslice,2,93.7,5772,16126,35.8
1785431226.698,17:07:06,timeslice,3,95.0,5803,16126,36.0
1785431226.698,17:07:06,timeslice,4,93.2,5803,16126,36.0
1785431226.698,17:07:06,timeslice,5,94.0,5803,16126,36.0
1785431226.698,17:07:06,timeslice,6,93.7,5552,16126,34.4
1785431226.698,17:07:06,timeslice,7,82.9,5804,16126,36.0
1785431227.699,17:07:07,timeslice,0,93.8,5538,16126,34.3
1785431227.699,17:07:07,timeslice,1,92.1,5803,16126,36.0
1785431227.699,17:07:07,timeslice,2,93.7,5772,16126,35.8
1785431227.699,17:07:07,timeslice,3,95.0,5803,16126,36.0
1785431227.699,17:07:07,timeslice,4,93.2,5803,16126,36.0
1785431227.699,17:07:07,timeslice,5,94.0,5803,16126,36.0
1785431227.699,17:07:07,timeslice,6,93.7,5552,16126,34.4
1785431227.699,17:07:07,timeslice,7,82.9,5804,16126,36.0
1785431228.699,17:07:08,timeslice,0,93.8,5538,16126,34.3
1785431228.699,17:07:08,timeslice,1,92.1,5803,16126,36.0
1785431228.699,17:07:08,timeslice,2,93.7,5772,16126,35.8
1785431228.699,17:07:08,timeslice,3,95.0,5803,16126,36.0
1785431228.699,17:07:08,timeslice,4,93.2,5803,16126,36.0
1785431228.699,17:07:08,timeslice,5,94.0,5803,16126,36.0
1785431228.699,17:07:08,timeslice,6,93.7,5552,16126,34.4
1785431228.699,17:07:08,timeslice,7,82.9,5804,16126,36.0
1785431229.699,17:07:09,timeslice,0,93.8,5538,16126,34.3
1785431229.699,17:07:09,timeslice,1,92.1,5803,16126,36.0
1785431229.699,17:07:09,timeslice,2,93.7,5772,16126,35.8
1785431229.699,17:07:09,timeslice,3,95.0,5803,16126,36.0
1785431229.699,17:07:09,timeslice,4,93.2,5803,16126,36.0
1785431229.699,17:07:09,timeslice,5,94.0,5803,16126,36.0
1785431229.699,17:07:09,timeslice,6,93.7,5552,16126,34.4
1785431229.699,17:07:09,timeslice,7,82.9,5804,16126,36.0
1785431230.699,17:07:10,timeslice,0,93.8,5538,16126,34.3
1785431230.699,17:07:10,timeslice,1,92.1,5803,16126,36.0
1785431230.699,17:07:10,timeslice,2,93.7,5772,16126,35.8
1785431230.699,17:07:10,timeslice,3,95.0,5803,16126,36.0
1785431230.699,17:07:10,timeslice,4,93.2,5803,16126,36.0
1785431230.699,17:07:10,timeslice,5,94.0,5803,16126,36.0
1785431230.699,17:07:10,timeslice,6,93.7,5552,16126,34.4
1785431230.699,17:07:10,timeslice,7,82.9,5804,16126,36.0
1785431231.699,17:07:11,timeslice,0,93.2,8045,16126,49.9
1785431231.699,17:07:11,timeslice,1,94.2,7961,16126,49.4
1785431231.699,17:07:11,timeslice,2,90.2,8003,16126,49.6
1785431231.699,17:07:11,timeslice,3,93.9,7722,16126,47.9
1785431231.699,17:07:11,timeslice,4,93.8,7955,16126,49.3
1785431231.699,17:07:11,timeslice,5,93.9,7937,16126,49.2
1785431231.699,17:07:11,timeslice,6,87.0,8081,16126,50.1
1785431231.699,17:07:11,timeslice,7,94.8,7938,16126,49.2
1785431232.699,17:07:12,timeslice,0,93.2,8045,16126,49.9
1785431232.699,17:07:12,timeslice,1,94.2,7961,16126,49.4
1785431232.699,17:07:12,timeslice,2,90.2,8003,16126,49.6
1785431232.699,17:07:12,timeslice,3,93.9,7722,16126,47.9
1785431232.699,17:07:12,timeslice,4,93.8,7955,16126,49.3
1785431232.699,17:07:12,timeslice,5,93.9,7937,16126,49.2
1785431232.699,17:07:12,timeslice,6,87.0,8081,16126,50.1
1785431232.699,17:07:12,timeslice,7,94.8,7938,16126,49.2
1785431233.699,17:07:13,timeslice,0,93.2,8045,16126,49.9
1785431233.699,17:07:13,timeslice,1,94.2,7961,16126,49.4
1785431233.699,17:07:13,timeslice,2,90.2,8003,16126,49.6
1785431233.699,17:07:13,timeslice,3,93.9,7722,16126,47.9
1785431233.699,17:07:13,timeslice,4,93.8,7955,16126,49.3
1785431233.699,17:07:13,timeslice,5,93.9,7937,16126,49.2
1785431233.699,17:07:13,timeslice,6,87.0,8081,16126,50.1
1785431233.699,17:07:13,timeslice,7,94.8,7938,16126,49.2
1785431234.699,17:07:14,timeslice,0,93.2,8045,16126,49.9
1785431234.699,17:07:14,timeslice,1,94.2,7961,16126,49.4
1785431234.699,17:07:14,timeslice,2,90.2,8003,16126,49.6
1785431234.699,17:07:14,timeslice,3,93.9,7722,16126,47.9
1785431234.699,17:07:14,timeslice,4,93.8,7955,16126,49.3
1785431234.699,17:07:14,timeslice,5,93.9,7937,16126,49.2
1785431234.699,17:07:14,timeslice,6,87.0,8081,16126,50.1
1785431234.699,17:07:14,timeslice,7,94.8,7938,16126,49.2
1785431235.7,17:07:15,timeslice,0,93.2,8045,16126,49.9
1785431235.7,17:07:15,timeslice,1,94.2,7961,16126,49.4
1785431235.7,17:07:15,timeslice,2,90.2,8003,16126,49.6
1785431235.7,17:07:15,timeslice,3,93.9,7722,16126,47.9
1785431235.7,17:07:15,timeslice,4,93.8,7955,16126,49.3
1785431235.7,17:07:15,timeslice,5,93.9,7937,16126,49.2
1785431235.7,17:07:15,timeslice,6,87.0,8081,16126,50.1
1785431235.7,17:07:15,timeslice,7,94.8,7938,16126,49.2
1785431236.7,17:07:16,timeslice,0,97.8,8341,16126,51.7
1785431236.7,17:07:16,timeslice,1,92.5,8706,16126,54.0
1785431236.7,17:07:16,timeslice,2,91.9,8778,16126,54.4
1785431236.7,17:07:16,timeslice,3,94.0,8385,16126,52.0
1785431236.7,17:07:16,timeslice,4,96.6,8385,16126,52.0
1785431236.7,17:07:16,timeslice,5,93.0,8736,16126,54.2
1785431236.7,17:07:16,timeslice,6,85.2,8908,16126,55.2
1785431236.7,17:07:16,timeslice,7,98.5,8386,16126,52.0
1785431237.7,17:07:17,timeslice,0,97.8,8341,16126,51.7
1785431237.7,17:07:17,timeslice,1,92.5,8706,16126,54.0
1785431237.7,17:07:17,timeslice,2,91.9,8778,16126,54.4
1785431237.7,17:07:17,timeslice,3,94.0,8385,16126,52.0
1785431237.7,17:07:17,timeslice,4,96.6,8385,16126,52.0
1785431237.7,17:07:17,timeslice,5,93.0,8736,16126,54.2
1785431237.7,17:07:17,timeslice,6,85.2,8908,16126,55.2
1785431237.7,17:07:17,timeslice,7,98.5,8386,16126,52.0
1785431238.7,17:07:18,timeslice,0,97.8,8341,16126,51.7
1785431238.7,17:07:18,timeslice,1,92.5,8706,16126,54.0
1785431238.7,17:07:18,timeslice,2,91.9,8778,16126,54.4
1785431238.7,17:07:18,timeslice,3,94.0,8385,16126,52.0
1785431238.7,17:07:18,timeslice,4,96.6,8385,16126,52.0
1785431238.7,17:07:18,timeslice,5,93.0,8736,16126,54.2
1785431238.7,17:07:18,timeslice,6,85.2,8908,16126,55.2
1785431238.7,17:07:18,timeslice,7,98.5,8386,16126,52.0
1785431239.7,17:07:19,timeslice,0,97.8,8341,16126,51.7
1785431239.7,17:07:19,timeslice,1,92.5,8706,16126,54.0
1785431239.7,17:07:19,timeslice,2,91.9,8778,16126,54.4
1785431239.7,17:07:19,timeslice,3,94.0,8385,16126,52.0
1785431239.7,17:07:19,timeslice,4,96.6,8385,16126,52.0
1785431239.7,17:07:19,timeslice,5,93.0,8736,16126,54.2
1785431239.7,17:07:19,timeslice,6,85.2,8908,16126,55.2
1785431239.7,17:07:19,timeslice,7,98.5,8386,16126,52.0
1785431240.7,17:07:20,timeslice,0,97.8,8341,16126,51.7
1785431240.7,17:07:20,timeslice,1,92.5,8706,16126,54.0
1785431240.7,17:07:20,timeslice,2,91.9,8778,16126,54.4
1785431240.7,17:07:20,timeslice,3,94.0,8385,16126,52.0
1785431240.7,17:07:20,timeslice,4,96.6,8385,16126,52.0
1785431240.7,17:07:20,timeslice,5,93.0,8736,16126,54.2
1785431240.7,17:07:20,timeslice,6,85.2,8908,16126,55.2
1785431240.7,17:07:20,timeslice,7,98.5,8386,16126,52.0
1785431241.7,17:07:21,timeslice,0,93.2,8808,16126,54.6
1785431241.7,17:07:21,timeslice,1,93.6,9751,16126,60.5
1785431241.7,17:07:21,timeslice,2,93.6,9639,16126,59.8
1785431241.7,17:07:21,timeslice,3,92.4,12871,16126,79.8
1785431241.7,17:07:21,timeslice,4,94.1,9745,16126,60.4
1785431241.7,17:07:21,timeslice,5,92.2,8832,16126,54.8
1785431241.7,17:07:21,timeslice,6,87.5,12973,16126,80.4
1785431241.7,17:07:21,timeslice,7,93.7,8803,16126,54.6
1785431242.701,17:07:22,timeslice,0,93.2,8808,16126,54.6
1785431242.701,17:07:22,timeslice,1,93.6,9751,16126,60.5
1785431242.701,17:07:22,timeslice,2,93.6,9639,16126,59.8
1785431242.701,17:07:22,timeslice,3,92.4,12871,16126,79.8
1785431242.701,17:07:22,timeslice,4,94.1,9745,16126,60.4
1785431242.701,17:07:22,timeslice,5,92.2,8832,16126,54.8
1785431242.701,17:07:22,timeslice,6,87.5,12973,16126,80.4
1785431242.701,17:07:22,timeslice,7,93.7,8803,16126,54.6
1785431243.701,17:07:23,timeslice,0,93.2,8808,16126,54.6
1785431243.701,17:07:23,timeslice,1,93.6,9751,16126,60.5
1785431243.701,17:07:23,timeslice,2,93.6,9639,16126,59.8
1785431243.701,17:07:23,timeslice,3,92.4,12871,16126,79.8
1785431243.701,17:07:23,timeslice,4,94.1,9745,16126,60.4
1785431243.701,17:07:23,timeslice,5,92.2,8832,16126,54.8
1785431243.701,17:07:23,timeslice,6,87.5,12973,16126,80.4
1785431243.701,17:07:23,timeslice,7,93.7,8803,16126,54.6
1785431244.701,17:07:24,timeslice,0,93.2,8808,16126,54.6
1785431244.701,17:07:24,timeslice,1,93.6,9751,16126,60.5
1785431244.701,17:07:24,timeslice,2,93.6,9639,16126,59.8
1785431244.701,17:07:24,timeslice,3,92.4,12871,16126,79.8
1785431244.701,17:07:24,timeslice,4,94.1,9745,16126,60.4
1785431244.701,17:07:24,timeslice,5,92.2,8832,16126,54.8
1785431244.701,17:07:24,timeslice,6,87.5,12973,16126,80.4
1785431244.701,17:07:24,timeslice,7,93.7,8803,16126,54.6
1785431245.701,17:07:25,timeslice,0,93.2,8808,16126,54.6
1785431245.701,17:07:25,timeslice,1,93.6,9751,16126,60.5
1785431245.701,17:07:25,timeslice,2,93.6,9639,16126,59.8
1785431245.701,17:07:25,timeslice,3,92.4,12871,16126,79.8
1785431245.701,17:07:25,timeslice,4,94.1,9745,16126,60.4
1785431245.701,17:07:25,timeslice,5,92.2,8832,16126,54.8
1785431245.701,17:07:25,timeslice,6,87.5,12973,16126,80.4
1785431245.701,17:07:25,timeslice,7,93.7,8803,16126,54.6
1785431246.701,17:07:26,timeslice,0,96.4,6743,16126,41.8
1785431246.701,17:07:26,timeslice,1,88.4,6729,16126,41.7
1785431246.701,17:07:26,timeslice,2,96.2,6434,16126,39.9
1785431246.701,17:07:26,timeslice,3,95.4,6380,16126,39.6
1785431246.701,17:07:26,timeslice,4,95.6,6376,16126,39.5
1785431246.701,17:07:26,timeslice,5,95.3,6364,16126,39.5
1785431246.701,17:07:26,timeslice,6,96.2,6446,16126,40.0
1785431246.701,17:07:26,timeslice,7,96.9,6387,16126,39.6
1785431247.701,17:07:27,timeslice,0,96.4,6743,16126,41.8
1785431247.701,17:07:27,timeslice,1,88.4,6729,16126,41.7
1785431247.701,17:07:27,timeslice,2,96.2,6434,16126,39.9
1785431247.701,17:07:27,timeslice,3,95.4,6380,16126,39.6
1785431247.701,17:07:27,timeslice,4,95.6,6376,16126,39.5
1785431247.701,17:07:27,timeslice,5,95.3,6364,16126,39.5
1785431247.701,17:07:27,timeslice,6,96.2,6446,16126,40.0
1785431247.701,17:07:27,timeslice,7,96.9,6387,16126,39.6
1785431248.701,17:07:28,timeslice,0,96.4,6743,16126,41.8
1785431248.701,17:07:28,timeslice,1,88.4,6729,16126,41.7
1785431248.701,17:07:28,timeslice,2,96.2,6434,16126,39.9
1785431248.701,17:07:28,timeslice,3,95.4,6380,16126,39.6
1785431248.701,17:07:28,timeslice,4,95.6,6376,16126,39.5
1785431248.701,17:07:28,timeslice,5,95.3,6364,16126,39.5
1785431248.701,17:07:28,timeslice,6,96.2,6446,16126,40.0
1785431248.701,17:07:28,timeslice,7,96.9,6387,16126,39.6
1785431249.701,17:07:29,timeslice,0,96.4,6743,16126,41.8
1785431249.701,17:07:29,timeslice,1,88.4,6729,16126,41.7
1785431249.701,17:07:29,timeslice,2,96.2,6434,16126,39.9
1785431249.701,17:07:29,timeslice,3,95.4,6380,16126,39.6
1785431249.701,17:07:29,timeslice,4,95.6,6376,16126,39.5
1785431249.701,17:07:29,timeslice,5,95.3,6364,16126,39.5
1785431249.701,17:07:29,timeslice,6,96.2,6446,16126,40.0
1785431249.701,17:07:29,timeslice,7,96.9,6387,16126,39.6
1785431250.701,17:07:30,timeslice,0,96.4,6743,16126,41.8
1785431250.701,17:07:30,timeslice,1,88.4,6729,16126,41.7
1785431250.701,17:07:30,timeslice,2,96.2,6434,16126,39.9
1785431250.701,17:07:30,timeslice,3,95.4,6380,16126,39.6
1785431250.701,17:07:30,timeslice,4,95.6,6376,16126,39.5
1785431250.701,17:07:30,timeslice,5,95.3,6364,16126,39.5
1785431250.701,17:07:30,timeslice,6,96.2,6446,16126,40.0
1785431250.701,17:07:30,timeslice,7,96.9,6387,16126,39.6
1785431251.701,17:07:31,timeslice,0,96.0,8468,16126,52.5
1785431251.701,17:07:31,timeslice,1,92.1,8416,16126,52.2
1785431251.701,17:07:31,timeslice,2,95.9,8153,16126,50.6
1785431251.701,17:07:31,timeslice,3,94.7,8428,16126,52.3
1785431251.701,17:07:31,timeslice,4,93.9,8524,16126,52.9
1785431251.701,17:07:31,timeslice,5,96.2,8464,16126,52.5
1785431251.701,17:07:31,timeslice,6,94.0,8482,16126,52.6
1785431251.701,17:07:31,timeslice,7,95.5,8120,16126,50.4
1785431252.702,17:07:32,timeslice,0,96.0,8468,16126,52.5
1785431252.702,17:07:32,timeslice,1,92.1,8416,16126,52.2
1785431252.702,17:07:32,timeslice,2,95.9,8153,16126,50.6
1785431252.702,17:07:32,timeslice,3,94.7,8428,16126,52.3
1785431252.702,17:07:32,timeslice,4,93.9,8524,16126,52.9
1785431252.702,17:07:32,timeslice,5,96.2,8464,16126,52.5
1785431252.702,17:07:32,timeslice,6,94.0,8482,16126,52.6
1785431252.702,17:07:32,timeslice,7,95.5,8120,16126,50.4
1785431253.702,17:07:33,timeslice,0,96.0,8468,16126,52.5
1785431253.702,17:07:33,timeslice,1,92.1,8416,16126,52.2
1785431253.702,17:07:33,timeslice,2,95.9,8153,16126,50.6
1785431253.702,17:07:33,timeslice,3,94.7,8428,16126,52.3
1785431253.702,17:07:33,timeslice,4,93.9,8524,16126,52.9
1785431253.702,17:07:33,timeslice,5,96.2,8464,16126,52.5
1785431253.702,17:07:33,timeslice,6,94.0,8482,16126,52.6
1785431253.702,17:07:33,timeslice,7,95.5,8120,16126,50.4
1785431254.702,17:07:34,timeslice,0,96.0,8468,16126,52.5
1785431254.702,17:07:34,timeslice,1,92.1,8416,16126,52.2
1785431254.702,17:07:34,timeslice,2,95.9,8153,16126,50.6
1785431254.702,17:07:34,timeslice,3,94.7,8428,16126,52.3
1785431254.702,17:07:34,timeslice,4,93.9,8524,16126,52.9
1785431254.702,17:07:34,timeslice,5,96.2,8464,16126,52.5
1785431254.702,17:07:34,timeslice,6,94.0,8482,16126,52.6
1785431254.702,17:07:34,timeslice,7,95.5,8120,16126,50.4
1785431255.702,17:07:35,timeslice,0,96.0,8468,16126,52.5
1785431255.702,17:07:35,timeslice,1,92.1,8416,16126,52.2
1785431255.702,17:07:35,timeslice,2,95.9,8153,16126,50.6
1785431255.702,17:07:35,timeslice,3,94.7,8428,16126,52.3
1785431255.702,17:07:35,timeslice,4,93.9,8524,16126,52.9
1785431255.702,17:07:35,timeslice,5,96.2,8464,16126,52.5
1785431255.702,17:07:35,timeslice,6,94.0,8482,16126,52.6
1785431255.702,17:07:35,timeslice,7,95.5,8120,16126,50.4
1785431256.702,17:07:36,timeslice,0,93.3,8062,16126,50.0
1785431256.702,17:07:36,timeslice,1,94.2,8142,16126,50.5
1785431256.702,17:07:36,timeslice,2,94.8,8116,16126,50.3
1785431256.702,17:07:36,timeslice,3,94.6,8142,16126,50.5
1785431256.702,17:07:36,timeslice,4,94.9,8061,16126,50.0
1785431256.702,17:07:36,timeslice,5,93.8,8085,16126,50.1
1785431256.702,17:07:36,timeslice,6,86.9,8116,16126,50.3
1785431256.702,17:07:36,timeslice,7,94.4,8058,16126,50.0
1785431257.702,17:07:37,timeslice,0,93.3,8062,16126,50.0
1785431257.702,17:07:37,timeslice,1,94.2,8142,16126,50.5
1785431257.702,17:07:37,timeslice,2,94.8,8116,16126,50.3
1785431257.702,17:07:37,timeslice,3,94.6,8142,16126,50.5
1785431257.702,17:07:37,timeslice,4,94.9,8061,16126,50.0
1785431257.702,17:07:37,timeslice,5,93.8,8085,16126,50.1
1785431257.702,17:07:37,timeslice,6,86.9,8116,16126,50.3
1785431257.702,17:07:37,timeslice,7,94.4,8058,16126,50.0
1785431258.702,17:07:38,timeslice,0,93.3,8062,16126,50.0
1785431258.702,17:07:38,timeslice,1,94.2,8142,16126,50.5
1785431258.702,17:07:38,timeslice,2,94.8,8116,16126,50.3
1785431258.702,17:07:38,timeslice,3,94.6,8142,16126,50.5
1785431258.702,17:07:38,timeslice,4,94.9,8061,16126,50.0
1785431258.702,17:07:38,timeslice,5,93.8,8085,16126,50.1
1785431258.702,17:07:38,timeslice,6,86.9,8116,16126,50.3
1785431258.702,17:07:38,timeslice,7,94.4,8058,16126,50.0
1785431259.702,17:07:39,timeslice,0,93.3,8062,16126,50.0
1785431259.702,17:07:39,timeslice,1,94.2,8142,16126,50.5
1785431259.702,17:07:39,timeslice,2,94.8,8116,16126,50.3
1785431259.702,17:07:39,timeslice,3,94.6,8142,16126,50.5
1785431259.702,17:07:39,timeslice,4,94.9,8061,16126,50.0
1785431259.702,17:07:39,timeslice,5,93.8,8085,16126,50.1
1785431259.702,17:07:39,timeslice,6,86.9,8116,16126,50.3
1785431259.702,17:07:39,timeslice,7,94.4,8058,16126,50.0
1785431260.702,17:07:40,timeslice,0,93.3,8062,16126,50.0
1785431260.702,17:07:40,timeslice,1,94.2,8142,16126,50.5
1785431260.702,17:07:40,timeslice,2,94.8,8116,16126,50.3
1785431260.702,17:07:40,timeslice,3,94.6,8142,16126,50.5
1785431260.702,17:07:40,timeslice,4,94.9,8061,16126,50.0
1785431260.702,17:07:40,timeslice,5,93.8,8085,16126,50.1
1785431260.702,17:07:40,timeslice,6,86.9,8116,16126,50.3
1785431260.702,17:07:40,timeslice,7,94.4,8058,16126,50.0
1785431261.703,17:07:41,timeslice,0,95.7,6434,16126,39.9
1785431261.703,17:07:41,timeslice,1,95.1,6526,16126,40.5
1785431261.703,17:07:41,timeslice,2,96.3,6392,16126,39.6
1785431261.703,17:07:41,timeslice,3,95.5,6488,16126,40.2
1785431261.703,17:07:41,timeslice,4,95.8,6422,16126,39.8
1785431261.703,17:07:41,timeslice,5,95.9,6464,16126,40.1
1785431261.703,17:07:41,timeslice,6,88.9,6434,16126,39.9
1785431261.703,17:07:41,timeslice,7,93.3,6751,16126,41.9
1785431262.703,17:07:42,timeslice,0,95.7,6434,16126,39.9
1785431262.703,17:07:42,timeslice,1,95.1,6526,16126,40.5
1785431262.703,17:07:42,timeslice,2,96.3,6392,16126,39.6
1785431262.703,17:07:42,timeslice,3,95.5,6488,16126,40.2
1785431262.703,17:07:42,timeslice,4,95.8,6422,16126,39.8
1785431262.703,17:07:42,timeslice,5,95.9,6464,16126,40.1
1785431262.703,17:07:42,timeslice,6,88.9,6434,16126,39.9
1785431262.703,17:07:42,timeslice,7,93.3,6751,16126,41.9
1785431263.703,17:07:43,timeslice,0,95.7,6434,16126,39.9
1785431263.703,17:07:43,timeslice,1,95.1,6526,16126,40.5
1785431263.703,17:07:43,timeslice,2,96.3,6392,16126,39.6
1785431263.703,17:07:43,timeslice,3,95.5,6488,16126,40.2
1785431263.703,17:07:43,timeslice,4,95.8,6422,16126,39.8
1785431263.703,17:07:43,timeslice,5,95.9,6464,16126,40.1
1785431263.703,17:07:43,timeslice,6,88.9,6434,16126,39.9
1785431263.703,17:07:43,timeslice,7,93.3,6751,16126,41.9
1785431264.703,17:07:44,timeslice,0,95.7,6434,16126,39.9
1785431264.703,17:07:44,timeslice,1,95.1,6526,16126,40.5
1785431264.703,17:07:44,timeslice,2,96.3,6392,16126,39.6
1785431264.703,17:07:44,timeslice,3,95.5,6488,16126,40.2
1785431264.703,17:07:44,timeslice,4,95.8,6422,16126,39.8
1785431264.703,17:07:44,timeslice,5,95.9,6464,16126,40.1
1785431264.703,17:07:44,timeslice,6,88.9,6434,16126,39.9
1785431264.703,17:07:44,timeslice,7,93.3,6751,16126,41.9
1785431265.703,17:07:45,timeslice,0,95.7,6434,16126,39.9
1785431265.703,17:07:45,timeslice,1,95.1,6526,16126,40.5
1785431265.703,17:07:45,timeslice,2,96.3,6392,16126,39.6
1785431265.703,17:07:45,timeslice,3,95.5,6488,16126,40.2
1785431265.703,17:07:45,timeslice,4,95.8,6422,16126,39.8
1785431265.703,17:07:45,timeslice,5,95.9,6464,16126,40.1
1785431265.703,17:07:45,timeslice,6,88.9,6434,16126,39.9
1785431265.703,17:07:45,timeslice,7,93.3,6751,16126,41.9
1785431266.703,17:07:46,timeslice,0,95.4,6143,16126,38.1
1785431266.703,17:07:46,timeslice,1,95.2,5965,16126,37.0
1785431266.703,17:07:46,timeslice,2,96.7,6127,16126,38.0
1785431266.703,17:07:46,timeslice,3,90.5,6310,16126,39.1
1785431266.703,17:07:46,timeslice,4,93.1,5985,16126,37.1
1785431266.703,17:07:46,timeslice,5,96.1,5973,16126,37.0
1785431266.703,17:07:46,timeslice,6,96.6,6035,16126,37.4
1785431266.703,17:07:46,timeslice,7,88.7,6001,16126,37.2
1785431267.703,17:07:47,timeslice,0,95.4,6143,16126,38.1
1785431267.703,17:07:47,timeslice,1,95.2,5965,16126,37.0
1785431267.703,17:07:47,timeslice,2,96.7,6127,16126,38.0
1785431267.703,17:07:47,timeslice,3,90.5,6310,16126,39.1
1785431267.703,17:07:47,timeslice,4,93.1,5985,16126,37.1
1785431267.703,17:07:47,timeslice,5,96.1,5973,16126,37.0
1785431267.703,17:07:47,timeslice,6,96.6,6035,16126,37.4
1785431267.703,17:07:47,timeslice,7,88.7,6001,16126,37.2
1785431268.703,17:07:48,timeslice,0,95.4,6143,16126,38.1
1785431268.703,17:07:48,timeslice,1,95.2,5965,16126,37.0
1785431268.703,17:07:48,timeslice,2,96.7,6127,16126,38.0
1785431268.703,17:07:48,timeslice,3,90.5,6310,16126,39.1
1785431268.703,17:07:48,timeslice,4,93.1,5985,16126,37.1
1785431268.703,17:07:48,timeslice,5,96.1,5973,16126,37.0
1785431268.703,17:07:48,timeslice,6,96.6,6035,16126,37.4
1785431268.703,17:07:48,timeslice,7,88.7,6001,16126,37.2
1785431269.703,17:07:49,timeslice,0,95.4,6143,16126,38.1
1785431269.703,17:07:49,timeslice,1,95.2,5965,16126,37.0
1785431269.703,17:07:49,timeslice,2,96.7,6127,16126,38.0
1785431269.703,17:07:49,timeslice,3,90.5,6310,16126,39.1
1785431269.703,17:07:49,timeslice,4,93.1,5985,16126,37.1
1785431269.703,17:07:49,timeslice,5,96.1,5973,16126,37.0
1785431269.703,17:07:49,timeslice,6,96.6,6035,16126,37.4
1785431269.703,17:07:49,timeslice,7,88.7,6001,16126,37.2
1785431270.704,17:07:50,timeslice,0,95.4,6143,16126,38.1
1785431270.704,17:07:50,timeslice,1,95.2,5965,16126,37.0
1785431270.704,17:07:50,timeslice,2,96.7,6127,16126,38.0
1785431270.704,17:07:50,timeslice,3,90.5,6310,16126,39.1
1785431270.704,17:07:50,timeslice,4,93.1,5985,16126,37.1
1785431270.704,17:07:50,timeslice,5,96.1,5973,16126,37.0
1785431270.704,17:07:50,timeslice,6,96.6,6035,16126,37.4
1785431270.704,17:07:50,timeslice,7,88.7,6001,16126,37.2
1785431271.704,17:07:51,timeslice,0,88.9,7878,16126,48.9
1785431271.704,17:07:51,timeslice,1,95.5,10406,16126,64.5
1785431271.704,17:07:51,timeslice,2,95.0,8964,16126,55.6
1785431271.704,17:07:51,timeslice,3,94.9,9809,16126,60.8
1785431271.704,17:07:51,timeslice,4,96.1,10699,16126,66.3
1785431271.704,17:07:51,timeslice,5,95.8,9809,16126,60.8
1785431271.704,17:07:51,timeslice,6,90.8,9854,16126,61.1
1785431271.704,17:07:51,timeslice,7,95.0,9810,16126,60.8
1785431272.704,17:07:52,timeslice,0,88.9,7878,16126,48.9
1785431272.704,17:07:52,timeslice,1,95.5,10406,16126,64.5
1785431272.704,17:07:52,timeslice,2,95.0,8964,16126,55.6
1785431272.704,17:07:52,timeslice,3,94.9,9809,16126,60.8
1785431272.704,17:07:52,timeslice,4,96.1,10699,16126,66.3
1785431272.704,17:07:52,timeslice,5,95.8,9809,16126,60.8
1785431272.704,17:07:52,timeslice,6,90.8,9854,16126,61.1
1785431272.704,17:07:52,timeslice,7,95.0,9810,16126,60.8
1785431273.704,17:07:53,timeslice,0,88.9,7878,16126,48.9
1785431273.704,17:07:53,timeslice,1,95.5,10406,16126,64.5
1785431273.704,17:07:53,timeslice,2,95.0,8964,16126,55.6
1785431273.704,17:07:53,timeslice,3,94.9,9809,16126,60.8
1785431273.704,17:07:53,timeslice,4,96.1,10699,16126,66.3
1785431273.704,17:07:53,timeslice,5,95.8,9809,16126,60.8
1785431273.704,17:07:53,timeslice,6,90.8,9854,16126,61.1
1785431273.704,17:07:53,timeslice,7,95.0,9810,16126,60.8
1785431274.704,17:07:54,timeslice,0,88.9,7878,16126,48.9
1785431274.704,17:07:54,timeslice,1,95.5,10406,16126,64.5
1785431274.704,17:07:54,timeslice,2,95.0,8964,16126,55.6
1785431274.704,17:07:54,timeslice,3,94.9,9809,16126,60.8
1785431274.704,17:07:54,timeslice,4,96.1,10699,16126,66.3
1785431274.704,17:07:54,timeslice,5,95.8,9809,16126,60.8
1785431274.704,17:07:54,timeslice,6,90.8,9854,16126,61.1
1785431274.704,17:07:54,timeslice,7,95.0,9810,16126,60.8
1785431275.704,17:07:55,timeslice,0,88.9,7878,16126,48.9
1785431275.704,17:07:55,timeslice,1,95.5,10406,16126,64.5
1785431275.704,17:07:55,timeslice,2,95.0,8964,16126,55.6
1785431275.704,17:07:55,timeslice,3,94.9,9809,16126,60.8
1785431275.704,17:07:55,timeslice,4,96.1,10699,16126,66.3
1785431275.704,17:07:55,timeslice,5,95.8,9809,16126,60.8
1785431275.704,17:07:55,timeslice,6,90.8,9854,16126,61.1
1785431275.704,17:07:55,timeslice,7,95.0,9810,16126,60.8
1785431276.704,17:07:56,timeslice,0,92.9,6139,16126,38.1
1785431276.704,17:07:56,timeslice,1,91.0,5923,16126,36.7
1785431276.704,17:07:56,timeslice,2,93.6,6121,16126,38.0
1785431276.704,17:07:56,timeslice,3,94.7,5926,16126,36.7
1785431276.704,17:07:56,timeslice,4,91.2,6015,16126,37.3
1785431276.704,17:07:56,timeslice,5,95.4,6027,16126,37.4
1785431276.704,17:07:56,timeslice,6,94.1,5943,16126,36.9
1785431276.704,17:07:56,timeslice,7,94.5,6016,16126,37.3
1785431277.704,17:07:57,timeslice,0,92.9,6139,16126,38.1
1785431277.704,17:07:57,timeslice,1,91.0,5923,16126,36.7
1785431277.704,17:07:57,timeslice,2,93.6,6121,16126,38.0
1785431277.704,17:07:57,timeslice,3,94.7,5926,16126,36.7
1785431277.704,17:07:57,timeslice,4,91.2,6015,16126,37.3
1785431277.704,17:07:57,timeslice,5,95.4,6027,16126,37.4
1785431277.704,17:07:57,timeslice,6,94.1,5943,16126,36.9
1785431277.704,17:07:57,timeslice,7,94.5,6016,16126,37.3
1785431278.705,17:07:58,timeslice,0,92.9,6139,16126,38.1
1785431278.705,17:07:58,timeslice,1,91.0,5923,16126,36.7
1785431278.705,17:07:58,timeslice,2,93.6,6121,16126,38.0
1785431278.705,17:07:58,timeslice,3,94.7,5926,16126,36.7
1785431278.705,17:07:58,timeslice,4,91.2,6015,16126,37.3
1785431278.705,17:07:58,timeslice,5,95.4,6027,16126,37.4
1785431278.705,17:07:58,timeslice,6,94.1,5943,16126,36.9
1785431278.705,17:07:58,timeslice,7,94.5,6016,16126,37.3
1785431279.705,17:07:59,timeslice,0,92.9,6139,16126,38.1
1785431279.705,17:07:59,timeslice,1,91.0,5923,16126,36.7
1785431279.705,17:07:59,timeslice,2,93.6,6121,16126,38.0
1785431279.705,17:07:59,timeslice,3,94.7,5926,16126,36.7
1785431279.705,17:07:59,timeslice,4,91.2,6015,16126,37.3
1785431279.705,17:07:59,timeslice,5,95.4,6027,16126,37.4
1785431279.705,17:07:59,timeslice,6,94.1,5943,16126,36.9
1785431279.705,17:07:59,timeslice,7,94.5,6016,16126,37.3
1785431280.705,17:08:00,timeslice,0,92.9,6139,16126,38.1
1785431280.705,17:08:00,timeslice,1,91.0,5923,16126,36.7
1785431280.705,17:08:00,timeslice,2,93.6,6121,16126,38.0
1785431280.705,17:08:00,timeslice,3,94.7,5926,16126,36.7
1785431280.705,17:08:00,timeslice,4,91.2,6015,16126,37.3
1785431280.705,17:08:00,timeslice,5,95.4,6027,16126,37.4
1785431280.705,17:08:00,timeslice,6,94.1,5943,16126,36.9
1785431280.705,17:08:00,timeslice,7,94.5,6016,16126,37.3
1785431281.705,17:08:01,timeslice,0,94.7,6569,16126,40.7
1785431281.705,17:08:01,timeslice,1,92.8,6644,16126,41.2
1785431281.705,17:08:01,timeslice,2,96.2,6523,16126,40.5
1785431281.705,17:08:01,timeslice,3,90.6,7013,16126,43.5
1785431281.705,17:08:01,timeslice,4,93.4,6668,16126,41.3
1785431281.705,17:08:01,timeslice,5,96.5,6696,16126,41.5
1785431281.705,17:08:01,timeslice,6,96.3,6611,16126,41.0
1785431281.705,17:08:01,timeslice,7,95.1,6705,16126,41.6
1785431282.705,17:08:02,timeslice,0,94.7,6569,16126,40.7
1785431282.705,17:08:02,timeslice,1,92.8,6644,16126,41.2
1785431282.705,17:08:02,timeslice,2,96.2,6523,16126,40.5
1785431282.705,17:08:02,timeslice,3,90.6,7013,16126,43.5
1785431282.705,17:08:02,timeslice,4,93.4,6668,16126,41.3
1785431282.705,17:08:02,timeslice,5,96.5,6696,16126,41.5
1785431282.705,17:08:02,timeslice,6,96.3,6611,16126,41.0
1785431282.705,17:08:02,timeslice,7,95.1,6705,16126,41.6
1785431283.705,17:08:03,timeslice,0,94.7,6569,16126,40.7
1785431283.705,17:08:03,timeslice,1,92.8,6644,16126,41.2
1785431283.705,17:08:03,timeslice,2,96.2,6523,16126,40.5
1785431283.705,17:08:03,timeslice,3,90.6,7013,16126,43.5
1785431283.705,17:08:03,timeslice,4,93.4,6668,16126,41.3
1785431283.705,17:08:03,timeslice,5,96.5,6696,16126,41.5
1785431283.705,17:08:03,timeslice,6,96.3,6611,16126,41.0
1785431283.705,17:08:03,timeslice,7,95.1,6705,16126,41.6
1785431284.705,17:08:04,timeslice,0,94.7,6569,16126,40.7
1785431284.705,17:08:04,timeslice,1,92.8,6644,16126,41.2
1785431284.705,17:08:04,timeslice,2,96.2,6523,16126,40.5
1785431284.705,17:08:04,timeslice,3,90.6,7013,16126,43.5
1785431284.705,17:08:04,timeslice,4,93.4,6668,16126,41.3
1785431284.705,17:08:04,timeslice,5,96.5,6696,16126,41.5
1785431284.705,17:08:04,timeslice,6,96.3,6611,16126,41.0
1785431284.705,17:08:04,timeslice,7,95.1,6705,16126,41.6
1785431285.706,17:08:05,timeslice,0,94.7,6569,16126,40.7
1785431285.706,17:08:05,timeslice,1,92.8,6644,16126,41.2
1785431285.706,17:08:05,timeslice,2,96.2,6523,16126,40.5
1785431285.706,17:08:05,timeslice,3,90.6,7013,16126,43.5
1785431285.706,17:08:05,timeslice,4,93.4,6668,16126,41.3
1785431285.706,17:08:05,timeslice,5,96.5,6696,16126,41.5
1785431285.706,17:08:05,timeslice,6,96.3,6611,16126,41.0
1785431285.706,17:08:05,timeslice,7,95.1,6705,16126,41.6
1785431286.706,17:08:06,timeslice,0,94.7,6442,16126,39.9
1785431286.706,17:08:06,timeslice,1,95.7,6436,16126,39.9
1785431286.706,17:08:06,timeslice,2,89.3,6478,16126,40.2
1785431286.706,17:08:06,timeslice,3,95.1,6545,16126,40.6
1785431286.706,17:08:06,timeslice,4,95.4,6442,16126,39.9
1785431286.706,17:08:06,timeslice,5,96.2,6467,16126,40.1
1785431286.706,17:08:06,timeslice,6,96.1,6467,16126,40.1
1785431286.706,17:08:06,timeslice,7,95.6,6450,16126,40.0
1785431287.706,17:08:07,timeslice,0,94.7,6442,16126,39.9
1785431287.706,17:08:07,timeslice,1,95.7,6436,16126,39.9
1785431287.706,17:08:07,timeslice,2,89.3,6478,16126,40.2
1785431287.706,17:08:07,timeslice,3,95.1,6545,16126,40.6
1785431287.706,17:08:07,timeslice,4,95.4,6442,16126,39.9
1785431287.706,17:08:07,timeslice,5,96.2,6467,16126,40.1
1785431287.706,17:08:07,timeslice,6,96.1,6467,16126,40.1
1785431287.706,17:08:07,timeslice,7,95.6,6450,16126,40.0
1785431288.706,17:08:08,timeslice,0,94.7,6442,16126,39.9
1785431288.706,17:08:08,timeslice,1,95.7,6436,16126,39.9
1785431288.706,17:08:08,timeslice,2,89.3,6478,16126,40.2
1785431288.706,17:08:08,timeslice,3,95.1,6545,16126,40.6
1785431288.706,17:08:08,timeslice,4,95.4,6442,16126,39.9
1785431288.706,17:08:08,timeslice,5,96.2,6467,16126,40.1
1785431288.706,17:08:08,timeslice,6,96.1,6467,16126,40.1
1785431288.706,17:08:08,timeslice,7,95.6,6450,16126,40.0
1785431289.706,17:08:09,timeslice,0,94.7,6442,16126,39.9
1785431289.706,17:08:09,timeslice,1,95.7,6436,16126,39.9
1785431289.706,17:08:09,timeslice,2,89.3,6478,16126,40.2
1785431289.706,17:08:09,timeslice,3,95.1,6545,16126,40.6
1785431289.706,17:08:09,timeslice,4,95.4,6442,16126,39.9
1785431289.706,17:08:09,timeslice,5,96.2,6467,16126,40.1
1785431289.706,17:08:09,timeslice,6,96.1,6467,16126,40.1
1785431289.706,17:08:09,timeslice,7,95.6,6450,16126,40.0
1785431290.706,17:08:10,timeslice,0,94.7,6442,16126,39.9
1785431290.706,17:08:10,timeslice,1,95.7,6436,16126,39.9
1785431290.706,17:08:10,timeslice,2,89.3,6478,16126,40.2
1785431290.706,17:08:10,timeslice,3,95.1,6545,16126,40.6
1785431290.706,17:08:10,timeslice,4,95.4,6442,16126,39.9
1785431290.706,17:08:10,timeslice,5,96.2,6467,16126,40.1
1785431290.706,17:08:10,timeslice,6,96.1,6467,16126,40.1
1785431290.706,17:08:10,timeslice,7,95.6,6450,16126,40.0
1785431291.706,17:08:11,timeslice,0,94.7,7228,16126,44.8
1785431291.706,17:08:11,timeslice,1,91.9,7366,16126,45.7
1785431291.706,17:08:11,timeslice,2,92.5,7316,16126,45.4
1785431291.706,17:08:11,timeslice,3,91.9,7059,16126,43.8
1785431291.706,17:08:11,timeslice,4,91.1,7366,16126,45.7
1785431291.706,17:08:11,timeslice,5,94.5,7366,16126,45.7
1785431291.706,17:08:11,timeslice,6,94.8,7173,16126,44.5
1785431291.706,17:08:11,timeslice,7,91.5,7367,16126,45.7
1785431292.706,17:08:12,timeslice,0,94.7,7228,16126,44.8
1785431292.706,17:08:12,timeslice,1,91.9,7366,16126,45.7
1785431292.706,17:08:12,timeslice,2,92.5,7316,16126,45.4
1785431292.706,17:08:12,timeslice,3,91.9,7059,16126,43.8
1785431292.706,17:08:12,timeslice,4,91.1,7366,16126,45.7
1785431292.706,17:08:12,timeslice,5,94.5,7366,16126,45.7
1785431292.706,17:08:12,timeslice,6,94.8,7173,16126,44.5
1785431292.706,17:08:12,timeslice,7,91.5,7367,16126,45.7
1785431293.706,17:08:13,timeslice,0,94.7,7228,16126,44.8
1785431293.706,17:08:13,timeslice,1,91.9,7366,16126,45.7
1785431293.706,17:08:13,timeslice,2,92.5,7316,16126,45.4
1785431293.706,17:08:13,timeslice,3,91.9,7059,16126,43.8
1785431293.706,17:08:13,timeslice,4,91.1,7366,16126,45.7
1785431293.706,17:08:13,timeslice,5,94.5,7366,16126,45.7
1785431293.706,17:08:13,timeslice,6,94.8,7173,16126,44.5
1785431293.706,17:08:13,timeslice,7,91.5,7367,16126,45.7
1785431294.707,17:08:14,timeslice,0,94.7,7228,16126,44.8
1785431294.707,17:08:14,timeslice,1,91.9,7366,16126,45.7
1785431294.707,17:08:14,timeslice,2,92.5,7316,16126,45.4
1785431294.707,17:08:14,timeslice,3,91.9,7059,16126,43.8
1785431294.707,17:08:14,timeslice,4,91.1,7366,16126,45.7
1785431294.707,17:08:14,timeslice,5,94.5,7366,16126,45.7
1785431294.707,17:08:14,timeslice,6,94.8,7173,16126,44.5
1785431294.707,17:08:14,timeslice,7,91.5,7367,16126,45.7
1785431295.707,17:08:15,timeslice,0,94.7,7228,16126,44.8
1785431295.707,17:08:15,timeslice,1,91.9,7366,16126,45.7
1785431295.707,17:08:15,timeslice,2,92.5,7316,16126,45.4
1785431295.707,17:08:15,timeslice,3,91.9,7059,16126,43.8
1785431295.707,17:08:15,timeslice,4,91.1,7366,16126,45.7
1785431295.707,17:08:15,timeslice,5,94.5,7366,16126,45.7
1785431295.707,17:08:15,timeslice,6,94.8,7173,16126,44.5
1785431295.707,17:08:15,timeslice,7,91.5,7367,16126,45.7
1785431296.707,17:08:16,timeslice,0,96.2,8176,16126,50.7
1785431296.707,17:08:16,timeslice,1,96.8,8300,16126,51.5
1785431296.707,17:08:16,timeslice,2,95.7,8270,16126,51.3
1785431296.707,17:08:16,timeslice,3,93.1,8675,16126,53.8
1785431296.707,17:08:16,timeslice,4,91.2,8414,16126,52.2
1785431296.707,17:08:16,timeslice,5,97.0,8324,16126,51.6
1785431296.707,17:08:16,timeslice,6,96.1,8250,16126,51.2
1785431296.707,17:08:16,timeslice,7,90.0,8685,16126,53.9
1785431297.707,17:08:17,timeslice,0,96.2,8176,16126,50.7
1785431297.707,17:08:17,timeslice,1,96.8,8300,16126,51.5
1785431297.707,17:08:17,timeslice,2,95.7,8270,16126,51.3
1785431297.707,17:08:17,timeslice,3,93.1,8675,16126,53.8
1785431297.707,17:08:17,timeslice,4,91.2,8414,16126,52.2
1785431297.707,17:08:17,timeslice,5,97.0,8324,16126,51.6
1785431297.707,17:08:17,timeslice,6,96.1,8250,16126,51.2
1785431297.707,17:08:17,timeslice,7,90.0,8685,16126,53.9
1785431298.707,17:08:18,timeslice,0,96.2,8176,16126,50.7
1785431298.707,17:08:18,timeslice,1,96.8,8300,16126,51.5
1785431298.707,17:08:18,timeslice,2,95.7,8270,16126,51.3
1785431298.707,17:08:18,timeslice,3,93.1,8675,16126,53.8
1785431298.707,17:08:18,timeslice,4,91.2,8414,16126,52.2
1785431298.707,17:08:18,timeslice,5,97.0,8324,16126,51.6
1785431298.707,17:08:18,timeslice,6,96.1,8250,16126,51.2
1785431298.707,17:08:18,timeslice,7,90.0,8685,16126,53.9
1785431299.707,17:08:19,timeslice,0,96.2,8176,16126,50.7
1785431299.707,17:08:19,timeslice,1,96.8,8300,16126,51.5
1785431299.707,17:08:19,timeslice,2,95.7,8270,16126,51.3
1785431299.707,17:08:19,timeslice,3,93.1,8675,16126,53.8
1785431299.707,17:08:19,timeslice,4,91.2,8414,16126,52.2
1785431299.707,17:08:19,timeslice,5,97.0,8324,16126,51.6
1785431299.707,17:08:19,timeslice,6,96.1,8250,16126,51.2
1785431299.707,17:08:19,timeslice,7,90.0,8685,16126,53.9
1785431300.707,17:08:20,timeslice,0,96.2,8176,16126,50.7
1785431300.707,17:08:20,timeslice,1,96.8,8300,16126,51.5
1785431300.707,17:08:20,timeslice,2,95.7,8270,16126,51.3
1785431300.707,17:08:20,timeslice,3,93.1,8675,16126,53.8
1785431300.707,17:08:20,timeslice,4,91.2,8414,16126,52.2
1785431300.707,17:08:20,timeslice,5,97.0,8324,16126,51.6
1785431300.707,17:08:20,timeslice,6,96.1,8250,16126,51.2
1785431300.707,17:08:20,timeslice,7,90.0,8685,16126,53.9
1785431301.707,17:08:21,timeslice,0,89.5,6437,16126,39.9
1785431301.707,17:08:21,timeslice,1,94.5,6546,16126,40.6
1785431301.707,17:08:21,timeslice,2,95.1,5509,16126,34.2
1785431301.707,17:08:21,timeslice,3,87.4,6395,16126,39.7
1785431301.707,17:08:21,timeslice,4,94.9,6348,16126,39.4
1785431301.707,17:08:21,timeslice,5,96.3,6420,16126,39.8
1785431301.707,17:08:21,timeslice,6,96.7,5359,16126,33.2
1785431301.707,17:08:21,timeslice,7,94.2,5519,16126,34.2
1785431302.708,17:08:22,timeslice,0,89.5,6437,16126,39.9
1785431302.708,17:08:22,timeslice,1,94.5,6546,16126,40.6
1785431302.708,17:08:22,timeslice,2,95.1,5509,16126,34.2
1785431302.708,17:08:22,timeslice,3,87.4,6395,16126,39.7
1785431302.708,17:08:22,timeslice,4,94.9,6348,16126,39.4
1785431302.708,17:08:22,timeslice,5,96.3,6420,16126,39.8
1785431302.708,17:08:22,timeslice,6,96.7,5359,16126,33.2
1785431302.708,17:08:22,timeslice,7,94.2,5519,16126,34.2
1785431303.708,17:08:23,timeslice,0,89.5,6437,16126,39.9
1785431303.708,17:08:23,timeslice,1,94.5,6546,16126,40.6
1785431303.708,17:08:23,timeslice,2,95.1,5509,16126,34.2
1785431303.708,17:08:23,timeslice,3,87.4,6395,16126,39.7
1785431303.708,17:08:23,timeslice,4,94.9,6348,16126,39.4
1785431303.708,17:08:23,timeslice,5,96.3,6420,16126,39.8
1785431303.708,17:08:23,timeslice,6,96.7,5359,16126,33.2
1785431303.708,17:08:23,timeslice,7,94.2,5519,16126,34.2
1785431304.708,17:08:24,timeslice,0,89.5,6437,16126,39.9
1785431304.708,17:08:24,timeslice,1,94.5,6546,16126,40.6
1785431304.708,17:08:24,timeslice,2,95.1,5509,16126,34.2
1785431304.708,17:08:24,timeslice,3,87.4,6395,16126,39.7
1785431304.708,17:08:24,timeslice,4,94.9,6348,16126,39.4
1785431304.708,17:08:24,timeslice,5,96.3,6420,16126,39.8
1785431304.708,17:08:24,timeslice,6,96.7,5359,16126,33.2
1785431304.708,17:08:24,timeslice,7,94.2,5519,16126,34.2
1785431305.708,17:08:25,timeslice,0,89.5,6437,16126,39.9
1785431305.708,17:08:25,timeslice,1,94.5,6546,16126,40.6
1785431305.708,17:08:25,timeslice,2,95.1,5509,16126,34.2
1785431305.708,17:08:25,timeslice,3,87.4,6395,16126,39.7
1785431305.708,17:08:25,timeslice,4,94.9,6348,16126,39.4
1785431305.708,17:08:25,timeslice,5,96.3,6420,16126,39.8
1785431305.708,17:08:25,timeslice,6,96.7,5359,16126,33.2
1785431305.708,17:08:25,timeslice,7,94.2,5519,16126,34.2
1785431306.708,17:08:26,timeslice,0,93.1,7879,16126,48.9
1785431306.708,17:08:26,timeslice,1,83.0,7941,16126,49.2
1785431306.708,17:08:26,timeslice,2,94.3,7807,16126,48.4
1785431306.708,17:08:26,timeslice,3,93.9,7959,16126,49.4
1785431306.708,17:08:26,timeslice,4,94.0,7889,16126,48.9
1785431306.708,17:08:26,timeslice,5,89.6,7903,16126,49.0
1785431306.708,17:08:26,timeslice,6,95.4,7789,16126,48.3
1785431306.708,17:08:26,timeslice,7,94.7,7797,16126,48.4
1785431307.708,17:08:27,timeslice,0,93.1,7879,16126,48.9
1785431307.708,17:08:27,timeslice,1,83.0,7941,16126,49.2
1785431307.708,17:08:27,timeslice,2,94.3,7807,16126,48.4
1785431307.708,17:08:27,timeslice,3,93.9,7959,16126,49.4
1785431307.708,17:08:27,timeslice,4,94.0,7889,16126,48.9
1785431307.708,17:08:27,timeslice,5,89.6,7903,16126,49.0
1785431307.708,17:08:27,timeslice,6,95.4,7789,16126,48.3
1785431307.708,17:08:27,timeslice,7,94.7,7797,16126,48.4
1785431308.708,17:08:28,timeslice,0,93.1,7879,16126,48.9
1785431308.708,17:08:28,timeslice,1,83.0,7941,16126,49.2
1785431308.708,17:08:28,timeslice,2,94.3,7807,16126,48.4
1785431308.708,17:08:28,timeslice,3,93.9,7959,16126,49.4
1785431308.708,17:08:28,timeslice,4,94.0,7889,16126,48.9
1785431308.708,17:08:28,timeslice,5,89.6,7903,16126,49.0
1785431308.708,17:08:28,timeslice,6,95.4,7789,16126,48.3
1785431308.708,17:08:28,timeslice,7,94.7,7797,16126,48.4
1785431309.708,17:08:29,timeslice,0,93.1,7879,16126,48.9
1785431309.708,17:08:29,timeslice,1,83.0,7941,16126,49.2
1785431309.708,17:08:29,timeslice,2,94.3,7807,16126,48.4
1785431309.708,17:08:29,timeslice,3,93.9,7959,16126,49.4
1785431309.708,17:08:29,timeslice,4,94.0,7889,16126,48.9
1785431309.708,17:08:29,timeslice,5,89.6,7903,16126,49.0
1785431309.708,17:08:29,timeslice,6,95.4,7789,16126,48.3
1785431309.708,17:08:29,timeslice,7,94.7,7797,16126,48.4
1785431310.709,17:08:30,timeslice,0,93.1,7879,16126,48.9
1785431310.709,17:08:30,timeslice,1,83.0,7941,16126,49.2
1785431310.709,17:08:30,timeslice,2,94.3,7807,16126,48.4
1785431310.709,17:08:30,timeslice,3,93.9,7959,16126,49.4
1785431310.709,17:08:30,timeslice,4,94.0,7889,16126,48.9
1785431310.709,17:08:30,timeslice,5,89.6,7903,16126,49.0
1785431310.709,17:08:30,timeslice,6,95.4,7789,16126,48.3
1785431310.709,17:08:30,timeslice,7,94.7,7797,16126,48.4
1785431311.709,17:08:31,timeslice,0,95.0,6490,16126,40.2
1785431311.709,17:08:31,timeslice,1,95.1,6292,16126,39.0
1785431311.709,17:08:31,timeslice,2,96.6,6446,16126,40.0
1785431311.709,17:08:31,timeslice,3,96.2,6298,16126,39.1
1785431311.709,17:08:31,timeslice,4,95.7,6414,16126,39.8
1785431311.709,17:08:31,timeslice,5,90.1,6382,16126,39.6
1785431311.709,17:08:31,timeslice,6,96.1,6288,16126,39.0
1785431311.709,17:08:31,timeslice,7,96.9,6222,16126,38.6
1785431312.709,17:08:32,timeslice,0,95.0,6490,16126,40.2
1785431312.709,17:08:32,timeslice,1,95.1,6292,16126,39.0
1785431312.709,17:08:32,timeslice,2,96.6,6446,16126,40.0
1785431312.709,17:08:32,timeslice,3,96.2,6298,16126,39.1
1785431312.709,17:08:32,timeslice,4,95.7,6414,16126,39.8
1785431312.709,17:08:32,timeslice,5,90.1,6382,16126,39.6
1785431312.709,17:08:32,timeslice,6,96.1,6288,16126,39.0
1785431312.709,17:08:32,timeslice,7,96.9,6222,16126,38.6
1785431313.709,17:08:33,timeslice,0,95.0,6490,16126,40.2
1785431313.709,17:08:33,timeslice,1,95.1,6292,16126,39.0
1785431313.709,17:08:33,timeslice,2,96.6,6446,16126,40.0
1785431313.709,17:08:33,timeslice,3,96.2,6298,16126,39.1
1785431313.709,17:08:33,timeslice,4,95.7,6414,16126,39.8
1785431313.709,17:08:33,timeslice,5,90.1,6382,16126,39.6
1785431313.709,17:08:33,timeslice,6,96.1,6288,16126,39.0
1785431313.709,17:08:33,timeslice,7,96.9,6222,16126,38.6
1785431314.709,17:08:34,timeslice,0,95.0,6490,16126,40.2
1785431314.709,17:08:34,timeslice,1,95.1,6292,16126,39.0
1785431314.709,17:08:34,timeslice,2,96.6,6446,16126,40.0
1785431314.709,17:08:34,timeslice,3,96.2,6298,16126,39.1
1785431314.709,17:08:34,timeslice,4,95.7,6414,16126,39.8
1785431314.709,17:08:34,timeslice,5,90.1,6382,16126,39.6
1785431314.709,17:08:34,timeslice,6,96.1,6288,16126,39.0
1785431314.709,17:08:34,timeslice,7,96.9,6222,16126,38.6
1785431315.709,17:08:35,timeslice,0,95.0,6490,16126,40.2
1785431315.709,17:08:35,timeslice,1,95.1,6292,16126,39.0
1785431315.709,17:08:35,timeslice,2,96.6,6446,16126,40.0
1785431315.709,17:08:35,timeslice,3,96.2,6298,16126,39.1
1785431315.709,17:08:35,timeslice,4,95.7,6414,16126,39.8
1785431315.709,17:08:35,timeslice,5,90.1,6382,16126,39.6
1785431315.709,17:08:35,timeslice,6,96.1,6288,16126,39.0
1785431315.709,17:08:35,timeslice,7,96.9,6222,16126,38.6
1785431316.709,17:08:36,timeslice,0,95.7,8740,16126,54.2
1785431316.709,17:08:36,timeslice,1,93.6,8724,16126,54.1
1785431316.709,17:08:36,timeslice,2,96.2,8704,16126,54.0
1785431316.709,17:08:36,timeslice,3,95.6,8385,16126,52.0
1785431316.709,17:08:36,timeslice,4,95.4,8730,16126,54.1
1785431316.709,17:08:36,timeslice,5,89.0,8874,16126,55.0
1785431316.709,17:08:36,timeslice,6,95.7,8327,16126,51.6
1785431316.709,17:08:36,timeslice,7,95.4,8386,16126,52.0
1785431317.709,17:08:37,timeslice,0,95.7,8740,16126,54.2
1785431317.709,17:08:37,timeslice,1,93.6,8724,16126,54.1
1785431317.709,17:08:37,timeslice,2,96.2,8704,16126,54.0
1785431317.709,17:08:37,timeslice,3,95.6,8385,16126,52.0
1785431317.709,17:08:37,timeslice,4,95.4,8730,16126,54.1
1785431317.709,17:08:37,timeslice,5,89.0,8874,16126,55.0
1785431317.709,17:08:37,timeslice,6,95.7,8327,16126,51.6
1785431317.709,17:08:37,timeslice,7,95.4,8386,16126,52.0
1785431318.71,17:08:38,timeslice,0,95.7,8740,16126,54.2
1785431318.71,17:08:38,timeslice,1,93.6,8724,16126,54.1
1785431318.71,17:08:38,timeslice,2,96.2,8704,16126,54.0
1785431318.71,17:08:38,timeslice,3,95.6,8385,16126,52.0
1785431318.71,17:08:38,timeslice,4,95.4,8730,16126,54.1
1785431318.71,17:08:38,timeslice,5,89.0,8874,16126,55.0
1785431318.71,17:08:38,timeslice,6,95.7,8327,16126,51.6
1785431318.71,17:08:38,timeslice,7,95.4,8386,16126,52.0
1785431319.71,17:08:39,timeslice,0,95.7,8740,16126,54.2
1785431319.71,17:08:39,timeslice,1,93.6,8724,16126,54.1
1785431319.71,17:08:39,timeslice,2,96.2,8704,16126,54.0
1785431319.71,17:08:39,timeslice,3,95.6,8385,16126,52.0
1785431319.71,17:08:39,timeslice,4,95.4,8730,16126,54.1
1785431319.71,17:08:39,timeslice,5,89.0,8874,16126,55.0
1785431319.71,17:08:39,timeslice,6,95.7,8327,16126,51.6
1785431319.71,17:08:39,timeslice,7,95.4,8386,16126,52.0
1785431320.71,17:08:40,timeslice,0,95.7,8740,16126,54.2
1785431320.71,17:08:40,timeslice,1,93.6,8724,16126,54.1
1785431320.71,17:08:40,timeslice,2,96.2,8704,16126,54.0
1785431320.71,17:08:40,timeslice,3,95.6,8385,16126,52.0
1785431320.71,17:08:40,timeslice,4,95.4,8730,16126,54.1
1785431320.71,17:08:40,timeslice,5,89.0,8874,16126,55.0
1785431320.71,17:08:40,timeslice,6,95.7,8327,16126,51.6
1785431320.71,17:08:40,timeslice,7,95.4,8386,16126,52.0
1785431321.71,17:08:41,timeslice,0,93.3,8582,16126,53.2
1785431321.71,17:08:41,timeslice,1,93.2,8561,16126,53.1
1785431321.71,17:08:41,timeslice,2,95.6,8528,16126,52.9
1785431321.71,17:08:41,timeslice,3,87.5,8711,16126,54.0
1785431321.71,17:08:41,timeslice,4,94.1,8541,16126,53.0
1785431321.71,17:08:41,timeslice,5,94.7,8509,16126,52.8
1785431321.71,17:08:41,timeslice,6,94.2,8472,16126,52.5
1785431321.71,17:08:41,timeslice,7,93.9,8676,16126,53.8
1785431322.71,17:08:42,timeslice,0,93.3,8582,16126,53.2
1785431322.71,17:08:42,timeslice,1,93.2,8561,16126,53.1
1785431322.71,17:08:42,timeslice,2,95.6,8528,16126,52.9
1785431322.71,17:08:42,timeslice,3,87.5,8711,16126,54.0
1785431322.71,17:08:42,timeslice,4,94.1,8541,16126,53.0
1785431322.71,17:08:42,timeslice,5,94.7,8509,16126,52.8
1785431322.71,17:08:42,timeslice,6,94.2,8472,16126,52.5
1785431322.71,17:08:42,timeslice,7,93.9,8676,16126,53.8
1785431323.71,17:08:43,timeslice,0,93.3,8582,16126,53.2
1785431323.71,17:08:43,timeslice,1,93.2,8561,16126,53.1
1785431323.71,17:08:43,timeslice,2,95.6,8528,16126,52.9
1785431323.71,17:08:43,timeslice,3,87.5,8711,16126,54.0
1785431323.71,17:08:43,timeslice,4,94.1,8541,16126,53.0
1785431323.71,17:08:43,timeslice,5,94.7,8509,16126,52.8
1785431323.71,17:08:43,timeslice,6,94.2,8472,16126,52.5
1785431323.71,17:08:43,timeslice,7,93.9,8676,16126,53.8
1785431324.71,17:08:44,timeslice,0,93.3,8582,16126,53.2
1785431324.71,17:08:44,timeslice,1,93.2,8561,16126,53.1
1785431324.71,17:08:44,timeslice,2,95.6,8528,16126,52.9
1785431324.71,17:08:44,timeslice,3,87.5,8711,16126,54.0
1785431324.71,17:08:44,timeslice,4,94.1,8541,16126,53.0
1785431324.71,17:08:44,timeslice,5,94.7,8509,16126,52.8
1785431324.71,17:08:44,timeslice,6,94.2,8472,16126,52.5
1785431324.71,17:08:44,timeslice,7,93.9,8676,16126,53.8
1785431325.71,17:08:45,timeslice,0,93.3,8582,16126,53.2
1785431325.71,17:08:45,timeslice,1,93.2,8561,16126,53.1
1785431325.71,17:08:45,timeslice,2,95.6,8528,16126,52.9
1785431325.71,17:08:45,timeslice,3,87.5,8711,16126,54.0
1785431325.71,17:08:45,timeslice,4,94.1,8541,16126,53.0
1785431325.71,17:08:45,timeslice,5,94.7,8509,16126,52.8
1785431325.71,17:08:45,timeslice,6,94.2,8472,16126,52.5
1785431325.71,17:08:45,timeslice,7,93.9,8676,16126,53.8
1785431326.71,17:08:46,timeslice,0,95.8,7938,16126,49.2
1785431326.71,17:08:46,timeslice,1,95.5,7992,16126,49.6
1785431326.71,17:08:46,timeslice,2,95.7,7800,16126,48.4
1785431326.71,17:08:46,timeslice,3,85.8,7896,16126,49.0
1785431326.71,17:08:46,timeslice,4,95.1,7986,16126,49.5
1785431326.71,17:08:46,timeslice,5,95.6,7956,16126,49.3
1785431326.71,17:08:46,timeslice,6,96.6,7623,16126,47.3
1785431326.71,17:08:46,timeslice,7,94.2,8012,16126,49.7
1785431327.711,17:08:47,timeslice,0,95.8,7938,16126,49.2
1785431327.711,17:08:47,timeslice,1,95.5,7992,16126,49.6
1785431327.711,17:08:47,timeslice,2,95.7,7800,16126,48.4
1785431327.711,17:08:47,timeslice,3,85.8,7896,16126,49.0
1785431327.711,17:08:47,timeslice,4,95.1,7986,16126,49.5
1785431327.711,17:08:47,timeslice,5,95.6,7956,16126,49.3
1785431327.711,17:08:47,timeslice,6,96.6,7623,16126,47.3
1785431327.711,17:08:47,timeslice,7,94.2,8012,16126,49.7
1785431328.711,17:08:48,timeslice,0,95.8,7938,16126,49.2
1785431328.711,17:08:48,timeslice,1,95.5,7992,16126,49.6
1785431328.711,17:08:48,timeslice,2,95.7,7800,16126,48.4
1785431328.711,17:08:48,timeslice,3,85.8,7896,16126,49.0
1785431328.711,17:08:48,timeslice,4,95.1,7986,16126,49.5
1785431328.711,17:08:48,timeslice,5,95.6,7956,16126,49.3
1785431328.711,17:08:48,timeslice,6,96.6,7623,16126,47.3
1785431328.711,17:08:48,timeslice,7,94.2,8012,16126,49.7
1785431329.711,17:08:49,timeslice,0,95.8,7938,16126,49.2
1785431329.711,17:08:49,timeslice,1,95.5,7992,16126,49.6
1785431329.711,17:08:49,timeslice,2,95.7,7800,16126,48.4
1785431329.711,17:08:49,timeslice,3,85.8,7896,16126,49.0
1785431329.711,17:08:49,timeslice,4,95.1,7986,16126,49.5
1785431329.711,17:08:49,timeslice,5,95.6,7956,16126,49.3
1785431329.711,17:08:49,timeslice,6,96.6,7623,16126,47.3
1785431329.711,17:08:49,timeslice,7,94.2,8012,16126,49.7
1785431330.711,17:08:50,timeslice,0,95.8,7938,16126,49.2
1785431330.711,17:08:50,timeslice,1,95.5,7992,16126,49.6
1785431330.711,17:08:50,timeslice,2,95.7,7800,16126,48.4
1785431330.711,17:08:50,timeslice,3,85.8,7896,16126,49.0
1785431330.711,17:08:50,timeslice,4,95.1,7986,16126,49.5
1785431330.711,17:08:50,timeslice,5,95.6,7956,16126,49.3
1785431330.711,17:08:50,timeslice,6,96.6,7623,16126,47.3
1785431330.711,17:08:50,timeslice,7,94.2,8012,16126,49.7
1785431331.711,17:08:51,timeslice,0,96.2,5761,16126,35.7
1785431331.711,17:08:51,timeslice,1,92.4,5553,16126,34.4
1785431331.711,17:08:51,timeslice,2,91.7,5478,16126,34.0
1785431331.711,17:08:51,timeslice,3,95.2,5476,16126,34.0
1785431331.711,17:08:51,timeslice,4,96.4,5564,16126,34.5
1785431331.711,17:08:51,timeslice,5,96.1,5500,16126,34.1
1785431331.711,17:08:51,timeslice,6,94.8,5579,16126,34.6
1785431331.711,17:08:51,timeslice,7,96.0,5491,16126,34.1
1785431332.711,17:08:52,timeslice,0,96.2,5761,16126,35.7
1785431332.711,17:08:52,timeslice,1,92.4,5553,16126,34.4
1785431332.711,17:08:52,timeslice,2,91.7,5478,16126,34.0
1785431332.711,17:08:52,timeslice,3,95.2,5476,16126,34.0
1785431332.711,17:08:52,timeslice,4,96.4,5564,16126,34.5
1785431332.711,17:08:52,timeslice,5,96.1,5500,16126,34.1
1785431332.711,17:08:52,timeslice,6,94.8,5579,16126,34.6
1785431332.711,17:08:52,timeslice,7,96.0,5491,16126,34.1
1785431333.711,17:08:53,timeslice,0,96.2,5761,16126,35.7
1785431333.711,17:08:53,timeslice,1,92.4,5553,16126,34.4
1785431333.711,17:08:53,timeslice,2,91.7,5478,16126,34.0
1785431333.711,17:08:53,timeslice,3,95.2,5476,16126,34.0
1785431333.711,17:08:53,timeslice,4,96.4,5564,16126,34.5
1785431333.711,17:08:53,timeslice,5,96.1,5500,16126,34.1
1785431333.711,17:08:53,timeslice,6,94.8,5579,16126,34.6
1785431333.711,17:08:53,timeslice,7,96.0,5491,16126,34.1
1785431334.711,17:08:54,timeslice,0,96.2,5761,16126,35.7
1785431334.711,17:08:54,timeslice,1,92.4,5553,16126,34.4
1785431334.711,17:08:54,timeslice,2,91.7,5478,16126,34.0
1785431334.711,17:08:54,timeslice,3,95.2,5476,16126,34.0
1785431334.711,17:08:54,timeslice,4,96.4,5564,16126,34.5
1785431334.711,17:08:54,timeslice,5,96.1,5500,16126,34.1
1785431334.711,17:08:54,timeslice,6,94.8,5579,16126,34.6
1785431334.711,17:08:54,timeslice,7,96.0,5491,16126,34.1
1785431335.712,17:08:55,timeslice,0,96.2,5761,16126,35.7
1785431335.712,17:08:55,timeslice,1,92.4,5553,16126,34.4
1785431335.712,17:08:55,timeslice,2,91.7,5478,16126,34.0
1785431335.712,17:08:55,timeslice,3,95.2,5476,16126,34.0
1785431335.712,17:08:55,timeslice,4,96.4,5564,16126,34.5
1785431335.712,17:08:55,timeslice,5,96.1,5500,16126,34.1
1785431335.712,17:08:55,timeslice,6,94.8,5579,16126,34.6
1785431335.712,17:08:55,timeslice,7,96.0,5491,16126,34.1
1785431336.712,17:08:56,timeslice,0,94.4,6790,16126,42.1
1785431336.712,17:08:56,timeslice,1,94.9,6441,16126,39.9
1785431336.712,17:08:56,timeslice,2,93.6,6249,16126,38.8
1785431336.712,17:08:56,timeslice,3,91.1,6706,16126,41.6
1785431336.712,17:08:56,timeslice,4,95.1,6351,16126,39.4
1785431336.712,17:08:56,timeslice,5,94.5,6273,16126,38.9
1785431336.712,17:08:56,timeslice,6,94.0,6423,16126,39.8
1785431336.712,17:08:56,timeslice,7,89.9,6334,16126,39.3
1785431337.712,17:08:57,timeslice,0,94.4,6790,16126,42.1
1785431337.712,17:08:57,timeslice,1,94.9,6441,16126,39.9
1785431337.712,17:08:57,timeslice,2,93.6,6249,16126,38.8
1785431337.712,17:08:57,timeslice,3,91.1,6706,16126,41.6
1785431337.712,17:08:57,timeslice,4,95.1,6351,16126,39.4
1785431337.712,17:08:57,timeslice,5,94.5,6273,16126,38.9
1785431337.712,17:08:57,timeslice,6,94.0,6423,16126,39.8
1785431337.712,17:08:57,timeslice,7,89.9,6334,16126,39.3
1785431338.712,17:08:58,timeslice,0,94.4,6790,16126,42.1
1785431338.712,17:08:58,timeslice,1,94.9,6441,16126,39.9
1785431338.712,17:08:58,timeslice,2,93.6,6249,16126,38.8
1785431338.712,17:08:58,timeslice,3,91.1,6706,16126,41.6
1785431338.712,17:08:58,timeslice,4,95.1,6351,16126,39.4
1785431338.712,17:08:58,timeslice,5,94.5,6273,16126,38.9
1785431338.712,17:08:58,timeslice,6,94.0,6423,16126,39.8
1785431338.712,17:08:58,timeslice,7,89.9,6334,16126,39.3
1785431339.712,17:08:59,timeslice,0,94.4,6790,16126,42.1
1785431339.712,17:08:59,timeslice,1,94.9,6441,16126,39.9
1785431339.712,17:08:59,timeslice,2,93.6,6249,16126,38.8
1785431339.712,17:08:59,timeslice,3,91.1,6706,16126,41.6
1785431339.712,17:08:59,timeslice,4,95.1,6351,16126,39.4
1785431339.712,17:08:59,timeslice,5,94.5,6273,16126,38.9
1785431339.712,17:08:59,timeslice,6,94.0,6423,16126,39.8
1785431339.712,17:08:59,timeslice,7,89.9,6334,16126,39.3
1785431340.712,17:09:00,timeslice,0,94.4,6790,16126,42.1
1785431340.712,17:09:00,timeslice,1,94.9,6441,16126,39.9
1785431340.712,17:09:00,timeslice,2,93.6,6249,16126,38.8
1785431340.712,17:09:00,timeslice,3,91.1,6706,16126,41.6
1785431340.712,17:09:00,timeslice,4,95.1,6351,16126,39.4
1785431340.712,17:09:00,timeslice,5,94.5,6273,16126,38.9
1785431340.712,17:09:00,timeslice,6,94.0,6423,16126,39.8
1785431340.712,17:09:00,timeslice,7,89.9,6334,16126,39.3
1785431341.712,17:09:01,timeslice,0,94.3,7059,16126,43.8
1785431341.712,17:09:01,timeslice,1,91.0,6725,16126,41.7
1785431341.712,17:09:01,timeslice,2,92.0,6927,16126,43.0
1785431341.712,17:09:01,timeslice,3,94.0,6760,16126,41.9
1785431341.712,17:09:01,timeslice,4,95.4,6804,16126,42.2
1785431341.712,17:09:01,timeslice,5,87.6,6816,16126,42.3
1785431341.712,17:09:01,timeslice,6,87.0,7059,16126,43.8
1785431341.712,17:09:01,timeslice,7,93.7,6859,16126,42.5
1785431342.712,17:09:02,timeslice,0,94.3,7059,16126,43.8
1785431342.712,17:09:02,timeslice,1,91.0,6725,16126,41.7
1785431342.712,17:09:02,timeslice,2,92.0,6927,16126,43.0
1785431342.712,17:09:02,timeslice,3,94.0,6760,16126,41.9
1785431342.712,17:09:02,timeslice,4,95.4,6804,16126,42.2
1785431342.712,17:09:02,timeslice,5,87.6,6816,16126,42.3
1785431342.712,17:09:02,timeslice,6,87.0,7059,16126,43.8
1785431342.712,17:09:02,timeslice,7,93.7,6859,16126,42.5
1785431343.713,17:09:03,timeslice,0,94.3,7059,16126,43.8
1785431343.713,17:09:03,timeslice,1,91.0,6725,16126,41.7
1785431343.713,17:09:03,timeslice,2,92.0,6927,16126,43.0
1785431343.713,17:09:03,timeslice,3,94.0,6760,16126,41.9
1785431343.713,17:09:03,timeslice,4,95.4,6804,16126,42.2
1785431343.713,17:09:03,timeslice,5,87.6,6816,16126,42.3
1785431343.713,17:09:03,timeslice,6,87.0,7059,16126,43.8
1785431343.713,17:09:03,timeslice,7,93.7,6859,16126,42.5
1785431344.713,17:09:04,timeslice,0,94.3,7059,16126,43.8
1785431344.713,17:09:04,timeslice,1,91.0,6725,16126,41.7
1785431344.713,17:09:04,timeslice,2,92.0,6927,16126,43.0
1785431344.713,17:09:04,timeslice,3,94.0,6760,16126,41.9
1785431344.713,17:09:04,timeslice,4,95.4,6804,16126,42.2
1785431344.713,17:09:04,timeslice,5,87.6,6816,16126,42.3
1785431344.713,17:09:04,timeslice,6,87.0,7059,16126,43.8
1785431344.713,17:09:04,timeslice,7,93.7,6859,16126,42.5
1785431345.713,17:09:05,timeslice,0,94.3,7059,16126,43.8
1785431345.713,17:09:05,timeslice,1,91.0,6725,16126,41.7
1785431345.713,17:09:05,timeslice,2,92.0,6927,16126,43.0
1785431345.713,17:09:05,timeslice,3,94.0,6760,16126,41.9
1785431345.713,17:09:05,timeslice,4,95.4,6804,16126,42.2
1785431345.713,17:09:05,timeslice,5,87.6,6816,16126,42.3
1785431345.713,17:09:05,timeslice,6,87.0,7059,16126,43.8
1785431345.713,17:09:05,timeslice,7,93.7,6859,16126,42.5
1785431346.713,17:09:06,timeslice,0,95.3,11084,16126,68.7
1785431346.713,17:09:06,timeslice,1,88.4,11157,16126,69.2
1785431346.713,17:09:06,timeslice,2,95.5,11121,16126,69.0
1785431346.713,17:09:06,timeslice,3,91.3,11223,16126,69.6
1785431346.713,17:09:06,timeslice,4,96.6,11097,16126,68.8
1785431346.713,17:09:06,timeslice,5,95.7,11145,16126,69.1
1785431346.713,17:09:06,timeslice,6,94.9,11127,16126,69.0
1785431346.713,17:09:06,timeslice,7,96.4,11158,16126,69.2
1785431347.713,17:09:07,timeslice,0,95.3,11084,16126,68.7
1785431347.713,17:09:07,timeslice,1,88.4,11157,16126,69.2
1785431347.713,17:09:07,timeslice,2,95.5,11121,16126,69.0
1785431347.713,17:09:07,timeslice,3,91.3,11223,16126,69.6
1785431347.713,17:09:07,timeslice,4,96.6,11097,16126,68.8
1785431347.713,17:09:07,timeslice,5,95.7,11145,16126,69.1
1785431347.713,17:09:07,timeslice,6,94.9,11127,16126,69.0
1785431347.713,17:09:07,timeslice,7,96.4,11158,16126,69.2
1785431348.713,17:09:08,timeslice,0,95.3,11084,16126,68.7
1785431348.713,17:09:08,timeslice,1,88.4,11157,16126,69.2
1785431348.713,17:09:08,timeslice,2,95.5,11121,16126,69.0
1785431348.713,17:09:08,timeslice,3,91.3,11223,16126,69.6
1785431348.713,17:09:08,timeslice,4,96.6,11097,16126,68.8
1785431348.713,17:09:08,timeslice,5,95.7,11145,16126,69.1
1785431348.713,17:09:08,timeslice,6,94.9,11127,16126,69.0
1785431348.713,17:09:08,timeslice,7,96.4,11158,16126,69.2
1785431349.713,17:09:09,timeslice,0,95.3,11084,16126,68.7
1785431349.713,17:09:09,timeslice,1,88.4,11157,16126,69.2
1785431349.713,17:09:09,timeslice,2,95.5,11121,16126,69.0
1785431349.713,17:09:09,timeslice,3,91.3,11223,16126,69.6
1785431349.713,17:09:09,timeslice,4,96.6,11097,16126,68.8
1785431349.713,17:09:09,timeslice,5,95.7,11145,16126,69.1
1785431349.713,17:09:09,timeslice,6,94.9,11127,16126,69.0
1785431349.713,17:09:09,timeslice,7,96.4,11158,16126,69.2
1785431350.713,17:09:10,timeslice,0,95.3,11084,16126,68.7
1785431350.713,17:09:10,timeslice,1,88.4,11157,16126,69.2
1785431350.713,17:09:10,timeslice,2,95.5,11121,16126,69.0
1785431350.713,17:09:10,timeslice,3,91.3,11223,16126,69.6
1785431350.713,17:09:10,timeslice,4,96.6,11097,16126,68.8
1785431350.713,17:09:10,timeslice,5,95.7,11145,16126,69.1
1785431350.713,17:09:10,timeslice,6,94.9,11127,16126,69.0
1785431350.713,17:09:10,timeslice,7,96.4,11158,16126,69.2
1785431351.713,17:09:11,timeslice,0,95.3,7288,16126,45.2
1785431351.713,17:09:11,timeslice,1,94.0,7856,16126,48.7
1785431351.713,17:09:11,timeslice,2,90.5,7843,16126,48.6
1785431351.713,17:09:11,timeslice,3,91.8,7856,16126,48.7
1785431351.713,17:09:11,timeslice,4,95.0,8011,16126,49.7
1785431351.713,17:09:11,timeslice,5,95.7,7852,16126,48.7
1785431351.713,17:09:11,timeslice,6,95.0,7572,16126,47.0
1785431351.713,17:09:11,timeslice,7,96.3,7858,16126,48.7
1785431352.714,17:09:12,timeslice,0,95.3,7288,16126,45.2
1785431352.714,17:09:12,timeslice,1,94.0,7856,16126,48.7
1785431352.714,17:09:12,timeslice,2,90.5,7843,16126,48.6
1785431352.714,17:09:12,timeslice,3,91.8,7856,16126,48.7
1785431352.714,17:09:12,timeslice,4,95.0,8011,16126,49.7
1785431352.714,17:09:12,timeslice,5,95.7,7852,16126,48.7
1785431352.714,17:09:12,timeslice,6,95.0,7572,16126,47.0
1785431352.714,17:09:12,timeslice,7,96.3,7858,16126,48.7
1785431353.714,17:09:13,timeslice,0,95.3,7288,16126,45.2
1785431353.714,17:09:13,timeslice,1,94.0,7856,16126,48.7
1785431353.714,17:09:13,timeslice,2,90.5,7843,16126,48.6
1785431353.714,17:09:13,timeslice,3,91.8,7856,16126,48.7
1785431353.714,17:09:13,timeslice,4,95.0,8011,16126,49.7
1785431353.714,17:09:13,timeslice,5,95.7,7852,16126,48.7
1785431353.714,17:09:13,timeslice,6,95.0,7572,16126,47.0
1785431353.714,17:09:13,timeslice,7,96.3,7858,16126,48.7
1785431354.714,17:09:14,timeslice,0,95.3,7288,16126,45.2
1785431354.714,17:09:14,timeslice,1,94.0,7856,16126,48.7
1785431354.714,17:09:14,timeslice,2,90.5,7843,16126,48.6
1785431354.714,17:09:14,timeslice,3,91.8,7856,16126,48.7
1785431354.714,17:09:14,timeslice,4,95.0,8011,16126,49.7
1785431354.714,17:09:14,timeslice,5,95.7,7852,16126,48.7
1785431354.714,17:09:14,timeslice,6,95.0,7572,16126,47.0
1785431354.714,17:09:14,timeslice,7,96.3,7858,16126,48.7
1785431355.714,17:09:15,timeslice,0,95.3,7288,16126,45.2
1785431355.714,17:09:15,timeslice,1,94.0,7856,16126,48.7
1785431355.714,17:09:15,timeslice,2,90.5,7843,16126,48.6
1785431355.714,17:09:15,timeslice,3,91.8,7856,16126,48.7
1785431355.714,17:09:15,timeslice,4,95.0,8011,16126,49.7
1785431355.714,17:09:15,timeslice,5,95.7,7852,16126,48.7
1785431355.714,17:09:15,timeslice,6,95.0,7572,16126,47.0
1785431355.714,17:09:15,timeslice,7,96.3,7858,16126,48.7
1785431356.714,17:09:16,timeslice,0,93.4,6737,16126,41.8
1785431356.714,17:09:16,timeslice,1,93.6,5803,16126,36.0
1785431356.714,17:09:16,timeslice,2,94.3,6897,16126,42.8
1785431356.714,17:09:16,timeslice,3,92.1,5803,16126,36.0
1785431356.714,17:09:16,timeslice,4,92.8,6737,16126,41.8
1785431356.714,17:09:16,timeslice,5,93.3,5803,16126,36.0
1785431356.714,17:09:16,timeslice,6,92.7,5803,16126,36.0
1785431356.714,17:09:16,timeslice,7,89.1,7023,16126,43.6
1785431357.714,17:09:17,timeslice,0,93.4,6737,16126,41.8
1785431357.714,17:09:17,timeslice,1,93.6,5803,16126,36.0
1785431357.714,17:09:17,timeslice,2,94.3,6897,16126,42.8
1785431357.714,17:09:17,timeslice,3,92.1,5803,16126,36.0
1785431357.714,17:09:17,timeslice,4,92.8,6737,16126,41.8
1785431357.714,17:09:17,timeslice,5,93.3,5803,16126,36.0
1785431357.714,17:09:17,timeslice,6,92.7,5803,16126,36.0
1785431357.714,17:09:17,timeslice,7,89.1,7023,16126,43.6
1785431358.714,17:09:18,timeslice,0,93.4,6737,16126,41.8
1785431358.714,17:09:18,timeslice,1,93.6,5803,16126,36.0
1785431358.714,17:09:18,timeslice,2,94.3,6897,16126,42.8
1785431358.714,17:09:18,timeslice,3,92.1,5803,16126,36.0
1785431358.714,17:09:18,timeslice,4,92.8,6737,16126,41.8
1785431358.714,17:09:18,timeslice,5,93.3,5803,16126,36.0
1785431358.714,17:09:18,timeslice,6,92.7,5803,16126,36.0
1785431358.714,17:09:18,timeslice,7,89.1,7023,16126,43.6
1785431359.714,17:09:19,timeslice,0,93.4,6737,16126,41.8
1785431359.714,17:09:19,timeslice,1,93.6,5803,16126,36.0
1785431359.714,17:09:19,timeslice,2,94.3,6897,16126,42.8
1785431359.714,17:09:19,timeslice,3,92.1,5803,16126,36.0
1785431359.714,17:09:19,timeslice,4,92.8,6737,16126,41.8
1785431359.714,17:09:19,timeslice,5,93.3,5803,16126,36.0
1785431359.714,17:09:19,timeslice,6,92.7,5803,16126,36.0
1785431359.714,17:09:19,timeslice,7,89.1,7023,16126,43.6
1785431360.715,17:09:20,timeslice,0,93.4,6737,16126,41.8
1785431360.715,17:09:20,timeslice,1,93.6,5803,16126,36.0
1785431360.715,17:09:20,timeslice,2,94.3,6897,16126,42.8
1785431360.715,17:09:20,timeslice,3,92.1,5803,16126,36.0
1785431360.715,17:09:20,timeslice,4,92.8,6737,16126,41.8
1785431360.715,17:09:20,timeslice,5,93.3,5803,16126,36.0
1785431360.715,17:09:20,timeslice,6,92.7,5803,16126,36.0
1785431360.715,17:09:20,timeslice,7,89.1,7023,16126,43.6
1785431361.715,17:09:21,timeslice,0,92.0,8137,16126,50.5
1785431361.715,17:09:21,timeslice,1,96.1,7740,16126,48.0
1785431361.715,17:09:21,timeslice,2,96.0,7796,16126,48.3
1785431361.715,17:09:21,timeslice,3,92.8,8169,16126,50.7
1785431361.715,17:09:21,timeslice,4,95.4,8121,16126,50.4
1785431361.715,17:09:21,timeslice,5,96.0,8133,16126,50.4
1785431361.715,17:09:21,timeslice,6,95.2,7712,16126,47.8
1785431361.715,17:09:21,timeslice,7,94.8,8122,16126,50.4
1785431362.715,17:09:22,timeslice,0,92.0,8137,16126,50.5
1785431362.715,17:09:22,timeslice,1,96.1,7740,16126,48.0
1785431362.715,17:09:22,timeslice,2,96.0,7796,16126,48.3
1785431362.715,17:09:22,timeslice,3,92.8,8169,16126,50.7
1785431362.715,17:09:22,timeslice,4,95.4,8121,16126,50.4
1785431362.715,17:09:22,timeslice,5,96.0,8133,16126,50.4
1785431362.715,17:09:22,timeslice,6,95.2,7712,16126,47.8
1785431362.715,17:09:22,timeslice,7,94.8,8122,16126,50.4
1785431363.715,17:09:23,timeslice,0,92.0,8137,16126,50.5
1785431363.715,17:09:23,timeslice,1,96.1,7740,16126,48.0
1785431363.715,17:09:23,timeslice,2,96.0,7796,16126,48.3
1785431363.715,17:09:23,timeslice,3,92.8,8169,16126,50.7
1785431363.715,17:09:23,timeslice,4,95.4,8121,16126,50.4
1785431363.715,17:09:23,timeslice,5,96.0,8133,16126,50.4
1785431363.715,17:09:23,timeslice,6,95.2,7712,16126,47.8
1785431363.715,17:09:23,timeslice,7,94.8,8122,16126,50.4
1785431364.715,17:09:24,timeslice,0,92.0,8137,16126,50.5
1785431364.715,17:09:24,timeslice,1,96.1,7740,16126,48.0
1785431364.715,17:09:24,timeslice,2,96.0,7796,16126,48.3
1785431364.715,17:09:24,timeslice,3,92.8,8169,16126,50.7
1785431364.715,17:09:24,timeslice,4,95.4,8121,16126,50.4
1785431364.715,17:09:24,timeslice,5,96.0,8133,16126,50.4
1785431364.715,17:09:24,timeslice,6,95.2,7712,16126,47.8
1785431364.715,17:09:24,timeslice,7,94.8,8122,16126,50.4
1785431365.715,17:09:25,timeslice,0,92.0,8137,16126,50.5
1785431365.715,17:09:25,timeslice,1,96.1,7740,16126,48.0
1785431365.715,17:09:25,timeslice,2,96.0,7796,16126,48.3
1785431365.715,17:09:25,timeslice,3,92.8,8169,16126,50.7
1785431365.715,17:09:25,timeslice,4,95.4,8121,16126,50.4
1785431365.715,17:09:25,timeslice,5,96.0,8133,16126,50.4
1785431365.715,17:09:25,timeslice,6,95.2,7712,16126,47.8
1785431365.715,17:09:25,timeslice,7,94.8,8122,16126,50.4
1785431366.715,17:09:26,timeslice,0,94.5,10699,16126,66.3
1785431366.715,17:09:26,timeslice,1,95.0,9621,16126,59.7
1785431366.715,17:09:26,timeslice,2,88.4,8200,16126,50.8
1785431366.715,17:09:26,timeslice,3,95.0,10363,16126,64.3
1785431366.715,17:09:26,timeslice,4,95.5,9337,16126,57.9
1785431366.715,17:09:26,timeslice,5,95.9,10699,16126,66.3
1785431366.715,17:09:26,timeslice,6,94.9,10699,16126,66.3
1785431366.715,17:09:26,timeslice,7,96.7,9622,16126,59.7
1785431367.715,17:09:27,timeslice,0,94.5,10699,16126,66.3
1785431367.715,17:09:27,timeslice,1,95.0,9621,16126,59.7
1785431367.715,17:09:27,timeslice,2,88.4,8200,16126,50.8
1785431367.715,17:09:27,timeslice,3,95.0,10363,16126,64.3
1785431367.715,17:09:27,timeslice,4,95.5,9337,16126,57.9
1785431367.715,17:09:27,timeslice,5,95.9,10699,16126,66.3
1785431367.715,17:09:27,timeslice,6,94.9,10699,16126,66.3
1785431367.715,17:09:27,timeslice,7,96.7,9622,16126,59.7
1785431368.715,17:09:28,timeslice,0,94.5,10699,16126,66.3
1785431368.715,17:09:28,timeslice,1,95.0,9621,16126,59.7
1785431368.715,17:09:28,timeslice,2,88.4,8200,16126,50.8
1785431368.715,17:09:28,timeslice,3,95.0,10363,16126,64.3
1785431368.715,17:09:28,timeslice,4,95.5,9337,16126,57.9
1785431368.715,17:09:28,timeslice,5,95.9,10699,16126,66.3
1785431368.715,17:09:28,timeslice,6,94.9,10699,16126,66.3
1785431368.715,17:09:28,timeslice,7,96.7,9622,16126,59.7
1785431369.715,17:09:29,timeslice,0,94.5,10699,16126,66.3
1785431369.715,17:09:29,timeslice,1,95.0,9621,16126,59.7
1785431369.715,17:09:29,timeslice,2,88.4,8200,16126,50.8
1785431369.715,17:09:29,timeslice,3,95.0,10363,16126,64.3
1785431369.715,17:09:29,timeslice,4,95.5,9337,16126,57.9
1785431369.715,17:09:29,timeslice,5,95.9,10699,16126,66.3
1785431369.715,17:09:29,timeslice,6,94.9,10699,16126,66.3
1785431369.715,17:09:29,timeslice,7,96.7,9622,16126,59.7
1785431370.716,17:09:30,timeslice,0,94.5,10699,16126,66.3
1785431370.716,17:09:30,timeslice,1,95.0,9621,16126,59.7
1785431370.716,17:09:30,timeslice,2,88.4,8200,16126,50.8
1785431370.716,17:09:30,timeslice,3,95.0,10363,16126,64.3
1785431370.716,17:09:30,timeslice,4,95.5,9337,16126,57.9
1785431370.716,17:09:30,timeslice,5,95.9,10699,16126,66.3
1785431370.716,17:09:30,timeslice,6,94.9,10699,16126,66.3
1785431370.716,17:09:30,timeslice,7,96.7,9622,16126,59.7
1785431371.716,17:09:31,timeslice,0,92.7,6134,16126,38.0
1785431371.716,17:09:31,timeslice,1,93.9,6094,16126,37.8
1785431371.716,17:09:31,timeslice,2,89.1,6122,16126,38.0
1785431371.716,17:09:31,timeslice,3,93.1,6124,16126,38.0
1785431371.716,17:09:31,timeslice,4,94.0,6108,16126,37.9
1785431371.716,17:09:31,timeslice,5,94.6,6126,16126,38.0
1785431371.716,17:09:31,timeslice,6,92.5,6135,16126,38.0
1785431371.716,17:09:31,timeslice,7,91.1,6190,16126,38.4
1785431372.716,17:09:32,timeslice,0,92.7,6134,16126,38.0
1785431372.716,17:09:32,timeslice,1,93.9,6094,16126,37.8
1785431372.716,17:09:32,timeslice,2,89.1,6122,16126,38.0
1785431372.716,17:09:32,timeslice,3,93.1,6124,16126,38.0
1785431372.716,17:09:32,timeslice,4,94.0,6108,16126,37.9
1785431372.716,17:09:32,timeslice,5,94.6,6126,16126,38.0
1785431372.716,17:09:32,timeslice,6,92.5,6135,16126,38.0
1785431372.716,17:09:32,timeslice,7,91.1,6190,16126,38.4
1785431373.716,17:09:33,timeslice,0,92.7,6134,16126,38.0
1785431373.716,17:09:33,timeslice,1,93.9,6094,16126,37.8
1785431373.716,17:09:33,timeslice,2,89.1,6122,16126,38.0
1785431373.716,17:09:33,timeslice,3,93.1,6124,16126,38.0
1785431373.716,17:09:33,timeslice,4,94.0,6108,16126,37.9
1785431373.716,17:09:33,timeslice,5,94.6,6126,16126,38.0
1785431373.716,17:09:33,timeslice,6,92.5,6135,16126,38.0
1785431373.716,17:09:33,timeslice,7,91.1,6190,16126,38.4
1785431374.716,17:09:34,timeslice,0,92.7,6134,16126,38.0
1785431374.716,17:09:34,timeslice,1,93.9,6094,16126,37.8
1785431374.716,17:09:34,timeslice,2,89.1,6122,16126,38.0
1785431374.716,17:09:34,timeslice,3,93.1,6124,16126,38.0
1785431374.716,17:09:34,timeslice,4,94.0,6108,16126,37.9
1785431374.716,17:09:34,timeslice,5,94.6,6126,16126,38.0
1785431374.716,17:09:34,timeslice,6,92.5,6135,16126,38.0
1785431374.716,17:09:34,timeslice,7,91.1,6190,16126,38.4
1785431375.716,17:09:35,timeslice,0,92.7,6134,16126,38.0
1785431375.716,17:09:35,timeslice,1,93.9,6094,16126,37.8
1785431375.716,17:09:35,timeslice,2,89.1,6122,16126,38.0
1785431375.716,17:09:35,timeslice,3,93.1,6124,16126,38.0
1785431375.716,17:09:35,timeslice,4,94.0,6108,16126,37.9
1785431375.716,17:09:35,timeslice,5,94.6,6126,16126,38.0
1785431375.716,17:09:35,timeslice,6,92.5,6135,16126,38.0
1785431375.716,17:09:35,timeslice,7,91.1,6190,16126,38.4
1785431376.716,17:09:36,timeslice,0,95.2,5803,16126,36.0
1785431376.716,17:09:36,timeslice,1,90.8,5803,16126,36.0
1785431376.716,17:09:36,timeslice,2,91.8,5803,16126,36.0
1785431376.716,17:09:36,timeslice,3,92.7,5803,16126,36.0
1785431376.716,17:09:36,timeslice,4,88.6,5803,16126,36.0
1785431376.716,17:09:36,timeslice,5,90.3,5803,16126,36.0
1785431376.716,17:09:36,timeslice,6,90.9,5772,16126,35.8
1785431376.716,17:09:36,timeslice,7,92.9,5804,16126,36.0
1785431377.716,17:09:37,timeslice,0,95.2,5803,16126,36.0
1785431377.716,17:09:37,timeslice,1,90.8,5803,16126,36.0
1785431377.716,17:09:37,timeslice,2,91.8,5803,16126,36.0
1785431377.716,17:09:37,timeslice,3,92.7,5803,16126,36.0
1785431377.716,17:09:37,timeslice,4,88.6,5803,16126,36.0
1785431377.716,17:09:37,timeslice,5,90.3,5803,16126,36.0
1785431377.716,17:09:37,timeslice,6,90.9,5772,16126,35.8
1785431377.716,17:09:37,timeslice,7,92.9,5804,16126,36.0
1785431378.717,17:09:38,timeslice,0,95.2,5803,16126,36.0
1785431378.717,17:09:38,timeslice,1,90.8,5803,16126,36.0
1785431378.717,17:09:38,timeslice,2,91.8,5803,16126,36.0
1785431378.717,17:09:38,timeslice,3,92.7,5803,16126,36.0
1785431378.717,17:09:38,timeslice,4,88.6,5803,16126,36.0
1785431378.717,17:09:38,timeslice,5,90.3,5803,16126,36.0
1785431378.717,17:09:38,timeslice,6,90.9,5772,16126,35.8
1785431378.717,17:09:38,timeslice,7,92.9,5804,16126,36.0
1785431379.717,17:09:39,timeslice,0,95.2,5803,16126,36.0
1785431379.717,17:09:39,timeslice,1,90.8,5803,16126,36.0
1785431379.717,17:09:39,timeslice,2,91.8,5803,16126,36.0
1785431379.717,17:09:39,timeslice,3,92.7,5803,16126,36.0
1785431379.717,17:09:39,timeslice,4,88.6,5803,16126,36.0
1785431379.717,17:09:39,timeslice,5,90.3,5803,16126,36.0
1785431379.717,17:09:39,timeslice,6,90.9,5772,16126,35.8
1785431379.717,17:09:39,timeslice,7,92.9,5804,16126,36.0
1785431380.717,17:09:40,timeslice,0,95.2,5803,16126,36.0
1785431380.717,17:09:40,timeslice,1,90.8,5803,16126,36.0
1785431380.717,17:09:40,timeslice,2,91.8,5803,16126,36.0
1785431380.717,17:09:40,timeslice,3,92.7,5803,16126,36.0
1785431380.717,17:09:40,timeslice,4,88.6,5803,16126,36.0
1785431380.717,17:09:40,timeslice,5,90.3,5803,16126,36.0
1785431380.717,17:09:40,timeslice,6,90.9,5772,16126,35.8
1785431380.717,17:09:40,timeslice,7,92.9,5804,16126,36.0
1785431381.717,17:09:41,timeslice,0,96.0,7587,16126,47.0
1785431381.717,17:09:41,timeslice,1,95.4,7720,16126,47.9
1785431381.717,17:09:41,timeslice,2,95.4,7681,16126,47.6
1785431381.717,17:09:41,timeslice,3,96.3,7660,16126,47.5
1785431381.717,17:09:41,timeslice,4,89.9,7774,16126,48.2
1785431381.717,17:09:41,timeslice,5,91.0,7480,16126,46.4
1785431381.717,17:09:41,timeslice,6,95.9,7641,16126,47.4
1785431381.717,17:09:41,timeslice,7,96.5,7728,16126,47.9
1785431382.717,17:09:42,timeslice,0,96.0,7587,16126,47.0
1785431382.717,17:09:42,timeslice,1,95.4,7720,16126,47.9
1785431382.717,17:09:42,timeslice,2,95.4,7681,16126,47.6
1785431382.717,17:09:42,timeslice,3,96.3,7660,16126,47.5
1785431382.717,17:09:42,timeslice,4,89.9,7774,16126,48.2
1785431382.717,17:09:42,timeslice,5,91.0,7480,16126,46.4
1785431382.717,17:09:42,timeslice,6,95.9,7641,16126,47.4
1785431382.717,17:09:42,timeslice,7,96.5,7728,16126,47.9
1785431383.717,17:09:43,timeslice,0,96.0,7587,16126,47.0
1785431383.717,17:09:43,timeslice,1,95.4,7720,16126,47.9
1785431383.717,17:09:43,timeslice,2,95.4,7681,16126,47.6
1785431383.717,17:09:43,timeslice,3,96.3,7660,16126,47.5
1785431383.717,17:09:43,timeslice,4,89.9,7774,16126,48.2
1785431383.717,17:09:43,timeslice,5,91.0,7480,16126,46.4
1785431383.717,17:09:43,timeslice,6,95.9,7641,16126,47.4
1785431383.717,17:09:43,timeslice,7,96.5,7728,16126,47.9
1785431384.717,17:09:44,timeslice,0,96.0,7587,16126,47.0
1785431384.717,17:09:44,timeslice,1,95.4,7720,16126,47.9
1785431384.717,17:09:44,timeslice,2,95.4,7681,16126,47.6
1785431384.717,17:09:44,timeslice,3,96.3,7660,16126,47.5
1785431384.717,17:09:44,timeslice,4,89.9,7774,16126,48.2
1785431384.717,17:09:44,timeslice,5,91.0,7480,16126,46.4
1785431384.717,17:09:44,timeslice,6,95.9,7641,16126,47.4
1785431384.717,17:09:44,timeslice,7,96.5,7728,16126,47.9
1785431385.717,17:09:45,timeslice,0,96.0,7587,16126,47.0
1785431385.717,17:09:45,timeslice,1,95.4,7720,16126,47.9
1785431385.717,17:09:45,timeslice,2,95.4,7681,16126,47.6
1785431385.717,17:09:45,timeslice,3,96.3,7660,16126,47.5
1785431385.717,17:09:45,timeslice,4,89.9,7774,16126,48.2
1785431385.717,17:09:45,timeslice,5,91.0,7480,16126,46.4
1785431385.717,17:09:45,timeslice,6,95.9,7641,16126,47.4
1785431385.717,17:09:45,timeslice,7,96.5,7728,16126,47.9
1785431386.718,17:09:46,timeslice,0,93.9,6760,16126,41.9
1785431386.718,17:09:46,timeslice,1,94.8,7181,16126,44.5
1785431386.718,17:09:46,timeslice,2,94.4,7024,16126,43.6
1785431386.718,17:09:46,timeslice,3,94.8,6880,16126,42.7
1785431386.718,17:09:46,timeslice,4,85.8,6796,16126,42.1
1785431386.718,17:09:46,timeslice,5,94.2,6664,16126,41.3
1785431386.718,17:09:46,timeslice,6,95.2,7307,16126,45.3
1785431386.718,17:09:46,timeslice,7,95.1,7230,16126,44.8
1785431387.718,17:09:47,timeslice,0,93.9,6760,16126,41.9
1785431387.718,17:09:47,timeslice,1,94.8,7181,16126,44.5
1785431387.718,17:09:47,timeslice,2,94.4,7024,16126,43.6
1785431387.718,17:09:47,timeslice,3,94.8,6880,16126,42.7
1785431387.718,17:09:47,timeslice,4,85.8,6796,16126,42.1
1785431387.718,17:09:47,timeslice,5,94.2,6664,16126,41.3
1785431387.718,17:09:47,timeslice,6,95.2,7307,16126,45.3
1785431387.718,17:09:47,timeslice,7,95.1,7230,16126,44.8
1785431388.718,17:09:48,timeslice,0,93.9,6760,16126,41.9
1785431388.718,17:09:48,timeslice,1,94.8,7181,16126,44.5
1785431388.718,17:09:48,timeslice,2,94.4,7024,16126,43.6
1785431388.718,17:09:48,timeslice,3,94.8,6880,16126,42.7
1785431388.718,17:09:48,timeslice,4,85.8,6796,16126,42.1
1785431388.718,17:09:48,timeslice,5,94.2,6664,16126,41.3
1785431388.718,17:09:48,timeslice,6,95.2,7307,16126,45.3
1785431388.718,17:09:48,timeslice,7,95.1,7230,16126,44.8
1785431389.718,17:09:49,timeslice,0,93.9,6760,16126,41.9
1785431389.718,17:09:49,timeslice,1,94.8,7181,16126,44.5
1785431389.718,17:09:49,timeslice,2,94.4,7024,16126,43.6
1785431389.718,17:09:49,timeslice,3,94.8,6880,16126,42.7
1785431389.718,17:09:49,timeslice,4,85.8,6796,16126,42.1
1785431389.718,17:09:49,timeslice,5,94.2,6664,16126,41.3
1785431389.718,17:09:49,timeslice,6,95.2,7307,16126,45.3
1785431389.718,17:09:49,timeslice,7,95.1,7230,16126,44.8
1785431390.718,17:09:50,timeslice,0,93.9,6760,16126,41.9
1785431390.718,17:09:50,timeslice,1,94.8,7181,16126,44.5
1785431390.718,17:09:50,timeslice,2,94.4,7024,16126,43.6
1785431390.718,17:09:50,timeslice,3,94.8,6880,16126,42.7
1785431390.718,17:09:50,timeslice,4,85.8,6796,16126,42.1
1785431390.718,17:09:50,timeslice,5,94.2,6664,16126,41.3
1785431390.718,17:09:50,timeslice,6,95.2,7307,16126,45.3
1785431390.718,17:09:50,timeslice,7,95.1,7230,16126,44.8
1785431391.718,17:09:51,timeslice,0,94.0,11151,16126,69.1
1785431391.718,17:09:51,timeslice,1,95.1,11193,16126,69.4
1785431391.718,17:09:51,timeslice,2,92.5,11217,16126,69.6
1785431391.718,17:09:51,timeslice,3,94.5,11151,16126,69.1
1785431391.718,17:09:51,timeslice,4,86.1,11211,16126,69.5
1785431391.718,17:09:51,timeslice,5,94.6,11205,16126,69.5
1785431391.718,17:09:51,timeslice,6,94.8,11097,16126,68.8
1785431391.718,17:09:51,timeslice,7,94.9,11206,16126,69.5
1785431392.718,17:09:52,timeslice,0,94.0,11151,16126,69.1
1785431392.718,17:09:52,timeslice,1,95.1,11193,16126,69.4
1785431392.718,17:09:52,timeslice,2,92.5,11217,16126,69.6
1785431392.718,17:09:52,timeslice,3,94.5,11151,16126,69.1
1785431392.718,17:09:52,timeslice,4,86.1,11211,16126,69.5
1785431392.718,17:09:52,timeslice,5,94.6,11205,16126,69.5
1785431392.718,17:09:52,timeslice,6,94.8,11097,16126,68.8
1785431392.718,17:09:52,timeslice,7,94.9,11206,16126,69.5
1785431393.718,17:09:53,timeslice,0,94.0,11151,16126,69.1
1785431393.718,17:09:53,timeslice,1,95.1,11193,16126,69.4
1785431393.718,17:09:53,timeslice,2,92.5,11217,16126,69.6
1785431393.718,17:09:53,timeslice,3,94.5,11151,16126,69.1
1785431393.718,17:09:53,timeslice,4,86.1,11211,16126,69.5
1785431393.718,17:09:53,timeslice,5,94.6,11205,16126,69.5
1785431393.718,17:09:53,timeslice,6,94.8,11097,16126,68.8
1785431393.718,17:09:53,timeslice,7,94.9,11206,16126,69.5
1785431394.718,17:09:54,timeslice,0,94.0,11151,16126,69.1
1785431394.718,17:09:54,timeslice,1,95.1,11193,16126,69.4
1785431394.718,17:09:54,timeslice,2,92.5,11217,16126,69.6
1785431394.718,17:09:54,timeslice,3,94.5,11151,16126,69.1
1785431394.718,17:09:54,timeslice,4,86.1,11211,16126,69.5
1785431394.718,17:09:54,timeslice,5,94.6,11205,16126,69.5
1785431394.718,17:09:54,timeslice,6,94.8,11097,16126,68.8
1785431394.718,17:09:54,timeslice,7,94.9,11206,16126,69.5
1785431395.719,17:09:55,timeslice,0,94.0,11151,16126,69.1
1785431395.719,17:09:55,timeslice,1,95.1,11193,16126,69.4
1785431395.719,17:09:55,timeslice,2,92.5,11217,16126,69.6
1785431395.719,17:09:55,timeslice,3,94.5,11151,16126,69.1
1785431395.719,17:09:55,timeslice,4,86.1,11211,16126,69.5
1785431395.719,17:09:55,timeslice,5,94.6,11205,16126,69.5
1785431395.719,17:09:55,timeslice,6,94.8,11097,16126,68.8
1785431395.719,17:09:55,timeslice,7,94.9,11206,16126,69.5
1785431396.719,17:09:56,timeslice,0,94.4,6194,16126,38.4
1785431396.719,17:09:56,timeslice,1,96.0,5823,16126,36.1
1785431396.719,17:09:56,timeslice,2,92.6,6139,16126,38.1
1785431396.719,17:09:56,timeslice,3,94.5,5905,16126,36.6
1785431396.719,17:09:56,timeslice,4,96.0,6028,16126,37.4
1785431396.719,17:09:56,timeslice,5,96.2,5973,16126,37.0
1785431396.719,17:09:56,timeslice,6,96.1,6008,16126,37.3
1785431396.719,17:09:56,timeslice,7,96.2,5885,16126,36.5
1785431397.719,17:09:57,timeslice,0,94.4,6194,16126,38.4
1785431397.719,17:09:57,timeslice,1,96.0,5823,16126,36.1
1785431397.719,17:09:57,timeslice,2,92.6,6139,16126,38.1
1785431397.719,17:09:57,timeslice,3,94.5,5905,16126,36.6
1785431397.719,17:09:57,timeslice,4,96.0,6028,16126,37.4
1785431397.719,17:09:57,timeslice,5,96.2,5973,16126,37.0
1785431397.719,17:09:57,timeslice,6,96.1,6008,16126,37.3
1785431397.719,17:09:57,timeslice,7,96.2,5885,16126,36.5
1785431398.719,17:09:58,timeslice,0,94.4,6194,16126,38.4
1785431398.719,17:09:58,timeslice,1,96.0,5823,16126,36.1
1785431398.719,17:09:58,timeslice,2,92.6,6139,16126,38.1
1785431398.719,17:09:58,timeslice,3,94.5,5905,16126,36.6
1785431398.719,17:09:58,timeslice,4,96.0,6028,16126,37.4
1785431398.719,17:09:58,timeslice,5,96.2,5973,16126,37.0
1785431398.719,17:09:58,timeslice,6,96.1,6008,16126,37.3
1785431398.719,17:09:58,timeslice,7,96.2,5885,16126,36.5
1785431399.719,17:09:59,timeslice,0,94.4,6194,16126,38.4
1785431399.719,17:09:59,timeslice,1,96.0,5823,16126,36.1
1785431399.719,17:09:59,timeslice,2,92.6,6139,16126,38.1
1785431399.719,17:09:59,timeslice,3,94.5,5905,16126,36.6
1785431399.719,17:09:59,timeslice,4,96.0,6028,16126,37.4
1785431399.719,17:09:59,timeslice,5,96.2,5973,16126,37.0
1785431399.719,17:09:59,timeslice,6,96.1,6008,16126,37.3
1785431399.719,17:09:59,timeslice,7,96.2,5885,16126,36.5
1785431400.719,17:10:00,timeslice,0,94.4,6194,16126,38.4
1785431400.719,17:10:00,timeslice,1,96.0,5823,16126,36.1
1785431400.719,17:10:00,timeslice,2,92.6,6139,16126,38.1
1785431400.719,17:10:00,timeslice,3,94.5,5905,16126,36.6
1785431400.719,17:10:00,timeslice,4,96.0,6028,16126,37.4
1785431400.719,17:10:00,timeslice,5,96.2,5973,16126,37.0
1785431400.719,17:10:00,timeslice,6,96.1,6008,16126,37.3
1785431400.719,17:10:00,timeslice,7,96.2,5885,16126,36.5
1785431401.719,17:10:01,timeslice,0,93.2,7313,16126,45.3
1785431401.719,17:10:01,timeslice,1,87.9,7193,16126,44.6
1785431401.719,17:10:01,timeslice,2,93.8,7229,16126,44.8
1785431401.719,17:10:01,timeslice,3,94.9,7229,16126,44.8
1785431401.719,17:10:01,timeslice,4,94.4,7319,16126,45.4
1785431401.719,17:10:01,timeslice,5,94.4,7097,16126,44.0
1785431401.719,17:10:01,timeslice,6,94.1,6994,16126,43.4
1785431401.719,17:10:01,timeslice,7,94.9,7170,16126,44.5
1785431402.719,17:10:02,timeslice,0,93.2,7313,16126,45.3
1785431402.719,17:10:02,timeslice,1,87.9,7193,16126,44.6
1785431402.719,17:10:02,timeslice,2,93.8,7229,16126,44.8
1785431402.719,17:10:02,timeslice,3,94.9,7229,16126,44.8
1785431402.719,17:10:02,timeslice,4,94.4,7319,16126,45.4
1785431402.719,17:10:02,timeslice,5,94.4,7097,16126,44.0
1785431402.719,17:10:02,timeslice,6,94.1,6994,16126,43.4
1785431402.719,17:10:02,timeslice,7,94.9,7170,16126,44.5
1785431403.719,17:10:03,timeslice,0,93.2,7313,16126,45.3
1785431403.719,17:10:03,timeslice,1,87.9,7193,16126,44.6
1785431403.719,17:10:03,timeslice,2,93.8,7229,16126,44.8
1785431403.719,17:10:03,timeslice,3,94.9,7229,16126,44.8
1785431403.719,17:10:03,timeslice,4,94.4,7319,16126,45.4
1785431403.719,17:10:03,timeslice,5,94.4,7097,16126,44.0
1785431403.719,17:10:03,timeslice,6,94.1,6994,16126,43.4
1785431403.719,17:10:03,timeslice,7,94.9,7170,16126,44.5
1785431404.72,17:10:04,timeslice,0,93.2,7313,16126,45.3
1785431404.72,17:10:04,timeslice,1,87.9,7193,16126,44.6
1785431404.72,17:10:04,timeslice,2,93.8,7229,16126,44.8
1785431404.72,17:10:04,timeslice,3,94.9,7229,16126,44.8
1785431404.72,17:10:04,timeslice,4,94.4,7319,16126,45.4
1785431404.72,17:10:04,timeslice,5,94.4,7097,16126,44.0
1785431404.72,17:10:04,timeslice,6,94.1,6994,16126,43.4
1785431404.72,17:10:04,timeslice,7,94.9,7170,16126,44.5
1785431405.72,17:10:05,timeslice,0,93.2,7313,16126,45.3
1785431405.72,17:10:05,timeslice,1,87.9,7193,16126,44.6
1785431405.72,17:10:05,timeslice,2,93.8,7229,16126,44.8
1785431405.72,17:10:05,timeslice,3,94.9,7229,16126,44.8
1785431405.72,17:10:05,timeslice,4,94.4,7319,16126,45.4
1785431405.72,17:10:05,timeslice,5,94.4,7097,16126,44.0
1785431405.72,17:10:05,timeslice,6,94.1,6994,16126,43.4
1785431405.72,17:10:05,timeslice,7,94.9,7170,16126,44.5
1785431406.72,17:10:06,timeslice,0,95.5,7730,16126,47.9
1785431406.72,17:10:06,timeslice,1,93.4,7835,16126,48.6
1785431406.72,17:10:06,timeslice,2,95.1,7753,16126,48.1
1785431406.72,17:10:06,timeslice,3,92.0,7935,16126,49.2
1785431406.72,17:10:06,timeslice,4,95.1,7833,16126,48.6
1785431406.72,17:10:06,timeslice,5,94.7,7833,16126,48.6
1785431406.72,17:10:06,timeslice,6,95.8,7716,16126,47.8
1785431406.72,17:10:06,timeslice,7,88.0,8335,16126,51.7
1785431407.72,17:10:07,timeslice,0,95.5,7730,16126,47.9
1785431407.72,17:10:07,timeslice,1,93.4,7835,16126,48.6
1785431407.72,17:10:07,timeslice,2,95.1,7753,16126,48.1
1785431407.72,17:10:07,timeslice,3,92.0,7935,16126,49.2
1785431407.72,17:10:07,timeslice,4,95.1,7833,16126,48.6
1785431407.72,17:10:07,timeslice,5,94.7,7833,16126,48.6
1785431407.72,17:10:07,timeslice,6,95.8,7716,16126,47.8
1785431407.72,17:10:07,timeslice,7,88.0,8335,16126,51.7
1785431408.72,17:10:08,timeslice,0,95.5,7730,16126,47.9
1785431408.72,17:10:08,timeslice,1,93.4,7835,16126,48.6
1785431408.72,17:10:08,timeslice,2,95.1,7753,16126,48.1
1785431408.72,17:10:08,timeslice,3,92.0,7935,16126,49.2
1785431408.72,17:10:08,timeslice,4,95.1,7833,16126,48.6
1785431408.72,17:10:08,timeslice,5,94.7,7833,16126,48.6
1785431408.72,17:10:08,timeslice,6,95.8,7716,16126,47.8
1785431408.72,17:10:08,timeslice,7,88.0,8335,16126,51.7
1785431409.72,17:10:09,timeslice,0,95.5,7730,16126,47.9
1785431409.72,17:10:09,timeslice,1,93.4,7835,16126,48.6
1785431409.72,17:10:09,timeslice,2,95.1,7753,16126,48.1
1785431409.72,17:10:09,timeslice,3,92.0,7935,16126,49.2
1785431409.72,17:10:09,timeslice,4,95.1,7833,16126,48.6
1785431409.72,17:10:09,timeslice,5,94.7,7833,16126,48.6
1785431409.72,17:10:09,timeslice,6,95.8,7716,16126,47.8
1785431409.72,17:10:09,timeslice,7,88.0,8335,16126,51.7
1785431410.72,17:10:10,timeslice,0,95.5,7730,16126,47.9
1785431410.72,17:10:10,timeslice,1,93.4,7835,16126,48.6
1785431410.72,17:10:10,timeslice,2,95.1,7753,16126,48.1
1785431410.72,17:10:10,timeslice,3,92.0,7935,16126,49.2
1785431410.72,17:10:10,timeslice,4,95.1,7833,16126,48.6
1785431410.72,17:10:10,timeslice,5,94.7,7833,16126,48.6
1785431410.72,17:10:10,timeslice,6,95.8,7716,16126,47.8
1785431410.72,17:10:10,timeslice,7,88.0,8335,16126,51.7
1785431411.72,17:10:11,timeslice,0,93.3,8267,16126,51.3
1785431411.72,17:10:11,timeslice,1,95.1,6083,16126,37.7
1785431411.72,17:10:11,timeslice,2,96.3,6373,16126,39.5
1785431411.72,17:10:11,timeslice,3,91.5,6052,16126,37.5
1785431411.72,17:10:11,timeslice,4,96.3,6083,16126,37.7
1785431411.72,17:10:11,timeslice,5,96.7,5975,16126,37.1
1785431411.72,17:10:11,timeslice,6,95.9,8351,16126,51.8
1785431411.72,17:10:11,timeslice,7,92.3,6049,16126,37.5
1785431412.721,17:10:12,timeslice,0,93.3,8267,16126,51.3
1785431412.721,17:10:12,timeslice,1,95.1,6083,16126,37.7
1785431412.721,17:10:12,timeslice,2,96.3,6373,16126,39.5
1785431412.721,17:10:12,timeslice,3,91.5,6052,16126,37.5
1785431412.721,17:10:12,timeslice,4,96.3,6083,16126,37.7
1785431412.721,17:10:12,timeslice,5,96.7,5975,16126,37.1
1785431412.721,17:10:12,timeslice,6,95.9,8351,16126,51.8
1785431412.721,17:10:12,timeslice,7,92.3,6049,16126,37.5
1785431413.721,17:10:13,timeslice,0,93.3,8267,16126,51.3
1785431413.721,17:10:13,timeslice,1,95.1,6083,16126,37.7
1785431413.721,17:10:13,timeslice,2,96.3,6373,16126,39.5
1785431413.721,17:10:13,timeslice,3,91.5,6052,16126,37.5
1785431413.721,17:10:13,timeslice,4,96.3,6083,16126,37.7
1785431413.721,17:10:13,timeslice,5,96.7,5975,16126,37.1
1785431413.721,17:10:13,timeslice,6,95.9,8351,16126,51.8
1785431413.721,17:10:13,timeslice,7,92.3,6049,16126,37.5
1785431414.721,17:10:14,timeslice,0,93.3,8267,16126,51.3
1785431414.721,17:10:14,timeslice,1,95.1,6083,16126,37.7
1785431414.721,17:10:14,timeslice,2,96.3,6373,16126,39.5
1785431414.721,17:10:14,timeslice,3,91.5,6052,16126,37.5
1785431414.721,17:10:14,timeslice,4,96.3,6083,16126,37.7
1785431414.721,17:10:14,timeslice,5,96.7,5975,16126,37.1
1785431414.721,17:10:14,timeslice,6,95.9,8351,16126,51.8
1785431414.721,17:10:14,timeslice,7,92.3,6049,16126,37.5
1785431415.721,17:10:15,timeslice,0,93.3,8267,16126,51.3
1785431415.721,17:10:15,timeslice,1,95.1,6083,16126,37.7
1785431415.721,17:10:15,timeslice,2,96.3,6373,16126,39.5
1785431415.721,17:10:15,timeslice,3,91.5,6052,16126,37.5
1785431415.721,17:10:15,timeslice,4,96.3,6083,16126,37.7
1785431415.721,17:10:15,timeslice,5,96.7,5975,16126,37.1
1785431415.721,17:10:15,timeslice,6,95.9,8351,16126,51.8
1785431415.721,17:10:15,timeslice,7,92.3,6049,16126,37.5
1785431416.721,17:10:16,timeslice,0,95.5,6122,16126,38.0
1785431416.721,17:10:16,timeslice,1,95.7,6436,16126,39.9
1785431416.721,17:10:16,timeslice,2,94.9,6419,16126,39.8
1785431416.721,17:10:16,timeslice,3,89.0,6479,16126,40.2
1785431416.721,17:10:16,timeslice,4,95.0,7006,16126,43.4
1785431416.721,17:10:16,timeslice,5,95.6,6467,16126,40.1
1785431416.721,17:10:16,timeslice,6,94.1,6146,16126,38.1
1785431416.721,17:10:16,timeslice,7,95.8,6444,16126,40.0
1785431417.721,17:10:17,timeslice,0,95.5,6122,16126,38.0
1785431417.721,17:10:17,timeslice,1,95.7,6436,16126,39.9
1785431417.721,17:10:17,timeslice,2,94.9,6419,16126,39.8
1785431417.721,17:10:17,timeslice,3,89.0,6479,16126,40.2
1785431417.721,17:10:17,timeslice,4,95.0,7006,16126,43.4
1785431417.721,17:10:17,timeslice,5,95.6,6467,16126,40.1
1785431417.721,17:10:17,timeslice,6,94.1,6146,16126,38.1
1785431417.721,17:10:17,timeslice,7,95.8,6444,16126,40.0
1785431418.721,17:10:18,timeslice,0,95.5,6122,16126,38.0
1785431418.721,17:10:18,timeslice,1,95.7,6436,16126,39.9
1785431418.721,17:10:18,timeslice,2,94.9,6419,16126,39.8
1785431418.721,17:10:18,timeslice,3,89.0,6479,16126,40.2
1785431418.721,17:10:18,timeslice,4,95.0,7006,16126,43.4
1785431418.721,17:10:18,timeslice,5,95.6,6467,16126,40.1
1785431418.721,17:10:18,timeslice,6,94.1,6146,16126,38.1
1785431418.721,17:10:18,timeslice,7,95.8,6444,16126,40.0
1785431419.721,17:10:19,timeslice,0,95.5,6122,16126,38.0
1785431419.721,17:10:19,timeslice,1,95.7,6436,16126,39.9
1785431419.721,17:10:19,timeslice,2,94.9,6419,16126,39.8
1785431419.721,17:10:19,timeslice,3,89.0,6479,16126,40.2
1785431419.721,17:10:19,timeslice,4,95.0,7006,16126,43.4
1785431419.721,17:10:19,timeslice,5,95.6,6467,16126,40.1
1785431419.721,17:10:19,timeslice,6,94.1,6146,16126,38.1
1785431419.721,17:10:19,timeslice,7,95.8,6444,16126,40.0
1785431420.721,17:10:20,timeslice,0,95.5,6122,16126,38.0
1785431420.721,17:10:20,timeslice,1,95.7,6436,16126,39.9
1785431420.721,17:10:20,timeslice,2,94.9,6419,16126,39.8
1785431420.721,17:10:20,timeslice,3,89.0,6479,16126,40.2
1785431420.721,17:10:20,timeslice,4,95.0,7006,16126,43.4
1785431420.721,17:10:20,timeslice,5,95.6,6467,16126,40.1
1785431420.721,17:10:20,timeslice,6,94.1,6146,16126,38.1
1785431420.721,17:10:20,timeslice,7,95.8,6444,16126,40.0
1785431421.722,17:10:21,timeslice,0,93.9,7957,16126,49.3
1785431421.722,17:10:21,timeslice,1,94.5,7979,16126,49.5
1785431421.722,17:10:21,timeslice,2,94.1,7973,16126,49.4
1785431421.722,17:10:21,timeslice,3,94.5,7979,16126,49.5
1785431421.722,17:10:21,timeslice,4,94.2,7979,16126,49.5
1785431421.722,17:10:21,timeslice,5,84.7,7687,16126,47.7
1785431421.722,17:10:21,timeslice,6,94.4,7833,16126,48.6
1785431421.722,17:10:21,timeslice,7,94.6,7956,16126,49.3
1785431422.722,17:10:22,timeslice,0,93.9,7957,16126,49.3
1785431422.722,17:10:22,timeslice,1,94.5,7979,16126,49.5
1785431422.722,17:10:22,timeslice,2,94.1,7973,16126,49.4
1785431422.722,17:10:22,timeslice,3,94.5,7979,16126,49.5
1785431422.722,17:10:22,timeslice,4,94.2,7979,16126,49.5
1785431422.722,17:10:22,timeslice,5,84.7,7687,16126,47.7
1785431422.722,17:10:22,timeslice,6,94.4,7833,16126,48.6
1785431422.722,17:10:22,timeslice,7,94.6,7956,16126,49.3
1785431423.722,17:10:23,timeslice,0,93.9,7957,16126,49.3
1785431423.722,17:10:23,timeslice,1,94.5,7979,16126,49.5
1785431423.722,17:10:23,timeslice,2,94.1,7973,16126,49.4
1785431423.722,17:10:23,timeslice,3,94.5,7979,16126,49.5
1785431423.722,17:10:23,timeslice,4,94.2,7979,16126,49.5
1785431423.722,17:10:23,timeslice,5,84.7,7687,16126,47.7
1785431423.722,17:10:23,timeslice,6,94.4,7833,16126,48.6
1785431423.722,17:10:23,timeslice,7,94.6,7956,16126,49.3
1785431424.722,17:10:24,timeslice,0,93.9,7957,16126,49.3
1785431424.722,17:10:24,timeslice,1,94.5,7979,16126,49.5
1785431424.722,17:10:24,timeslice,2,94.1,7973,16126,49.4
1785431424.722,17:10:24,timeslice,3,94.5,7979,16126,49.5
1785431424.722,17:10:24,timeslice,4,94.2,7979,16126,49.5
1785431424.722,17:10:24,timeslice,5,84.7,7687,16126,47.7
1785431424.722,17:10:24,timeslice,6,94.4,7833,16126,48.6
1785431424.722,17:10:24,timeslice,7,94.6,7956,16126,49.3
1785431425.722,17:10:25,timeslice,0,93.9,7957,16126,49.3
1785431425.722,17:10:25,timeslice,1,94.5,7979,16126,49.5
1785431425.722,17:10:25,timeslice,2,94.1,7973,16126,49.4
1785431425.722,17:10:25,timeslice,3,94.5,7979,16126,49.5
1785431425.722,17:10:25,timeslice,4,94.2,7979,16126,49.5
1785431425.722,17:10:25,timeslice,5,84.7,7687,16126,47.7
1785431425.722,17:10:25,timeslice,6,94.4,7833,16126,48.6
1785431425.722,17:10:25,timeslice,7,94.6,7956,16126,49.3
1785431426.722,17:10:26,timeslice,0,95.0,7059,16126,43.8
1785431426.722,17:10:26,timeslice,1,91.2,7148,16126,44.3
1785431426.722,17:10:26,timeslice,2,97.1,6981,16126,43.3
1785431426.722,17:10:26,timeslice,3,96.4,6995,16126,43.4
1785431426.722,17:10:26,timeslice,4,96.0,7055,16126,43.7
1785431426.722,17:10:26,timeslice,5,90.6,7055,16126,43.7
1785431426.722,17:10:26,timeslice,6,96.5,6955,16126,43.1
1785431426.722,17:10:26,timeslice,7,96.3,6996,16126,43.4
1785431427.722,17:10:27,timeslice,0,95.0,7059,16126,43.8
1785431427.722,17:10:27,timeslice,1,91.2,7148,16126,44.3
1785431427.722,17:10:27,timeslice,2,97.1,6981,16126,43.3
1785431427.722,17:10:27,timeslice,3,96.4,6995,16126,43.4
1785431427.722,17:10:27,timeslice,4,96.0,7055,16126,43.7
1785431427.722,17:10:27,timeslice,5,90.6,7055,16126,43.7
1785431427.722,17:10:27,timeslice,6,96.5,6955,16126,43.1
1785431427.722,17:10:27,timeslice,7,96.3,6996,16126,43.4
1785431428.722,17:10:28,timeslice,0,95.0,7059,16126,43.8
1785431428.722,17:10:28,timeslice,1,91.2,7148,16126,44.3
1785431428.722,17:10:28,timeslice,2,97.1,6981,16126,43.3
1785431428.722,17:10:28,timeslice,3,96.4,6995,16126,43.4
1785431428.722,17:10:28,timeslice,4,96.0,7055,16126,43.7
1785431428.722,17:10:28,timeslice,5,90.6,7055,16126,43.7
1785431428.722,17:10:28,timeslice,6,96.5,6955,16126,43.1
1785431428.722,17:10:28,timeslice,7,96.3,6996,16126,43.4
1785431429.722,17:10:29,timeslice,0,95.0,7059,16126,43.8
1785431429.722,17:10:29,timeslice,1,91.2,7148,16126,44.3
1785431429.722,17:10:29,timeslice,2,97.1,6981,16126,43.3
1785431429.722,17:10:29,timeslice,3,96.4,6995,16126,43.4
1785431429.722,17:10:29,timeslice,4,96.0,7055,16126,43.7
1785431429.722,17:10:29,timeslice,5,90.6,7055,16126,43.7
1785431429.722,17:10:29,timeslice,6,96.5,6955,16126,43.1
1785431429.722,17:10:29,timeslice,7,96.3,6996,16126,43.4
1785431430.723,17:10:30,timeslice,0,95.0,7059,16126,43.8
1785431430.723,17:10:30,timeslice,1,91.2,7148,16126,44.3
1785431430.723,17:10:30,timeslice,2,97.1,6981,16126,43.3
1785431430.723,17:10:30,timeslice,3,96.4,6995,16126,43.4
1785431430.723,17:10:30,timeslice,4,96.0,7055,16126,43.7
1785431430.723,17:10:30,timeslice,5,90.6,7055,16126,43.7
1785431430.723,17:10:30,timeslice,6,96.5,6955,16126,43.1
1785431430.723,17:10:30,timeslice,7,96.3,6996,16126,43.4
1785431431.723,17:10:31,timeslice,0,95.9,7909,16126,49.0
1785431431.723,17:10:31,timeslice,1,87.1,8066,16126,50.0
1785431431.723,17:10:31,timeslice,2,96.2,7625,16126,47.3
1785431431.723,17:10:31,timeslice,3,95.5,7460,16126,46.3
1785431431.723,17:10:31,timeslice,4,96.2,7532,16126,46.7
1785431431.723,17:10:31,timeslice,5,95.7,8351,16126,51.8
1785431431.723,17:10:31,timeslice,6,96.9,7903,16126,49.0
1785431431.723,17:10:31,timeslice,7,96.4,7462,16126,46.3
1785431432.723,17:10:32,timeslice,0,95.9,7909,16126,49.0
1785431432.723,17:10:32,timeslice,1,87.1,8066,16126,50.0
1785431432.723,17:10:32,timeslice,2,96.2,7625,16126,47.3
1785431432.723,17:10:32,timeslice,3,95.5,7460,16126,46.3
1785431432.723,17:10:32,timeslice,4,96.2,7532,16126,46.7
1785431432.723,17:10:32,timeslice,5,95.7,8351,16126,51.8
1785431432.723,17:10:32,timeslice,6,96.9,7903,16126,49.0
1785431432.723,17:10:32,timeslice,7,96.4,7462,16126,46.3
1785431433.723,17:10:33,timeslice,0,95.9,7909,16126,49.0
1785431433.723,17:10:33,timeslice,1,87.1,8066,16126,50.0
1785431433.723,17:10:33,timeslice,2,96.2,7625,16126,47.3
1785431433.723,17:10:33,timeslice,3,95.5,7460,16126,46.3
1785431433.723,17:10:33,timeslice,4,96.2,7532,16126,46.7
1785431433.723,17:10:33,timeslice,5,95.7,8351,16126,51.8
1785431433.723,17:10:33,timeslice,6,96.9,7903,16126,49.0
1785431433.723,17:10:33,timeslice,7,96.4,7462,16126,46.3
1785431434.723,17:10:34,timeslice,0,95.9,7909,16126,49.0
1785431434.723,17:10:34,timeslice,1,87.1,8066,16126,50.0
1785431434.723,17:10:34,timeslice,2,96.2,7625,16126,47.3
1785431434.723,17:10:34,timeslice,3,95.5,7460,16126,46.3
1785431434.723,17:10:34,timeslice,4,96.2,7532,16126,46.7
1785431434.723,17:10:34,timeslice,5,95.7,8351,16126,51.8
1785431434.723,17:10:34,timeslice,6,96.9,7903,16126,49.0
1785431434.723,17:10:34,timeslice,7,96.4,7462,16126,46.3
1785431435.723,17:10:35,timeslice,0,95.9,7909,16126,49.0
1785431435.723,17:10:35,timeslice,1,87.1,8066,16126,50.0
1785431435.723,17:10:35,timeslice,2,96.2,7625,16126,47.3
1785431435.723,17:10:35,timeslice,3,95.5,7460,16126,46.3
1785431435.723,17:10:35,timeslice,4,96.2,7532,16126,46.7
1785431435.723,17:10:35,timeslice,5,95.7,8351,16126,51.8
1785431435.723,17:10:35,timeslice,6,96.9,7903,16126,49.0
1785431435.723,17:10:35,timeslice,7,96.4,7462,16126,46.3
1785431436.723,17:10:36,timeslice,0,89.4,7557,16126,46.9
1785431436.723,17:10:36,timeslice,1,93.0,7535,16126,46.7
1785431436.723,17:10:36,timeslice,2,93.3,7665,16126,47.5
1785431436.723,17:10:36,timeslice,3,94.0,7577,16126,47.0
1785431436.723,17:10:36,timeslice,4,92.3,7643,16126,47.4
1785431436.723,17:10:36,timeslice,5,88.4,7523,16126,46.7
1785431436.723,17:10:36,timeslice,6,94.4,7507,16126,46.6
1785431436.723,17:10:36,timeslice,7,93.8,7560,16126,46.9
1785431437.723,17:10:37,timeslice,0,89.4,7557,16126,46.9
1785431437.723,17:10:37,timeslice,1,93.0,7535,16126,46.7
1785431437.723,17:10:37,timeslice,2,93.3,7665,16126,47.5
1785431437.723,17:10:37,timeslice,3,94.0,7577,16126,47.0
1785431437.723,17:10:37,timeslice,4,92.3,7643,16126,47.4
1785431437.723,17:10:37,timeslice,5,88.4,7523,16126,46.7
1785431437.723,17:10:37,timeslice,6,94.4,7507,16126,46.6
1785431437.723,17:10:37,timeslice,7,93.8,7560,16126,46.9
1785431438.724,17:10:38,timeslice,0,89.4,7557,16126,46.9
1785431438.724,17:10:38,timeslice,1,93.0,7535,16126,46.7
1785431438.724,17:10:38,timeslice,2,93.3,7665,16126,47.5
1785431438.724,17:10:38,timeslice,3,94.0,7577,16126,47.0
1785431438.724,17:10:38,timeslice,4,92.3,7643,16126,47.4
1785431438.724,17:10:38,timeslice,5,88.4,7523,16126,46.7
1785431438.724,17:10:38,timeslice,6,94.4,7507,16126,46.6
1785431438.724,17:10:38,timeslice,7,93.8,7560,16126,46.9
1785431439.724,17:10:39,timeslice,0,89.4,7557,16126,46.9
1785431439.724,17:10:39,timeslice,1,93.0,7535,16126,46.7
1785431439.724,17:10:39,timeslice,2,93.3,7665,16126,47.5
1785431439.724,17:10:39,timeslice,3,94.0,7577,16126,47.0
1785431439.724,17:10:39,timeslice,4,92.3,7643,16126,47.4
1785431439.724,17:10:39,timeslice,5,88.4,7523,16126,46.7
1785431439.724,17:10:39,timeslice,6,94.4,7507,16126,46.6
1785431439.724,17:10:39,timeslice,7,93.8,7560,16126,46.9
1785431440.724,17:10:40,timeslice,0,89.4,7557,16126,46.9
1785431440.724,17:10:40,timeslice,1,93.0,7535,16126,46.7
1785431440.724,17:10:40,timeslice,2,93.3,7665,16126,47.5
1785431440.724,17:10:40,timeslice,3,94.0,7577,16126,47.0
1785431440.724,17:10:40,timeslice,4,92.3,7643,16126,47.4
1785431440.724,17:10:40,timeslice,5,88.4,7523,16126,46.7
1785431440.724,17:10:40,timeslice,6,94.4,7507,16126,46.6
1785431440.724,17:10:40,timeslice,7,93.8,7560,16126,46.9
1785431441.724,17:10:41,timeslice,0,95.4,6548,16126,40.6
1785431441.724,17:10:41,timeslice,1,90.2,6327,16126,39.2
1785431441.724,17:10:41,timeslice,2,95.4,6482,16126,40.2
1785431441.724,17:10:41,timeslice,3,96.1,6318,16126,39.2
1785431441.724,17:10:41,timeslice,4,95.3,6178,16126,38.3
1785431441.724,17:10:41,timeslice,5,95.5,6490,16126,40.2
1785431441.724,17:10:41,timeslice,6,94.6,6548,16126,40.6
1785431441.724,17:10:41,timeslice,7,93.8,6233,16126,38.7
1785431442.724,17:10:42,timeslice,0,95.4,6548,16126,40.6
1785431442.724,17:10:42,timeslice,1,90.2,6327,16126,39.2
1785431442.724,17:10:42,timeslice,2,95.4,6482,16126,40.2
1785431442.724,17:10:42,timeslice,3,96.1,6318,16126,39.2
1785431442.724,17:10:42,timeslice,4,95.3,6178,16126,38.3
1785431442.724,17:10:42,timeslice,5,95.5,6490,16126,40.2
1785431442.724,17:10:42,timeslice,6,94.6,6548,16126,40.6
1785431442.724,17:10:42,timeslice,7,93.8,6233,16126,38.7
1785431443.724,17:10:43,timeslice,0,95.4,6548,16126,40.6
1785431443.724,17:10:43,timeslice,1,90.2,6327,16126,39.2
1785431443.724,17:10:43,timeslice,2,95.4,6482,16126,40.2
1785431443.724,17:10:43,timeslice,3,96.1,6318,16126,39.2
1785431443.724,17:10:43,timeslice,4,95.3,6178,16126,38.3
1785431443.724,17:10:43,timeslice,5,95.5,6490,16126,40.2
1785431443.724,17:10:43,timeslice,6,94.6,6548,16126,40.6
1785431443.724,17:10:43,timeslice,7,93.8,6233,16126,38.7
1785431444.725,17:10:44,timeslice,0,95.4,6548,16126,40.6
1785431444.725,17:10:44,timeslice,1,90.2,6327,16126,39.2
1785431444.725,17:10:44,timeslice,2,95.4,6482,16126,40.2
1785431444.725,17:10:44,timeslice,3,96.1,6318,16126,39.2
1785431444.725,17:10:44,timeslice,4,95.3,6178,16126,38.3
1785431444.725,17:10:44,timeslice,5,95.5,6490,16126,40.2
1785431444.725,17:10:44,timeslice,6,94.6,6548,16126,40.6
1785431444.725,17:10:44,timeslice,7,93.8,6233,16126,38.7
1785431445.725,17:10:45,timeslice,0,95.4,6548,16126,40.6
1785431445.725,17:10:45,timeslice,1,90.2,6327,16126,39.2
1785431445.725,17:10:45,timeslice,2,95.4,6482,16126,40.2
1785431445.725,17:10:45,timeslice,3,96.1,6318,16126,39.2
1785431445.725,17:10:45,timeslice,4,95.3,6178,16126,38.3
1785431445.725,17:10:45,timeslice,5,95.5,6490,16126,40.2
1785431445.725,17:10:45,timeslice,6,94.6,6548,16126,40.6
1785431445.725,17:10:45,timeslice,7,93.8,6233,16126,38.7
1785431446.725,17:10:46,timeslice,0,95.5,7618,16126,47.2
1785431446.725,17:10:46,timeslice,1,95.6,7377,16126,45.7
1785431446.725,17:10:46,timeslice,2,90.4,7636,16126,47.4
1785431446.725,17:10:46,timeslice,3,93.2,7306,16126,45.3
1785431446.725,17:10:46,timeslice,4,92.4,7397,16126,45.9
1785431446.725,17:10:46,timeslice,5,87.9,7308,16126,45.3
1785431446.725,17:10:46,timeslice,6,90.1,7672,16126,47.6
1785431446.725,17:10:46,timeslice,7,96.5,7252,16126,45.0
1785431447.725,17:10:47,timeslice,0,95.5,7618,16126,47.2
1785431447.725,17:10:47,timeslice,1,95.6,7377,16126,45.7
1785431447.725,17:10:47,timeslice,2,90.4,7636,16126,47.4
1785431447.725,17:10:47,timeslice,3,93.2,7306,16126,45.3
1785431447.725,17:10:47,timeslice,4,92.4,7397,16126,45.9
1785431447.725,17:10:47,timeslice,5,87.9,7308,16126,45.3
1785431447.725,17:10:47,timeslice,6,90.1,7672,16126,47.6
1785431447.725,17:10:47,timeslice,7,96.5,7252,16126,45.0
1785431448.725,17:10:48,timeslice,0,95.5,7618,16126,47.2
1785431448.725,17:10:48,timeslice,1,95.6,7377,16126,45.7
1785431448.725,17:10:48,timeslice,2,90.4,7636,16126,47.4
1785431448.725,17:10:48,timeslice,3,93.2,7306,16126,45.3
1785431448.725,17:10:48,timeslice,4,92.4,7397,16126,45.9
1785431448.725,17:10:48,timeslice,5,87.9,7308,16126,45.3
1785431448.725,17:10:48,timeslice,6,90.1,7672,16126,47.6
1785431448.725,17:10:48,timeslice,7,96.5,7252,16126,45.0
1785431449.725,17:10:49,timeslice,0,95.5,7618,16126,47.2
1785431449.725,17:10:49,timeslice,1,95.6,7377,16126,45.7
1785431449.725,17:10:49,timeslice,2,90.4,7636,16126,47.4
1785431449.725,17:10:49,timeslice,3,93.2,7306,16126,45.3
1785431449.725,17:10:49,timeslice,4,92.4,7397,16126,45.9
1785431449.725,17:10:49,timeslice,5,87.9,7308,16126,45.3
1785431449.725,17:10:49,timeslice,6,90.1,7672,16126,47.6
1785431449.725,17:10:49,timeslice,7,96.5,7252,16126,45.0
1785431450.725,17:10:50,timeslice,0,95.5,7618,16126,47.2
1785431450.725,17:10:50,timeslice,1,95.6,7377,16126,45.7
1785431450.725,17:10:50,timeslice,2,90.4,7636,16126,47.4
1785431450.725,17:10:50,timeslice,3,93.2,7306,16126,45.3
1785431450.725,17:10:50,timeslice,4,92.4,7397,16126,45.9
1785431450.725,17:10:50,timeslice,5,87.9,7308,16126,45.3
1785431450.725,17:10:50,timeslice,6,90.1,7672,16126,47.6
1785431450.725,17:10:50,timeslice,7,96.5,7252,16126,45.0
1785431451.726,17:10:51,timeslice,0,81.8,5282,16126,32.8
1785431451.726,17:10:51,timeslice,1,86.4,5282,16126,32.8
1785431451.726,17:10:51,timeslice,2,84.8,5282,16126,32.8
1785431451.726,17:10:51,timeslice,3,86.3,5282,16126,32.8
1785431451.726,17:10:51,timeslice,4,87.4,5282,16126,32.8
1785431451.726,17:10:51,timeslice,5,81.4,5282,16126,32.8
1785431451.726,17:10:51,timeslice,6,87.0,5282,16126,32.8
1785431451.726,17:10:51,timeslice,7,85.7,5283,16126,32.8
1785431452.726,17:10:52,timeslice,0,81.8,5282,16126,32.8
1785431452.726,17:10:52,timeslice,1,86.4,5282,16126,32.8
1785431452.726,17:10:52,timeslice,2,84.8,5282,16126,32.8
1785431452.726,17:10:52,timeslice,3,86.3,5282,16126,32.8
1785431452.726,17:10:52,timeslice,4,87.4,5282,16126,32.8
1785431452.726,17:10:52,timeslice,5,81.4,5282,16126,32.8
1785431452.726,17:10:52,timeslice,6,87.0,5282,16126,32.8
1785431452.726,17:10:52,timeslice,7,85.7,5283,16126,32.8
1785431453.726,17:10:53,timeslice,0,81.8,5282,16126,32.8
1785431453.726,17:10:53,timeslice,1,86.4,5282,16126,32.8
1785431453.726,17:10:53,timeslice,2,84.8,5282,16126,32.8
1785431453.726,17:10:53,timeslice,3,86.3,5282,16126,32.8
1785431453.726,17:10:53,timeslice,4,87.4,5282,16126,32.8
1785431453.726,17:10:53,timeslice,5,81.4,5282,16126,32.8
1785431453.726,17:10:53,timeslice,6,87.0,5282,16126,32.8
1785431453.726,17:10:53,timeslice,7,85.7,5283,16126,32.8
1785431454.726,17:10:54,timeslice,0,81.8,5282,16126,32.8
1785431454.726,17:10:54,timeslice,1,86.4,5282,16126,32.8
1785431454.726,17:10:54,timeslice,2,84.8,5282,16126,32.8
1785431454.726,17:10:54,timeslice,3,86.3,5282,16126,32.8
1785431454.726,17:10:54,timeslice,4,87.4,5282,16126,32.8
1785431454.726,17:10:54,timeslice,5,81.4,5282,16126,32.8
1785431454.726,17:10:54,timeslice,6,87.0,5282,16126,32.8
1785431454.726,17:10:54,timeslice,7,85.7,5283,16126,32.8
1785431455.726,17:10:55,timeslice,0,81.8,5282,16126,32.8
1785431455.726,17:10:55,timeslice,1,86.4,5282,16126,32.8
1785431455.726,17:10:55,timeslice,2,84.8,5282,16126,32.8
1785431455.726,17:10:55,timeslice,3,86.3,5282,16126,32.8
1785431455.726,17:10:55,timeslice,4,87.4,5282,16126,32.8
1785431455.726,17:10:55,timeslice,5,81.4,5282,16126,32.8
1785431455.726,17:10:55,timeslice,6,87.0,5282,16126,32.8
1785431455.726,17:10:55,timeslice,7,85.7,5283,16126,32.8
1785431456.726,17:10:56,timeslice,0,12.5,5270,16126,32.7
1785431456.726,17:10:56,timeslice,1,11.6,5270,16126,32.7
1785431456.726,17:10:56,timeslice,2,27.6,5270,16126,32.7
1785431456.726,17:10:56,timeslice,3,26.7,5270,16126,32.7
1785431456.726,17:10:56,timeslice,4,12.1,5270,16126,32.7
1785431456.726,17:10:56,timeslice,5,2.8,5270,16126,32.7
1785431456.726,17:10:56,timeslice,6,14.8,5270,16126,32.7
1785431456.726,17:10:56,timeslice,7,2.7,5271,16126,32.7
1785431457.726,17:10:57,timeslice,0,12.5,5270,16126,32.7
1785431457.726,17:10:57,timeslice,1,11.6,5270,16126,32.7
1785431457.726,17:10:57,timeslice,2,27.6,5270,16126,32.7
1785431457.726,17:10:57,timeslice,3,26.7,5270,16126,32.7
1785431457.726,17:10:57,timeslice,4,12.1,5270,16126,32.7
1785431457.726,17:10:57,timeslice,5,2.8,5270,16126,32.7
1785431457.726,17:10:57,timeslice,6,14.8,5270,16126,32.7
1785431457.726,17:10:57,timeslice,7,2.7,5271,16126,32.7
1785431458.727,17:10:58,timeslice,0,12.5,5270,16126,32.7
1785431458.727,17:10:58,timeslice,1,11.6,5270,16126,32.7
1785431458.727,17:10:58,timeslice,2,27.6,5270,16126,32.7
1785431458.727,17:10:58,timeslice,3,26.7,5270,16126,32.7
1785431458.727,17:10:58,timeslice,4,12.1,5270,16126,32.7
1785431458.727,17:10:58,timeslice,5,2.8,5270,16126,32.7
1785431458.727,17:10:58,timeslice,6,14.8,5270,16126,32.7
1785431458.727,17:10:58,timeslice,7,2.7,5271,16126,32.7
1785431459.727,17:10:59,timeslice,0,12.5,5270,16126,32.7
1785431459.727,17:10:59,timeslice,1,11.6,5270,16126,32.7
1785431459.727,17:10:59,timeslice,2,27.6,5270,16126,32.7
1785431459.727,17:10:59,timeslice,3,26.7,5270,16126,32.7
1785431459.727,17:10:59,timeslice,4,12.1,5270,16126,32.7
1785431459.727,17:10:59,timeslice,5,2.8,5270,16126,32.7
1785431459.727,17:10:59,timeslice,6,14.8,5270,16126,32.7
1785431459.727,17:10:59,timeslice,7,2.7,5271,16126,32.7
1785431460.727,17:11:00,timeslice,0,12.5,5270,16126,32.7
1785431460.727,17:11:00,timeslice,1,11.6,5270,16126,32.7
1785431460.727,17:11:00,timeslice,2,27.6,5270,16126,32.7
1785431460.727,17:11:00,timeslice,3,26.7,5270,16126,32.7
1785431460.727,17:11:00,timeslice,4,12.1,5270,16126,32.7
1785431460.727,17:11:00,timeslice,5,2.8,5270,16126,32.7
1785431460.727,17:11:00,timeslice,6,14.8,5270,16126,32.7
1785431460.727,17:11:00,timeslice,7,2.7,5271,16126,32.7
1785431461.727,17:11:01,timeslice,0,0.0,5270,16126,32.7
1785431461.727,17:11:01,timeslice,1,0.0,5270,16126,32.7
1785431461.727,17:11:01,timeslice,2,0.0,5270,16126,32.7
1785431461.727,17:11:01,timeslice,3,0.0,5270,16126,32.7
1785431461.727,17:11:01,timeslice,4,0.0,5270,16126,32.7
1785431461.727,17:11:01,timeslice,5,0.0,5270,16126,32.7
1785431461.727,17:11:01,timeslice,6,0.0,5270,16126,32.7
1785431461.727,17:11:01,timeslice,7,0.0,5271,16126,32.7
1785431462.727,17:11:02,timeslice,0,0.0,5270,16126,32.7
1785431462.727,17:11:02,timeslice,1,0.0,5270,16126,32.7
1785431462.727,17:11:02,timeslice,2,0.0,5270,16126,32.7
1785431462.727,17:11:02,timeslice,3,0.0,5270,16126,32.7
1785431462.727,17:11:02,timeslice,4,0.0,5270,16126,32.7
1785431462.727,17:11:02,timeslice,5,0.0,5270,16126,32.7
1785431462.727,17:11:02,timeslice,6,0.0,5270,16126,32.7
1785431462.727,17:11:02,timeslice,7,0.0,5271,16126,32.7
1785431463.727,17:11:03,timeslice,0,0.0,5270,16126,32.7
1785431463.727,17:11:03,timeslice,1,0.0,5270,16126,32.7
1785431463.727,17:11:03,timeslice,2,0.0,5270,16126,32.7
1785431463.727,17:11:03,timeslice,3,0.0,5270,16126,32.7
1785431463.727,17:11:03,timeslice,4,0.0,5270,16126,32.7
1785431463.727,17:11:03,timeslice,5,0.0,5270,16126,32.7
1785431463.727,17:11:03,timeslice,6,0.0,5270,16126,32.7
1785431463.727,17:11:03,timeslice,7,0.0,5271,16126,32.7
1785431464.727,17:11:04,timeslice,0,0.0,5270,16126,32.7
1785431464.727,17:11:04,timeslice,1,0.0,5270,16126,32.7
1785431464.727,17:11:04,timeslice,2,0.0,5270,16126,32.7
1785431464.727,17:11:04,timeslice,3,0.0,5270,16126,32.7
1785431464.727,17:11:04,timeslice,4,0.0,5270,16126,32.7
1785431464.727,17:11:04,timeslice,5,0.0,5270,16126,32.7
1785431464.727,17:11:04,timeslice,6,0.0,5270,16126,32.7
1785431464.727,17:11:04,timeslice,7,0.0,5271,16126,32.7
1785431465.727,17:11:05,timeslice,0,0.0,5270,16126,32.7
1785431465.727,17:11:05,timeslice,1,0.0,5270,16126,32.7
1785431465.727,17:11:05,timeslice,2,0.0,5270,16126,32.7
1785431465.727,17:11:05,timeslice,3,0.0,5270,16126,32.7
1785431465.727,17:11:05,timeslice,4,0.0,5270,16126,32.7
1785431465.727,17:11:05,timeslice,5,0.0,5270,16126,32.7
1785431465.727,17:11:05,timeslice,6,0.0,5270,16126,32.7
1785431465.727,17:11:05,timeslice,7,0.0,5271,16126,32.7
1785431466.728,17:11:06,timeslice,0,0.0,5270,16126,32.7
1785431466.728,17:11:06,timeslice,1,0.0,5270,16126,32.7
1785431466.728,17:11:06,timeslice,2,0.0,5270,16126,32.7
1785431466.728,17:11:06,timeslice,3,0.0,5270,16126,32.7
1785431466.728,17:11:06,timeslice,4,0.0,5270,16126,32.7
1785431466.728,17:11:06,timeslice,5,0.0,5270,16126,32.7
1785431466.728,17:11:06,timeslice,6,0.0,5270,16126,32.7
1785431466.728,17:11:06,timeslice,7,0.0,5271,16126,32.7
1785431467.728,17:11:07,timeslice,0,0.0,5270,16126,32.7
1785431467.728,17:11:07,timeslice,1,0.0,5270,16126,32.7
1785431467.728,17:11:07,timeslice,2,0.0,5270,16126,32.7
1785431467.728,17:11:07,timeslice,3,0.0,5270,16126,32.7
1785431467.728,17:11:07,timeslice,4,0.0,5270,16126,32.7
1785431467.728,17:11:07,timeslice,5,0.0,5270,16126,32.7
1785431467.728,17:11:07,timeslice,6,0.0,5270,16126,32.7
1785431467.728,17:11:07,timeslice,7,0.0,5271,16126,32.7
1785431468.728,17:11:08,timeslice,0,0.0,5270,16126,32.7
1785431468.728,17:11:08,timeslice,1,0.0,5270,16126,32.7
1785431468.728,17:11:08,timeslice,2,0.0,5270,16126,32.7
1785431468.728,17:11:08,timeslice,3,0.0,5270,16126,32.7
1785431468.728,17:11:08,timeslice,4,0.0,5270,16126,32.7
1785431468.728,17:11:08,timeslice,5,0.0,5270,16126,32.7
1785431468.728,17:11:08,timeslice,6,0.0,5270,16126,32.7
1785431468.728,17:11:08,timeslice,7,0.0,5271,16126,32.7
1785431469.728,17:11:09,timeslice,0,0.0,5270,16126,32.7
1785431469.728,17:11:09,timeslice,1,0.0,5270,16126,32.7
1785431469.728,17:11:09,timeslice,2,0.0,5270,16126,32.7
1785431469.728,17:11:09,timeslice,3,0.0,5270,16126,32.7
1785431469.728,17:11:09,timeslice,4,0.0,5270,16126,32.7
1785431469.728,17:11:09,timeslice,5,0.0,5270,16126,32.7
1785431469.728,17:11:09,timeslice,6,0.0,5270,16126,32.7
1785431469.728,17:11:09,timeslice,7,0.0,5271,16126,32.7
1785431470.728,17:11:10,timeslice,0,0.0,5270,16126,32.7
1785431470.728,17:11:10,timeslice,1,0.0,5270,16126,32.7
1785431470.728,17:11:10,timeslice,2,0.0,5270,16126,32.7
1785431470.728,17:11:10,timeslice,3,0.0,5270,16126,32.7
1785431470.728,17:11:10,timeslice,4,0.0,5270,16126,32.7
1785431470.728,17:11:10,timeslice,5,0.0,5270,16126,32.7
1785431470.728,17:11:10,timeslice,6,0.0,5270,16126,32.7
1785431470.728,17:11:10,timeslice,7,0.0,5271,16126,32.7
1785431471.728,17:11:11,timeslice,0,0.0,5270,16126,32.7
1785431471.728,17:11:11,timeslice,1,0.0,5270,16126,32.7
1785431471.728,17:11:11,timeslice,2,0.0,5270,16126,32.7
1785431471.728,17:11:11,timeslice,3,0.0,5270,16126,32.7
1785431471.728,17:11:11,timeslice,4,0.0,5270,16126,32.7
1785431471.728,17:11:11,timeslice,5,0.0,5270,16126,32.7
1785431471.728,17:11:11,timeslice,6,0.0,5270,16126,32.7
1785431471.728,17:11:11,timeslice,7,0.0,5271,16126,32.7
1785431472.728,17:11:12,timeslice,0,0.0,5270,16126,32.7
1785431472.728,17:11:12,timeslice,1,0.0,5270,16126,32.7
1785431472.728,17:11:12,timeslice,2,0.0,5270,16126,32.7
1785431472.728,17:11:12,timeslice,3,0.0,5270,16126,32.7
1785431472.728,17:11:12,timeslice,4,0.0,5270,16126,32.7
1785431472.728,17:11:12,timeslice,5,0.0,5270,16126,32.7
1785431472.728,17:11:12,timeslice,6,0.0,5270,16126,32.7
1785431472.728,17:11:12,timeslice,7,0.0,5271,16126,32.7
1785431473.728,17:11:13,timeslice,0,0.0,5270,16126,32.7
1785431473.728,17:11:13,timeslice,1,0.0,5270,16126,32.7
1785431473.728,17:11:13,timeslice,2,0.0,5270,16126,32.7
1785431473.728,17:11:13,timeslice,3,0.0,5270,16126,32.7
1785431473.728,17:11:13,timeslice,4,0.0,5270,16126,32.7
1785431473.728,17:11:13,timeslice,5,0.0,5270,16126,32.7
1785431473.728,17:11:13,timeslice,6,0.0,5270,16126,32.7
1785431473.728,17:11:13,timeslice,7,0.0,5271,16126,32.7
1785431474.729,17:11:14,timeslice,0,0.0,5270,16126,32.7
1785431474.729,17:11:14,timeslice,1,0.0,5270,16126,32.7
1785431474.729,17:11:14,timeslice,2,0.0,5270,16126,32.7
1785431474.729,17:11:14,timeslice,3,0.0,5270,16126,32.7
1785431474.729,17:11:14,timeslice,4,0.0,5270,16126,32.7
1785431474.729,17:11:14,timeslice,5,0.0,5270,16126,32.7
1785431474.729,17:11:14,timeslice,6,0.0,5270,16126,32.7
1785431474.729,17:11:14,timeslice,7,0.0,5271,16126,32.7
1785431475.729,17:11:15,timeslice,0,0.0,0,0,0.0
1785431475.729,17:11:15,timeslice,1,0.0,0,0,0.0
1785431475.729,17:11:15,timeslice,2,0.0,0,0,0.0
1785431475.729,17:11:15,timeslice,3,0.0,0,0,0.0
1785431475.729,17:11:15,timeslice,4,0.0,0,0,0.0
1785431475.729,17:11:15,timeslice,5,0.0,0,0,0.0
1785431475.729,17:11:15,timeslice,6,0.0,0,0,0.0
1785431475.729,17:11:15,timeslice,7,0.0,0,0,0.0
1785431476.729,17:11:16,timeslice,0,0.0,0,0,0.0
1785431476.729,17:11:16,timeslice,1,0.0,0,0,0.0
1785431476.729,17:11:16,timeslice,2,0.0,0,0,0.0
1785431476.729,17:11:16,timeslice,3,0.0,0,0,0.0
1785431476.729,17:11:16,timeslice,4,0.0,0,0,0.0
1785431476.729,17:11:16,timeslice,5,0.0,0,0,0.0
1785431476.729,17:11:16,timeslice,6,0.0,0,0,0.0
1785431476.729,17:11:16,timeslice,7,0.0,0,0,0.0
1785431477.729,17:11:17,timeslice,0,0.0,0,0,0.0
1785431477.729,17:11:17,timeslice,1,0.0,0,0,0.0
1785431477.729,17:11:17,timeslice,2,0.0,0,0,0.0
1785431477.729,17:11:17,timeslice,3,0.0,0,0,0.0
1785431477.729,17:11:17,timeslice,4,0.0,0,0,0.0
1785431477.729,17:11:17,timeslice,5,0.0,0,0,0.0
1785431477.729,17:11:17,timeslice,6,0.0,0,0,0.0
1785431477.729,17:11:17,timeslice,7,0.0,0,0,0.0
1785431478.729,17:11:18,timeslice,0,0.0,0,0,0.0
1785431478.729,17:11:18,timeslice,1,0.0,0,0,0.0
1785431478.729,17:11:18,timeslice,2,0.0,0,0,0.0
1785431478.729,17:11:18,timeslice,3,0.0,0,0,0.0
1785431478.729,17:11:18,timeslice,4,0.0,0,0,0.0
1785431478.729,17:11:18,timeslice,5,0.0,0,0,0.0
1785431478.729,17:11:18,timeslice,6,0.0,0,0,0.0
1785431478.729,17:11:18,timeslice,7,0.0,0,0,0.0
1785431479.729,17:11:19,timeslice,0,0.0,0,0,0.0
1785431479.729,17:11:19,timeslice,1,0.0,0,0,0.0
1785431479.729,17:11:19,timeslice,2,0.0,0,0,0.0
1785431479.729,17:11:19,timeslice,3,0.0,0,0,0.0
1785431479.729,17:11:19,timeslice,4,0.0,0,0,0.0
1785431479.729,17:11:19,timeslice,5,0.0,0,0,0.0
1785431479.729,17:11:19,timeslice,6,0.0,0,0,0.0
1785431479.729,17:11:19,timeslice,7,0.0,0,0,0.0
1785431480.729,17:11:20,timeslice,0,0.0,0,0,0.0
1785431480.729,17:11:20,timeslice,1,0.0,0,0,0.0
1785431480.729,17:11:20,timeslice,2,0.0,0,0,0.0
1785431480.729,17:11:20,timeslice,3,0.0,0,0,0.0
1785431480.729,17:11:20,timeslice,4,0.0,0,0,0.0
1785431480.729,17:11:20,timeslice,5,0.0,0,0,0.0
1785431480.729,17:11:20,timeslice,6,0.0,0,0,0.0
1785431480.729,17:11:20,timeslice,7,0.0,0,0,0.0
1785431481.729,17:11:21,timeslice,0,0.0,0,0,0.0
1785431481.729,17:11:21,timeslice,1,0.0,0,0,0.0
1785431481.729,17:11:21,timeslice,2,0.0,0,0,0.0
1785431481.729,17:11:21,timeslice,3,0.0,0,0,0.0
1785431481.729,17:11:21,timeslice,4,0.0,0,0,0.0
1785431481.729,17:11:21,timeslice,5,0.0,0,0,0.0
1785431481.729,17:11:21,timeslice,6,0.0,0,0,0.0
1785431481.729,17:11:21,timeslice,7,0.0,0,0,0.0
1785431482.73,17:11:22,timeslice,0,0.0,0,0,0.0
1785431482.73,17:11:22,timeslice,1,0.0,0,0,0.0
1785431482.73,17:11:22,timeslice,2,0.0,0,0,0.0
1785431482.73,17:11:22,timeslice,3,0.0,0,0,0.0
1785431482.73,17:11:22,timeslice,4,0.0,0,0,0.0
1785431482.73,17:11:22,timeslice,5,0.0,0,0,0.0
1785431482.73,17:11:22,timeslice,6,0.0,0,0,0.0
1785431482.73,17:11:22,timeslice,7,0.0,0,0,0.0
1785431483.73,17:11:23,timeslice,0,0.0,0,0,0.0
1785431483.73,17:11:23,timeslice,1,0.0,0,0,0.0
1785431483.73,17:11:23,timeslice,2,0.0,0,0,0.0
1785431483.73,17:11:23,timeslice,3,0.0,0,0,0.0
1785431483.73,17:11:23,timeslice,4,0.0,0,0,0.0
1785431483.73,17:11:23,timeslice,5,0.0,0,0,0.0
1785431483.73,17:11:23,timeslice,6,0.0,0,0,0.0
1785431483.73,17:11:23,timeslice,7,0.0,0,0,0.0
1785431484.73,17:11:24,timeslice,0,0.0,0,0,0.0
1785431484.73,17:11:24,timeslice,1,0.0,0,0,0.0
1785431484.73,17:11:24,timeslice,2,0.0,0,0,0.0
1785431484.73,17:11:24,timeslice,3,0.0,0,0,0.0
1785431484.73,17:11:24,timeslice,4,0.0,0,0,0.0
1785431484.73,17:11:24,timeslice,5,0.0,0,0,0.0
1785431484.73,17:11:24,timeslice,6,0.0,0,0,0.0
1785431484.73,17:11:24,timeslice,7,0.0,0,0,0.0
1785431485.73,17:11:25,timeslice,0,0.0,0,0,0.0
1785431485.73,17:11:25,timeslice,1,0.0,0,0,0.0
1785431485.73,17:11:25,timeslice,2,0.0,0,0,0.0
1785431485.73,17:11:25,timeslice,3,0.0,0,0,0.0
1785431485.73,17:11:25,timeslice,4,0.0,0,0,0.0
1785431485.73,17:11:25,timeslice,5,0.0,0,0,0.0
1785431485.73,17:11:25,timeslice,6,0.0,0,0,0.0
1785431485.73,17:11:25,timeslice,7,0.0,0,0,0.0
1785431486.73,17:11:26,timeslice,0,0.0,0,0,0.0
1785431486.73,17:11:26,timeslice,1,0.0,0,0,0.0
1785431486.73,17:11:26,timeslice,2,0.0,0,0,0.0
1785431486.73,17:11:26,timeslice,3,0.0,0,0,0.0
1785431486.73,17:11:26,timeslice,4,0.0,0,0,0.0
1785431486.73,17:11:26,timeslice,5,0.0,0,0,0.0
1785431486.73,17:11:26,timeslice,6,0.0,0,0,0.0
1785431486.73,17:11:26,timeslice,7,0.0,0,0,0.0
1785431487.73,17:11:27,timeslice,0,0.0,0,0,0.0
1785431487.73,17:11:27,timeslice,1,0.0,0,0,0.0
1785431487.73,17:11:27,timeslice,2,0.0,0,0,0.0
1785431487.73,17:11:27,timeslice,3,0.0,0,0,0.0
1785431487.73,17:11:27,timeslice,4,0.0,0,0,0.0
1785431487.73,17:11:27,timeslice,5,0.0,0,0,0.0
1785431487.73,17:11:27,timeslice,6,0.0,0,0,0.0
1785431487.73,17:11:27,timeslice,7,0.0,0,0,0.0
1785431488.731,17:11:28,timeslice,0,0.0,0,0,0.0
1785431488.731,17:11:28,timeslice,1,0.0,0,0,0.0
1785431488.731,17:11:28,timeslice,2,0.0,0,0,0.0
1785431488.731,17:11:28,timeslice,3,0.0,0,0,0.0
1785431488.731,17:11:28,timeslice,4,0.0,0,0,0.0
1785431488.731,17:11:28,timeslice,5,0.0,0,0,0.0
1785431488.731,17:11:28,timeslice,6,0.0,0,0,0.0
1785431488.731,17:11:28,timeslice,7,0.0,0,0,0.0
1785431489.731,17:11:29,timeslice,0,0.0,0,0,0.0
1785431489.731,17:11:29,timeslice,1,0.0,0,0,0.0
1785431489.731,17:11:29,timeslice,2,0.0,0,0,0.0
1785431489.731,17:11:29,timeslice,3,0.0,0,0,0.0
1785431489.731,17:11:29,timeslice,4,0.0,0,0,0.0
1785431489.731,17:11:29,timeslice,5,0.0,0,0,0.0
1785431489.731,17:11:29,timeslice,6,0.0,0,0,0.0
1785431489.731,17:11:29,timeslice,7,0.0,0,0,0.0
1785431490.731,17:11:30,timeslice,0,0.0,0,0,0.0
1785431490.731,17:11:30,timeslice,1,0.0,0,0,0.0
1785431490.731,17:11:30,timeslice,2,0.0,0,0,0.0
1785431490.731,17:11:30,timeslice,3,0.0,0,0,0.0
1785431490.731,17:11:30,timeslice,4,0.0,0,0,0.0
1785431490.731,17:11:30,timeslice,5,0.0,0,0,0.0
1785431490.731,17:11:30,timeslice,6,0.0,0,0,0.0
1785431490.731,17:11:30,timeslice,7,0.0,0,0,0.0
1785431491.731,17:11:31,timeslice,0,0.0,0,0,0.0
1785431491.731,17:11:31,timeslice,1,0.0,0,0,0.0
1785431491.731,17:11:31,timeslice,2,0.0,0,0,0.0
1785431491.731,17:11:31,timeslice,3,0.0,0,0,0.0
1785431491.731,17:11:31,timeslice,4,0.0,0,0,0.0
1785431491.731,17:11:31,timeslice,5,0.0,0,0,0.0
1785431491.731,17:11:31,timeslice,6,0.0,0,0,0.0
1785431491.731,17:11:31,timeslice,7,0.0,0,0,0.0
1785431492.731,17:11:32,timeslice,0,0.0,0,0,0.0
1785431492.731,17:11:32,timeslice,1,0.0,0,0,0.0
1785431492.731,17:11:32,timeslice,2,0.0,0,0,0.0
1785431492.731,17:11:32,timeslice,3,0.0,0,0,0.0
1785431492.731,17:11:32,timeslice,4,0.0,0,0,0.0
1785431492.731,17:11:32,timeslice,5,0.0,0,0,0.0
1785431492.731,17:11:32,timeslice,6,0.0,0,0,0.0
1785431492.731,17:11:32,timeslice,7,0.0,0,0,0.0
1785431493.731,17:11:33,timeslice,0,0.0,0,0,0.0
1785431493.731,17:11:33,timeslice,1,0.0,0,0,0.0
1785431493.731,17:11:33,timeslice,2,0.0,0,0,0.0
1785431493.731,17:11:33,timeslice,3,0.0,0,0,0.0
1785431493.731,17:11:33,timeslice,4,0.0,0,0,0.0
1785431493.731,17:11:33,timeslice,5,0.0,0,0,0.0
1785431493.731,17:11:33,timeslice,6,0.0,0,0,0.0
1785431493.731,17:11:33,timeslice,7,0.0,0,0,0.0
1785431494.731,17:11:34,timeslice,0,0.0,0,0,0.0
1785431494.731,17:11:34,timeslice,1,0.0,0,0,0.0
1785431494.731,17:11:34,timeslice,2,0.0,0,0,0.0
1785431494.731,17:11:34,timeslice,3,0.0,0,0,0.0
1785431494.731,17:11:34,timeslice,4,0.0,0,0,0.0
1785431494.731,17:11:34,timeslice,5,0.0,0,0,0.0
1785431494.731,17:11:34,timeslice,6,0.0,0,0,0.0
1785431494.731,17:11:34,timeslice,7,0.0,0,0,0.0
1785431495.731,17:11:35,timeslice,0,0.0,0,0,0.0
1785431495.731,17:11:35,timeslice,1,0.0,0,0,0.0
1785431495.731,17:11:35,timeslice,2,0.0,0,0,0.0
1785431495.731,17:11:35,timeslice,3,0.0,0,0,0.0
1785431495.731,17:11:35,timeslice,4,0.0,0,0,0.0
1785431495.731,17:11:35,timeslice,5,0.0,0,0,0.0
1785431495.731,17:11:35,timeslice,6,0.0,0,0,0.0
1785431495.731,17:11:35,timeslice,7,0.0,0,0,0.0
1785431496.732,17:11:36,timeslice,0,0.0,0,0,0.0
1785431496.732,17:11:36,timeslice,1,0.0,0,0,0.0
1785431496.732,17:11:36,timeslice,2,0.0,0,0,0.0
1785431496.732,17:11:36,timeslice,3,0.0,0,0,0.0
1785431496.732,17:11:36,timeslice,4,0.0,0,0,0.0
1785431496.732,17:11:36,timeslice,5,0.0,0,0,0.0
1785431496.732,17:11:36,timeslice,6,0.0,0,0,0.0
1785431496.732,17:11:36,timeslice,7,0.0,0,0,0.0
1785431497.732,17:11:37,timeslice,0,0.0,0,0,0.0
1785431497.732,17:11:37,timeslice,1,0.0,0,0,0.0
1785431497.732,17:11:37,timeslice,2,0.0,0,0,0.0
1785431497.732,17:11:37,timeslice,3,0.0,0,0,0.0
1785431497.732,17:11:37,timeslice,4,0.0,0,0,0.0
1785431497.732,17:11:37,timeslice,5,0.0,0,0,0.0
1785431497.732,17:11:37,timeslice,6,0.0,0,0,0.0
1785431497.732,17:11:37,timeslice,7,0.0,0,0,0.0
1785431498.732,17:11:38,timeslice,0,0.0,0,0,0.0
1785431498.732,17:11:38,timeslice,1,0.0,0,0,0.0
1785431498.732,17:11:38,timeslice,2,0.0,0,0,0.0
1785431498.732,17:11:38,timeslice,3,0.0,0,0,0.0
1785431498.732,17:11:38,timeslice,4,0.0,0,0,0.0
1785431498.732,17:11:38,timeslice,5,0.0,0,0,0.0
1785431498.732,17:11:38,timeslice,6,0.0,0,0,0.0
1785431498.732,17:11:38,timeslice,7,0.0,0,0,0.0
1785431499.732,17:11:39,timeslice,0,0.0,0,0,0.0
1785431499.732,17:11:39,timeslice,1,0.0,0,0,0.0
1785431499.732,17:11:39,timeslice,2,0.0,0,0,0.0
1785431499.732,17:11:39,timeslice,3,0.0,0,0,0.0
1785431499.732,17:11:39,timeslice,4,0.0,0,0,0.0
1785431499.732,17:11:39,timeslice,5,0.0,0,0,0.0
1785431499.732,17:11:39,timeslice,6,0.0,0,0,0.0
1785431499.732,17:11:39,timeslice,7,0.0,0,0,0.0
1785431500.732,17:11:40,timeslice,0,0.0,0,0,0.0
1785431500.732,17:11:40,timeslice,1,0.0,0,0,0.0
1785431500.732,17:11:40,timeslice,2,0.0,0,0,0.0
1785431500.732,17:11:40,timeslice,3,0.0,0,0,0.0
1785431500.732,17:11:40,timeslice,4,0.0,0,0,0.0
1785431500.732,17:11:40,timeslice,5,0.0,0,0,0.0
1785431500.732,17:11:40,timeslice,6,0.0,0,0,0.0
1785431500.732,17:11:40,timeslice,7,0.0,0,0,0.0
1785431501.732,17:11:41,timeslice,0,0.0,0,0,0.0
1785431501.732,17:11:41,timeslice,1,0.0,0,0,0.0
1785431501.732,17:11:41,timeslice,2,0.0,0,0,0.0
1785431501.732,17:11:41,timeslice,3,0.0,0,0,0.0
1785431501.732,17:11:41,timeslice,4,0.0,0,0,0.0
1785431501.732,17:11:41,timeslice,5,0.0,0,0,0.0
1785431501.732,17:11:41,timeslice,6,0.0,0,0,0.0
1785431501.732,17:11:41,timeslice,7,0.0,0,0,0.0
1785431502.732,17:11:42,timeslice,0,0.0,0,0,0.0
1785431502.732,17:11:42,timeslice,1,0.0,0,0,0.0
1785431502.732,17:11:42,timeslice,2,0.0,0,0,0.0
1785431502.732,17:11:42,timeslice,3,0.0,0,0,0.0
1785431502.732,17:11:42,timeslice,4,0.0,0,0,0.0
1785431502.732,17:11:42,timeslice,5,0.0,0,0,0.0
1785431502.732,17:11:42,timeslice,6,0.0,0,0,0.0
1785431502.732,17:11:42,timeslice,7,0.0,0,0,0.0
1785431503.732,17:11:43,timeslice,0,0.0,0,0,0.0
1785431503.732,17:11:43,timeslice,1,0.0,0,0,0.0
1785431503.732,17:11:43,timeslice,2,0.0,0,0,0.0
1785431503.732,17:11:43,timeslice,3,0.0,0,0,0.0
1785431503.732,17:11:43,timeslice,4,0.0,0,0,0.0
1785431503.732,17:11:43,timeslice,5,0.0,0,0,0.0
1785431503.732,17:11:43,timeslice,6,0.0,0,0,0.0
1785431503.732,17:11:43,timeslice,7,0.0,0,0,0.0
1785431504.733,17:11:44,timeslice,0,0.0,0,0,0.0
1785431504.733,17:11:44,timeslice,1,0.0,0,0,0.0
1785431504.733,17:11:44,timeslice,2,0.0,0,0,0.0
1785431504.733,17:11:44,timeslice,3,0.0,0,0,0.0
1785431504.733,17:11:44,timeslice,4,0.0,0,0,0.0
1785431504.733,17:11:44,timeslice,5,0.0,0,0,0.0
1785431504.733,17:11:44,timeslice,6,0.0,0,0,0.0
1785431504.733,17:11:44,timeslice,7,0.0,0,0,0.0
1785431505.733,17:11:45,timeslice,0,0.0,0,0,0.0
1785431505.733,17:11:45,timeslice,1,0.0,0,0,0.0
1785431505.733,17:11:45,timeslice,2,0.0,0,0,0.0
1785431505.733,17:11:45,timeslice,3,0.0,0,0,0.0
1785431505.733,17:11:45,timeslice,4,0.0,0,0,0.0
1785431505.733,17:11:45,timeslice,5,0.0,0,0,0.0
1785431505.733,17:11:45,timeslice,6,0.0,0,0,0.0
1785431505.733,17:11:45,timeslice,7,0.0,0,0,0.0
1785431506.733,17:11:46,timeslice,0,0.0,0,0,0.0
1785431506.733,17:11:46,timeslice,1,0.0,0,0,0.0
1785431506.733,17:11:46,timeslice,2,0.0,0,0,0.0
1785431506.733,17:11:46,timeslice,3,0.0,0,0,0.0
1785431506.733,17:11:46,timeslice,4,0.0,0,0,0.0
1785431506.733,17:11:46,timeslice,5,0.0,0,0,0.0
1785431506.733,17:11:46,timeslice,6,0.0,0,0,0.0
1785431506.733,17:11:46,timeslice,7,0.0,0,0,0.0
1785431507.733,17:11:47,timeslice,0,0.0,0,0,0.0
1785431507.733,17:11:47,timeslice,1,0.0,0,0,0.0
1785431507.733,17:11:47,timeslice,2,0.0,0,0,0.0
1785431507.733,17:11:47,timeslice,3,0.0,0,0,0.0
1785431507.733,17:11:47,timeslice,4,0.0,0,0,0.0
1785431507.733,17:11:47,timeslice,5,0.0,0,0,0.0
1785431507.733,17:11:47,timeslice,6,0.0,0,0,0.0
1785431507.733,17:11:47,timeslice,7,0.0,0,0,0.0
1785431508.733,17:11:48,timeslice,0,0.0,0,0,0.0
1785431508.733,17:11:48,timeslice,1,0.0,0,0,0.0
1785431508.733,17:11:48,timeslice,2,0.0,0,0,0.0
1785431508.733,17:11:48,timeslice,3,0.0,0,0,0.0
1785431508.733,17:11:48,timeslice,4,0.0,0,0,0.0
1785431508.733,17:11:48,timeslice,5,0.0,0,0,0.0
1785431508.733,17:11:48,timeslice,6,0.0,0,0,0.0
1785431508.733,17:11:48,timeslice,7,0.0,0,0,0.0
1785431509.737,17:11:49,timeslice,0,0.0,0,0,0.0
1785431509.737,17:11:49,timeslice,1,0.0,0,0,0.0
1785431509.737,17:11:49,timeslice,2,0.0,0,0,0.0
1785431509.737,17:11:49,timeslice,3,0.0,0,0,0.0
1785431509.737,17:11:49,timeslice,4,0.0,0,0,0.0
1785431509.737,17:11:49,timeslice,5,0.0,0,0,0.0
1785431509.737,17:11:49,timeslice,6,0.0,0,0,0.0
1785431509.737,17:11:49,timeslice,7,0.0,0,0,0.0
1785431510.737,17:11:50,timeslice,0,0.0,0,0,0.0
1785431510.737,17:11:50,timeslice,1,0.0,0,0,0.0
1785431510.737,17:11:50,timeslice,2,0.0,0,0,0.0
1785431510.737,17:11:50,timeslice,3,0.0,0,0,0.0
1785431510.737,17:11:50,timeslice,4,0.0,0,0,0.0
1785431510.737,17:11:50,timeslice,5,0.0,0,0,0.0
1785431510.737,17:11:50,timeslice,6,0.0,0,0,0.0
1785431510.737,17:11:50,timeslice,7,0.0,0,0,0.0
1785431511.737,17:11:51,timeslice,0,0.0,0,0,0.0
1785431511.737,17:11:51,timeslice,1,0.0,0,0,0.0
1785431511.737,17:11:51,timeslice,2,0.0,0,0,0.0
1785431511.737,17:11:51,timeslice,3,0.0,0,0,0.0
1785431511.737,17:11:51,timeslice,4,0.0,0,0,0.0
1785431511.737,17:11:51,timeslice,5,0.0,0,0,0.0
1785431511.737,17:11:51,timeslice,6,0.0,0,0,0.0
1785431511.737,17:11:51,timeslice,7,0.0,0,0,0.0
1785431512.737,17:11:52,timeslice,0,0.0,0,0,0.0
1785431512.737,17:11:52,timeslice,1,0.0,0,0,0.0
1785431512.737,17:11:52,timeslice,2,0.0,0,0,0.0
1785431512.737,17:11:52,timeslice,3,0.0,0,0,0.0
1785431512.737,17:11:52,timeslice,4,0.0,0,0,0.0
1785431512.737,17:11:52,timeslice,5,0.0,0,0,0.0
1785431512.737,17:11:52,timeslice,6,0.0,0,0,0.0
1785431512.737,17:11:52,timeslice,7,0.0,0,0,0.0
1785431513.737,17:11:53,timeslice,0,0.0,0,0,0.0
1785431513.737,17:11:53,timeslice,1,0.0,0,0,0.0
1785431513.737,17:11:53,timeslice,2,0.0,0,0,0.0
1785431513.737,17:11:53,timeslice,3,0.0,0,0,0.0
1785431513.737,17:11:53,timeslice,4,0.0,0,0,0.0
1785431513.737,17:11:53,timeslice,5,0.0,0,0,0.0
1785431513.737,17:11:53,timeslice,6,0.0,0,0,0.0
1785431513.737,17:11:53,timeslice,7,0.0,0,0,0.0
1785431514.737,17:11:54,timeslice,0,0.0,0,0,0.0
1785431514.737,17:11:54,timeslice,1,0.0,0,0,0.0
1785431514.737,17:11:54,timeslice,2,0.0,0,0,0.0
1785431514.737,17:11:54,timeslice,3,0.0,0,0,0.0
1785431514.737,17:11:54,timeslice,4,0.0,0,0,0.0
1785431514.737,17:11:54,timeslice,5,0.0,0,0,0.0
1785431514.737,17:11:54,timeslice,6,0.0,0,0,0.0
1785431514.737,17:11:54,timeslice,7,0.0,0,0,0.0
1785431515.738,17:11:55,timeslice,0,0.0,0,0,0.0
1785431515.738,17:11:55,timeslice,1,0.0,0,0,0.0
1785431515.738,17:11:55,timeslice,2,0.0,0,0,0.0
1785431515.738,17:11:55,timeslice,3,0.0,0,0,0.0
1785431515.738,17:11:55,timeslice,4,0.0,0,0,0.0
1785431515.738,17:11:55,timeslice,5,0.0,0,0,0.0
1785431515.738,17:11:55,timeslice,6,0.0,0,0,0.0
1785431515.738,17:11:55,timeslice,7,0.0,0,0,0.0
1785431516.738,17:11:56,timeslice,0,0.0,0,0,0.0
1785431516.738,17:11:56,timeslice,1,0.0,0,0,0.0
1785431516.738,17:11:56,timeslice,2,0.0,0,0,0.0
1785431516.738,17:11:56,timeslice,3,0.0,0,0,0.0
1785431516.738,17:11:56,timeslice,4,0.0,0,0,0.0
1785431516.738,17:11:56,timeslice,5,0.0,0,0,0.0
1785431516.738,17:11:56,timeslice,6,0.0,0,0,0.0
1785431516.738,17:11:56,timeslice,7,0.0,0,0,0.0
1785431517.738,17:11:57,timeslice,0,0.0,0,0,0.0
1785431517.738,17:11:57,timeslice,1,0.0,0,0,0.0
1785431517.738,17:11:57,timeslice,2,0.0,0,0,0.0
1785431517.738,17:11:57,timeslice,3,0.0,0,0,0.0
1785431517.738,17:11:57,timeslice,4,0.0,0,0,0.0
1785431517.738,17:11:57,timeslice,5,0.0,0,0,0.0
1785431517.738,17:11:57,timeslice,6,0.0,0,0,0.0
1785431517.738,17:11:57,timeslice,7,0.0,0,0,0.0
1785431518.738,17:11:58,timeslice,0,0.0,0,0,0.0
1785431518.738,17:11:58,timeslice,1,0.0,0,0,0.0
1785431518.738,17:11:58,timeslice,2,0.0,0,0,0.0
1785431518.738,17:11:58,timeslice,3,0.0,0,0,0.0
1785431518.738,17:11:58,timeslice,4,0.0,0,0,0.0
1785431518.738,17:11:58,timeslice,5,0.0,0,0,0.0
1785431518.738,17:11:58,timeslice,6,0.0,0,0,0.0
1785431518.738,17:11:58,timeslice,7,0.0,0,0,0.0
1785431519.738,17:11:59,timeslice,0,0.0,0,0,0.0
1785431519.738,17:11:59,timeslice,1,0.0,0,0,0.0
1785431519.738,17:11:59,timeslice,2,0.0,0,0,0.0
1785431519.738,17:11:59,timeslice,3,0.0,0,0,0.0
1785431519.738,17:11:59,timeslice,4,0.0,0,0,0.0
1785431519.738,17:11:59,timeslice,5,0.0,0,0,0.0
1785431519.738,17:11:59,timeslice,6,0.0,0,0,0.0
1785431519.738,17:11:59,timeslice,7,0.0,0,0,0.0
1785431520.738,17:12:00,timeslice,0,0.0,0,0,0.0
1785431520.738,17:12:00,timeslice,1,0.0,0,0,0.0
1785431520.738,17:12:00,timeslice,2,0.0,0,0,0.0
1785431520.738,17:12:00,timeslice,3,0.0,0,0,0.0
1785431520.738,17:12:00,timeslice,4,0.0,0,0,0.0
1785431520.738,17:12:00,timeslice,5,0.0,0,0,0.0
1785431520.738,17:12:00,timeslice,6,0.0,0,0,0.0
1785431520.738,17:12:00,timeslice,7,0.0,0,0,0.0
1785431521.738,17:12:01,timeslice,0,0.0,0,0,0.0
1785431521.738,17:12:01,timeslice,1,0.0,0,0,0.0
1785431521.738,17:12:01,timeslice,2,0.0,0,0,0.0
1785431521.738,17:12:01,timeslice,3,0.0,0,0,0.0
1785431521.738,17:12:01,timeslice,4,0.0,0,0,0.0
1785431521.738,17:12:01,timeslice,5,0.0,0,0,0.0
1785431521.738,17:12:01,timeslice,6,0.0,0,0,0.0
1785431521.738,17:12:01,timeslice,7,0.0,0,0,0.0
1785431522.738,17:12:02,timeslice,0,0.0,0,0,0.0
1785431522.738,17:12:02,timeslice,1,0.0,0,0,0.0
1785431522.738,17:12:02,timeslice,2,0.0,0,0,0.0
1785431522.738,17:12:02,timeslice,3,0.0,0,0,0.0
1785431522.738,17:12:02,timeslice,4,0.0,0,0,0.0
1785431522.738,17:12:02,timeslice,5,0.0,0,0,0.0
1785431522.738,17:12:02,timeslice,6,0.0,0,0,0.0
1785431522.738,17:12:02,timeslice,7,0.0,0,0,0.0
1785431523.739,17:12:03,timeslice,0,0.0,0,0,0.0
1785431523.739,17:12:03,timeslice,1,0.0,0,0,0.0
1785431523.739,17:12:03,timeslice,2,0.0,0,0,0.0
1785431523.739,17:12:03,timeslice,3,0.0,0,0,0.0
1785431523.739,17:12:03,timeslice,4,0.0,0,0,0.0
1785431523.739,17:12:03,timeslice,5,0.0,0,0,0.0
1785431523.739,17:12:03,timeslice,6,0.0,0,0,0.0
1785431523.739,17:12:03,timeslice,7,0.0,0,0,0.0
1785431524.739,17:12:04,timeslice,0,0.0,0,0,0.0
1785431524.739,17:12:04,timeslice,1,0.0,0,0,0.0
1785431524.739,17:12:04,timeslice,2,0.0,0,0,0.0
1785431524.739,17:12:04,timeslice,3,0.0,0,0,0.0
1785431524.739,17:12:04,timeslice,4,0.0,0,0,0.0
1785431524.739,17:12:04,timeslice,5,0.0,0,0,0.0
1785431524.739,17:12:04,timeslice,6,0.0,0,0,0.0
1785431524.739,17:12:04,timeslice,7,0.0,0,0,0.0
1785431525.739,17:12:05,timeslice,0,0.0,0,0,0.0
1785431525.739,17:12:05,timeslice,1,0.0,0,0,0.0
1785431525.739,17:12:05,timeslice,2,0.0,0,0,0.0
1785431525.739,17:12:05,timeslice,3,0.0,0,0,0.0
1785431525.739,17:12:05,timeslice,4,0.0,0,0,0.0
1785431525.739,17:12:05,timeslice,5,0.0,0,0,0.0
1785431525.739,17:12:05,timeslice,6,0.0,0,0,0.0
1785431525.739,17:12:05,timeslice,7,0.0,0,0,0.0
1785431526.739,17:12:06,timeslice,0,0.0,0,0,0.0
1785431526.739,17:12:06,timeslice,1,0.0,0,0,0.0
1785431526.739,17:12:06,timeslice,2,0.0,0,0,0.0
1785431526.739,17:12:06,timeslice,3,0.0,0,0,0.0
1785431526.739,17:12:06,timeslice,4,0.0,0,0,0.0
1785431526.739,17:12:06,timeslice,5,0.0,0,0,0.0
1785431526.739,17:12:06,timeslice,6,0.0,0,0,0.0
1785431526.739,17:12:06,timeslice,7,0.0,0,0,0.0
1785431527.739,17:12:07,timeslice,0,0.0,0,0,0.0
1785431527.739,17:12:07,timeslice,1,0.0,0,0,0.0
1785431527.739,17:12:07,timeslice,2,0.0,0,0,0.0
1785431527.739,17:12:07,timeslice,3,0.0,0,0,0.0
1785431527.739,17:12:07,timeslice,4,0.0,0,0,0.0
1785431527.739,17:12:07,timeslice,5,0.0,0,0,0.0
1785431527.739,17:12:07,timeslice,6,0.0,0,0,0.0
1785431527.739,17:12:07,timeslice,7,0.0,0,0,0.0
1785431528.739,17:12:08,timeslice,0,0.0,0,0,0.0
1785431528.739,17:12:08,timeslice,1,0.0,0,0,0.0
1785431528.739,17:12:08,timeslice,2,0.0,0,0,0.0
1785431528.739,17:12:08,timeslice,3,0.0,0,0,0.0
1785431528.739,17:12:08,timeslice,4,0.0,0,0,0.0
1785431528.739,17:12:08,timeslice,5,0.0,0,0,0.0
1785431528.739,17:12:08,timeslice,6,0.0,0,0,0.0
1785431528.739,17:12:08,timeslice,7,0.0,0,0,0.0
1785431529.739,17:12:09,timeslice,0,0.0,0,0,0.0
1785431529.739,17:12:09,timeslice,1,0.0,0,0,0.0
1785431529.739,17:12:09,timeslice,2,0.0,0,0,0.0
1785431529.739,17:12:09,timeslice,3,0.0,0,0,0.0
1785431529.739,17:12:09,timeslice,4,0.0,0,0,0.0
1785431529.739,17:12:09,timeslice,5,0.0,0,0,0.0
1785431529.739,17:12:09,timeslice,6,0.0,0,0,0.0
1785431529.739,17:12:09,timeslice,7,0.0,0,0,0.0
1785431530.739,17:12:10,timeslice,0,0.0,0,0,0.0
1785431530.739,17:12:10,timeslice,1,0.0,0,0,0.0
1785431530.739,17:12:10,timeslice,2,0.0,0,0,0.0
1785431530.739,17:12:10,timeslice,3,0.0,0,0,0.0
1785431530.739,17:12:10,timeslice,4,0.0,0,0,0.0
1785431530.739,17:12:10,timeslice,5,0.0,0,0,0.0
1785431530.739,17:12:10,timeslice,6,0.0,0,0,0.0
1785431530.739,17:12:10,timeslice,7,0.0,0,0,0.0
1785431531.74,17:12:11,timeslice,0,0.0,0,0,0.0
1785431531.74,17:12:11,timeslice,1,0.0,0,0,0.0
1785431531.74,17:12:11,timeslice,2,0.0,0,0,0.0
1785431531.74,17:12:11,timeslice,3,0.0,0,0,0.0
1785431531.74,17:12:11,timeslice,4,0.0,0,0,0.0
1785431531.74,17:12:11,timeslice,5,0.0,0,0,0.0
1785431531.74,17:12:11,timeslice,6,0.0,0,0,0.0
1785431531.74,17:12:11,timeslice,7,0.0,0,0,0.0
1785431532.74,17:12:12,timeslice,0,0.0,0,0,0.0
1785431532.74,17:12:12,timeslice,1,0.0,0,0,0.0
1785431532.74,17:12:12,timeslice,2,0.0,0,0,0.0
1785431532.74,17:12:12,timeslice,3,0.0,0,0,0.0
1785431532.74,17:12:12,timeslice,4,0.0,0,0,0.0
1785431532.74,17:12:12,timeslice,5,0.0,0,0,0.0
1785431532.74,17:12:12,timeslice,6,0.0,0,0,0.0
1785431532.74,17:12:12,timeslice,7,0.0,0,0,0.0
1785431533.74,17:12:13,timeslice,0,0.0,0,0,0.0
1785431533.74,17:12:13,timeslice,1,0.0,0,0,0.0
1785431533.74,17:12:13,timeslice,2,0.0,0,0,0.0
1785431533.74,17:12:13,timeslice,3,0.0,0,0,0.0
1785431533.74,17:12:13,timeslice,4,0.0,0,0,0.0
1785431533.74,17:12:13,timeslice,5,0.0,0,0,0.0
1785431533.74,17:12:13,timeslice,6,0.0,0,0,0.0
1785431533.74,17:12:13,timeslice,7,0.0,0,0,0.0
1785431534.74,17:12:14,timeslice,0,0.0,0,0,0.0
1785431534.74,17:12:14,timeslice,1,0.0,0,0,0.0
1785431534.74,17:12:14,timeslice,2,0.0,0,0,0.0
1785431534.74,17:12:14,timeslice,3,0.0,0,0,0.0
1785431534.74,17:12:14,timeslice,4,0.0,0,0,0.0
1785431534.74,17:12:14,timeslice,5,0.0,0,0,0.0
1785431534.74,17:12:14,timeslice,6,0.0,0,0,0.0
1785431534.74,17:12:14,timeslice,7,0.0,0,0,0.0
1785431535.74,17:12:15,timeslice,0,0.0,0,0,0.0
1785431535.74,17:12:15,timeslice,1,0.0,0,0,0.0
1785431535.74,17:12:15,timeslice,2,0.0,0,0,0.0
1785431535.74,17:12:15,timeslice,3,0.0,0,0,0.0
1785431535.74,17:12:15,timeslice,4,0.0,0,0,0.0
1785431535.74,17:12:15,timeslice,5,0.0,0,0,0.0
1785431535.74,17:12:15,timeslice,6,0.0,0,0,0.0
1785431535.74,17:12:15,timeslice,7,0.0,0,0,0.0
1785431536.74,17:12:16,timeslice,0,0.0,0,0,0.0
1785431536.74,17:12:16,timeslice,1,0.0,0,0,0.0
1785431536.74,17:12:16,timeslice,2,0.0,0,0,0.0
1785431536.74,17:12:16,timeslice,3,0.0,0,0,0.0
1785431536.74,17:12:16,timeslice,4,0.0,0,0,0.0
1785431536.74,17:12:16,timeslice,5,0.0,0,0,0.0
1785431536.74,17:12:16,timeslice,6,0.0,0,0,0.0
1785431536.74,17:12:16,timeslice,7,0.0,0,0,0.0
1785431537.74,17:12:17,timeslice,0,0.0,0,0,0.0
1785431537.74,17:12:17,timeslice,1,0.0,0,0,0.0
1785431537.74,17:12:17,timeslice,2,0.0,0,0,0.0
1785431537.74,17:12:17,timeslice,3,0.0,0,0,0.0
1785431537.74,17:12:17,timeslice,4,0.0,0,0,0.0
1785431537.74,17:12:17,timeslice,5,0.0,0,0,0.0
1785431537.74,17:12:17,timeslice,6,0.0,0,0,0.0
1785431537.74,17:12:17,timeslice,7,0.0,0,0,0.0
1785431538.74,17:12:18,timeslice,0,0.0,0,0,0.0
1785431538.74,17:12:18,timeslice,1,0.0,0,0,0.0
1785431538.74,17:12:18,timeslice,2,0.0,0,0,0.0
1785431538.74,17:12:18,timeslice,3,0.0,0,0,0.0
1785431538.74,17:12:18,timeslice,4,0.0,0,0,0.0
1785431538.74,17:12:18,timeslice,5,0.0,0,0,0.0
1785431538.74,17:12:18,timeslice,6,0.0,0,0,0.0
1785431538.74,17:12:18,timeslice,7,0.0,0,0,0.0
1785431539.741,17:12:19,timeslice,0,0.0,0,0,0.0
1785431539.741,17:12:19,timeslice,1,0.0,0,0,0.0
1785431539.741,17:12:19,timeslice,2,0.0,0,0,0.0
1785431539.741,17:12:19,timeslice,3,0.0,0,0,0.0
1785431539.741,17:12:19,timeslice,4,0.0,0,0,0.0
1785431539.741,17:12:19,timeslice,5,0.0,0,0,0.0
1785431539.741,17:12:19,timeslice,6,0.0,0,0,0.0
1785431539.741,17:12:19,timeslice,7,0.0,0,0,0.0
1785431540.741,17:12:20,timeslice,0,0.0,0,0,0.0
1785431540.741,17:12:20,timeslice,1,0.0,0,0,0.0
1785431540.741,17:12:20,timeslice,2,0.0,0,0,0.0
1785431540.741,17:12:20,timeslice,3,0.0,0,0,0.0
1785431540.741,17:12:20,timeslice,4,0.0,0,0,0.0
1785431540.741,17:12:20,timeslice,5,0.0,0,0,0.0
1785431540.741,17:12:20,timeslice,6,0.0,0,0,0.0
1785431540.741,17:12:20,timeslice,7,0.0,0,0,0.0
1785431541.741,17:12:21,timeslice,0,0.0,0,0,0.0
1785431541.741,17:12:21,timeslice,1,0.0,0,0,0.0
1785431541.741,17:12:21,timeslice,2,0.0,0,0,0.0
1785431541.741,17:12:21,timeslice,3,0.0,0,0,0.0
1785431541.741,17:12:21,timeslice,4,0.0,0,0,0.0
1785431541.741,17:12:21,timeslice,5,0.0,0,0,0.0
1785431541.741,17:12:21,timeslice,6,0.0,0,0,0.0
1785431541.741,17:12:21,timeslice,7,0.0,0,0,0.0
1785431542.741,17:12:22,timeslice,0,0.0,0,0,0.0
1785431542.741,17:12:22,timeslice,1,0.0,0,0,0.0
1785431542.741,17:12:22,timeslice,2,0.0,0,0,0.0
1785431542.741,17:12:22,timeslice,3,0.0,0,0,0.0
1785431542.741,17:12:22,timeslice,4,0.0,0,0,0.0
1785431542.741,17:12:22,timeslice,5,0.0,0,0,0.0
1785431542.741,17:12:22,timeslice,6,0.0,0,0,0.0
1785431542.741,17:12:22,timeslice,7,0.0,0,0,0.0
1785431543.741,17:12:23,timeslice,0,0.0,0,0,0.0
1785431543.741,17:12:23,timeslice,1,0.0,0,0,0.0
1785431543.741,17:12:23,timeslice,2,0.0,0,0,0.0
1785431543.741,17:12:23,timeslice,3,0.0,0,0,0.0
1785431543.741,17:12:23,timeslice,4,0.0,0,0,0.0
1785431543.741,17:12:23,timeslice,5,0.0,0,0,0.0
1785431543.741,17:12:23,timeslice,6,0.0,0,0,0.0
1785431543.741,17:12:23,timeslice,7,0.0,0,0,0.0
1785431544.741,17:12:24,timeslice,0,0.0,0,0,0.0
1785431544.741,17:12:24,timeslice,1,0.0,0,0,0.0
1785431544.741,17:12:24,timeslice,2,0.0,0,0,0.0
1785431544.741,17:12:24,timeslice,3,0.0,0,0,0.0
1785431544.741,17:12:24,timeslice,4,0.0,0,0,0.0
1785431544.741,17:12:24,timeslice,5,0.0,0,0,0.0
1785431544.741,17:12:24,timeslice,6,0.0,0,0,0.0
1785431544.741,17:12:24,timeslice,7,0.0,0,0,0.0
1785431545.741,17:12:25,timeslice,0,0.0,0,0,0.0
1785431545.741,17:12:25,timeslice,1,0.0,0,0,0.0
1785431545.741,17:12:25,timeslice,2,0.0,0,0,0.0
1785431545.741,17:12:25,timeslice,3,0.0,0,0,0.0
1785431545.741,17:12:25,timeslice,4,0.0,0,0,0.0
1785431545.741,17:12:25,timeslice,5,0.0,0,0,0.0
1785431545.741,17:12:25,timeslice,6,0.0,0,0,0.0
1785431545.741,17:12:25,timeslice,7,0.0,0,0,0.0
1785431546.741,17:12:26,timeslice,0,0.0,0,0,0.0
1785431546.741,17:12:26,timeslice,1,0.0,0,0,0.0
1785431546.741,17:12:26,timeslice,2,0.0,0,0,0.0
1785431546.741,17:12:26,timeslice,3,0.0,0,0,0.0
1785431546.741,17:12:26,timeslice,4,0.0,0,0,0.0
1785431546.741,17:12:26,timeslice,5,0.0,0,0,0.0
1785431546.741,17:12:26,timeslice,6,0.0,0,0,0.0
1785431546.741,17:12:26,timeslice,7,0.0,0,0,0.0
1785431547.742,17:12:27,timeslice,0,0.0,0,0,0.0
1785431547.742,17:12:27,timeslice,1,0.0,0,0,0.0
1785431547.742,17:12:27,timeslice,2,0.0,0,0,0.0
1785431547.742,17:12:27,timeslice,3,0.0,0,0,0.0
1785431547.742,17:12:27,timeslice,4,0.0,0,0,0.0
1785431547.742,17:12:27,timeslice,5,0.0,0,0,0.0
1785431547.742,17:12:27,timeslice,6,0.0,0,0,0.0
1785431547.742,17:12:27,timeslice,7,0.0,0,0,0.0
1785431548.742,17:12:28,timeslice,0,0.0,0,0,0.0
1785431548.742,17:12:28,timeslice,1,0.0,0,0,0.0
1785431548.742,17:12:28,timeslice,2,0.0,0,0,0.0
1785431548.742,17:12:28,timeslice,3,0.0,0,0,0.0
1785431548.742,17:12:28,timeslice,4,0.0,0,0,0.0
1785431548.742,17:12:28,timeslice,5,0.0,0,0,0.0
1785431548.742,17:12:28,timeslice,6,0.0,0,0,0.0
1785431548.742,17:12:28,timeslice,7,0.0,0,0,0.0
1785431549.742,17:12:29,timeslice,0,0.0,0,0,0.0
1785431549.742,17:12:29,timeslice,1,0.0,0,0,0.0
1785431549.742,17:12:29,timeslice,2,0.0,0,0,0.0
1785431549.742,17:12:29,timeslice,3,0.0,0,0,0.0
1785431549.742,17:12:29,timeslice,4,0.0,0,0,0.0
1785431549.742,17:12:29,timeslice,5,0.0,0,0,0.0
1785431549.742,17:12:29,timeslice,6,0.0,0,0,0.0
1785431549.742,17:12:29,timeslice,7,0.0,0,0,0.0
1785431550.742,17:12:30,timeslice,0,0.0,0,0,0.0
1785431550.742,17:12:30,timeslice,1,0.0,0,0,0.0
1785431550.742,17:12:30,timeslice,2,0.0,0,0,0.0
1785431550.742,17:12:30,timeslice,3,0.0,0,0,0.0
1785431550.742,17:12:30,timeslice,4,0.0,0,0,0.0
1785431550.742,17:12:30,timeslice,5,0.0,0,0,0.0
1785431550.742,17:12:30,timeslice,6,0.0,0,0,0.0
1785431550.742,17:12:30,timeslice,7,0.0,0,0,0.0
1785431551.742,17:12:31,timeslice,0,0.0,0,0,0.0
1785431551.742,17:12:31,timeslice,1,0.0,0,0,0.0
1785431551.742,17:12:31,timeslice,2,0.0,0,0,0.0
1785431551.742,17:12:31,timeslice,3,0.0,0,0,0.0
1785431551.742,17:12:31,timeslice,4,0.0,0,0,0.0
1785431551.742,17:12:31,timeslice,5,0.0,0,0,0.0
1785431551.742,17:12:31,timeslice,6,0.0,0,0,0.0
1785431551.742,17:12:31,timeslice,7,0.0,0,0,0.0
1785431552.742,17:12:32,timeslice,0,0.0,0,0,0.0
1785431552.742,17:12:32,timeslice,1,0.0,0,0,0.0
1785431552.742,17:12:32,timeslice,2,0.0,0,0,0.0
1785431552.742,17:12:32,timeslice,3,0.0,0,0,0.0
1785431552.742,17:12:32,timeslice,4,0.0,0,0,0.0
1785431552.742,17:12:32,timeslice,5,0.0,0,0,0.0
1785431552.742,17:12:32,timeslice,6,0.0,0,0,0.0
1785431552.742,17:12:32,timeslice,7,0.0,0,0,0.0
1785431553.742,17:12:33,timeslice,0,0.0,0,0,0.0
1785431553.742,17:12:33,timeslice,1,0.0,0,0,0.0
1785431553.742,17:12:33,timeslice,2,0.0,0,0,0.0
1785431553.742,17:12:33,timeslice,3,0.0,0,0,0.0
1785431553.742,17:12:33,timeslice,4,0.0,0,0,0.0
1785431553.742,17:12:33,timeslice,5,0.0,0,0,0.0
1785431553.742,17:12:33,timeslice,6,0.0,0,0,0.0
1785431553.742,17:12:33,timeslice,7,0.0,0,0,0.0
1785431554.742,17:12:34,timeslice,0,0.0,0,0,0.0
1785431554.742,17:12:34,timeslice,1,0.0,0,0,0.0
1785431554.742,17:12:34,timeslice,2,0.0,0,0,0.0
1785431554.742,17:12:34,timeslice,3,0.0,0,0,0.0
1785431554.742,17:12:34,timeslice,4,0.0,0,0,0.0
1785431554.742,17:12:34,timeslice,5,0.0,0,0,0.0
1785431554.742,17:12:34,timeslice,6,0.0,0,0,0.0
1785431554.742,17:12:34,timeslice,7,0.0,0,0,0.0
1785431555.742,17:12:35,timeslice,0,0.0,0,0,0.0
1785431555.742,17:12:35,timeslice,1,0.0,0,0,0.0
1785431555.742,17:12:35,timeslice,2,0.0,0,0,0.0
1785431555.742,17:12:35,timeslice,3,0.0,0,0,0.0
1785431555.742,17:12:35,timeslice,4,0.0,0,0,0.0
1785431555.742,17:12:35,timeslice,5,0.0,0,0,0.0
1785431555.742,17:12:35,timeslice,6,0.0,0,0,0.0
1785431555.742,17:12:35,timeslice,7,0.0,0,0,0.0
1785431556.743,17:12:36,timeslice,0,0.0,0,0,0.0
1785431556.743,17:12:36,timeslice,1,0.0,0,0,0.0
1785431556.743,17:12:36,timeslice,2,0.0,0,0,0.0
1785431556.743,17:12:36,timeslice,3,0.0,0,0,0.0
1785431556.743,17:12:36,timeslice,4,0.0,0,0,0.0
1785431556.743,17:12:36,timeslice,5,0.0,0,0,0.0
1785431556.743,17:12:36,timeslice,6,0.0,0,0,0.0
1785431556.743,17:12:36,timeslice,7,0.0,0,0,0.0
1785431557.743,17:12:37,timeslice,0,0.0,0,0,0.0
1785431557.743,17:12:37,timeslice,1,0.0,0,0,0.0
1785431557.743,17:12:37,timeslice,2,0.0,0,0,0.0
1785431557.743,17:12:37,timeslice,3,0.0,0,0,0.0
1785431557.743,17:12:37,timeslice,4,0.0,0,0,0.0
1785431557.743,17:12:37,timeslice,5,0.0,0,0,0.0
1785431557.743,17:12:37,timeslice,6,0.0,0,0,0.0
1785431557.743,17:12:37,timeslice,7,0.0,0,0,0.0
1785431558.743,17:12:38,timeslice,0,0.0,0,0,0.0
1785431558.743,17:12:38,timeslice,1,0.0,0,0,0.0
1785431558.743,17:12:38,timeslice,2,0.0,0,0,0.0
1785431558.743,17:12:38,timeslice,3,0.0,0,0,0.0
1785431558.743,17:12:38,timeslice,4,0.0,0,0,0.0
1785431558.743,17:12:38,timeslice,5,0.0,0,0,0.0
1785431558.743,17:12:38,timeslice,6,0.0,0,0,0.0
1785431558.743,17:12:38,timeslice,7,0.0,0,0,0.0
1785431559.743,17:12:39,timeslice,0,0.0,0,0,0.0
1785431559.743,17:12:39,timeslice,1,0.0,0,0,0.0
1785431559.743,17:12:39,timeslice,2,0.0,0,0,0.0
1785431559.743,17:12:39,timeslice,3,0.0,0,0,0.0
1785431559.743,17:12:39,timeslice,4,0.0,0,0,0.0
1785431559.743,17:12:39,timeslice,5,0.0,0,0,0.0
1785431559.743,17:12:39,timeslice,6,0.0,0,0,0.0
1785431559.743,17:12:39,timeslice,7,0.0,0,0,0.0
1785431560.743,17:12:40,timeslice,0,0.0,0,0,0.0
1785431560.743,17:12:40,timeslice,1,0.0,0,0,0.0
1785431560.743,17:12:40,timeslice,2,0.0,0,0,0.0
1785431560.743,17:12:40,timeslice,3,0.0,0,0,0.0
1785431560.743,17:12:40,timeslice,4,0.0,0,0,0.0
1785431560.743,17:12:40,timeslice,5,0.0,0,0,0.0
1785431560.743,17:12:40,timeslice,6,0.0,0,0,0.0
1785431560.743,17:12:40,timeslice,7,0.0,0,0,0.0
1785431561.743,17:12:41,timeslice,0,0.0,0,0,0.0
1785431561.743,17:12:41,timeslice,1,0.0,0,0,0.0
1785431561.743,17:12:41,timeslice,2,0.0,0,0,0.0
1785431561.743,17:12:41,timeslice,3,0.0,0,0,0.0
1785431561.743,17:12:41,timeslice,4,0.0,0,0,0.0
1785431561.743,17:12:41,timeslice,5,0.0,0,0,0.0
1785431561.743,17:12:41,timeslice,6,0.0,0,0,0.0
1785431561.743,17:12:41,timeslice,7,0.0,0,0,0.0
1785431562.743,17:12:42,timeslice,0,0.0,0,0,0.0
1785431562.743,17:12:42,timeslice,1,0.0,0,0,0.0
1785431562.743,17:12:42,timeslice,2,0.0,0,0,0.0
1785431562.743,17:12:42,timeslice,3,0.0,0,0,0.0
1785431562.743,17:12:42,timeslice,4,0.0,0,0,0.0
1785431562.743,17:12:42,timeslice,5,0.0,0,0,0.0
1785431562.743,17:12:42,timeslice,6,0.0,0,0,0.0
1785431562.743,17:12:42,timeslice,7,0.0,0,0,0.0
1785431563.743,17:12:43,timeslice,0,0.0,0,0,0.0
1785431563.743,17:12:43,timeslice,1,0.0,0,0,0.0
1785431563.743,17:12:43,timeslice,2,0.0,0,0,0.0
1785431563.743,17:12:43,timeslice,3,0.0,0,0,0.0
1785431563.743,17:12:43,timeslice,4,0.0,0,0,0.0
1785431563.743,17:12:43,timeslice,5,0.0,0,0,0.0
1785431563.743,17:12:43,timeslice,6,0.0,0,0,0.0
1785431563.743,17:12:43,timeslice,7,0.0,0,0,0.0
1785431564.743,17:12:44,timeslice,0,0.0,0,0,0.0
1785431564.743,17:12:44,timeslice,1,0.0,0,0,0.0
1785431564.743,17:12:44,timeslice,2,0.0,0,0,0.0
1785431564.743,17:12:44,timeslice,3,0.0,0,0,0.0
1785431564.743,17:12:44,timeslice,4,0.0,0,0,0.0
1785431564.743,17:12:44,timeslice,5,0.0,0,0,0.0
1785431564.743,17:12:44,timeslice,6,0.0,0,0,0.0
1785431564.743,17:12:44,timeslice,7,0.0,0,0,0.0
1785431565.744,17:12:45,timeslice,0,0.0,0,0,0.0
1785431565.744,17:12:45,timeslice,1,0.0,0,0,0.0
1785431565.744,17:12:45,timeslice,2,0.0,0,0,0.0
1785431565.744,17:12:45,timeslice,3,0.0,0,0,0.0
1785431565.744,17:12:45,timeslice,4,0.0,0,0,0.0
1785431565.744,17:12:45,timeslice,5,0.0,0,0,0.0
1785431565.744,17:12:45,timeslice,6,0.0,0,0,0.0
1785431565.744,17:12:45,timeslice,7,0.0,0,0,0.0
1785431566.744,17:12:46,timeslice,0,0.0,0,0,0.0
1785431566.744,17:12:46,timeslice,1,0.0,0,0,0.0
1785431566.744,17:12:46,timeslice,2,0.0,0,0,0.0
1785431566.744,17:12:46,timeslice,3,0.0,0,0,0.0
1785431566.744,17:12:46,timeslice,4,0.0,0,0,0.0
1785431566.744,17:12:46,timeslice,5,0.0,0,0,0.0
1785431566.744,17:12:46,timeslice,6,0.0,0,0,0.0
1785431566.744,17:12:46,timeslice,7,0.0,0,0,0.0
1785431567.744,17:12:47,timeslice,0,0.0,0,0,0.0
1785431567.744,17:12:47,timeslice,1,0.0,0,0,0.0
1785431567.744,17:12:47,timeslice,2,0.0,0,0,0.0
1785431567.744,17:12:47,timeslice,3,0.0,0,0,0.0
1785431567.744,17:12:47,timeslice,4,0.0,0,0,0.0
1785431567.744,17:12:47,timeslice,5,0.0,0,0,0.0
1785431567.744,17:12:47,timeslice,6,0.0,0,0,0.0
1785431567.744,17:12:47,timeslice,7,0.0,0,0,0.0
1785431568.744,17:12:48,timeslice,0,0.0,0,0,0.0
1785431568.744,17:12:48,timeslice,1,0.0,0,0,0.0
1785431568.744,17:12:48,timeslice,2,0.0,0,0,0.0
1785431568.744,17:12:48,timeslice,3,0.0,0,0,0.0
1785431568.744,17:12:48,timeslice,4,0.0,0,0,0.0
1785431568.744,17:12:48,timeslice,5,0.0,0,0,0.0
1785431568.744,17:12:48,timeslice,6,0.0,0,0,0.0
1785431568.744,17:12:48,timeslice,7,0.0,0,0,0.0
1785431569.744,17:12:49,timeslice,0,0.0,0,0,0.0
1785431569.744,17:12:49,timeslice,1,0.0,0,0,0.0
1785431569.744,17:12:49,timeslice,2,0.0,0,0,0.0
1785431569.744,17:12:49,timeslice,3,0.0,0,0,0.0
1785431569.744,17:12:49,timeslice,4,0.0,0,0,0.0
1785431569.744,17:12:49,timeslice,5,0.0,0,0,0.0
1785431569.744,17:12:49,timeslice,6,0.0,0,0,0.0
1785431569.744,17:12:49,timeslice,7,0.0,0,0,0.0
1785431570.744,17:12:50,timeslice,0,0.0,0,0,0.0
1785431570.744,17:12:50,timeslice,1,0.0,0,0,0.0
1785431570.744,17:12:50,timeslice,2,0.0,0,0,0.0
1785431570.744,17:12:50,timeslice,3,0.0,0,0,0.0
1785431570.744,17:12:50,timeslice,4,0.0,0,0,0.0
1785431570.744,17:12:50,timeslice,5,0.0,0,0,0.0
1785431570.744,17:12:50,timeslice,6,0.0,0,0,0.0
1785431570.744,17:12:50,timeslice,7,0.0,0,0,0.0
1785431571.744,17:12:51,timeslice,0,0.0,0,0,0.0
1785431571.744,17:12:51,timeslice,1,0.0,0,0,0.0
1785431571.744,17:12:51,timeslice,2,0.0,0,0,0.0
1785431571.744,17:12:51,timeslice,3,0.0,0,0,0.0
1785431571.744,17:12:51,timeslice,4,0.0,0,0,0.0
1785431571.744,17:12:51,timeslice,5,0.0,0,0,0.0
1785431571.744,17:12:51,timeslice,6,0.0,0,0,0.0
1785431571.744,17:12:51,timeslice,7,0.0,0,0,0.0
1785431572.745,17:12:52,timeslice,0,0.0,0,0,0.0
1785431572.745,17:12:52,timeslice,1,0.0,0,0,0.0
1785431572.745,17:12:52,timeslice,2,0.0,0,0,0.0
1785431572.745,17:12:52,timeslice,3,0.0,0,0,0.0
1785431572.745,17:12:52,timeslice,4,0.0,0,0,0.0
1785431572.745,17:12:52,timeslice,5,0.0,0,0,0.0
1785431572.745,17:12:52,timeslice,6,0.0,0,0,0.0
1785431572.745,17:12:52,timeslice,7,0.0,0,0,0.0
1785431573.745,17:12:53,timeslice,0,0.0,0,0,0.0
1785431573.745,17:12:53,timeslice,1,0.0,0,0,0.0
1785431573.745,17:12:53,timeslice,2,0.0,0,0,0.0
1785431573.745,17:12:53,timeslice,3,0.0,0,0,0.0
1785431573.745,17:12:53,timeslice,4,0.0,0,0,0.0
1785431573.745,17:12:53,timeslice,5,0.0,0,0,0.0
1785431573.745,17:12:53,timeslice,6,0.0,0,0,0.0
1785431573.745,17:12:53,timeslice,7,0.0,0,0,0.0
1785431574.745,17:12:54,timeslice,0,0.0,0,0,0.0
1785431574.745,17:12:54,timeslice,1,0.0,0,0,0.0
1785431574.745,17:12:54,timeslice,2,0.0,0,0,0.0
1785431574.745,17:12:54,timeslice,3,0.0,0,0,0.0
1785431574.745,17:12:54,timeslice,4,0.0,0,0,0.0
1785431574.745,17:12:54,timeslice,5,0.0,0,0,0.0
1785431574.745,17:12:54,timeslice,6,0.0,0,0,0.0
1785431574.745,17:12:54,timeslice,7,0.0,0,0,0.0
1785431575.745,17:12:55,timeslice,0,0.0,0,0,0.0
1785431575.745,17:12:55,timeslice,1,0.0,0,0,0.0
1785431575.745,17:12:55,timeslice,2,0.0,0,0,0.0
1785431575.745,17:12:55,timeslice,3,0.0,0,0,0.0
1785431575.745,17:12:55,timeslice,4,0.0,0,0,0.0
1785431575.745,17:12:55,timeslice,5,0.0,0,0,0.0
1785431575.745,17:12:55,timeslice,6,0.0,0,0,0.0
1785431575.745,17:12:55,timeslice,7,0.0,0,0,0.0
1785431576.745,17:12:56,timeslice,0,0.0,0,0,0.0
1785431576.745,17:12:56,timeslice,1,0.0,0,0,0.0
1785431576.745,17:12:56,timeslice,2,0.0,0,0,0.0
1785431576.745,17:12:56,timeslice,3,0.0,0,0,0.0
1785431576.745,17:12:56,timeslice,4,0.0,0,0,0.0
1785431576.745,17:12:56,timeslice,5,0.0,0,0,0.0
1785431576.745,17:12:56,timeslice,6,0.0,0,0,0.0
1785431576.745,17:12:56,timeslice,7,0.0,0,0,0.0
1785431577.745,17:12:57,timeslice,0,0.0,0,0,0.0
1785431577.745,17:12:57,timeslice,1,0.0,0,0,0.0
1785431577.745,17:12:57,timeslice,2,0.0,0,0,0.0
1785431577.745,17:12:57,timeslice,3,0.0,0,0,0.0
1785431577.745,17:12:57,timeslice,4,0.0,0,0,0.0
1785431577.745,17:12:57,timeslice,5,0.0,0,0,0.0
1785431577.745,17:12:57,timeslice,6,0.0,0,0,0.0
1785431577.745,17:12:57,timeslice,7,0.0,0,0,0.0
1785431578.745,17:12:58,timeslice,0,0.0,0,0,0.0
1785431578.745,17:12:58,timeslice,1,0.0,0,0,0.0
1785431578.745,17:12:58,timeslice,2,0.0,0,0,0.0
1785431578.745,17:12:58,timeslice,3,0.0,0,0,0.0
1785431578.745,17:12:58,timeslice,4,0.0,0,0,0.0
1785431578.745,17:12:58,timeslice,5,0.0,0,0,0.0
1785431578.745,17:12:58,timeslice,6,0.0,0,0,0.0
1785431578.745,17:12:58,timeslice,7,0.0,0,0,0.0
1785431579.745,17:12:59,timeslice,0,0.0,0,0,0.0
1785431579.745,17:12:59,timeslice,1,0.0,0,0,0.0
1785431579.745,17:12:59,timeslice,2,0.0,0,0,0.0
1785431579.745,17:12:59,timeslice,3,0.0,0,0,0.0
1785431579.745,17:12:59,timeslice,4,0.0,0,0,0.0
1785431579.745,17:12:59,timeslice,5,0.0,0,0,0.0
1785431579.745,17:12:59,timeslice,6,0.0,0,0,0.0
1785431579.745,17:12:59,timeslice,7,0.0,0,0,0.0
1785431580.745,17:13:00,timeslice,0,0.0,0,0,0.0
1785431580.745,17:13:00,timeslice,1,0.0,0,0,0.0
1785431580.745,17:13:00,timeslice,2,0.0,0,0,0.0
1785431580.745,17:13:00,timeslice,3,0.0,0,0,0.0
1785431580.745,17:13:00,timeslice,4,0.0,0,0,0.0
1785431580.745,17:13:00,timeslice,5,0.0,0,0,0.0
1785431580.745,17:13:00,timeslice,6,0.0,0,0,0.0
1785431580.745,17:13:00,timeslice,7,0.0,0,0,0.0
1785431581.746,17:13:01,timeslice,0,0.0,0,0,0.0
1785431581.746,17:13:01,timeslice,1,0.0,0,0,0.0
1785431581.746,17:13:01,timeslice,2,0.0,0,0,0.0
1785431581.746,17:13:01,timeslice,3,0.0,0,0,0.0
1785431581.746,17:13:01,timeslice,4,0.0,0,0,0.0
1785431581.746,17:13:01,timeslice,5,0.0,0,0,0.0
1785431581.746,17:13:01,timeslice,6,0.0,0,0,0.0
1785431581.746,17:13:01,timeslice,7,0.0,0,0,0.0
1785431582.746,17:13:02,timeslice,0,0.0,0,0,0.0
1785431582.746,17:13:02,timeslice,1,0.0,0,0,0.0
1785431582.746,17:13:02,timeslice,2,0.0,0,0,0.0
1785431582.746,17:13:02,timeslice,3,0.0,0,0,0.0
1785431582.746,17:13:02,timeslice,4,0.0,0,0,0.0
1785431582.746,17:13:02,timeslice,5,0.0,0,0,0.0
1785431582.746,17:13:02,timeslice,6,0.0,0,0,0.0
1785431582.746,17:13:02,timeslice,7,0.0,0,0,0.0
1785431583.746,17:13:03,timeslice,0,0.0,0,0,0.0
1785431583.746,17:13:03,timeslice,1,0.0,0,0,0.0
1785431583.746,17:13:03,timeslice,2,0.0,0,0,0.0
1785431583.746,17:13:03,timeslice,3,0.0,0,0,0.0
1785431583.746,17:13:03,timeslice,4,0.0,0,0,0.0
1785431583.746,17:13:03,timeslice,5,0.0,0,0,0.0
1785431583.746,17:13:03,timeslice,6,0.0,0,0,0.0
1785431583.746,17:13:03,timeslice,7,0.0,0,0,0.0
1785431584.746,17:13:04,timeslice,0,0.0,0,0,0.0
1785431584.746,17:13:04,timeslice,1,0.0,0,0,0.0
1785431584.746,17:13:04,timeslice,2,0.0,0,0,0.0
1785431584.746,17:13:04,timeslice,3,0.0,0,0,0.0
1785431584.746,17:13:04,timeslice,4,0.0,0,0,0.0
1785431584.746,17:13:04,timeslice,5,0.0,0,0,0.0
1785431584.746,17:13:04,timeslice,6,0.0,0,0,0.0
1785431584.746,17:13:04,timeslice,7,0.0,0,0,0.0
1785431585.746,17:13:05,timeslice,0,0.0,0,0,0.0
1785431585.746,17:13:05,timeslice,1,0.0,0,0,0.0
1785431585.746,17:13:05,timeslice,2,0.0,0,0,0.0
1785431585.746,17:13:05,timeslice,3,0.0,0,0,0.0
1785431585.746,17:13:05,timeslice,4,0.0,0,0,0.0
1785431585.746,17:13:05,timeslice,5,0.0,0,0,0.0
1785431585.746,17:13:05,timeslice,6,0.0,0,0,0.0
1785431585.746,17:13:05,timeslice,7,0.0,0,0,0.0
1785431586.746,17:13:06,timeslice,0,0.0,0,0,0.0
1785431586.746,17:13:06,timeslice,1,0.0,0,0,0.0
1785431586.746,17:13:06,timeslice,2,0.0,0,0,0.0
1785431586.746,17:13:06,timeslice,3,0.0,0,0,0.0
1785431586.746,17:13:06,timeslice,4,0.0,0,0,0.0
1785431586.746,17:13:06,timeslice,5,0.0,0,0,0.0
1785431586.746,17:13:06,timeslice,6,0.0,0,0,0.0
1785431586.746,17:13:06,timeslice,7,0.0,0,0,0.0
1785431587.746,17:13:07,timeslice,0,0.0,0,0,0.0
1785431587.746,17:13:07,timeslice,1,0.0,0,0,0.0
1785431587.746,17:13:07,timeslice,2,0.0,0,0,0.0
1785431587.746,17:13:07,timeslice,3,0.0,0,0,0.0
1785431587.746,17:13:07,timeslice,4,0.0,0,0,0.0
1785431587.746,17:13:07,timeslice,5,0.0,0,0,0.0
1785431587.746,17:13:07,timeslice,6,0.0,0,0,0.0
1785431587.746,17:13:07,timeslice,7,0.0,0,0,0.0
1785431588.746,17:13:08,timeslice,0,0.0,0,0,0.0
1785431588.746,17:13:08,timeslice,1,0.0,0,0,0.0
1785431588.746,17:13:08,timeslice,2,0.0,0,0,0.0
1785431588.746,17:13:08,timeslice,3,0.0,0,0,0.0
1785431588.746,17:13:08,timeslice,4,0.0,0,0,0.0
1785431588.746,17:13:08,timeslice,5,0.0,0,0,0.0
1785431588.746,17:13:08,timeslice,6,0.0,0,0,0.0
1785431588.746,17:13:08,timeslice,7,0.0,0,0,0.0
1785431589.747,17:13:09,timeslice,0,0.0,0,0,0.0
1785431589.747,17:13:09,timeslice,1,0.0,0,0,0.0
1785431589.747,17:13:09,timeslice,2,0.0,0,0,0.0
1785431589.747,17:13:09,timeslice,3,0.0,0,0,0.0
1785431589.747,17:13:09,timeslice,4,0.0,0,0,0.0
1785431589.747,17:13:09,timeslice,5,0.0,0,0,0.0
1785431589.747,17:13:09,timeslice,6,0.0,0,0,0.0
1785431589.747,17:13:09,timeslice,7,0.0,0,0,0.0
1785431590.747,17:13:10,timeslice,0,0.0,0,0,0.0
1785431590.747,17:13:10,timeslice,1,0.0,0,0,0.0
1785431590.747,17:13:10,timeslice,2,0.0,0,0,0.0
1785431590.747,17:13:10,timeslice,3,0.0,0,0,0.0
1785431590.747,17:13:10,timeslice,4,0.0,0,0,0.0
1785431590.747,17:13:10,timeslice,5,0.0,0,0,0.0
1785431590.747,17:13:10,timeslice,6,0.0,0,0,0.0
1785431590.747,17:13:10,timeslice,7,0.0,0,0,0.0
1785431591.747,17:13:11,timeslice,0,0.0,0,0,0.0
1785431591.747,17:13:11,timeslice,1,0.0,0,0,0.0
1785431591.747,17:13:11,timeslice,2,0.0,0,0,0.0
1785431591.747,17:13:11,timeslice,3,0.0,0,0,0.0
1785431591.747,17:13:11,timeslice,4,0.0,0,0,0.0
1785431591.747,17:13:11,timeslice,5,0.0,0,0,0.0
1785431591.747,17:13:11,timeslice,6,0.0,0,0,0.0
1785431591.747,17:13:11,timeslice,7,0.0,0,0,0.0
1785431592.747,17:13:12,timeslice,0,0.0,0,0,0.0
1785431592.747,17:13:12,timeslice,1,0.0,0,0,0.0
1785431592.747,17:13:12,timeslice,2,0.0,0,0,0.0
1785431592.747,17:13:12,timeslice,3,0.0,0,0,0.0
1785431592.747,17:13:12,timeslice,4,0.0,0,0,0.0
1785431592.747,17:13:12,timeslice,5,0.0,0,0,0.0
1785431592.747,17:13:12,timeslice,6,0.0,0,0,0.0
1785431592.747,17:13:12,timeslice,7,0.0,0,0,0.0
1785431593.747,17:13:13,timeslice,0,0.0,0,0,0.0
1785431593.747,17:13:13,timeslice,1,0.0,0,0,0.0
1785431593.747,17:13:13,timeslice,2,0.0,0,0,0.0
1785431593.747,17:13:13,timeslice,3,0.0,0,0,0.0
1785431593.747,17:13:13,timeslice,4,0.0,0,0,0.0
1785431593.747,17:13:13,timeslice,5,0.0,0,0,0.0
1785431593.747,17:13:13,timeslice,6,0.0,0,0,0.0
1785431593.747,17:13:13,timeslice,7,0.0,0,0,0.0
1785431594.747,17:13:14,timeslice,0,0.0,0,0,0.0
1785431594.747,17:13:14,timeslice,1,0.0,0,0,0.0
1785431594.747,17:13:14,timeslice,2,0.0,0,0,0.0
1785431594.747,17:13:14,timeslice,3,0.0,0,0,0.0
1785431594.747,17:13:14,timeslice,4,0.0,0,0,0.0
1785431594.747,17:13:14,timeslice,5,0.0,0,0,0.0
1785431594.747,17:13:14,timeslice,6,0.0,0,0,0.0
1785431594.747,17:13:14,timeslice,7,0.0,0,0,0.0
1785431595.747,17:13:15,timeslice,0,0.0,0,0,0.0
1785431595.747,17:13:15,timeslice,1,0.0,0,0,0.0
1785431595.747,17:13:15,timeslice,2,0.0,0,0,0.0
1785431595.747,17:13:15,timeslice,3,0.0,0,0,0.0
1785431595.747,17:13:15,timeslice,4,0.0,0,0,0.0
1785431595.747,17:13:15,timeslice,5,0.0,0,0,0.0
1785431595.747,17:13:15,timeslice,6,0.0,0,0,0.0
1785431595.747,17:13:15,timeslice,7,0.0,0,0,0.0
1785431596.748,17:13:16,timeslice,0,0.0,0,0,0.0
1785431596.748,17:13:16,timeslice,1,0.0,0,0,0.0
1785431596.748,17:13:16,timeslice,2,0.0,0,0,0.0
1785431596.748,17:13:16,timeslice,3,0.0,0,0,0.0
1785431596.748,17:13:16,timeslice,4,0.0,0,0,0.0
1785431596.748,17:13:16,timeslice,5,0.0,0,0,0.0
1785431596.748,17:13:16,timeslice,6,0.0,0,0,0.0
1785431596.748,17:13:16,timeslice,7,0.0,0,0,0.0
1785431597.748,17:13:17,timeslice,0,0.0,0,0,0.0
1785431597.748,17:13:17,timeslice,1,0.0,0,0,0.0
1785431597.748,17:13:17,timeslice,2,0.0,0,0,0.0
1785431597.748,17:13:17,timeslice,3,0.0,0,0,0.0
1785431597.748,17:13:17,timeslice,4,0.0,0,0,0.0
1785431597.748,17:13:17,timeslice,5,0.0,0,0,0.0
1785431597.748,17:13:17,timeslice,6,0.0,0,0,0.0
1785431597.748,17:13:17,timeslice,7,0.0,0,0,0.0
1785431598.748,17:13:18,timeslice,0,0.0,0,0,0.0
1785431598.748,17:13:18,timeslice,1,0.0,0,0,0.0
1785431598.748,17:13:18,timeslice,2,0.0,0,0,0.0
1785431598.748,17:13:18,timeslice,3,0.0,0,0,0.0
1785431598.748,17:13:18,timeslice,4,0.0,0,0,0.0
1785431598.748,17:13:18,timeslice,5,0.0,0,0,0.0
1785431598.748,17:13:18,timeslice,6,0.0,0,0,0.0
1785431598.748,17:13:18,timeslice,7,0.0,0,0,0.0
1785431599.748,17:13:19,timeslice,0,0.0,0,0,0.0
1785431599.748,17:13:19,timeslice,1,0.0,0,0,0.0
1785431599.748,17:13:19,timeslice,2,0.0,0,0,0.0
1785431599.748,17:13:19,timeslice,3,0.0,0,0,0.0
1785431599.748,17:13:19,timeslice,4,0.0,0,0,0.0
1785431599.748,17:13:19,timeslice,5,0.0,0,0,0.0
1785431599.748,17:13:19,timeslice,6,0.0,0,0,0.0
1785431599.748,17:13:19,timeslice,7,0.0,0,0,0.0
1785431600.748,17:13:20,timeslice,0,0.0,0,0,0.0
1785431600.748,17:13:20,timeslice,1,0.0,0,0,0.0
1785431600.748,17:13:20,timeslice,2,0.0,0,0,0.0
1785431600.748,17:13:20,timeslice,3,0.0,0,0,0.0
1785431600.748,17:13:20,timeslice,4,0.0,0,0,0.0
1785431600.748,17:13:20,timeslice,5,0.0,0,0,0.0
1785431600.748,17:13:20,timeslice,6,0.0,0,0,0.0
1785431600.748,17:13:20,timeslice,7,0.0,0,0,0.0
1785431601.748,17:13:21,timeslice,0,0.0,0,0,0.0
1785431601.748,17:13:21,timeslice,1,0.0,0,0,0.0
1785431601.748,17:13:21,timeslice,2,0.0,0,0,0.0
1785431601.748,17:13:21,timeslice,3,0.0,0,0,0.0
1785431601.748,17:13:21,timeslice,4,0.0,0,0,0.0
1785431601.748,17:13:21,timeslice,5,0.0,0,0,0.0
1785431601.748,17:13:21,timeslice,6,0.0,0,0,0.0
1785431601.748,17:13:21,timeslice,7,0.0,0,0,0.0
1785431602.748,17:13:22,timeslice,0,0.0,0,0,0.0
1785431602.748,17:13:22,timeslice,1,0.0,0,0,0.0
1785431602.748,17:13:22,timeslice,2,0.0,0,0,0.0
1785431602.748,17:13:22,timeslice,3,0.0,0,0,0.0
1785431602.748,17:13:22,timeslice,4,0.0,0,0,0.0
1785431602.748,17:13:22,timeslice,5,0.0,0,0,0.0
1785431602.748,17:13:22,timeslice,6,0.0,0,0,0.0
1785431602.748,17:13:22,timeslice,7,0.0,0,0,0.0
1785431603.748,17:13:23,timeslice,0,0.0,0,0,0.0
1785431603.748,17:13:23,timeslice,1,0.0,0,0,0.0
1785431603.748,17:13:23,timeslice,2,0.0,0,0,0.0
1785431603.748,17:13:23,timeslice,3,0.0,0,0,0.0
1785431603.748,17:13:23,timeslice,4,0.0,0,0,0.0
1785431603.748,17:13:23,timeslice,5,0.0,0,0,0.0
1785431603.748,17:13:23,timeslice,6,0.0,0,0,0.0
1785431603.748,17:13:23,timeslice,7,0.0,0,0,0.0
1785431604.748,17:13:24,timeslice,0,0.0,0,0,0.0
1785431604.748,17:13:24,timeslice,1,0.0,0,0,0.0
1785431604.748,17:13:24,timeslice,2,0.0,0,0,0.0
1785431604.748,17:13:24,timeslice,3,0.0,0,0,0.0
1785431604.748,17:13:24,timeslice,4,0.0,0,0,0.0
1785431604.748,17:13:24,timeslice,5,0.0,0,0,0.0
1785431604.748,17:13:24,timeslice,6,0.0,0,0,0.0
1785431604.748,17:13:24,timeslice,7,0.0,0,0,0.0
1785431605.749,17:13:25,timeslice,0,0.0,0,0,0.0
1785431605.749,17:13:25,timeslice,1,0.0,0,0,0.0
1785431605.749,17:13:25,timeslice,2,0.0,0,0,0.0
1785431605.749,17:13:25,timeslice,3,0.0,0,0,0.0
1785431605.749,17:13:25,timeslice,4,0.0,0,0,0.0
1785431605.749,17:13:25,timeslice,5,0.0,0,0,0.0
1785431605.749,17:13:25,timeslice,6,0.0,0,0,0.0
1785431605.749,17:13:25,timeslice,7,0.0,0,0,0.0
1785431606.749,17:13:26,timeslice,0,0.0,0,0,0.0
1785431606.749,17:13:26,timeslice,1,0.0,0,0,0.0
1785431606.749,17:13:26,timeslice,2,0.0,0,0,0.0
1785431606.749,17:13:26,timeslice,3,0.0,0,0,0.0
1785431606.749,17:13:26,timeslice,4,0.0,0,0,0.0
1785431606.749,17:13:26,timeslice,5,0.0,0,0,0.0
1785431606.749,17:13:26,timeslice,6,0.0,0,0,0.0
1785431606.749,17:13:26,timeslice,7,0.0,0,0,0.0
1785431607.749,17:13:27,timeslice,0,0.0,0,0,0.0
1785431607.749,17:13:27,timeslice,1,0.0,0,0,0.0
1785431607.749,17:13:27,timeslice,2,0.0,0,0,0.0
1785431607.749,17:13:27,timeslice,3,0.0,0,0,0.0
1785431607.749,17:13:27,timeslice,4,0.0,0,0,0.0
1785431607.749,17:13:27,timeslice,5,0.0,0,0,0.0
1785431607.749,17:13:27,timeslice,6,0.0,0,0,0.0
1785431607.749,17:13:27,timeslice,7,0.0,0,0,0.0
1785431608.749,17:13:28,timeslice,0,0.0,0,0,0.0
1785431608.749,17:13:28,timeslice,1,0.0,0,0,0.0
1785431608.749,17:13:28,timeslice,2,0.0,0,0,0.0
1785431608.749,17:13:28,timeslice,3,0.0,0,0,0.0
1785431608.749,17:13:28,timeslice,4,0.0,0,0,0.0
1785431608.749,17:13:28,timeslice,5,0.0,0,0,0.0
1785431608.749,17:13:28,timeslice,6,0.0,0,0,0.0
1785431608.749,17:13:28,timeslice,7,0.0,0,0,0.0
1785431609.749,17:13:29,timeslice,0,0.0,0,0,0.0
1785431609.749,17:13:29,timeslice,1,0.0,0,0,0.0
1785431609.749,17:13:29,timeslice,2,0.0,0,0,0.0
1785431609.749,17:13:29,timeslice,3,0.0,0,0,0.0
1785431609.749,17:13:29,timeslice,4,0.0,0,0,0.0
1785431609.749,17:13:29,timeslice,5,0.0,0,0,0.0
1785431609.749,17:13:29,timeslice,6,0.0,0,0,0.0
1785431609.749,17:13:29,timeslice,7,0.0,0,0,0.0
1785431610.75,17:13:30,timeslice,0,0.0,0,0,0.0
1785431610.75,17:13:30,timeslice,1,0.0,0,0,0.0
1785431610.75,17:13:30,timeslice,2,0.0,0,0,0.0
1785431610.75,17:13:30,timeslice,3,0.0,0,0,0.0
1785431610.75,17:13:30,timeslice,4,0.0,0,0,0.0
1785431610.75,17:13:30,timeslice,5,0.0,0,0,0.0
1785431610.75,17:13:30,timeslice,6,0.0,0,0,0.0
1785431610.75,17:13:30,timeslice,7,0.0,0,0,0.0
1785431611.75,17:13:31,timeslice,0,0.0,0,0,0.0
1785431611.75,17:13:31,timeslice,1,0.0,0,0,0.0
1785431611.75,17:13:31,timeslice,2,0.0,0,0,0.0
1785431611.75,17:13:31,timeslice,3,0.0,0,0,0.0
1785431611.75,17:13:31,timeslice,4,0.0,0,0,0.0
1785431611.75,17:13:31,timeslice,5,0.0,0,0,0.0
1785431611.75,17:13:31,timeslice,6,0.0,0,0,0.0
1785431611.75,17:13:31,timeslice,7,0.0,0,0,0.0
1785431612.75,17:13:32,timeslice,0,0.0,0,0,0.0
1785431612.75,17:13:32,timeslice,1,0.0,0,0,0.0
1785431612.75,17:13:32,timeslice,2,0.0,0,0,0.0
1785431612.75,17:13:32,timeslice,3,0.0,0,0,0.0
1785431612.75,17:13:32,timeslice,4,0.0,0,0,0.0
1785431612.75,17:13:32,timeslice,5,0.0,0,0,0.0
1785431612.75,17:13:32,timeslice,6,0.0,0,0,0.0
1785431612.75,17:13:32,timeslice,7,0.0,0,0,0.0
1785431613.75,17:13:33,timeslice,0,0.0,0,0,0.0
1785431613.75,17:13:33,timeslice,1,0.0,0,0,0.0
1785431613.75,17:13:33,timeslice,2,0.0,0,0,0.0
1785431613.75,17:13:33,timeslice,3,0.0,0,0,0.0
1785431613.75,17:13:33,timeslice,4,0.0,0,0,0.0
1785431613.75,17:13:33,timeslice,5,0.0,0,0,0.0
1785431613.75,17:13:33,timeslice,6,0.0,0,0,0.0
1785431613.75,17:13:33,timeslice,7,0.0,0,0,0.0
1785431614.75,17:13:34,timeslice,0,0.0,0,0,0.0
1785431614.75,17:13:34,timeslice,1,0.0,0,0,0.0
1785431614.75,17:13:34,timeslice,2,0.0,0,0,0.0
1785431614.75,17:13:34,timeslice,3,0.0,0,0,0.0
1785431614.75,17:13:34,timeslice,4,0.0,0,0,0.0
1785431614.75,17:13:34,timeslice,5,0.0,0,0,0.0
1785431614.75,17:13:34,timeslice,6,0.0,0,0,0.0
1785431614.75,17:13:34,timeslice,7,0.0,0,0,0.0
1785431615.75,17:13:35,timeslice,0,0.0,0,0,0.0
1785431615.75,17:13:35,timeslice,1,0.0,0,0,0.0
1785431615.75,17:13:35,timeslice,2,0.0,0,0,0.0
1785431615.75,17:13:35,timeslice,3,0.0,0,0,0.0
1785431615.75,17:13:35,timeslice,4,0.0,0,0,0.0
1785431615.75,17:13:35,timeslice,5,0.0,0,0,0.0
1785431615.75,17:13:35,timeslice,6,0.0,0,0,0.0
1785431615.75,17:13:35,timeslice,7,0.0,0,0,0.0
1785431616.75,17:13:36,timeslice,0,0.0,0,0,0.0
1785431616.75,17:13:36,timeslice,1,0.0,0,0,0.0
1785431616.75,17:13:36,timeslice,2,0.0,0,0,0.0
1785431616.75,17:13:36,timeslice,3,0.0,0,0,0.0
1785431616.75,17:13:36,timeslice,4,0.0,0,0,0.0
1785431616.75,17:13:36,timeslice,5,0.0,0,0,0.0
1785431616.75,17:13:36,timeslice,6,0.0,0,0,0.0
1785431616.75,17:13:36,timeslice,7,0.0,0,0,0.0
1785431617.75,17:13:37,timeslice,0,0.0,0,0,0.0
1785431617.75,17:13:37,timeslice,1,0.0,0,0,0.0
1785431617.75,17:13:37,timeslice,2,0.0,0,0,0.0
1785431617.75,17:13:37,timeslice,3,0.0,0,0,0.0
1785431617.75,17:13:37,timeslice,4,0.0,0,0,0.0
1785431617.75,17:13:37,timeslice,5,0.0,0,0,0.0
1785431617.75,17:13:37,timeslice,6,0.0,0,0,0.0
1785431617.75,17:13:37,timeslice,7,0.0,0,0,0.0
1785431618.751,17:13:38,timeslice,0,0.0,0,0,0.0
1785431618.751,17:13:38,timeslice,1,0.0,0,0,0.0
1785431618.751,17:13:38,timeslice,2,0.0,0,0,0.0
1785431618.751,17:13:38,timeslice,3,0.0,0,0,0.0
1785431618.751,17:13:38,timeslice,4,0.0,0,0,0.0
1785431618.751,17:13:38,timeslice,5,0.0,0,0,0.0
1785431618.751,17:13:38,timeslice,6,0.0,0,0,0.0
1785431618.751,17:13:38,timeslice,7,0.0,0,0,0.0
1785431619.751,17:13:39,timeslice,0,0.0,0,0,0.0
1785431619.751,17:13:39,timeslice,1,0.0,0,0,0.0
1785431619.751,17:13:39,timeslice,2,0.0,0,0,0.0
1785431619.751,17:13:39,timeslice,3,0.0,0,0,0.0
1785431619.751,17:13:39,timeslice,4,0.0,0,0,0.0
1785431619.751,17:13:39,timeslice,5,0.0,0,0,0.0
1785431619.751,17:13:39,timeslice,6,0.0,0,0,0.0
1785431619.751,17:13:39,timeslice,7,0.0,0,0,0.0
1785431620.751,17:13:40,timeslice,0,0.0,0,0,0.0
1785431620.751,17:13:40,timeslice,1,0.0,0,0,0.0
1785431620.751,17:13:40,timeslice,2,0.0,0,0,0.0
1785431620.751,17:13:40,timeslice,3,0.0,0,0,0.0
1785431620.751,17:13:40,timeslice,4,0.0,0,0,0.0
1785431620.751,17:13:40,timeslice,5,0.0,0,0,0.0
1785431620.751,17:13:40,timeslice,6,0.0,0,0,0.0
1785431620.751,17:13:40,timeslice,7,0.0,0,0,0.0
1785431621.751,17:13:41,timeslice,0,0.0,0,0,0.0
1785431621.751,17:13:41,timeslice,1,0.0,0,0,0.0
1785431621.751,17:13:41,timeslice,2,0.0,0,0,0.0
1785431621.751,17:13:41,timeslice,3,0.0,0,0,0.0
1785431621.751,17:13:41,timeslice,4,0.0,0,0,0.0
1785431621.751,17:13:41,timeslice,5,0.0,0,0,0.0
1785431621.751,17:13:41,timeslice,6,0.0,0,0,0.0
1785431621.751,17:13:41,timeslice,7,0.0,0,0,0.0
1785431622.752,17:13:42,timeslice,0,0.0,0,0,0.0
1785431622.752,17:13:42,timeslice,1,0.0,0,0,0.0
1785431622.752,17:13:42,timeslice,2,0.0,0,0,0.0
1785431622.752,17:13:42,timeslice,3,0.0,0,0,0.0
1785431622.752,17:13:42,timeslice,4,0.0,0,0,0.0
1785431622.752,17:13:42,timeslice,5,0.0,0,0,0.0
1785431622.752,17:13:42,timeslice,6,0.0,0,0,0.0
1785431622.752,17:13:42,timeslice,7,0.0,0,0,0.0
1785431623.752,17:13:43,timeslice,0,0.0,0,0,0.0
1785431623.752,17:13:43,timeslice,1,0.0,0,0,0.0
1785431623.752,17:13:43,timeslice,2,0.0,0,0,0.0
1785431623.752,17:13:43,timeslice,3,0.0,0,0,0.0
1785431623.752,17:13:43,timeslice,4,0.0,0,0,0.0
1785431623.752,17:13:43,timeslice,5,0.0,0,0,0.0
1785431623.752,17:13:43,timeslice,6,0.0,0,0,0.0
1785431623.752,17:13:43,timeslice,7,0.0,0,0,0.0
1785431624.752,17:13:44,timeslice,0,0.0,0,0,0.0
1785431624.752,17:13:44,timeslice,1,0.0,0,0,0.0
1785431624.752,17:13:44,timeslice,2,0.0,0,0,0.0
1785431624.752,17:13:44,timeslice,3,0.0,0,0,0.0
1785431624.752,17:13:44,timeslice,4,0.0,0,0,0.0
1785431624.752,17:13:44,timeslice,5,0.0,0,0,0.0
1785431624.752,17:13:44,timeslice,6,0.0,0,0,0.0
1785431624.752,17:13:44,timeslice,7,0.0,0,0,0.0
1785431625.752,17:13:45,timeslice,0,0.0,0,0,0.0
1785431625.752,17:13:45,timeslice,1,0.0,0,0,0.0
1785431625.752,17:13:45,timeslice,2,0.0,0,0,0.0
1785431625.752,17:13:45,timeslice,3,0.0,0,0,0.0
1785431625.752,17:13:45,timeslice,4,0.0,0,0,0.0
1785431625.752,17:13:45,timeslice,5,0.0,0,0,0.0
1785431625.752,17:13:45,timeslice,6,0.0,0,0,0.0
1785431625.752,17:13:45,timeslice,7,0.0,0,0,0.0
1785431626.752,17:13:46,timeslice,0,0.0,0,0,0.0
1785431626.752,17:13:46,timeslice,1,0.0,0,0,0.0
1785431626.752,17:13:46,timeslice,2,0.0,0,0,0.0
1785431626.752,17:13:46,timeslice,3,0.0,0,0,0.0
1785431626.752,17:13:46,timeslice,4,0.0,0,0,0.0
1785431626.752,17:13:46,timeslice,5,0.0,0,0,0.0
1785431626.752,17:13:46,timeslice,6,0.0,0,0,0.0
1785431626.752,17:13:46,timeslice,7,0.0,0,0,0.0
1785431627.752,17:13:47,timeslice,0,0.0,0,0,0.0
1785431627.752,17:13:47,timeslice,1,0.0,0,0,0.0
1785431627.752,17:13:47,timeslice,2,0.0,0,0,0.0
1785431627.752,17:13:47,timeslice,3,0.0,0,0,0.0
1785431627.752,17:13:47,timeslice,4,0.0,0,0,0.0
1785431627.752,17:13:47,timeslice,5,0.0,0,0,0.0
1785431627.752,17:13:47,timeslice,6,0.0,0,0,0.0
1785431627.752,17:13:47,timeslice,7,0.0,0,0,0.0
1785431628.752,17:13:48,timeslice,0,0.0,0,0,0.0
1785431628.752,17:13:48,timeslice,1,0.0,0,0,0.0
1785431628.752,17:13:48,timeslice,2,0.0,0,0,0.0
1785431628.752,17:13:48,timeslice,3,0.0,0,0,0.0
1785431628.752,17:13:48,timeslice,4,0.0,0,0,0.0
1785431628.752,17:13:48,timeslice,5,0.0,0,0,0.0
1785431628.752,17:13:48,timeslice,6,0.0,0,0,0.0
1785431628.752,17:13:48,timeslice,7,0.0,0,0,0.0
1785431629.752,17:13:49,timeslice,0,0.0,0,0,0.0
1785431629.752,17:13:49,timeslice,1,0.0,0,0,0.0
1785431629.752,17:13:49,timeslice,2,0.0,0,0,0.0
1785431629.752,17:13:49,timeslice,3,0.0,0,0,0.0
1785431629.752,17:13:49,timeslice,4,0.0,0,0,0.0
1785431629.752,17:13:49,timeslice,5,0.0,0,0,0.0
1785431629.752,17:13:49,timeslice,6,0.0,0,0,0.0
1785431629.752,17:13:49,timeslice,7,0.0,0,0,0.0
1785431630.753,17:13:50,timeslice,0,0.0,0,0,0.0
1785431630.753,17:13:50,timeslice,1,0.0,0,0,0.0
1785431630.753,17:13:50,timeslice,2,0.0,0,0,0.0
1785431630.753,17:13:50,timeslice,3,0.0,0,0,0.0
1785431630.753,17:13:50,timeslice,4,0.0,0,0,0.0
1785431630.753,17:13:50,timeslice,5,0.0,0,0,0.0
1785431630.753,17:13:50,timeslice,6,0.0,0,0,0.0
1785431630.753,17:13:50,timeslice,7,0.0,0,0,0.0
1785431631.753,17:13:51,timeslice,0,0.0,0,0,0.0
1785431631.753,17:13:51,timeslice,1,0.0,0,0,0.0
1785431631.753,17:13:51,timeslice,2,0.0,0,0,0.0
1785431631.753,17:13:51,timeslice,3,0.0,0,0,0.0
1785431631.753,17:13:51,timeslice,4,0.0,0,0,0.0
1785431631.753,17:13:51,timeslice,5,0.0,0,0,0.0
1785431631.753,17:13:51,timeslice,6,0.0,0,0,0.0
1785431631.753,17:13:51,timeslice,7,0.0,0,0,0.0
1785431632.753,17:13:52,timeslice,0,0.0,0,0,0.0
1785431632.753,17:13:52,timeslice,1,0.0,0,0,0.0
1785431632.753,17:13:52,timeslice,2,0.0,0,0,0.0
1785431632.753,17:13:52,timeslice,3,0.0,0,0,0.0
1785431632.753,17:13:52,timeslice,4,0.0,0,0,0.0
1785431632.753,17:13:52,timeslice,5,0.0,0,0,0.0
1785431632.753,17:13:52,timeslice,6,0.0,0,0,0.0
1785431632.753,17:13:52,timeslice,7,0.0,0,0,0.0
1785431633.753,17:13:53,timeslice,0,0.0,0,0,0.0
1785431633.753,17:13:53,timeslice,1,0.0,0,0,0.0
1785431633.753,17:13:53,timeslice,2,0.0,0,0,0.0
1785431633.753,17:13:53,timeslice,3,0.0,0,0,0.0
1785431633.753,17:13:53,timeslice,4,0.0,0,0,0.0
1785431633.753,17:13:53,timeslice,5,0.0,0,0,0.0
1785431633.753,17:13:53,timeslice,6,0.0,0,0,0.0
1785431633.753,17:13:53,timeslice,7,0.0,0,0,0.0
1785431634.753,17:13:54,timeslice,0,0.0,0,0,0.0
1785431634.753,17:13:54,timeslice,1,0.0,0,0,0.0
1785431634.753,17:13:54,timeslice,2,0.0,0,0,0.0
1785431634.753,17:13:54,timeslice,3,0.0,0,0,0.0
1785431634.753,17:13:54,timeslice,4,0.0,0,0,0.0
1785431634.753,17:13:54,timeslice,5,0.0,0,0,0.0
1785431634.753,17:13:54,timeslice,6,0.0,0,0,0.0
1785431634.753,17:13:54,timeslice,7,0.0,0,0,0.0
1785431635.754,17:13:55,timeslice,0,0.0,0,0,0.0
1785431635.754,17:13:55,timeslice,1,0.0,0,0,0.0
1785431635.754,17:13:55,timeslice,2,0.0,0,0,0.0
1785431635.754,17:13:55,timeslice,3,0.0,0,0,0.0
1785431635.754,17:13:55,timeslice,4,0.0,0,0,0.0
1785431635.754,17:13:55,timeslice,5,0.0,0,0,0.0
1785431635.754,17:13:55,timeslice,6,0.0,0,0,0.0
1785431635.754,17:13:55,timeslice,7,0.0,0,0,0.0
1785431636.754,17:13:56,timeslice,0,0.0,0,0,0.0
1785431636.754,17:13:56,timeslice,1,0.0,0,0,0.0
1785431636.754,17:13:56,timeslice,2,0.0,0,0,0.0
1785431636.754,17:13:56,timeslice,3,0.0,0,0,0.0
1785431636.754,17:13:56,timeslice,4,0.0,0,0,0.0
1785431636.754,17:13:56,timeslice,5,0.0,0,0,0.0
1785431636.754,17:13:56,timeslice,6,0.0,0,0,0.0
1785431636.754,17:13:56,timeslice,7,0.0,0,0,0.0
1785431637.754,17:13:57,timeslice,0,0.0,0,0,0.0
1785431637.754,17:13:57,timeslice,1,0.0,0,0,0.0
1785431637.754,17:13:57,timeslice,2,0.0,0,0,0.0
1785431637.754,17:13:57,timeslice,3,0.0,0,0,0.0
1785431637.754,17:13:57,timeslice,4,0.0,0,0,0.0
1785431637.754,17:13:57,timeslice,5,0.0,0,0,0.0
1785431637.754,17:13:57,timeslice,6,0.0,0,0,0.0
1785431637.754,17:13:57,timeslice,7,0.0,0,0,0.0
1785431638.754,17:13:58,timeslice,0,0.0,0,0,0.0
1785431638.754,17:13:58,timeslice,1,0.0,0,0,0.0
1785431638.754,17:13:58,timeslice,2,0.0,0,0,0.0
1785431638.754,17:13:58,timeslice,3,0.0,0,0,0.0
1785431638.754,17:13:58,timeslice,4,0.0,0,0,0.0
1785431638.754,17:13:58,timeslice,5,0.0,0,0,0.0
1785431638.754,17:13:58,timeslice,6,0.0,0,0,0.0
1785431638.754,17:13:58,timeslice,7,0.0,0,0,0.0
1785431639.754,17:13:59,timeslice,0,0.0,0,0,0.0
1785431639.754,17:13:59,timeslice,1,0.0,0,0,0.0
1785431639.754,17:13:59,timeslice,2,0.0,0,0,0.0
1785431639.754,17:13:59,timeslice,3,0.0,0,0,0.0
1785431639.754,17:13:59,timeslice,4,0.0,0,0,0.0
1785431639.754,17:13:59,timeslice,5,0.0,0,0,0.0
1785431639.754,17:13:59,timeslice,6,0.0,0,0,0.0
1785431639.754,17:13:59,timeslice,7,0.0,0,0,0.0
1785431640.754,17:14:00,timeslice,0,0.0,0,0,0.0
1785431640.754,17:14:00,timeslice,1,0.0,0,0,0.0
1785431640.754,17:14:00,timeslice,2,0.0,0,0,0.0
1785431640.754,17:14:00,timeslice,3,0.0,0,0,0.0
1785431640.754,17:14:00,timeslice,4,0.0,0,0,0.0
1785431640.754,17:14:00,timeslice,5,0.0,0,0,0.0
1785431640.754,17:14:00,timeslice,6,0.0,0,0,0.0
1785431640.754,17:14:00,timeslice,7,0.0,0,0,0.0
1785431641.755,17:14:01,timeslice,0,0.0,0,0,0.0
1785431641.755,17:14:01,timeslice,1,0.0,0,0,0.0
1785431641.755,17:14:01,timeslice,2,0.0,0,0,0.0
1785431641.755,17:14:01,timeslice,3,0.0,0,0,0.0
1785431641.755,17:14:01,timeslice,4,0.0,0,0,0.0
1785431641.755,17:14:01,timeslice,5,0.0,0,0,0.0
1785431641.755,17:14:01,timeslice,6,0.0,0,0,0.0
1785431641.755,17:14:01,timeslice,7,0.0,0,0,0.0
1785431642.755,17:14:02,timeslice,0,0.0,0,0,0.0
1785431642.755,17:14:02,timeslice,1,0.0,0,0,0.0
1785431642.755,17:14:02,timeslice,2,0.0,0,0,0.0
1785431642.755,17:14:02,timeslice,3,0.0,0,0,0.0
1785431642.755,17:14:02,timeslice,4,0.0,0,0,0.0
1785431642.755,17:14:02,timeslice,5,0.0,0,0,0.0
1785431642.755,17:14:02,timeslice,6,0.0,0,0,0.0
1785431642.755,17:14:02,timeslice,7,0.0,0,0,0.0
1785431643.755,17:14:03,timeslice,0,0.0,0,0,0.0
1785431643.755,17:14:03,timeslice,1,0.0,0,0,0.0
1785431643.755,17:14:03,timeslice,2,0.0,0,0,0.0
1785431643.755,17:14:03,timeslice,3,0.0,0,0,0.0
1785431643.755,17:14:03,timeslice,4,0.0,0,0,0.0
1785431643.755,17:14:03,timeslice,5,0.0,0,0,0.0
1785431643.755,17:14:03,timeslice,6,0.0,0,0,0.0
1785431643.755,17:14:03,timeslice,7,0.0,0,0,0.0
1785431644.755,17:14:04,timeslice,0,0.0,0,0,0.0
1785431644.755,17:14:04,timeslice,1,0.0,0,0,0.0
1785431644.755,17:14:04,timeslice,2,0.0,0,0,0.0
1785431644.755,17:14:04,timeslice,3,0.0,0,0,0.0
1785431644.755,17:14:04,timeslice,4,0.0,0,0,0.0
1785431644.755,17:14:04,timeslice,5,0.0,0,0,0.0
1785431644.755,17:14:04,timeslice,6,0.0,0,0,0.0
1785431644.755,17:14:04,timeslice,7,0.0,0,0,0.0
1785431645.755,17:14:05,timeslice,0,0.0,0,0,0.0
1785431645.755,17:14:05,timeslice,1,0.0,0,0,0.0
1785431645.755,17:14:05,timeslice,2,0.0,0,0,0.0
1785431645.755,17:14:05,timeslice,3,0.0,0,0,0.0
1785431645.755,17:14:05,timeslice,4,0.0,0,0,0.0
1785431645.755,17:14:05,timeslice,5,0.0,0,0,0.0
1785431645.755,17:14:05,timeslice,6,0.0,0,0,0.0
1785431645.755,17:14:05,timeslice,7,0.0,0,0,0.0
1785431646.755,17:14:06,timeslice,0,0.0,0,0,0.0
1785431646.755,17:14:06,timeslice,1,0.0,0,0,0.0
1785431646.755,17:14:06,timeslice,2,0.0,0,0,0.0
1785431646.755,17:14:06,timeslice,3,0.0,0,0,0.0
1785431646.755,17:14:06,timeslice,4,0.0,0,0,0.0
1785431646.755,17:14:06,timeslice,5,0.0,0,0,0.0
1785431646.755,17:14:06,timeslice,6,0.0,0,0,0.0
1785431646.755,17:14:06,timeslice,7,0.0,0,0,0.0
1785431647.755,17:14:07,timeslice,0,0.0,0,0,0.0
1785431647.755,17:14:07,timeslice,1,0.0,0,0,0.0
1785431647.755,17:14:07,timeslice,2,0.0,0,0,0.0
1785431647.755,17:14:07,timeslice,3,0.0,0,0,0.0
1785431647.755,17:14:07,timeslice,4,0.0,0,0,0.0
1785431647.755,17:14:07,timeslice,5,0.0,0,0,0.0
1785431647.755,17:14:07,timeslice,6,0.0,0,0,0.0
1785431647.755,17:14:07,timeslice,7,0.0,0,0,0.0
1785431648.755,17:14:08,timeslice,0,0.0,0,0,0.0
1785431648.755,17:14:08,timeslice,1,0.0,0,0,0.0
1785431648.755,17:14:08,timeslice,2,0.0,0,0,0.0
1785431648.755,17:14:08,timeslice,3,0.0,0,0,0.0
1785431648.755,17:14:08,timeslice,4,0.0,0,0,0.0
1785431648.755,17:14:08,timeslice,5,0.0,0,0,0.0
1785431648.755,17:14:08,timeslice,6,0.0,0,0,0.0
1785431648.755,17:14:08,timeslice,7,0.0,0,0,0.0
1785431649.756,17:14:09,timeslice,0,0.0,0,0,0.0
1785431649.756,17:14:09,timeslice,1,0.0,0,0,0.0
1785431649.756,17:14:09,timeslice,2,0.0,0,0,0.0
1785431649.756,17:14:09,timeslice,3,0.0,0,0,0.0
1785431649.756,17:14:09,timeslice,4,0.0,0,0,0.0
1785431649.756,17:14:09,timeslice,5,0.0,0,0,0.0
1785431649.756,17:14:09,timeslice,6,0.0,0,0,0.0
1785431649.756,17:14:09,timeslice,7,0.0,0,0,0.0
1785431650.756,17:14:10,timeslice,0,0.0,0,0,0.0
1785431650.756,17:14:10,timeslice,1,0.0,0,0,0.0
1785431650.756,17:14:10,timeslice,2,0.0,0,0,0.0
1785431650.756,17:14:10,timeslice,3,0.0,0,0,0.0
1785431650.756,17:14:10,timeslice,4,0.0,0,0,0.0
1785431650.756,17:14:10,timeslice,5,0.0,0,0,0.0
1785431650.756,17:14:10,timeslice,6,0.0,0,0,0.0
1785431650.756,17:14:10,timeslice,7,0.0,0,0,0.0
1785431651.756,17:14:11,timeslice,0,0.0,0,0,0.0
1785431651.756,17:14:11,timeslice,1,0.0,0,0,0.0
1785431651.756,17:14:11,timeslice,2,0.0,0,0,0.0
1785431651.756,17:14:11,timeslice,3,0.0,0,0,0.0
1785431651.756,17:14:11,timeslice,4,0.0,0,0,0.0
1785431651.756,17:14:11,timeslice,5,0.0,0,0,0.0
1785431651.756,17:14:11,timeslice,6,0.0,0,0,0.0
1785431651.756,17:14:11,timeslice,7,0.0,0,0,0.0
1785431652.756,17:14:12,timeslice,0,0.0,0,0,0.0
1785431652.756,17:14:12,timeslice,1,0.0,0,0,0.0
1785431652.756,17:14:12,timeslice,2,0.0,0,0,0.0
1785431652.756,17:14:12,timeslice,3,0.0,0,0,0.0
1785431652.756,17:14:12,timeslice,4,0.0,0,0,0.0
1785431652.756,17:14:12,timeslice,5,0.0,0,0,0.0
1785431652.756,17:14:12,timeslice,6,0.0,0,0,0.0
1785431652.756,17:14:12,timeslice,7,0.0,0,0,0.0
1785431653.756,17:14:13,timeslice,0,0.0,0,0,0.0
1785431653.756,17:14:13,timeslice,1,0.0,0,0,0.0
1785431653.756,17:14:13,timeslice,2,0.0,0,0,0.0
1785431653.756,17:14:13,timeslice,3,0.0,0,0,0.0
1785431653.756,17:14:13,timeslice,4,0.0,0,0,0.0
1785431653.756,17:14:13,timeslice,5,0.0,0,0,0.0
1785431653.756,17:14:13,timeslice,6,0.0,0,0,0.0
1785431653.756,17:14:13,timeslice,7,0.0,0,0,0.0
1785431654.756,17:14:14,timeslice,0,0.0,0,0,0.0
1785431654.756,17:14:14,timeslice,1,0.0,0,0,0.0
1785431654.756,17:14:14,timeslice,2,0.0,0,0,0.0
1785431654.756,17:14:14,timeslice,3,0.0,0,0,0.0
1785431654.756,17:14:14,timeslice,4,0.0,0,0,0.0
1785431654.756,17:14:14,timeslice,5,0.0,0,0,0.0
1785431654.756,17:14:14,timeslice,6,0.0,0,0,0.0
1785431654.756,17:14:14,timeslice,7,0.0,0,0,0.0
1785431655.756,17:14:15,timeslice,0,0.0,0,0,0.0
1785431655.756,17:14:15,timeslice,1,0.0,0,0,0.0
1785431655.756,17:14:15,timeslice,2,0.0,0,0,0.0
1785431655.756,17:14:15,timeslice,3,0.0,0,0,0.0
1785431655.756,17:14:15,timeslice,4,0.0,0,0,0.0
1785431655.756,17:14:15,timeslice,5,0.0,0,0,0.0
1785431655.756,17:14:15,timeslice,6,0.0,0,0,0.0
1785431655.756,17:14:15,timeslice,7,0.0,0,0,0.0
1785431656.756,17:14:16,timeslice,0,0.0,0,0,0.0
1785431656.756,17:14:16,timeslice,1,0.0,0,0,0.0
1785431656.756,17:14:16,timeslice,2,0.0,0,0,0.0
1785431656.756,17:14:16,timeslice,3,0.0,0,0,0.0
1785431656.756,17:14:16,timeslice,4,0.0,0,0,0.0
1785431656.756,17:14:16,timeslice,5,0.0,0,0,0.0
1785431656.756,17:14:16,timeslice,6,0.0,0,0,0.0
1785431656.756,17:14:16,timeslice,7,0.0,0,0,0.0
1785431657.757,17:14:17,timeslice,0,0.0,0,0,0.0
1785431657.757,17:14:17,timeslice,1,0.0,0,0,0.0
1785431657.757,17:14:17,timeslice,2,0.0,0,0,0.0
1785431657.757,17:14:17,timeslice,3,0.0,0,0,0.0
1785431657.757,17:14:17,timeslice,4,0.0,0,0,0.0
1785431657.757,17:14:17,timeslice,5,0.0,0,0,0.0
1785431657.757,17:14:17,timeslice,6,0.0,0,0,0.0
1785431657.757,17:14:17,timeslice,7,0.0,0,0,0.0
1785431658.757,17:14:18,timeslice,0,0.0,0,0,0.0
1785431658.757,17:14:18,timeslice,1,0.0,0,0,0.0
1785431658.757,17:14:18,timeslice,2,0.0,0,0,0.0
1785431658.757,17:14:18,timeslice,3,0.0,0,0,0.0
1785431658.757,17:14:18,timeslice,4,0.0,0,0,0.0
1785431658.757,17:14:18,timeslice,5,0.0,0,0,0.0
1785431658.757,17:14:18,timeslice,6,0.0,0,0,0.0
1785431658.757,17:14:18,timeslice,7,0.0,0,0,0.0
1785431659.757,17:14:19,timeslice,0,0.0,0,0,0.0
1785431659.757,17:14:19,timeslice,1,0.0,0,0,0.0
1785431659.757,17:14:19,timeslice,2,0.0,0,0,0.0
1785431659.757,17:14:19,timeslice,3,0.0,0,0,0.0
1785431659.757,17:14:19,timeslice,4,0.0,0,0,0.0
1785431659.757,17:14:19,timeslice,5,0.0,0,0,0.0
1785431659.757,17:14:19,timeslice,6,0.0,0,0,0.0
1785431659.757,17:14:19,timeslice,7,0.0,0,0,0.0
1785431660.757,17:14:20,timeslice,0,0.0,0,0,0.0
1785431660.757,17:14:20,timeslice,1,0.0,0,0,0.0
1785431660.757,17:14:20,timeslice,2,0.0,0,0,0.0
1785431660.757,17:14:20,timeslice,3,0.0,0,0,0.0
1785431660.757,17:14:20,timeslice,4,0.0,0,0,0.0
1785431660.757,17:14:20,timeslice,5,0.0,0,0,0.0
1785431660.757,17:14:20,timeslice,6,0.0,0,0,0.0
1785431660.757,17:14:20,timeslice,7,0.0,0,0,0.0
1785431661.757,17:14:21,timeslice,0,0.0,0,0,0.0
1785431661.757,17:14:21,timeslice,1,0.0,0,0,0.0
1785431661.757,17:14:21,timeslice,2,0.0,0,0,0.0
1785431661.757,17:14:21,timeslice,3,0.0,0,0,0.0
1785431661.757,17:14:21,timeslice,4,0.0,0,0,0.0
1785431661.757,17:14:21,timeslice,5,0.0,0,0,0.0
1785431661.757,17:14:21,timeslice,6,0.0,0,0,0.0
1785431661.757,17:14:21,timeslice,7,0.0,0,0,0.0
1785431662.757,17:14:22,timeslice,0,0.0,0,0,0.0
1785431662.757,17:14:22,timeslice,1,0.0,0,0,0.0
1785431662.757,17:14:22,timeslice,2,0.0,0,0,0.0
1785431662.757,17:14:22,timeslice,3,0.0,0,0,0.0
1785431662.757,17:14:22,timeslice,4,0.0,0,0,0.0
1785431662.757,17:14:22,timeslice,5,0.0,0,0,0.0
1785431662.757,17:14:22,timeslice,6,0.0,0,0,0.0
1785431662.757,17:14:22,timeslice,7,0.0,0,0,0.0
1785431663.757,17:14:23,timeslice,0,0.0,0,0,0.0
1785431663.757,17:14:23,timeslice,1,0.0,0,0,0.0
1785431663.757,17:14:23,timeslice,2,0.0,0,0,0.0
1785431663.757,17:14:23,timeslice,3,0.0,0,0,0.0
1785431663.757,17:14:23,timeslice,4,0.0,0,0,0.0
1785431663.757,17:14:23,timeslice,5,0.0,0,0,0.0
1785431663.757,17:14:23,timeslice,6,0.0,0,0,0.0
1785431663.757,17:14:23,timeslice,7,0.0,0,0,0.0
1785431664.757,17:14:24,timeslice,0,0.0,0,0,0.0
1785431664.757,17:14:24,timeslice,1,0.0,0,0,0.0
1785431664.757,17:14:24,timeslice,2,0.0,0,0,0.0
1785431664.757,17:14:24,timeslice,3,0.0,0,0,0.0
1785431664.757,17:14:24,timeslice,4,0.0,0,0,0.0
1785431664.757,17:14:24,timeslice,5,0.0,0,0,0.0
1785431664.757,17:14:24,timeslice,6,0.0,0,0,0.0
1785431664.757,17:14:24,timeslice,7,0.0,0,0,0.0
1785431665.758,17:14:25,timeslice,0,0.0,0,0,0.0
1785431665.758,17:14:25,timeslice,1,0.0,0,0,0.0
1785431665.758,17:14:25,timeslice,2,0.0,0,0,0.0
1785431665.758,17:14:25,timeslice,3,0.0,0,0,0.0
1785431665.758,17:14:25,timeslice,4,0.0,0,0,0.0
1785431665.758,17:14:25,timeslice,5,0.0,0,0,0.0
1785431665.758,17:14:25,timeslice,6,0.0,0,0,0.0
1785431665.758,17:14:25,timeslice,7,0.0,0,0,0.0
1785431666.758,17:14:26,timeslice,0,0.0,0,0,0.0
1785431666.758,17:14:26,timeslice,1,0.0,0,0,0.0
1785431666.758,17:14:26,timeslice,2,0.0,0,0,0.0
1785431666.758,17:14:26,timeslice,3,0.0,0,0,0.0
1785431666.758,17:14:26,timeslice,4,0.0,0,0,0.0
1785431666.758,17:14:26,timeslice,5,0.0,0,0,0.0
1785431666.758,17:14:26,timeslice,6,0.0,0,0,0.0
1785431666.758,17:14:26,timeslice,7,0.0,0,0,0.0
1785431667.758,17:14:27,timeslice,0,0.0,0,0,0.0
1785431667.758,17:14:27,timeslice,1,0.0,0,0,0.0
1785431667.758,17:14:27,timeslice,2,0.0,0,0,0.0
1785431667.758,17:14:27,timeslice,3,0.0,0,0,0.0
1785431667.758,17:14:27,timeslice,4,0.0,0,0,0.0
1785431667.758,17:14:27,timeslice,5,0.0,0,0,0.0
1785431667.758,17:14:27,timeslice,6,0.0,0,0,0.0
1785431667.758,17:14:27,timeslice,7,0.0,0,0,0.0
1785431668.758,17:14:28,timeslice,0,0.0,0,0,0.0
1785431668.758,17:14:28,timeslice,1,0.0,0,0,0.0
1785431668.758,17:14:28,timeslice,2,0.0,0,0,0.0
1785431668.758,17:14:28,timeslice,3,0.0,0,0,0.0
1785431668.758,17:14:28,timeslice,4,0.0,0,0,0.0
1785431668.758,17:14:28,timeslice,5,0.0,0,0,0.0
1785431668.758,17:14:28,timeslice,6,0.0,0,0,0.0
1785431668.758,17:14:28,timeslice,7,0.0,0,0,0.0
1785431669.758,17:14:29,timeslice,0,0.0,0,0,0.0
1785431669.758,17:14:29,timeslice,1,0.0,0,0,0.0
1785431669.758,17:14:29,timeslice,2,0.0,0,0,0.0
1785431669.758,17:14:29,timeslice,3,0.0,0,0,0.0
1785431669.758,17:14:29,timeslice,4,0.0,0,0,0.0
1785431669.758,17:14:29,timeslice,5,0.0,0,0,0.0
1785431669.758,17:14:29,timeslice,6,0.0,0,0,0.0
1785431669.758,17:14:29,timeslice,7,0.0,0,0,0.0
1785431670.758,17:14:30,timeslice,0,0.0,0,0,0.0
1785431670.758,17:14:30,timeslice,1,0.0,0,0,0.0
1785431670.758,17:14:30,timeslice,2,0.0,0,0,0.0
1785431670.758,17:14:30,timeslice,3,0.0,0,0,0.0
1785431670.758,17:14:30,timeslice,4,0.0,0,0,0.0
1785431670.758,17:14:30,timeslice,5,0.0,0,0,0.0
1785431670.758,17:14:30,timeslice,6,0.0,0,0,0.0
1785431670.758,17:14:30,timeslice,7,0.0,0,0,0.0
1785431671.758,17:14:31,timeslice,0,0.0,0,0,0.0
1785431671.758,17:14:31,timeslice,1,0.0,0,0,0.0
1785431671.758,17:14:31,timeslice,2,0.0,0,0,0.0
1785431671.758,17:14:31,timeslice,3,0.0,0,0,0.0
1785431671.758,17:14:31,timeslice,4,0.0,0,0,0.0
1785431671.758,17:14:31,timeslice,5,0.0,0,0,0.0
1785431671.758,17:14:31,timeslice,6,0.0,0,0,0.0
1785431671.758,17:14:31,timeslice,7,0.0,0,0,0.0
1785431672.759,17:14:32,timeslice,0,0.0,0,0,0.0
1785431672.759,17:14:32,timeslice,1,0.0,0,0,0.0
1785431672.759,17:14:32,timeslice,2,0.0,0,0,0.0
1785431672.759,17:14:32,timeslice,3,0.0,0,0,0.0
1785431672.759,17:14:32,timeslice,4,0.0,0,0,0.0
1785431672.759,17:14:32,timeslice,5,0.0,0,0,0.0
1785431672.759,17:14:32,timeslice,6,0.0,0,0,0.0
1785431672.759,17:14:32,timeslice,7,0.0,0,0,0.0
1785431673.759,17:14:33,timeslice,0,0.0,0,0,0.0
1785431673.759,17:14:33,timeslice,1,0.0,0,0,0.0
1785431673.759,17:14:33,timeslice,2,0.0,0,0,0.0
1785431673.759,17:14:33,timeslice,3,0.0,0,0,0.0
1785431673.759,17:14:33,timeslice,4,0.0,0,0,0.0
1785431673.759,17:14:33,timeslice,5,0.0,0,0,0.0
1785431673.759,17:14:33,timeslice,6,0.0,0,0,0.0
1785431673.759,17:14:33,timeslice,7,0.0,0,0,0.0
1785431674.759,17:14:34,timeslice,0,0.0,0,0,0.0
1785431674.759,17:14:34,timeslice,1,0.0,0,0,0.0
1785431674.759,17:14:34,timeslice,2,0.0,0,0,0.0
1785431674.759,17:14:34,timeslice,3,0.0,0,0,0.0
1785431674.759,17:14:34,timeslice,4,0.0,0,0,0.0
1785431674.759,17:14:34,timeslice,5,0.0,0,0,0.0
1785431674.759,17:14:34,timeslice,6,0.0,0,0,0.0
1785431674.759,17:14:34,timeslice,7,0.0,0,0,0.0
1785431675.759,17:14:35,timeslice,0,0.0,0,0,0.0
1785431675.759,17:14:35,timeslice,1,0.0,0,0,0.0
1785431675.759,17:14:35,timeslice,2,0.0,0,0,0.0
1785431675.759,17:14:35,timeslice,3,0.0,0,0,0.0
1785431675.759,17:14:35,timeslice,4,0.0,0,0,0.0
1785431675.759,17:14:35,timeslice,5,0.0,0,0,0.0
1785431675.759,17:14:35,timeslice,6,0.0,0,0,0.0
1785431675.759,17:14:35,timeslice,7,0.0,0,0,0.0
1785431676.759,17:14:36,timeslice,0,0.0,0,0,0.0
1785431676.759,17:14:36,timeslice,1,0.0,0,0,0.0
1785431676.759,17:14:36,timeslice,2,0.0,0,0,0.0
1785431676.759,17:14:36,timeslice,3,0.0,0,0,0.0
1785431676.759,17:14:36,timeslice,4,0.0,0,0,0.0
1785431676.759,17:14:36,timeslice,5,0.0,0,0,0.0
1785431676.759,17:14:36,timeslice,6,0.0,0,0,0.0
1785431676.759,17:14:36,timeslice,7,0.0,0,0,0.0
1785431677.76,17:14:37,timeslice,0,0.0,0,0,0.0
1785431677.76,17:14:37,timeslice,1,0.0,0,0,0.0
1785431677.76,17:14:37,timeslice,2,0.0,0,0,0.0
1785431677.76,17:14:37,timeslice,3,0.0,0,0,0.0
1785431677.76,17:14:37,timeslice,4,0.0,0,0,0.0
1785431677.76,17:14:37,timeslice,5,0.0,0,0,0.0
1785431677.76,17:14:37,timeslice,6,0.0,0,0,0.0
1785431677.76,17:14:37,timeslice,7,0.0,0,0,0.0
1785431678.76,17:14:38,timeslice,0,0.0,0,0,0.0
1785431678.76,17:14:38,timeslice,1,0.0,0,0,0.0
1785431678.76,17:14:38,timeslice,2,0.0,0,0,0.0
1785431678.76,17:14:38,timeslice,3,0.0,0,0,0.0
1785431678.76,17:14:38,timeslice,4,0.0,0,0,0.0
1785431678.76,17:14:38,timeslice,5,0.0,0,0,0.0
1785431678.76,17:14:38,timeslice,6,0.0,0,0,0.0
1785431678.76,17:14:38,timeslice,7,0.0,0,0,0.0
1785431679.761,17:14:39,timeslice,0,0.0,0,0,0.0
1785431679.761,17:14:39,timeslice,1,0.0,0,0,0.0
1785431679.761,17:14:39,timeslice,2,0.0,0,0,0.0
1785431679.761,17:14:39,timeslice,3,0.0,0,0,0.0
1785431679.761,17:14:39,timeslice,4,0.0,0,0,0.0
1785431679.761,17:14:39,timeslice,5,0.0,0,0,0.0
1785431679.761,17:14:39,timeslice,6,0.0,0,0,0.0
1785431679.761,17:14:39,timeslice,7,0.0,0,0,0.0
1785431680.761,17:14:40,timeslice,0,0.0,0,0,0.0
1785431680.761,17:14:40,timeslice,1,0.0,0,0,0.0
1785431680.761,17:14:40,timeslice,2,0.0,0,0,0.0
1785431680.761,17:14:40,timeslice,3,0.0,0,0,0.0
1785431680.761,17:14:40,timeslice,4,0.0,0,0,0.0
1785431680.761,17:14:40,timeslice,5,0.0,0,0,0.0
1785431680.761,17:14:40,timeslice,6,0.0,0,0,0.0
1785431680.761,17:14:40,timeslice,7,0.0,0,0,0.0
1785431681.761,17:14:41,timeslice,0,0.0,0,0,0.0
1785431681.761,17:14:41,timeslice,1,0.0,0,0,0.0
1785431681.761,17:14:41,timeslice,2,0.0,0,0,0.0
1785431681.761,17:14:41,timeslice,3,0.0,0,0,0.0
1785431681.761,17:14:41,timeslice,4,0.0,0,0,0.0
1785431681.761,17:14:41,timeslice,5,0.0,0,0,0.0
1785431681.761,17:14:41,timeslice,6,0.0,0,0,0.0
1785431681.761,17:14:41,timeslice,7,0.0,0,0,0.0
1785431682.761,17:14:42,timeslice,0,0.0,0,0,0.0
1785431682.761,17:14:42,timeslice,1,0.0,0,0,0.0
1785431682.761,17:14:42,timeslice,2,0.0,0,0,0.0
1785431682.761,17:14:42,timeslice,3,0.0,0,0,0.0
1785431682.761,17:14:42,timeslice,4,0.0,0,0,0.0
1785431682.761,17:14:42,timeslice,5,0.0,0,0,0.0
1785431682.761,17:14:42,timeslice,6,0.0,0,0,0.0
1785431682.761,17:14:42,timeslice,7,0.0,0,0,0.0
1785431683.761,17:14:43,timeslice,0,0.0,0,0,0.0
1785431683.761,17:14:43,timeslice,1,0.0,0,0,0.0
1785431683.761,17:14:43,timeslice,2,0.0,0,0,0.0
1785431683.761,17:14:43,timeslice,3,0.0,0,0,0.0
1785431683.761,17:14:43,timeslice,4,0.0,0,0,0.0
1785431683.761,17:14:43,timeslice,5,0.0,0,0,0.0
1785431683.761,17:14:43,timeslice,6,0.0,0,0,0.0
1785431683.761,17:14:43,timeslice,7,0.0,0,0,0.0
1785431684.761,17:14:44,timeslice,0,0.0,0,0,0.0
1785431684.761,17:14:44,timeslice,1,0.0,0,0,0.0
1785431684.761,17:14:44,timeslice,2,0.0,0,0,0.0
1785431684.761,17:14:44,timeslice,3,0.0,0,0,0.0
1785431684.761,17:14:44,timeslice,4,0.0,0,0,0.0
1785431684.761,17:14:44,timeslice,5,0.0,0,0,0.0
1785431684.761,17:14:44,timeslice,6,0.0,0,0,0.0
1785431684.761,17:14:44,timeslice,7,0.0,0,0,0.0
1785431685.761,17:14:45,timeslice,0,0.0,0,0,0.0
1785431685.761,17:14:45,timeslice,1,0.0,0,0,0.0
1785431685.761,17:14:45,timeslice,2,0.0,0,0,0.0
1785431685.761,17:14:45,timeslice,3,0.0,0,0,0.0
1785431685.761,17:14:45,timeslice,4,0.0,0,0,0.0
1785431685.761,17:14:45,timeslice,5,0.0,0,0,0.0
1785431685.761,17:14:45,timeslice,6,0.0,0,0,0.0
1785431685.761,17:14:45,timeslice,7,0.0,0,0,0.0
1785431686.761,17:14:46,timeslice,0,0.0,0,0,0.0
1785431686.761,17:14:46,timeslice,1,0.0,0,0,0.0
1785431686.761,17:14:46,timeslice,2,0.0,0,0,0.0
1785431686.761,17:14:46,timeslice,3,0.0,0,0,0.0
1785431686.761,17:14:46,timeslice,4,0.0,0,0,0.0
1785431686.761,17:14:46,timeslice,5,0.0,0,0,0.0
1785431686.761,17:14:46,timeslice,6,0.0,0,0,0.0
1785431686.761,17:14:46,timeslice,7,0.0,0,0,0.0
1785431687.761,17:14:47,timeslice,0,0.0,0,0,0.0
1785431687.761,17:14:47,timeslice,1,0.0,0,0,0.0
1785431687.761,17:14:47,timeslice,2,0.0,0,0,0.0
1785431687.761,17:14:47,timeslice,3,0.0,0,0,0.0
1785431687.761,17:14:47,timeslice,4,0.0,0,0,0.0
1785431687.761,17:14:47,timeslice,5,0.0,0,0,0.0
1785431687.761,17:14:47,timeslice,6,0.0,0,0,0.0
1785431687.761,17:14:47,timeslice,7,0.0,0,0,0.0
1785431688.762,17:14:48,timeslice,0,0.0,0,0,0.0
1785431688.762,17:14:48,timeslice,1,0.0,0,0,0.0
1785431688.762,17:14:48,timeslice,2,0.0,0,0,0.0
1785431688.762,17:14:48,timeslice,3,0.0,0,0,0.0
1785431688.762,17:14:48,timeslice,4,0.0,0,0,0.0
1785431688.762,17:14:48,timeslice,5,0.0,0,0,0.0
1785431688.762,17:14:48,timeslice,6,0.0,0,0,0.0
1785431688.762,17:14:48,timeslice,7,0.0,0,0,0.0
1785431689.762,17:14:49,timeslice,0,0.0,0,0,0.0
1785431689.762,17:14:49,timeslice,1,0.0,0,0,0.0
1785431689.762,17:14:49,timeslice,2,0.0,0,0,0.0
1785431689.762,17:14:49,timeslice,3,0.0,0,0,0.0
1785431689.762,17:14:49,timeslice,4,0.0,0,0,0.0
1785431689.762,17:14:49,timeslice,5,0.0,0,0,0.0
1785431689.762,17:14:49,timeslice,6,0.0,0,0,0.0
1785431689.762,17:14:49,timeslice,7,0.0,0,0,0.0
1785431690.762,17:14:50,timeslice,0,0.0,0,0,0.0
1785431690.762,17:14:50,timeslice,1,0.0,0,0,0.0
1785431690.762,17:14:50,timeslice,2,0.0,0,0,0.0
1785431690.762,17:14:50,timeslice,3,0.0,0,0,0.0
1785431690.762,17:14:50,timeslice,4,0.0,0,0,0.0
1785431690.762,17:14:50,timeslice,5,0.0,0,0,0.0
1785431690.762,17:14:50,timeslice,6,0.0,0,0,0.0
1785431690.762,17:14:50,timeslice,7,0.0,0,0,0.0
1785431691.762,17:14:51,timeslice,0,0.0,0,0,0.0
1785431691.762,17:14:51,timeslice,1,0.0,0,0,0.0
1785431691.762,17:14:51,timeslice,2,0.0,0,0,0.0
1785431691.762,17:14:51,timeslice,3,0.0,0,0,0.0
1785431691.762,17:14:51,timeslice,4,0.0,0,0,0.0
1785431691.762,17:14:51,timeslice,5,0.0,0,0,0.0
1785431691.762,17:14:51,timeslice,6,0.0,0,0,0.0
1785431691.762,17:14:51,timeslice,7,0.0,0,0,0.0
1785431692.762,17:14:52,timeslice,0,0.0,0,0,0.0
1785431692.762,17:14:52,timeslice,1,0.0,0,0,0.0
1785431692.762,17:14:52,timeslice,2,0.0,0,0,0.0
1785431692.762,17:14:52,timeslice,3,0.0,0,0,0.0
1785431692.762,17:14:52,timeslice,4,0.0,0,0,0.0
1785431692.762,17:14:52,timeslice,5,0.0,0,0,0.0
1785431692.762,17:14:52,timeslice,6,0.0,0,0,0.0
1785431692.762,17:14:52,timeslice,7,0.0,0,0,0.0
1785431693.762,17:14:53,timeslice,0,0.0,0,0,0.0
1785431693.762,17:14:53,timeslice,1,0.0,0,0,0.0
1785431693.762,17:14:53,timeslice,2,0.0,0,0,0.0
1785431693.762,17:14:53,timeslice,3,0.0,0,0,0.0
1785431693.762,17:14:53,timeslice,4,0.0,0,0,0.0
1785431693.762,17:14:53,timeslice,5,0.0,0,0,0.0
1785431693.762,17:14:53,timeslice,6,0.0,0,0,0.0
1785431693.762,17:14:53,timeslice,7,0.0,0,0,0.0
1785431694.762,17:14:54,timeslice,0,0.0,0,0,0.0
1785431694.762,17:14:54,timeslice,1,0.0,0,0,0.0
1785431694.762,17:14:54,timeslice,2,0.0,0,0,0.0
1785431694.762,17:14:54,timeslice,3,0.0,0,0,0.0
1785431694.762,17:14:54,timeslice,4,0.0,0,0,0.0
1785431694.762,17:14:54,timeslice,5,0.0,0,0,0.0
1785431694.762,17:14:54,timeslice,6,0.0,0,0,0.0
1785431694.762,17:14:54,timeslice,7,0.0,0,0,0.0
1785431695.763,17:14:55,timeslice,0,0.0,0,0,0.0
1785431695.763,17:14:55,timeslice,1,0.0,0,0,0.0
1785431695.763,17:14:55,timeslice,2,0.0,0,0,0.0
1785431695.763,17:14:55,timeslice,3,0.0,0,0,0.0
1785431695.763,17:14:55,timeslice,4,0.0,0,0,0.0
1785431695.763,17:14:55,timeslice,5,0.0,0,0,0.0
1785431695.763,17:14:55,timeslice,6,0.0,0,0,0.0
1785431695.763,17:14:55,timeslice,7,0.0,0,0,0.0
1785431696.763,17:14:56,timeslice,0,0.0,0,0,0.0
1785431696.763,17:14:56,timeslice,1,0.0,0,0,0.0
1785431696.763,17:14:56,timeslice,2,0.0,0,0,0.0
1785431696.763,17:14:56,timeslice,3,0.0,0,0,0.0
1785431696.763,17:14:56,timeslice,4,0.0,0,0,0.0
1785431696.763,17:14:56,timeslice,5,0.0,0,0,0.0
1785431696.763,17:14:56,timeslice,6,0.0,0,0,0.0
1785431696.763,17:14:56,timeslice,7,0.0,0,0,0.0
1785431697.763,17:14:57,timeslice,0,0.0,0,0,0.0
1785431697.763,17:14:57,timeslice,1,0.0,0,0,0.0
1785431697.763,17:14:57,timeslice,2,0.0,0,0,0.0
1785431697.763,17:14:57,timeslice,3,0.0,0,0,0.0
1785431697.763,17:14:57,timeslice,4,0.0,0,0,0.0
1785431697.763,17:14:57,timeslice,5,0.0,0,0,0.0
1785431697.763,17:14:57,timeslice,6,0.0,0,0,0.0
1785431697.763,17:14:57,timeslice,7,0.0,0,0,0.0
1785431698.763,17:14:58,timeslice,0,0.0,0,0,0.0
1785431698.763,17:14:58,timeslice,1,0.0,0,0,0.0
1785431698.763,17:14:58,timeslice,2,0.0,0,0,0.0
1785431698.763,17:14:58,timeslice,3,0.0,0,0,0.0
1785431698.763,17:14:58,timeslice,4,0.0,0,0,0.0
1785431698.763,17:14:58,timeslice,5,0.0,0,0,0.0
1785431698.763,17:14:58,timeslice,6,0.0,0,0,0.0
1785431698.763,17:14:58,timeslice,7,0.0,0,0,0.0
1785431699.763,17:14:59,timeslice,0,0.0,0,0,0.0
1785431699.763,17:14:59,timeslice,1,0.0,0,0,0.0
1785431699.763,17:14:59,timeslice,2,0.0,0,0,0.0
1785431699.763,17:14:59,timeslice,3,0.0,0,0,0.0
1785431699.763,17:14:59,timeslice,4,0.0,0,0,0.0
1785431699.763,17:14:59,timeslice,5,0.0,0,0,0.0
1785431699.763,17:14:59,timeslice,6,0.0,0,0,0.0
1785431699.763,17:14:59,timeslice,7,0.0,0,0,0.0
1785431700.763,17:15:00,timeslice,0,0.0,0,0,0.0
1785431700.763,17:15:00,timeslice,1,0.0,0,0,0.0
1785431700.763,17:15:00,timeslice,2,0.0,0,0,0.0
1785431700.763,17:15:00,timeslice,3,0.0,0,0,0.0
1785431700.763,17:15:00,timeslice,4,0.0,0,0,0.0
1785431700.763,17:15:00,timeslice,5,0.0,0,0,0.0
1785431700.763,17:15:00,timeslice,6,0.0,0,0,0.0
1785431700.763,17:15:00,timeslice,7,0.0,0,0,0.0
1785431701.763,17:15:01,timeslice,0,0.0,0,0,0.0
1785431701.763,17:15:01,timeslice,1,0.0,0,0,0.0
1785431701.763,17:15:01,timeslice,2,0.0,0,0,0.0
1785431701.763,17:15:01,timeslice,3,0.0,0,0,0.0
1785431701.763,17:15:01,timeslice,4,0.0,0,0,0.0
1785431701.763,17:15:01,timeslice,5,0.0,0,0,0.0
1785431701.763,17:15:01,timeslice,6,0.0,0,0,0.0
1785431701.763,17:15:01,timeslice,7,0.0,0,0,0.0
1785431702.763,17:15:02,timeslice,0,0.0,0,0,0.0
1785431702.763,17:15:02,timeslice,1,0.0,0,0,0.0
1785431702.763,17:15:02,timeslice,2,0.0,0,0,0.0
1785431702.763,17:15:02,timeslice,3,0.0,0,0,0.0
1785431702.763,17:15:02,timeslice,4,0.0,0,0,0.0
1785431702.763,17:15:02,timeslice,5,0.0,0,0,0.0
1785431702.763,17:15:02,timeslice,6,0.0,0,0,0.0
1785431702.763,17:15:02,timeslice,7,0.0,0,0,0.0
1785431703.764,17:15:03,timeslice,0,0.0,0,0,0.0
1785431703.764,17:15:03,timeslice,1,0.0,0,0,0.0
1785431703.764,17:15:03,timeslice,2,0.0,0,0,0.0
1785431703.764,17:15:03,timeslice,3,0.0,0,0,0.0
1785431703.764,17:15:03,timeslice,4,0.0,0,0,0.0
1785431703.764,17:15:03,timeslice,5,0.0,0,0,0.0
1785431703.764,17:15:03,timeslice,6,0.0,0,0,0.0
1785431703.764,17:15:03,timeslice,7,0.0,0,0,0.0
1785431704.764,17:15:04,timeslice,0,0.0,0,0,0.0
1785431704.764,17:15:04,timeslice,1,0.0,0,0,0.0
1785431704.764,17:15:04,timeslice,2,0.0,0,0,0.0
1785431704.764,17:15:04,timeslice,3,0.0,0,0,0.0
1785431704.764,17:15:04,timeslice,4,0.0,0,0,0.0
1785431704.764,17:15:04,timeslice,5,0.0,0,0,0.0
1785431704.764,17:15:04,timeslice,6,0.0,0,0,0.0
1785431704.764,17:15:04,timeslice,7,0.0,0,0,0.0
1785431705.764,17:15:05,timeslice,0,0.0,0,0,0.0
1785431705.764,17:15:05,timeslice,1,0.0,0,0,0.0
1785431705.764,17:15:05,timeslice,2,0.0,0,0,0.0
1785431705.764,17:15:05,timeslice,3,0.0,0,0,0.0
1785431705.764,17:15:05,timeslice,4,0.0,0,0,0.0
1785431705.764,17:15:05,timeslice,5,0.0,0,0,0.0
1785431705.764,17:15:05,timeslice,6,0.0,0,0,0.0
1785431705.764,17:15:05,timeslice,7,0.0,0,0,0.0
1785431706.764,17:15:06,timeslice,0,0.0,0,0,0.0
1785431706.764,17:15:06,timeslice,1,0.0,0,0,0.0
1785431706.764,17:15:06,timeslice,2,0.0,0,0,0.0
1785431706.764,17:15:06,timeslice,3,0.0,0,0,0.0
1785431706.764,17:15:06,timeslice,4,0.0,0,0,0.0
1785431706.764,17:15:06,timeslice,5,0.0,0,0,0.0
1785431706.764,17:15:06,timeslice,6,0.0,0,0,0.0
1785431706.764,17:15:06,timeslice,7,0.0,0,0,0.0
1785431707.764,17:15:07,timeslice,0,0.0,0,0,0.0
1785431707.764,17:15:07,timeslice,1,0.0,0,0,0.0
1785431707.764,17:15:07,timeslice,2,0.0,0,0,0.0
1785431707.764,17:15:07,timeslice,3,0.0,0,0,0.0
1785431707.764,17:15:07,timeslice,4,0.0,0,0,0.0
1785431707.764,17:15:07,timeslice,5,0.0,0,0,0.0
1785431707.764,17:15:07,timeslice,6,0.0,0,0,0.0
1785431707.764,17:15:07,timeslice,7,0.0,0,0,0.0
1785431708.764,17:15:08,timeslice,0,0.0,0,0,0.0
1785431708.764,17:15:08,timeslice,1,0.0,0,0,0.0
1785431708.764,17:15:08,timeslice,2,0.0,0,0,0.0
1785431708.764,17:15:08,timeslice,3,0.0,0,0,0.0
1785431708.764,17:15:08,timeslice,4,0.0,0,0,0.0
1785431708.764,17:15:08,timeslice,5,0.0,0,0,0.0
1785431708.764,17:15:08,timeslice,6,0.0,0,0,0.0
1785431708.764,17:15:08,timeslice,7,0.0,0,0,0.0
1785431709.764,17:15:09,timeslice,0,0.0,0,0,0.0
1785431709.764,17:15:09,timeslice,1,0.0,0,0,0.0
1785431709.764,17:15:09,timeslice,2,0.0,0,0,0.0
1785431709.764,17:15:09,timeslice,3,0.0,0,0,0.0
1785431709.764,17:15:09,timeslice,4,0.0,0,0,0.0
1785431709.764,17:15:09,timeslice,5,0.0,0,0,0.0
1785431709.764,17:15:09,timeslice,6,0.0,0,0,0.0
1785431709.764,17:15:09,timeslice,7,0.0,0,0,0.0
1785431710.764,17:15:10,timeslice,0,0.0,0,0,0.0
1785431710.764,17:15:10,timeslice,1,0.0,0,0,0.0
1785431710.764,17:15:10,timeslice,2,0.0,0,0,0.0
1785431710.764,17:15:10,timeslice,3,0.0,0,0,0.0
1785431710.764,17:15:10,timeslice,4,0.0,0,0,0.0
1785431710.764,17:15:10,timeslice,5,0.0,0,0,0.0
1785431710.764,17:15:10,timeslice,6,0.0,0,0,0.0
1785431710.764,17:15:10,timeslice,7,0.0,0,0,0.0
1785431711.764,17:15:11,timeslice,0,0.0,0,0,0.0
1785431711.764,17:15:11,timeslice,1,0.0,0,0,0.0
1785431711.764,17:15:11,timeslice,2,0.0,0,0,0.0
1785431711.764,17:15:11,timeslice,3,0.0,0,0,0.0
1785431711.764,17:15:11,timeslice,4,0.0,0,0,0.0
1785431711.764,17:15:11,timeslice,5,0.0,0,0,0.0
1785431711.764,17:15:11,timeslice,6,0.0,0,0,0.0
1785431711.764,17:15:11,timeslice,7,0.0,0,0,0.0
1785431712.765,17:15:12,timeslice,0,0.0,0,0,0.0
1785431712.765,17:15:12,timeslice,1,0.0,0,0,0.0
1785431712.765,17:15:12,timeslice,2,0.0,0,0,0.0
1785431712.765,17:15:12,timeslice,3,0.0,0,0,0.0
1785431712.765,17:15:12,timeslice,4,0.0,0,0,0.0
1785431712.765,17:15:12,timeslice,5,0.0,0,0,0.0
1785431712.765,17:15:12,timeslice,6,0.0,0,0,0.0
1785431712.765,17:15:12,timeslice,7,0.0,0,0,0.0
1785431713.765,17:15:13,timeslice,0,0.0,0,0,0.0
1785431713.765,17:15:13,timeslice,1,0.0,0,0,0.0
1785431713.765,17:15:13,timeslice,2,0.0,0,0,0.0
1785431713.765,17:15:13,timeslice,3,0.0,0,0,0.0
1785431713.765,17:15:13,timeslice,4,0.0,0,0,0.0
1785431713.765,17:15:13,timeslice,5,0.0,0,0,0.0
1785431713.765,17:15:13,timeslice,6,0.0,0,0,0.0
1785431713.765,17:15:13,timeslice,7,0.0,0,0,0.0
1785431714.765,17:15:14,timeslice,0,0.0,0,0,0.0
1785431714.765,17:15:14,timeslice,1,0.0,0,0,0.0
1785431714.765,17:15:14,timeslice,2,0.0,0,0,0.0
1785431714.765,17:15:14,timeslice,3,0.0,0,0,0.0
1785431714.765,17:15:14,timeslice,4,0.0,0,0,0.0
1785431714.765,17:15:14,timeslice,5,0.0,0,0,0.0
1785431714.765,17:15:14,timeslice,6,0.0,0,0,0.0
1785431714.765,17:15:14,timeslice,7,0.0,0,0,0.0
1785431715.765,17:15:15,timeslice,0,0.0,0,0,0.0
1785431715.765,17:15:15,timeslice,1,0.0,0,0,0.0
1785431715.765,17:15:15,timeslice,2,0.0,0,0,0.0
1785431715.765,17:15:15,timeslice,3,0.0,0,0,0.0
1785431715.765,17:15:15,timeslice,4,0.0,0,0,0.0
1785431715.765,17:15:15,timeslice,5,0.0,0,0,0.0
1785431715.765,17:15:15,timeslice,6,0.0,0,0,0.0
1785431715.765,17:15:15,timeslice,7,0.0,0,0,0.0
1785431716.766,17:15:16,timeslice,0,0.0,0,0,0.0
1785431716.766,17:15:16,timeslice,1,0.0,0,0,0.0
1785431716.766,17:15:16,timeslice,2,0.0,0,0,0.0
1785431716.766,17:15:16,timeslice,3,0.0,0,0,0.0
1785431716.766,17:15:16,timeslice,4,0.0,0,0,0.0
1785431716.766,17:15:16,timeslice,5,0.0,0,0,0.0
1785431716.766,17:15:16,timeslice,6,0.0,0,0,0.0
1785431716.766,17:15:16,timeslice,7,0.0,0,0,0.0
1785431717.766,17:15:17,timeslice,0,0.0,0,0,0.0
1785431717.766,17:15:17,timeslice,1,0.0,0,0,0.0
1785431717.766,17:15:17,timeslice,2,0.0,0,0,0.0
1785431717.766,17:15:17,timeslice,3,0.0,0,0,0.0
1785431717.766,17:15:17,timeslice,4,0.0,0,0,0.0
1785431717.766,17:15:17,timeslice,5,0.0,0,0,0.0
1785431717.766,17:15:17,timeslice,6,0.0,0,0,0.0
1785431717.766,17:15:17,timeslice,7,0.0,0,0,0.0
1785431718.766,17:15:18,timeslice,0,0.0,0,0,0.0
1785431718.766,17:15:18,timeslice,1,0.0,0,0,0.0
1785431718.766,17:15:18,timeslice,2,0.0,0,0,0.0
1785431718.766,17:15:18,timeslice,3,0.0,0,0,0.0
1785431718.766,17:15:18,timeslice,4,0.0,0,0,0.0
1785431718.766,17:15:18,timeslice,5,0.0,0,0,0.0
1785431718.766,17:15:18,timeslice,6,0.0,0,0,0.0
1785431718.766,17:15:18,timeslice,7,0.0,0,0,0.0
1785431719.766,17:15:19,timeslice,0,0.0,0,0,0.0
1785431719.766,17:15:19,timeslice,1,0.0,0,0,0.0
1785431719.766,17:15:19,timeslice,2,0.0,0,0,0.0
1785431719.766,17:15:19,timeslice,3,0.0,0,0,0.0
1785431719.766,17:15:19,timeslice,4,0.0,0,0,0.0
1785431719.766,17:15:19,timeslice,5,0.0,0,0,0.0
1785431719.766,17:15:19,timeslice,6,0.0,0,0,0.0
1785431719.766,17:15:19,timeslice,7,0.0,0,0,0.0
1785431720.767,17:15:20,timeslice,0,0.0,0,0,0.0
1785431720.767,17:15:20,timeslice,1,0.0,0,0,0.0
1785431720.767,17:15:20,timeslice,2,0.0,0,0,0.0
1785431720.767,17:15:20,timeslice,3,0.0,0,0,0.0
1785431720.767,17:15:20,timeslice,4,0.0,0,0,0.0
1785431720.767,17:15:20,timeslice,5,0.0,0,0,0.0
1785431720.767,17:15:20,timeslice,6,0.0,0,0,0.0
1785431720.767,17:15:20,timeslice,7,0.0,0,0,0.0
1785431721.767,17:15:21,timeslice,0,0.0,0,0,0.0
1785431721.767,17:15:21,timeslice,1,0.0,0,0,0.0
1785431721.767,17:15:21,timeslice,2,0.0,0,0,0.0
1785431721.767,17:15:21,timeslice,3,0.0,0,0,0.0
1785431721.767,17:15:21,timeslice,4,0.0,0,0,0.0
1785431721.767,17:15:21,timeslice,5,0.0,0,0,0.0
1785431721.767,17:15:21,timeslice,6,0.0,0,0,0.0
1785431721.767,17:15:21,timeslice,7,0.0,0,0,0.0
1785431722.767,17:15:22,timeslice,0,0.0,0,0,0.0
1785431722.767,17:15:22,timeslice,1,0.0,0,0,0.0
1785431722.767,17:15:22,timeslice,2,0.0,0,0,0.0
1785431722.767,17:15:22,timeslice,3,0.0,0,0,0.0
1785431722.767,17:15:22,timeslice,4,0.0,0,0,0.0
1785431722.767,17:15:22,timeslice,5,0.0,0,0,0.0
1785431722.767,17:15:22,timeslice,6,0.0,0,0,0.0
1785431722.767,17:15:22,timeslice,7,0.0,0,0,0.0
1785431723.767,17:15:23,timeslice,0,0.0,0,0,0.0
1785431723.767,17:15:23,timeslice,1,0.0,0,0,0.0
1785431723.767,17:15:23,timeslice,2,0.0,0,0,0.0
1785431723.767,17:15:23,timeslice,3,0.0,0,0,0.0
1785431723.767,17:15:23,timeslice,4,0.0,0,0,0.0
1785431723.767,17:15:23,timeslice,5,0.0,0,0,0.0
1785431723.767,17:15:23,timeslice,6,0.0,0,0,0.0
1785431723.767,17:15:23,timeslice,7,0.0,0,0,0.0
1785431724.767,17:15:24,timeslice,0,0.0,0,0,0.0
1785431724.767,17:15:24,timeslice,1,0.0,0,0,0.0
1785431724.767,17:15:24,timeslice,2,0.0,0,0,0.0
1785431724.767,17:15:24,timeslice,3,0.0,0,0,0.0
1785431724.767,17:15:24,timeslice,4,0.0,0,0,0.0
1785431724.767,17:15:24,timeslice,5,0.0,0,0,0.0
1785431724.767,17:15:24,timeslice,6,0.0,0,0,0.0
1785431724.767,17:15:24,timeslice,7,0.0,0,0,0.0
1785431725.768,17:15:25,timeslice,0,0.0,0,0,0.0
1785431725.768,17:15:25,timeslice,1,0.0,0,0,0.0
1785431725.768,17:15:25,timeslice,2,0.0,0,0,0.0
1785431725.768,17:15:25,timeslice,3,0.0,0,0,0.0
1785431725.768,17:15:25,timeslice,4,0.0,0,0,0.0
1785431725.768,17:15:25,timeslice,5,0.0,0,0,0.0
1785431725.768,17:15:25,timeslice,6,0.0,0,0,0.0
1785431725.768,17:15:25,timeslice,7,0.0,0,0,0.0
1785431726.768,17:15:26,timeslice,0,0.0,0,0,0.0
1785431726.768,17:15:26,timeslice,1,0.0,0,0,0.0
1785431726.768,17:15:26,timeslice,2,0.0,0,0,0.0
1785431726.768,17:15:26,timeslice,3,0.0,0,0,0.0
1785431726.768,17:15:26,timeslice,4,0.0,0,0,0.0
1785431726.768,17:15:26,timeslice,5,0.0,0,0,0.0
1785431726.768,17:15:26,timeslice,6,0.0,0,0,0.0
1785431726.768,17:15:26,timeslice,7,0.0,0,0,0.0
1785431727.768,17:15:27,timeslice,0,0.0,0,0,0.0
1785431727.768,17:15:27,timeslice,1,0.0,0,0,0.0
1785431727.768,17:15:27,timeslice,2,0.0,0,0,0.0
1785431727.768,17:15:27,timeslice,3,0.0,0,0,0.0
1785431727.768,17:15:27,timeslice,4,0.0,0,0,0.0
1785431727.768,17:15:27,timeslice,5,0.0,0,0,0.0
1785431727.768,17:15:27,timeslice,6,0.0,0,0,0.0
1785431727.768,17:15:27,timeslice,7,0.0,0,0,0.0
1785431728.768,17:15:28,timeslice,0,0.0,0,0,0.0
1785431728.768,17:15:28,timeslice,1,0.0,0,0,0.0
1785431728.768,17:15:28,timeslice,2,0.0,0,0,0.0
1785431728.768,17:15:28,timeslice,3,0.0,0,0,0.0
1785431728.768,17:15:28,timeslice,4,0.0,0,0,0.0
1785431728.768,17:15:28,timeslice,5,0.0,0,0,0.0
1785431728.768,17:15:28,timeslice,6,0.0,0,0,0.0
1785431728.768,17:15:28,timeslice,7,0.0,0,0,0.0
1785431729.768,17:15:29,timeslice,0,0.0,0,0,0.0
1785431729.768,17:15:29,timeslice,1,0.0,0,0,0.0
1785431729.768,17:15:29,timeslice,2,0.0,0,0,0.0
1785431729.768,17:15:29,timeslice,3,0.0,0,0,0.0
1785431729.768,17:15:29,timeslice,4,0.0,0,0,0.0
1785431729.768,17:15:29,timeslice,5,0.0,0,0,0.0
1785431729.768,17:15:29,timeslice,6,0.0,0,0,0.0
1785431729.768,17:15:29,timeslice,7,0.0,0,0,0.0
1785431730.768,17:15:30,timeslice,0,0.0,0,0,0.0
1785431730.768,17:15:30,timeslice,1,0.0,0,0,0.0
1785431730.768,17:15:30,timeslice,2,0.0,0,0,0.0
1785431730.768,17:15:30,timeslice,3,0.0,0,0,0.0
1785431730.768,17:15:30,timeslice,4,0.0,0,0,0.0
1785431730.768,17:15:30,timeslice,5,0.0,0,0,0.0
1785431730.768,17:15:30,timeslice,6,0.0,0,0,0.0
1785431730.768,17:15:30,timeslice,7,0.0,0,0,0.0
1785431731.768,17:15:31,timeslice,0,0.0,0,0,0.0
1785431731.768,17:15:31,timeslice,1,0.0,0,0,0.0
1785431731.768,17:15:31,timeslice,2,0.0,0,0,0.0
1785431731.768,17:15:31,timeslice,3,0.0,0,0,0.0
1785431731.768,17:15:31,timeslice,4,0.0,0,0,0.0
1785431731.768,17:15:31,timeslice,5,0.0,0,0,0.0
1785431731.768,17:15:31,timeslice,6,0.0,0,0,0.0
1785431731.768,17:15:31,timeslice,7,0.0,0,0,0.0
1785431732.768,17:15:32,timeslice,0,0.0,0,0,0.0
1785431732.768,17:15:32,timeslice,1,0.0,0,0,0.0
1785431732.768,17:15:32,timeslice,2,0.0,0,0,0.0
1785431732.768,17:15:32,timeslice,3,0.0,0,0,0.0
1785431732.768,17:15:32,timeslice,4,0.0,0,0,0.0
1785431732.768,17:15:32,timeslice,5,0.0,0,0,0.0
1785431732.768,17:15:32,timeslice,6,0.0,0,0,0.0
1785431732.768,17:15:32,timeslice,7,0.0,0,0,0.0
1785431733.769,17:15:33,timeslice,0,0.0,0,0,0.0
1785431733.769,17:15:33,timeslice,1,0.0,0,0,0.0
1785431733.769,17:15:33,timeslice,2,0.0,0,0,0.0
1785431733.769,17:15:33,timeslice,3,0.0,0,0,0.0
1785431733.769,17:15:33,timeslice,4,0.0,0,0,0.0
1785431733.769,17:15:33,timeslice,5,0.0,0,0,0.0
1785431733.769,17:15:33,timeslice,6,0.0,0,0,0.0
1785431733.769,17:15:33,timeslice,7,0.0,0,0,0.0
1785431734.769,17:15:34,timeslice,0,0.0,0,0,0.0
1785431734.769,17:15:34,timeslice,1,0.0,0,0,0.0
1785431734.769,17:15:34,timeslice,2,0.0,0,0,0.0
1785431734.769,17:15:34,timeslice,3,0.0,0,0,0.0
1785431734.769,17:15:34,timeslice,4,0.0,0,0,0.0
1785431734.769,17:15:34,timeslice,5,0.0,0,0,0.0
1785431734.769,17:15:34,timeslice,6,0.0,0,0,0.0
1785431734.769,17:15:34,timeslice,7,0.0,0,0,0.0
1785431735.769,17:15:35,timeslice,0,0.0,0,0,0.0
1785431735.769,17:15:35,timeslice,1,0.0,0,0,0.0
1785431735.769,17:15:35,timeslice,2,0.0,0,0,0.0
1785431735.769,17:15:35,timeslice,3,0.0,0,0,0.0
1785431735.769,17:15:35,timeslice,4,0.0,0,0,0.0
1785431735.769,17:15:35,timeslice,5,0.0,0,0,0.0
1785431735.769,17:15:35,timeslice,6,0.0,0,0,0.0
1785431735.769,17:15:35,timeslice,7,0.0,0,0,0.0
1785431736.769,17:15:36,timeslice,0,0.0,0,0,0.0
1785431736.769,17:15:36,timeslice,1,0.0,0,0,0.0
1785431736.769,17:15:36,timeslice,2,0.0,0,0,0.0
1785431736.769,17:15:36,timeslice,3,0.0,0,0,0.0
1785431736.769,17:15:36,timeslice,4,0.0,0,0,0.0
1785431736.769,17:15:36,timeslice,5,0.0,0,0,0.0
1785431736.769,17:15:36,timeslice,6,0.0,0,0,0.0
1785431736.769,17:15:36,timeslice,7,0.0,0,0,0.0
1785431737.769,17:15:37,timeslice,0,0.0,0,0,0.0
1785431737.769,17:15:37,timeslice,1,0.0,0,0,0.0
1785431737.769,17:15:37,timeslice,2,0.0,0,0,0.0
1785431737.769,17:15:37,timeslice,3,0.0,0,0,0.0
1785431737.769,17:15:37,timeslice,4,0.0,0,0,0.0
1785431737.769,17:15:37,timeslice,5,0.0,0,0,0.0
1785431737.769,17:15:37,timeslice,6,0.0,0,0,0.0
1785431737.769,17:15:37,timeslice,7,0.0,0,0,0.0
1785431738.769,17:15:38,timeslice,0,0.0,0,0,0.0
1785431738.769,17:15:38,timeslice,1,0.0,0,0,0.0
1785431738.769,17:15:38,timeslice,2,0.0,0,0,0.0
1785431738.769,17:15:38,timeslice,3,0.0,0,0,0.0
1785431738.769,17:15:38,timeslice,4,0.0,0,0,0.0
1785431738.769,17:15:38,timeslice,5,0.0,0,0,0.0
1785431738.769,17:15:38,timeslice,6,0.0,0,0,0.0
1785431738.769,17:15:38,timeslice,7,0.0,0,0,0.0
1785431739.769,17:15:39,timeslice,0,0.0,0,0,0.0
1785431739.769,17:15:39,timeslice,1,0.0,0,0,0.0
1785431739.769,17:15:39,timeslice,2,0.0,0,0,0.0
1785431739.769,17:15:39,timeslice,3,0.0,0,0,0.0
1785431739.769,17:15:39,timeslice,4,0.0,0,0,0.0
1785431739.769,17:15:39,timeslice,5,0.0,0,0,0.0
1785431739.769,17:15:39,timeslice,6,0.0,0,0,0.0
1785431739.769,17:15:39,timeslice,7,0.0,0,0,0.0
1785431740.769,17:15:40,timeslice,0,0.0,0,0,0.0
1785431740.769,17:15:40,timeslice,1,0.0,0,0,0.0
1785431740.769,17:15:40,timeslice,2,0.0,0,0,0.0
1785431740.769,17:15:40,timeslice,3,0.0,0,0,0.0
1785431740.769,17:15:40,timeslice,4,0.0,0,0,0.0
1785431740.769,17:15:40,timeslice,5,0.0,0,0,0.0
1785431740.769,17:15:40,timeslice,6,0.0,0,0,0.0
1785431740.769,17:15:40,timeslice,7,0.0,0,0,0.0
1785431741.77,17:15:41,timeslice,0,0.0,0,0,0.0
1785431741.77,17:15:41,timeslice,1,0.0,0,0,0.0
1785431741.77,17:15:41,timeslice,2,0.0,0,0,0.0
1785431741.77,17:15:41,timeslice,3,0.0,0,0,0.0
1785431741.77,17:15:41,timeslice,4,0.0,0,0,0.0
1785431741.77,17:15:41,timeslice,5,0.0,0,0,0.0
1785431741.77,17:15:41,timeslice,6,0.0,0,0,0.0
1785431741.77,17:15:41,timeslice,7,0.0,0,0,0.0
1785431742.77,17:15:42,timeslice,0,0.0,0,0,0.0
1785431742.77,17:15:42,timeslice,1,0.0,0,0,0.0
1785431742.77,17:15:42,timeslice,2,0.0,0,0,0.0
1785431742.77,17:15:42,timeslice,3,0.0,0,0,0.0
1785431742.77,17:15:42,timeslice,4,0.0,0,0,0.0
1785431742.77,17:15:42,timeslice,5,0.0,0,0,0.0
1785431742.77,17:15:42,timeslice,6,0.0,0,0,0.0
1785431742.77,17:15:42,timeslice,7,0.0,0,0,0.0
1785431743.77,17:15:43,timeslice,0,0.0,0,0,0.0
1785431743.77,17:15:43,timeslice,1,0.0,0,0,0.0
1785431743.77,17:15:43,timeslice,2,0.0,0,0,0.0
1785431743.77,17:15:43,timeslice,3,0.0,0,0,0.0
1785431743.77,17:15:43,timeslice,4,0.0,0,0,0.0
1785431743.77,17:15:43,timeslice,5,0.0,0,0,0.0
1785431743.77,17:15:43,timeslice,6,0.0,0,0,0.0
1785431743.77,17:15:43,timeslice,7,0.0,0,0,0.0
1785431744.77,17:15:44,timeslice,0,0.0,0,0,0.0
1785431744.77,17:15:44,timeslice,1,0.0,0,0,0.0
1785431744.77,17:15:44,timeslice,2,0.0,0,0,0.0
1785431744.77,17:15:44,timeslice,3,0.0,0,0,0.0
1785431744.77,17:15:44,timeslice,4,0.0,0,0,0.0
1785431744.77,17:15:44,timeslice,5,0.0,0,0,0.0
1785431744.77,17:15:44,timeslice,6,0.0,0,0,0.0
1785431744.77,17:15:44,timeslice,7,0.0,0,0,0.0
1785431745.77,17:15:45,timeslice,0,0.0,0,0,0.0
1785431745.77,17:15:45,timeslice,1,0.0,0,0,0.0
1785431745.77,17:15:45,timeslice,2,0.0,0,0,0.0
1785431745.77,17:15:45,timeslice,3,0.0,0,0,0.0
1785431745.77,17:15:45,timeslice,4,0.0,0,0,0.0
1785431745.77,17:15:45,timeslice,5,0.0,0,0,0.0
1785431745.77,17:15:45,timeslice,6,0.0,0,0,0.0
1785431745.77,17:15:45,timeslice,7,0.0,0,0,0.0
1785431746.771,17:15:46,timeslice,0,0.0,0,0,0.0
1785431746.771,17:15:46,timeslice,1,0.0,0,0,0.0
1785431746.771,17:15:46,timeslice,2,0.0,0,0,0.0
1785431746.771,17:15:46,timeslice,3,0.0,0,0,0.0
1785431746.771,17:15:46,timeslice,4,0.0,0,0,0.0
1785431746.771,17:15:46,timeslice,5,0.0,0,0,0.0
1785431746.771,17:15:46,timeslice,6,0.0,0,0,0.0
1785431746.771,17:15:46,timeslice,7,0.0,0,0,0.0
1785431747.771,17:15:47,timeslice,0,0.0,0,0,0.0
1785431747.771,17:15:47,timeslice,1,0.0,0,0,0.0
1785431747.771,17:15:47,timeslice,2,0.0,0,0,0.0
1785431747.771,17:15:47,timeslice,3,0.0,0,0,0.0
1785431747.771,17:15:47,timeslice,4,0.0,0,0,0.0
1785431747.771,17:15:47,timeslice,5,0.0,0,0,0.0
1785431747.771,17:15:47,timeslice,6,0.0,0,0,0.0
1785431747.771,17:15:47,timeslice,7,0.0,0,0,0.0
1785431748.771,17:15:48,timeslice,0,0.0,0,0,0.0
1785431748.771,17:15:48,timeslice,1,0.0,0,0,0.0
1785431748.771,17:15:48,timeslice,2,0.0,0,0,0.0
1785431748.771,17:15:48,timeslice,3,0.0,0,0,0.0
1785431748.771,17:15:48,timeslice,4,0.0,0,0,0.0
1785431748.771,17:15:48,timeslice,5,0.0,0,0,0.0
1785431748.771,17:15:48,timeslice,6,0.0,0,0,0.0
1785431748.771,17:15:48,timeslice,7,0.0,0,0,0.0
1785431749.771,17:15:49,timeslice,0,0.0,0,0,0.0
1785431749.771,17:15:49,timeslice,1,0.0,0,0,0.0
1785431749.771,17:15:49,timeslice,2,0.0,0,0,0.0
1785431749.771,17:15:49,timeslice,3,0.0,0,0,0.0
1785431749.771,17:15:49,timeslice,4,0.0,0,0,0.0
1785431749.771,17:15:49,timeslice,5,0.0,0,0,0.0
1785431749.771,17:15:49,timeslice,6,0.0,0,0,0.0
1785431749.771,17:15:49,timeslice,7,0.0,0,0,0.0
1785431750.771,17:15:50,timeslice,0,0.0,0,0,0.0
1785431750.771,17:15:50,timeslice,1,0.0,0,0,0.0
1785431750.771,17:15:50,timeslice,2,0.0,0,0,0.0
1785431750.771,17:15:50,timeslice,3,0.0,0,0,0.0
1785431750.771,17:15:50,timeslice,4,0.0,0,0,0.0
1785431750.771,17:15:50,timeslice,5,0.0,0,0,0.0
1785431750.771,17:15:50,timeslice,6,0.0,0,0,0.0
1785431750.771,17:15:50,timeslice,7,0.0,0,0,0.0
1785431751.771,17:15:51,timeslice,0,0.0,0,0,0.0
1785431751.771,17:15:51,timeslice,1,0.0,0,0,0.0
1785431751.771,17:15:51,timeslice,2,0.0,0,0,0.0
1785431751.771,17:15:51,timeslice,3,0.0,0,0,0.0
1785431751.771,17:15:51,timeslice,4,0.0,0,0,0.0
1785431751.771,17:15:51,timeslice,5,0.0,0,0,0.0
1785431751.771,17:15:51,timeslice,6,0.0,0,0,0.0
1785431751.771,17:15:51,timeslice,7,0.0,0,0,0.0
1785431752.771,17:15:52,timeslice,0,0.0,0,0,0.0
1785431752.771,17:15:52,timeslice,1,0.0,0,0,0.0
1785431752.771,17:15:52,timeslice,2,0.0,0,0,0.0
1785431752.771,17:15:52,timeslice,3,0.0,0,0,0.0
1785431752.771,17:15:52,timeslice,4,0.0,0,0,0.0
1785431752.771,17:15:52,timeslice,5,0.0,0,0,0.0
1785431752.771,17:15:52,timeslice,6,0.0,0,0,0.0
1785431752.771,17:15:52,timeslice,7,0.0,0,0,0.0
1785431753.771,17:15:53,timeslice,0,0.0,0,0,0.0
1785431753.771,17:15:53,timeslice,1,0.0,0,0,0.0
1785431753.771,17:15:53,timeslice,2,0.0,0,0,0.0
1785431753.771,17:15:53,timeslice,3,0.0,0,0,0.0
1785431753.771,17:15:53,timeslice,4,0.0,0,0,0.0
1785431753.771,17:15:53,timeslice,5,0.0,0,0,0.0
1785431753.771,17:15:53,timeslice,6,0.0,0,0,0.0
1785431753.771,17:15:53,timeslice,7,0.0,0,0,0.0
1785431754.772,17:15:54,timeslice,0,0.0,0,0,0.0
1785431754.772,17:15:54,timeslice,1,0.0,0,0,0.0
1785431754.772,17:15:54,timeslice,2,0.0,0,0,0.0
1785431754.772,17:15:54,timeslice,3,0.0,0,0,0.0
1785431754.772,17:15:54,timeslice,4,0.0,0,0,0.0
1785431754.772,17:15:54,timeslice,5,0.0,0,0,0.0
1785431754.772,17:15:54,timeslice,6,0.0,0,0,0.0
1785431754.772,17:15:54,timeslice,7,0.0,0,0,0.0
1785431755.772,17:15:55,timeslice,0,0.0,0,0,0.0
1785431755.772,17:15:55,timeslice,1,0.0,0,0,0.0
1785431755.772,17:15:55,timeslice,2,0.0,0,0,0.0
1785431755.772,17:15:55,timeslice,3,0.0,0,0,0.0
1785431755.772,17:15:55,timeslice,4,0.0,0,0,0.0
1785431755.772,17:15:55,timeslice,5,0.0,0,0,0.0
1785431755.772,17:15:55,timeslice,6,0.0,0,0,0.0
1785431755.772,17:15:55,timeslice,7,0.0,0,0,0.0
1785431756.772,17:15:56,timeslice,0,0.0,0,0,0.0
1785431756.772,17:15:56,timeslice,1,0.0,0,0,0.0
1785431756.772,17:15:56,timeslice,2,0.0,0,0,0.0
1785431756.772,17:15:56,timeslice,3,0.0,0,0,0.0
1785431756.772,17:15:56,timeslice,4,0.0,0,0,0.0
1785431756.772,17:15:56,timeslice,5,0.0,0,0,0.0
1785431756.772,17:15:56,timeslice,6,0.0,0,0,0.0
1785431756.772,17:15:56,timeslice,7,0.0,0,0,0.0
1785431757.772,17:15:57,timeslice,0,0.0,0,0,0.0
1785431757.772,17:15:57,timeslice,1,0.0,0,0,0.0
1785431757.772,17:15:57,timeslice,2,0.0,0,0,0.0
1785431757.772,17:15:57,timeslice,3,0.0,0,0,0.0
1785431757.772,17:15:57,timeslice,4,0.0,0,0,0.0
1785431757.772,17:15:57,timeslice,5,0.0,0,0,0.0
1785431757.772,17:15:57,timeslice,6,0.0,0,0,0.0
1785431757.772,17:15:57,timeslice,7,0.0,0,0,0.0
1785431758.772,17:15:58,timeslice,0,0.0,0,0,0.0
1785431758.772,17:15:58,timeslice,1,0.0,0,0,0.0
1785431758.772,17:15:58,timeslice,2,0.0,0,0,0.0
1785431758.772,17:15:58,timeslice,3,0.0,0,0,0.0
1785431758.772,17:15:58,timeslice,4,0.0,0,0,0.0
1785431758.772,17:15:58,timeslice,5,0.0,0,0,0.0
1785431758.772,17:15:58,timeslice,6,0.0,0,0,0.0
1785431758.772,17:15:58,timeslice,7,0.0,0,0,0.0
1785431759.772,17:15:59,timeslice,0,0.0,0,0,0.0
1785431759.772,17:15:59,timeslice,1,0.0,0,0,0.0
1785431759.772,17:15:59,timeslice,2,0.0,0,0,0.0
1785431759.772,17:15:59,timeslice,3,0.0,0,0,0.0
1785431759.772,17:15:59,timeslice,4,0.0,0,0,0.0
1785431759.772,17:15:59,timeslice,5,0.0,0,0,0.0
1785431759.772,17:15:59,timeslice,6,0.0,0,0,0.0
1785431759.772,17:15:59,timeslice,7,0.0,0,0,0.0
1785431760.772,17:16:00,timeslice,0,0.0,0,0,0.0
1785431760.772,17:16:00,timeslice,1,0.0,0,0,0.0
1785431760.772,17:16:00,timeslice,2,0.0,0,0,0.0
1785431760.772,17:16:00,timeslice,3,0.0,0,0,0.0
1785431760.772,17:16:00,timeslice,4,0.0,0,0,0.0
1785431760.772,17:16:00,timeslice,5,0.0,0,0,0.0
1785431760.772,17:16:00,timeslice,6,0.0,0,0,0.0
1785431760.772,17:16:00,timeslice,7,0.0,0,0,0.0
1785431761.772,17:16:01,timeslice,0,0.0,0,0,0.0
1785431761.772,17:16:01,timeslice,1,0.0,0,0,0.0
1785431761.772,17:16:01,timeslice,2,0.0,0,0,0.0
1785431761.772,17:16:01,timeslice,3,0.0,0,0,0.0
1785431761.772,17:16:01,timeslice,4,0.0,0,0,0.0
1785431761.772,17:16:01,timeslice,5,0.0,0,0,0.0
1785431761.772,17:16:01,timeslice,6,0.0,0,0,0.0
1785431761.772,17:16:01,timeslice,7,0.0,0,0,0.0
1785431762.772,17:16:02,timeslice,0,0.0,0,0,0.0
1785431762.772,17:16:02,timeslice,1,0.0,0,0,0.0
1785431762.772,17:16:02,timeslice,2,0.0,0,0,0.0
1785431762.772,17:16:02,timeslice,3,0.0,0,0,0.0
1785431762.772,17:16:02,timeslice,4,0.0,0,0,0.0
1785431762.772,17:16:02,timeslice,5,0.0,0,0,0.0
1785431762.772,17:16:02,timeslice,6,0.0,0,0,0.0
1785431762.772,17:16:02,timeslice,7,0.0,0,0,0.0
1785431763.773,17:16:03,timeslice,0,0.0,0,0,0.0
1785431763.773,17:16:03,timeslice,1,0.0,0,0,0.0
1785431763.773,17:16:03,timeslice,2,0.0,0,0,0.0
1785431763.773,17:16:03,timeslice,3,0.0,0,0,0.0
1785431763.773,17:16:03,timeslice,4,0.0,0,0,0.0
1785431763.773,17:16:03,timeslice,5,0.0,0,0,0.0
1785431763.773,17:16:03,timeslice,6,0.0,0,0,0.0
1785431763.773,17:16:03,timeslice,7,0.0,0,0,0.0
1785431764.773,17:16:04,timeslice,0,0.0,0,0,0.0
1785431764.773,17:16:04,timeslice,1,0.0,0,0,0.0
1785431764.773,17:16:04,timeslice,2,0.0,0,0,0.0
1785431764.773,17:16:04,timeslice,3,0.0,0,0,0.0
1785431764.773,17:16:04,timeslice,4,0.0,0,0,0.0
1785431764.773,17:16:04,timeslice,5,0.0,0,0,0.0
1785431764.773,17:16:04,timeslice,6,0.0,0,0,0.0
1785431764.773,17:16:04,timeslice,7,0.0,0,0,0.0
1785431765.773,17:16:05,timeslice,0,0.0,0,0,0.0
1785431765.773,17:16:05,timeslice,1,0.0,0,0,0.0
1785431765.773,17:16:05,timeslice,2,0.0,0,0,0.0
1785431765.773,17:16:05,timeslice,3,0.0,0,0,0.0
1785431765.773,17:16:05,timeslice,4,0.0,0,0,0.0
1785431765.773,17:16:05,timeslice,5,0.0,0,0,0.0
1785431765.773,17:16:05,timeslice,6,0.0,0,0,0.0
1785431765.773,17:16:05,timeslice,7,0.0,0,0,0.0
1785431766.773,17:16:06,timeslice,0,0.0,0,0,0.0
1785431766.773,17:16:06,timeslice,1,0.0,0,0,0.0
1785431766.773,17:16:06,timeslice,2,0.0,0,0,0.0
1785431766.773,17:16:06,timeslice,3,0.0,0,0,0.0
1785431766.773,17:16:06,timeslice,4,0.0,0,0,0.0
1785431766.773,17:16:06,timeslice,5,0.0,0,0,0.0
1785431766.773,17:16:06,timeslice,6,0.0,0,0,0.0
1785431766.773,17:16:06,timeslice,7,0.0,0,0,0.0
1785431767.773,17:16:07,timeslice,0,0.0,0,0,0.0
1785431767.773,17:16:07,timeslice,1,0.0,0,0,0.0
1785431767.773,17:16:07,timeslice,2,0.0,0,0,0.0
1785431767.773,17:16:07,timeslice,3,0.0,0,0,0.0
1785431767.773,17:16:07,timeslice,4,0.0,0,0,0.0
1785431767.773,17:16:07,timeslice,5,0.0,0,0,0.0
1785431767.773,17:16:07,timeslice,6,0.0,0,0,0.0
1785431767.773,17:16:07,timeslice,7,0.0,0,0,0.0
1785431768.773,17:16:08,timeslice,0,0.0,0,0,0.0
1785431768.773,17:16:08,timeslice,1,0.0,0,0,0.0
1785431768.773,17:16:08,timeslice,2,0.0,0,0,0.0
1785431768.773,17:16:08,timeslice,3,0.0,0,0,0.0
1785431768.773,17:16:08,timeslice,4,0.0,0,0,0.0
1785431768.773,17:16:08,timeslice,5,0.0,0,0,0.0
1785431768.773,17:16:08,timeslice,6,0.0,0,0,0.0
1785431768.773,17:16:08,timeslice,7,0.0,0,0,0.0
1785431769.773,17:16:09,timeslice,0,0.0,0,0,0.0
1785431769.773,17:16:09,timeslice,1,0.0,0,0,0.0
1785431769.773,17:16:09,timeslice,2,0.0,0,0,0.0
1785431769.773,17:16:09,timeslice,3,0.0,0,0,0.0
1785431769.773,17:16:09,timeslice,4,0.0,0,0,0.0
1785431769.773,17:16:09,timeslice,5,0.0,0,0,0.0
1785431769.773,17:16:09,timeslice,6,0.0,0,0,0.0
1785431769.773,17:16:09,timeslice,7,0.0,0,0,0.0
1785431770.773,17:16:10,timeslice,0,0.0,0,0,0.0
1785431770.773,17:16:10,timeslice,1,0.0,0,0,0.0
1785431770.773,17:16:10,timeslice,2,0.0,0,0,0.0
1785431770.773,17:16:10,timeslice,3,0.0,0,0,0.0
1785431770.773,17:16:10,timeslice,4,0.0,0,0,0.0
1785431770.773,17:16:10,timeslice,5,0.0,0,0,0.0
1785431770.773,17:16:10,timeslice,6,0.0,0,0,0.0
1785431770.773,17:16:10,timeslice,7,0.0,0,0,0.0
1785431771.773,17:16:11,timeslice,0,0.0,0,0,0.0
1785431771.773,17:16:11,timeslice,1,0.0,0,0,0.0
1785431771.773,17:16:11,timeslice,2,0.0,0,0,0.0
1785431771.773,17:16:11,timeslice,3,0.0,0,0,0.0
1785431771.773,17:16:11,timeslice,4,0.0,0,0,0.0
1785431771.773,17:16:11,timeslice,5,0.0,0,0,0.0
1785431771.773,17:16:11,timeslice,6,0.0,0,0,0.0
1785431771.773,17:16:11,timeslice,7,0.0,0,0,0.0
1785431772.774,17:16:12,timeslice,0,0.0,0,0,0.0
1785431772.774,17:16:12,timeslice,1,0.0,0,0,0.0
1785431772.774,17:16:12,timeslice,2,0.0,0,0,0.0
1785431772.774,17:16:12,timeslice,3,0.0,0,0,0.0
1785431772.774,17:16:12,timeslice,4,0.0,0,0,0.0
1785431772.774,17:16:12,timeslice,5,0.0,0,0,0.0
1785431772.774,17:16:12,timeslice,6,0.0,0,0,0.0
1785431772.774,17:16:12,timeslice,7,0.0,0,0,0.0
1785431773.774,17:16:13,timeslice,0,0.0,0,0,0.0
1785431773.774,17:16:13,timeslice,1,0.0,0,0,0.0
1785431773.774,17:16:13,timeslice,2,0.0,0,0,0.0
1785431773.774,17:16:13,timeslice,3,0.0,0,0,0.0
1785431773.774,17:16:13,timeslice,4,0.0,0,0,0.0
1785431773.774,17:16:13,timeslice,5,0.0,0,0,0.0
1785431773.774,17:16:13,timeslice,6,0.0,0,0,0.0
1785431773.774,17:16:13,timeslice,7,0.0,0,0,0.0
1785431774.774,17:16:14,timeslice,0,0.0,0,0,0.0
1785431774.774,17:16:14,timeslice,1,0.0,0,0,0.0
1785431774.774,17:16:14,timeslice,2,0.0,0,0,0.0
1785431774.774,17:16:14,timeslice,3,0.0,0,0,0.0
1785431774.774,17:16:14,timeslice,4,0.0,0,0,0.0
1785431774.774,17:16:14,timeslice,5,0.0,0,0,0.0
1785431774.774,17:16:14,timeslice,6,0.0,0,0,0.0
1785431774.774,17:16:14,timeslice,7,0.0,0,0,0.0
1785431775.774,17:16:15,timeslice,0,0.0,0,0,0.0
1785431775.774,17:16:15,timeslice,1,0.0,0,0,0.0
1785431775.774,17:16:15,timeslice,2,0.0,0,0,0.0
1785431775.774,17:16:15,timeslice,3,0.0,0,0,0.0
1785431775.774,17:16:15,timeslice,4,0.0,0,0,0.0
1785431775.774,17:16:15,timeslice,5,0.0,0,0,0.0
1785431775.774,17:16:15,timeslice,6,0.0,0,0,0.0
1785431775.774,17:16:15,timeslice,7,0.0,0,0,0.0
1785431776.774,17:16:16,timeslice,0,0.0,0,0,0.0
1785431776.774,17:16:16,timeslice,1,0.0,0,0,0.0
1785431776.774,17:16:16,timeslice,2,0.0,0,0,0.0
1785431776.774,17:16:16,timeslice,3,0.0,0,0,0.0
1785431776.774,17:16:16,timeslice,4,0.0,0,0,0.0
1785431776.774,17:16:16,timeslice,5,0.0,0,0,0.0
1785431776.774,17:16:16,timeslice,6,0.0,0,0,0.0
1785431776.774,17:16:16,timeslice,7,0.0,0,0,0.0
1785431777.774,17:16:17,timeslice,0,0.0,0,0,0.0
1785431777.774,17:16:17,timeslice,1,0.0,0,0,0.0
1785431777.774,17:16:17,timeslice,2,0.0,0,0,0.0
1785431777.774,17:16:17,timeslice,3,0.0,0,0,0.0
1785431777.774,17:16:17,timeslice,4,0.0,0,0,0.0
1785431777.774,17:16:17,timeslice,5,0.0,0,0,0.0
1785431777.774,17:16:17,timeslice,6,0.0,0,0,0.0
1785431777.774,17:16:17,timeslice,7,0.0,0,0,0.0
1785431778.774,17:16:18,timeslice,0,0.0,0,0,0.0
1785431778.774,17:16:18,timeslice,1,0.0,0,0,0.0
1785431778.774,17:16:18,timeslice,2,0.0,0,0,0.0
1785431778.774,17:16:18,timeslice,3,0.0,0,0,0.0
1785431778.774,17:16:18,timeslice,4,0.0,0,0,0.0
1785431778.774,17:16:18,timeslice,5,0.0,0,0,0.0
1785431778.774,17:16:18,timeslice,6,0.0,0,0,0.0
1785431778.774,17:16:18,timeslice,7,0.0,0,0,0.0
1785431779.775,17:16:19,timeslice,0,0.0,0,0,0.0
1785431779.775,17:16:19,timeslice,1,0.0,0,0,0.0
1785431779.775,17:16:19,timeslice,2,0.0,0,0,0.0
1785431779.775,17:16:19,timeslice,3,0.0,0,0,0.0
1785431779.775,17:16:19,timeslice,4,0.0,0,0,0.0
1785431779.775,17:16:19,timeslice,5,0.0,0,0,0.0
1785431779.775,17:16:19,timeslice,6,0.0,0,0,0.0
1785431779.775,17:16:19,timeslice,7,0.0,0,0,0.0
1785431780.775,17:16:20,timeslice,0,0.0,0,0,0.0
1785431780.775,17:16:20,timeslice,1,0.0,0,0,0.0
1785431780.775,17:16:20,timeslice,2,0.0,0,0,0.0
1785431780.775,17:16:20,timeslice,3,0.0,0,0,0.0
1785431780.775,17:16:20,timeslice,4,0.0,0,0,0.0
1785431780.775,17:16:20,timeslice,5,0.0,0,0,0.0
1785431780.775,17:16:20,timeslice,6,0.0,0,0,0.0
1785431780.775,17:16:20,timeslice,7,0.0,0,0,0.0
1785431781.775,17:16:21,timeslice,0,0.0,0,0,0.0
1785431781.775,17:16:21,timeslice,1,0.0,0,0,0.0
1785431781.775,17:16:21,timeslice,2,0.0,0,0,0.0
1785431781.775,17:16:21,timeslice,3,0.0,0,0,0.0
1785431781.775,17:16:21,timeslice,4,0.0,0,0,0.0
1785431781.775,17:16:21,timeslice,5,0.0,0,0,0.0
1785431781.775,17:16:21,timeslice,6,0.0,0,0,0.0
1785431781.775,17:16:21,timeslice,7,0.0,0,0,0.0
1785431782.775,17:16:22,timeslice,0,0.0,0,0,0.0
1785431782.775,17:16:22,timeslice,1,0.0,0,0,0.0
1785431782.775,17:16:22,timeslice,2,0.0,0,0,0.0
1785431782.775,17:16:22,timeslice,3,0.0,0,0,0.0
1785431782.775,17:16:22,timeslice,4,0.0,0,0,0.0
1785431782.775,17:16:22,timeslice,5,0.0,0,0,0.0
1785431782.775,17:16:22,timeslice,6,0.0,0,0,0.0
1785431782.775,17:16:22,timeslice,7,0.0,0,0,0.0
1785431783.775,17:16:23,timeslice,0,0.0,0,0,0.0
1785431783.775,17:16:23,timeslice,1,0.0,0,0,0.0
1785431783.775,17:16:23,timeslice,2,0.0,0,0,0.0
1785431783.775,17:16:23,timeslice,3,0.0,0,0,0.0
1785431783.775,17:16:23,timeslice,4,0.0,0,0,0.0
1785431783.775,17:16:23,timeslice,5,0.0,0,0,0.0
1785431783.775,17:16:23,timeslice,6,0.0,0,0,0.0
1785431783.775,17:16:23,timeslice,7,0.0,0,0,0.0
1785431784.775,17:16:24,timeslice,0,0.0,0,0,0.0
1785431784.775,17:16:24,timeslice,1,0.0,0,0,0.0
1785431784.775,17:16:24,timeslice,2,0.0,0,0,0.0
1785431784.775,17:16:24,timeslice,3,0.0,0,0,0.0
1785431784.775,17:16:24,timeslice,4,0.0,0,0,0.0
1785431784.775,17:16:24,timeslice,5,0.0,0,0,0.0
1785431784.775,17:16:24,timeslice,6,0.0,0,0,0.0
1785431784.775,17:16:24,timeslice,7,0.0,0,0,0.0
1785431785.775,17:16:25,timeslice,0,0.0,0,0,0.0
1785431785.775,17:16:25,timeslice,1,0.0,0,0,0.0
1785431785.775,17:16:25,timeslice,2,0.0,0,0,0.0
1785431785.775,17:16:25,timeslice,3,0.0,0,0,0.0
1785431785.775,17:16:25,timeslice,4,0.0,0,0,0.0
1785431785.775,17:16:25,timeslice,5,0.0,0,0,0.0
1785431785.775,17:16:25,timeslice,6,0.0,0,0,0.0
1785431785.775,17:16:25,timeslice,7,0.0,0,0,0.0
1785431786.776,17:16:26,timeslice,0,0.0,0,0,0.0
1785431786.776,17:16:26,timeslice,1,0.0,0,0,0.0
1785431786.776,17:16:26,timeslice,2,0.0,0,0,0.0
1785431786.776,17:16:26,timeslice,3,0.0,0,0,0.0
1785431786.776,17:16:26,timeslice,4,0.0,0,0,0.0
1785431786.776,17:16:26,timeslice,5,0.0,0,0,0.0
1785431786.776,17:16:26,timeslice,6,0.0,0,0,0.0
1785431786.776,17:16:26,timeslice,7,0.0,0,0,0.0
1785431787.776,17:16:27,timeslice,0,0.0,0,0,0.0
1785431787.776,17:16:27,timeslice,1,0.0,0,0,0.0
1785431787.776,17:16:27,timeslice,2,0.0,0,0,0.0
1785431787.776,17:16:27,timeslice,3,0.0,0,0,0.0
1785431787.776,17:16:27,timeslice,4,0.0,0,0,0.0
1785431787.776,17:16:27,timeslice,5,0.0,0,0,0.0
1785431787.776,17:16:27,timeslice,6,0.0,0,0,0.0
1785431787.776,17:16:27,timeslice,7,0.0,0,0,0.0
1785431788.776,17:16:28,timeslice,0,0.0,0,0,0.0
1785431788.776,17:16:28,timeslice,1,0.0,0,0,0.0
1785431788.776,17:16:28,timeslice,2,0.0,0,0,0.0
1785431788.776,17:16:28,timeslice,3,0.0,0,0,0.0
1785431788.776,17:16:28,timeslice,4,0.0,0,0,0.0
1785431788.776,17:16:28,timeslice,5,0.0,0,0,0.0
1785431788.776,17:16:28,timeslice,6,0.0,0,0,0.0
1785431788.776,17:16:28,timeslice,7,0.0,0,0,0.0
1785431789.776,17:16:29,timeslice,0,0.0,0,0,0.0
1785431789.776,17:16:29,timeslice,1,0.0,0,0,0.0
1785431789.776,17:16:29,timeslice,2,0.0,0,0,0.0
1785431789.776,17:16:29,timeslice,3,0.0,0,0,0.0
1785431789.776,17:16:29,timeslice,4,0.0,0,0,0.0
1785431789.776,17:16:29,timeslice,5,0.0,0,0,0.0
1785431789.776,17:16:29,timeslice,6,0.0,0,0,0.0
1785431789.776,17:16:29,timeslice,7,0.0,0,0,0.0
1785431790.776,17:16:30,timeslice,0,0.0,0,0,0.0
1785431790.776,17:16:30,timeslice,1,0.0,0,0,0.0
1785431790.776,17:16:30,timeslice,2,0.0,0,0,0.0
1785431790.776,17:16:30,timeslice,3,0.0,0,0,0.0
1785431790.776,17:16:30,timeslice,4,0.0,0,0,0.0
1785431790.776,17:16:30,timeslice,5,0.0,0,0,0.0
1785431790.776,17:16:30,timeslice,6,0.0,0,0,0.0
1785431790.776,17:16:30,timeslice,7,0.0,0,0,0.0
1785431791.776,17:16:31,timeslice,0,0.0,0,0,0.0
1785431791.776,17:16:31,timeslice,1,0.0,0,0,0.0
1785431791.776,17:16:31,timeslice,2,0.0,0,0,0.0
1785431791.776,17:16:31,timeslice,3,0.0,0,0,0.0
1785431791.776,17:16:31,timeslice,4,0.0,0,0,0.0
1785431791.776,17:16:31,timeslice,5,0.0,0,0,0.0
1785431791.776,17:16:31,timeslice,6,0.0,0,0,0.0
1785431791.776,17:16:31,timeslice,7,0.0,0,0,0.0
1785431792.776,17:16:32,timeslice,0,0.0,0,0,0.0
1785431792.776,17:16:32,timeslice,1,0.0,0,0,0.0
1785431792.776,17:16:32,timeslice,2,0.0,0,0,0.0
1785431792.776,17:16:32,timeslice,3,0.0,0,0,0.0
1785431792.776,17:16:32,timeslice,4,0.0,0,0,0.0
1785431792.776,17:16:32,timeslice,5,0.0,0,0,0.0
1785431792.776,17:16:32,timeslice,6,0.0,0,0,0.0
1785431792.776,17:16:32,timeslice,7,0.0,0,0,0.0
1785431793.777,17:16:33,timeslice,0,0.0,0,0,0.0
1785431793.777,17:16:33,timeslice,1,0.0,0,0,0.0
1785431793.777,17:16:33,timeslice,2,0.0,0,0,0.0
1785431793.777,17:16:33,timeslice,3,0.0,0,0,0.0
1785431793.777,17:16:33,timeslice,4,0.0,0,0,0.0
1785431793.777,17:16:33,timeslice,5,0.0,0,0,0.0
1785431793.777,17:16:33,timeslice,6,0.0,0,0,0.0
1785431793.777,17:16:33,timeslice,7,0.0,0,0,0.0
1785431794.849,17:16:34,timeslice,0,0.0,0,0,0.0
1785431794.849,17:16:34,timeslice,1,0.0,0,0,0.0
1785431794.849,17:16:34,timeslice,2,0.0,0,0,0.0
1785431794.849,17:16:34,timeslice,3,0.0,0,0,0.0
1785431794.849,17:16:34,timeslice,4,0.0,0,0,0.0
1785431794.849,17:16:34,timeslice,5,0.0,0,0,0.0
1785431794.849,17:16:34,timeslice,6,0.0,0,0,0.0
1785431794.849,17:16:34,timeslice,7,0.0,0,0,0.0
1785431795.849,17:16:35,timeslice,0,0.0,0,0,0.0
1785431795.849,17:16:35,timeslice,1,0.0,0,0,0.0
1785431795.849,17:16:35,timeslice,2,0.0,0,0,0.0
1785431795.849,17:16:35,timeslice,3,0.0,0,0,0.0
1785431795.849,17:16:35,timeslice,4,0.0,0,0,0.0
1785431795.849,17:16:35,timeslice,5,0.0,0,0,0.0
1785431795.849,17:16:35,timeslice,6,0.0,0,0,0.0
1785431795.849,17:16:35,timeslice,7,0.0,0,0,0.0
1785431796.849,17:16:36,timeslice,0,0.0,0,0,0.0
1785431796.849,17:16:36,timeslice,1,0.0,0,0,0.0
1785431796.849,17:16:36,timeslice,2,0.0,0,0,0.0
1785431796.849,17:16:36,timeslice,3,0.0,0,0,0.0
1785431796.849,17:16:36,timeslice,4,0.0,0,0,0.0
1785431796.849,17:16:36,timeslice,5,0.0,0,0,0.0
1785431796.849,17:16:36,timeslice,6,0.0,0,0,0.0
1785431796.849,17:16:36,timeslice,7,0.0,0,0,0.0
1785431797.85,17:16:37,timeslice,0,0.0,0,0,0.0
1785431797.85,17:16:37,timeslice,1,0.0,0,0,0.0
1785431797.85,17:16:37,timeslice,2,0.0,0,0,0.0
1785431797.85,17:16:37,timeslice,3,0.0,0,0,0.0
1785431797.85,17:16:37,timeslice,4,0.0,0,0,0.0
1785431797.85,17:16:37,timeslice,5,0.0,0,0,0.0
1785431797.85,17:16:37,timeslice,6,0.0,0,0,0.0
1785431797.85,17:16:37,timeslice,7,0.0,0,0,0.0
1785431798.85,17:16:38,timeslice,0,0.0,0,0,0.0
1785431798.85,17:16:38,timeslice,1,0.0,0,0,0.0
1785431798.85,17:16:38,timeslice,2,0.0,0,0,0.0
1785431798.85,17:16:38,timeslice,3,0.0,0,0,0.0
1785431798.85,17:16:38,timeslice,4,0.0,0,0,0.0
1785431798.85,17:16:38,timeslice,5,0.0,0,0,0.0
1785431798.85,17:16:38,timeslice,6,0.0,0,0,0.0
1785431798.85,17:16:38,timeslice,7,0.0,0,0,0.0
1785431799.85,17:16:39,timeslice,0,0.0,0,0,0.0
1785431799.85,17:16:39,timeslice,1,0.0,0,0,0.0
1785431799.85,17:16:39,timeslice,2,0.0,0,0,0.0
1785431799.85,17:16:39,timeslice,3,0.0,0,0,0.0
1785431799.85,17:16:39,timeslice,4,0.0,0,0,0.0
1785431799.85,17:16:39,timeslice,5,0.0,0,0,0.0
1785431799.85,17:16:39,timeslice,6,0.0,0,0,0.0
1785431799.85,17:16:39,timeslice,7,0.0,0,0,0.0
1785431800.85,17:16:40,timeslice,0,0.0,0,0,0.0
1785431800.85,17:16:40,timeslice,1,0.0,0,0,0.0
1785431800.85,17:16:40,timeslice,2,0.0,0,0,0.0
1785431800.85,17:16:40,timeslice,3,0.0,0,0,0.0
1785431800.85,17:16:40,timeslice,4,0.0,0,0,0.0
1785431800.85,17:16:40,timeslice,5,0.0,0,0,0.0
1785431800.85,17:16:40,timeslice,6,0.0,0,0,0.0
1785431800.85,17:16:40,timeslice,7,0.0,0,0,0.0
1785431801.85,17:16:41,timeslice,0,0.0,0,0,0.0
1785431801.85,17:16:41,timeslice,1,0.0,0,0,0.0
1785431801.85,17:16:41,timeslice,2,0.0,0,0,0.0
1785431801.85,17:16:41,timeslice,3,0.0,0,0,0.0
1785431801.85,17:16:41,timeslice,4,0.0,0,0,0.0
1785431801.85,17:16:41,timeslice,5,0.0,0,0,0.0
1785431801.85,17:16:41,timeslice,6,0.0,0,0,0.0
1785431801.85,17:16:41,timeslice,7,0.0,0,0,0.0
1785431802.85,17:16:42,timeslice,0,0.0,0,0,0.0
1785431802.85,17:16:42,timeslice,1,0.0,0,0,0.0
1785431802.85,17:16:42,timeslice,2,0.0,0,0,0.0
1785431802.85,17:16:42,timeslice,3,0.0,0,0,0.0
1785431802.85,17:16:42,timeslice,4,0.0,0,0,0.0
1785431802.85,17:16:42,timeslice,5,0.0,0,0,0.0
1785431802.85,17:16:42,timeslice,6,0.0,0,0,0.0
1785431802.85,17:16:42,timeslice,7,0.0,0,0,0.0
1785431803.851,17:16:43,timeslice,0,0.0,0,0,0.0
1785431803.851,17:16:43,timeslice,1,0.0,0,0,0.0
1785431803.851,17:16:43,timeslice,2,0.0,0,0,0.0
1785431803.851,17:16:43,timeslice,3,0.0,0,0,0.0
1785431803.851,17:16:43,timeslice,4,0.0,0,0,0.0
1785431803.851,17:16:43,timeslice,5,0.0,0,0,0.0
1785431803.851,17:16:43,timeslice,6,0.0,0,0,0.0
1785431803.851,17:16:43,timeslice,7,0.0,0,0,0.0
1785431804.851,17:16:44,timeslice,0,0.0,0,0,0.0
1785431804.851,17:16:44,timeslice,1,0.0,0,0,0.0
1785431804.851,17:16:44,timeslice,2,0.0,0,0,0.0
1785431804.851,17:16:44,timeslice,3,0.0,0,0,0.0
1785431804.851,17:16:44,timeslice,4,0.0,0,0,0.0
1785431804.851,17:16:44,timeslice,5,0.0,0,0,0.0
1785431804.851,17:16:44,timeslice,6,0.0,0,0,0.0
1785431804.851,17:16:44,timeslice,7,0.0,0,0,0.0
1785431805.851,17:16:45,timeslice,0,0.0,0,0,0.0
1785431805.851,17:16:45,timeslice,1,0.0,0,0,0.0
1785431805.851,17:16:45,timeslice,2,0.0,0,0,0.0
1785431805.851,17:16:45,timeslice,3,0.0,0,0,0.0
1785431805.851,17:16:45,timeslice,4,0.0,0,0,0.0
1785431805.851,17:16:45,timeslice,5,0.0,0,0,0.0
1785431805.851,17:16:45,timeslice,6,0.0,0,0,0.0
1785431805.851,17:16:45,timeslice,7,0.0,0,0,0.0
1785431806.851,17:16:46,timeslice,0,0.0,0,0,0.0
1785431806.851,17:16:46,timeslice,1,0.0,0,0,0.0
1785431806.851,17:16:46,timeslice,2,0.0,0,0,0.0
1785431806.851,17:16:46,timeslice,3,0.0,0,0,0.0
1785431806.851,17:16:46,timeslice,4,0.0,0,0,0.0
1785431806.851,17:16:46,timeslice,5,0.0,0,0,0.0
1785431806.851,17:16:46,timeslice,6,0.0,0,0,0.0
1785431806.851,17:16:46,timeslice,7,0.0,0,0,0.0
1785431807.851,17:16:47,timeslice,0,0.0,0,0,0.0
1785431807.851,17:16:47,timeslice,1,0.0,0,0,0.0
1785431807.851,17:16:47,timeslice,2,0.0,0,0,0.0
1785431807.851,17:16:47,timeslice,3,0.0,0,0,0.0
1785431807.851,17:16:47,timeslice,4,0.0,0,0,0.0
1785431807.851,17:16:47,timeslice,5,0.0,0,0,0.0
1785431807.851,17:16:47,timeslice,6,0.0,0,0,0.0
1785431807.851,17:16:47,timeslice,7,0.0,0,0,0.0
1785431808.851,17:16:48,timeslice,0,0.0,0,0,0.0
1785431808.851,17:16:48,timeslice,1,0.0,0,0,0.0
1785431808.851,17:16:48,timeslice,2,0.0,0,0,0.0
1785431808.851,17:16:48,timeslice,3,0.0,0,0,0.0
1785431808.851,17:16:48,timeslice,4,0.0,0,0,0.0
1785431808.851,17:16:48,timeslice,5,0.0,0,0,0.0
1785431808.851,17:16:48,timeslice,6,0.0,0,0,0.0
1785431808.851,17:16:48,timeslice,7,0.0,0,0,0.0
1785431809.851,17:16:49,timeslice,0,0.0,0,0,0.0
1785431809.851,17:16:49,timeslice,1,0.0,0,0,0.0
1785431809.851,17:16:49,timeslice,2,0.0,0,0,0.0
1785431809.851,17:16:49,timeslice,3,0.0,0,0,0.0
1785431809.851,17:16:49,timeslice,4,0.0,0,0,0.0
1785431809.851,17:16:49,timeslice,5,0.0,0,0,0.0
1785431809.851,17:16:49,timeslice,6,0.0,0,0,0.0
1785431809.851,17:16:49,timeslice,7,0.0,0,0,0.0
1785431810.852,17:16:50,timeslice,0,0.0,0,0,0.0
1785431810.852,17:16:50,timeslice,1,0.0,0,0,0.0
1785431810.852,17:16:50,timeslice,2,0.0,0,0,0.0
1785431810.852,17:16:50,timeslice,3,0.0,0,0,0.0
1785431810.852,17:16:50,timeslice,4,0.0,0,0,0.0
1785431810.852,17:16:50,timeslice,5,0.0,0,0,0.0
1785431810.852,17:16:50,timeslice,6,0.0,0,0,0.0
1785431810.852,17:16:50,timeslice,7,0.0,0,0,0.0
1785431811.852,17:16:51,timeslice,0,0.0,0,0,0.0
1785431811.852,17:16:51,timeslice,1,0.0,0,0,0.0
1785431811.852,17:16:51,timeslice,2,0.0,0,0,0.0
1785431811.852,17:16:51,timeslice,3,0.0,0,0,0.0
1785431811.852,17:16:51,timeslice,4,0.0,0,0,0.0
1785431811.852,17:16:51,timeslice,5,0.0,0,0,0.0
1785431811.852,17:16:51,timeslice,6,0.0,0,0,0.0
1785431811.852,17:16:51,timeslice,7,0.0,0,0,0.0
1785431812.852,17:16:52,timeslice,0,0.0,0,0,0.0
1785431812.852,17:16:52,timeslice,1,0.0,0,0,0.0
1785431812.852,17:16:52,timeslice,2,0.0,0,0,0.0
1785431812.852,17:16:52,timeslice,3,0.0,0,0,0.0
1785431812.852,17:16:52,timeslice,4,0.0,0,0,0.0
1785431812.852,17:16:52,timeslice,5,0.0,0,0,0.0
1785431812.852,17:16:52,timeslice,6,0.0,0,0,0.0
1785431812.852,17:16:52,timeslice,7,0.0,0,0,0.0
1785431813.852,17:16:53,timeslice,0,0.0,0,0,0.0
1785431813.852,17:16:53,timeslice,1,0.0,0,0,0.0
1785431813.852,17:16:53,timeslice,2,0.0,0,0,0.0
1785431813.852,17:16:53,timeslice,3,0.0,0,0,0.0
1785431813.852,17:16:53,timeslice,4,0.0,0,0,0.0
1785431813.852,17:16:53,timeslice,5,0.0,0,0,0.0
1785431813.852,17:16:53,timeslice,6,0.0,0,0,0.0
1785431813.852,17:16:53,timeslice,7,0.0,0,0,0.0
1785431814.852,17:16:54,timeslice,0,0.0,0,0,0.0
1785431814.852,17:16:54,timeslice,1,0.0,0,0,0.0
1785431814.852,17:16:54,timeslice,2,0.0,0,0,0.0
1785431814.852,17:16:54,timeslice,3,0.0,0,0,0.0
1785431814.852,17:16:54,timeslice,4,0.0,0,0,0.0
1785431814.852,17:16:54,timeslice,5,0.0,0,0,0.0
1785431814.852,17:16:54,timeslice,6,0.0,0,0,0.0
1785431814.852,17:16:54,timeslice,7,0.0,0,0,0.0
1785431815.852,17:16:55,timeslice,0,0.0,0,0,0.0
1785431815.852,17:16:55,timeslice,1,0.0,0,0,0.0
1785431815.852,17:16:55,timeslice,2,0.0,0,0,0.0
1785431815.852,17:16:55,timeslice,3,0.0,0,0,0.0
1785431815.852,17:16:55,timeslice,4,0.0,0,0,0.0
1785431815.852,17:16:55,timeslice,5,0.0,0,0,0.0
1785431815.852,17:16:55,timeslice,6,0.0,0,0,0.0
1785431815.852,17:16:55,timeslice,7,0.0,0,0,0.0
1785431816.852,17:16:56,timeslice,0,0.0,0,0,0.0
1785431816.852,17:16:56,timeslice,1,0.0,0,0,0.0
1785431816.852,17:16:56,timeslice,2,0.0,0,0,0.0
1785431816.852,17:16:56,timeslice,3,0.0,0,0,0.0
1785431816.852,17:16:56,timeslice,4,0.0,0,0,0.0
1785431816.852,17:16:56,timeslice,5,0.0,0,0,0.0
1785431816.852,17:16:56,timeslice,6,0.0,0,0,0.0
1785431816.852,17:16:56,timeslice,7,0.0,0,0,0.0
1785431817.852,17:16:57,timeslice,0,0.0,0,0,0.0
1785431817.852,17:16:57,timeslice,1,0.0,0,0,0.0
1785431817.852,17:16:57,timeslice,2,0.0,0,0,0.0
1785431817.852,17:16:57,timeslice,3,0.0,0,0,0.0
1785431817.852,17:16:57,timeslice,4,0.0,0,0,0.0
1785431817.852,17:16:57,timeslice,5,0.0,0,0,0.0
1785431817.852,17:16:57,timeslice,6,0.0,0,0,0.0
1785431817.852,17:16:57,timeslice,7,0.0,0,0,0.0
1785431818.853,17:16:58,timeslice,0,0.0,5270,16126,32.7
1785431818.853,17:16:58,timeslice,1,0.0,5270,16126,32.7
1785431818.853,17:16:58,timeslice,2,0.0,5270,16126,32.7
1785431818.853,17:16:58,timeslice,3,0.0,5270,16126,32.7
1785431818.853,17:16:58,timeslice,4,0.0,5270,16126,32.7
1785431818.853,17:16:58,timeslice,5,0.0,5270,16126,32.7
1785431818.853,17:16:58,timeslice,6,0.0,5270,16126,32.7
1785431818.853,17:16:58,timeslice,7,0.0,5271,16126,32.7
1785431819.853,17:16:59,timeslice,0,0.0,5270,16126,32.7
1785431819.853,17:16:59,timeslice,1,0.0,5270,16126,32.7
1785431819.853,17:16:59,timeslice,2,0.0,5270,16126,32.7
1785431819.853,17:16:59,timeslice,3,0.0,5270,16126,32.7
1785431819.853,17:16:59,timeslice,4,0.0,5270,16126,32.7
1785431819.853,17:16:59,timeslice,5,0.0,5270,16126,32.7
1785431819.853,17:16:59,timeslice,6,0.0,5270,16126,32.7
1785431819.853,17:16:59,timeslice,7,0.0,5271,16126,32.7
1785431820.853,17:17:00,timeslice,0,27.0,6344,16126,39.3
1785431820.853,17:17:00,timeslice,1,27.4,6344,16126,39.3
1785431820.853,17:17:00,timeslice,2,24.8,6344,16126,39.3
1785431820.853,17:17:00,timeslice,3,25.4,6015,16126,37.3
1785431820.853,17:17:00,timeslice,4,27.4,6344,16126,39.3
1785431820.853,17:17:00,timeslice,5,26.9,6344,16126,39.3
1785431820.853,17:17:00,timeslice,6,27.3,6344,16126,39.3
1785431820.853,17:17:00,timeslice,7,27.1,6345,16126,39.3
1785431821.853,17:17:01,timeslice,0,27.0,6344,16126,39.3
1785431821.853,17:17:01,timeslice,1,27.4,6344,16126,39.3
1785431821.853,17:17:01,timeslice,2,24.8,6344,16126,39.3
1785431821.853,17:17:01,timeslice,3,25.4,6015,16126,37.3
1785431821.853,17:17:01,timeslice,4,27.4,6344,16126,39.3
1785431821.853,17:17:01,timeslice,5,26.9,6344,16126,39.3
1785431821.853,17:17:01,timeslice,6,27.3,6344,16126,39.3
1785431821.853,17:17:01,timeslice,7,27.1,6345,16126,39.3
1785431822.853,17:17:02,timeslice,0,27.0,6344,16126,39.3
1785431822.853,17:17:02,timeslice,1,27.4,6344,16126,39.3
1785431822.853,17:17:02,timeslice,2,24.8,6344,16126,39.3
1785431822.853,17:17:02,timeslice,3,25.4,6015,16126,37.3
1785431822.853,17:17:02,timeslice,4,27.4,6344,16126,39.3
1785431822.853,17:17:02,timeslice,5,26.9,6344,16126,39.3
1785431822.853,17:17:02,timeslice,6,27.3,6344,16126,39.3
1785431822.853,17:17:02,timeslice,7,27.1,6345,16126,39.3
1785431823.853,17:17:03,timeslice,0,27.0,6344,16126,39.3
1785431823.853,17:17:03,timeslice,1,27.4,6344,16126,39.3
1785431823.853,17:17:03,timeslice,2,24.8,6344,16126,39.3
1785431823.853,17:17:03,timeslice,3,25.4,6015,16126,37.3
1785431823.853,17:17:03,timeslice,4,27.4,6344,16126,39.3
1785431823.853,17:17:03,timeslice,5,26.9,6344,16126,39.3
1785431823.853,17:17:03,timeslice,6,27.3,6344,16126,39.3
1785431823.853,17:17:03,timeslice,7,27.1,6345,16126,39.3
1785431824.853,17:17:04,timeslice,0,27.0,6344,16126,39.3
1785431824.853,17:17:04,timeslice,1,27.4,6344,16126,39.3
1785431824.853,17:17:04,timeslice,2,24.8,6344,16126,39.3
1785431824.853,17:17:04,timeslice,3,25.4,6015,16126,37.3
1785431824.853,17:17:04,timeslice,4,27.4,6344,16126,39.3
1785431824.853,17:17:04,timeslice,5,26.9,6344,16126,39.3
1785431824.853,17:17:04,timeslice,6,27.3,6344,16126,39.3
1785431824.853,17:17:04,timeslice,7,27.1,6345,16126,39.3
1785431825.853,17:17:05,timeslice,0,92.1,7751,16126,48.1
1785431825.853,17:17:05,timeslice,1,96.5,7589,16126,47.1
1785431825.853,17:17:05,timeslice,2,96.8,7286,16126,45.2
1785431825.853,17:17:05,timeslice,3,91.2,7649,16126,47.4
1785431825.853,17:17:05,timeslice,4,96.0,7601,16126,47.1
1785431825.853,17:17:05,timeslice,5,95.7,7726,16126,47.9
1785431825.853,17:17:05,timeslice,6,96.0,7702,16126,47.8
1785431825.853,17:17:05,timeslice,7,96.4,7377,16126,45.7
1785431826.853,17:17:06,timeslice,0,92.1,7751,16126,48.1
1785431826.853,17:17:06,timeslice,1,96.5,7589,16126,47.1
1785431826.853,17:17:06,timeslice,2,96.8,7286,16126,45.2
1785431826.853,17:17:06,timeslice,3,91.2,7649,16126,47.4
1785431826.853,17:17:06,timeslice,4,96.0,7601,16126,47.1
1785431826.853,17:17:06,timeslice,5,95.7,7726,16126,47.9
1785431826.853,17:17:06,timeslice,6,96.0,7702,16126,47.8
1785431826.853,17:17:06,timeslice,7,96.4,7377,16126,45.7
1785431827.854,17:17:07,timeslice,0,92.1,7751,16126,48.1
1785431827.854,17:17:07,timeslice,1,96.5,7589,16126,47.1
1785431827.854,17:17:07,timeslice,2,96.8,7286,16126,45.2
1785431827.854,17:17:07,timeslice,3,91.2,7649,16126,47.4
1785431827.854,17:17:07,timeslice,4,96.0,7601,16126,47.1
1785431827.854,17:17:07,timeslice,5,95.7,7726,16126,47.9
1785431827.854,17:17:07,timeslice,6,96.0,7702,16126,47.8
1785431827.854,17:17:07,timeslice,7,96.4,7377,16126,45.7
1785431828.854,17:17:08,timeslice,0,92.1,7751,16126,48.1
1785431828.854,17:17:08,timeslice,1,96.5,7589,16126,47.1
1785431828.854,17:17:08,timeslice,2,96.8,7286,16126,45.2
1785431828.854,17:17:08,timeslice,3,91.2,7649,16126,47.4
1785431828.854,17:17:08,timeslice,4,96.0,7601,16126,47.1
1785431828.854,17:17:08,timeslice,5,95.7,7726,16126,47.9
1785431828.854,17:17:08,timeslice,6,96.0,7702,16126,47.8
1785431828.854,17:17:08,timeslice,7,96.4,7377,16126,45.7
1785431829.854,17:17:09,timeslice,0,92.1,7751,16126,48.1
1785431829.854,17:17:09,timeslice,1,96.5,7589,16126,47.1
1785431829.854,17:17:09,timeslice,2,96.8,7286,16126,45.2
1785431829.854,17:17:09,timeslice,3,91.2,7649,16126,47.4
1785431829.854,17:17:09,timeslice,4,96.0,7601,16126,47.1
1785431829.854,17:17:09,timeslice,5,95.7,7726,16126,47.9
1785431829.854,17:17:09,timeslice,6,96.0,7702,16126,47.8
1785431829.854,17:17:09,timeslice,7,96.4,7377,16126,45.7
1785431830.854,17:17:10,timeslice,0,84.3,7514,16126,46.6
1785431830.854,17:17:10,timeslice,1,96.7,7198,16126,44.6
1785431830.854,17:17:10,timeslice,2,97.2,7186,16126,44.6
1785431830.854,17:17:10,timeslice,3,94.9,7186,16126,44.6
1785431830.854,17:17:10,timeslice,4,95.8,7102,16126,44.0
1785431830.854,17:17:10,timeslice,5,96.6,7294,16126,45.2
1785431830.854,17:17:10,timeslice,6,95.9,7198,16126,44.6
1785431830.854,17:17:10,timeslice,7,96.2,7296,16126,45.2
1785431831.854,17:17:11,timeslice,0,84.3,7514,16126,46.6
1785431831.854,17:17:11,timeslice,1,96.7,7198,16126,44.6
1785431831.854,17:17:11,timeslice,2,97.2,7186,16126,44.6
1785431831.854,17:17:11,timeslice,3,94.9,7186,16126,44.6
1785431831.854,17:17:11,timeslice,4,95.8,7102,16126,44.0
1785431831.854,17:17:11,timeslice,5,96.6,7294,16126,45.2
1785431831.854,17:17:11,timeslice,6,95.9,7198,16126,44.6
1785431831.854,17:17:11,timeslice,7,96.2,7296,16126,45.2
1785431832.854,17:17:12,timeslice,0,84.3,7514,16126,46.6
1785431832.854,17:17:12,timeslice,1,96.7,7198,16126,44.6
1785431832.854,17:17:12,timeslice,2,97.2,7186,16126,44.6
1785431832.854,17:17:12,timeslice,3,94.9,7186,16126,44.6
1785431832.854,17:17:12,timeslice,4,95.8,7102,16126,44.0
1785431832.854,17:17:12,timeslice,5,96.6,7294,16126,45.2
1785431832.854,17:17:12,timeslice,6,95.9,7198,16126,44.6
1785431832.854,17:17:12,timeslice,7,96.2,7296,16126,45.2
1785431833.854,17:17:13,timeslice,0,84.3,7514,16126,46.6
1785431833.854,17:17:13,timeslice,1,96.7,7198,16126,44.6
1785431833.854,17:17:13,timeslice,2,97.2,7186,16126,44.6
1785431833.854,17:17:13,timeslice,3,94.9,7186,16126,44.6
1785431833.854,17:17:13,timeslice,4,95.8,7102,16126,44.0
1785431833.854,17:17:13,timeslice,5,96.6,7294,16126,45.2
1785431833.854,17:17:13,timeslice,6,95.9,7198,16126,44.6
1785431833.854,17:17:13,timeslice,7,96.2,7296,16126,45.2
1785431834.854,17:17:14,timeslice,0,84.3,7514,16126,46.6
1785431834.854,17:17:14,timeslice,1,96.7,7198,16126,44.6
1785431834.854,17:17:14,timeslice,2,97.2,7186,16126,44.6
1785431834.854,17:17:14,timeslice,3,94.9,7186,16126,44.6
1785431834.854,17:17:14,timeslice,4,95.8,7102,16126,44.0
1785431834.854,17:17:14,timeslice,5,96.6,7294,16126,45.2
1785431834.854,17:17:14,timeslice,6,95.9,7198,16126,44.6
1785431834.854,17:17:14,timeslice,7,96.2,7296,16126,45.2
1785431835.855,17:17:15,timeslice,0,92.8,7186,16126,44.6
1785431835.855,17:17:15,timeslice,1,94.2,7483,16126,46.4
1785431835.855,17:17:15,timeslice,2,93.4,7525,16126,46.7
1785431835.855,17:17:15,timeslice,3,92.1,7567,16126,46.9
1785431835.855,17:17:15,timeslice,4,93.2,7519,16126,46.6
1785431835.855,17:17:15,timeslice,5,88.7,7495,16126,46.5
1785431835.855,17:17:15,timeslice,6,94.2,7166,16126,44.4
1785431835.855,17:17:15,timeslice,7,94.3,7163,16126,44.4
1785431836.855,17:17:16,timeslice,0,92.8,7186,16126,44.6
1785431836.855,17:17:16,timeslice,1,94.2,7483,16126,46.4
1785431836.855,17:17:16,timeslice,2,93.4,7525,16126,46.7
1785431836.855,17:17:16,timeslice,3,92.1,7567,16126,46.9
1785431836.855,17:17:16,timeslice,4,93.2,7519,16126,46.6
1785431836.855,17:17:16,timeslice,5,88.7,7495,16126,46.5
1785431836.855,17:17:16,timeslice,6,94.2,7166,16126,44.4
1785431836.855,17:17:16,timeslice,7,94.3,7163,16126,44.4
1785431837.855,17:17:17,timeslice,0,92.8,7186,16126,44.6
1785431837.855,17:17:17,timeslice,1,94.2,7483,16126,46.4
1785431837.855,17:17:17,timeslice,2,93.4,7525,16126,46.7
1785431837.855,17:17:17,timeslice,3,92.1,7567,16126,46.9
1785431837.855,17:17:17,timeslice,4,93.2,7519,16126,46.6
1785431837.855,17:17:17,timeslice,5,88.7,7495,16126,46.5
1785431837.855,17:17:17,timeslice,6,94.2,7166,16126,44.4
1785431837.855,17:17:17,timeslice,7,94.3,7163,16126,44.4
1785431838.855,17:17:18,timeslice,0,92.8,7186,16126,44.6
1785431838.855,17:17:18,timeslice,1,94.2,7483,16126,46.4
1785431838.855,17:17:18,timeslice,2,93.4,7525,16126,46.7
1785431838.855,17:17:18,timeslice,3,92.1,7567,16126,46.9
1785431838.855,17:17:18,timeslice,4,93.2,7519,16126,46.6
1785431838.855,17:17:18,timeslice,5,88.7,7495,16126,46.5
1785431838.855,17:17:18,timeslice,6,94.2,7166,16126,44.4
1785431838.855,17:17:18,timeslice,7,94.3,7163,16126,44.4
1785431839.855,17:17:19,timeslice,0,92.8,7186,16126,44.6
1785431839.855,17:17:19,timeslice,1,94.2,7483,16126,46.4
1785431839.855,17:17:19,timeslice,2,93.4,7525,16126,46.7
1785431839.855,17:17:19,timeslice,3,92.1,7567,16126,46.9
1785431839.855,17:17:19,timeslice,4,93.2,7519,16126,46.6
1785431839.855,17:17:19,timeslice,5,88.7,7495,16126,46.5
1785431839.855,17:17:19,timeslice,6,94.2,7166,16126,44.4
1785431839.855,17:17:19,timeslice,7,94.3,7163,16126,44.4
1785431840.855,17:17:20,timeslice,0,96.0,6035,16126,37.4
1785431840.855,17:17:20,timeslice,1,92.9,6075,16126,37.7
1785431840.855,17:17:20,timeslice,2,89.1,5911,16126,36.7
1785431840.855,17:17:20,timeslice,3,93.8,6069,16126,37.6
1785431840.855,17:17:20,timeslice,4,96.3,6069,16126,37.6
1785431840.855,17:17:20,timeslice,5,96.5,6051,16126,37.5
1785431840.855,17:17:20,timeslice,6,95.8,5959,16126,37.0
1785431840.855,17:17:20,timeslice,7,96.7,6071,16126,37.6
1785431841.855,17:17:21,timeslice,0,96.0,6035,16126,37.4
1785431841.855,17:17:21,timeslice,1,92.9,6075,16126,37.7
1785431841.855,17:17:21,timeslice,2,89.1,5911,16126,36.7
1785431841.855,17:17:21,timeslice,3,93.8,6069,16126,37.6
1785431841.855,17:17:21,timeslice,4,96.3,6069,16126,37.6
1785431841.855,17:17:21,timeslice,5,96.5,6051,16126,37.5
1785431841.855,17:17:21,timeslice,6,95.8,5959,16126,37.0
1785431841.855,17:17:21,timeslice,7,96.7,6071,16126,37.6
1785431842.855,17:17:22,timeslice,0,96.0,6035,16126,37.4
1785431842.855,17:17:22,timeslice,1,92.9,6075,16126,37.7
1785431842.855,17:17:22,timeslice,2,89.1,5911,16126,36.7
1785431842.855,17:17:22,timeslice,3,93.8,6069,16126,37.6
1785431842.855,17:17:22,timeslice,4,96.3,6069,16126,37.6
1785431842.855,17:17:22,timeslice,5,96.5,6051,16126,37.5
1785431842.855,17:17:22,timeslice,6,95.8,5959,16126,37.0
1785431842.855,17:17:22,timeslice,7,96.7,6071,16126,37.6
1785431843.856,17:17:23,timeslice,0,96.0,6035,16126,37.4
1785431843.856,17:17:23,timeslice,1,92.9,6075,16126,37.7
1785431843.856,17:17:23,timeslice,2,89.1,5911,16126,36.7
1785431843.856,17:17:23,timeslice,3,93.8,6069,16126,37.6
1785431843.856,17:17:23,timeslice,4,96.3,6069,16126,37.6
1785431843.856,17:17:23,timeslice,5,96.5,6051,16126,37.5
1785431843.856,17:17:23,timeslice,6,95.8,5959,16126,37.0
1785431843.856,17:17:23,timeslice,7,96.7,6071,16126,37.6
1785431844.856,17:17:24,timeslice,0,96.0,6035,16126,37.4
1785431844.856,17:17:24,timeslice,1,92.9,6075,16126,37.7
1785431844.856,17:17:24,timeslice,2,89.1,5911,16126,36.7
1785431844.856,17:17:24,timeslice,3,93.8,6069,16126,37.6
1785431844.856,17:17:24,timeslice,4,96.3,6069,16126,37.6
1785431844.856,17:17:24,timeslice,5,96.5,6051,16126,37.5
1785431844.856,17:17:24,timeslice,6,95.8,5959,16126,37.0
1785431844.856,17:17:24,timeslice,7,96.7,6071,16126,37.6
1785431845.856,17:17:25,timeslice,0,95.7,5803,16126,36.0
1785431845.856,17:17:25,timeslice,1,90.5,5803,16126,36.0
1785431845.856,17:17:25,timeslice,2,95.6,5803,16126,36.0
1785431845.856,17:17:25,timeslice,3,94.6,5803,16126,36.0
1785431845.856,17:17:25,timeslice,4,95.5,5803,16126,36.0
1785431845.856,17:17:25,timeslice,5,95.6,5803,16126,36.0
1785431845.856,17:17:25,timeslice,6,95.5,5803,16126,36.0
1785431845.856,17:17:25,timeslice,7,87.5,5804,16126,36.0
1785431846.856,17:17:26,timeslice,0,95.7,5803,16126,36.0
1785431846.856,17:17:26,timeslice,1,90.5,5803,16126,36.0
1785431846.856,17:17:26,timeslice,2,95.6,5803,16126,36.0
1785431846.856,17:17:26,timeslice,3,94.6,5803,16126,36.0
1785431846.856,17:17:26,timeslice,4,95.5,5803,16126,36.0
1785431846.856,17:17:26,timeslice,5,95.6,5803,16126,36.0
1785431846.856,17:17:26,timeslice,6,95.5,5803,16126,36.0
1785431846.856,17:17:26,timeslice,7,87.5,5804,16126,36.0
1785431847.856,17:17:27,timeslice,0,95.7,5803,16126,36.0
1785431847.856,17:17:27,timeslice,1,90.5,5803,16126,36.0
1785431847.856,17:17:27,timeslice,2,95.6,5803,16126,36.0
1785431847.856,17:17:27,timeslice,3,94.6,5803,16126,36.0
1785431847.856,17:17:27,timeslice,4,95.5,5803,16126,36.0
1785431847.856,17:17:27,timeslice,5,95.6,5803,16126,36.0
1785431847.856,17:17:27,timeslice,6,95.5,5803,16126,36.0
1785431847.856,17:17:27,timeslice,7,87.5,5804,16126,36.0
1785431848.856,17:17:28,timeslice,0,95.7,5803,16126,36.0
1785431848.856,17:17:28,timeslice,1,90.5,5803,16126,36.0
1785431848.856,17:17:28,timeslice,2,95.6,5803,16126,36.0
1785431848.856,17:17:28,timeslice,3,94.6,5803,16126,36.0
1785431848.856,17:17:28,timeslice,4,95.5,5803,16126,36.0
1785431848.856,17:17:28,timeslice,5,95.6,5803,16126,36.0
1785431848.856,17:17:28,timeslice,6,95.5,5803,16126,36.0
1785431848.856,17:17:28,timeslice,7,87.5,5804,16126,36.0
1785431849.856,17:17:29,timeslice,0,95.7,5803,16126,36.0
1785431849.856,17:17:29,timeslice,1,90.5,5803,16126,36.0
1785431849.856,17:17:29,timeslice,2,95.6,5803,16126,36.0
1785431849.856,17:17:29,timeslice,3,94.6,5803,16126,36.0
1785431849.856,17:17:29,timeslice,4,95.5,5803,16126,36.0
1785431849.856,17:17:29,timeslice,5,95.6,5803,16126,36.0
1785431849.856,17:17:29,timeslice,6,95.5,5803,16126,36.0
1785431849.856,17:17:29,timeslice,7,87.5,5804,16126,36.0
1785431850.856,17:17:30,timeslice,0,95.9,5197,16126,32.2
1785431850.856,17:17:30,timeslice,1,84.7,5197,16126,32.2
1785431850.856,17:17:30,timeslice,2,89.8,6087,16126,37.7
1785431850.856,17:17:30,timeslice,3,95.5,6087,16126,37.7
1785431850.856,17:17:30,timeslice,4,91.4,5197,16126,32.2
1785431850.856,17:17:30,timeslice,5,87.8,6087,16126,37.7
1785431850.856,17:17:30,timeslice,6,91.7,5197,16126,32.2
1785431850.856,17:17:30,timeslice,7,95.2,6089,16126,37.8
1785431851.857,17:17:31,timeslice,0,95.9,5197,16126,32.2
1785431851.857,17:17:31,timeslice,1,84.7,5197,16126,32.2
1785431851.857,17:17:31,timeslice,2,89.8,6087,16126,37.7
1785431851.857,17:17:31,timeslice,3,95.5,6087,16126,37.7
1785431851.857,17:17:31,timeslice,4,91.4,5197,16126,32.2
1785431851.857,17:17:31,timeslice,5,87.8,6087,16126,37.7
1785431851.857,17:17:31,timeslice,6,91.7,5197,16126,32.2
1785431851.857,17:17:31,timeslice,7,95.2,6089,16126,37.8
1785431852.857,17:17:32,timeslice,0,95.9,5197,16126,32.2
1785431852.857,17:17:32,timeslice,1,84.7,5197,16126,32.2
1785431852.857,17:17:32,timeslice,2,89.8,6087,16126,37.7
1785431852.857,17:17:32,timeslice,3,95.5,6087,16126,37.7
1785431852.857,17:17:32,timeslice,4,91.4,5197,16126,32.2
1785431852.857,17:17:32,timeslice,5,87.8,6087,16126,37.7
1785431852.857,17:17:32,timeslice,6,91.7,5197,16126,32.2
1785431852.857,17:17:32,timeslice,7,95.2,6089,16126,37.8
1785431853.857,17:17:33,timeslice,0,95.9,5197,16126,32.2
1785431853.857,17:17:33,timeslice,1,84.7,5197,16126,32.2
1785431853.857,17:17:33,timeslice,2,89.8,6087,16126,37.7
1785431853.857,17:17:33,timeslice,3,95.5,6087,16126,37.7
1785431853.857,17:17:33,timeslice,4,91.4,5197,16126,32.2
1785431853.857,17:17:33,timeslice,5,87.8,6087,16126,37.7
1785431853.857,17:17:33,timeslice,6,91.7,5197,16126,32.2
1785431853.857,17:17:33,timeslice,7,95.2,6089,16126,37.8
1785431854.857,17:17:34,timeslice,0,95.9,5197,16126,32.2
1785431854.857,17:17:34,timeslice,1,84.7,5197,16126,32.2
1785431854.857,17:17:34,timeslice,2,89.8,6087,16126,37.7
1785431854.857,17:17:34,timeslice,3,95.5,6087,16126,37.7
1785431854.857,17:17:34,timeslice,4,91.4,5197,16126,32.2
1785431854.857,17:17:34,timeslice,5,87.8,6087,16126,37.7
1785431854.857,17:17:34,timeslice,6,91.7,5197,16126,32.2
1785431854.857,17:17:34,timeslice,7,95.2,6089,16126,37.8
1785431855.857,17:17:35,timeslice,0,94.8,8093,16126,50.2
1785431855.857,17:17:35,timeslice,1,94.9,8057,16126,50.0
1785431855.857,17:17:35,timeslice,2,92.8,8063,16126,50.0
1785431855.857,17:17:35,timeslice,3,90.0,8143,16126,50.5
1785431855.857,17:17:35,timeslice,4,93.9,8093,16126,50.2
1785431855.857,17:17:35,timeslice,5,93.8,8073,16126,50.1
1785431855.857,17:17:35,timeslice,6,93.6,8087,16126,50.1
1785431855.857,17:17:35,timeslice,7,94.6,8107,16126,50.3
1785431856.857,17:17:36,timeslice,0,94.8,8093,16126,50.2
1785431856.857,17:17:36,timeslice,1,94.9,8057,16126,50.0
1785431856.857,17:17:36,timeslice,2,92.8,8063,16126,50.0
1785431856.857,17:17:36,timeslice,3,90.0,8143,16126,50.5
1785431856.857,17:17:36,timeslice,4,93.9,8093,16126,50.2
1785431856.857,17:17:36,timeslice,5,93.8,8073,16126,50.1
1785431856.857,17:17:36,timeslice,6,93.6,8087,16126,50.1
1785431856.857,17:17:36,timeslice,7,94.6,8107,16126,50.3
1785431857.857,17:17:37,timeslice,0,94.8,8093,16126,50.2
1785431857.857,17:17:37,timeslice,1,94.9,8057,16126,50.0
1785431857.857,17:17:37,timeslice,2,92.8,8063,16126,50.0
1785431857.857,17:17:37,timeslice,3,90.0,8143,16126,50.5
1785431857.857,17:17:37,timeslice,4,93.9,8093,16126,50.2
1785431857.857,17:17:37,timeslice,5,93.8,8073,16126,50.1
1785431857.857,17:17:37,timeslice,6,93.6,8087,16126,50.1
1785431857.857,17:17:37,timeslice,7,94.6,8107,16126,50.3
1785431858.857,17:17:38,timeslice,0,94.8,8093,16126,50.2
1785431858.857,17:17:38,timeslice,1,94.9,8057,16126,50.0
1785431858.857,17:17:38,timeslice,2,92.8,8063,16126,50.0
1785431858.857,17:17:38,timeslice,3,90.0,8143,16126,50.5
1785431858.857,17:17:38,timeslice,4,93.9,8093,16126,50.2
1785431858.857,17:17:38,timeslice,5,93.8,8073,16126,50.1
1785431858.857,17:17:38,timeslice,6,93.6,8087,16126,50.1
1785431858.857,17:17:38,timeslice,7,94.6,8107,16126,50.3
1785431859.858,17:17:39,timeslice,0,94.8,8093,16126,50.2
1785431859.858,17:17:39,timeslice,1,94.9,8057,16126,50.0
1785431859.858,17:17:39,timeslice,2,92.8,8063,16126,50.0
1785431859.858,17:17:39,timeslice,3,90.0,8143,16126,50.5
1785431859.858,17:17:39,timeslice,4,93.9,8093,16126,50.2
1785431859.858,17:17:39,timeslice,5,93.8,8073,16126,50.1
1785431859.858,17:17:39,timeslice,6,93.6,8087,16126,50.1
1785431859.858,17:17:39,timeslice,7,94.6,8107,16126,50.3
1785431860.858,17:17:40,timeslice,0,95.0,10774,16126,66.8
1785431860.858,17:17:40,timeslice,1,89.5,8200,16126,50.8
1785431860.858,17:17:40,timeslice,2,95.8,10774,16126,66.8
1785431860.858,17:17:40,timeslice,3,93.9,10774,16126,66.8
1785431860.858,17:17:40,timeslice,4,95.8,10774,16126,66.8
1785431860.858,17:17:40,timeslice,5,95.3,10774,16126,66.8
1785431860.858,17:17:40,timeslice,6,94.1,10774,16126,66.8
1785431860.858,17:17:40,timeslice,7,96.1,10776,16126,66.8
1785431861.858,17:17:41,timeslice,0,95.0,10774,16126,66.8
1785431861.858,17:17:41,timeslice,1,89.5,8200,16126,50.8
1785431861.858,17:17:41,timeslice,2,95.8,10774,16126,66.8
1785431861.858,17:17:41,timeslice,3,93.9,10774,16126,66.8
1785431861.858,17:17:41,timeslice,4,95.8,10774,16126,66.8
1785431861.858,17:17:41,timeslice,5,95.3,10774,16126,66.8
1785431861.858,17:17:41,timeslice,6,94.1,10774,16126,66.8
1785431861.858,17:17:41,timeslice,7,96.1,10776,16126,66.8
1785431862.858,17:17:42,timeslice,0,95.0,10774,16126,66.8
1785431862.858,17:17:42,timeslice,1,89.5,8200,16126,50.8
1785431862.858,17:17:42,timeslice,2,95.8,10774,16126,66.8
1785431862.858,17:17:42,timeslice,3,93.9,10774,16126,66.8
1785431862.858,17:17:42,timeslice,4,95.8,10774,16126,66.8
1785431862.858,17:17:42,timeslice,5,95.3,10774,16126,66.8
1785431862.858,17:17:42,timeslice,6,94.1,10774,16126,66.8
1785431862.858,17:17:42,timeslice,7,96.1,10776,16126,66.8
1785431863.858,17:17:43,timeslice,0,95.0,10774,16126,66.8
1785431863.858,17:17:43,timeslice,1,89.5,8200,16126,50.8
1785431863.858,17:17:43,timeslice,2,95.8,10774,16126,66.8
1785431863.858,17:17:43,timeslice,3,93.9,10774,16126,66.8
1785431863.858,17:17:43,timeslice,4,95.8,10774,16126,66.8
1785431863.858,17:17:43,timeslice,5,95.3,10774,16126,66.8
1785431863.858,17:17:43,timeslice,6,94.1,10774,16126,66.8
1785431863.858,17:17:43,timeslice,7,96.1,10776,16126,66.8
1785431864.858,17:17:44,timeslice,0,95.0,10774,16126,66.8
1785431864.858,17:17:44,timeslice,1,89.5,8200,16126,50.8
1785431864.858,17:17:44,timeslice,2,95.8,10774,16126,66.8
1785431864.858,17:17:44,timeslice,3,93.9,10774,16126,66.8
1785431864.858,17:17:44,timeslice,4,95.8,10774,16126,66.8
1785431864.858,17:17:44,timeslice,5,95.3,10774,16126,66.8
1785431864.858,17:17:44,timeslice,6,94.1,10774,16126,66.8
1785431864.858,17:17:44,timeslice,7,96.1,10776,16126,66.8
1785431865.858,17:17:45,timeslice,0,95.5,7019,16126,43.5
1785431865.858,17:17:45,timeslice,1,93.4,7049,16126,43.7
1785431865.858,17:17:45,timeslice,2,94.6,6627,16126,41.1
1785431865.858,17:17:45,timeslice,3,92.9,6952,16126,43.1
1785431865.858,17:17:45,timeslice,4,95.6,6892,16126,42.7
1785431865.858,17:17:45,timeslice,5,96.0,7079,16126,43.9
1785431865.858,17:17:45,timeslice,6,91.0,6610,16126,41.0
1785431865.858,17:17:45,timeslice,7,95.0,7050,16126,43.7
1785431866.858,17:17:46,timeslice,0,95.5,7019,16126,43.5
1785431866.858,17:17:46,timeslice,1,93.4,7049,16126,43.7
1785431866.858,17:17:46,timeslice,2,94.6,6627,16126,41.1
1785431866.858,17:17:46,timeslice,3,92.9,6952,16126,43.1
1785431866.858,17:17:46,timeslice,4,95.6,6892,16126,42.7
1785431866.858,17:17:46,timeslice,5,96.0,7079,16126,43.9
1785431866.858,17:17:46,timeslice,6,91.0,6610,16126,41.0
1785431866.858,17:17:46,timeslice,7,95.0,7050,16126,43.7
1785431867.859,17:17:47,timeslice,0,95.5,7019,16126,43.5
1785431867.859,17:17:47,timeslice,1,93.4,7049,16126,43.7
1785431867.859,17:17:47,timeslice,2,94.6,6627,16126,41.1
1785431867.859,17:17:47,timeslice,3,92.9,6952,16126,43.1
1785431867.859,17:17:47,timeslice,4,95.6,6892,16126,42.7
1785431867.859,17:17:47,timeslice,5,96.0,7079,16126,43.9
1785431867.859,17:17:47,timeslice,6,91.0,6610,16126,41.0
1785431867.859,17:17:47,timeslice,7,95.0,7050,16126,43.7
1785431868.859,17:17:48,timeslice,0,95.5,7019,16126,43.5
1785431868.859,17:17:48,timeslice,1,93.4,7049,16126,43.7
1785431868.859,17:17:48,timeslice,2,94.6,6627,16126,41.1
1785431868.859,17:17:48,timeslice,3,92.9,6952,16126,43.1
1785431868.859,17:17:48,timeslice,4,95.6,6892,16126,42.7
1785431868.859,17:17:48,timeslice,5,96.0,7079,16126,43.9
1785431868.859,17:17:48,timeslice,6,91.0,6610,16126,41.0
1785431868.859,17:17:48,timeslice,7,95.0,7050,16126,43.7
1785431869.859,17:17:49,timeslice,0,95.5,7019,16126,43.5
1785431869.859,17:17:49,timeslice,1,93.4,7049,16126,43.7
1785431869.859,17:17:49,timeslice,2,94.6,6627,16126,41.1
1785431869.859,17:17:49,timeslice,3,92.9,6952,16126,43.1
1785431869.859,17:17:49,timeslice,4,95.6,6892,16126,42.7
1785431869.859,17:17:49,timeslice,5,96.0,7079,16126,43.9
1785431869.859,17:17:49,timeslice,6,91.0,6610,16126,41.0
1785431869.859,17:17:49,timeslice,7,95.0,7050,16126,43.7
1785431870.859,17:17:50,timeslice,0,96.2,7147,16126,44.3
1785431870.859,17:17:50,timeslice,1,95.8,7147,16126,44.3
1785431870.859,17:17:50,timeslice,2,92.9,7224,16126,44.8
1785431870.859,17:17:50,timeslice,3,95.3,7147,16126,44.3
1785431870.859,17:17:50,timeslice,4,90.2,7127,16126,44.2
1785431870.859,17:17:50,timeslice,5,94.8,7147,16126,44.3
1785431870.859,17:17:50,timeslice,6,94.7,7147,16126,44.3
1785431870.859,17:17:50,timeslice,7,94.8,7149,16126,44.3
1785431871.859,17:17:51,timeslice,0,96.2,7147,16126,44.3
1785431871.859,17:17:51,timeslice,1,95.8,7147,16126,44.3
1785431871.859,17:17:51,timeslice,2,92.9,7224,16126,44.8
1785431871.859,17:17:51,timeslice,3,95.3,7147,16126,44.3
1785431871.859,17:17:51,timeslice,4,90.2,7127,16126,44.2
1785431871.859,17:17:51,timeslice,5,94.8,7147,16126,44.3
1785431871.859,17:17:51,timeslice,6,94.7,7147,16126,44.3
1785431871.859,17:17:51,timeslice,7,94.8,7149,16126,44.3
1785431872.859,17:17:52,timeslice,0,96.2,7147,16126,44.3
1785431872.859,17:17:52,timeslice,1,95.8,7147,16126,44.3
1785431872.859,17:17:52,timeslice,2,92.9,7224,16126,44.8
1785431872.859,17:17:52,timeslice,3,95.3,7147,16126,44.3
1785431872.859,17:17:52,timeslice,4,90.2,7127,16126,44.2
1785431872.859,17:17:52,timeslice,5,94.8,7147,16126,44.3
1785431872.859,17:17:52,timeslice,6,94.7,7147,16126,44.3
1785431872.859,17:17:52,timeslice,7,94.8,7149,16126,44.3
1785431873.859,17:17:53,timeslice,0,96.2,7147,16126,44.3
1785431873.859,17:17:53,timeslice,1,95.8,7147,16126,44.3
1785431873.859,17:17:53,timeslice,2,92.9,7224,16126,44.8
1785431873.859,17:17:53,timeslice,3,95.3,7147,16126,44.3
1785431873.859,17:17:53,timeslice,4,90.2,7127,16126,44.2
1785431873.859,17:17:53,timeslice,5,94.8,7147,16126,44.3
1785431873.859,17:17:53,timeslice,6,94.7,7147,16126,44.3
1785431873.859,17:17:53,timeslice,7,94.8,7149,16126,44.3
1785431874.859,17:17:54,timeslice,0,96.2,7147,16126,44.3
1785431874.859,17:17:54,timeslice,1,95.8,7147,16126,44.3
1785431874.859,17:17:54,timeslice,2,92.9,7224,16126,44.8
1785431874.859,17:17:54,timeslice,3,95.3,7147,16126,44.3
1785431874.859,17:17:54,timeslice,4,90.2,7127,16126,44.2
1785431874.859,17:17:54,timeslice,5,94.8,7147,16126,44.3
1785431874.859,17:17:54,timeslice,6,94.7,7147,16126,44.3
1785431874.859,17:17:54,timeslice,7,94.8,7149,16126,44.3
1785431875.859,17:17:55,timeslice,0,95.4,5803,16126,36.0
1785431875.859,17:17:55,timeslice,1,93.6,5803,16126,36.0
1785431875.859,17:17:55,timeslice,2,92.4,6175,16126,38.3
1785431875.859,17:17:55,timeslice,3,96.5,5803,16126,36.0
1785431875.859,17:17:55,timeslice,4,91.7,5803,16126,36.0
1785431875.859,17:17:55,timeslice,5,95.9,5803,16126,36.0
1785431875.859,17:17:55,timeslice,6,96.3,5803,16126,36.0
1785431875.859,17:17:55,timeslice,7,95.5,5804,16126,36.0
1785431876.86,17:17:56,timeslice,0,95.4,5803,16126,36.0
1785431876.86,17:17:56,timeslice,1,93.6,5803,16126,36.0
1785431876.86,17:17:56,timeslice,2,92.4,6175,16126,38.3
1785431876.86,17:17:56,timeslice,3,96.5,5803,16126,36.0
1785431876.86,17:17:56,timeslice,4,91.7,5803,16126,36.0
1785431876.86,17:17:56,timeslice,5,95.9,5803,16126,36.0
1785431876.86,17:17:56,timeslice,6,96.3,5803,16126,36.0
1785431876.86,17:17:56,timeslice,7,95.5,5804,16126,36.0
1785431877.86,17:17:57,timeslice,0,95.4,5803,16126,36.0
1785431877.86,17:17:57,timeslice,1,93.6,5803,16126,36.0
1785431877.86,17:17:57,timeslice,2,92.4,6175,16126,38.3
1785431877.86,17:17:57,timeslice,3,96.5,5803,16126,36.0
1785431877.86,17:17:57,timeslice,4,91.7,5803,16126,36.0
1785431877.86,17:17:57,timeslice,5,95.9,5803,16126,36.0
1785431877.86,17:17:57,timeslice,6,96.3,5803,16126,36.0
1785431877.86,17:17:57,timeslice,7,95.5,5804,16126,36.0
1785431878.86,17:17:58,timeslice,0,95.4,5803,16126,36.0
1785431878.86,17:17:58,timeslice,1,93.6,5803,16126,36.0
1785431878.86,17:17:58,timeslice,2,92.4,6175,16126,38.3
1785431878.86,17:17:58,timeslice,3,96.5,5803,16126,36.0
1785431878.86,17:17:58,timeslice,4,91.7,5803,16126,36.0
1785431878.86,17:17:58,timeslice,5,95.9,5803,16126,36.0
1785431878.86,17:17:58,timeslice,6,96.3,5803,16126,36.0
1785431878.86,17:17:58,timeslice,7,95.5,5804,16126,36.0
1785431879.86,17:17:59,timeslice,0,95.4,5803,16126,36.0
1785431879.86,17:17:59,timeslice,1,93.6,5803,16126,36.0
1785431879.86,17:17:59,timeslice,2,92.4,6175,16126,38.3
1785431879.86,17:17:59,timeslice,3,96.5,5803,16126,36.0
1785431879.86,17:17:59,timeslice,4,91.7,5803,16126,36.0
1785431879.86,17:17:59,timeslice,5,95.9,5803,16126,36.0
1785431879.86,17:17:59,timeslice,6,96.3,5803,16126,36.0
1785431879.86,17:17:59,timeslice,7,95.5,5804,16126,36.0
1785431880.86,17:18:00,timeslice,0,96.3,6611,16126,41.0
1785431880.86,17:18:00,timeslice,1,96.0,6467,16126,40.1
1785431880.86,17:18:00,timeslice,2,95.9,6473,16126,40.1
1785431880.86,17:18:00,timeslice,3,94.7,6563,16126,40.7
1785431880.86,17:18:00,timeslice,4,95.7,6521,16126,40.4
1785431880.86,17:18:00,timeslice,5,88.6,6515,16126,40.4
1785431880.86,17:18:00,timeslice,6,95.6,6479,16126,40.2
1785431880.86,17:18:00,timeslice,7,96.1,6528,16126,40.5
1785431881.86,17:18:01,timeslice,0,96.3,6611,16126,41.0
1785431881.86,17:18:01,timeslice,1,96.0,6467,16126,40.1
1785431881.86,17:18:01,timeslice,2,95.9,6473,16126,40.1
1785431881.86,17:18:01,timeslice,3,94.7,6563,16126,40.7
1785431881.86,17:18:01,timeslice,4,95.7,6521,16126,40.4
1785431881.86,17:18:01,timeslice,5,88.6,6515,16126,40.4
1785431881.86,17:18:01,timeslice,6,95.6,6479,16126,40.2
1785431881.86,17:18:01,timeslice,7,96.1,6528,16126,40.5
1785431882.86,17:18:02,timeslice,0,96.3,6611,16126,41.0
1785431882.86,17:18:02,timeslice,1,96.0,6467,16126,40.1
1785431882.86,17:18:02,timeslice,2,95.9,6473,16126,40.1
1785431882.86,17:18:02,timeslice,3,94.7,6563,16126,40.7
1785431882.86,17:18:02,timeslice,4,95.7,6521,16126,40.4
1785431882.86,17:18:02,timeslice,5,88.6,6515,16126,40.4
1785431882.86,17:18:02,timeslice,6,95.6,6479,16126,40.2
1785431882.86,17:18:02,timeslice,7,96.1,6528,16126,40.5
1785431883.86,17:18:03,timeslice,0,96.3,6611,16126,41.0
1785431883.86,17:18:03,timeslice,1,96.0,6467,16126,40.1
1785431883.86,17:18:03,timeslice,2,95.9,6473,16126,40.1
1785431883.86,17:18:03,timeslice,3,94.7,6563,16126,40.7
1785431883.86,17:18:03,timeslice,4,95.7,6521,16126,40.4
1785431883.86,17:18:03,timeslice,5,88.6,6515,16126,40.4
1785431883.86,17:18:03,timeslice,6,95.6,6479,16126,40.2
1785431883.86,17:18:03,timeslice,7,96.1,6528,16126,40.5
1785431884.861,17:18:04,timeslice,0,96.3,6611,16126,41.0
1785431884.861,17:18:04,timeslice,1,96.0,6467,16126,40.1
1785431884.861,17:18:04,timeslice,2,95.9,6473,16126,40.1
1785431884.861,17:18:04,timeslice,3,94.7,6563,16126,40.7
1785431884.861,17:18:04,timeslice,4,95.7,6521,16126,40.4
1785431884.861,17:18:04,timeslice,5,88.6,6515,16126,40.4
1785431884.861,17:18:04,timeslice,6,95.6,6479,16126,40.2
1785431884.861,17:18:04,timeslice,7,96.1,6528,16126,40.5
1785431885.861,17:18:05,timeslice,0,94.6,7615,16126,47.2
1785431885.861,17:18:05,timeslice,1,91.7,7615,16126,47.2
1785431885.861,17:18:05,timeslice,2,86.7,7518,16126,46.6
1785431885.861,17:18:05,timeslice,3,92.3,7651,16126,47.4
1785431885.861,17:18:05,timeslice,4,92.9,7422,16126,46.0
1785431885.861,17:18:05,timeslice,5,91.1,7538,16126,46.7
1785431885.861,17:18:05,timeslice,6,94.1,7575,16126,47.0
1785431885.861,17:18:05,timeslice,7,90.4,7537,16126,46.7
1785431886.861,17:18:06,timeslice,0,94.6,7615,16126,47.2
1785431886.861,17:18:06,timeslice,1,91.7,7615,16126,47.2
1785431886.861,17:18:06,timeslice,2,86.7,7518,16126,46.6
1785431886.861,17:18:06,timeslice,3,92.3,7651,16126,47.4
1785431886.861,17:18:06,timeslice,4,92.9,7422,16126,46.0
1785431886.861,17:18:06,timeslice,5,91.1,7538,16126,46.7
1785431886.861,17:18:06,timeslice,6,94.1,7575,16126,47.0
1785431886.861,17:18:06,timeslice,7,90.4,7537,16126,46.7
1785431887.861,17:18:07,timeslice,0,94.6,7615,16126,47.2
1785431887.861,17:18:07,timeslice,1,91.7,7615,16126,47.2
1785431887.861,17:18:07,timeslice,2,86.7,7518,16126,46.6
1785431887.861,17:18:07,timeslice,3,92.3,7651,16126,47.4
1785431887.861,17:18:07,timeslice,4,92.9,7422,16126,46.0
1785431887.861,17:18:07,timeslice,5,91.1,7538,16126,46.7
1785431887.861,17:18:07,timeslice,6,94.1,7575,16126,47.0
1785431887.861,17:18:07,timeslice,7,90.4,7537,16126,46.7
1785431888.861,17:18:08,timeslice,0,94.6,7615,16126,47.2
1785431888.861,17:18:08,timeslice,1,91.7,7615,16126,47.2
1785431888.861,17:18:08,timeslice,2,86.7,7518,16126,46.6
1785431888.861,17:18:08,timeslice,3,92.3,7651,16126,47.4
1785431888.861,17:18:08,timeslice,4,92.9,7422,16126,46.0
1785431888.861,17:18:08,timeslice,5,91.1,7538,16126,46.7
1785431888.861,17:18:08,timeslice,6,94.1,7575,16126,47.0
1785431888.861,17:18:08,timeslice,7,90.4,7537,16126,46.7
1785431889.861,17:18:09,timeslice,0,94.6,7615,16126,47.2
1785431889.861,17:18:09,timeslice,1,91.7,7615,16126,47.2
1785431889.861,17:18:09,timeslice,2,86.7,7518,16126,46.6
1785431889.861,17:18:09,timeslice,3,92.3,7651,16126,47.4
1785431889.861,17:18:09,timeslice,4,92.9,7422,16126,46.0
1785431889.861,17:18:09,timeslice,5,91.1,7538,16126,46.7
1785431889.861,17:18:09,timeslice,6,94.1,7575,16126,47.0
1785431889.861,17:18:09,timeslice,7,90.4,7537,16126,46.7
1785431890.861,17:18:10,timeslice,0,95.5,6793,16126,42.1
1785431890.861,17:18:10,timeslice,1,93.4,6527,16126,40.5
1785431890.861,17:18:10,timeslice,2,95.9,6527,16126,40.5
1785431890.861,17:18:10,timeslice,3,94.9,6527,16126,40.5
1785431890.861,17:18:10,timeslice,4,93.3,6531,16126,40.5
1785431890.861,17:18:10,timeslice,5,94.6,6527,16126,40.5
1785431890.861,17:18:10,timeslice,6,96.3,6527,16126,40.5
1785431890.861,17:18:10,timeslice,7,96.0,6528,16126,40.5
1785431891.861,17:18:11,timeslice,0,95.5,6793,16126,42.1
1785431891.861,17:18:11,timeslice,1,93.4,6527,16126,40.5
1785431891.861,17:18:11,timeslice,2,95.9,6527,16126,40.5
1785431891.861,17:18:11,timeslice,3,94.9,6527,16126,40.5
1785431891.861,17:18:11,timeslice,4,93.3,6531,16126,40.5
1785431891.861,17:18:11,timeslice,5,94.6,6527,16126,40.5
1785431891.861,17:18:11,timeslice,6,96.3,6527,16126,40.5
1785431891.861,17:18:11,timeslice,7,96.0,6528,16126,40.5
1785431892.861,17:18:12,timeslice,0,95.5,6793,16126,42.1
1785431892.861,17:18:12,timeslice,1,93.4,6527,16126,40.5
1785431892.861,17:18:12,timeslice,2,95.9,6527,16126,40.5
1785431892.861,17:18:12,timeslice,3,94.9,6527,16126,40.5
1785431892.861,17:18:12,timeslice,4,93.3,6531,16126,40.5
1785431892.861,17:18:12,timeslice,5,94.6,6527,16126,40.5
1785431892.861,17:18:12,timeslice,6,96.3,6527,16126,40.5
1785431892.861,17:18:12,timeslice,7,96.0,6528,16126,40.5
1785431893.862,17:18:13,timeslice,0,95.5,6793,16126,42.1
1785431893.862,17:18:13,timeslice,1,93.4,6527,16126,40.5
1785431893.862,17:18:13,timeslice,2,95.9,6527,16126,40.5
1785431893.862,17:18:13,timeslice,3,94.9,6527,16126,40.5
1785431893.862,17:18:13,timeslice,4,93.3,6531,16126,40.5
1785431893.862,17:18:13,timeslice,5,94.6,6527,16126,40.5
1785431893.862,17:18:13,timeslice,6,96.3,6527,16126,40.5
1785431893.862,17:18:13,timeslice,7,96.0,6528,16126,40.5
1785431894.862,17:18:14,timeslice,0,95.5,6793,16126,42.1
1785431894.862,17:18:14,timeslice,1,93.4,6527,16126,40.5
1785431894.862,17:18:14,timeslice,2,95.9,6527,16126,40.5
1785431894.862,17:18:14,timeslice,3,94.9,6527,16126,40.5
1785431894.862,17:18:14,timeslice,4,93.3,6531,16126,40.5
1785431894.862,17:18:14,timeslice,5,94.6,6527,16126,40.5
1785431894.862,17:18:14,timeslice,6,96.3,6527,16126,40.5
1785431894.862,17:18:14,timeslice,7,96.0,6528,16126,40.5
1785431895.862,17:18:15,timeslice,0,95.2,7006,16126,43.4
1785431895.862,17:18:15,timeslice,1,95.3,7006,16126,43.4
1785431895.862,17:18:15,timeslice,2,96.1,7006,16126,43.4
1785431895.862,17:18:15,timeslice,3,95.2,7006,16126,43.4
1785431895.862,17:18:15,timeslice,4,86.9,7006,16126,43.4
1785431895.862,17:18:15,timeslice,5,95.8,7006,16126,43.4
1785431895.862,17:18:15,timeslice,6,95.0,7006,16126,43.4
1785431895.862,17:18:15,timeslice,7,96.2,7007,16126,43.5
1785431896.862,17:18:16,timeslice,0,95.2,7006,16126,43.4
1785431896.862,17:18:16,timeslice,1,95.3,7006,16126,43.4
1785431896.862,17:18:16,timeslice,2,96.1,7006,16126,43.4
1785431896.862,17:18:16,timeslice,3,95.2,7006,16126,43.4
1785431896.862,17:18:16,timeslice,4,86.9,7006,16126,43.4
1785431896.862,17:18:16,timeslice,5,95.8,7006,16126,43.4
1785431896.862,17:18:16,timeslice,6,95.0,7006,16126,43.4
1785431896.862,17:18:16,timeslice,7,96.2,7007,16126,43.5
1785431897.862,17:18:17,timeslice,0,95.2,7006,16126,43.4
1785431897.862,17:18:17,timeslice,1,95.3,7006,16126,43.4
1785431897.862,17:18:17,timeslice,2,96.1,7006,16126,43.4
1785431897.862,17:18:17,timeslice,3,95.2,7006,16126,43.4
1785431897.862,17:18:17,timeslice,4,86.9,7006,16126,43.4
1785431897.862,17:18:17,timeslice,5,95.8,7006,16126,43.4
1785431897.862,17:18:17,timeslice,6,95.0,7006,16126,43.4
1785431897.862,17:18:17,timeslice,7,96.2,7007,16126,43.5
1785431898.862,17:18:18,timeslice,0,95.2,7006,16126,43.4
1785431898.862,17:18:18,timeslice,1,95.3,7006,16126,43.4
1785431898.862,17:18:18,timeslice,2,96.1,7006,16126,43.4
1785431898.862,17:18:18,timeslice,3,95.2,7006,16126,43.4
1785431898.862,17:18:18,timeslice,4,86.9,7006,16126,43.4
1785431898.862,17:18:18,timeslice,5,95.8,7006,16126,43.4
1785431898.862,17:18:18,timeslice,6,95.0,7006,16126,43.4
1785431898.862,17:18:18,timeslice,7,96.2,7007,16126,43.5
1785431899.862,17:18:19,timeslice,0,95.2,7006,16126,43.4
1785431899.862,17:18:19,timeslice,1,95.3,7006,16126,43.4
1785431899.862,17:18:19,timeslice,2,96.1,7006,16126,43.4
1785431899.862,17:18:19,timeslice,3,95.2,7006,16126,43.4
1785431899.862,17:18:19,timeslice,4,86.9,7006,16126,43.4
1785431899.862,17:18:19,timeslice,5,95.8,7006,16126,43.4
1785431899.862,17:18:19,timeslice,6,95.0,7006,16126,43.4
1785431899.862,17:18:19,timeslice,7,96.2,7007,16126,43.5
1785431900.862,17:18:20,timeslice,0,87.9,9745,16126,60.4
1785431900.862,17:18:20,timeslice,1,94.4,9685,16126,60.1
1785431900.862,17:18:20,timeslice,2,90.9,9703,16126,60.2
1785431900.862,17:18:20,timeslice,3,93.5,9679,16126,60.0
1785431900.862,17:18:20,timeslice,4,93.9,9709,16126,60.2
1785431900.862,17:18:20,timeslice,5,94.1,9733,16126,60.4
1785431900.862,17:18:20,timeslice,6,93.6,9697,16126,60.1
1785431900.862,17:18:20,timeslice,7,94.3,9710,16126,60.2
1785431901.863,17:18:21,timeslice,0,87.9,9745,16126,60.4
1785431901.863,17:18:21,timeslice,1,94.4,9685,16126,60.1
1785431901.863,17:18:21,timeslice,2,90.9,9703,16126,60.2
1785431901.863,17:18:21,timeslice,3,93.5,9679,16126,60.0
1785431901.863,17:18:21,timeslice,4,93.9,9709,16126,60.2
1785431901.863,17:18:21,timeslice,5,94.1,9733,16126,60.4
1785431901.863,17:18:21,timeslice,6,93.6,9697,16126,60.1
1785431901.863,17:18:21,timeslice,7,94.3,9710,16126,60.2
1785431902.863,17:18:22,timeslice,0,87.9,9745,16126,60.4
1785431902.863,17:18:22,timeslice,1,94.4,9685,16126,60.1
1785431902.863,17:18:22,timeslice,2,90.9,9703,16126,60.2
1785431902.863,17:18:22,timeslice,3,93.5,9679,16126,60.0
1785431902.863,17:18:22,timeslice,4,93.9,9709,16126,60.2
1785431902.863,17:18:22,timeslice,5,94.1,9733,16126,60.4
1785431902.863,17:18:22,timeslice,6,93.6,9697,16126,60.1
1785431902.863,17:18:22,timeslice,7,94.3,9710,16126,60.2
1785431903.863,17:18:23,timeslice,0,87.9,9745,16126,60.4
1785431903.863,17:18:23,timeslice,1,94.4,9685,16126,60.1
1785431903.863,17:18:23,timeslice,2,90.9,9703,16126,60.2
1785431903.863,17:18:23,timeslice,3,93.5,9679,16126,60.0
1785431903.863,17:18:23,timeslice,4,93.9,9709,16126,60.2
1785431903.863,17:18:23,timeslice,5,94.1,9733,16126,60.4
1785431903.863,17:18:23,timeslice,6,93.6,9697,16126,60.1
1785431903.863,17:18:23,timeslice,7,94.3,9710,16126,60.2
1785431904.863,17:18:24,timeslice,0,87.9,9745,16126,60.4
1785431904.863,17:18:24,timeslice,1,94.4,9685,16126,60.1
1785431904.863,17:18:24,timeslice,2,90.9,9703,16126,60.2
1785431904.863,17:18:24,timeslice,3,93.5,9679,16126,60.0
1785431904.863,17:18:24,timeslice,4,93.9,9709,16126,60.2
1785431904.863,17:18:24,timeslice,5,94.1,9733,16126,60.4
1785431904.863,17:18:24,timeslice,6,93.6,9697,16126,60.1
1785431904.863,17:18:24,timeslice,7,94.3,9710,16126,60.2
1785431905.863,17:18:25,timeslice,0,90.6,7107,16126,44.1
1785431905.863,17:18:25,timeslice,1,95.6,7366,16126,45.7
1785431905.863,17:18:25,timeslice,2,96.5,7366,16126,45.7
1785431905.863,17:18:25,timeslice,3,95.6,7366,16126,45.7
1785431905.863,17:18:25,timeslice,4,96.0,7366,16126,45.7
1785431905.863,17:18:25,timeslice,5,95.9,7366,16126,45.7
1785431905.863,17:18:25,timeslice,6,95.2,7366,16126,45.7
1785431905.863,17:18:25,timeslice,7,96.1,7367,16126,45.7
1785431906.863,17:18:26,timeslice,0,90.6,7107,16126,44.1
1785431906.863,17:18:26,timeslice,1,95.6,7366,16126,45.7
1785431906.863,17:18:26,timeslice,2,96.5,7366,16126,45.7
1785431906.863,17:18:26,timeslice,3,95.6,7366,16126,45.7
1785431906.863,17:18:26,timeslice,4,96.0,7366,16126,45.7
1785431906.863,17:18:26,timeslice,5,95.9,7366,16126,45.7
1785431906.863,17:18:26,timeslice,6,95.2,7366,16126,45.7
1785431906.863,17:18:26,timeslice,7,96.1,7367,16126,45.7
1785431907.863,17:18:27,timeslice,0,90.6,7107,16126,44.1
1785431907.863,17:18:27,timeslice,1,95.6,7366,16126,45.7
1785431907.863,17:18:27,timeslice,2,96.5,7366,16126,45.7
1785431907.863,17:18:27,timeslice,3,95.6,7366,16126,45.7
1785431907.863,17:18:27,timeslice,4,96.0,7366,16126,45.7
1785431907.863,17:18:27,timeslice,5,95.9,7366,16126,45.7
1785431907.863,17:18:27,timeslice,6,95.2,7366,16126,45.7
1785431907.863,17:18:27,timeslice,7,96.1,7367,16126,45.7
1785431908.863,17:18:28,timeslice,0,90.6,7107,16126,44.1
1785431908.863,17:18:28,timeslice,1,95.6,7366,16126,45.7
1785431908.863,17:18:28,timeslice,2,96.5,7366,16126,45.7
1785431908.863,17:18:28,timeslice,3,95.6,7366,16126,45.7
1785431908.863,17:18:28,timeslice,4,96.0,7366,16126,45.7
1785431908.863,17:18:28,timeslice,5,95.9,7366,16126,45.7
1785431908.863,17:18:28,timeslice,6,95.2,7366,16126,45.7
1785431908.863,17:18:28,timeslice,7,96.1,7367,16126,45.7
1785431909.864,17:18:29,timeslice,0,90.6,7107,16126,44.1
1785431909.864,17:18:29,timeslice,1,95.6,7366,16126,45.7
1785431909.864,17:18:29,timeslice,2,96.5,7366,16126,45.7
1785431909.864,17:18:29,timeslice,3,95.6,7366,16126,45.7
1785431909.864,17:18:29,timeslice,4,96.0,7366,16126,45.7
1785431909.864,17:18:29,timeslice,5,95.9,7366,16126,45.7
1785431909.864,17:18:29,timeslice,6,95.2,7366,16126,45.7
1785431909.864,17:18:29,timeslice,7,96.1,7367,16126,45.7
1785431910.864,17:18:30,timeslice,0,93.1,7566,16126,46.9
1785431910.864,17:18:30,timeslice,1,94.1,7825,16126,48.5
1785431910.864,17:18:30,timeslice,2,94.4,7211,16126,44.7
1785431910.864,17:18:30,timeslice,3,88.4,7283,16126,45.2
1785431910.864,17:18:30,timeslice,4,91.0,7211,16126,44.7
1785431910.864,17:18:30,timeslice,5,95.5,7831,16126,48.6
1785431910.864,17:18:30,timeslice,6,94.1,7055,16126,43.7
1785431910.864,17:18:30,timeslice,7,94.0,7195,16126,44.6
1785431911.864,17:18:31,timeslice,0,93.1,7566,16126,46.9
1785431911.864,17:18:31,timeslice,1,94.1,7825,16126,48.5
1785431911.864,17:18:31,timeslice,2,94.4,7211,16126,44.7
1785431911.864,17:18:31,timeslice,3,88.4,7283,16126,45.2
1785431911.864,17:18:31,timeslice,4,91.0,7211,16126,44.7
1785431911.864,17:18:31,timeslice,5,95.5,7831,16126,48.6
1785431911.864,17:18:31,timeslice,6,94.1,7055,16126,43.7
1785431911.864,17:18:31,timeslice,7,94.0,7195,16126,44.6
1785431912.864,17:18:32,timeslice,0,93.1,7566,16126,46.9
1785431912.864,17:18:32,timeslice,1,94.1,7825,16126,48.5
1785431912.864,17:18:32,timeslice,2,94.4,7211,16126,44.7
1785431912.864,17:18:32,timeslice,3,88.4,7283,16126,45.2
1785431912.864,17:18:32,timeslice,4,91.0,7211,16126,44.7
1785431912.864,17:18:32,timeslice,5,95.5,7831,16126,48.6
1785431912.864,17:18:32,timeslice,6,94.1,7055,16126,43.7
1785431912.864,17:18:32,timeslice,7,94.0,7195,16126,44.6
1785431913.864,17:18:33,timeslice,0,93.1,7566,16126,46.9
1785431913.864,17:18:33,timeslice,1,94.1,7825,16126,48.5
1785431913.864,17:18:33,timeslice,2,94.4,7211,16126,44.7
1785431913.864,17:18:33,timeslice,3,88.4,7283,16126,45.2
1785431913.864,17:18:33,timeslice,4,91.0,7211,16126,44.7
1785431913.864,17:18:33,timeslice,5,95.5,7831,16126,48.6
1785431913.864,17:18:33,timeslice,6,94.1,7055,16126,43.7
1785431913.864,17:18:33,timeslice,7,94.0,7195,16126,44.6
1785431914.864,17:18:34,timeslice,0,93.1,7566,16126,46.9
1785431914.864,17:18:34,timeslice,1,94.1,7825,16126,48.5
1785431914.864,17:18:34,timeslice,2,94.4,7211,16126,44.7
1785431914.864,17:18:34,timeslice,3,88.4,7283,16126,45.2
1785431914.864,17:18:34,timeslice,4,91.0,7211,16126,44.7
1785431914.864,17:18:34,timeslice,5,95.5,7831,16126,48.6
1785431914.864,17:18:34,timeslice,6,94.1,7055,16126,43.7
1785431914.864,17:18:34,timeslice,7,94.0,7195,16126,44.6
1785431915.864,17:18:35,timeslice,0,92.6,7787,16126,48.3
1785431915.864,17:18:35,timeslice,1,92.1,7500,16126,46.5
1785431915.864,17:18:35,timeslice,2,93.0,7859,16126,48.7
1785431915.864,17:18:35,timeslice,3,85.9,7853,16126,48.7
1785431915.864,17:18:35,timeslice,4,93.0,7877,16126,48.8
1785431915.864,17:18:35,timeslice,5,92.4,7500,16126,46.5
1785431915.864,17:18:35,timeslice,6,92.3,7877,16126,48.8
1785431915.864,17:18:35,timeslice,7,87.4,7878,16126,48.9
1785431916.864,17:18:36,timeslice,0,92.6,7787,16126,48.3
1785431916.864,17:18:36,timeslice,1,92.1,7500,16126,46.5
1785431916.864,17:18:36,timeslice,2,93.0,7859,16126,48.7
1785431916.864,17:18:36,timeslice,3,85.9,7853,16126,48.7
1785431916.864,17:18:36,timeslice,4,93.0,7877,16126,48.8
1785431916.864,17:18:36,timeslice,5,92.4,7500,16126,46.5
1785431916.864,17:18:36,timeslice,6,92.3,7877,16126,48.8
1785431916.864,17:18:36,timeslice,7,87.4,7878,16126,48.9
1785431917.865,17:18:37,timeslice,0,92.6,7787,16126,48.3
1785431917.865,17:18:37,timeslice,1,92.1,7500,16126,46.5
1785431917.865,17:18:37,timeslice,2,93.0,7859,16126,48.7
1785431917.865,17:18:37,timeslice,3,85.9,7853,16126,48.7
1785431917.865,17:18:37,timeslice,4,93.0,7877,16126,48.8
1785431917.865,17:18:37,timeslice,5,92.4,7500,16126,46.5
1785431917.865,17:18:37,timeslice,6,92.3,7877,16126,48.8
1785431917.865,17:18:37,timeslice,7,87.4,7878,16126,48.9
1785431918.865,17:18:38,timeslice,0,92.6,7787,16126,48.3
1785431918.865,17:18:38,timeslice,1,92.1,7500,16126,46.5
1785431918.865,17:18:38,timeslice,2,93.0,7859,16126,48.7
1785431918.865,17:18:38,timeslice,3,85.9,7853,16126,48.7
1785431918.865,17:18:38,timeslice,4,93.0,7877,16126,48.8
1785431918.865,17:18:38,timeslice,5,92.4,7500,16126,46.5
1785431918.865,17:18:38,timeslice,6,92.3,7877,16126,48.8
1785431918.865,17:18:38,timeslice,7,87.4,7878,16126,48.9
1785431919.865,17:18:39,timeslice,0,92.6,7787,16126,48.3
1785431919.865,17:18:39,timeslice,1,92.1,7500,16126,46.5
1785431919.865,17:18:39,timeslice,2,93.0,7859,16126,48.7
1785431919.865,17:18:39,timeslice,3,85.9,7853,16126,48.7
1785431919.865,17:18:39,timeslice,4,93.0,7877,16126,48.8
1785431919.865,17:18:39,timeslice,5,92.4,7500,16126,46.5
1785431919.865,17:18:39,timeslice,6,92.3,7877,16126,48.8
1785431919.865,17:18:39,timeslice,7,87.4,7878,16126,48.9
1785431920.865,17:18:40,timeslice,0,98.5,8390,16126,52.0
1785431920.865,17:18:40,timeslice,1,90.4,8274,16126,51.3
1785431920.865,17:18:40,timeslice,2,94.2,8484,16126,52.6
1785431920.865,17:18:40,timeslice,3,98.2,8047,16126,49.9
1785431920.865,17:18:40,timeslice,4,97.3,8364,16126,51.9
1785431920.865,17:18:40,timeslice,5,92.6,8043,16126,49.9
1785431920.865,17:18:40,timeslice,6,98.0,8388,16126,52.0
1785431920.865,17:18:40,timeslice,7,97.2,8287,16126,51.4
1785431921.865,17:18:41,timeslice,0,98.5,8390,16126,52.0
1785431921.865,17:18:41,timeslice,1,90.4,8274,16126,51.3
1785431921.865,17:18:41,timeslice,2,94.2,8484,16126,52.6
1785431921.865,17:18:41,timeslice,3,98.2,8047,16126,49.9
1785431921.865,17:18:41,timeslice,4,97.3,8364,16126,51.9
1785431921.865,17:18:41,timeslice,5,92.6,8043,16126,49.9
1785431921.865,17:18:41,timeslice,6,98.0,8388,16126,52.0
1785431921.865,17:18:41,timeslice,7,97.2,8287,16126,51.4
1785431922.865,17:18:42,timeslice,0,98.5,8390,16126,52.0
1785431922.865,17:18:42,timeslice,1,90.4,8274,16126,51.3
1785431922.865,17:18:42,timeslice,2,94.2,8484,16126,52.6
1785431922.865,17:18:42,timeslice,3,98.2,8047,16126,49.9
1785431922.865,17:18:42,timeslice,4,97.3,8364,16126,51.9
1785431922.865,17:18:42,timeslice,5,92.6,8043,16126,49.9
1785431922.865,17:18:42,timeslice,6,98.0,8388,16126,52.0
1785431922.865,17:18:42,timeslice,7,97.2,8287,16126,51.4
1785431923.865,17:18:43,timeslice,0,98.5,8390,16126,52.0
1785431923.865,17:18:43,timeslice,1,90.4,8274,16126,51.3
1785431923.865,17:18:43,timeslice,2,94.2,8484,16126,52.6
1785431923.865,17:18:43,timeslice,3,98.2,8047,16126,49.9
1785431923.865,17:18:43,timeslice,4,97.3,8364,16126,51.9
1785431923.865,17:18:43,timeslice,5,92.6,8043,16126,49.9
1785431923.865,17:18:43,timeslice,6,98.0,8388,16126,52.0
1785431923.865,17:18:43,timeslice,7,97.2,8287,16126,51.4
1785431924.865,17:18:44,timeslice,0,98.5,8390,16126,52.0
1785431924.865,17:18:44,timeslice,1,90.4,8274,16126,51.3
1785431924.865,17:18:44,timeslice,2,94.2,8484,16126,52.6
1785431924.865,17:18:44,timeslice,3,98.2,8047,16126,49.9
1785431924.865,17:18:44,timeslice,4,97.3,8364,16126,51.9
1785431924.865,17:18:44,timeslice,5,92.6,8043,16126,49.9
1785431924.865,17:18:44,timeslice,6,98.0,8388,16126,52.0
1785431924.865,17:18:44,timeslice,7,97.2,8287,16126,51.4
1785431925.866,17:18:45,timeslice,0,95.8,6789,16126,42.1
1785431925.866,17:18:45,timeslice,1,96.3,6789,16126,42.1
1785431925.866,17:18:45,timeslice,2,93.7,6789,16126,42.1
1785431925.866,17:18:45,timeslice,3,94.8,6789,16126,42.1
1785431925.866,17:18:45,timeslice,4,87.0,7110,16126,44.1
1785431925.866,17:18:45,timeslice,5,96.2,6789,16126,42.1
1785431925.866,17:18:45,timeslice,6,95.9,6789,16126,42.1
1785431925.866,17:18:45,timeslice,7,96.1,6790,16126,42.1
1785431926.866,17:18:46,timeslice,0,95.8,6789,16126,42.1
1785431926.866,17:18:46,timeslice,1,96.3,6789,16126,42.1
1785431926.866,17:18:46,timeslice,2,93.7,6789,16126,42.1
1785431926.866,17:18:46,timeslice,3,94.8,6789,16126,42.1
1785431926.866,17:18:46,timeslice,4,87.0,7110,16126,44.1
1785431926.866,17:18:46,timeslice,5,96.2,6789,16126,42.1
1785431926.866,17:18:46,timeslice,6,95.9,6789,16126,42.1
1785431926.866,17:18:46,timeslice,7,96.1,6790,16126,42.1
1785431927.866,17:18:47,timeslice,0,95.8,6789,16126,42.1
1785431927.866,17:18:47,timeslice,1,96.3,6789,16126,42.1
1785431927.866,17:18:47,timeslice,2,93.7,6789,16126,42.1
1785431927.866,17:18:47,timeslice,3,94.8,6789,16126,42.1
1785431927.866,17:18:47,timeslice,4,87.0,7110,16126,44.1
1785431927.866,17:18:47,timeslice,5,96.2,6789,16126,42.1
1785431927.866,17:18:47,timeslice,6,95.9,6789,16126,42.1
1785431927.866,17:18:47,timeslice,7,96.1,6790,16126,42.1
1785431928.866,17:18:48,timeslice,0,95.8,6789,16126,42.1
1785431928.866,17:18:48,timeslice,1,96.3,6789,16126,42.1
1785431928.866,17:18:48,timeslice,2,93.7,6789,16126,42.1
1785431928.866,17:18:48,timeslice,3,94.8,6789,16126,42.1
1785431928.866,17:18:48,timeslice,4,87.0,7110,16126,44.1
1785431928.866,17:18:48,timeslice,5,96.2,6789,16126,42.1
1785431928.866,17:18:48,timeslice,6,95.9,6789,16126,42.1
1785431928.866,17:18:48,timeslice,7,96.1,6790,16126,42.1
1785431929.866,17:18:49,timeslice,0,95.8,6789,16126,42.1
1785431929.866,17:18:49,timeslice,1,96.3,6789,16126,42.1
1785431929.866,17:18:49,timeslice,2,93.7,6789,16126,42.1
1785431929.866,17:18:49,timeslice,3,94.8,6789,16126,42.1
1785431929.866,17:18:49,timeslice,4,87.0,7110,16126,44.1
1785431929.866,17:18:49,timeslice,5,96.2,6789,16126,42.1
1785431929.866,17:18:49,timeslice,6,95.9,6789,16126,42.1
1785431929.866,17:18:49,timeslice,7,96.1,6790,16126,42.1
1785431930.866,17:18:50,timeslice,0,93.3,5803,16126,36.0
1785431930.866,17:18:50,timeslice,1,93.6,5803,16126,36.0
1785431930.866,17:18:50,timeslice,2,93.7,6330,16126,39.3
1785431930.866,17:18:50,timeslice,3,90.5,6263,16126,38.8
1785431930.866,17:18:50,timeslice,4,94.5,6683,16126,41.4
1785431930.866,17:18:50,timeslice,5,91.8,5803,16126,36.0
1785431930.866,17:18:50,timeslice,6,92.7,5803,16126,36.0
1785431930.866,17:18:50,timeslice,7,93.2,5804,16126,36.0
1785431931.866,17:18:51,timeslice,0,93.3,5803,16126,36.0
1785431931.866,17:18:51,timeslice,1,93.6,5803,16126,36.0
1785431931.866,17:18:51,timeslice,2,93.7,6330,16126,39.3
1785431931.866,17:18:51,timeslice,3,90.5,6263,16126,38.8
1785431931.866,17:18:51,timeslice,4,94.5,6683,16126,41.4
1785431931.866,17:18:51,timeslice,5,91.8,5803,16126,36.0
1785431931.866,17:18:51,timeslice,6,92.7,5803,16126,36.0
1785431931.866,17:18:51,timeslice,7,93.2,5804,16126,36.0
1785431932.866,17:18:52,timeslice,0,93.3,5803,16126,36.0
1785431932.866,17:18:52,timeslice,1,93.6,5803,16126,36.0
1785431932.866,17:18:52,timeslice,2,93.7,6330,16126,39.3
1785431932.866,17:18:52,timeslice,3,90.5,6263,16126,38.8
1785431932.866,17:18:52,timeslice,4,94.5,6683,16126,41.4
1785431932.866,17:18:52,timeslice,5,91.8,5803,16126,36.0
1785431932.866,17:18:52,timeslice,6,92.7,5803,16126,36.0
1785431932.866,17:18:52,timeslice,7,93.2,5804,16126,36.0
1785431933.866,17:18:53,timeslice,0,93.3,5803,16126,36.0
1785431933.866,17:18:53,timeslice,1,93.6,5803,16126,36.0
1785431933.866,17:18:53,timeslice,2,93.7,6330,16126,39.3
1785431933.866,17:18:53,timeslice,3,90.5,6263,16126,38.8
1785431933.866,17:18:53,timeslice,4,94.5,6683,16126,41.4
1785431933.866,17:18:53,timeslice,5,91.8,5803,16126,36.0
1785431933.866,17:18:53,timeslice,6,92.7,5803,16126,36.0
1785431933.866,17:18:53,timeslice,7,93.2,5804,16126,36.0
1785431934.867,17:18:54,timeslice,0,93.3,5803,16126,36.0
1785431934.867,17:18:54,timeslice,1,93.6,5803,16126,36.0
1785431934.867,17:18:54,timeslice,2,93.7,6330,16126,39.3
1785431934.867,17:18:54,timeslice,3,90.5,6263,16126,38.8
1785431934.867,17:18:54,timeslice,4,94.5,6683,16126,41.4
1785431934.867,17:18:54,timeslice,5,91.8,5803,16126,36.0
1785431934.867,17:18:54,timeslice,6,92.7,5803,16126,36.0
1785431934.867,17:18:54,timeslice,7,93.2,5804,16126,36.0
1785431935.867,17:18:55,timeslice,0,95.9,11217,16126,69.6
1785431935.867,17:18:55,timeslice,1,96.2,11163,16126,69.2
1785431935.867,17:18:55,timeslice,2,95.7,11193,16126,69.4
1785431935.867,17:18:55,timeslice,3,96.0,11187,16126,69.4
1785431935.867,17:18:55,timeslice,4,88.7,11217,16126,69.6
1785431935.867,17:18:55,timeslice,5,95.7,11169,16126,69.3
1785431935.867,17:18:55,timeslice,6,93.4,12398,16126,76.9
1785431935.867,17:18:55,timeslice,7,96.2,11170,16126,69.3
1785431936.867,17:18:56,timeslice,0,95.9,11217,16126,69.6
1785431936.867,17:18:56,timeslice,1,96.2,11163,16126,69.2
1785431936.867,17:18:56,timeslice,2,95.7,11193,16126,69.4
1785431936.867,17:18:56,timeslice,3,96.0,11187,16126,69.4
1785431936.867,17:18:56,timeslice,4,88.7,11217,16126,69.6
1785431936.867,17:18:56,timeslice,5,95.7,11169,16126,69.3
1785431936.867,17:18:56,timeslice,6,93.4,12398,16126,76.9
1785431936.867,17:18:56,timeslice,7,96.2,11170,16126,69.3
1785431937.867,17:18:57,timeslice,0,95.9,11217,16126,69.6
1785431937.867,17:18:57,timeslice,1,96.2,11163,16126,69.2
1785431937.867,17:18:57,timeslice,2,95.7,11193,16126,69.4
1785431937.867,17:18:57,timeslice,3,96.0,11187,16126,69.4
1785431937.867,17:18:57,timeslice,4,88.7,11217,16126,69.6
1785431937.867,17:18:57,timeslice,5,95.7,11169,16126,69.3
1785431937.867,17:18:57,timeslice,6,93.4,12398,16126,76.9
1785431937.867,17:18:57,timeslice,7,96.2,11170,16126,69.3
1785431938.867,17:18:58,timeslice,0,95.9,11217,16126,69.6
1785431938.867,17:18:58,timeslice,1,96.2,11163,16126,69.2
1785431938.867,17:18:58,timeslice,2,95.7,11193,16126,69.4
1785431938.867,17:18:58,timeslice,3,96.0,11187,16126,69.4
1785431938.867,17:18:58,timeslice,4,88.7,11217,16126,69.6
1785431938.867,17:18:58,timeslice,5,95.7,11169,16126,69.3
1785431938.867,17:18:58,timeslice,6,93.4,12398,16126,76.9
1785431938.867,17:18:58,timeslice,7,96.2,11170,16126,69.3
1785431939.867,17:18:59,timeslice,0,95.9,11217,16126,69.6
1785431939.867,17:18:59,timeslice,1,96.2,11163,16126,69.2
1785431939.867,17:18:59,timeslice,2,95.7,11193,16126,69.4
1785431939.867,17:18:59,timeslice,3,96.0,11187,16126,69.4
1785431939.867,17:18:59,timeslice,4,88.7,11217,16126,69.6
1785431939.867,17:18:59,timeslice,5,95.7,11169,16126,69.3
1785431939.867,17:18:59,timeslice,6,93.4,12398,16126,76.9
1785431939.867,17:18:59,timeslice,7,96.2,11170,16126,69.3
1785431940.867,17:19:00,timeslice,0,95.8,5502,16126,34.1
1785431940.867,17:19:00,timeslice,1,94.8,5268,16126,32.7
1785431940.867,17:19:00,timeslice,2,96.2,5310,16126,32.9
1785431940.867,17:19:00,timeslice,3,95.3,5503,16126,34.1
1785431940.867,17:19:00,timeslice,4,93.3,6309,16126,39.1
1785431940.867,17:19:00,timeslice,5,94.0,5204,16126,32.3
1785431940.867,17:19:00,timeslice,6,95.3,5171,16126,32.1
1785431940.867,17:19:00,timeslice,7,95.1,5396,16126,33.5
1785431941.869,17:19:01,timeslice,0,95.8,5502,16126,34.1
1785431941.869,17:19:01,timeslice,1,94.8,5268,16126,32.7
1785431941.869,17:19:01,timeslice,2,96.2,5310,16126,32.9
1785431941.869,17:19:01,timeslice,3,95.3,5503,16126,34.1
1785431941.869,17:19:01,timeslice,4,93.3,6309,16126,39.1
1785431941.869,17:19:01,timeslice,5,94.0,5204,16126,32.3
1785431941.869,17:19:01,timeslice,6,95.3,5171,16126,32.1
1785431941.869,17:19:01,timeslice,7,95.1,5396,16126,33.5
1785431942.869,17:19:02,timeslice,0,95.8,5502,16126,34.1
1785431942.869,17:19:02,timeslice,1,94.8,5268,16126,32.7
1785431942.869,17:19:02,timeslice,2,96.2,5310,16126,32.9
1785431942.869,17:19:02,timeslice,3,95.3,5503,16126,34.1
1785431942.869,17:19:02,timeslice,4,93.3,6309,16126,39.1
1785431942.869,17:19:02,timeslice,5,94.0,5204,16126,32.3
1785431942.869,17:19:02,timeslice,6,95.3,5171,16126,32.1
1785431942.869,17:19:02,timeslice,7,95.1,5396,16126,33.5
1785431943.869,17:19:03,timeslice,0,95.8,5502,16126,34.1
1785431943.869,17:19:03,timeslice,1,94.8,5268,16126,32.7
1785431943.869,17:19:03,timeslice,2,96.2,5310,16126,32.9
1785431943.869,17:19:03,timeslice,3,95.3,5503,16126,34.1
1785431943.869,17:19:03,timeslice,4,93.3,6309,16126,39.1
1785431943.869,17:19:03,timeslice,5,94.0,5204,16126,32.3
1785431943.869,17:19:03,timeslice,6,95.3,5171,16126,32.1
1785431943.869,17:19:03,timeslice,7,95.1,5396,16126,33.5
1785431944.869,17:19:04,timeslice,0,95.8,5502,16126,34.1
1785431944.869,17:19:04,timeslice,1,94.8,5268,16126,32.7
1785431944.869,17:19:04,timeslice,2,96.2,5310,16126,32.9
1785431944.869,17:19:04,timeslice,3,95.3,5503,16126,34.1
1785431944.869,17:19:04,timeslice,4,93.3,6309,16126,39.1
1785431944.869,17:19:04,timeslice,5,94.0,5204,16126,32.3
1785431944.869,17:19:04,timeslice,6,95.3,5171,16126,32.1
1785431944.869,17:19:04,timeslice,7,95.1,5396,16126,33.5
1785431945.869,17:19:05,timeslice,0,89.9,7708,16126,47.8
1785431945.869,17:19:05,timeslice,1,94.2,7774,16126,48.2
1785431945.869,17:19:05,timeslice,2,93.7,7570,16126,46.9
1785431945.869,17:19:05,timeslice,3,92.3,7542,16126,46.8
1785431945.869,17:19:05,timeslice,4,92.3,7775,16126,48.2
1785431945.869,17:19:05,timeslice,5,94.4,7498,16126,46.5
1785431945.869,17:19:05,timeslice,6,93.0,7732,16126,47.9
1785431945.869,17:19:05,timeslice,7,94.5,7776,16126,48.2
1785431946.869,17:19:06,timeslice,0,89.9,7708,16126,47.8
1785431946.869,17:19:06,timeslice,1,94.2,7774,16126,48.2
1785431946.869,17:19:06,timeslice,2,93.7,7570,16126,46.9
1785431946.869,17:19:06,timeslice,3,92.3,7542,16126,46.8
1785431946.869,17:19:06,timeslice,4,92.3,7775,16126,48.2
1785431946.869,17:19:06,timeslice,5,94.4,7498,16126,46.5
1785431946.869,17:19:06,timeslice,6,93.0,7732,16126,47.9
1785431946.869,17:19:06,timeslice,7,94.5,7776,16126,48.2
1785431947.869,17:19:07,timeslice,0,89.9,7708,16126,47.8
1785431947.869,17:19:07,timeslice,1,94.2,7774,16126,48.2
1785431947.869,17:19:07,timeslice,2,93.7,7570,16126,46.9
1785431947.869,17:19:07,timeslice,3,92.3,7542,16126,46.8
1785431947.869,17:19:07,timeslice,4,92.3,7775,16126,48.2
1785431947.869,17:19:07,timeslice,5,94.4,7498,16126,46.5
1785431947.869,17:19:07,timeslice,6,93.0,7732,16126,47.9
1785431947.869,17:19:07,timeslice,7,94.5,7776,16126,48.2
1785431948.87,17:19:08,timeslice,0,89.9,7708,16126,47.8
1785431948.87,17:19:08,timeslice,1,94.2,7774,16126,48.2
1785431948.87,17:19:08,timeslice,2,93.7,7570,16126,46.9
1785431948.87,17:19:08,timeslice,3,92.3,7542,16126,46.8
1785431948.87,17:19:08,timeslice,4,92.3,7775,16126,48.2
1785431948.87,17:19:08,timeslice,5,94.4,7498,16126,46.5
1785431948.87,17:19:08,timeslice,6,93.0,7732,16126,47.9
1785431948.87,17:19:08,timeslice,7,94.5,7776,16126,48.2
1785431949.87,17:19:09,timeslice,0,89.9,7708,16126,47.8
1785431949.87,17:19:09,timeslice,1,94.2,7774,16126,48.2
1785431949.87,17:19:09,timeslice,2,93.7,7570,16126,46.9
1785431949.87,17:19:09,timeslice,3,92.3,7542,16126,46.8
1785431949.87,17:19:09,timeslice,4,92.3,7775,16126,48.2
1785431949.87,17:19:09,timeslice,5,94.4,7498,16126,46.5
1785431949.87,17:19:09,timeslice,6,93.0,7732,16126,47.9
1785431949.87,17:19:09,timeslice,7,94.5,7776,16126,48.2
1785431950.87,17:19:10,timeslice,0,95.2,5861,16126,36.3
1785431950.87,17:19:10,timeslice,1,95.5,5878,16126,36.5
1785431950.87,17:19:10,timeslice,2,96.6,5978,16126,37.1
1785431950.87,17:19:10,timeslice,3,93.0,6010,16126,37.3
1785431950.87,17:19:10,timeslice,4,95.4,5974,16126,37.0
1785431950.87,17:19:10,timeslice,5,96.3,5906,16126,36.6
1785431950.87,17:19:10,timeslice,6,95.5,5787,16126,35.9
1785431950.87,17:19:10,timeslice,7,92.8,5924,16126,36.7
1785431951.87,17:19:11,timeslice,0,95.2,5861,16126,36.3
1785431951.87,17:19:11,timeslice,1,95.5,5878,16126,36.5
1785431951.87,17:19:11,timeslice,2,96.6,5978,16126,37.1
1785431951.87,17:19:11,timeslice,3,93.0,6010,16126,37.3
1785431951.87,17:19:11,timeslice,4,95.4,5974,16126,37.0
1785431951.87,17:19:11,timeslice,5,96.3,5906,16126,36.6
1785431951.87,17:19:11,timeslice,6,95.5,5787,16126,35.9
1785431951.87,17:19:11,timeslice,7,92.8,5924,16126,36.7
1785431952.87,17:19:12,timeslice,0,95.2,5861,16126,36.3
1785431952.87,17:19:12,timeslice,1,95.5,5878,16126,36.5
1785431952.87,17:19:12,timeslice,2,96.6,5978,16126,37.1
1785431952.87,17:19:12,timeslice,3,93.0,6010,16126,37.3
1785431952.87,17:19:12,timeslice,4,95.4,5974,16126,37.0
1785431952.87,17:19:12,timeslice,5,96.3,5906,16126,36.6
1785431952.87,17:19:12,timeslice,6,95.5,5787,16126,35.9
1785431952.87,17:19:12,timeslice,7,92.8,5924,16126,36.7
1785431953.87,17:19:13,timeslice,0,95.2,5861,16126,36.3
1785431953.87,17:19:13,timeslice,1,95.5,5878,16126,36.5
1785431953.87,17:19:13,timeslice,2,96.6,5978,16126,37.1
1785431953.87,17:19:13,timeslice,3,93.0,6010,16126,37.3
1785431953.87,17:19:13,timeslice,4,95.4,5974,16126,37.0
1785431953.87,17:19:13,timeslice,5,96.3,5906,16126,36.6
1785431953.87,17:19:13,timeslice,6,95.5,5787,16126,35.9
1785431953.87,17:19:13,timeslice,7,92.8,5924,16126,36.7
1785431954.87,17:19:14,timeslice,0,95.2,5861,16126,36.3
1785431954.87,17:19:14,timeslice,1,95.5,5878,16126,36.5
1785431954.87,17:19:14,timeslice,2,96.6,5978,16126,37.1
1785431954.87,17:19:14,timeslice,3,93.0,6010,16126,37.3
1785431954.87,17:19:14,timeslice,4,95.4,5974,16126,37.0
1785431954.87,17:19:14,timeslice,5,96.3,5906,16126,36.6
1785431954.87,17:19:14,timeslice,6,95.5,5787,16126,35.9
1785431954.87,17:19:14,timeslice,7,92.8,5924,16126,36.7
1785431955.87,17:19:15,timeslice,0,94.5,6345,16126,39.3
1785431955.87,17:19:15,timeslice,1,95.6,6345,16126,39.3
1785431955.87,17:19:15,timeslice,2,93.0,6345,16126,39.3
1785431955.87,17:19:15,timeslice,3,95.7,5455,16126,33.8
1785431955.87,17:19:15,timeslice,4,86.5,6648,16126,41.2
1785431955.87,17:19:15,timeslice,5,93.6,5455,16126,33.8
1785431955.87,17:19:15,timeslice,6,93.0,6345,16126,39.3
1785431955.87,17:19:15,timeslice,7,94.1,6389,16126,39.6
1785431956.87,17:19:16,timeslice,0,94.5,6345,16126,39.3
1785431956.87,17:19:16,timeslice,1,95.6,6345,16126,39.3
1785431956.87,17:19:16,timeslice,2,93.0,6345,16126,39.3
1785431956.87,17:19:16,timeslice,3,95.7,5455,16126,33.8
1785431956.87,17:19:16,timeslice,4,86.5,6648,16126,41.2
1785431956.87,17:19:16,timeslice,5,93.6,5455,16126,33.8
1785431956.87,17:19:16,timeslice,6,93.0,6345,16126,39.3
1785431956.87,17:19:16,timeslice,7,94.1,6389,16126,39.6
1785431957.871,17:19:17,timeslice,0,94.5,6345,16126,39.3
1785431957.871,17:19:17,timeslice,1,95.6,6345,16126,39.3
1785431957.871,17:19:17,timeslice,2,93.0,6345,16126,39.3
1785431957.871,17:19:17,timeslice,3,95.7,5455,16126,33.8
1785431957.871,17:19:17,timeslice,4,86.5,6648,16126,41.2
1785431957.871,17:19:17,timeslice,5,93.6,5455,16126,33.8
1785431957.871,17:19:17,timeslice,6,93.0,6345,16126,39.3
1785431957.871,17:19:17,timeslice,7,94.1,6389,16126,39.6
1785431958.871,17:19:18,timeslice,0,94.5,6345,16126,39.3
1785431958.871,17:19:18,timeslice,1,95.6,6345,16126,39.3
1785431958.871,17:19:18,timeslice,2,93.0,6345,16126,39.3
1785431958.871,17:19:18,timeslice,3,95.7,5455,16126,33.8
1785431958.871,17:19:18,timeslice,4,86.5,6648,16126,41.2
1785431958.871,17:19:18,timeslice,5,93.6,5455,16126,33.8
1785431958.871,17:19:18,timeslice,6,93.0,6345,16126,39.3
1785431958.871,17:19:18,timeslice,7,94.1,6389,16126,39.6
1785431959.871,17:19:19,timeslice,0,94.5,6345,16126,39.3
1785431959.871,17:19:19,timeslice,1,95.6,6345,16126,39.3
1785431959.871,17:19:19,timeslice,2,93.0,6345,16126,39.3
1785431959.871,17:19:19,timeslice,3,95.7,5455,16126,33.8
1785431959.871,17:19:19,timeslice,4,86.5,6648,16126,41.2
1785431959.871,17:19:19,timeslice,5,93.6,5455,16126,33.8
1785431959.871,17:19:19,timeslice,6,93.0,6345,16126,39.3
1785431959.871,17:19:19,timeslice,7,94.1,6389,16126,39.6
1785431960.871,17:19:20,timeslice,0,91.9,7631,16126,47.3
1785431960.871,17:19:20,timeslice,1,94.6,8768,16126,54.4
1785431960.871,17:19:20,timeslice,2,93.9,8484,16126,52.6
1785431960.871,17:19:20,timeslice,3,90.7,8484,16126,52.6
1785431960.871,17:19:20,timeslice,4,93.1,8200,16126,50.8
1785431960.871,17:19:20,timeslice,5,92.8,8484,16126,52.6
1785431960.871,17:19:20,timeslice,6,94.1,8200,16126,50.8
1785431960.871,17:19:20,timeslice,7,90.1,8770,16126,54.4
1785431961.871,17:19:21,timeslice,0,91.9,7631,16126,47.3
1785431961.871,17:19:21,timeslice,1,94.6,8768,16126,54.4
1785431961.871,17:19:21,timeslice,2,93.9,8484,16126,52.6
1785431961.871,17:19:21,timeslice,3,90.7,8484,16126,52.6
1785431961.871,17:19:21,timeslice,4,93.1,8200,16126,50.8
1785431961.871,17:19:21,timeslice,5,92.8,8484,16126,52.6
1785431961.871,17:19:21,timeslice,6,94.1,8200,16126,50.8
1785431961.871,17:19:21,timeslice,7,90.1,8770,16126,54.4
1785431962.871,17:19:22,timeslice,0,91.9,7631,16126,47.3
1785431962.871,17:19:22,timeslice,1,94.6,8768,16126,54.4
1785431962.871,17:19:22,timeslice,2,93.9,8484,16126,52.6
1785431962.871,17:19:22,timeslice,3,90.7,8484,16126,52.6
1785431962.871,17:19:22,timeslice,4,93.1,8200,16126,50.8
1785431962.871,17:19:22,timeslice,5,92.8,8484,16126,52.6
1785431962.871,17:19:22,timeslice,6,94.1,8200,16126,50.8
1785431962.871,17:19:22,timeslice,7,90.1,8770,16126,54.4
1785431963.871,17:19:23,timeslice,0,91.9,7631,16126,47.3
1785431963.871,17:19:23,timeslice,1,94.6,8768,16126,54.4
1785431963.871,17:19:23,timeslice,2,93.9,8484,16126,52.6
1785431963.871,17:19:23,timeslice,3,90.7,8484,16126,52.6
1785431963.871,17:19:23,timeslice,4,93.1,8200,16126,50.8
1785431963.871,17:19:23,timeslice,5,92.8,8484,16126,52.6
1785431963.871,17:19:23,timeslice,6,94.1,8200,16126,50.8
1785431963.871,17:19:23,timeslice,7,90.1,8770,16126,54.4
1785431964.871,17:19:24,timeslice,0,91.9,7631,16126,47.3
1785431964.871,17:19:24,timeslice,1,94.6,8768,16126,54.4
1785431964.871,17:19:24,timeslice,2,93.9,8484,16126,52.6
1785431964.871,17:19:24,timeslice,3,90.7,8484,16126,52.6
1785431964.871,17:19:24,timeslice,4,93.1,8200,16126,50.8
1785431964.871,17:19:24,timeslice,5,92.8,8484,16126,52.6
1785431964.871,17:19:24,timeslice,6,94.1,8200,16126,50.8
1785431964.871,17:19:24,timeslice,7,90.1,8770,16126,54.4
1785431965.871,17:19:25,timeslice,0,89.0,7510,16126,46.6
1785431965.871,17:19:25,timeslice,1,96.8,7756,16126,48.1
1785431965.871,17:19:25,timeslice,2,95.5,7775,16126,48.2
1785431965.871,17:19:25,timeslice,3,95.2,7775,16126,48.2
1785431965.871,17:19:25,timeslice,4,94.8,7458,16126,46.2
1785431965.871,17:19:25,timeslice,5,93.5,7775,16126,48.2
1785431965.871,17:19:25,timeslice,6,96.2,7720,16126,47.9
1785431965.871,17:19:25,timeslice,7,95.9,7728,16126,47.9
1785431966.872,17:19:26,timeslice,0,89.0,7510,16126,46.6
1785431966.872,17:19:26,timeslice,1,96.8,7756,16126,48.1
1785431966.872,17:19:26,timeslice,2,95.5,7775,16126,48.2
1785431966.872,17:19:26,timeslice,3,95.2,7775,16126,48.2
1785431966.872,17:19:26,timeslice,4,94.8,7458,16126,46.2
1785431966.872,17:19:26,timeslice,5,93.5,7775,16126,48.2
1785431966.872,17:19:26,timeslice,6,96.2,7720,16126,47.9
1785431966.872,17:19:26,timeslice,7,95.9,7728,16126,47.9
1785431967.872,17:19:27,timeslice,0,89.0,7510,16126,46.6
1785431967.872,17:19:27,timeslice,1,96.8,7756,16126,48.1
1785431967.872,17:19:27,timeslice,2,95.5,7775,16126,48.2
1785431967.872,17:19:27,timeslice,3,95.2,7775,16126,48.2
1785431967.872,17:19:27,timeslice,4,94.8,7458,16126,46.2
1785431967.872,17:19:27,timeslice,5,93.5,7775,16126,48.2
1785431967.872,17:19:27,timeslice,6,96.2,7720,16126,47.9
1785431967.872,17:19:27,timeslice,7,95.9,7728,16126,47.9
1785431968.872,17:19:28,timeslice,0,89.0,7510,16126,46.6
1785431968.872,17:19:28,timeslice,1,96.8,7756,16126,48.1
1785431968.872,17:19:28,timeslice,2,95.5,7775,16126,48.2
1785431968.872,17:19:28,timeslice,3,95.2,7775,16126,48.2
1785431968.872,17:19:28,timeslice,4,94.8,7458,16126,46.2
1785431968.872,17:19:28,timeslice,5,93.5,7775,16126,48.2
1785431968.872,17:19:28,timeslice,6,96.2,7720,16126,47.9
1785431968.872,17:19:28,timeslice,7,95.9,7728,16126,47.9
1785431969.872,17:19:29,timeslice,0,89.0,7510,16126,46.6
1785431969.872,17:19:29,timeslice,1,96.8,7756,16126,48.1
1785431969.872,17:19:29,timeslice,2,95.5,7775,16126,48.2
1785431969.872,17:19:29,timeslice,3,95.2,7775,16126,48.2
1785431969.872,17:19:29,timeslice,4,94.8,7458,16126,46.2
1785431969.872,17:19:29,timeslice,5,93.5,7775,16126,48.2
1785431969.872,17:19:29,timeslice,6,96.2,7720,16126,47.9
1785431969.872,17:19:29,timeslice,7,95.9,7728,16126,47.9
1785431970.872,17:19:30,timeslice,0,89.4,7596,16126,47.1
1785431970.872,17:19:30,timeslice,1,95.8,7383,16126,45.8
1785431970.872,17:19:30,timeslice,2,96.6,7383,16126,45.8
1785431970.872,17:19:30,timeslice,3,94.9,7383,16126,45.8
1785431970.872,17:19:30,timeslice,4,93.7,7383,16126,45.8
1785431970.872,17:19:30,timeslice,5,94.8,7383,16126,45.8
1785431970.872,17:19:30,timeslice,6,95.6,7263,16126,45.0
1785431970.872,17:19:30,timeslice,7,96.2,7414,16126,46.0
1785431971.872,17:19:31,timeslice,0,89.4,7596,16126,47.1
1785431971.872,17:19:31,timeslice,1,95.8,7383,16126,45.8
1785431971.872,17:19:31,timeslice,2,96.6,7383,16126,45.8
1785431971.872,17:19:31,timeslice,3,94.9,7383,16126,45.8
1785431971.872,17:19:31,timeslice,4,93.7,7383,16126,45.8
1785431971.872,17:19:31,timeslice,5,94.8,7383,16126,45.8
1785431971.872,17:19:31,timeslice,6,95.6,7263,16126,45.0
1785431971.872,17:19:31,timeslice,7,96.2,7414,16126,46.0
1785431972.872,17:19:32,timeslice,0,89.4,7596,16126,47.1
1785431972.872,17:19:32,timeslice,1,95.8,7383,16126,45.8
1785431972.872,17:19:32,timeslice,2,96.6,7383,16126,45.8
1785431972.872,17:19:32,timeslice,3,94.9,7383,16126,45.8
1785431972.872,17:19:32,timeslice,4,93.7,7383,16126,45.8
1785431972.872,17:19:32,timeslice,5,94.8,7383,16126,45.8
1785431972.872,17:19:32,timeslice,6,95.6,7263,16126,45.0
1785431972.872,17:19:32,timeslice,7,96.2,7414,16126,46.0
1785431973.872,17:19:33,timeslice,0,89.4,7596,16126,47.1
1785431973.872,17:19:33,timeslice,1,95.8,7383,16126,45.8
1785431973.872,17:19:33,timeslice,2,96.6,7383,16126,45.8
1785431973.872,17:19:33,timeslice,3,94.9,7383,16126,45.8
1785431973.872,17:19:33,timeslice,4,93.7,7383,16126,45.8
1785431973.872,17:19:33,timeslice,5,94.8,7383,16126,45.8
1785431973.872,17:19:33,timeslice,6,95.6,7263,16126,45.0
1785431973.872,17:19:33,timeslice,7,96.2,7414,16126,46.0
1785431974.872,17:19:34,timeslice,0,89.4,7596,16126,47.1
1785431974.872,17:19:34,timeslice,1,95.8,7383,16126,45.8
1785431974.872,17:19:34,timeslice,2,96.6,7383,16126,45.8
1785431974.872,17:19:34,timeslice,3,94.9,7383,16126,45.8
1785431974.872,17:19:34,timeslice,4,93.7,7383,16126,45.8
1785431974.872,17:19:34,timeslice,5,94.8,7383,16126,45.8
1785431974.872,17:19:34,timeslice,6,95.6,7263,16126,45.0
1785431974.872,17:19:34,timeslice,7,96.2,7414,16126,46.0
1785431975.873,17:19:35,timeslice,0,93.1,6203,16126,38.5
1785431975.873,17:19:35,timeslice,1,93.8,6209,16126,38.5
1785431975.873,17:19:35,timeslice,2,93.8,6185,16126,38.4
1785431975.873,17:19:35,timeslice,3,92.5,6221,16126,38.6
1785431975.873,17:19:35,timeslice,4,93.3,6221,16126,38.6
1785431975.873,17:19:35,timeslice,5,93.9,6197,16126,38.4
1785431975.873,17:19:35,timeslice,6,89.7,6209,16126,38.5
1785431975.873,17:19:35,timeslice,7,93.3,6208,16126,38.5
1785431976.873,17:19:36,timeslice,0,93.1,6203,16126,38.5
1785431976.873,17:19:36,timeslice,1,93.8,6209,16126,38.5
1785431976.873,17:19:36,timeslice,2,93.8,6185,16126,38.4
1785431976.873,17:19:36,timeslice,3,92.5,6221,16126,38.6
1785431976.873,17:19:36,timeslice,4,93.3,6221,16126,38.6
1785431976.873,17:19:36,timeslice,5,93.9,6197,16126,38.4
1785431976.873,17:19:36,timeslice,6,89.7,6209,16126,38.5
1785431976.873,17:19:36,timeslice,7,93.3,6208,16126,38.5
1785431977.873,17:19:37,timeslice,0,93.1,6203,16126,38.5
1785431977.873,17:19:37,timeslice,1,93.8,6209,16126,38.5
1785431977.873,17:19:37,timeslice,2,93.8,6185,16126,38.4
1785431977.873,17:19:37,timeslice,3,92.5,6221,16126,38.6
1785431977.873,17:19:37,timeslice,4,93.3,6221,16126,38.6
1785431977.873,17:19:37,timeslice,5,93.9,6197,16126,38.4
1785431977.873,17:19:37,timeslice,6,89.7,6209,16126,38.5
1785431977.873,17:19:37,timeslice,7,93.3,6208,16126,38.5
1785431978.873,17:19:38,timeslice,0,93.1,6203,16126,38.5
1785431978.873,17:19:38,timeslice,1,93.8,6209,16126,38.5
1785431978.873,17:19:38,timeslice,2,93.8,6185,16126,38.4
1785431978.873,17:19:38,timeslice,3,92.5,6221,16126,38.6
1785431978.873,17:19:38,timeslice,4,93.3,6221,16126,38.6
1785431978.873,17:19:38,timeslice,5,93.9,6197,16126,38.4
1785431978.873,17:19:38,timeslice,6,89.7,6209,16126,38.5
1785431978.873,17:19:38,timeslice,7,93.3,6208,16126,38.5
1785431979.873,17:19:39,timeslice,0,93.1,6203,16126,38.5
1785431979.873,17:19:39,timeslice,1,93.8,6209,16126,38.5
1785431979.873,17:19:39,timeslice,2,93.8,6185,16126,38.4
1785431979.873,17:19:39,timeslice,3,92.5,6221,16126,38.6
1785431979.873,17:19:39,timeslice,4,93.3,6221,16126,38.6
1785431979.873,17:19:39,timeslice,5,93.9,6197,16126,38.4
1785431979.873,17:19:39,timeslice,6,89.7,6209,16126,38.5
1785431979.873,17:19:39,timeslice,7,93.3,6208,16126,38.5
1785431980.873,17:19:40,timeslice,0,85.2,6502,16126,40.3
1785431980.873,17:19:40,timeslice,1,95.7,6719,16126,41.7
1785431980.873,17:19:40,timeslice,2,96.6,6719,16126,41.7
1785431980.873,17:19:40,timeslice,3,95.8,6811,16126,42.2
1785431980.873,17:19:40,timeslice,4,95.5,6755,16126,41.9
1785431980.873,17:19:40,timeslice,5,96.0,6713,16126,41.6
1785431980.873,17:19:40,timeslice,6,95.3,6659,16126,41.3
1785431980.873,17:19:40,timeslice,7,95.4,6732,16126,41.7
1785431981.873,17:19:41,timeslice,0,85.2,6502,16126,40.3
1785431981.873,17:19:41,timeslice,1,95.7,6719,16126,41.7
1785431981.873,17:19:41,timeslice,2,96.6,6719,16126,41.7
1785431981.873,17:19:41,timeslice,3,95.8,6811,16126,42.2
1785431981.873,17:19:41,timeslice,4,95.5,6755,16126,41.9
1785431981.873,17:19:41,timeslice,5,96.0,6713,16126,41.6
1785431981.873,17:19:41,timeslice,6,95.3,6659,16126,41.3
1785431981.873,17:19:41,timeslice,7,95.4,6732,16126,41.7
1785431982.873,17:19:42,timeslice,0,85.2,6502,16126,40.3
1785431982.873,17:19:42,timeslice,1,95.7,6719,16126,41.7
1785431982.873,17:19:42,timeslice,2,96.6,6719,16126,41.7
1785431982.873,17:19:42,timeslice,3,95.8,6811,16126,42.2
1785431982.873,17:19:42,timeslice,4,95.5,6755,16126,41.9
1785431982.873,17:19:42,timeslice,5,96.0,6713,16126,41.6
1785431982.873,17:19:42,timeslice,6,95.3,6659,16126,41.3
1785431982.873,17:19:42,timeslice,7,95.4,6732,16126,41.7
1785431983.874,17:19:43,timeslice,0,85.2,6502,16126,40.3
1785431983.874,17:19:43,timeslice,1,95.7,6719,16126,41.7
1785431983.874,17:19:43,timeslice,2,96.6,6719,16126,41.7
1785431983.874,17:19:43,timeslice,3,95.8,6811,16126,42.2
1785431983.874,17:19:43,timeslice,4,95.5,6755,16126,41.9
1785431983.874,17:19:43,timeslice,5,96.0,6713,16126,41.6
1785431983.874,17:19:43,timeslice,6,95.3,6659,16126,41.3
1785431983.874,17:19:43,timeslice,7,95.4,6732,16126,41.7
1785431984.874,17:19:44,timeslice,0,85.2,6502,16126,40.3
1785431984.874,17:19:44,timeslice,1,95.7,6719,16126,41.7
1785431984.874,17:19:44,timeslice,2,96.6,6719,16126,41.7
1785431984.874,17:19:44,timeslice,3,95.8,6811,16126,42.2
1785431984.874,17:19:44,timeslice,4,95.5,6755,16126,41.9
1785431984.874,17:19:44,timeslice,5,96.0,6713,16126,41.6
1785431984.874,17:19:44,timeslice,6,95.3,6659,16126,41.3
1785431984.874,17:19:44,timeslice,7,95.4,6732,16126,41.7
1785431985.874,17:19:45,timeslice,0,92.7,8399,16126,52.1
1785431985.874,17:19:45,timeslice,1,94.7,8483,16126,52.6
1785431985.874,17:19:45,timeslice,2,93.5,8561,16126,53.1
1785431985.874,17:19:45,timeslice,3,92.5,8507,16126,52.8
1785431985.874,17:19:45,timeslice,4,95.3,8465,16126,52.5
1785431985.874,17:19:45,timeslice,5,91.0,8663,16126,53.7
1785431985.874,17:19:45,timeslice,6,94.4,8423,16126,52.2
1785431985.874,17:19:45,timeslice,7,93.9,8700,16126,54.0
1785431986.874,17:19:46,timeslice,0,92.7,8399,16126,52.1
1785431986.874,17:19:46,timeslice,1,94.7,8483,16126,52.6
1785431986.874,17:19:46,timeslice,2,93.5,8561,16126,53.1
1785431986.874,17:19:46,timeslice,3,92.5,8507,16126,52.8
1785431986.874,17:19:46,timeslice,4,95.3,8465,16126,52.5
1785431986.874,17:19:46,timeslice,5,91.0,8663,16126,53.7
1785431986.874,17:19:46,timeslice,6,94.4,8423,16126,52.2
1785431986.874,17:19:46,timeslice,7,93.9,8700,16126,54.0
1785431987.874,17:19:47,timeslice,0,92.7,8399,16126,52.1
1785431987.874,17:19:47,timeslice,1,94.7,8483,16126,52.6
1785431987.874,17:19:47,timeslice,2,93.5,8561,16126,53.1
1785431987.874,17:19:47,timeslice,3,92.5,8507,16126,52.8
1785431987.874,17:19:47,timeslice,4,95.3,8465,16126,52.5
1785431987.874,17:19:47,timeslice,5,91.0,8663,16126,53.7
1785431987.874,17:19:47,timeslice,6,94.4,8423,16126,52.2
1785431987.874,17:19:47,timeslice,7,93.9,8700,16126,54.0
1785431988.874,17:19:48,timeslice,0,92.7,8399,16126,52.1
1785431988.874,17:19:48,timeslice,1,94.7,8483,16126,52.6
1785431988.874,17:19:48,timeslice,2,93.5,8561,16126,53.1
1785431988.874,17:19:48,timeslice,3,92.5,8507,16126,52.8
1785431988.874,17:19:48,timeslice,4,95.3,8465,16126,52.5
1785431988.874,17:19:48,timeslice,5,91.0,8663,16126,53.7
1785431988.874,17:19:48,timeslice,6,94.4,8423,16126,52.2
1785431988.874,17:19:48,timeslice,7,93.9,8700,16126,54.0
1785431989.874,17:19:49,timeslice,0,92.7,8399,16126,52.1
1785431989.874,17:19:49,timeslice,1,94.7,8483,16126,52.6
1785431989.874,17:19:49,timeslice,2,93.5,8561,16126,53.1
1785431989.874,17:19:49,timeslice,3,92.5,8507,16126,52.8
1785431989.874,17:19:49,timeslice,4,95.3,8465,16126,52.5
1785431989.874,17:19:49,timeslice,5,91.0,8663,16126,53.7
1785431989.874,17:19:49,timeslice,6,94.4,8423,16126,52.2
1785431989.874,17:19:49,timeslice,7,93.9,8700,16126,54.0
1785431990.874,17:19:50,timeslice,0,93.6,8645,16126,53.6
1785431990.874,17:19:50,timeslice,1,94.2,8596,16126,53.3
1785431990.874,17:19:50,timeslice,2,94.2,8566,16126,53.1
1785431990.874,17:19:50,timeslice,3,88.5,8632,16126,53.5
1785431990.874,17:19:50,timeslice,4,93.7,8517,16126,52.8
1785431990.874,17:19:50,timeslice,5,90.9,8674,16126,53.8
1785431990.874,17:19:50,timeslice,6,93.7,8633,16126,53.5
1785431990.874,17:19:50,timeslice,7,93.8,8567,16126,53.1
1785431991.874,17:19:51,timeslice,0,93.6,8645,16126,53.6
1785431991.874,17:19:51,timeslice,1,94.2,8596,16126,53.3
1785431991.874,17:19:51,timeslice,2,94.2,8566,16126,53.1
1785431991.874,17:19:51,timeslice,3,88.5,8632,16126,53.5
1785431991.874,17:19:51,timeslice,4,93.7,8517,16126,52.8
1785431991.874,17:19:51,timeslice,5,90.9,8674,16126,53.8
1785431991.874,17:19:51,timeslice,6,93.7,8633,16126,53.5
1785431991.874,17:19:51,timeslice,7,93.8,8567,16126,53.1
1785431992.875,17:19:52,timeslice,0,93.6,8645,16126,53.6
1785431992.875,17:19:52,timeslice,1,94.2,8596,16126,53.3
1785431992.875,17:19:52,timeslice,2,94.2,8566,16126,53.1
1785431992.875,17:19:52,timeslice,3,88.5,8632,16126,53.5
1785431992.875,17:19:52,timeslice,4,93.7,8517,16126,52.8
1785431992.875,17:19:52,timeslice,5,90.9,8674,16126,53.8
1785431992.875,17:19:52,timeslice,6,93.7,8633,16126,53.5
1785431992.875,17:19:52,timeslice,7,93.8,8567,16126,53.1
1785431993.875,17:19:53,timeslice,0,93.6,8645,16126,53.6
1785431993.875,17:19:53,timeslice,1,94.2,8596,16126,53.3
1785431993.875,17:19:53,timeslice,2,94.2,8566,16126,53.1
1785431993.875,17:19:53,timeslice,3,88.5,8632,16126,53.5
1785431993.875,17:19:53,timeslice,4,93.7,8517,16126,52.8
1785431993.875,17:19:53,timeslice,5,90.9,8674,16126,53.8
1785431993.875,17:19:53,timeslice,6,93.7,8633,16126,53.5
1785431993.875,17:19:53,timeslice,7,93.8,8567,16126,53.1
1785431994.875,17:19:54,timeslice,0,93.6,8645,16126,53.6
1785431994.875,17:19:54,timeslice,1,94.2,8596,16126,53.3
1785431994.875,17:19:54,timeslice,2,94.2,8566,16126,53.1
1785431994.875,17:19:54,timeslice,3,88.5,8632,16126,53.5
1785431994.875,17:19:54,timeslice,4,93.7,8517,16126,52.8
1785431994.875,17:19:54,timeslice,5,90.9,8674,16126,53.8
1785431994.875,17:19:54,timeslice,6,93.7,8633,16126,53.5
1785431994.875,17:19:54,timeslice,7,93.8,8567,16126,53.1
1785431995.875,17:19:55,timeslice,0,96.0,9303,16126,57.7
1785431995.875,17:19:55,timeslice,1,96.3,9303,16126,57.7
1785431995.875,17:19:55,timeslice,2,95.1,9303,16126,57.7
1785431995.875,17:19:55,timeslice,3,95.5,9303,16126,57.7
1785431995.875,17:19:55,timeslice,4,91.0,7284,16126,45.2
1785431995.875,17:19:55,timeslice,5,93.2,9303,16126,57.7
1785431995.875,17:19:55,timeslice,6,94.5,9303,16126,57.7
1785431995.875,17:19:55,timeslice,7,95.0,9304,16126,57.7
1785431996.875,17:19:56,timeslice,0,96.0,9303,16126,57.7
1785431996.875,17:19:56,timeslice,1,96.3,9303,16126,57.7
1785431996.875,17:19:56,timeslice,2,95.1,9303,16126,57.7
1785431996.875,17:19:56,timeslice,3,95.5,9303,16126,57.7
1785431996.875,17:19:56,timeslice,4,91.0,7284,16126,45.2
1785431996.875,17:19:56,timeslice,5,93.2,9303,16126,57.7
1785431996.875,17:19:56,timeslice,6,94.5,9303,16126,57.7
1785431996.875,17:19:56,timeslice,7,95.0,9304,16126,57.7
1785431997.875,17:19:57,timeslice,0,96.0,9303,16126,57.7
1785431997.875,17:19:57,timeslice,1,96.3,9303,16126,57.7
1785431997.875,17:19:57,timeslice,2,95.1,9303,16126,57.7
1785431997.875,17:19:57,timeslice,3,95.5,9303,16126,57.7
1785431997.875,17:19:57,timeslice,4,91.0,7284,16126,45.2
1785431997.875,17:19:57,timeslice,5,93.2,9303,16126,57.7
1785431997.875,17:19:57,timeslice,6,94.5,9303,16126,57.7
1785431997.875,17:19:57,timeslice,7,95.0,9304,16126,57.7
1785431998.875,17:19:58,timeslice,0,96.0,9303,16126,57.7
1785431998.875,17:19:58,timeslice,1,96.3,9303,16126,57.7
1785431998.875,17:19:58,timeslice,2,95.1,9303,16126,57.7
1785431998.875,17:19:58,timeslice,3,95.5,9303,16126,57.7
1785431998.875,17:19:58,timeslice,4,91.0,7284,16126,45.2
1785431998.875,17:19:58,timeslice,5,93.2,9303,16126,57.7
1785431998.875,17:19:58,timeslice,6,94.5,9303,16126,57.7
1785431998.875,17:19:58,timeslice,7,95.0,9304,16126,57.7
1785431999.875,17:19:59,timeslice,0,96.0,9303,16126,57.7
1785431999.875,17:19:59,timeslice,1,96.3,9303,16126,57.7
1785431999.875,17:19:59,timeslice,2,95.1,9303,16126,57.7
1785431999.875,17:19:59,timeslice,3,95.5,9303,16126,57.7
1785431999.875,17:19:59,timeslice,4,91.0,7284,16126,45.2
1785431999.875,17:19:59,timeslice,5,93.2,9303,16126,57.7
1785431999.875,17:19:59,timeslice,6,94.5,9303,16126,57.7
1785431999.875,17:19:59,timeslice,7,95.0,9304,16126,57.7
1785432000.876,17:20:00,timeslice,0,96.3,8760,16126,54.3
1785432000.876,17:20:00,timeslice,1,95.6,8754,16126,54.3
1785432000.876,17:20:00,timeslice,2,95.9,8736,16126,54.2
1785432000.876,17:20:00,timeslice,3,89.1,8863,16126,55.0
1785432000.876,17:20:00,timeslice,4,92.3,8850,16126,54.9
1785432000.876,17:20:00,timeslice,5,94.9,8844,16126,54.8
1785432000.876,17:20:00,timeslice,6,96.1,8319,16126,51.6
1785432000.876,17:20:00,timeslice,7,94.9,8809,16126,54.6
1785432001.876,17:20:01,timeslice,0,96.3,8760,16126,54.3
1785432001.876,17:20:01,timeslice,1,95.6,8754,16126,54.3
1785432001.876,17:20:01,timeslice,2,95.9,8736,16126,54.2
1785432001.876,17:20:01,timeslice,3,89.1,8863,16126,55.0
1785432001.876,17:20:01,timeslice,4,92.3,8850,16126,54.9
1785432001.876,17:20:01,timeslice,5,94.9,8844,16126,54.8
1785432001.876,17:20:01,timeslice,6,96.1,8319,16126,51.6
1785432001.876,17:20:01,timeslice,7,94.9,8809,16126,54.6
1785432002.876,17:20:02,timeslice,0,96.3,8760,16126,54.3
1785432002.876,17:20:02,timeslice,1,95.6,8754,16126,54.3
1785432002.876,17:20:02,timeslice,2,95.9,8736,16126,54.2
1785432002.876,17:20:02,timeslice,3,89.1,8863,16126,55.0
1785432002.876,17:20:02,timeslice,4,92.3,8850,16126,54.9
1785432002.876,17:20:02,timeslice,5,94.9,8844,16126,54.8
1785432002.876,17:20:02,timeslice,6,96.1,8319,16126,51.6
1785432002.876,17:20:02,timeslice,7,94.9,8809,16126,54.6
1785432003.876,17:20:03,timeslice,0,96.3,8760,16126,54.3
1785432003.876,17:20:03,timeslice,1,95.6,8754,16126,54.3
1785432003.876,17:20:03,timeslice,2,95.9,8736,16126,54.2
1785432003.876,17:20:03,timeslice,3,89.1,8863,16126,55.0
1785432003.876,17:20:03,timeslice,4,92.3,8850,16126,54.9
1785432003.876,17:20:03,timeslice,5,94.9,8844,16126,54.8
1785432003.876,17:20:03,timeslice,6,96.1,8319,16126,51.6
1785432003.876,17:20:03,timeslice,7,94.9,8809,16126,54.6
1785432004.876,17:20:04,timeslice,0,96.3,8760,16126,54.3
1785432004.876,17:20:04,timeslice,1,95.6,8754,16126,54.3
1785432004.876,17:20:04,timeslice,2,95.9,8736,16126,54.2
1785432004.876,17:20:04,timeslice,3,89.1,8863,16126,55.0
1785432004.876,17:20:04,timeslice,4,92.3,8850,16126,54.9
1785432004.876,17:20:04,timeslice,5,94.9,8844,16126,54.8
1785432004.876,17:20:04,timeslice,6,96.1,8319,16126,51.6
1785432004.876,17:20:04,timeslice,7,94.9,8809,16126,54.6
1785432005.876,17:20:05,timeslice,0,92.8,9739,16126,60.4
1785432005.876,17:20:05,timeslice,1,93.0,8814,16126,54.7
1785432005.876,17:20:05,timeslice,2,92.1,8796,16126,54.5
1785432005.876,17:20:05,timeslice,3,92.6,8826,16126,54.7
1785432005.876,17:20:05,timeslice,4,85.7,8790,16126,54.5
1785432005.876,17:20:05,timeslice,5,94.1,8814,16126,54.7
1785432005.876,17:20:05,timeslice,6,92.6,8790,16126,54.5
1785432005.876,17:20:05,timeslice,7,93.0,8797,16126,54.6
1785432006.876,17:20:06,timeslice,0,92.8,9739,16126,60.4
1785432006.876,17:20:06,timeslice,1,93.0,8814,16126,54.7
1785432006.876,17:20:06,timeslice,2,92.1,8796,16126,54.5
1785432006.876,17:20:06,timeslice,3,92.6,8826,16126,54.7
1785432006.876,17:20:06,timeslice,4,85.7,8790,16126,54.5
1785432006.876,17:20:06,timeslice,5,94.1,8814,16126,54.7
1785432006.876,17:20:06,timeslice,6,92.6,8790,16126,54.5
1785432006.876,17:20:06,timeslice,7,93.0,8797,16126,54.6
1785432007.876,17:20:07,timeslice,0,92.8,9739,16126,60.4
1785432007.876,17:20:07,timeslice,1,93.0,8814,16126,54.7
1785432007.876,17:20:07,timeslice,2,92.1,8796,16126,54.5
1785432007.876,17:20:07,timeslice,3,92.6,8826,16126,54.7
1785432007.876,17:20:07,timeslice,4,85.7,8790,16126,54.5
1785432007.876,17:20:07,timeslice,5,94.1,8814,16126,54.7
1785432007.876,17:20:07,timeslice,6,92.6,8790,16126,54.5
1785432007.876,17:20:07,timeslice,7,93.0,8797,16126,54.6
1785432008.876,17:20:08,timeslice,0,92.8,9739,16126,60.4
1785432008.876,17:20:08,timeslice,1,93.0,8814,16126,54.7
1785432008.876,17:20:08,timeslice,2,92.1,8796,16126,54.5
1785432008.876,17:20:08,timeslice,3,92.6,8826,16126,54.7
1785432008.876,17:20:08,timeslice,4,85.7,8790,16126,54.5
1785432008.876,17:20:08,timeslice,5,94.1,8814,16126,54.7
1785432008.876,17:20:08,timeslice,6,92.6,8790,16126,54.5
1785432008.876,17:20:08,timeslice,7,93.0,8797,16126,54.6
1785432009.877,17:20:09,timeslice,0,92.8,9739,16126,60.4
1785432009.877,17:20:09,timeslice,1,93.0,8814,16126,54.7
1785432009.877,17:20:09,timeslice,2,92.1,8796,16126,54.5
1785432009.877,17:20:09,timeslice,3,92.6,8826,16126,54.7
1785432009.877,17:20:09,timeslice,4,85.7,8790,16126,54.5
1785432009.877,17:20:09,timeslice,5,94.1,8814,16126,54.7
1785432009.877,17:20:09,timeslice,6,92.6,8790,16126,54.5
1785432009.877,17:20:09,timeslice,7,93.0,8797,16126,54.6
1785432010.877,17:20:10,timeslice,0,92.1,8768,16126,54.4
1785432010.877,17:20:10,timeslice,1,96.1,9052,16126,56.1
1785432010.877,17:20:10,timeslice,2,96.0,9052,16126,56.1
1785432010.877,17:20:10,timeslice,3,95.0,10774,16126,66.8
1785432010.877,17:20:10,timeslice,4,98.4,9052,16126,56.1
1785432010.877,17:20:10,timeslice,5,96.2,9621,16126,59.7
1785432010.877,17:20:10,timeslice,6,96.9,9052,16126,56.1
1785432010.877,17:20:10,timeslice,7,93.5,8201,16126,50.9
1785432011.877,17:20:11,timeslice,0,92.1,8768,16126,54.4
1785432011.877,17:20:11,timeslice,1,96.1,9052,16126,56.1
1785432011.877,17:20:11,timeslice,2,96.0,9052,16126,56.1
1785432011.877,17:20:11,timeslice,3,95.0,10774,16126,66.8
1785432011.877,17:20:11,timeslice,4,98.4,9052,16126,56.1
1785432011.877,17:20:11,timeslice,5,96.2,9621,16126,59.7
1785432011.877,17:20:11,timeslice,6,96.9,9052,16126,56.1
1785432011.877,17:20:11,timeslice,7,93.5,8201,16126,50.9
1785432012.878,17:20:12,timeslice,0,92.1,8768,16126,54.4
1785432012.878,17:20:12,timeslice,1,96.1,9052,16126,56.1
1785432012.878,17:20:12,timeslice,2,96.0,9052,16126,56.1
1785432012.878,17:20:12,timeslice,3,95.0,10774,16126,66.8
1785432012.878,17:20:12,timeslice,4,98.4,9052,16126,56.1
1785432012.878,17:20:12,timeslice,5,96.2,9621,16126,59.7
1785432012.878,17:20:12,timeslice,6,96.9,9052,16126,56.1
1785432012.878,17:20:12,timeslice,7,93.5,8201,16126,50.9
1785432013.878,17:20:13,timeslice,0,92.1,8768,16126,54.4
1785432013.878,17:20:13,timeslice,1,96.1,9052,16126,56.1
1785432013.878,17:20:13,timeslice,2,96.0,9052,16126,56.1
1785432013.878,17:20:13,timeslice,3,95.0,10774,16126,66.8
1785432013.878,17:20:13,timeslice,4,98.4,9052,16126,56.1
1785432013.878,17:20:13,timeslice,5,96.2,9621,16126,59.7
1785432013.878,17:20:13,timeslice,6,96.9,9052,16126,56.1
1785432013.878,17:20:13,timeslice,7,93.5,8201,16126,50.9
1785432014.878,17:20:14,timeslice,0,92.1,8768,16126,54.4
1785432014.878,17:20:14,timeslice,1,96.1,9052,16126,56.1
1785432014.878,17:20:14,timeslice,2,96.0,9052,16126,56.1
1785432014.878,17:20:14,timeslice,3,95.0,10774,16126,66.8
1785432014.878,17:20:14,timeslice,4,98.4,9052,16126,56.1
1785432014.878,17:20:14,timeslice,5,96.2,9621,16126,59.7
1785432014.878,17:20:14,timeslice,6,96.9,9052,16126,56.1
1785432014.878,17:20:14,timeslice,7,93.5,8201,16126,50.9
1785432015.878,17:20:15,timeslice,0,95.2,9892,16126,61.3
1785432015.878,17:20:15,timeslice,1,95.6,9892,16126,61.3
1785432015.878,17:20:15,timeslice,2,89.6,8162,16126,50.6
1785432015.878,17:20:15,timeslice,3,91.4,9892,16126,61.3
1785432015.878,17:20:15,timeslice,4,95.7,9892,16126,61.3
1785432015.878,17:20:15,timeslice,5,96.3,9892,16126,61.3
1785432015.878,17:20:15,timeslice,6,96.1,9892,16126,61.3
1785432015.878,17:20:15,timeslice,7,95.5,9894,16126,61.4
1785432016.878,17:20:16,timeslice,0,95.2,9892,16126,61.3
1785432016.878,17:20:16,timeslice,1,95.6,9892,16126,61.3
1785432016.878,17:20:16,timeslice,2,89.6,8162,16126,50.6
1785432016.878,17:20:16,timeslice,3,91.4,9892,16126,61.3
1785432016.878,17:20:16,timeslice,4,95.7,9892,16126,61.3
1785432016.878,17:20:16,timeslice,5,96.3,9892,16126,61.3
1785432016.878,17:20:16,timeslice,6,96.1,9892,16126,61.3
1785432016.878,17:20:16,timeslice,7,95.5,9894,16126,61.4
1785432017.878,17:20:17,timeslice,0,95.2,9892,16126,61.3
1785432017.878,17:20:17,timeslice,1,95.6,9892,16126,61.3
1785432017.878,17:20:17,timeslice,2,89.6,8162,16126,50.6
1785432017.878,17:20:17,timeslice,3,91.4,9892,16126,61.3
1785432017.878,17:20:17,timeslice,4,95.7,9892,16126,61.3
1785432017.878,17:20:17,timeslice,5,96.3,9892,16126,61.3
1785432017.878,17:20:17,timeslice,6,96.1,9892,16126,61.3
1785432017.878,17:20:17,timeslice,7,95.5,9894,16126,61.4
1785432018.878,17:20:18,timeslice,0,95.2,9892,16126,61.3
1785432018.878,17:20:18,timeslice,1,95.6,9892,16126,61.3
1785432018.878,17:20:18,timeslice,2,89.6,8162,16126,50.6
1785432018.878,17:20:18,timeslice,3,91.4,9892,16126,61.3
1785432018.878,17:20:18,timeslice,4,95.7,9892,16126,61.3
1785432018.878,17:20:18,timeslice,5,96.3,9892,16126,61.3
1785432018.878,17:20:18,timeslice,6,96.1,9892,16126,61.3
1785432018.878,17:20:18,timeslice,7,95.5,9894,16126,61.4
1785432019.879,17:20:19,timeslice,0,95.2,9892,16126,61.3
1785432019.879,17:20:19,timeslice,1,95.6,9892,16126,61.3
1785432019.879,17:20:19,timeslice,2,89.6,8162,16126,50.6
1785432019.879,17:20:19,timeslice,3,91.4,9892,16126,61.3
1785432019.879,17:20:19,timeslice,4,95.7,9892,16126,61.3
1785432019.879,17:20:19,timeslice,5,96.3,9892,16126,61.3
1785432019.879,17:20:19,timeslice,6,96.1,9892,16126,61.3
1785432019.879,17:20:19,timeslice,7,95.5,9894,16126,61.4
1785432020.879,17:20:20,timeslice,0,94.5,6431,16126,39.9
1785432020.879,17:20:20,timeslice,1,89.2,6605,16126,41.0
1785432020.879,17:20:20,timeslice,2,94.3,6503,16126,40.3
1785432020.879,17:20:20,timeslice,3,96.0,6485,16126,40.2
1785432020.879,17:20:20,timeslice,4,95.0,6593,16126,40.9
1785432020.879,17:20:20,timeslice,5,95.0,6419,16126,39.8
1785432020.879,17:20:20,timeslice,6,94.7,6467,16126,40.1
1785432020.879,17:20:20,timeslice,7,95.8,6600,16126,40.9
1785432021.879,17:20:21,timeslice,0,94.5,6431,16126,39.9
1785432021.879,17:20:21,timeslice,1,89.2,6605,16126,41.0
1785432021.879,17:20:21,timeslice,2,94.3,6503,16126,40.3
1785432021.879,17:20:21,timeslice,3,96.0,6485,16126,40.2
1785432021.879,17:20:21,timeslice,4,95.0,6593,16126,40.9
1785432021.879,17:20:21,timeslice,5,95.0,6419,16126,39.8
1785432021.879,17:20:21,timeslice,6,94.7,6467,16126,40.1
1785432021.879,17:20:21,timeslice,7,95.8,6600,16126,40.9
1785432022.879,17:20:22,timeslice,0,94.5,6431,16126,39.9
1785432022.879,17:20:22,timeslice,1,89.2,6605,16126,41.0
1785432022.879,17:20:22,timeslice,2,94.3,6503,16126,40.3
1785432022.879,17:20:22,timeslice,3,96.0,6485,16126,40.2
1785432022.879,17:20:22,timeslice,4,95.0,6593,16126,40.9
1785432022.879,17:20:22,timeslice,5,95.0,6419,16126,39.8
1785432022.879,17:20:22,timeslice,6,94.7,6467,16126,40.1
1785432022.879,17:20:22,timeslice,7,95.8,6600,16126,40.9
1785432023.879,17:20:23,timeslice,0,94.5,6431,16126,39.9
1785432023.879,17:20:23,timeslice,1,89.2,6605,16126,41.0
1785432023.879,17:20:23,timeslice,2,94.3,6503,16126,40.3
1785432023.879,17:20:23,timeslice,3,96.0,6485,16126,40.2
1785432023.879,17:20:23,timeslice,4,95.0,6593,16126,40.9
1785432023.879,17:20:23,timeslice,5,95.0,6419,16126,39.8
1785432023.879,17:20:23,timeslice,6,94.7,6467,16126,40.1
1785432023.879,17:20:23,timeslice,7,95.8,6600,16126,40.9
1785432024.879,17:20:24,timeslice,0,94.5,6431,16126,39.9
1785432024.879,17:20:24,timeslice,1,89.2,6605,16126,41.0
1785432024.879,17:20:24,timeslice,2,94.3,6503,16126,40.3
1785432024.879,17:20:24,timeslice,3,96.0,6485,16126,40.2
1785432024.879,17:20:24,timeslice,4,95.0,6593,16126,40.9
1785432024.879,17:20:24,timeslice,5,95.0,6419,16126,39.8
1785432024.879,17:20:24,timeslice,6,94.7,6467,16126,40.1
1785432024.879,17:20:24,timeslice,7,95.8,6600,16126,40.9
1785432025.879,17:20:25,timeslice,0,93.7,6079,16126,37.7
1785432025.879,17:20:25,timeslice,1,88.4,6079,16126,37.7
1785432025.879,17:20:25,timeslice,2,88.3,6016,16126,37.3
1785432025.879,17:20:25,timeslice,3,94.2,6079,16126,37.7
1785432025.879,17:20:25,timeslice,4,89.0,6079,16126,37.7
1785432025.879,17:20:25,timeslice,5,81.7,6079,16126,37.7
1785432025.879,17:20:25,timeslice,6,89.0,6079,16126,37.7
1785432025.879,17:20:25,timeslice,7,94.6,6081,16126,37.7
1785432026.88,17:20:26,timeslice,0,93.7,6079,16126,37.7
1785432026.88,17:20:26,timeslice,1,88.4,6079,16126,37.7
1785432026.88,17:20:26,timeslice,2,88.3,6016,16126,37.3
1785432026.88,17:20:26,timeslice,3,94.2,6079,16126,37.7
1785432026.88,17:20:26,timeslice,4,89.0,6079,16126,37.7
1785432026.88,17:20:26,timeslice,5,81.7,6079,16126,37.7
1785432026.88,17:20:26,timeslice,6,89.0,6079,16126,37.7
1785432026.88,17:20:26,timeslice,7,94.6,6081,16126,37.7
1785432027.88,17:20:27,timeslice,0,93.7,6079,16126,37.7
1785432027.88,17:20:27,timeslice,1,88.4,6079,16126,37.7
1785432027.88,17:20:27,timeslice,2,88.3,6016,16126,37.3
1785432027.88,17:20:27,timeslice,3,94.2,6079,16126,37.7
1785432027.88,17:20:27,timeslice,4,89.0,6079,16126,37.7
1785432027.88,17:20:27,timeslice,5,81.7,6079,16126,37.7
1785432027.88,17:20:27,timeslice,6,89.0,6079,16126,37.7
1785432027.88,17:20:27,timeslice,7,94.6,6081,16126,37.7
1785432028.88,17:20:28,timeslice,0,93.7,6079,16126,37.7
1785432028.88,17:20:28,timeslice,1,88.4,6079,16126,37.7
1785432028.88,17:20:28,timeslice,2,88.3,6016,16126,37.3
1785432028.88,17:20:28,timeslice,3,94.2,6079,16126,37.7
1785432028.88,17:20:28,timeslice,4,89.0,6079,16126,37.7
1785432028.88,17:20:28,timeslice,5,81.7,6079,16126,37.7
1785432028.88,17:20:28,timeslice,6,89.0,6079,16126,37.7
1785432028.88,17:20:28,timeslice,7,94.6,6081,16126,37.7
1785432029.88,17:20:29,timeslice,0,93.7,6079,16126,37.7
1785432029.88,17:20:29,timeslice,1,88.4,6079,16126,37.7
1785432029.88,17:20:29,timeslice,2,88.3,6016,16126,37.3
1785432029.88,17:20:29,timeslice,3,94.2,6079,16126,37.7
1785432029.88,17:20:29,timeslice,4,89.0,6079,16126,37.7
1785432029.88,17:20:29,timeslice,5,81.7,6079,16126,37.7
1785432029.88,17:20:29,timeslice,6,89.0,6079,16126,37.7
1785432029.88,17:20:29,timeslice,7,94.6,6081,16126,37.7
1785432030.88,17:20:30,timeslice,0,96.3,9303,16126,57.7
1785432030.88,17:20:30,timeslice,1,95.6,9303,16126,57.7
1785432030.88,17:20:30,timeslice,2,89.6,9303,16126,57.7
1785432030.88,17:20:30,timeslice,3,96.0,9303,16126,57.7
1785432030.88,17:20:30,timeslice,4,94.4,9303,16126,57.7
1785432030.88,17:20:30,timeslice,5,91.4,7853,16126,48.7
1785432030.88,17:20:30,timeslice,6,95.3,9303,16126,57.7
1785432030.88,17:20:30,timeslice,7,95.3,9304,16126,57.7
1785432031.88,17:20:31,timeslice,0,96.3,9303,16126,57.7
1785432031.88,17:20:31,timeslice,1,95.6,9303,16126,57.7
1785432031.88,17:20:31,timeslice,2,89.6,9303,16126,57.7
1785432031.88,17:20:31,timeslice,3,96.0,9303,16126,57.7
1785432031.88,17:20:31,timeslice,4,94.4,9303,16126,57.7
1785432031.88,17:20:31,timeslice,5,91.4,7853,16126,48.7
1785432031.88,17:20:31,timeslice,6,95.3,9303,16126,57.7
1785432031.88,17:20:31,timeslice,7,95.3,9304,16126,57.7
1785432032.88,17:20:32,timeslice,0,96.3,9303,16126,57.7
1785432032.88,17:20:32,timeslice,1,95.6,9303,16126,57.7
1785432032.88,17:20:32,timeslice,2,89.6,9303,16126,57.7
1785432032.88,17:20:32,timeslice,3,96.0,9303,16126,57.7
1785432032.88,17:20:32,timeslice,4,94.4,9303,16126,57.7
1785432032.88,17:20:32,timeslice,5,91.4,7853,16126,48.7
1785432032.88,17:20:32,timeslice,6,95.3,9303,16126,57.7
1785432032.88,17:20:32,timeslice,7,95.3,9304,16126,57.7
1785432033.881,17:20:33,timeslice,0,96.3,9303,16126,57.7
1785432033.881,17:20:33,timeslice,1,95.6,9303,16126,57.7
1785432033.881,17:20:33,timeslice,2,89.6,9303,16126,57.7
1785432033.881,17:20:33,timeslice,3,96.0,9303,16126,57.7
1785432033.881,17:20:33,timeslice,4,94.4,9303,16126,57.7
1785432033.881,17:20:33,timeslice,5,91.4,7853,16126,48.7
1785432033.881,17:20:33,timeslice,6,95.3,9303,16126,57.7
1785432033.881,17:20:33,timeslice,7,95.3,9304,16126,57.7
1785432034.881,17:20:34,timeslice,0,96.3,9303,16126,57.7
1785432034.881,17:20:34,timeslice,1,95.6,9303,16126,57.7
1785432034.881,17:20:34,timeslice,2,89.6,9303,16126,57.7
1785432034.881,17:20:34,timeslice,3,96.0,9303,16126,57.7
1785432034.881,17:20:34,timeslice,4,94.4,9303,16126,57.7
1785432034.881,17:20:34,timeslice,5,91.4,7853,16126,48.7
1785432034.881,17:20:34,timeslice,6,95.3,9303,16126,57.7
1785432034.881,17:20:34,timeslice,7,95.3,9304,16126,57.7
1785432035.881,17:20:35,timeslice,0,95.4,8904,16126,55.2
1785432035.881,17:20:35,timeslice,1,95.3,8768,16126,54.4
1785432035.881,17:20:35,timeslice,2,96.1,8695,16126,53.9
1785432035.881,17:20:35,timeslice,3,95.4,9337,16126,57.9
1785432035.881,17:20:35,timeslice,4,96.5,9052,16126,56.1
1785432035.881,17:20:35,timeslice,5,83.6,7915,16126,49.1
1785432035.881,17:20:35,timeslice,6,95.2,8642,16126,53.6
1785432035.881,17:20:35,timeslice,7,95.7,8770,16126,54.4
1785432036.881,17:20:36,timeslice,0,95.4,8904,16126,55.2
1785432036.881,17:20:36,timeslice,1,95.3,8768,16126,54.4
1785432036.881,17:20:36,timeslice,2,96.1,8695,16126,53.9
1785432036.881,17:20:36,timeslice,3,95.4,9337,16126,57.9
1785432036.881,17:20:36,timeslice,4,96.5,9052,16126,56.1
1785432036.881,17:20:36,timeslice,5,83.6,7915,16126,49.1
1785432036.881,17:20:36,timeslice,6,95.2,8642,16126,53.6
1785432036.881,17:20:36,timeslice,7,95.7,8770,16126,54.4
1785432037.881,17:20:37,timeslice,0,95.4,8904,16126,55.2
1785432037.881,17:20:37,timeslice,1,95.3,8768,16126,54.4
1785432037.881,17:20:37,timeslice,2,96.1,8695,16126,53.9
1785432037.881,17:20:37,timeslice,3,95.4,9337,16126,57.9
1785432037.881,17:20:37,timeslice,4,96.5,9052,16126,56.1
1785432037.881,17:20:37,timeslice,5,83.6,7915,16126,49.1
1785432037.881,17:20:37,timeslice,6,95.2,8642,16126,53.6
1785432037.881,17:20:37,timeslice,7,95.7,8770,16126,54.4
1785432038.881,17:20:38,timeslice,0,95.4,8904,16126,55.2
1785432038.881,17:20:38,timeslice,1,95.3,8768,16126,54.4
1785432038.881,17:20:38,timeslice,2,96.1,8695,16126,53.9
1785432038.881,17:20:38,timeslice,3,95.4,9337,16126,57.9
1785432038.881,17:20:38,timeslice,4,96.5,9052,16126,56.1
1785432038.881,17:20:38,timeslice,5,83.6,7915,16126,49.1
1785432038.881,17:20:38,timeslice,6,95.2,8642,16126,53.6
1785432038.881,17:20:38,timeslice,7,95.7,8770,16126,54.4
1785432039.881,17:20:39,timeslice,0,95.4,8904,16126,55.2
1785432039.881,17:20:39,timeslice,1,95.3,8768,16126,54.4
1785432039.881,17:20:39,timeslice,2,96.1,8695,16126,53.9
1785432039.881,17:20:39,timeslice,3,95.4,9337,16126,57.9
1785432039.881,17:20:39,timeslice,4,96.5,9052,16126,56.1
1785432039.881,17:20:39,timeslice,5,83.6,7915,16126,49.1
1785432039.881,17:20:39,timeslice,6,95.2,8642,16126,53.6
1785432039.881,17:20:39,timeslice,7,95.7,8770,16126,54.4
1785432040.881,17:20:40,timeslice,0,95.8,9809,16126,60.8
1785432040.881,17:20:40,timeslice,1,87.0,8200,16126,50.8
1785432040.881,17:20:40,timeslice,2,96.0,9809,16126,60.8
1785432040.881,17:20:40,timeslice,3,95.0,9809,16126,60.8
1785432040.881,17:20:40,timeslice,4,96.6,9809,16126,60.8
1785432040.881,17:20:40,timeslice,5,93.5,9809,16126,60.8
1785432040.881,17:20:40,timeslice,6,94.6,9809,16126,60.8
1785432040.881,17:20:40,timeslice,7,95.6,9811,16126,60.8
1785432041.882,17:20:41,timeslice,0,95.8,9809,16126,60.8
1785432041.882,17:20:41,timeslice,1,87.0,8200,16126,50.8
1785432041.882,17:20:41,timeslice,2,96.0,9809,16126,60.8
1785432041.882,17:20:41,timeslice,3,95.0,9809,16126,60.8
1785432041.882,17:20:41,timeslice,4,96.6,9809,16126,60.8
1785432041.882,17:20:41,timeslice,5,93.5,9809,16126,60.8
1785432041.882,17:20:41,timeslice,6,94.6,9809,16126,60.8
1785432041.882,17:20:41,timeslice,7,95.6,9811,16126,60.8
1785432042.882,17:20:42,timeslice,0,95.8,9809,16126,60.8
1785432042.882,17:20:42,timeslice,1,87.0,8200,16126,50.8
1785432042.882,17:20:42,timeslice,2,96.0,9809,16126,60.8
1785432042.882,17:20:42,timeslice,3,95.0,9809,16126,60.8
1785432042.882,17:20:42,timeslice,4,96.6,9809,16126,60.8
1785432042.882,17:20:42,timeslice,5,93.5,9809,16126,60.8
1785432042.882,17:20:42,timeslice,6,94.6,9809,16126,60.8
1785432042.882,17:20:42,timeslice,7,95.6,9811,16126,60.8
1785432043.882,17:20:43,timeslice,0,95.8,9809,16126,60.8
1785432043.882,17:20:43,timeslice,1,87.0,8200,16126,50.8
1785432043.882,17:20:43,timeslice,2,96.0,9809,16126,60.8
1785432043.882,17:20:43,timeslice,3,95.0,9809,16126,60.8
1785432043.882,17:20:43,timeslice,4,96.6,9809,16126,60.8
1785432043.882,17:20:43,timeslice,5,93.5,9809,16126,60.8
1785432043.882,17:20:43,timeslice,6,94.6,9809,16126,60.8
1785432043.882,17:20:43,timeslice,7,95.6,9811,16126,60.8
1785432044.882,17:20:44,timeslice,0,95.8,9809,16126,60.8
1785432044.882,17:20:44,timeslice,1,87.0,8200,16126,50.8
1785432044.882,17:20:44,timeslice,2,96.0,9809,16126,60.8
1785432044.882,17:20:44,timeslice,3,95.0,9809,16126,60.8
1785432044.882,17:20:44,timeslice,4,96.6,9809,16126,60.8
1785432044.882,17:20:44,timeslice,5,93.5,9809,16126,60.8
1785432044.882,17:20:44,timeslice,6,94.6,9809,16126,60.8
1785432044.882,17:20:44,timeslice,7,95.6,9811,16126,60.8
1785432045.882,17:20:45,timeslice,0,92.7,7946,16126,49.3
1785432045.882,17:20:45,timeslice,1,90.8,8515,16126,52.8
1785432045.882,17:20:45,timeslice,2,88.3,8515,16126,52.8
1785432045.882,17:20:45,timeslice,3,92.4,8799,16126,54.6
1785432045.882,17:20:45,timeslice,4,94.3,8515,16126,52.8
1785432045.882,17:20:45,timeslice,5,94.7,8799,16126,54.6
1785432045.882,17:20:45,timeslice,6,94.9,9041,16126,56.1
1785432045.882,17:20:45,timeslice,7,94.5,8516,16126,52.8
1785432046.882,17:20:46,timeslice,0,92.7,7946,16126,49.3
1785432046.882,17:20:46,timeslice,1,90.8,8515,16126,52.8
1785432046.882,17:20:46,timeslice,2,88.3,8515,16126,52.8
1785432046.882,17:20:46,timeslice,3,92.4,8799,16126,54.6
1785432046.882,17:20:46,timeslice,4,94.3,8515,16126,52.8
1785432046.882,17:20:46,timeslice,5,94.7,8799,16126,54.6
1785432046.882,17:20:46,timeslice,6,94.9,9041,16126,56.1
1785432046.882,17:20:46,timeslice,7,94.5,8516,16126,52.8
1785432047.882,17:20:47,timeslice,0,92.7,7946,16126,49.3
1785432047.882,17:20:47,timeslice,1,90.8,8515,16126,52.8
1785432047.882,17:20:47,timeslice,2,88.3,8515,16126,52.8
1785432047.882,17:20:47,timeslice,3,92.4,8799,16126,54.6
1785432047.882,17:20:47,timeslice,4,94.3,8515,16126,52.8
1785432047.882,17:20:47,timeslice,5,94.7,8799,16126,54.6
1785432047.882,17:20:47,timeslice,6,94.9,9041,16126,56.1
1785432047.882,17:20:47,timeslice,7,94.5,8516,16126,52.8
1785432048.883,17:20:48,timeslice,0,92.7,7946,16126,49.3
1785432048.883,17:20:48,timeslice,1,90.8,8515,16126,52.8
1785432048.883,17:20:48,timeslice,2,88.3,8515,16126,52.8
1785432048.883,17:20:48,timeslice,3,92.4,8799,16126,54.6
1785432048.883,17:20:48,timeslice,4,94.3,8515,16126,52.8
1785432048.883,17:20:48,timeslice,5,94.7,8799,16126,54.6
1785432048.883,17:20:48,timeslice,6,94.9,9041,16126,56.1
1785432048.883,17:20:48,timeslice,7,94.5,8516,16126,52.8
1785432049.883,17:20:49,timeslice,0,92.7,7946,16126,49.3
1785432049.883,17:20:49,timeslice,1,90.8,8515,16126,52.8
1785432049.883,17:20:49,timeslice,2,88.3,8515,16126,52.8
1785432049.883,17:20:49,timeslice,3,92.4,8799,16126,54.6
1785432049.883,17:20:49,timeslice,4,94.3,8515,16126,52.8
1785432049.883,17:20:49,timeslice,5,94.7,8799,16126,54.6
1785432049.883,17:20:49,timeslice,6,94.9,9041,16126,56.1
1785432049.883,17:20:49,timeslice,7,94.5,8516,16126,52.8
1785432050.883,17:20:50,timeslice,0,89.7,8699,16126,53.9
1785432050.883,17:20:50,timeslice,1,95.7,8709,16126,54.0
1785432050.883,17:20:50,timeslice,2,95.6,8709,16126,54.0
1785432050.883,17:20:50,timeslice,3,94.6,8709,16126,54.0
1785432050.883,17:20:50,timeslice,4,90.6,8709,16126,54.0
1785432050.883,17:20:50,timeslice,5,95.9,8709,16126,54.0
1785432050.883,17:20:50,timeslice,6,95.3,8709,16126,54.0
1785432050.883,17:20:50,timeslice,7,95.5,9304,16126,57.7
1785432051.883,17:20:51,timeslice,0,89.7,8699,16126,53.9
1785432051.883,17:20:51,timeslice,1,95.7,8709,16126,54.0
1785432051.883,17:20:51,timeslice,2,95.6,8709,16126,54.0
1785432051.883,17:20:51,timeslice,3,94.6,8709,16126,54.0
1785432051.883,17:20:51,timeslice,4,90.6,8709,16126,54.0
1785432051.883,17:20:51,timeslice,5,95.9,8709,16126,54.0
1785432051.883,17:20:51,timeslice,6,95.3,8709,16126,54.0
1785432051.883,17:20:51,timeslice,7,95.5,9304,16126,57.7
1785432052.883,17:20:52,timeslice,0,89.7,8699,16126,53.9
1785432052.883,17:20:52,timeslice,1,95.7,8709,16126,54.0
1785432052.883,17:20:52,timeslice,2,95.6,8709,16126,54.0
1785432052.883,17:20:52,timeslice,3,94.6,8709,16126,54.0
1785432052.883,17:20:52,timeslice,4,90.6,8709,16126,54.0
1785432052.883,17:20:52,timeslice,5,95.9,8709,16126,54.0
1785432052.883,17:20:52,timeslice,6,95.3,8709,16126,54.0
1785432052.883,17:20:52,timeslice,7,95.5,9304,16126,57.7
1785432053.883,17:20:53,timeslice,0,89.7,8699,16126,53.9
1785432053.883,17:20:53,timeslice,1,95.7,8709,16126,54.0
1785432053.883,17:20:53,timeslice,2,95.6,8709,16126,54.0
1785432053.883,17:20:53,timeslice,3,94.6,8709,16126,54.0
1785432053.883,17:20:53,timeslice,4,90.6,8709,16126,54.0
1785432053.883,17:20:53,timeslice,5,95.9,8709,16126,54.0
1785432053.883,17:20:53,timeslice,6,95.3,8709,16126,54.0
1785432053.883,17:20:53,timeslice,7,95.5,9304,16126,57.7
1785432054.883,17:20:54,timeslice,0,89.7,8699,16126,53.9
1785432054.883,17:20:54,timeslice,1,95.7,8709,16126,54.0
1785432054.883,17:20:54,timeslice,2,95.6,8709,16126,54.0
1785432054.883,17:20:54,timeslice,3,94.6,8709,16126,54.0
1785432054.883,17:20:54,timeslice,4,90.6,8709,16126,54.0
1785432054.883,17:20:54,timeslice,5,95.9,8709,16126,54.0
1785432054.883,17:20:54,timeslice,6,95.3,8709,16126,54.0
1785432054.883,17:20:54,timeslice,7,95.5,9304,16126,57.7
1785432055.883,17:20:55,timeslice,0,93.2,8724,16126,54.1
1785432055.883,17:20:55,timeslice,1,96.2,8688,16126,53.9
1785432055.883,17:20:55,timeslice,2,92.8,8790,16126,54.5
1785432055.883,17:20:55,timeslice,3,94.6,8730,16126,54.1
1785432055.883,17:20:55,timeslice,4,93.0,8808,16126,54.6
1785432055.883,17:20:55,timeslice,5,91.9,8832,16126,54.8
1785432055.883,17:20:55,timeslice,6,91.1,8766,16126,54.4
1785432055.883,17:20:55,timeslice,7,92.5,8737,16126,54.2
1785432056.884,17:20:56,timeslice,0,93.2,8724,16126,54.1
1785432056.884,17:20:56,timeslice,1,96.2,8688,16126,53.9
1785432056.884,17:20:56,timeslice,2,92.8,8790,16126,54.5
1785432056.884,17:20:56,timeslice,3,94.6,8730,16126,54.1
1785432056.884,17:20:56,timeslice,4,93.0,8808,16126,54.6
1785432056.884,17:20:56,timeslice,5,91.9,8832,16126,54.8
1785432056.884,17:20:56,timeslice,6,91.1,8766,16126,54.4
1785432056.884,17:20:56,timeslice,7,92.5,8737,16126,54.2
1785432057.884,17:20:57,timeslice,0,93.2,8724,16126,54.1
1785432057.884,17:20:57,timeslice,1,96.2,8688,16126,53.9
1785432057.884,17:20:57,timeslice,2,92.8,8790,16126,54.5
1785432057.884,17:20:57,timeslice,3,94.6,8730,16126,54.1
1785432057.884,17:20:57,timeslice,4,93.0,8808,16126,54.6
1785432057.884,17:20:57,timeslice,5,91.9,8832,16126,54.8
1785432057.884,17:20:57,timeslice,6,91.1,8766,16126,54.4
1785432057.884,17:20:57,timeslice,7,92.5,8737,16126,54.2
1785432058.884,17:20:58,timeslice,0,93.2,8724,16126,54.1
1785432058.884,17:20:58,timeslice,1,96.2,8688,16126,53.9
1785432058.884,17:20:58,timeslice,2,92.8,8790,16126,54.5
1785432058.884,17:20:58,timeslice,3,94.6,8730,16126,54.1
1785432058.884,17:20:58,timeslice,4,93.0,8808,16126,54.6
1785432058.884,17:20:58,timeslice,5,91.9,8832,16126,54.8
1785432058.884,17:20:58,timeslice,6,91.1,8766,16126,54.4
1785432058.884,17:20:58,timeslice,7,92.5,8737,16126,54.2
1785432059.884,17:20:59,timeslice,0,93.2,8724,16126,54.1
1785432059.884,17:20:59,timeslice,1,96.2,8688,16126,53.9
1785432059.884,17:20:59,timeslice,2,92.8,8790,16126,54.5
1785432059.884,17:20:59,timeslice,3,94.6,8730,16126,54.1
1785432059.884,17:20:59,timeslice,4,93.0,8808,16126,54.6
1785432059.884,17:20:59,timeslice,5,91.9,8832,16126,54.8
1785432059.884,17:20:59,timeslice,6,91.1,8766,16126,54.4
1785432059.884,17:20:59,timeslice,7,92.5,8737,16126,54.2
1785432060.884,17:21:00,timeslice,0,89.0,6808,16126,42.2
1785432060.884,17:21:00,timeslice,1,93.3,6922,16126,42.9
1785432060.884,17:21:00,timeslice,2,94.9,7572,16126,47.0
1785432060.884,17:21:00,timeslice,3,93.1,7548,16126,46.8
1785432060.884,17:21:00,timeslice,4,93.5,7157,16126,44.4
1785432060.884,17:21:00,timeslice,5,94.7,7518,16126,46.6
1785432060.884,17:21:00,timeslice,6,93.9,7259,16126,45.0
1785432060.884,17:21:00,timeslice,7,91.0,6990,16126,43.3
1785432061.884,17:21:01,timeslice,0,89.0,6808,16126,42.2
1785432061.884,17:21:01,timeslice,1,93.3,6922,16126,42.9
1785432061.884,17:21:01,timeslice,2,94.9,7572,16126,47.0
1785432061.884,17:21:01,timeslice,3,93.1,7548,16126,46.8
1785432061.884,17:21:01,timeslice,4,93.5,7157,16126,44.4
1785432061.884,17:21:01,timeslice,5,94.7,7518,16126,46.6
1785432061.884,17:21:01,timeslice,6,93.9,7259,16126,45.0
1785432061.884,17:21:01,timeslice,7,91.0,6990,16126,43.3
1785432062.884,17:21:02,timeslice,0,89.0,6808,16126,42.2
1785432062.884,17:21:02,timeslice,1,93.3,6922,16126,42.9
1785432062.884,17:21:02,timeslice,2,94.9,7572,16126,47.0
1785432062.884,17:21:02,timeslice,3,93.1,7548,16126,46.8
1785432062.884,17:21:02,timeslice,4,93.5,7157,16126,44.4
1785432062.884,17:21:02,timeslice,5,94.7,7518,16126,46.6
1785432062.884,17:21:02,timeslice,6,93.9,7259,16126,45.0
1785432062.884,17:21:02,timeslice,7,91.0,6990,16126,43.3
1785432063.884,17:21:03,timeslice,0,89.0,6808,16126,42.2
1785432063.884,17:21:03,timeslice,1,93.3,6922,16126,42.9
1785432063.884,17:21:03,timeslice,2,94.9,7572,16126,47.0
1785432063.884,17:21:03,timeslice,3,93.1,7548,16126,46.8
1785432063.884,17:21:03,timeslice,4,93.5,7157,16126,44.4
1785432063.884,17:21:03,timeslice,5,94.7,7518,16126,46.6
1785432063.884,17:21:03,timeslice,6,93.9,7259,16126,45.0
1785432063.884,17:21:03,timeslice,7,91.0,6990,16126,43.3
1785432064.885,17:21:04,timeslice,0,89.0,6808,16126,42.2
1785432064.885,17:21:04,timeslice,1,93.3,6922,16126,42.9
1785432064.885,17:21:04,timeslice,2,94.9,7572,16126,47.0
1785432064.885,17:21:04,timeslice,3,93.1,7548,16126,46.8
1785432064.885,17:21:04,timeslice,4,93.5,7157,16126,44.4
1785432064.885,17:21:04,timeslice,5,94.7,7518,16126,46.6
1785432064.885,17:21:04,timeslice,6,93.9,7259,16126,45.0
1785432064.885,17:21:04,timeslice,7,91.0,6990,16126,43.3
1785432065.885,17:21:05,timeslice,0,63.1,5282,16126,32.8
1785432065.885,17:21:05,timeslice,1,70.0,5282,16126,32.8
1785432065.885,17:21:05,timeslice,2,75.7,5282,16126,32.8
1785432065.885,17:21:05,timeslice,3,73.6,5282,16126,32.8
1785432065.885,17:21:05,timeslice,4,70.6,5282,16126,32.8
1785432065.885,17:21:05,timeslice,5,66.7,5282,16126,32.8
1785432065.885,17:21:05,timeslice,6,71.5,5282,16126,32.8
1785432065.885,17:21:05,timeslice,7,66.6,5283,16126,32.8
1785432066.885,17:21:06,timeslice,0,63.1,5282,16126,32.8
1785432066.885,17:21:06,timeslice,1,70.0,5282,16126,32.8
1785432066.885,17:21:06,timeslice,2,75.7,5282,16126,32.8
1785432066.885,17:21:06,timeslice,3,73.6,5282,16126,32.8
1785432066.885,17:21:06,timeslice,4,70.6,5282,16126,32.8
1785432066.885,17:21:06,timeslice,5,66.7,5282,16126,32.8
1785432066.885,17:21:06,timeslice,6,71.5,5282,16126,32.8
1785432066.885,17:21:06,timeslice,7,66.6,5283,16126,32.8
1785432067.885,17:21:07,timeslice,0,63.1,5282,16126,32.8
1785432067.885,17:21:07,timeslice,1,70.0,5282,16126,32.8
1785432067.885,17:21:07,timeslice,2,75.7,5282,16126,32.8
1785432067.885,17:21:07,timeslice,3,73.6,5282,16126,32.8
1785432067.885,17:21:07,timeslice,4,70.6,5282,16126,32.8
1785432067.885,17:21:07,timeslice,5,66.7,5282,16126,32.8
1785432067.885,17:21:07,timeslice,6,71.5,5282,16126,32.8
1785432067.885,17:21:07,timeslice,7,66.6,5283,16126,32.8
1785432068.885,17:21:08,timeslice,0,63.1,5282,16126,32.8
1785432068.885,17:21:08,timeslice,1,70.0,5282,16126,32.8
1785432068.885,17:21:08,timeslice,2,75.7,5282,16126,32.8
1785432068.885,17:21:08,timeslice,3,73.6,5282,16126,32.8
1785432068.885,17:21:08,timeslice,4,70.6,5282,16126,32.8
1785432068.885,17:21:08,timeslice,5,66.7,5282,16126,32.8
1785432068.885,17:21:08,timeslice,6,71.5,5282,16126,32.8
1785432068.885,17:21:08,timeslice,7,66.6,5283,16126,32.8
1785432069.885,17:21:09,timeslice,0,63.1,5282,16126,32.8
1785432069.885,17:21:09,timeslice,1,70.0,5282,16126,32.8
1785432069.885,17:21:09,timeslice,2,75.7,5282,16126,32.8
1785432069.885,17:21:09,timeslice,3,73.6,5282,16126,32.8
1785432069.885,17:21:09,timeslice,4,70.6,5282,16126,32.8
1785432069.885,17:21:09,timeslice,5,66.7,5282,16126,32.8
1785432069.885,17:21:09,timeslice,6,71.5,5282,16126,32.8
1785432069.885,17:21:09,timeslice,7,66.6,5283,16126,32.8
1785432070.885,17:21:10,timeslice,0,9.3,5270,16126,32.7
1785432070.885,17:21:10,timeslice,1,10.7,5270,16126,32.7
1785432070.885,17:21:10,timeslice,2,19.2,5270,16126,32.7
1785432070.885,17:21:10,timeslice,3,19.8,5270,16126,32.7
1785432070.885,17:21:10,timeslice,4,9.6,5270,16126,32.7
1785432070.885,17:21:10,timeslice,5,2.3,5270,16126,32.7
1785432070.885,17:21:10,timeslice,6,11.2,5270,16126,32.7
1785432070.885,17:21:10,timeslice,7,2.5,5271,16126,32.7
1785432071.886,17:21:11,timeslice,0,9.3,5270,16126,32.7
1785432071.886,17:21:11,timeslice,1,10.7,5270,16126,32.7
1785432071.886,17:21:11,timeslice,2,19.2,5270,16126,32.7
1785432071.886,17:21:11,timeslice,3,19.8,5270,16126,32.7
1785432071.886,17:21:11,timeslice,4,9.6,5270,16126,32.7
1785432071.886,17:21:11,timeslice,5,2.3,5270,16126,32.7
1785432071.886,17:21:11,timeslice,6,11.2,5270,16126,32.7
1785432071.886,17:21:11,timeslice,7,2.5,5271,16126,32.7
1785432072.886,17:21:12,timeslice,0,9.3,5270,16126,32.7
1785432072.886,17:21:12,timeslice,1,10.7,5270,16126,32.7
1785432072.886,17:21:12,timeslice,2,19.2,5270,16126,32.7
1785432072.886,17:21:12,timeslice,3,19.8,5270,16126,32.7
1785432072.886,17:21:12,timeslice,4,9.6,5270,16126,32.7
1785432072.886,17:21:12,timeslice,5,2.3,5270,16126,32.7
1785432072.886,17:21:12,timeslice,6,11.2,5270,16126,32.7
1785432072.886,17:21:12,timeslice,7,2.5,5271,16126,32.7
1785432073.886,17:21:13,timeslice,0,9.3,5270,16126,32.7
1785432073.886,17:21:13,timeslice,1,10.7,5270,16126,32.7
1785432073.886,17:21:13,timeslice,2,19.2,5270,16126,32.7
1785432073.886,17:21:13,timeslice,3,19.8,5270,16126,32.7
1785432073.886,17:21:13,timeslice,4,9.6,5270,16126,32.7
1785432073.886,17:21:13,timeslice,5,2.3,5270,16126,32.7
1785432073.886,17:21:13,timeslice,6,11.2,5270,16126,32.7
1785432073.886,17:21:13,timeslice,7,2.5,5271,16126,32.7
1785432074.886,17:21:14,timeslice,0,9.3,5270,16126,32.7
1785432074.886,17:21:14,timeslice,1,10.7,5270,16126,32.7
1785432074.886,17:21:14,timeslice,2,19.2,5270,16126,32.7
1785432074.886,17:21:14,timeslice,3,19.8,5270,16126,32.7
1785432074.886,17:21:14,timeslice,4,9.6,5270,16126,32.7
1785432074.886,17:21:14,timeslice,5,2.3,5270,16126,32.7
1785432074.886,17:21:14,timeslice,6,11.2,5270,16126,32.7
1785432074.886,17:21:14,timeslice,7,2.5,5271,16126,32.7
1785432075.886,17:21:15,timeslice,0,0.0,5270,16126,32.7
1785432075.886,17:21:15,timeslice,1,0.0,5270,16126,32.7
1785432075.886,17:21:15,timeslice,2,0.0,5270,16126,32.7
1785432075.886,17:21:15,timeslice,3,0.0,5270,16126,32.7
1785432075.886,17:21:15,timeslice,4,0.0,5270,16126,32.7
1785432075.886,17:21:15,timeslice,5,0.0,5270,16126,32.7
1785432075.886,17:21:15,timeslice,6,0.0,5270,16126,32.7
1785432075.886,17:21:15,timeslice,7,0.0,5271,16126,32.7
1785432076.886,17:21:16,timeslice,0,0.0,5270,16126,32.7
1785432076.886,17:21:16,timeslice,1,0.0,5270,16126,32.7
1785432076.886,17:21:16,timeslice,2,0.0,5270,16126,32.7
1785432076.886,17:21:16,timeslice,3,0.0,5270,16126,32.7
1785432076.886,17:21:16,timeslice,4,0.0,5270,16126,32.7
1785432076.886,17:21:16,timeslice,5,0.0,5270,16126,32.7
1785432076.886,17:21:16,timeslice,6,0.0,5270,16126,32.7
1785432076.886,17:21:16,timeslice,7,0.0,5271,16126,32.7
1785432077.886,17:21:17,timeslice,0,0.0,5270,16126,32.7
1785432077.886,17:21:17,timeslice,1,0.0,5270,16126,32.7
1785432077.886,17:21:17,timeslice,2,0.0,5270,16126,32.7
1785432077.886,17:21:17,timeslice,3,0.0,5270,16126,32.7
1785432077.886,17:21:17,timeslice,4,0.0,5270,16126,32.7
1785432077.886,17:21:17,timeslice,5,0.0,5270,16126,32.7
1785432077.886,17:21:17,timeslice,6,0.0,5270,16126,32.7
1785432077.886,17:21:17,timeslice,7,0.0,5271,16126,32.7
1785432078.886,17:21:18,timeslice,0,0.0,5270,16126,32.7
1785432078.886,17:21:18,timeslice,1,0.0,5270,16126,32.7
1785432078.886,17:21:18,timeslice,2,0.0,5270,16126,32.7
1785432078.886,17:21:18,timeslice,3,0.0,5270,16126,32.7
1785432078.886,17:21:18,timeslice,4,0.0,5270,16126,32.7
1785432078.886,17:21:18,timeslice,5,0.0,5270,16126,32.7
1785432078.886,17:21:18,timeslice,6,0.0,5270,16126,32.7
1785432078.886,17:21:18,timeslice,7,0.0,5271,16126,32.7
1785432079.886,17:21:19,timeslice,0,0.0,5270,16126,32.7
1785432079.886,17:21:19,timeslice,1,0.0,5270,16126,32.7
1785432079.886,17:21:19,timeslice,2,0.0,5270,16126,32.7
1785432079.886,17:21:19,timeslice,3,0.0,5270,16126,32.7
1785432079.886,17:21:19,timeslice,4,0.0,5270,16126,32.7
1785432079.886,17:21:19,timeslice,5,0.0,5270,16126,32.7
1785432079.886,17:21:19,timeslice,6,0.0,5270,16126,32.7
1785432079.886,17:21:19,timeslice,7,0.0,5271,16126,32.7
1785432080.887,17:21:20,timeslice,0,0.0,5270,16126,32.7
1785432080.887,17:21:20,timeslice,1,0.0,5270,16126,32.7
1785432080.887,17:21:20,timeslice,2,0.0,5270,16126,32.7
1785432080.887,17:21:20,timeslice,3,0.0,5270,16126,32.7
1785432080.887,17:21:20,timeslice,4,0.0,5270,16126,32.7
1785432080.887,17:21:20,timeslice,5,0.0,5270,16126,32.7
1785432080.887,17:21:20,timeslice,6,0.0,5270,16126,32.7
1785432080.887,17:21:20,timeslice,7,0.0,5271,16126,32.7
1785432081.887,17:21:21,timeslice,0,0.0,5270,16126,32.7
1785432081.887,17:21:21,timeslice,1,0.0,5270,16126,32.7
1785432081.887,17:21:21,timeslice,2,0.0,5270,16126,32.7
1785432081.887,17:21:21,timeslice,3,0.0,5270,16126,32.7
1785432081.887,17:21:21,timeslice,4,0.0,5270,16126,32.7
1785432081.887,17:21:21,timeslice,5,0.0,5270,16126,32.7
1785432081.887,17:21:21,timeslice,6,0.0,5270,16126,32.7
1785432081.887,17:21:21,timeslice,7,0.0,5271,16126,32.7
1785432082.887,17:21:22,timeslice,0,0.0,5270,16126,32.7
1785432082.887,17:21:22,timeslice,1,0.0,5270,16126,32.7
1785432082.887,17:21:22,timeslice,2,0.0,5270,16126,32.7
1785432082.887,17:21:22,timeslice,3,0.0,5270,16126,32.7
1785432082.887,17:21:22,timeslice,4,0.0,5270,16126,32.7
1785432082.887,17:21:22,timeslice,5,0.0,5270,16126,32.7
1785432082.887,17:21:22,timeslice,6,0.0,5270,16126,32.7
1785432082.887,17:21:22,timeslice,7,0.0,5271,16126,32.7
1785432083.887,17:21:23,timeslice,0,0.0,5270,16126,32.7
1785432083.887,17:21:23,timeslice,1,0.0,5270,16126,32.7
1785432083.887,17:21:23,timeslice,2,0.0,5270,16126,32.7
1785432083.887,17:21:23,timeslice,3,0.0,5270,16126,32.7
1785432083.887,17:21:23,timeslice,4,0.0,5270,16126,32.7
1785432083.887,17:21:23,timeslice,5,0.0,5270,16126,32.7
1785432083.887,17:21:23,timeslice,6,0.0,5270,16126,32.7
1785432083.887,17:21:23,timeslice,7,0.0,5271,16126,32.7
1785432084.887,17:21:24,timeslice,0,0.0,5270,16126,32.7
1785432084.887,17:21:24,timeslice,1,0.0,5270,16126,32.7
1785432084.887,17:21:24,timeslice,2,0.0,5270,16126,32.7
1785432084.887,17:21:24,timeslice,3,0.0,5270,16126,32.7
1785432084.887,17:21:24,timeslice,4,0.0,5270,16126,32.7
1785432084.887,17:21:24,timeslice,5,0.0,5270,16126,32.7
1785432084.887,17:21:24,timeslice,6,0.0,5270,16126,32.7
1785432084.887,17:21:24,timeslice,7,0.0,5271,16126,32.7
1785432085.887,17:21:25,timeslice,0,0.0,5270,16126,32.7
1785432085.887,17:21:25,timeslice,1,0.0,5270,16126,32.7
1785432085.887,17:21:25,timeslice,2,0.0,5270,16126,32.7
1785432085.887,17:21:25,timeslice,3,0.0,5270,16126,32.7
1785432085.887,17:21:25,timeslice,4,0.0,5270,16126,32.7
1785432085.887,17:21:25,timeslice,5,0.0,5270,16126,32.7
1785432085.887,17:21:25,timeslice,6,0.0,5270,16126,32.7
1785432085.887,17:21:25,timeslice,7,0.0,5271,16126,32.7
1785432086.887,17:21:26,timeslice,0,0.0,5270,16126,32.7
1785432086.887,17:21:26,timeslice,1,0.0,5270,16126,32.7
1785432086.887,17:21:26,timeslice,2,0.0,5270,16126,32.7
1785432086.887,17:21:26,timeslice,3,0.0,5270,16126,32.7
1785432086.887,17:21:26,timeslice,4,0.0,5270,16126,32.7
1785432086.887,17:21:26,timeslice,5,0.0,5270,16126,32.7
1785432086.887,17:21:26,timeslice,6,0.0,5270,16126,32.7
1785432086.887,17:21:26,timeslice,7,0.0,5271,16126,32.7
1785432087.887,17:21:27,timeslice,0,0.0,5270,16126,32.7
1785432087.887,17:21:27,timeslice,1,0.0,5270,16126,32.7
1785432087.887,17:21:27,timeslice,2,0.0,5270,16126,32.7
1785432087.887,17:21:27,timeslice,3,0.0,5270,16126,32.7
1785432087.887,17:21:27,timeslice,4,0.0,5270,16126,32.7
1785432087.887,17:21:27,timeslice,5,0.0,5270,16126,32.7
1785432087.887,17:21:27,timeslice,6,0.0,5270,16126,32.7
1785432087.887,17:21:27,timeslice,7,0.0,5271,16126,32.7
1785432088.888,17:21:28,timeslice,0,0.0,0,0,0.0
1785432088.888,17:21:28,timeslice,1,0.0,0,0,0.0
1785432088.888,17:21:28,timeslice,2,0.0,0,0,0.0
1785432088.888,17:21:28,timeslice,3,0.0,0,0,0.0
1785432088.888,17:21:28,timeslice,4,0.0,0,0,0.0
1785432088.888,17:21:28,timeslice,5,0.0,0,0,0.0
1785432088.888,17:21:28,timeslice,6,0.0,0,0,0.0
1785432088.888,17:21:28,timeslice,7,0.0,0,0,0.0
1785432089.888,17:21:29,timeslice,0,0.0,0,0,0.0
1785432089.888,17:21:29,timeslice,1,0.0,0,0,0.0
1785432089.888,17:21:29,timeslice,2,0.0,0,0,0.0
1785432089.888,17:21:29,timeslice,3,0.0,0,0,0.0
1785432089.888,17:21:29,timeslice,4,0.0,0,0,0.0
1785432089.888,17:21:29,timeslice,5,0.0,0,0,0.0
1785432089.888,17:21:29,timeslice,6,0.0,0,0,0.0
1785432089.888,17:21:29,timeslice,7,0.0,0,0,0.0
1785432090.994,17:21:30,timeslice,0,0.0,0,0,0.0
1785432090.994,17:21:30,timeslice,1,0.0,0,0,0.0
1785432090.994,17:21:30,timeslice,2,0.0,0,0,0.0
1785432090.994,17:21:30,timeslice,3,0.0,0,0,0.0
1785432090.994,17:21:30,timeslice,4,0.0,0,0,0.0
1785432090.994,17:21:30,timeslice,5,0.0,0,0,0.0
1785432090.994,17:21:30,timeslice,6,0.0,0,0,0.0
1785432090.994,17:21:30,timeslice,7,0.0,0,0,0.0
1785432091.994,17:21:31,timeslice,0,0.0,0,0,0.0
1785432091.994,17:21:31,timeslice,1,0.0,0,0,0.0
1785432091.994,17:21:31,timeslice,2,0.0,0,0,0.0
1785432091.994,17:21:31,timeslice,3,0.0,0,0,0.0
1785432091.994,17:21:31,timeslice,4,0.0,0,0,0.0
1785432091.994,17:21:31,timeslice,5,0.0,0,0,0.0
1785432091.994,17:21:31,timeslice,6,0.0,0,0,0.0
1785432091.994,17:21:31,timeslice,7,0.0,0,0,0.0
1785432092.995,17:21:32,timeslice,0,0.0,0,0,0.0
1785432092.995,17:21:32,timeslice,1,0.0,0,0,0.0
1785432092.995,17:21:32,timeslice,2,0.0,0,0,0.0
1785432092.995,17:21:32,timeslice,3,0.0,0,0,0.0
1785432092.995,17:21:32,timeslice,4,0.0,0,0,0.0
1785432092.995,17:21:32,timeslice,5,0.0,0,0,0.0
1785432092.995,17:21:32,timeslice,6,0.0,0,0,0.0
1785432092.995,17:21:32,timeslice,7,0.0,0,0,0.0
1785432093.995,17:21:33,timeslice,0,0.0,0,0,0.0
1785432093.995,17:21:33,timeslice,1,0.0,0,0,0.0
1785432093.995,17:21:33,timeslice,2,0.0,0,0,0.0
1785432093.995,17:21:33,timeslice,3,0.0,0,0,0.0
1785432093.995,17:21:33,timeslice,4,0.0,0,0,0.0
1785432093.995,17:21:33,timeslice,5,0.0,0,0,0.0
1785432093.995,17:21:33,timeslice,6,0.0,0,0,0.0
1785432093.995,17:21:33,timeslice,7,0.0,0,0,0.0
1785432094.995,17:21:34,timeslice,0,0.0,0,0,0.0
1785432094.995,17:21:34,timeslice,1,0.0,0,0,0.0
1785432094.995,17:21:34,timeslice,2,0.0,0,0,0.0
1785432094.995,17:21:34,timeslice,3,0.0,0,0,0.0
1785432094.995,17:21:34,timeslice,4,0.0,0,0,0.0
1785432094.995,17:21:34,timeslice,5,0.0,0,0,0.0
1785432094.995,17:21:34,timeslice,6,0.0,0,0,0.0
1785432094.995,17:21:34,timeslice,7,0.0,0,0,0.0
1785432095.995,17:21:35,timeslice,0,0.0,0,0,0.0
1785432095.995,17:21:35,timeslice,1,0.0,0,0,0.0
1785432095.995,17:21:35,timeslice,2,0.0,0,0,0.0
1785432095.995,17:21:35,timeslice,3,0.0,0,0,0.0
1785432095.995,17:21:35,timeslice,4,0.0,0,0,0.0
1785432095.995,17:21:35,timeslice,5,0.0,0,0,0.0
1785432095.995,17:21:35,timeslice,6,0.0,0,0,0.0
1785432095.995,17:21:35,timeslice,7,0.0,0,0,0.0
1785432096.995,17:21:36,timeslice,0,0.0,0,0,0.0
1785432096.995,17:21:36,timeslice,1,0.0,0,0,0.0
1785432096.995,17:21:36,timeslice,2,0.0,0,0,0.0
1785432096.995,17:21:36,timeslice,3,0.0,0,0,0.0
1785432096.995,17:21:36,timeslice,4,0.0,0,0,0.0
1785432096.995,17:21:36,timeslice,5,0.0,0,0,0.0
1785432096.995,17:21:36,timeslice,6,0.0,0,0,0.0
1785432096.995,17:21:36,timeslice,7,0.0,0,0,0.0
1785432097.995,17:21:37,timeslice,0,0.0,0,0,0.0
1785432097.995,17:21:37,timeslice,1,0.0,0,0,0.0
1785432097.995,17:21:37,timeslice,2,0.0,0,0,0.0
1785432097.995,17:21:37,timeslice,3,0.0,0,0,0.0
1785432097.995,17:21:37,timeslice,4,0.0,0,0,0.0
1785432097.995,17:21:37,timeslice,5,0.0,0,0,0.0
1785432097.995,17:21:37,timeslice,6,0.0,0,0,0.0
1785432097.995,17:21:37,timeslice,7,0.0,0,0,0.0
1785432098.995,17:21:38,timeslice,0,0.0,0,0,0.0
1785432098.995,17:21:38,timeslice,1,0.0,0,0,0.0
1785432098.995,17:21:38,timeslice,2,0.0,0,0,0.0
1785432098.995,17:21:38,timeslice,3,0.0,0,0,0.0
1785432098.995,17:21:38,timeslice,4,0.0,0,0,0.0
1785432098.995,17:21:38,timeslice,5,0.0,0,0,0.0
1785432098.995,17:21:38,timeslice,6,0.0,0,0,0.0
1785432098.995,17:21:38,timeslice,7,0.0,0,0,0.0
1785432099.995,17:21:39,timeslice,0,0.0,0,0,0.0
1785432099.995,17:21:39,timeslice,1,0.0,0,0,0.0
1785432099.995,17:21:39,timeslice,2,0.0,0,0,0.0
1785432099.995,17:21:39,timeslice,3,0.0,0,0,0.0
1785432099.995,17:21:39,timeslice,4,0.0,0,0,0.0
1785432099.995,17:21:39,timeslice,5,0.0,0,0,0.0
1785432099.995,17:21:39,timeslice,6,0.0,0,0,0.0
1785432099.995,17:21:39,timeslice,7,0.0,0,0,0.0
1785432100.996,17:21:40,timeslice,0,0.0,0,0,0.0
1785432100.996,17:21:40,timeslice,1,0.0,0,0,0.0
1785432100.996,17:21:40,timeslice,2,0.0,0,0,0.0
1785432100.996,17:21:40,timeslice,3,0.0,0,0,0.0
1785432100.996,17:21:40,timeslice,4,0.0,0,0,0.0
1785432100.996,17:21:40,timeslice,5,0.0,0,0,0.0
1785432100.996,17:21:40,timeslice,6,0.0,0,0,0.0
1785432100.996,17:21:40,timeslice,7,0.0,0,0,0.0
1785432101.996,17:21:41,timeslice,0,0.0,0,0,0.0
1785432101.996,17:21:41,timeslice,1,0.0,0,0,0.0
1785432101.996,17:21:41,timeslice,2,0.0,0,0,0.0
1785432101.996,17:21:41,timeslice,3,0.0,0,0,0.0
1785432101.996,17:21:41,timeslice,4,0.0,0,0,0.0
1785432101.996,17:21:41,timeslice,5,0.0,0,0,0.0
1785432101.996,17:21:41,timeslice,6,0.0,0,0,0.0
1785432101.996,17:21:41,timeslice,7,0.0,0,0,0.0
1785432102.996,17:21:42,timeslice,0,0.0,0,0,0.0
1785432102.996,17:21:42,timeslice,1,0.0,0,0,0.0
1785432102.996,17:21:42,timeslice,2,0.0,0,0,0.0
1785432102.996,17:21:42,timeslice,3,0.0,0,0,0.0
1785432102.996,17:21:42,timeslice,4,0.0,0,0,0.0
1785432102.996,17:21:42,timeslice,5,0.0,0,0,0.0
1785432102.996,17:21:42,timeslice,6,0.0,0,0,0.0
1785432102.996,17:21:42,timeslice,7,0.0,0,0,0.0
1785432103.996,17:21:43,timeslice,0,0.0,0,0,0.0
1785432103.996,17:21:43,timeslice,1,0.0,0,0,0.0
1785432103.996,17:21:43,timeslice,2,0.0,0,0,0.0
1785432103.996,17:21:43,timeslice,3,0.0,0,0,0.0
1785432103.996,17:21:43,timeslice,4,0.0,0,0,0.0
1785432103.996,17:21:43,timeslice,5,0.0,0,0,0.0
1785432103.996,17:21:43,timeslice,6,0.0,0,0,0.0
1785432103.996,17:21:43,timeslice,7,0.0,0,0,0.0
1785432104.996,17:21:44,timeslice,0,0.0,0,0,0.0
1785432104.996,17:21:44,timeslice,1,0.0,0,0,0.0
1785432104.996,17:21:44,timeslice,2,0.0,0,0,0.0
1785432104.996,17:21:44,timeslice,3,0.0,0,0,0.0
1785432104.996,17:21:44,timeslice,4,0.0,0,0,0.0
1785432104.996,17:21:44,timeslice,5,0.0,0,0,0.0
1785432104.996,17:21:44,timeslice,6,0.0,0,0,0.0
1785432104.996,17:21:44,timeslice,7,0.0,0,0,0.0
1785432105.996,17:21:45,timeslice,0,0.0,0,0,0.0
1785432105.996,17:21:45,timeslice,1,0.0,0,0,0.0
1785432105.996,17:21:45,timeslice,2,0.0,0,0,0.0
1785432105.996,17:21:45,timeslice,3,0.0,0,0,0.0
1785432105.996,17:21:45,timeslice,4,0.0,0,0,0.0
1785432105.996,17:21:45,timeslice,5,0.0,0,0,0.0
1785432105.996,17:21:45,timeslice,6,0.0,0,0,0.0
1785432105.996,17:21:45,timeslice,7,0.0,0,0,0.0
1785432106.996,17:21:46,timeslice,0,0.0,0,0,0.0
1785432106.996,17:21:46,timeslice,1,0.0,0,0,0.0
1785432106.996,17:21:46,timeslice,2,0.0,0,0,0.0
1785432106.996,17:21:46,timeslice,3,0.0,0,0,0.0
1785432106.996,17:21:46,timeslice,4,0.0,0,0,0.0
1785432106.996,17:21:46,timeslice,5,0.0,0,0,0.0
1785432106.996,17:21:46,timeslice,6,0.0,0,0,0.0
1785432106.996,17:21:46,timeslice,7,0.0,0,0,0.0
1785432107.997,17:21:47,timeslice,0,0.0,0,0,0.0
1785432107.997,17:21:47,timeslice,1,0.0,0,0,0.0
1785432107.997,17:21:47,timeslice,2,0.0,0,0,0.0
1785432107.997,17:21:47,timeslice,3,0.0,0,0,0.0
1785432107.997,17:21:47,timeslice,4,0.0,0,0,0.0
1785432107.997,17:21:47,timeslice,5,0.0,0,0,0.0
1785432107.997,17:21:47,timeslice,6,0.0,0,0,0.0
1785432107.997,17:21:47,timeslice,7,0.0,0,0,0.0
1785432108.997,17:21:48,timeslice,0,0.0,0,0,0.0
1785432108.997,17:21:48,timeslice,1,0.0,0,0,0.0
1785432108.997,17:21:48,timeslice,2,0.0,0,0,0.0
1785432108.997,17:21:48,timeslice,3,0.0,0,0,0.0
1785432108.997,17:21:48,timeslice,4,0.0,0,0,0.0
1785432108.997,17:21:48,timeslice,5,0.0,0,0,0.0
1785432108.997,17:21:48,timeslice,6,0.0,0,0,0.0
1785432108.997,17:21:48,timeslice,7,0.0,0,0,0.0
1785432109.997,17:21:49,timeslice,0,0.0,0,0,0.0
1785432109.997,17:21:49,timeslice,1,0.0,0,0,0.0
1785432109.997,17:21:49,timeslice,2,0.0,0,0,0.0
1785432109.997,17:21:49,timeslice,3,0.0,0,0,0.0
1785432109.997,17:21:49,timeslice,4,0.0,0,0,0.0
1785432109.997,17:21:49,timeslice,5,0.0,0,0,0.0
1785432109.997,17:21:49,timeslice,6,0.0,0,0,0.0
1785432109.997,17:21:49,timeslice,7,0.0,0,0,0.0
1785432110.997,17:21:50,timeslice,0,0.0,0,0,0.0
1785432110.997,17:21:50,timeslice,1,0.0,0,0,0.0
1785432110.997,17:21:50,timeslice,2,0.0,0,0,0.0
1785432110.997,17:21:50,timeslice,3,0.0,0,0,0.0
1785432110.997,17:21:50,timeslice,4,0.0,0,0,0.0
1785432110.997,17:21:50,timeslice,5,0.0,0,0,0.0
1785432110.997,17:21:50,timeslice,6,0.0,0,0,0.0
1785432110.997,17:21:50,timeslice,7,0.0,0,0,0.0
1785432111.997,17:21:51,timeslice,0,0.0,0,0,0.0
1785432111.997,17:21:51,timeslice,1,0.0,0,0,0.0
1785432111.997,17:21:51,timeslice,2,0.0,0,0,0.0
1785432111.997,17:21:51,timeslice,3,0.0,0,0,0.0
1785432111.997,17:21:51,timeslice,4,0.0,0,0,0.0
1785432111.997,17:21:51,timeslice,5,0.0,0,0,0.0
1785432111.997,17:21:51,timeslice,6,0.0,0,0,0.0
1785432111.997,17:21:51,timeslice,7,0.0,0,0,0.0
1785432112.997,17:21:52,timeslice,0,0.0,0,0,0.0
1785432112.997,17:21:52,timeslice,1,0.0,0,0,0.0
1785432112.997,17:21:52,timeslice,2,0.0,0,0,0.0
1785432112.997,17:21:52,timeslice,3,0.0,0,0,0.0
1785432112.997,17:21:52,timeslice,4,0.0,0,0,0.0
1785432112.997,17:21:52,timeslice,5,0.0,0,0,0.0
1785432112.997,17:21:52,timeslice,6,0.0,0,0,0.0
1785432112.997,17:21:52,timeslice,7,0.0,0,0,0.0
1785432113.997,17:21:53,timeslice,0,0.0,0,0,0.0
1785432113.997,17:21:53,timeslice,1,0.0,0,0,0.0
1785432113.997,17:21:53,timeslice,2,0.0,0,0,0.0
1785432113.997,17:21:53,timeslice,3,0.0,0,0,0.0
1785432113.997,17:21:53,timeslice,4,0.0,0,0,0.0
1785432113.997,17:21:53,timeslice,5,0.0,0,0,0.0
1785432113.997,17:21:53,timeslice,6,0.0,0,0,0.0
1785432113.997,17:21:53,timeslice,7,0.0,0,0,0.0
1785432114.998,17:21:54,timeslice,0,0.0,0,0,0.0
1785432114.998,17:21:54,timeslice,1,0.0,0,0,0.0
1785432114.998,17:21:54,timeslice,2,0.0,0,0,0.0
1785432114.998,17:21:54,timeslice,3,0.0,0,0,0.0
1785432114.998,17:21:54,timeslice,4,0.0,0,0,0.0
1785432114.998,17:21:54,timeslice,5,0.0,0,0,0.0
1785432114.998,17:21:54,timeslice,6,0.0,0,0,0.0
1785432114.998,17:21:54,timeslice,7,0.0,0,0,0.0
1785432115.998,17:21:55,timeslice,0,0.0,0,0,0.0
1785432115.998,17:21:55,timeslice,1,0.0,0,0,0.0
1785432115.998,17:21:55,timeslice,2,0.0,0,0,0.0
1785432115.998,17:21:55,timeslice,3,0.0,0,0,0.0
1785432115.998,17:21:55,timeslice,4,0.0,0,0,0.0
1785432115.998,17:21:55,timeslice,5,0.0,0,0,0.0
1785432115.998,17:21:55,timeslice,6,0.0,0,0,0.0
1785432115.998,17:21:55,timeslice,7,0.0,0,0,0.0
1785432116.998,17:21:56,timeslice,0,0.0,0,0,0.0
1785432116.998,17:21:56,timeslice,1,0.0,0,0,0.0
1785432116.998,17:21:56,timeslice,2,0.0,0,0,0.0
1785432116.998,17:21:56,timeslice,3,0.0,0,0,0.0
1785432116.998,17:21:56,timeslice,4,0.0,0,0,0.0
1785432116.998,17:21:56,timeslice,5,0.0,0,0,0.0
1785432116.998,17:21:56,timeslice,6,0.0,0,0,0.0
1785432116.998,17:21:56,timeslice,7,0.0,0,0,0.0
1785432117.998,17:21:57,timeslice,0,0.0,0,0,0.0
1785432117.998,17:21:57,timeslice,1,0.0,0,0,0.0
1785432117.998,17:21:57,timeslice,2,0.0,0,0,0.0
1785432117.998,17:21:57,timeslice,3,0.0,0,0,0.0
1785432117.998,17:21:57,timeslice,4,0.0,0,0,0.0
1785432117.998,17:21:57,timeslice,5,0.0,0,0,0.0
1785432117.998,17:21:57,timeslice,6,0.0,0,0,0.0
1785432117.998,17:21:57,timeslice,7,0.0,0,0,0.0
1785432118.998,17:21:58,timeslice,0,0.0,0,0,0.0
1785432118.998,17:21:58,timeslice,1,0.0,0,0,0.0
1785432118.998,17:21:58,timeslice,2,0.0,0,0,0.0
1785432118.998,17:21:58,timeslice,3,0.0,0,0,0.0
1785432118.998,17:21:58,timeslice,4,0.0,0,0,0.0
1785432118.998,17:21:58,timeslice,5,0.0,0,0,0.0
1785432118.998,17:21:58,timeslice,6,0.0,0,0,0.0
1785432118.998,17:21:58,timeslice,7,0.0,0,0,0.0
1785432119.998,17:21:59,timeslice,0,0.0,0,0,0.0
1785432119.998,17:21:59,timeslice,1,0.0,0,0,0.0
1785432119.998,17:21:59,timeslice,2,0.0,0,0,0.0
1785432119.998,17:21:59,timeslice,3,0.0,0,0,0.0
1785432119.998,17:21:59,timeslice,4,0.0,0,0,0.0
1785432119.998,17:21:59,timeslice,5,0.0,0,0,0.0
1785432119.998,17:21:59,timeslice,6,0.0,0,0,0.0
1785432119.998,17:21:59,timeslice,7,0.0,0,0,0.0
1785432120.998,17:22:00,timeslice,0,0.0,0,0,0.0
1785432120.998,17:22:00,timeslice,1,0.0,0,0,0.0
1785432120.998,17:22:00,timeslice,2,0.0,0,0,0.0
1785432120.998,17:22:00,timeslice,3,0.0,0,0,0.0
1785432120.998,17:22:00,timeslice,4,0.0,0,0,0.0
1785432120.998,17:22:00,timeslice,5,0.0,0,0,0.0
1785432120.998,17:22:00,timeslice,6,0.0,0,0,0.0
1785432120.998,17:22:00,timeslice,7,0.0,0,0,0.0
1785432121.998,17:22:01,timeslice,0,0.0,0,0,0.0
1785432121.998,17:22:01,timeslice,1,0.0,0,0,0.0
1785432121.998,17:22:01,timeslice,2,0.0,0,0,0.0
1785432121.998,17:22:01,timeslice,3,0.0,0,0,0.0
1785432121.998,17:22:01,timeslice,4,0.0,0,0,0.0
1785432121.998,17:22:01,timeslice,5,0.0,0,0,0.0
1785432121.998,17:22:01,timeslice,6,0.0,0,0,0.0
1785432121.998,17:22:01,timeslice,7,0.0,0,0,0.0
1785432123.074,17:22:03,timeslice,0,0.0,0,0,0.0
1785432123.074,17:22:03,timeslice,1,0.0,0,0,0.0
1785432123.074,17:22:03,timeslice,2,0.0,0,0,0.0
1785432123.074,17:22:03,timeslice,3,0.0,0,0,0.0
1785432123.074,17:22:03,timeslice,4,0.0,0,0,0.0
1785432123.074,17:22:03,timeslice,5,0.0,0,0,0.0
1785432123.074,17:22:03,timeslice,6,0.0,0,0,0.0
1785432123.074,17:22:03,timeslice,7,0.0,0,0,0.0
1785432124.074,17:22:04,timeslice,0,0.0,0,0,0.0
1785432124.074,17:22:04,timeslice,1,0.0,0,0,0.0
1785432124.074,17:22:04,timeslice,2,0.0,0,0,0.0
1785432124.074,17:22:04,timeslice,3,0.0,0,0,0.0
1785432124.074,17:22:04,timeslice,4,0.0,0,0,0.0
1785432124.074,17:22:04,timeslice,5,0.0,0,0,0.0
1785432124.074,17:22:04,timeslice,6,0.0,0,0,0.0
1785432124.074,17:22:04,timeslice,7,0.0,0,0,0.0
1785432125.074,17:22:05,timeslice,0,0.0,0,0,0.0
1785432125.074,17:22:05,timeslice,1,0.0,0,0,0.0
1785432125.074,17:22:05,timeslice,2,0.0,0,0,0.0
1785432125.074,17:22:05,timeslice,3,0.0,0,0,0.0
1785432125.074,17:22:05,timeslice,4,0.0,0,0,0.0
1785432125.074,17:22:05,timeslice,5,0.0,0,0,0.0
1785432125.074,17:22:05,timeslice,6,0.0,0,0,0.0
1785432125.074,17:22:05,timeslice,7,0.0,0,0,0.0
1785432126.075,17:22:06,timeslice,0,0.0,0,0,0.0
1785432126.075,17:22:06,timeslice,1,0.0,0,0,0.0
1785432126.075,17:22:06,timeslice,2,0.0,0,0,0.0
1785432126.075,17:22:06,timeslice,3,0.0,0,0,0.0
1785432126.075,17:22:06,timeslice,4,0.0,0,0,0.0
1785432126.075,17:22:06,timeslice,5,0.0,0,0,0.0
1785432126.075,17:22:06,timeslice,6,0.0,0,0,0.0
1785432126.075,17:22:06,timeslice,7,0.0,0,0,0.0
1785432127.075,17:22:07,timeslice,0,0.0,0,0,0.0
1785432127.075,17:22:07,timeslice,1,0.0,0,0,0.0
1785432127.075,17:22:07,timeslice,2,0.0,0,0,0.0
1785432127.075,17:22:07,timeslice,3,0.0,0,0,0.0
1785432127.075,17:22:07,timeslice,4,0.0,0,0,0.0
1785432127.075,17:22:07,timeslice,5,0.0,0,0,0.0
1785432127.075,17:22:07,timeslice,6,0.0,0,0,0.0
1785432127.075,17:22:07,timeslice,7,0.0,0,0,0.0
1785432128.075,17:22:08,timeslice,0,0.0,0,0,0.0
1785432128.075,17:22:08,timeslice,1,0.0,0,0,0.0
1785432128.075,17:22:08,timeslice,2,0.0,0,0,0.0
1785432128.075,17:22:08,timeslice,3,0.0,0,0,0.0
1785432128.075,17:22:08,timeslice,4,0.0,0,0,0.0
1785432128.075,17:22:08,timeslice,5,0.0,0,0,0.0
1785432128.075,17:22:08,timeslice,6,0.0,0,0,0.0
1785432128.075,17:22:08,timeslice,7,0.0,0,0,0.0
1785432129.075,17:22:09,timeslice,0,0.0,0,0,0.0
1785432129.075,17:22:09,timeslice,1,0.0,0,0,0.0
1785432129.075,17:22:09,timeslice,2,0.0,0,0,0.0
1785432129.075,17:22:09,timeslice,3,0.0,0,0,0.0
1785432129.075,17:22:09,timeslice,4,0.0,0,0,0.0
1785432129.075,17:22:09,timeslice,5,0.0,0,0,0.0
1785432129.075,17:22:09,timeslice,6,0.0,0,0,0.0
1785432129.075,17:22:09,timeslice,7,0.0,0,0,0.0
1785432130.075,17:22:10,timeslice,0,0.0,0,0,0.0
1785432130.075,17:22:10,timeslice,1,0.0,0,0,0.0
1785432130.075,17:22:10,timeslice,2,0.0,0,0,0.0
1785432130.075,17:22:10,timeslice,3,0.0,0,0,0.0
1785432130.075,17:22:10,timeslice,4,0.0,0,0,0.0
1785432130.075,17:22:10,timeslice,5,0.0,0,0,0.0
1785432130.075,17:22:10,timeslice,6,0.0,0,0,0.0
1785432130.075,17:22:10,timeslice,7,0.0,0,0,0.0
1785432131.075,17:22:11,timeslice,0,0.0,0,0,0.0
1785432131.075,17:22:11,timeslice,1,0.0,0,0,0.0
1785432131.075,17:22:11,timeslice,2,0.0,0,0,0.0
1785432131.075,17:22:11,timeslice,3,0.0,0,0,0.0
1785432131.075,17:22:11,timeslice,4,0.0,0,0,0.0
1785432131.075,17:22:11,timeslice,5,0.0,0,0,0.0
1785432131.075,17:22:11,timeslice,6,0.0,0,0,0.0
1785432131.075,17:22:11,timeslice,7,0.0,0,0,0.0
1785432132.075,17:22:12,timeslice,0,0.0,0,0,0.0
1785432132.075,17:22:12,timeslice,1,0.0,0,0,0.0
1785432132.075,17:22:12,timeslice,2,0.0,0,0,0.0
1785432132.075,17:22:12,timeslice,3,0.0,0,0,0.0
1785432132.075,17:22:12,timeslice,4,0.0,0,0,0.0
1785432132.075,17:22:12,timeslice,5,0.0,0,0,0.0
1785432132.075,17:22:12,timeslice,6,0.0,0,0,0.0
1785432132.075,17:22:12,timeslice,7,0.0,0,0,0.0
1785432133.076,17:22:13,timeslice,0,0.0,0,0,0.0
1785432133.076,17:22:13,timeslice,1,0.0,0,0,0.0
1785432133.076,17:22:13,timeslice,2,0.0,0,0,0.0
1785432133.076,17:22:13,timeslice,3,0.0,0,0,0.0
1785432133.076,17:22:13,timeslice,4,0.0,0,0,0.0
1785432133.076,17:22:13,timeslice,5,0.0,0,0,0.0
1785432133.076,17:22:13,timeslice,6,0.0,0,0,0.0
1785432133.076,17:22:13,timeslice,7,0.0,0,0,0.0
1785432134.076,17:22:14,timeslice,0,0.0,0,0,0.0
1785432134.076,17:22:14,timeslice,1,0.0,0,0,0.0
1785432134.076,17:22:14,timeslice,2,0.0,0,0,0.0
1785432134.076,17:22:14,timeslice,3,0.0,0,0,0.0
1785432134.076,17:22:14,timeslice,4,0.0,0,0,0.0
1785432134.076,17:22:14,timeslice,5,0.0,0,0,0.0
1785432134.076,17:22:14,timeslice,6,0.0,0,0,0.0
1785432134.076,17:22:14,timeslice,7,0.0,0,0,0.0
1785432135.076,17:22:15,timeslice,0,0.0,0,0,0.0
1785432135.076,17:22:15,timeslice,1,0.0,0,0,0.0
1785432135.076,17:22:15,timeslice,2,0.0,0,0,0.0
1785432135.076,17:22:15,timeslice,3,0.0,0,0,0.0
1785432135.076,17:22:15,timeslice,4,0.0,0,0,0.0
1785432135.076,17:22:15,timeslice,5,0.0,0,0,0.0
1785432135.076,17:22:15,timeslice,6,0.0,0,0,0.0
1785432135.076,17:22:15,timeslice,7,0.0,0,0,0.0
1785432136.076,17:22:16,timeslice,0,0.0,0,0,0.0
1785432136.076,17:22:16,timeslice,1,0.0,0,0,0.0
1785432136.076,17:22:16,timeslice,2,0.0,0,0,0.0
1785432136.076,17:22:16,timeslice,3,0.0,0,0,0.0
1785432136.076,17:22:16,timeslice,4,0.0,0,0,0.0
1785432136.076,17:22:16,timeslice,5,0.0,0,0,0.0
1785432136.076,17:22:16,timeslice,6,0.0,0,0,0.0
1785432136.076,17:22:16,timeslice,7,0.0,0,0,0.0
1785432137.076,17:22:17,timeslice,0,0.0,0,0,0.0
1785432137.076,17:22:17,timeslice,1,0.0,0,0,0.0
1785432137.076,17:22:17,timeslice,2,0.0,0,0,0.0
1785432137.076,17:22:17,timeslice,3,0.0,0,0,0.0
1785432137.076,17:22:17,timeslice,4,0.0,0,0,0.0
1785432137.076,17:22:17,timeslice,5,0.0,0,0,0.0
1785432137.076,17:22:17,timeslice,6,0.0,0,0,0.0
1785432137.076,17:22:17,timeslice,7,0.0,0,0,0.0
1785432138.076,17:22:18,timeslice,0,0.0,0,0,0.0
1785432138.076,17:22:18,timeslice,1,0.0,0,0,0.0
1785432138.076,17:22:18,timeslice,2,0.0,0,0,0.0
1785432138.076,17:22:18,timeslice,3,0.0,0,0,0.0
1785432138.076,17:22:18,timeslice,4,0.0,0,0,0.0
1785432138.076,17:22:18,timeslice,5,0.0,0,0,0.0
1785432138.076,17:22:18,timeslice,6,0.0,0,0,0.0
1785432138.076,17:22:18,timeslice,7,0.0,0,0,0.0
1785432139.076,17:22:19,timeslice,0,0.0,0,0,0.0
1785432139.076,17:22:19,timeslice,1,0.0,0,0,0.0
1785432139.076,17:22:19,timeslice,2,0.0,0,0,0.0
1785432139.076,17:22:19,timeslice,3,0.0,0,0,0.0
1785432139.076,17:22:19,timeslice,4,0.0,0,0,0.0
1785432139.076,17:22:19,timeslice,5,0.0,0,0,0.0
1785432139.076,17:22:19,timeslice,6,0.0,0,0,0.0
1785432139.076,17:22:19,timeslice,7,0.0,0,0,0.0
1785432140.076,17:22:20,timeslice,0,0.0,0,0,0.0
1785432140.076,17:22:20,timeslice,1,0.0,0,0,0.0
1785432140.076,17:22:20,timeslice,2,0.0,0,0,0.0
1785432140.076,17:22:20,timeslice,3,0.0,0,0,0.0
1785432140.076,17:22:20,timeslice,4,0.0,0,0,0.0
1785432140.076,17:22:20,timeslice,5,0.0,0,0,0.0
1785432140.076,17:22:20,timeslice,6,0.0,0,0,0.0
1785432140.076,17:22:20,timeslice,7,0.0,0,0,0.0
1785432141.077,17:22:21,timeslice,0,0.0,0,0,0.0
1785432141.077,17:22:21,timeslice,1,0.0,0,0,0.0
1785432141.077,17:22:21,timeslice,2,0.0,0,0,0.0
1785432141.077,17:22:21,timeslice,3,0.0,0,0,0.0
1785432141.077,17:22:21,timeslice,4,0.0,0,0,0.0
1785432141.077,17:22:21,timeslice,5,0.0,0,0,0.0
1785432141.077,17:22:21,timeslice,6,0.0,0,0,0.0
1785432141.077,17:22:21,timeslice,7,0.0,0,0,0.0
1785432142.077,17:22:22,timeslice,0,0.0,0,0,0.0
1785432142.077,17:22:22,timeslice,1,0.0,0,0,0.0
1785432142.077,17:22:22,timeslice,2,0.0,0,0,0.0
1785432142.077,17:22:22,timeslice,3,0.0,0,0,0.0
1785432142.077,17:22:22,timeslice,4,0.0,0,0,0.0
1785432142.077,17:22:22,timeslice,5,0.0,0,0,0.0
1785432142.077,17:22:22,timeslice,6,0.0,0,0,0.0
1785432142.077,17:22:22,timeslice,7,0.0,0,0,0.0
1785432143.077,17:22:23,timeslice,0,0.0,0,0,0.0
1785432143.077,17:22:23,timeslice,1,0.0,0,0,0.0
1785432143.077,17:22:23,timeslice,2,0.0,0,0,0.0
1785432143.077,17:22:23,timeslice,3,0.0,0,0,0.0
1785432143.077,17:22:23,timeslice,4,0.0,0,0,0.0
1785432143.077,17:22:23,timeslice,5,0.0,0,0,0.0
1785432143.077,17:22:23,timeslice,6,0.0,0,0,0.0
1785432143.077,17:22:23,timeslice,7,0.0,0,0,0.0
1785432144.077,17:22:24,timeslice,0,0.0,0,0,0.0
1785432144.077,17:22:24,timeslice,1,0.0,0,0,0.0
1785432144.077,17:22:24,timeslice,2,0.0,0,0,0.0
1785432144.077,17:22:24,timeslice,3,0.0,0,0,0.0
1785432144.077,17:22:24,timeslice,4,0.0,0,0,0.0
1785432144.077,17:22:24,timeslice,5,0.0,0,0,0.0
1785432144.077,17:22:24,timeslice,6,0.0,0,0,0.0
1785432144.077,17:22:24,timeslice,7,0.0,0,0,0.0
1785432145.077,17:22:25,timeslice,0,0.0,0,0,0.0
1785432145.077,17:22:25,timeslice,1,0.0,0,0,0.0
1785432145.077,17:22:25,timeslice,2,0.0,0,0,0.0
1785432145.077,17:22:25,timeslice,3,0.0,0,0,0.0
1785432145.077,17:22:25,timeslice,4,0.0,0,0,0.0
1785432145.077,17:22:25,timeslice,5,0.0,0,0,0.0
1785432145.077,17:22:25,timeslice,6,0.0,0,0,0.0
1785432145.077,17:22:25,timeslice,7,0.0,0,0,0.0
1785432146.077,17:22:26,timeslice,0,0.0,0,0,0.0
1785432146.077,17:22:26,timeslice,1,0.0,0,0,0.0
1785432146.077,17:22:26,timeslice,2,0.0,0,0,0.0
1785432146.077,17:22:26,timeslice,3,0.0,0,0,0.0
1785432146.077,17:22:26,timeslice,4,0.0,0,0,0.0
1785432146.077,17:22:26,timeslice,5,0.0,0,0,0.0
1785432146.077,17:22:26,timeslice,6,0.0,0,0,0.0
1785432146.077,17:22:26,timeslice,7,0.0,0,0,0.0
1785432147.077,17:22:27,timeslice,0,0.0,0,0,0.0
1785432147.077,17:22:27,timeslice,1,0.0,0,0,0.0
1785432147.077,17:22:27,timeslice,2,0.0,0,0,0.0
1785432147.077,17:22:27,timeslice,3,0.0,0,0,0.0
1785432147.077,17:22:27,timeslice,4,0.0,0,0,0.0
1785432147.077,17:22:27,timeslice,5,0.0,0,0,0.0
1785432147.077,17:22:27,timeslice,6,0.0,0,0,0.0
1785432147.077,17:22:27,timeslice,7,0.0,0,0,0.0
1785432148.077,17:22:28,timeslice,0,0.0,0,0,0.0
1785432148.077,17:22:28,timeslice,1,0.0,0,0,0.0
1785432148.077,17:22:28,timeslice,2,0.0,0,0,0.0
1785432148.077,17:22:28,timeslice,3,0.0,0,0,0.0
1785432148.077,17:22:28,timeslice,4,0.0,0,0,0.0
1785432148.077,17:22:28,timeslice,5,0.0,0,0,0.0
1785432148.077,17:22:28,timeslice,6,0.0,0,0,0.0
1785432148.077,17:22:28,timeslice,7,0.0,0,0,0.0
1785432149.078,17:22:29,timeslice,0,0.0,0,0,0.0
1785432149.078,17:22:29,timeslice,1,0.0,0,0,0.0
1785432149.078,17:22:29,timeslice,2,0.0,0,0,0.0
1785432149.078,17:22:29,timeslice,3,0.0,0,0,0.0
1785432149.078,17:22:29,timeslice,4,0.0,0,0,0.0
1785432149.078,17:22:29,timeslice,5,0.0,0,0,0.0
1785432149.078,17:22:29,timeslice,6,0.0,0,0,0.0
1785432149.078,17:22:29,timeslice,7,0.0,0,0,0.0
1785432150.078,17:22:30,timeslice,0,0.0,0,0,0.0
1785432150.078,17:22:30,timeslice,1,0.0,0,0,0.0
1785432150.078,17:22:30,timeslice,2,0.0,0,0,0.0
1785432150.078,17:22:30,timeslice,3,0.0,0,0,0.0
1785432150.078,17:22:30,timeslice,4,0.0,0,0,0.0
1785432150.078,17:22:30,timeslice,5,0.0,0,0,0.0
1785432150.078,17:22:30,timeslice,6,0.0,0,0,0.0
1785432150.078,17:22:30,timeslice,7,0.0,0,0,0.0
1785432151.078,17:22:31,timeslice,0,0.0,0,0,0.0
1785432151.078,17:22:31,timeslice,1,0.0,0,0,0.0
1785432151.078,17:22:31,timeslice,2,0.0,0,0,0.0
1785432151.078,17:22:31,timeslice,3,0.0,0,0,0.0
1785432151.078,17:22:31,timeslice,4,0.0,0,0,0.0
1785432151.078,17:22:31,timeslice,5,0.0,0,0,0.0
1785432151.078,17:22:31,timeslice,6,0.0,0,0,0.0
1785432151.078,17:22:31,timeslice,7,0.0,0,0,0.0
1785432152.078,17:22:32,timeslice,0,0.0,0,0,0.0
1785432152.078,17:22:32,timeslice,1,0.0,0,0,0.0
1785432152.078,17:22:32,timeslice,2,0.0,0,0,0.0
1785432152.078,17:22:32,timeslice,3,0.0,0,0,0.0
1785432152.078,17:22:32,timeslice,4,0.0,0,0,0.0
1785432152.078,17:22:32,timeslice,5,0.0,0,0,0.0
1785432152.078,17:22:32,timeslice,6,0.0,0,0,0.0
1785432152.078,17:22:32,timeslice,7,0.0,0,0,0.0
1785432153.078,17:22:33,timeslice,0,0.0,0,0,0.0
1785432153.078,17:22:33,timeslice,1,0.0,0,0,0.0
1785432153.078,17:22:33,timeslice,2,0.0,0,0,0.0
1785432153.078,17:22:33,timeslice,3,0.0,0,0,0.0
1785432153.078,17:22:33,timeslice,4,0.0,0,0,0.0
1785432153.078,17:22:33,timeslice,5,0.0,0,0,0.0
1785432153.078,17:22:33,timeslice,6,0.0,0,0,0.0
1785432153.078,17:22:33,timeslice,7,0.0,0,0,0.0
1785432154.078,17:22:34,timeslice,0,0.0,0,0,0.0
1785432154.078,17:22:34,timeslice,1,0.0,0,0,0.0
1785432154.078,17:22:34,timeslice,2,0.0,0,0,0.0
1785432154.078,17:22:34,timeslice,3,0.0,0,0,0.0
1785432154.078,17:22:34,timeslice,4,0.0,0,0,0.0
1785432154.078,17:22:34,timeslice,5,0.0,0,0,0.0
1785432154.078,17:22:34,timeslice,6,0.0,0,0,0.0
1785432154.078,17:22:34,timeslice,7,0.0,0,0,0.0
1785432155.078,17:22:35,timeslice,0,0.0,0,0,0.0
1785432155.078,17:22:35,timeslice,1,0.0,0,0,0.0
1785432155.078,17:22:35,timeslice,2,0.0,0,0,0.0
1785432155.078,17:22:35,timeslice,3,0.0,0,0,0.0
1785432155.078,17:22:35,timeslice,4,0.0,0,0,0.0
1785432155.078,17:22:35,timeslice,5,0.0,0,0,0.0
1785432155.078,17:22:35,timeslice,6,0.0,0,0,0.0
1785432155.078,17:22:35,timeslice,7,0.0,0,0,0.0
1785432156.078,17:22:36,timeslice,0,0.0,0,0,0.0
1785432156.078,17:22:36,timeslice,1,0.0,0,0,0.0
1785432156.078,17:22:36,timeslice,2,0.0,0,0,0.0
1785432156.078,17:22:36,timeslice,3,0.0,0,0,0.0
1785432156.078,17:22:36,timeslice,4,0.0,0,0,0.0
1785432156.078,17:22:36,timeslice,5,0.0,0,0,0.0
1785432156.078,17:22:36,timeslice,6,0.0,0,0,0.0
1785432156.078,17:22:36,timeslice,7,0.0,0,0,0.0
1785432157.079,17:22:37,timeslice,0,0.0,0,0,0.0
1785432157.079,17:22:37,timeslice,1,0.0,0,0,0.0
1785432157.079,17:22:37,timeslice,2,0.0,0,0,0.0
1785432157.079,17:22:37,timeslice,3,0.0,0,0,0.0
1785432157.079,17:22:37,timeslice,4,0.0,0,0,0.0
1785432157.079,17:22:37,timeslice,5,0.0,0,0,0.0
1785432157.079,17:22:37,timeslice,6,0.0,0,0,0.0
1785432157.079,17:22:37,timeslice,7,0.0,0,0,0.0
1785432158.079,17:22:38,timeslice,0,0.0,0,0,0.0
1785432158.079,17:22:38,timeslice,1,0.0,0,0,0.0
1785432158.079,17:22:38,timeslice,2,0.0,0,0,0.0
1785432158.079,17:22:38,timeslice,3,0.0,0,0,0.0
1785432158.079,17:22:38,timeslice,4,0.0,0,0,0.0
1785432158.079,17:22:38,timeslice,5,0.0,0,0,0.0
1785432158.079,17:22:38,timeslice,6,0.0,0,0,0.0
1785432158.079,17:22:38,timeslice,7,0.0,0,0,0.0
1785432159.079,17:22:39,timeslice,0,0.0,0,0,0.0
1785432159.079,17:22:39,timeslice,1,0.0,0,0,0.0
1785432159.079,17:22:39,timeslice,2,0.0,0,0,0.0
1785432159.079,17:22:39,timeslice,3,0.0,0,0,0.0
1785432159.079,17:22:39,timeslice,4,0.0,0,0,0.0
1785432159.079,17:22:39,timeslice,5,0.0,0,0,0.0
1785432159.079,17:22:39,timeslice,6,0.0,0,0,0.0
1785432159.079,17:22:39,timeslice,7,0.0,0,0,0.0
1785432160.079,17:22:40,timeslice,0,0.0,0,0,0.0
1785432160.079,17:22:40,timeslice,1,0.0,0,0,0.0
1785432160.079,17:22:40,timeslice,2,0.0,0,0,0.0
1785432160.079,17:22:40,timeslice,3,0.0,0,0,0.0
1785432160.079,17:22:40,timeslice,4,0.0,0,0,0.0
1785432160.079,17:22:40,timeslice,5,0.0,0,0,0.0
1785432160.079,17:22:40,timeslice,6,0.0,0,0,0.0
1785432160.079,17:22:40,timeslice,7,0.0,0,0,0.0
1785432161.079,17:22:41,timeslice,0,0.0,0,0,0.0
1785432161.079,17:22:41,timeslice,1,0.0,0,0,0.0
1785432161.079,17:22:41,timeslice,2,0.0,0,0,0.0
1785432161.079,17:22:41,timeslice,3,0.0,0,0,0.0
1785432161.079,17:22:41,timeslice,4,0.0,0,0,0.0
1785432161.079,17:22:41,timeslice,5,0.0,0,0,0.0
1785432161.079,17:22:41,timeslice,6,0.0,0,0,0.0
1785432161.079,17:22:41,timeslice,7,0.0,0,0,0.0
1785432162.079,17:22:42,timeslice,0,0.0,0,0,0.0
1785432162.079,17:22:42,timeslice,1,0.0,0,0,0.0
1785432162.079,17:22:42,timeslice,2,0.0,0,0,0.0
1785432162.079,17:22:42,timeslice,3,0.0,0,0,0.0
1785432162.079,17:22:42,timeslice,4,0.0,0,0,0.0
1785432162.079,17:22:42,timeslice,5,0.0,0,0,0.0
1785432162.079,17:22:42,timeslice,6,0.0,0,0,0.0
1785432162.079,17:22:42,timeslice,7,0.0,0,0,0.0
1785432163.079,17:22:43,timeslice,0,0.0,0,0,0.0
1785432163.079,17:22:43,timeslice,1,0.0,0,0,0.0
1785432163.079,17:22:43,timeslice,2,0.0,0,0,0.0
1785432163.079,17:22:43,timeslice,3,0.0,0,0,0.0
1785432163.079,17:22:43,timeslice,4,0.0,0,0,0.0
1785432163.079,17:22:43,timeslice,5,0.0,0,0,0.0
1785432163.079,17:22:43,timeslice,6,0.0,0,0,0.0
1785432163.079,17:22:43,timeslice,7,0.0,0,0,0.0
1785432164.079,17:22:44,timeslice,0,0.0,0,0,0.0
1785432164.079,17:22:44,timeslice,1,0.0,0,0,0.0
1785432164.079,17:22:44,timeslice,2,0.0,0,0,0.0
1785432164.079,17:22:44,timeslice,3,0.0,0,0,0.0
1785432164.079,17:22:44,timeslice,4,0.0,0,0,0.0
1785432164.079,17:22:44,timeslice,5,0.0,0,0,0.0
1785432164.079,17:22:44,timeslice,6,0.0,0,0,0.0
1785432164.079,17:22:44,timeslice,7,0.0,0,0,0.0
1785432165.08,17:22:45,timeslice,0,0.0,0,0,0.0
1785432165.08,17:22:45,timeslice,1,0.0,0,0,0.0
1785432165.08,17:22:45,timeslice,2,0.0,0,0,0.0
1785432165.08,17:22:45,timeslice,3,0.0,0,0,0.0
1785432165.08,17:22:45,timeslice,4,0.0,0,0,0.0
1785432165.08,17:22:45,timeslice,5,0.0,0,0,0.0
1785432165.08,17:22:45,timeslice,6,0.0,0,0,0.0
1785432165.08,17:22:45,timeslice,7,0.0,0,0,0.0
1785432166.08,17:22:46,timeslice,0,0.0,0,0,0.0
1785432166.08,17:22:46,timeslice,1,0.0,0,0,0.0
1785432166.08,17:22:46,timeslice,2,0.0,0,0,0.0
1785432166.08,17:22:46,timeslice,3,0.0,0,0,0.0
1785432166.08,17:22:46,timeslice,4,0.0,0,0,0.0
1785432166.08,17:22:46,timeslice,5,0.0,0,0,0.0
1785432166.08,17:22:46,timeslice,6,0.0,0,0,0.0
1785432166.08,17:22:46,timeslice,7,0.0,0,0,0.0
1785432167.08,17:22:47,timeslice,0,0.0,0,0,0.0
1785432167.08,17:22:47,timeslice,1,0.0,0,0,0.0
1785432167.08,17:22:47,timeslice,2,0.0,0,0,0.0
1785432167.08,17:22:47,timeslice,3,0.0,0,0,0.0
1785432167.08,17:22:47,timeslice,4,0.0,0,0,0.0
1785432167.08,17:22:47,timeslice,5,0.0,0,0,0.0
1785432167.08,17:22:47,timeslice,6,0.0,0,0,0.0
1785432167.08,17:22:47,timeslice,7,0.0,0,0,0.0
1785432168.08,17:22:48,timeslice,0,0.0,0,0,0.0
1785432168.08,17:22:48,timeslice,1,0.0,0,0,0.0
1785432168.08,17:22:48,timeslice,2,0.0,0,0,0.0
1785432168.08,17:22:48,timeslice,3,0.0,0,0,0.0
1785432168.08,17:22:48,timeslice,4,0.0,0,0,0.0
1785432168.08,17:22:48,timeslice,5,0.0,0,0,0.0
1785432168.08,17:22:48,timeslice,6,0.0,0,0,0.0
1785432168.08,17:22:48,timeslice,7,0.0,0,0,0.0
1785432169.08,17:22:49,timeslice,0,0.0,0,0,0.0
1785432169.08,17:22:49,timeslice,1,0.0,0,0,0.0
1785432169.08,17:22:49,timeslice,2,0.0,0,0,0.0
1785432169.08,17:22:49,timeslice,3,0.0,0,0,0.0
1785432169.08,17:22:49,timeslice,4,0.0,0,0,0.0
1785432169.08,17:22:49,timeslice,5,0.0,0,0,0.0
1785432169.08,17:22:49,timeslice,6,0.0,0,0,0.0
1785432169.08,17:22:49,timeslice,7,0.0,0,0,0.0
1785432170.08,17:22:50,timeslice,0,0.0,0,0,0.0
1785432170.08,17:22:50,timeslice,1,0.0,0,0,0.0
1785432170.08,17:22:50,timeslice,2,0.0,0,0,0.0
1785432170.08,17:22:50,timeslice,3,0.0,0,0,0.0
1785432170.08,17:22:50,timeslice,4,0.0,0,0,0.0
1785432170.08,17:22:50,timeslice,5,0.0,0,0,0.0
1785432170.08,17:22:50,timeslice,6,0.0,0,0,0.0
1785432170.08,17:22:50,timeslice,7,0.0,0,0,0.0
1785432171.08,17:22:51,timeslice,0,0.0,0,0,0.0
1785432171.08,17:22:51,timeslice,1,0.0,0,0,0.0
1785432171.08,17:22:51,timeslice,2,0.0,0,0,0.0
1785432171.08,17:22:51,timeslice,3,0.0,0,0,0.0
1785432171.08,17:22:51,timeslice,4,0.0,0,0,0.0
1785432171.08,17:22:51,timeslice,5,0.0,0,0,0.0
1785432171.08,17:22:51,timeslice,6,0.0,0,0,0.0
1785432171.08,17:22:51,timeslice,7,0.0,0,0,0.0
1785432172.081,17:22:52,timeslice,0,0.0,0,0,0.0
1785432172.081,17:22:52,timeslice,1,0.0,0,0,0.0
1785432172.081,17:22:52,timeslice,2,0.0,0,0,0.0
1785432172.081,17:22:52,timeslice,3,0.0,0,0,0.0
1785432172.081,17:22:52,timeslice,4,0.0,0,0,0.0
1785432172.081,17:22:52,timeslice,5,0.0,0,0,0.0
1785432172.081,17:22:52,timeslice,6,0.0,0,0,0.0
1785432172.081,17:22:52,timeslice,7,0.0,0,0,0.0
1785432173.081,17:22:53,timeslice,0,0.0,0,0,0.0
1785432173.081,17:22:53,timeslice,1,0.0,0,0,0.0
1785432173.081,17:22:53,timeslice,2,0.0,0,0,0.0
1785432173.081,17:22:53,timeslice,3,0.0,0,0,0.0
1785432173.081,17:22:53,timeslice,4,0.0,0,0,0.0
1785432173.081,17:22:53,timeslice,5,0.0,0,0,0.0
1785432173.081,17:22:53,timeslice,6,0.0,0,0,0.0
1785432173.081,17:22:53,timeslice,7,0.0,0,0,0.0
1785432174.081,17:22:54,timeslice,0,0.0,0,0,0.0
1785432174.081,17:22:54,timeslice,1,0.0,0,0,0.0
1785432174.081,17:22:54,timeslice,2,0.0,0,0,0.0
1785432174.081,17:22:54,timeslice,3,0.0,0,0,0.0
1785432174.081,17:22:54,timeslice,4,0.0,0,0,0.0
1785432174.081,17:22:54,timeslice,5,0.0,0,0,0.0
1785432174.081,17:22:54,timeslice,6,0.0,0,0,0.0
1785432174.081,17:22:54,timeslice,7,0.0,0,0,0.0
1785432175.081,17:22:55,timeslice,0,0.0,0,0,0.0
1785432175.081,17:22:55,timeslice,1,0.0,0,0,0.0
1785432175.081,17:22:55,timeslice,2,0.0,0,0,0.0
1785432175.081,17:22:55,timeslice,3,0.0,0,0,0.0
1785432175.081,17:22:55,timeslice,4,0.0,0,0,0.0
1785432175.081,17:22:55,timeslice,5,0.0,0,0,0.0
1785432175.081,17:22:55,timeslice,6,0.0,0,0,0.0
1785432175.081,17:22:55,timeslice,7,0.0,0,0,0.0
1785432176.081,17:22:56,timeslice,0,0.0,0,0,0.0
1785432176.081,17:22:56,timeslice,1,0.0,0,0,0.0
1785432176.081,17:22:56,timeslice,2,0.0,0,0,0.0
1785432176.081,17:22:56,timeslice,3,0.0,0,0,0.0
1785432176.081,17:22:56,timeslice,4,0.0,0,0,0.0
1785432176.081,17:22:56,timeslice,5,0.0,0,0,0.0
1785432176.081,17:22:56,timeslice,6,0.0,0,0,0.0
1785432176.081,17:22:56,timeslice,7,0.0,0,0,0.0
1785432177.081,17:22:57,timeslice,0,0.0,0,0,0.0
1785432177.081,17:22:57,timeslice,1,0.0,0,0,0.0
1785432177.081,17:22:57,timeslice,2,0.0,0,0,0.0
1785432177.081,17:22:57,timeslice,3,0.0,0,0,0.0
1785432177.081,17:22:57,timeslice,4,0.0,0,0,0.0
1785432177.081,17:22:57,timeslice,5,0.0,0,0,0.0
1785432177.081,17:22:57,timeslice,6,0.0,0,0,0.0
1785432177.081,17:22:57,timeslice,7,0.0,0,0,0.0
1785432178.081,17:22:58,timeslice,0,0.0,0,0,0.0
1785432178.081,17:22:58,timeslice,1,0.0,0,0,0.0
1785432178.081,17:22:58,timeslice,2,0.0,0,0,0.0
1785432178.081,17:22:58,timeslice,3,0.0,0,0,0.0
1785432178.081,17:22:58,timeslice,4,0.0,0,0,0.0
1785432178.081,17:22:58,timeslice,5,0.0,0,0,0.0
1785432178.081,17:22:58,timeslice,6,0.0,0,0,0.0
1785432178.081,17:22:58,timeslice,7,0.0,0,0,0.0
1785432179.081,17:22:59,timeslice,0,0.0,0,0,0.0
1785432179.081,17:22:59,timeslice,1,0.0,0,0,0.0
1785432179.081,17:22:59,timeslice,2,0.0,0,0,0.0
1785432179.081,17:22:59,timeslice,3,0.0,0,0,0.0
1785432179.081,17:22:59,timeslice,4,0.0,0,0,0.0
1785432179.081,17:22:59,timeslice,5,0.0,0,0,0.0
1785432179.081,17:22:59,timeslice,6,0.0,0,0,0.0
1785432179.081,17:22:59,timeslice,7,0.0,0,0,0.0
1785432180.081,17:23:00,timeslice,0,0.0,0,0,0.0
1785432180.081,17:23:00,timeslice,1,0.0,0,0,0.0
1785432180.081,17:23:00,timeslice,2,0.0,0,0,0.0
1785432180.081,17:23:00,timeslice,3,0.0,0,0,0.0
1785432180.081,17:23:00,timeslice,4,0.0,0,0,0.0
1785432180.081,17:23:00,timeslice,5,0.0,0,0,0.0
1785432180.081,17:23:00,timeslice,6,0.0,0,0,0.0
1785432180.081,17:23:00,timeslice,7,0.0,0,0,0.0
1785432181.082,17:23:01,timeslice,0,0.0,0,0,0.0
1785432181.082,17:23:01,timeslice,1,0.0,0,0,0.0
1785432181.082,17:23:01,timeslice,2,0.0,0,0,0.0
1785432181.082,17:23:01,timeslice,3,0.0,0,0,0.0
1785432181.082,17:23:01,timeslice,4,0.0,0,0,0.0
1785432181.082,17:23:01,timeslice,5,0.0,0,0,0.0
1785432181.082,17:23:01,timeslice,6,0.0,0,0,0.0
1785432181.082,17:23:01,timeslice,7,0.0,0,0,0.0
1785432182.082,17:23:02,timeslice,0,0.0,0,0,0.0
1785432182.082,17:23:02,timeslice,1,0.0,0,0,0.0
1785432182.082,17:23:02,timeslice,2,0.0,0,0,0.0
1785432182.082,17:23:02,timeslice,3,0.0,0,0,0.0
1785432182.082,17:23:02,timeslice,4,0.0,0,0,0.0
1785432182.082,17:23:02,timeslice,5,0.0,0,0,0.0
1785432182.082,17:23:02,timeslice,6,0.0,0,0,0.0
1785432182.082,17:23:02,timeslice,7,0.0,0,0,0.0
1785432183.082,17:23:03,timeslice,0,0.0,0,0,0.0
1785432183.082,17:23:03,timeslice,1,0.0,0,0,0.0
1785432183.082,17:23:03,timeslice,2,0.0,0,0,0.0
1785432183.082,17:23:03,timeslice,3,0.0,0,0,0.0
1785432183.082,17:23:03,timeslice,4,0.0,0,0,0.0
1785432183.082,17:23:03,timeslice,5,0.0,0,0,0.0
1785432183.082,17:23:03,timeslice,6,0.0,0,0,0.0
1785432183.082,17:23:03,timeslice,7,0.0,0,0,0.0
1785432184.082,17:23:04,timeslice,0,0.0,0,0,0.0
1785432184.082,17:23:04,timeslice,1,0.0,0,0,0.0
1785432184.082,17:23:04,timeslice,2,0.0,0,0,0.0
1785432184.082,17:23:04,timeslice,3,0.0,0,0,0.0
1785432184.082,17:23:04,timeslice,4,0.0,0,0,0.0
1785432184.082,17:23:04,timeslice,5,0.0,0,0,0.0
1785432184.082,17:23:04,timeslice,6,0.0,0,0,0.0
1785432184.082,17:23:04,timeslice,7,0.0,0,0,0.0
1785432185.082,17:23:05,timeslice,0,0.0,0,0,0.0
1785432185.082,17:23:05,timeslice,1,0.0,0,0,0.0
1785432185.082,17:23:05,timeslice,2,0.0,0,0,0.0
1785432185.082,17:23:05,timeslice,3,0.0,0,0,0.0
1785432185.082,17:23:05,timeslice,4,0.0,0,0,0.0
1785432185.082,17:23:05,timeslice,5,0.0,0,0,0.0
1785432185.082,17:23:05,timeslice,6,0.0,0,0,0.0
1785432185.082,17:23:05,timeslice,7,0.0,0,0,0.0
1785432186.082,17:23:06,timeslice,0,0.0,0,0,0.0
1785432186.082,17:23:06,timeslice,1,0.0,0,0,0.0
1785432186.082,17:23:06,timeslice,2,0.0,0,0,0.0
1785432186.082,17:23:06,timeslice,3,0.0,0,0,0.0
1785432186.082,17:23:06,timeslice,4,0.0,0,0,0.0
1785432186.082,17:23:06,timeslice,5,0.0,0,0,0.0
1785432186.082,17:23:06,timeslice,6,0.0,0,0,0.0
1785432186.082,17:23:06,timeslice,7,0.0,0,0,0.0
1785432187.082,17:23:07,timeslice,0,0.0,0,0,0.0
1785432187.082,17:23:07,timeslice,1,0.0,0,0,0.0
1785432187.082,17:23:07,timeslice,2,0.0,0,0,0.0
1785432187.082,17:23:07,timeslice,3,0.0,0,0,0.0
1785432187.082,17:23:07,timeslice,4,0.0,0,0,0.0
1785432187.082,17:23:07,timeslice,5,0.0,0,0,0.0
1785432187.082,17:23:07,timeslice,6,0.0,0,0,0.0
1785432187.082,17:23:07,timeslice,7,0.0,0,0,0.0
1785432188.082,17:23:08,timeslice,0,0.0,0,0,0.0
1785432188.082,17:23:08,timeslice,1,0.0,0,0,0.0
1785432188.082,17:23:08,timeslice,2,0.0,0,0,0.0
1785432188.082,17:23:08,timeslice,3,0.0,0,0,0.0
1785432188.082,17:23:08,timeslice,4,0.0,0,0,0.0
1785432188.082,17:23:08,timeslice,5,0.0,0,0,0.0
1785432188.082,17:23:08,timeslice,6,0.0,0,0,0.0
1785432188.082,17:23:08,timeslice,7,0.0,0,0,0.0
1785432189.083,17:23:09,timeslice,0,0.0,0,0,0.0
1785432189.083,17:23:09,timeslice,1,0.0,0,0,0.0
1785432189.083,17:23:09,timeslice,2,0.0,0,0,0.0
1785432189.083,17:23:09,timeslice,3,0.0,0,0,0.0
1785432189.083,17:23:09,timeslice,4,0.0,0,0,0.0
1785432189.083,17:23:09,timeslice,5,0.0,0,0,0.0
1785432189.083,17:23:09,timeslice,6,0.0,0,0,0.0
1785432189.083,17:23:09,timeslice,7,0.0,0,0,0.0
1785432190.083,17:23:10,timeslice,0,0.0,0,0,0.0
1785432190.083,17:23:10,timeslice,1,0.0,0,0,0.0
1785432190.083,17:23:10,timeslice,2,0.0,0,0,0.0
1785432190.083,17:23:10,timeslice,3,0.0,0,0,0.0
1785432190.083,17:23:10,timeslice,4,0.0,0,0,0.0
1785432190.083,17:23:10,timeslice,5,0.0,0,0,0.0
1785432190.083,17:23:10,timeslice,6,0.0,0,0,0.0
1785432190.083,17:23:10,timeslice,7,0.0,0,0,0.0
1785432191.083,17:23:11,timeslice,0,0.0,0,0,0.0
1785432191.083,17:23:11,timeslice,1,0.0,0,0,0.0
1785432191.083,17:23:11,timeslice,2,0.0,0,0,0.0
1785432191.083,17:23:11,timeslice,3,0.0,0,0,0.0
1785432191.083,17:23:11,timeslice,4,0.0,0,0,0.0
1785432191.083,17:23:11,timeslice,5,0.0,0,0,0.0
1785432191.083,17:23:11,timeslice,6,0.0,0,0,0.0
1785432191.083,17:23:11,timeslice,7,0.0,0,0,0.0
1785432192.083,17:23:12,timeslice,0,0.0,0,0,0.0
1785432192.083,17:23:12,timeslice,1,0.0,0,0,0.0
1785432192.083,17:23:12,timeslice,2,0.0,0,0,0.0
1785432192.083,17:23:12,timeslice,3,0.0,0,0,0.0
1785432192.083,17:23:12,timeslice,4,0.0,0,0,0.0
1785432192.083,17:23:12,timeslice,5,0.0,0,0,0.0
1785432192.083,17:23:12,timeslice,6,0.0,0,0,0.0
1785432192.083,17:23:12,timeslice,7,0.0,0,0,0.0
1785432193.083,17:23:13,timeslice,0,0.0,0,0,0.0
1785432193.083,17:23:13,timeslice,1,0.0,0,0,0.0
1785432193.083,17:23:13,timeslice,2,0.0,0,0,0.0
1785432193.083,17:23:13,timeslice,3,0.0,0,0,0.0
1785432193.083,17:23:13,timeslice,4,0.0,0,0,0.0
1785432193.083,17:23:13,timeslice,5,0.0,0,0,0.0
1785432193.083,17:23:13,timeslice,6,0.0,0,0,0.0
1785432193.083,17:23:13,timeslice,7,0.0,0,0,0.0
1785432194.083,17:23:14,timeslice,0,0.0,0,0,0.0
1785432194.083,17:23:14,timeslice,1,0.0,0,0,0.0
1785432194.083,17:23:14,timeslice,2,0.0,0,0,0.0
1785432194.083,17:23:14,timeslice,3,0.0,0,0,0.0
1785432194.083,17:23:14,timeslice,4,0.0,0,0,0.0
1785432194.083,17:23:14,timeslice,5,0.0,0,0,0.0
1785432194.083,17:23:14,timeslice,6,0.0,0,0,0.0
1785432194.083,17:23:14,timeslice,7,0.0,0,0,0.0
1785432195.083,17:23:15,timeslice,0,0.0,0,0,0.0
1785432195.083,17:23:15,timeslice,1,0.0,0,0,0.0
1785432195.083,17:23:15,timeslice,2,0.0,0,0,0.0
1785432195.083,17:23:15,timeslice,3,0.0,0,0,0.0
1785432195.083,17:23:15,timeslice,4,0.0,0,0,0.0
1785432195.083,17:23:15,timeslice,5,0.0,0,0,0.0
1785432195.083,17:23:15,timeslice,6,0.0,0,0,0.0
1785432195.083,17:23:15,timeslice,7,0.0,0,0,0.0
1785432196.083,17:23:16,timeslice,0,0.0,0,0,0.0
1785432196.083,17:23:16,timeslice,1,0.0,0,0,0.0
1785432196.083,17:23:16,timeslice,2,0.0,0,0,0.0
1785432196.083,17:23:16,timeslice,3,0.0,0,0,0.0
1785432196.083,17:23:16,timeslice,4,0.0,0,0,0.0
1785432196.083,17:23:16,timeslice,5,0.0,0,0,0.0
1785432196.083,17:23:16,timeslice,6,0.0,0,0,0.0
1785432196.083,17:23:16,timeslice,7,0.0,0,0,0.0
1785432197.084,17:23:17,timeslice,0,0.0,0,0,0.0
1785432197.084,17:23:17,timeslice,1,0.0,0,0,0.0
1785432197.084,17:23:17,timeslice,2,0.0,0,0,0.0
1785432197.084,17:23:17,timeslice,3,0.0,0,0,0.0
1785432197.084,17:23:17,timeslice,4,0.0,0,0,0.0
1785432197.084,17:23:17,timeslice,5,0.0,0,0,0.0
1785432197.084,17:23:17,timeslice,6,0.0,0,0,0.0
1785432197.084,17:23:17,timeslice,7,0.0,0,0,0.0
1785432198.084,17:23:18,timeslice,0,0.0,0,0,0.0
1785432198.084,17:23:18,timeslice,1,0.0,0,0,0.0
1785432198.084,17:23:18,timeslice,2,0.0,0,0,0.0
1785432198.084,17:23:18,timeslice,3,0.0,0,0,0.0
1785432198.084,17:23:18,timeslice,4,0.0,0,0,0.0
1785432198.084,17:23:18,timeslice,5,0.0,0,0,0.0
1785432198.084,17:23:18,timeslice,6,0.0,0,0,0.0
1785432198.084,17:23:18,timeslice,7,0.0,0,0,0.0
1785432199.084,17:23:19,timeslice,0,0.0,0,0,0.0
1785432199.084,17:23:19,timeslice,1,0.0,0,0,0.0
1785432199.084,17:23:19,timeslice,2,0.0,0,0,0.0
1785432199.084,17:23:19,timeslice,3,0.0,0,0,0.0
1785432199.084,17:23:19,timeslice,4,0.0,0,0,0.0
1785432199.084,17:23:19,timeslice,5,0.0,0,0,0.0
1785432199.084,17:23:19,timeslice,6,0.0,0,0,0.0
1785432199.084,17:23:19,timeslice,7,0.0,0,0,0.0
1785432200.084,17:23:20,timeslice,0,0.0,0,0,0.0
1785432200.084,17:23:20,timeslice,1,0.0,0,0,0.0
1785432200.084,17:23:20,timeslice,2,0.0,0,0,0.0
1785432200.084,17:23:20,timeslice,3,0.0,0,0,0.0
1785432200.084,17:23:20,timeslice,4,0.0,0,0,0.0
1785432200.084,17:23:20,timeslice,5,0.0,0,0,0.0
1785432200.084,17:23:20,timeslice,6,0.0,0,0,0.0
1785432200.084,17:23:20,timeslice,7,0.0,0,0,0.0
1785432201.084,17:23:21,timeslice,0,0.0,0,0,0.0
1785432201.084,17:23:21,timeslice,1,0.0,0,0,0.0
1785432201.084,17:23:21,timeslice,2,0.0,0,0,0.0
1785432201.084,17:23:21,timeslice,3,0.0,0,0,0.0
1785432201.084,17:23:21,timeslice,4,0.0,0,0,0.0
1785432201.084,17:23:21,timeslice,5,0.0,0,0,0.0
1785432201.084,17:23:21,timeslice,6,0.0,0,0,0.0
1785432201.084,17:23:21,timeslice,7,0.0,0,0,0.0
1785432202.084,17:23:22,timeslice,0,0.0,0,0,0.0
1785432202.084,17:23:22,timeslice,1,0.0,0,0,0.0
1785432202.084,17:23:22,timeslice,2,0.0,0,0,0.0
1785432202.084,17:23:22,timeslice,3,0.0,0,0,0.0
1785432202.084,17:23:22,timeslice,4,0.0,0,0,0.0
1785432202.084,17:23:22,timeslice,5,0.0,0,0,0.0
1785432202.084,17:23:22,timeslice,6,0.0,0,0,0.0
1785432202.084,17:23:22,timeslice,7,0.0,0,0,0.0
1785432203.084,17:23:23,timeslice,0,0.0,0,0,0.0
1785432203.084,17:23:23,timeslice,1,0.0,0,0,0.0
1785432203.084,17:23:23,timeslice,2,0.0,0,0,0.0
1785432203.084,17:23:23,timeslice,3,0.0,0,0,0.0
1785432203.084,17:23:23,timeslice,4,0.0,0,0,0.0
1785432203.084,17:23:23,timeslice,5,0.0,0,0,0.0
1785432203.084,17:23:23,timeslice,6,0.0,0,0,0.0
1785432203.084,17:23:23,timeslice,7,0.0,0,0,0.0
1785432204.084,17:23:24,timeslice,0,0.0,0,0,0.0
1785432204.084,17:23:24,timeslice,1,0.0,0,0,0.0
1785432204.084,17:23:24,timeslice,2,0.0,0,0,0.0
1785432204.084,17:23:24,timeslice,3,0.0,0,0,0.0
1785432204.084,17:23:24,timeslice,4,0.0,0,0,0.0
1785432204.084,17:23:24,timeslice,5,0.0,0,0,0.0
1785432204.084,17:23:24,timeslice,6,0.0,0,0,0.0
1785432204.084,17:23:24,timeslice,7,0.0,0,0,0.0
1785432205.085,17:23:25,timeslice,0,0.0,0,0,0.0
1785432205.085,17:23:25,timeslice,1,0.0,0,0,0.0
1785432205.085,17:23:25,timeslice,2,0.0,0,0,0.0
1785432205.085,17:23:25,timeslice,3,0.0,0,0,0.0
1785432205.085,17:23:25,timeslice,4,0.0,0,0,0.0
1785432205.085,17:23:25,timeslice,5,0.0,0,0,0.0
1785432205.085,17:23:25,timeslice,6,0.0,0,0,0.0
1785432205.085,17:23:25,timeslice,7,0.0,0,0,0.0
1785432206.085,17:23:26,timeslice,0,0.0,0,0,0.0
1785432206.085,17:23:26,timeslice,1,0.0,0,0,0.0
1785432206.085,17:23:26,timeslice,2,0.0,0,0,0.0
1785432206.085,17:23:26,timeslice,3,0.0,0,0,0.0
1785432206.085,17:23:26,timeslice,4,0.0,0,0,0.0
1785432206.085,17:23:26,timeslice,5,0.0,0,0,0.0
1785432206.085,17:23:26,timeslice,6,0.0,0,0,0.0
1785432206.085,17:23:26,timeslice,7,0.0,0,0,0.0
1785432207.085,17:23:27,timeslice,0,0.0,0,0,0.0
1785432207.085,17:23:27,timeslice,1,0.0,0,0,0.0
1785432207.085,17:23:27,timeslice,2,0.0,0,0,0.0
1785432207.085,17:23:27,timeslice,3,0.0,0,0,0.0
1785432207.085,17:23:27,timeslice,4,0.0,0,0,0.0
1785432207.085,17:23:27,timeslice,5,0.0,0,0,0.0
1785432207.085,17:23:27,timeslice,6,0.0,0,0,0.0
1785432207.085,17:23:27,timeslice,7,0.0,0,0,0.0
1785432208.085,17:23:28,timeslice,0,0.0,0,0,0.0
1785432208.085,17:23:28,timeslice,1,0.0,0,0,0.0
1785432208.085,17:23:28,timeslice,2,0.0,0,0,0.0
1785432208.085,17:23:28,timeslice,3,0.0,0,0,0.0
1785432208.085,17:23:28,timeslice,4,0.0,0,0,0.0
1785432208.085,17:23:28,timeslice,5,0.0,0,0,0.0
1785432208.085,17:23:28,timeslice,6,0.0,0,0,0.0
1785432208.085,17:23:28,timeslice,7,0.0,0,0,0.0
1785432209.085,17:23:29,timeslice,0,0.0,0,0,0.0
1785432209.085,17:23:29,timeslice,1,0.0,0,0,0.0
1785432209.085,17:23:29,timeslice,2,0.0,0,0,0.0
1785432209.085,17:23:29,timeslice,3,0.0,0,0,0.0
1785432209.085,17:23:29,timeslice,4,0.0,0,0,0.0
1785432209.085,17:23:29,timeslice,5,0.0,0,0,0.0
1785432209.085,17:23:29,timeslice,6,0.0,0,0,0.0
1785432209.085,17:23:29,timeslice,7,0.0,0,0,0.0
1785432210.085,17:23:30,timeslice,0,0.0,0,0,0.0
1785432210.085,17:23:30,timeslice,1,0.0,0,0,0.0
1785432210.085,17:23:30,timeslice,2,0.0,0,0,0.0
1785432210.085,17:23:30,timeslice,3,0.0,0,0,0.0
1785432210.085,17:23:30,timeslice,4,0.0,0,0,0.0
1785432210.085,17:23:30,timeslice,5,0.0,0,0,0.0
1785432210.085,17:23:30,timeslice,6,0.0,0,0,0.0
1785432210.085,17:23:30,timeslice,7,0.0,0,0,0.0
1785432211.085,17:23:31,timeslice,0,0.0,0,0,0.0
1785432211.085,17:23:31,timeslice,1,0.0,0,0,0.0
1785432211.085,17:23:31,timeslice,2,0.0,0,0,0.0
1785432211.085,17:23:31,timeslice,3,0.0,0,0,0.0
1785432211.085,17:23:31,timeslice,4,0.0,0,0,0.0
1785432211.085,17:23:31,timeslice,5,0.0,0,0,0.0
1785432211.085,17:23:31,timeslice,6,0.0,0,0,0.0
1785432211.085,17:23:31,timeslice,7,0.0,0,0,0.0
1785432212.085,17:23:32,timeslice,0,0.0,0,0,0.0
1785432212.085,17:23:32,timeslice,1,0.0,0,0,0.0
1785432212.085,17:23:32,timeslice,2,0.0,0,0,0.0
1785432212.085,17:23:32,timeslice,3,0.0,0,0,0.0
1785432212.085,17:23:32,timeslice,4,0.0,0,0,0.0
1785432212.085,17:23:32,timeslice,5,0.0,0,0,0.0
1785432212.085,17:23:32,timeslice,6,0.0,0,0,0.0
1785432212.085,17:23:32,timeslice,7,0.0,0,0,0.0
1785432213.085,17:23:33,timeslice,0,0.0,0,0,0.0
1785432213.085,17:23:33,timeslice,1,0.0,0,0,0.0
1785432213.085,17:23:33,timeslice,2,0.0,0,0,0.0
1785432213.085,17:23:33,timeslice,3,0.0,0,0,0.0
1785432213.085,17:23:33,timeslice,4,0.0,0,0,0.0
1785432213.085,17:23:33,timeslice,5,0.0,0,0,0.0
1785432213.085,17:23:33,timeslice,6,0.0,0,0,0.0
1785432213.085,17:23:33,timeslice,7,0.0,0,0,0.0
1785432214.086,17:23:34,timeslice,0,0.0,0,0,0.0
1785432214.086,17:23:34,timeslice,1,0.0,0,0,0.0
1785432214.086,17:23:34,timeslice,2,0.0,0,0,0.0
1785432214.086,17:23:34,timeslice,3,0.0,0,0,0.0
1785432214.086,17:23:34,timeslice,4,0.0,0,0,0.0
1785432214.086,17:23:34,timeslice,5,0.0,0,0,0.0
1785432214.086,17:23:34,timeslice,6,0.0,0,0,0.0
1785432214.086,17:23:34,timeslice,7,0.0,0,0,0.0
1785432215.086,17:23:35,timeslice,0,0.0,0,0,0.0
1785432215.086,17:23:35,timeslice,1,0.0,0,0,0.0
1785432215.086,17:23:35,timeslice,2,0.0,0,0,0.0
1785432215.086,17:23:35,timeslice,3,0.0,0,0,0.0
1785432215.086,17:23:35,timeslice,4,0.0,0,0,0.0
1785432215.086,17:23:35,timeslice,5,0.0,0,0,0.0
1785432215.086,17:23:35,timeslice,6,0.0,0,0,0.0
1785432215.086,17:23:35,timeslice,7,0.0,0,0,0.0
1785432216.086,17:23:36,timeslice,0,0.0,0,0,0.0
1785432216.086,17:23:36,timeslice,1,0.0,0,0,0.0
1785432216.086,17:23:36,timeslice,2,0.0,0,0,0.0
1785432216.086,17:23:36,timeslice,3,0.0,0,0,0.0
1785432216.086,17:23:36,timeslice,4,0.0,0,0,0.0
1785432216.086,17:23:36,timeslice,5,0.0,0,0,0.0
1785432216.086,17:23:36,timeslice,6,0.0,0,0,0.0
1785432216.086,17:23:36,timeslice,7,0.0,0,0,0.0
1785432217.086,17:23:37,timeslice,0,0.0,0,0,0.0
1785432217.086,17:23:37,timeslice,1,0.0,0,0,0.0
1785432217.086,17:23:37,timeslice,2,0.0,0,0,0.0
1785432217.086,17:23:37,timeslice,3,0.0,0,0,0.0
1785432217.086,17:23:37,timeslice,4,0.0,0,0,0.0
1785432217.086,17:23:37,timeslice,5,0.0,0,0,0.0
1785432217.086,17:23:37,timeslice,6,0.0,0,0,0.0
1785432217.086,17:23:37,timeslice,7,0.0,0,0,0.0
1785432218.086,17:23:38,timeslice,0,0.0,0,0,0.0
1785432218.086,17:23:38,timeslice,1,0.0,0,0,0.0
1785432218.086,17:23:38,timeslice,2,0.0,0,0,0.0
1785432218.086,17:23:38,timeslice,3,0.0,0,0,0.0
1785432218.086,17:23:38,timeslice,4,0.0,0,0,0.0
1785432218.086,17:23:38,timeslice,5,0.0,0,0,0.0
1785432218.086,17:23:38,timeslice,6,0.0,0,0,0.0
1785432218.086,17:23:38,timeslice,7,0.0,0,0,0.0
1785432219.086,17:23:39,timeslice,0,0.0,0,0,0.0
1785432219.086,17:23:39,timeslice,1,0.0,0,0,0.0
1785432219.086,17:23:39,timeslice,2,0.0,0,0,0.0
1785432219.086,17:23:39,timeslice,3,0.0,0,0,0.0
1785432219.086,17:23:39,timeslice,4,0.0,0,0,0.0
1785432219.086,17:23:39,timeslice,5,0.0,0,0,0.0
1785432219.086,17:23:39,timeslice,6,0.0,0,0,0.0
1785432219.086,17:23:39,timeslice,7,0.0,0,0,0.0
1785432220.086,17:23:40,timeslice,0,0.0,0,0,0.0
1785432220.086,17:23:40,timeslice,1,0.0,0,0,0.0
1785432220.086,17:23:40,timeslice,2,0.0,0,0,0.0
1785432220.086,17:23:40,timeslice,3,0.0,0,0,0.0
1785432220.086,17:23:40,timeslice,4,0.0,0,0,0.0
1785432220.086,17:23:40,timeslice,5,0.0,0,0,0.0
1785432220.086,17:23:40,timeslice,6,0.0,0,0,0.0
1785432220.086,17:23:40,timeslice,7,0.0,0,0,0.0
1785432221.086,17:23:41,timeslice,0,0.0,0,0,0.0
1785432221.086,17:23:41,timeslice,1,0.0,0,0,0.0
1785432221.086,17:23:41,timeslice,2,0.0,0,0,0.0
1785432221.086,17:23:41,timeslice,3,0.0,0,0,0.0
1785432221.086,17:23:41,timeslice,4,0.0,0,0,0.0
1785432221.086,17:23:41,timeslice,5,0.0,0,0,0.0
1785432221.086,17:23:41,timeslice,6,0.0,0,0,0.0
1785432221.086,17:23:41,timeslice,7,0.0,0,0,0.0
1785432222.086,17:23:42,timeslice,0,0.0,0,0,0.0
1785432222.086,17:23:42,timeslice,1,0.0,0,0,0.0
1785432222.086,17:23:42,timeslice,2,0.0,0,0,0.0
1785432222.086,17:23:42,timeslice,3,0.0,0,0,0.0
1785432222.086,17:23:42,timeslice,4,0.0,0,0,0.0
1785432222.086,17:23:42,timeslice,5,0.0,0,0,0.0
1785432222.086,17:23:42,timeslice,6,0.0,0,0,0.0
1785432222.086,17:23:42,timeslice,7,0.0,0,0,0.0
1785432223.087,17:23:43,timeslice,0,0.0,0,0,0.0
1785432223.087,17:23:43,timeslice,1,0.0,0,0,0.0
1785432223.087,17:23:43,timeslice,2,0.0,0,0,0.0
1785432223.087,17:23:43,timeslice,3,0.0,0,0,0.0
1785432223.087,17:23:43,timeslice,4,0.0,0,0,0.0
1785432223.087,17:23:43,timeslice,5,0.0,0,0,0.0
1785432223.087,17:23:43,timeslice,6,0.0,0,0,0.0
1785432223.087,17:23:43,timeslice,7,0.0,0,0,0.0
1785432224.087,17:23:44,timeslice,0,0.0,0,0,0.0
1785432224.087,17:23:44,timeslice,1,0.0,0,0,0.0
1785432224.087,17:23:44,timeslice,2,0.0,0,0,0.0
1785432224.087,17:23:44,timeslice,3,0.0,0,0,0.0
1785432224.087,17:23:44,timeslice,4,0.0,0,0,0.0
1785432224.087,17:23:44,timeslice,5,0.0,0,0,0.0
1785432224.087,17:23:44,timeslice,6,0.0,0,0,0.0
1785432224.087,17:23:44,timeslice,7,0.0,0,0,0.0
1785432225.087,17:23:45,timeslice,0,0.0,0,0,0.0
1785432225.087,17:23:45,timeslice,1,0.0,0,0,0.0
1785432225.087,17:23:45,timeslice,2,0.0,0,0,0.0
1785432225.087,17:23:45,timeslice,3,0.0,0,0,0.0
1785432225.087,17:23:45,timeslice,4,0.0,0,0,0.0
1785432225.087,17:23:45,timeslice,5,0.0,0,0,0.0
1785432225.087,17:23:45,timeslice,6,0.0,0,0,0.0
1785432225.087,17:23:45,timeslice,7,0.0,0,0,0.0
1785432226.087,17:23:46,timeslice,0,0.0,0,0,0.0
1785432226.087,17:23:46,timeslice,1,0.0,0,0,0.0
1785432226.087,17:23:46,timeslice,2,0.0,0,0,0.0
1785432226.087,17:23:46,timeslice,3,0.0,0,0,0.0
1785432226.087,17:23:46,timeslice,4,0.0,0,0,0.0
1785432226.087,17:23:46,timeslice,5,0.0,0,0,0.0
1785432226.087,17:23:46,timeslice,6,0.0,0,0,0.0
1785432226.087,17:23:46,timeslice,7,0.0,0,0,0.0
1785432227.087,17:23:47,timeslice,0,0.0,0,0,0.0
1785432227.087,17:23:47,timeslice,1,0.0,0,0,0.0
1785432227.087,17:23:47,timeslice,2,0.0,0,0,0.0
1785432227.087,17:23:47,timeslice,3,0.0,0,0,0.0
1785432227.087,17:23:47,timeslice,4,0.0,0,0,0.0
1785432227.087,17:23:47,timeslice,5,0.0,0,0,0.0
1785432227.087,17:23:47,timeslice,6,0.0,0,0,0.0
1785432227.087,17:23:47,timeslice,7,0.0,0,0,0.0
1785432228.087,17:23:48,timeslice,0,0.0,0,0,0.0
1785432228.087,17:23:48,timeslice,1,0.0,0,0,0.0
1785432228.087,17:23:48,timeslice,2,0.0,0,0,0.0
1785432228.087,17:23:48,timeslice,3,0.0,0,0,0.0
1785432228.087,17:23:48,timeslice,4,0.0,0,0,0.0
1785432228.087,17:23:48,timeslice,5,0.0,0,0,0.0
1785432228.087,17:23:48,timeslice,6,0.0,0,0,0.0
1785432228.087,17:23:48,timeslice,7,0.0,0,0,0.0
1785432229.087,17:23:49,timeslice,0,0.0,0,0,0.0
1785432229.087,17:23:49,timeslice,1,0.0,0,0,0.0
1785432229.087,17:23:49,timeslice,2,0.0,0,0,0.0
1785432229.087,17:23:49,timeslice,3,0.0,0,0,0.0
1785432229.087,17:23:49,timeslice,4,0.0,0,0,0.0
1785432229.087,17:23:49,timeslice,5,0.0,0,0,0.0
1785432229.087,17:23:49,timeslice,6,0.0,0,0,0.0
1785432229.087,17:23:49,timeslice,7,0.0,0,0,0.0
1785432230.087,17:23:50,timeslice,0,0.0,0,0,0.0
1785432230.087,17:23:50,timeslice,1,0.0,0,0,0.0
1785432230.087,17:23:50,timeslice,2,0.0,0,0,0.0
1785432230.087,17:23:50,timeslice,3,0.0,0,0,0.0
1785432230.087,17:23:50,timeslice,4,0.0,0,0,0.0
1785432230.087,17:23:50,timeslice,5,0.0,0,0,0.0
1785432230.087,17:23:50,timeslice,6,0.0,0,0,0.0
1785432230.087,17:23:50,timeslice,7,0.0,0,0,0.0
1785432231.087,17:23:51,timeslice,0,0.0,0,0,0.0
1785432231.087,17:23:51,timeslice,1,0.0,0,0,0.0
1785432231.087,17:23:51,timeslice,2,0.0,0,0,0.0
1785432231.087,17:23:51,timeslice,3,0.0,0,0,0.0
1785432231.087,17:23:51,timeslice,4,0.0,0,0,0.0
1785432231.087,17:23:51,timeslice,5,0.0,0,0,0.0
1785432231.087,17:23:51,timeslice,6,0.0,0,0,0.0
1785432231.087,17:23:51,timeslice,7,0.0,0,0,0.0
1785432232.088,17:23:52,timeslice,0,0.0,0,0,0.0
1785432232.088,17:23:52,timeslice,1,0.0,0,0,0.0
1785432232.088,17:23:52,timeslice,2,0.0,0,0,0.0
1785432232.088,17:23:52,timeslice,3,0.0,0,0,0.0
1785432232.088,17:23:52,timeslice,4,0.0,0,0,0.0
1785432232.088,17:23:52,timeslice,5,0.0,0,0,0.0
1785432232.088,17:23:52,timeslice,6,0.0,0,0,0.0
1785432232.088,17:23:52,timeslice,7,0.0,0,0,0.0
1785432233.088,17:23:53,timeslice,0,0.0,0,0,0.0
1785432233.088,17:23:53,timeslice,1,0.0,0,0,0.0
1785432233.088,17:23:53,timeslice,2,0.0,0,0,0.0
1785432233.088,17:23:53,timeslice,3,0.0,0,0,0.0
1785432233.088,17:23:53,timeslice,4,0.0,0,0,0.0
1785432233.088,17:23:53,timeslice,5,0.0,0,0,0.0
1785432233.088,17:23:53,timeslice,6,0.0,0,0,0.0
1785432233.088,17:23:53,timeslice,7,0.0,0,0,0.0
1785432234.088,17:23:54,timeslice,0,0.0,0,0,0.0
1785432234.088,17:23:54,timeslice,1,0.0,0,0,0.0
1785432234.088,17:23:54,timeslice,2,0.0,0,0,0.0
1785432234.088,17:23:54,timeslice,3,0.0,0,0,0.0
1785432234.088,17:23:54,timeslice,4,0.0,0,0,0.0
1785432234.088,17:23:54,timeslice,5,0.0,0,0,0.0
1785432234.088,17:23:54,timeslice,6,0.0,0,0,0.0
1785432234.088,17:23:54,timeslice,7,0.0,0,0,0.0
1785432235.088,17:23:55,timeslice,0,0.0,0,0,0.0
1785432235.088,17:23:55,timeslice,1,0.0,0,0,0.0
1785432235.088,17:23:55,timeslice,2,0.0,0,0,0.0
1785432235.088,17:23:55,timeslice,3,0.0,0,0,0.0
1785432235.088,17:23:55,timeslice,4,0.0,0,0,0.0
1785432235.088,17:23:55,timeslice,5,0.0,0,0,0.0
1785432235.088,17:23:55,timeslice,6,0.0,0,0,0.0
1785432235.088,17:23:55,timeslice,7,0.0,0,0,0.0
1785432236.088,17:23:56,timeslice,0,0.0,0,0,0.0
1785432236.088,17:23:56,timeslice,1,0.0,0,0,0.0
1785432236.088,17:23:56,timeslice,2,0.0,0,0,0.0
1785432236.088,17:23:56,timeslice,3,0.0,0,0,0.0
1785432236.088,17:23:56,timeslice,4,0.0,0,0,0.0
1785432236.088,17:23:56,timeslice,5,0.0,0,0,0.0
1785432236.088,17:23:56,timeslice,6,0.0,0,0,0.0
1785432236.088,17:23:56,timeslice,7,0.0,0,0,0.0
1785432237.088,17:23:57,timeslice,0,0.0,0,0,0.0
1785432237.088,17:23:57,timeslice,1,0.0,0,0,0.0
1785432237.088,17:23:57,timeslice,2,0.0,0,0,0.0
1785432237.088,17:23:57,timeslice,3,0.0,0,0,0.0
1785432237.088,17:23:57,timeslice,4,0.0,0,0,0.0
1785432237.088,17:23:57,timeslice,5,0.0,0,0,0.0
1785432237.088,17:23:57,timeslice,6,0.0,0,0,0.0
1785432237.088,17:23:57,timeslice,7,0.0,0,0,0.0
1785432238.088,17:23:58,timeslice,0,0.0,0,0,0.0
1785432238.088,17:23:58,timeslice,1,0.0,0,0,0.0
1785432238.088,17:23:58,timeslice,2,0.0,0,0,0.0
1785432238.088,17:23:58,timeslice,3,0.0,0,0,0.0
1785432238.088,17:23:58,timeslice,4,0.0,0,0,0.0
1785432238.088,17:23:58,timeslice,5,0.0,0,0,0.0
1785432238.088,17:23:58,timeslice,6,0.0,0,0,0.0
1785432238.088,17:23:58,timeslice,7,0.0,0,0,0.0
1785432239.088,17:23:59,timeslice,0,0.0,0,0,0.0
1785432239.088,17:23:59,timeslice,1,0.0,0,0,0.0
1785432239.088,17:23:59,timeslice,2,0.0,0,0,0.0
1785432239.088,17:23:59,timeslice,3,0.0,0,0,0.0
1785432239.088,17:23:59,timeslice,4,0.0,0,0,0.0
1785432239.088,17:23:59,timeslice,5,0.0,0,0,0.0
1785432239.088,17:23:59,timeslice,6,0.0,0,0,0.0
1785432239.088,17:23:59,timeslice,7,0.0,0,0,0.0
1785432240.089,17:24:00,timeslice,0,0.0,0,0,0.0
1785432240.089,17:24:00,timeslice,1,0.0,0,0,0.0
1785432240.089,17:24:00,timeslice,2,0.0,0,0,0.0
1785432240.089,17:24:00,timeslice,3,0.0,0,0,0.0
1785432240.089,17:24:00,timeslice,4,0.0,0,0,0.0
1785432240.089,17:24:00,timeslice,5,0.0,0,0,0.0
1785432240.089,17:24:00,timeslice,6,0.0,0,0,0.0
1785432240.089,17:24:00,timeslice,7,0.0,0,0,0.0
1785432241.089,17:24:01,timeslice,0,0.0,0,0,0.0
1785432241.089,17:24:01,timeslice,1,0.0,0,0,0.0
1785432241.089,17:24:01,timeslice,2,0.0,0,0,0.0
1785432241.089,17:24:01,timeslice,3,0.0,0,0,0.0
1785432241.089,17:24:01,timeslice,4,0.0,0,0,0.0
1785432241.089,17:24:01,timeslice,5,0.0,0,0,0.0
1785432241.089,17:24:01,timeslice,6,0.0,0,0,0.0
1785432241.089,17:24:01,timeslice,7,0.0,0,0,0.0
1785432242.089,17:24:02,timeslice,0,0.0,0,0,0.0
1785432242.089,17:24:02,timeslice,1,0.0,0,0,0.0
1785432242.089,17:24:02,timeslice,2,0.0,0,0,0.0
1785432242.089,17:24:02,timeslice,3,0.0,0,0,0.0
1785432242.089,17:24:02,timeslice,4,0.0,0,0,0.0
1785432242.089,17:24:02,timeslice,5,0.0,0,0,0.0
1785432242.089,17:24:02,timeslice,6,0.0,0,0,0.0
1785432242.089,17:24:02,timeslice,7,0.0,0,0,0.0
1785432243.089,17:24:03,timeslice,0,0.0,0,0,0.0
1785432243.089,17:24:03,timeslice,1,0.0,0,0,0.0
1785432243.089,17:24:03,timeslice,2,0.0,0,0,0.0
1785432243.089,17:24:03,timeslice,3,0.0,0,0,0.0
1785432243.089,17:24:03,timeslice,4,0.0,0,0,0.0
1785432243.089,17:24:03,timeslice,5,0.0,0,0,0.0
1785432243.089,17:24:03,timeslice,6,0.0,0,0,0.0
1785432243.089,17:24:03,timeslice,7,0.0,0,0,0.0
1785432244.089,17:24:04,timeslice,0,0.0,0,0,0.0
1785432244.089,17:24:04,timeslice,1,0.0,0,0,0.0
1785432244.089,17:24:04,timeslice,2,0.0,0,0,0.0
1785432244.089,17:24:04,timeslice,3,0.0,0,0,0.0
1785432244.089,17:24:04,timeslice,4,0.0,0,0,0.0
1785432244.089,17:24:04,timeslice,5,0.0,0,0,0.0
1785432244.089,17:24:04,timeslice,6,0.0,0,0,0.0
1785432244.089,17:24:04,timeslice,7,0.0,0,0,0.0
1785432245.089,17:24:05,timeslice,0,0.0,0,0,0.0
1785432245.089,17:24:05,timeslice,1,0.0,0,0,0.0
1785432245.089,17:24:05,timeslice,2,0.0,0,0,0.0
1785432245.089,17:24:05,timeslice,3,0.0,0,0,0.0
1785432245.089,17:24:05,timeslice,4,0.0,0,0,0.0
1785432245.089,17:24:05,timeslice,5,0.0,0,0,0.0
1785432245.089,17:24:05,timeslice,6,0.0,0,0,0.0
1785432245.089,17:24:05,timeslice,7,0.0,0,0,0.0
1785432246.089,17:24:06,timeslice,0,0.0,0,0,0.0
1785432246.089,17:24:06,timeslice,1,0.0,0,0,0.0
1785432246.089,17:24:06,timeslice,2,0.0,0,0,0.0
1785432246.089,17:24:06,timeslice,3,0.0,0,0,0.0
1785432246.089,17:24:06,timeslice,4,0.0,0,0,0.0
1785432246.089,17:24:06,timeslice,5,0.0,0,0,0.0
1785432246.089,17:24:06,timeslice,6,0.0,0,0,0.0
1785432246.089,17:24:06,timeslice,7,0.0,0,0,0.0
1785432247.089,17:24:07,timeslice,0,0.0,0,0,0.0
1785432247.089,17:24:07,timeslice,1,0.0,0,0,0.0
1785432247.089,17:24:07,timeslice,2,0.0,0,0,0.0
1785432247.089,17:24:07,timeslice,3,0.0,0,0,0.0
1785432247.089,17:24:07,timeslice,4,0.0,0,0,0.0
1785432247.089,17:24:07,timeslice,5,0.0,0,0,0.0
1785432247.089,17:24:07,timeslice,6,0.0,0,0,0.0
1785432247.089,17:24:07,timeslice,7,0.0,0,0,0.0
1785432248.09,17:24:08,timeslice,0,0.0,0,0,0.0
1785432248.09,17:24:08,timeslice,1,0.0,0,0,0.0
1785432248.09,17:24:08,timeslice,2,0.0,0,0,0.0
1785432248.09,17:24:08,timeslice,3,0.0,0,0,0.0
1785432248.09,17:24:08,timeslice,4,0.0,0,0,0.0
1785432248.09,17:24:08,timeslice,5,0.0,0,0,0.0
1785432248.09,17:24:08,timeslice,6,0.0,0,0,0.0
1785432248.09,17:24:08,timeslice,7,0.0,0,0,0.0
1785432249.09,17:24:09,timeslice,0,0.0,0,0,0.0
1785432249.09,17:24:09,timeslice,1,0.0,0,0,0.0
1785432249.09,17:24:09,timeslice,2,0.0,0,0,0.0
1785432249.09,17:24:09,timeslice,3,0.0,0,0,0.0
1785432249.09,17:24:09,timeslice,4,0.0,0,0,0.0
1785432249.09,17:24:09,timeslice,5,0.0,0,0,0.0
1785432249.09,17:24:09,timeslice,6,0.0,0,0,0.0
1785432249.09,17:24:09,timeslice,7,0.0,0,0,0.0
1785432250.09,17:24:10,timeslice,0,0.0,0,0,0.0
1785432250.09,17:24:10,timeslice,1,0.0,0,0,0.0
1785432250.09,17:24:10,timeslice,2,0.0,0,0,0.0
1785432250.09,17:24:10,timeslice,3,0.0,0,0,0.0
1785432250.09,17:24:10,timeslice,4,0.0,0,0,0.0
1785432250.09,17:24:10,timeslice,5,0.0,0,0,0.0
1785432250.09,17:24:10,timeslice,6,0.0,0,0,0.0
1785432250.09,17:24:10,timeslice,7,0.0,0,0,0.0
1785432251.09,17:24:11,timeslice,0,0.0,0,0,0.0
1785432251.09,17:24:11,timeslice,1,0.0,0,0,0.0
1785432251.09,17:24:11,timeslice,2,0.0,0,0,0.0
1785432251.09,17:24:11,timeslice,3,0.0,0,0,0.0
1785432251.09,17:24:11,timeslice,4,0.0,0,0,0.0
1785432251.09,17:24:11,timeslice,5,0.0,0,0,0.0
1785432251.09,17:24:11,timeslice,6,0.0,0,0,0.0
1785432251.09,17:24:11,timeslice,7,0.0,0,0,0.0
1785432252.09,17:24:12,timeslice,0,0.0,0,0,0.0
1785432252.09,17:24:12,timeslice,1,0.0,0,0,0.0
1785432252.09,17:24:12,timeslice,2,0.0,0,0,0.0
1785432252.09,17:24:12,timeslice,3,0.0,0,0,0.0
1785432252.09,17:24:12,timeslice,4,0.0,0,0,0.0
1785432252.09,17:24:12,timeslice,5,0.0,0,0,0.0
1785432252.09,17:24:12,timeslice,6,0.0,0,0,0.0
1785432252.09,17:24:12,timeslice,7,0.0,0,0,0.0
1785432253.09,17:24:13,timeslice,0,0.0,0,0,0.0
1785432253.09,17:24:13,timeslice,1,0.0,0,0,0.0
1785432253.09,17:24:13,timeslice,2,0.0,0,0,0.0
1785432253.09,17:24:13,timeslice,3,0.0,0,0,0.0
1785432253.09,17:24:13,timeslice,4,0.0,0,0,0.0
1785432253.09,17:24:13,timeslice,5,0.0,0,0,0.0
1785432253.09,17:24:13,timeslice,6,0.0,0,0,0.0
1785432253.09,17:24:13,timeslice,7,0.0,0,0,0.0
1785432254.09,17:24:14,timeslice,0,0.0,0,0,0.0
1785432254.09,17:24:14,timeslice,1,0.0,0,0,0.0
1785432254.09,17:24:14,timeslice,2,0.0,0,0,0.0
1785432254.09,17:24:14,timeslice,3,0.0,0,0,0.0
1785432254.09,17:24:14,timeslice,4,0.0,0,0,0.0
1785432254.09,17:24:14,timeslice,5,0.0,0,0,0.0
1785432254.09,17:24:14,timeslice,6,0.0,0,0,0.0
1785432254.09,17:24:14,timeslice,7,0.0,0,0,0.0
1785432255.09,17:24:15,timeslice,0,0.0,0,0,0.0
1785432255.09,17:24:15,timeslice,1,0.0,0,0,0.0
1785432255.09,17:24:15,timeslice,2,0.0,0,0,0.0
1785432255.09,17:24:15,timeslice,3,0.0,0,0,0.0
1785432255.09,17:24:15,timeslice,4,0.0,0,0,0.0
1785432255.09,17:24:15,timeslice,5,0.0,0,0,0.0
1785432255.09,17:24:15,timeslice,6,0.0,0,0,0.0
1785432255.09,17:24:15,timeslice,7,0.0,0,0,0.0
1785432256.091,17:24:16,timeslice,0,0.0,0,0,0.0
1785432256.091,17:24:16,timeslice,1,0.0,0,0,0.0
1785432256.091,17:24:16,timeslice,2,0.0,0,0,0.0
1785432256.091,17:24:16,timeslice,3,0.0,0,0,0.0
1785432256.091,17:24:16,timeslice,4,0.0,0,0,0.0
1785432256.091,17:24:16,timeslice,5,0.0,0,0,0.0
1785432256.091,17:24:16,timeslice,6,0.0,0,0,0.0
1785432256.091,17:24:16,timeslice,7,0.0,0,0,0.0
1785432257.091,17:24:17,timeslice,0,0.0,0,0,0.0
1785432257.091,17:24:17,timeslice,1,0.0,0,0,0.0
1785432257.091,17:24:17,timeslice,2,0.0,0,0,0.0
1785432257.091,17:24:17,timeslice,3,0.0,0,0,0.0
1785432257.091,17:24:17,timeslice,4,0.0,0,0,0.0
1785432257.091,17:24:17,timeslice,5,0.0,0,0,0.0
1785432257.091,17:24:17,timeslice,6,0.0,0,0,0.0
1785432257.091,17:24:17,timeslice,7,0.0,0,0,0.0
1785432258.091,17:24:18,timeslice,0,0.0,0,0,0.0
1785432258.091,17:24:18,timeslice,1,0.0,0,0,0.0
1785432258.091,17:24:18,timeslice,2,0.0,0,0,0.0
1785432258.091,17:24:18,timeslice,3,0.0,0,0,0.0
1785432258.091,17:24:18,timeslice,4,0.0,0,0,0.0
1785432258.091,17:24:18,timeslice,5,0.0,0,0,0.0
1785432258.091,17:24:18,timeslice,6,0.0,0,0,0.0
1785432258.091,17:24:18,timeslice,7,0.0,0,0,0.0
1785432259.091,17:24:19,timeslice,0,0.0,0,0,0.0
1785432259.091,17:24:19,timeslice,1,0.0,0,0,0.0
1785432259.091,17:24:19,timeslice,2,0.0,0,0,0.0
1785432259.091,17:24:19,timeslice,3,0.0,0,0,0.0
1785432259.091,17:24:19,timeslice,4,0.0,0,0,0.0
1785432259.091,17:24:19,timeslice,5,0.0,0,0,0.0
1785432259.091,17:24:19,timeslice,6,0.0,0,0,0.0
1785432259.091,17:24:19,timeslice,7,0.0,0,0,0.0
1785432260.091,17:24:20,timeslice,0,0.0,0,0,0.0
1785432260.091,17:24:20,timeslice,1,0.0,0,0,0.0
1785432260.091,17:24:20,timeslice,2,0.0,0,0,0.0
1785432260.091,17:24:20,timeslice,3,0.0,0,0,0.0
1785432260.091,17:24:20,timeslice,4,0.0,0,0,0.0
1785432260.091,17:24:20,timeslice,5,0.0,0,0,0.0
1785432260.091,17:24:20,timeslice,6,0.0,0,0,0.0
1785432260.091,17:24:20,timeslice,7,0.0,0,0,0.0
1785432261.091,17:24:21,timeslice,0,0.0,0,0,0.0
1785432261.091,17:24:21,timeslice,1,0.0,0,0,0.0
1785432261.091,17:24:21,timeslice,2,0.0,0,0,0.0
1785432261.091,17:24:21,timeslice,3,0.0,0,0,0.0
1785432261.091,17:24:21,timeslice,4,0.0,0,0,0.0
1785432261.091,17:24:21,timeslice,5,0.0,0,0,0.0
1785432261.091,17:24:21,timeslice,6,0.0,0,0,0.0
1785432261.091,17:24:21,timeslice,7,0.0,0,0,0.0
1785432262.091,17:24:22,timeslice,0,0.0,0,0,0.0
1785432262.091,17:24:22,timeslice,1,0.0,0,0,0.0
1785432262.091,17:24:22,timeslice,2,0.0,0,0,0.0
1785432262.091,17:24:22,timeslice,3,0.0,0,0,0.0
1785432262.091,17:24:22,timeslice,4,0.0,0,0,0.0
1785432262.091,17:24:22,timeslice,5,0.0,0,0,0.0
1785432262.091,17:24:22,timeslice,6,0.0,0,0,0.0
1785432262.091,17:24:22,timeslice,7,0.0,0,0,0.0
1785432263.091,17:24:23,timeslice,0,0.0,0,0,0.0
1785432263.091,17:24:23,timeslice,1,0.0,0,0,0.0
1785432263.091,17:24:23,timeslice,2,0.0,0,0,0.0
1785432263.091,17:24:23,timeslice,3,0.0,0,0,0.0
1785432263.091,17:24:23,timeslice,4,0.0,0,0,0.0
1785432263.091,17:24:23,timeslice,5,0.0,0,0,0.0
1785432263.091,17:24:23,timeslice,6,0.0,0,0,0.0
1785432263.091,17:24:23,timeslice,7,0.0,0,0,0.0
1785432264.092,17:24:24,timeslice,0,0.0,0,0,0.0
1785432264.092,17:24:24,timeslice,1,0.0,0,0,0.0
1785432264.092,17:24:24,timeslice,2,0.0,0,0,0.0
1785432264.092,17:24:24,timeslice,3,0.0,0,0,0.0
1785432264.092,17:24:24,timeslice,4,0.0,0,0,0.0
1785432264.092,17:24:24,timeslice,5,0.0,0,0,0.0
1785432264.092,17:24:24,timeslice,6,0.0,0,0,0.0
1785432264.092,17:24:24,timeslice,7,0.0,0,0,0.0
1785432265.092,17:24:25,timeslice,0,0.0,0,0,0.0
1785432265.092,17:24:25,timeslice,1,0.0,0,0,0.0
1785432265.092,17:24:25,timeslice,2,0.0,0,0,0.0
1785432265.092,17:24:25,timeslice,3,0.0,0,0,0.0
1785432265.092,17:24:25,timeslice,4,0.0,0,0,0.0
1785432265.092,17:24:25,timeslice,5,0.0,0,0,0.0
1785432265.092,17:24:25,timeslice,6,0.0,0,0,0.0
1785432265.092,17:24:25,timeslice,7,0.0,0,0,0.0
1785432266.092,17:24:26,timeslice,0,0.0,0,0,0.0
1785432266.092,17:24:26,timeslice,1,0.0,0,0,0.0
1785432266.092,17:24:26,timeslice,2,0.0,0,0,0.0
1785432266.092,17:24:26,timeslice,3,0.0,0,0,0.0
1785432266.092,17:24:26,timeslice,4,0.0,0,0,0.0
1785432266.092,17:24:26,timeslice,5,0.0,0,0,0.0
1785432266.092,17:24:26,timeslice,6,0.0,0,0,0.0
1785432266.092,17:24:26,timeslice,7,0.0,0,0,0.0
1785432267.092,17:24:27,timeslice,0,0.0,0,0,0.0
1785432267.092,17:24:27,timeslice,1,0.0,0,0,0.0
1785432267.092,17:24:27,timeslice,2,0.0,0,0,0.0
1785432267.092,17:24:27,timeslice,3,0.0,0,0,0.0
1785432267.092,17:24:27,timeslice,4,0.0,0,0,0.0
1785432267.092,17:24:27,timeslice,5,0.0,0,0,0.0
1785432267.092,17:24:27,timeslice,6,0.0,0,0,0.0
1785432267.092,17:24:27,timeslice,7,0.0,0,0,0.0
1785432268.092,17:24:28,timeslice,0,0.0,0,0,0.0
1785432268.092,17:24:28,timeslice,1,0.0,0,0,0.0
1785432268.092,17:24:28,timeslice,2,0.0,0,0,0.0
1785432268.092,17:24:28,timeslice,3,0.0,0,0,0.0
1785432268.092,17:24:28,timeslice,4,0.0,0,0,0.0
1785432268.092,17:24:28,timeslice,5,0.0,0,0,0.0
1785432268.092,17:24:28,timeslice,6,0.0,0,0,0.0
1785432268.092,17:24:28,timeslice,7,0.0,0,0,0.0
1785432269.092,17:24:29,timeslice,0,0.0,0,0,0.0
1785432269.092,17:24:29,timeslice,1,0.0,0,0,0.0
1785432269.092,17:24:29,timeslice,2,0.0,0,0,0.0
1785432269.092,17:24:29,timeslice,3,0.0,0,0,0.0
1785432269.092,17:24:29,timeslice,4,0.0,0,0,0.0
1785432269.092,17:24:29,timeslice,5,0.0,0,0,0.0
1785432269.092,17:24:29,timeslice,6,0.0,0,0,0.0
1785432269.092,17:24:29,timeslice,7,0.0,0,0,0.0
1785432270.092,17:24:30,timeslice,0,0.0,0,0,0.0
1785432270.092,17:24:30,timeslice,1,0.0,0,0,0.0
1785432270.092,17:24:30,timeslice,2,0.0,0,0,0.0
1785432270.092,17:24:30,timeslice,3,0.0,0,0,0.0
1785432270.092,17:24:30,timeslice,4,0.0,0,0,0.0
1785432270.092,17:24:30,timeslice,5,0.0,0,0,0.0
1785432270.092,17:24:30,timeslice,6,0.0,0,0,0.0
1785432270.092,17:24:30,timeslice,7,0.0,0,0,0.0
1785432271.092,17:24:31,timeslice,0,0.0,0,0,0.0
1785432271.092,17:24:31,timeslice,1,0.0,0,0,0.0
1785432271.092,17:24:31,timeslice,2,0.0,0,0,0.0
1785432271.092,17:24:31,timeslice,3,0.0,0,0,0.0
1785432271.092,17:24:31,timeslice,4,0.0,0,0,0.0
1785432271.092,17:24:31,timeslice,5,0.0,0,0,0.0
1785432271.092,17:24:31,timeslice,6,0.0,0,0,0.0
1785432271.092,17:24:31,timeslice,7,0.0,0,0,0.0
1785432272.092,17:24:32,timeslice,0,0.0,0,0,0.0
1785432272.092,17:24:32,timeslice,1,0.0,0,0,0.0
1785432272.092,17:24:32,timeslice,2,0.0,0,0,0.0
1785432272.092,17:24:32,timeslice,3,0.0,0,0,0.0
1785432272.092,17:24:32,timeslice,4,0.0,0,0,0.0
1785432272.092,17:24:32,timeslice,5,0.0,0,0,0.0
1785432272.092,17:24:32,timeslice,6,0.0,0,0,0.0
1785432272.092,17:24:32,timeslice,7,0.0,0,0,0.0
1785432273.093,17:24:33,timeslice,0,0.0,0,0,0.0
1785432273.093,17:24:33,timeslice,1,0.0,0,0,0.0
1785432273.093,17:24:33,timeslice,2,0.0,0,0,0.0
1785432273.093,17:24:33,timeslice,3,0.0,0,0,0.0
1785432273.093,17:24:33,timeslice,4,0.0,0,0,0.0
1785432273.093,17:24:33,timeslice,5,0.0,0,0,0.0
1785432273.093,17:24:33,timeslice,6,0.0,0,0,0.0
1785432273.093,17:24:33,timeslice,7,0.0,0,0,0.0
1785432274.093,17:24:34,timeslice,0,0.0,0,0,0.0
1785432274.093,17:24:34,timeslice,1,0.0,0,0,0.0
1785432274.093,17:24:34,timeslice,2,0.0,0,0,0.0
1785432274.093,17:24:34,timeslice,3,0.0,0,0,0.0
1785432274.093,17:24:34,timeslice,4,0.0,0,0,0.0
1785432274.093,17:24:34,timeslice,5,0.0,0,0,0.0
1785432274.093,17:24:34,timeslice,6,0.0,0,0,0.0
1785432274.093,17:24:34,timeslice,7,0.0,0,0,0.0
1785432275.093,17:24:35,timeslice,0,0.0,0,0,0.0
1785432275.093,17:24:35,timeslice,1,0.0,0,0,0.0
1785432275.093,17:24:35,timeslice,2,0.0,0,0,0.0
1785432275.093,17:24:35,timeslice,3,0.0,0,0,0.0
1785432275.093,17:24:35,timeslice,4,0.0,0,0,0.0
1785432275.093,17:24:35,timeslice,5,0.0,0,0,0.0
1785432275.093,17:24:35,timeslice,6,0.0,0,0,0.0
1785432275.093,17:24:35,timeslice,7,0.0,0,0,0.0
1785432276.093,17:24:36,timeslice,0,0.0,0,0,0.0
1785432276.093,17:24:36,timeslice,1,0.0,0,0,0.0
1785432276.093,17:24:36,timeslice,2,0.0,0,0,0.0
1785432276.093,17:24:36,timeslice,3,0.0,0,0,0.0
1785432276.093,17:24:36,timeslice,4,0.0,0,0,0.0
1785432276.093,17:24:36,timeslice,5,0.0,0,0,0.0
1785432276.093,17:24:36,timeslice,6,0.0,0,0,0.0
1785432276.093,17:24:36,timeslice,7,0.0,0,0,0.0
1785432277.093,17:24:37,timeslice,0,0.0,0,0,0.0
1785432277.093,17:24:37,timeslice,1,0.0,0,0,0.0
1785432277.093,17:24:37,timeslice,2,0.0,0,0,0.0
1785432277.093,17:24:37,timeslice,3,0.0,0,0,0.0
1785432277.093,17:24:37,timeslice,4,0.0,0,0,0.0
1785432277.093,17:24:37,timeslice,5,0.0,0,0,0.0
1785432277.093,17:24:37,timeslice,6,0.0,0,0,0.0
1785432277.093,17:24:37,timeslice,7,0.0,0,0,0.0
1785432278.093,17:24:38,timeslice,0,0.0,0,0,0.0
1785432278.093,17:24:38,timeslice,1,0.0,0,0,0.0
1785432278.093,17:24:38,timeslice,2,0.0,0,0,0.0
1785432278.093,17:24:38,timeslice,3,0.0,0,0,0.0
1785432278.093,17:24:38,timeslice,4,0.0,0,0,0.0
1785432278.093,17:24:38,timeslice,5,0.0,0,0,0.0
1785432278.093,17:24:38,timeslice,6,0.0,0,0,0.0
1785432278.093,17:24:38,timeslice,7,0.0,0,0,0.0
1785432279.093,17:24:39,timeslice,0,0.0,0,0,0.0
1785432279.093,17:24:39,timeslice,1,0.0,0,0,0.0
1785432279.093,17:24:39,timeslice,2,0.0,0,0,0.0
1785432279.093,17:24:39,timeslice,3,0.0,0,0,0.0
1785432279.093,17:24:39,timeslice,4,0.0,0,0,0.0
1785432279.093,17:24:39,timeslice,5,0.0,0,0,0.0
1785432279.093,17:24:39,timeslice,6,0.0,0,0,0.0
1785432279.093,17:24:39,timeslice,7,0.0,0,0,0.0
1785432280.093,17:24:40,timeslice,0,0.0,0,0,0.0
1785432280.093,17:24:40,timeslice,1,0.0,0,0,0.0
1785432280.093,17:24:40,timeslice,2,0.0,0,0,0.0
1785432280.093,17:24:40,timeslice,3,0.0,0,0,0.0
1785432280.093,17:24:40,timeslice,4,0.0,0,0,0.0
1785432280.093,17:24:40,timeslice,5,0.0,0,0,0.0
1785432280.093,17:24:40,timeslice,6,0.0,0,0,0.0
1785432280.093,17:24:40,timeslice,7,0.0,0,0,0.0
1785432281.094,17:24:41,timeslice,0,0.0,0,0,0.0
1785432281.094,17:24:41,timeslice,1,0.0,0,0,0.0
1785432281.094,17:24:41,timeslice,2,0.0,0,0,0.0
1785432281.094,17:24:41,timeslice,3,0.0,0,0,0.0
1785432281.094,17:24:41,timeslice,4,0.0,0,0,0.0
1785432281.094,17:24:41,timeslice,5,0.0,0,0,0.0
1785432281.094,17:24:41,timeslice,6,0.0,0,0,0.0
1785432281.094,17:24:41,timeslice,7,0.0,0,0,0.0
1785432282.094,17:24:42,timeslice,0,0.0,0,0,0.0
1785432282.094,17:24:42,timeslice,1,0.0,0,0,0.0
1785432282.094,17:24:42,timeslice,2,0.0,0,0,0.0
1785432282.094,17:24:42,timeslice,3,0.0,0,0,0.0
1785432282.094,17:24:42,timeslice,4,0.0,0,0,0.0
1785432282.094,17:24:42,timeslice,5,0.0,0,0,0.0
1785432282.094,17:24:42,timeslice,6,0.0,0,0,0.0
1785432282.094,17:24:42,timeslice,7,0.0,0,0,0.0
1785432283.094,17:24:43,timeslice,0,0.0,0,0,0.0
1785432283.094,17:24:43,timeslice,1,0.0,0,0,0.0
1785432283.094,17:24:43,timeslice,2,0.0,0,0,0.0
1785432283.094,17:24:43,timeslice,3,0.0,0,0,0.0
1785432283.094,17:24:43,timeslice,4,0.0,0,0,0.0
1785432283.094,17:24:43,timeslice,5,0.0,0,0,0.0
1785432283.094,17:24:43,timeslice,6,0.0,0,0,0.0
1785432283.094,17:24:43,timeslice,7,0.0,0,0,0.0
1785432284.094,17:24:44,timeslice,0,0.0,0,0,0.0
1785432284.094,17:24:44,timeslice,1,0.0,0,0,0.0
1785432284.094,17:24:44,timeslice,2,0.0,0,0,0.0
1785432284.094,17:24:44,timeslice,3,0.0,0,0,0.0
1785432284.094,17:24:44,timeslice,4,0.0,0,0,0.0
1785432284.094,17:24:44,timeslice,5,0.0,0,0,0.0
1785432284.094,17:24:44,timeslice,6,0.0,0,0,0.0
1785432284.094,17:24:44,timeslice,7,0.0,0,0,0.0
1785432285.094,17:24:45,timeslice,0,0.0,0,0,0.0
1785432285.094,17:24:45,timeslice,1,0.0,0,0,0.0
1785432285.094,17:24:45,timeslice,2,0.0,0,0,0.0
1785432285.094,17:24:45,timeslice,3,0.0,0,0,0.0
1785432285.094,17:24:45,timeslice,4,0.0,0,0,0.0
1785432285.094,17:24:45,timeslice,5,0.0,0,0,0.0
1785432285.094,17:24:45,timeslice,6,0.0,0,0,0.0
1785432285.094,17:24:45,timeslice,7,0.0,0,0,0.0
1785432286.094,17:24:46,timeslice,0,0.0,0,0,0.0
1785432286.094,17:24:46,timeslice,1,0.0,0,0,0.0
1785432286.094,17:24:46,timeslice,2,0.0,0,0,0.0
1785432286.094,17:24:46,timeslice,3,0.0,0,0,0.0
1785432286.094,17:24:46,timeslice,4,0.0,0,0,0.0
1785432286.094,17:24:46,timeslice,5,0.0,0,0,0.0
1785432286.094,17:24:46,timeslice,6,0.0,0,0,0.0
1785432286.094,17:24:46,timeslice,7,0.0,0,0,0.0
1785432287.094,17:24:47,timeslice,0,0.0,0,0,0.0
1785432287.094,17:24:47,timeslice,1,0.0,0,0,0.0
1785432287.094,17:24:47,timeslice,2,0.0,0,0,0.0
1785432287.094,17:24:47,timeslice,3,0.0,0,0,0.0
1785432287.094,17:24:47,timeslice,4,0.0,0,0,0.0
1785432287.094,17:24:47,timeslice,5,0.0,0,0,0.0
1785432287.094,17:24:47,timeslice,6,0.0,0,0,0.0
1785432287.094,17:24:47,timeslice,7,0.0,0,0,0.0
1785432288.094,17:24:48,timeslice,0,0.0,0,0,0.0
1785432288.094,17:24:48,timeslice,1,0.0,0,0,0.0
1785432288.094,17:24:48,timeslice,2,0.0,0,0,0.0
1785432288.094,17:24:48,timeslice,3,0.0,0,0,0.0
1785432288.094,17:24:48,timeslice,4,0.0,0,0,0.0
1785432288.094,17:24:48,timeslice,5,0.0,0,0,0.0
1785432288.094,17:24:48,timeslice,6,0.0,0,0,0.0
1785432288.094,17:24:48,timeslice,7,0.0,0,0,0.0
1785432289.095,17:24:49,timeslice,0,0.0,0,0,0.0
1785432289.095,17:24:49,timeslice,1,0.0,0,0,0.0
1785432289.095,17:24:49,timeslice,2,0.0,0,0,0.0
1785432289.095,17:24:49,timeslice,3,0.0,0,0,0.0
1785432289.095,17:24:49,timeslice,4,0.0,0,0,0.0
1785432289.095,17:24:49,timeslice,5,0.0,0,0,0.0
1785432289.095,17:24:49,timeslice,6,0.0,0,0,0.0
1785432289.095,17:24:49,timeslice,7,0.0,0,0,0.0
1785432290.095,17:24:50,timeslice,0,0.0,0,0,0.0
1785432290.095,17:24:50,timeslice,1,0.0,0,0,0.0
1785432290.095,17:24:50,timeslice,2,0.0,0,0,0.0
1785432290.095,17:24:50,timeslice,3,0.0,0,0,0.0
1785432290.095,17:24:50,timeslice,4,0.0,0,0,0.0
1785432290.095,17:24:50,timeslice,5,0.0,0,0,0.0
1785432290.095,17:24:50,timeslice,6,0.0,0,0,0.0
1785432290.095,17:24:50,timeslice,7,0.0,0,0,0.0
1785432291.095,17:24:51,timeslice,0,0.0,0,0,0.0
1785432291.095,17:24:51,timeslice,1,0.0,0,0,0.0
1785432291.095,17:24:51,timeslice,2,0.0,0,0,0.0
1785432291.095,17:24:51,timeslice,3,0.0,0,0,0.0
1785432291.095,17:24:51,timeslice,4,0.0,0,0,0.0
1785432291.095,17:24:51,timeslice,5,0.0,0,0,0.0
1785432291.095,17:24:51,timeslice,6,0.0,0,0,0.0
1785432291.095,17:24:51,timeslice,7,0.0,0,0,0.0
1785432292.095,17:24:52,timeslice,0,0.0,0,0,0.0
1785432292.095,17:24:52,timeslice,1,0.0,0,0,0.0
1785432292.095,17:24:52,timeslice,2,0.0,0,0,0.0
1785432292.095,17:24:52,timeslice,3,0.0,0,0,0.0
1785432292.095,17:24:52,timeslice,4,0.0,0,0,0.0
1785432292.095,17:24:52,timeslice,5,0.0,0,0,0.0
1785432292.095,17:24:52,timeslice,6,0.0,0,0,0.0
1785432292.095,17:24:52,timeslice,7,0.0,0,0,0.0
1785432293.095,17:24:53,timeslice,0,0.0,0,0,0.0
1785432293.095,17:24:53,timeslice,1,0.0,0,0,0.0
1785432293.095,17:24:53,timeslice,2,0.0,0,0,0.0
1785432293.095,17:24:53,timeslice,3,0.0,0,0,0.0
1785432293.095,17:24:53,timeslice,4,0.0,0,0,0.0
1785432293.095,17:24:53,timeslice,5,0.0,0,0,0.0
1785432293.095,17:24:53,timeslice,6,0.0,0,0,0.0
1785432293.095,17:24:53,timeslice,7,0.0,0,0,0.0
1785432294.095,17:24:54,timeslice,0,0.0,0,0,0.0
1785432294.095,17:24:54,timeslice,1,0.0,0,0,0.0
1785432294.095,17:24:54,timeslice,2,0.0,0,0,0.0
1785432294.095,17:24:54,timeslice,3,0.0,0,0,0.0
1785432294.095,17:24:54,timeslice,4,0.0,0,0,0.0
1785432294.095,17:24:54,timeslice,5,0.0,0,0,0.0
1785432294.095,17:24:54,timeslice,6,0.0,0,0,0.0
1785432294.095,17:24:54,timeslice,7,0.0,0,0,0.0
1785432295.095,17:24:55,timeslice,0,0.0,0,0,0.0
1785432295.095,17:24:55,timeslice,1,0.0,0,0,0.0
1785432295.095,17:24:55,timeslice,2,0.0,0,0,0.0
1785432295.095,17:24:55,timeslice,3,0.0,0,0,0.0
1785432295.095,17:24:55,timeslice,4,0.0,0,0,0.0
1785432295.095,17:24:55,timeslice,5,0.0,0,0,0.0
1785432295.095,17:24:55,timeslice,6,0.0,0,0,0.0
1785432295.095,17:24:55,timeslice,7,0.0,0,0,0.0
1785432296.095,17:24:56,timeslice,0,0.0,0,0,0.0
1785432296.095,17:24:56,timeslice,1,0.0,0,0,0.0
1785432296.095,17:24:56,timeslice,2,0.0,0,0,0.0
1785432296.095,17:24:56,timeslice,3,0.0,0,0,0.0
1785432296.095,17:24:56,timeslice,4,0.0,0,0,0.0
1785432296.095,17:24:56,timeslice,5,0.0,0,0,0.0
1785432296.095,17:24:56,timeslice,6,0.0,0,0,0.0
1785432296.095,17:24:56,timeslice,7,0.0,0,0,0.0
1785432297.095,17:24:57,timeslice,0,0.0,0,0,0.0
1785432297.095,17:24:57,timeslice,1,0.0,0,0,0.0
1785432297.095,17:24:57,timeslice,2,0.0,0,0,0.0
1785432297.095,17:24:57,timeslice,3,0.0,0,0,0.0
1785432297.095,17:24:57,timeslice,4,0.0,0,0,0.0
1785432297.095,17:24:57,timeslice,5,0.0,0,0,0.0
1785432297.095,17:24:57,timeslice,6,0.0,0,0,0.0
1785432297.095,17:24:57,timeslice,7,0.0,0,0,0.0
1785432298.096,17:24:58,timeslice,0,0.0,0,0,0.0
1785432298.096,17:24:58,timeslice,1,0.0,0,0,0.0
1785432298.096,17:24:58,timeslice,2,0.0,0,0,0.0
1785432298.096,17:24:58,timeslice,3,0.0,0,0,0.0
1785432298.096,17:24:58,timeslice,4,0.0,0,0,0.0
1785432298.096,17:24:58,timeslice,5,0.0,0,0,0.0
1785432298.096,17:24:58,timeslice,6,0.0,0,0,0.0
1785432298.096,17:24:58,timeslice,7,0.0,0,0,0.0
1785432299.096,17:24:59,timeslice,0,0.0,0,0,0.0
1785432299.096,17:24:59,timeslice,1,0.0,0,0,0.0
1785432299.096,17:24:59,timeslice,2,0.0,0,0,0.0
1785432299.096,17:24:59,timeslice,3,0.0,0,0,0.0
1785432299.096,17:24:59,timeslice,4,0.0,0,0,0.0
1785432299.096,17:24:59,timeslice,5,0.0,0,0,0.0
1785432299.096,17:24:59,timeslice,6,0.0,0,0,0.0
1785432299.096,17:24:59,timeslice,7,0.0,0,0,0.0
1785432300.096,17:25:00,timeslice,0,0.0,0,0,0.0
1785432300.096,17:25:00,timeslice,1,0.0,0,0,0.0
1785432300.096,17:25:00,timeslice,2,0.0,0,0,0.0
1785432300.096,17:25:00,timeslice,3,0.0,0,0,0.0
1785432300.096,17:25:00,timeslice,4,0.0,0,0,0.0
1785432300.096,17:25:00,timeslice,5,0.0,0,0,0.0
1785432300.096,17:25:00,timeslice,6,0.0,0,0,0.0
1785432300.096,17:25:00,timeslice,7,0.0,0,0,0.0
1785432301.096,17:25:01,timeslice,0,0.0,0,0,0.0
1785432301.096,17:25:01,timeslice,1,0.0,0,0,0.0
1785432301.096,17:25:01,timeslice,2,0.0,0,0,0.0
1785432301.096,17:25:01,timeslice,3,0.0,0,0,0.0
1785432301.096,17:25:01,timeslice,4,0.0,0,0,0.0
1785432301.096,17:25:01,timeslice,5,0.0,0,0,0.0
1785432301.096,17:25:01,timeslice,6,0.0,0,0,0.0
1785432301.096,17:25:01,timeslice,7,0.0,0,0,0.0
1785432302.096,17:25:02,timeslice,0,0.0,0,0,0.0
1785432302.096,17:25:02,timeslice,1,0.0,0,0,0.0
1785432302.096,17:25:02,timeslice,2,0.0,0,0,0.0
1785432302.096,17:25:02,timeslice,3,0.0,0,0,0.0
1785432302.096,17:25:02,timeslice,4,0.0,0,0,0.0
1785432302.096,17:25:02,timeslice,5,0.0,0,0,0.0
1785432302.096,17:25:02,timeslice,6,0.0,0,0,0.0
1785432302.096,17:25:02,timeslice,7,0.0,0,0,0.0
1785432303.096,17:25:03,timeslice,0,0.0,0,0,0.0
1785432303.096,17:25:03,timeslice,1,0.0,0,0,0.0
1785432303.096,17:25:03,timeslice,2,0.0,0,0,0.0
1785432303.096,17:25:03,timeslice,3,0.0,0,0,0.0
1785432303.096,17:25:03,timeslice,4,0.0,0,0,0.0
1785432303.096,17:25:03,timeslice,5,0.0,0,0,0.0
1785432303.096,17:25:03,timeslice,6,0.0,0,0,0.0
1785432303.096,17:25:03,timeslice,7,0.0,0,0,0.0
1785432304.096,17:25:04,timeslice,0,0.0,0,0,0.0
1785432304.096,17:25:04,timeslice,1,0.0,0,0,0.0
1785432304.096,17:25:04,timeslice,2,0.0,0,0,0.0
1785432304.096,17:25:04,timeslice,3,0.0,0,0,0.0
1785432304.096,17:25:04,timeslice,4,0.0,0,0,0.0
1785432304.096,17:25:04,timeslice,5,0.0,0,0,0.0
1785432304.096,17:25:04,timeslice,6,0.0,0,0,0.0
1785432304.096,17:25:04,timeslice,7,0.0,0,0,0.0
1785432305.096,17:25:05,timeslice,0,0.0,0,0,0.0
1785432305.096,17:25:05,timeslice,1,0.0,0,0,0.0
1785432305.096,17:25:05,timeslice,2,0.0,0,0,0.0
1785432305.096,17:25:05,timeslice,3,0.0,0,0,0.0
1785432305.096,17:25:05,timeslice,4,0.0,0,0,0.0
1785432305.096,17:25:05,timeslice,5,0.0,0,0,0.0
1785432305.096,17:25:05,timeslice,6,0.0,0,0,0.0
1785432305.096,17:25:05,timeslice,7,0.0,0,0,0.0
1785432306.097,17:25:06,timeslice,0,0.0,0,0,0.0
1785432306.097,17:25:06,timeslice,1,0.0,0,0,0.0
1785432306.097,17:25:06,timeslice,2,0.0,0,0,0.0
1785432306.097,17:25:06,timeslice,3,0.0,0,0,0.0
1785432306.097,17:25:06,timeslice,4,0.0,0,0,0.0
1785432306.097,17:25:06,timeslice,5,0.0,0,0,0.0
1785432306.097,17:25:06,timeslice,6,0.0,0,0,0.0
1785432306.097,17:25:06,timeslice,7,0.0,0,0,0.0
1785432307.097,17:25:07,timeslice,0,0.0,0,0,0.0
1785432307.097,17:25:07,timeslice,1,0.0,0,0,0.0
1785432307.097,17:25:07,timeslice,2,0.0,0,0,0.0
1785432307.097,17:25:07,timeslice,3,0.0,0,0,0.0
1785432307.097,17:25:07,timeslice,4,0.0,0,0,0.0
1785432307.097,17:25:07,timeslice,5,0.0,0,0,0.0
1785432307.097,17:25:07,timeslice,6,0.0,0,0,0.0
1785432307.097,17:25:07,timeslice,7,0.0,0,0,0.0
1785432308.097,17:25:08,timeslice,0,0.0,0,0,0.0
1785432308.097,17:25:08,timeslice,1,0.0,0,0,0.0
1785432308.097,17:25:08,timeslice,2,0.0,0,0,0.0
1785432308.097,17:25:08,timeslice,3,0.0,0,0,0.0
1785432308.097,17:25:08,timeslice,4,0.0,0,0,0.0
1785432308.097,17:25:08,timeslice,5,0.0,0,0,0.0
1785432308.097,17:25:08,timeslice,6,0.0,0,0,0.0
1785432308.097,17:25:08,timeslice,7,0.0,0,0,0.0
1785432309.097,17:25:09,timeslice,0,0.0,0,0,0.0
1785432309.097,17:25:09,timeslice,1,0.0,0,0,0.0
1785432309.097,17:25:09,timeslice,2,0.0,0,0,0.0
1785432309.097,17:25:09,timeslice,3,0.0,0,0,0.0
1785432309.097,17:25:09,timeslice,4,0.0,0,0,0.0
1785432309.097,17:25:09,timeslice,5,0.0,0,0,0.0
1785432309.097,17:25:09,timeslice,6,0.0,0,0,0.0
1785432309.097,17:25:09,timeslice,7,0.0,0,0,0.0
1785432310.097,17:25:10,timeslice,0,0.0,0,0,0.0
1785432310.097,17:25:10,timeslice,1,0.0,0,0,0.0
1785432310.097,17:25:10,timeslice,2,0.0,0,0,0.0
1785432310.097,17:25:10,timeslice,3,0.0,0,0,0.0
1785432310.097,17:25:10,timeslice,4,0.0,0,0,0.0
1785432310.097,17:25:10,timeslice,5,0.0,0,0,0.0
1785432310.097,17:25:10,timeslice,6,0.0,0,0,0.0
1785432310.097,17:25:10,timeslice,7,0.0,0,0,0.0
1785432311.097,17:25:11,timeslice,0,0.0,0,0,0.0
1785432311.097,17:25:11,timeslice,1,0.0,0,0,0.0
1785432311.097,17:25:11,timeslice,2,0.0,0,0,0.0
1785432311.097,17:25:11,timeslice,3,0.0,0,0,0.0
1785432311.097,17:25:11,timeslice,4,0.0,0,0,0.0
1785432311.097,17:25:11,timeslice,5,0.0,0,0,0.0
1785432311.097,17:25:11,timeslice,6,0.0,0,0,0.0
1785432311.097,17:25:11,timeslice,7,0.0,0,0,0.0
1785432312.097,17:25:12,timeslice,0,0.0,0,0,0.0
1785432312.097,17:25:12,timeslice,1,0.0,0,0,0.0
1785432312.097,17:25:12,timeslice,2,0.0,0,0,0.0
1785432312.097,17:25:12,timeslice,3,0.0,0,0,0.0
1785432312.097,17:25:12,timeslice,4,0.0,0,0,0.0
1785432312.097,17:25:12,timeslice,5,0.0,0,0,0.0
1785432312.097,17:25:12,timeslice,6,0.0,0,0,0.0
1785432312.097,17:25:12,timeslice,7,0.0,0,0,0.0
1785432313.097,17:25:13,timeslice,0,0.0,0,0,0.0
1785432313.097,17:25:13,timeslice,1,0.0,0,0,0.0
1785432313.097,17:25:13,timeslice,2,0.0,0,0,0.0
1785432313.097,17:25:13,timeslice,3,0.0,0,0,0.0
1785432313.097,17:25:13,timeslice,4,0.0,0,0,0.0
1785432313.097,17:25:13,timeslice,5,0.0,0,0,0.0
1785432313.097,17:25:13,timeslice,6,0.0,0,0,0.0
1785432313.097,17:25:13,timeslice,7,0.0,0,0,0.0
1785432314.098,17:25:14,timeslice,0,0.0,0,0,0.0
1785432314.098,17:25:14,timeslice,1,0.0,0,0,0.0
1785432314.098,17:25:14,timeslice,2,0.0,0,0,0.0
1785432314.098,17:25:14,timeslice,3,0.0,0,0,0.0
1785432314.098,17:25:14,timeslice,4,0.0,0,0,0.0
1785432314.098,17:25:14,timeslice,5,0.0,0,0,0.0
1785432314.098,17:25:14,timeslice,6,0.0,0,0,0.0
1785432314.098,17:25:14,timeslice,7,0.0,0,0,0.0
1785432315.098,17:25:15,timeslice,0,0.0,0,0,0.0
1785432315.098,17:25:15,timeslice,1,0.0,0,0,0.0
1785432315.098,17:25:15,timeslice,2,0.0,0,0,0.0
1785432315.098,17:25:15,timeslice,3,0.0,0,0,0.0
1785432315.098,17:25:15,timeslice,4,0.0,0,0,0.0
1785432315.098,17:25:15,timeslice,5,0.0,0,0,0.0
1785432315.098,17:25:15,timeslice,6,0.0,0,0,0.0
1785432315.098,17:25:15,timeslice,7,0.0,0,0,0.0
1785432316.098,17:25:16,timeslice,0,0.0,0,0,0.0
1785432316.098,17:25:16,timeslice,1,0.0,0,0,0.0
1785432316.098,17:25:16,timeslice,2,0.0,0,0,0.0
1785432316.098,17:25:16,timeslice,3,0.0,0,0,0.0
1785432316.098,17:25:16,timeslice,4,0.0,0,0,0.0
1785432316.098,17:25:16,timeslice,5,0.0,0,0,0.0
1785432316.098,17:25:16,timeslice,6,0.0,0,0,0.0
1785432316.098,17:25:16,timeslice,7,0.0,0,0,0.0
1785432317.098,17:25:17,timeslice,0,0.0,0,0,0.0
1785432317.098,17:25:17,timeslice,1,0.0,0,0,0.0
1785432317.098,17:25:17,timeslice,2,0.0,0,0,0.0
1785432317.098,17:25:17,timeslice,3,0.0,0,0,0.0
1785432317.098,17:25:17,timeslice,4,0.0,0,0,0.0
1785432317.098,17:25:17,timeslice,5,0.0,0,0,0.0
1785432317.098,17:25:17,timeslice,6,0.0,0,0,0.0
1785432317.098,17:25:17,timeslice,7,0.0,0,0,0.0
1785432318.098,17:25:18,timeslice,0,0.0,0,0,0.0
1785432318.098,17:25:18,timeslice,1,0.0,0,0,0.0
1785432318.098,17:25:18,timeslice,2,0.0,0,0,0.0
1785432318.098,17:25:18,timeslice,3,0.0,0,0,0.0
1785432318.098,17:25:18,timeslice,4,0.0,0,0,0.0
1785432318.098,17:25:18,timeslice,5,0.0,0,0,0.0
1785432318.098,17:25:18,timeslice,6,0.0,0,0,0.0
1785432318.098,17:25:18,timeslice,7,0.0,0,0,0.0
1785432319.098,17:25:19,timeslice,0,0.0,0,0,0.0
1785432319.098,17:25:19,timeslice,1,0.0,0,0,0.0
1785432319.098,17:25:19,timeslice,2,0.0,0,0,0.0
1785432319.098,17:25:19,timeslice,3,0.0,0,0,0.0
1785432319.098,17:25:19,timeslice,4,0.0,0,0,0.0
1785432319.098,17:25:19,timeslice,5,0.0,0,0,0.0
1785432319.098,17:25:19,timeslice,6,0.0,0,0,0.0
1785432319.098,17:25:19,timeslice,7,0.0,0,0,0.0
1785432320.098,17:25:20,timeslice,0,0.0,0,0,0.0
1785432320.098,17:25:20,timeslice,1,0.0,0,0,0.0
1785432320.098,17:25:20,timeslice,2,0.0,0,0,0.0
1785432320.098,17:25:20,timeslice,3,0.0,0,0,0.0
1785432320.098,17:25:20,timeslice,4,0.0,0,0,0.0
1785432320.098,17:25:20,timeslice,5,0.0,0,0,0.0
1785432320.098,17:25:20,timeslice,6,0.0,0,0,0.0
1785432320.098,17:25:20,timeslice,7,0.0,0,0,0.0
1785432321.098,17:25:21,timeslice,0,0.0,0,0,0.0
1785432321.098,17:25:21,timeslice,1,0.0,0,0,0.0
1785432321.098,17:25:21,timeslice,2,0.0,0,0,0.0
1785432321.098,17:25:21,timeslice,3,0.0,0,0,0.0
1785432321.098,17:25:21,timeslice,4,0.0,0,0,0.0
1785432321.098,17:25:21,timeslice,5,0.0,0,0,0.0
1785432321.098,17:25:21,timeslice,6,0.0,0,0,0.0
1785432321.098,17:25:21,timeslice,7,0.0,0,0,0.0
1785432322.098,17:25:22,timeslice,0,0.0,0,0,0.0
1785432322.098,17:25:22,timeslice,1,0.0,0,0,0.0
1785432322.098,17:25:22,timeslice,2,0.0,0,0,0.0
1785432322.098,17:25:22,timeslice,3,0.0,0,0,0.0
1785432322.098,17:25:22,timeslice,4,0.0,0,0,0.0
1785432322.098,17:25:22,timeslice,5,0.0,0,0,0.0
1785432322.098,17:25:22,timeslice,6,0.0,0,0,0.0
1785432322.098,17:25:22,timeslice,7,0.0,0,0,0.0
1785432323.099,17:25:23,timeslice,0,0.0,0,0,0.0
1785432323.099,17:25:23,timeslice,1,0.0,0,0,0.0
1785432323.099,17:25:23,timeslice,2,0.0,0,0,0.0
1785432323.099,17:25:23,timeslice,3,0.0,0,0,0.0
1785432323.099,17:25:23,timeslice,4,0.0,0,0,0.0
1785432323.099,17:25:23,timeslice,5,0.0,0,0,0.0
1785432323.099,17:25:23,timeslice,6,0.0,0,0,0.0
1785432323.099,17:25:23,timeslice,7,0.0,0,0,0.0
1785432324.099,17:25:24,timeslice,0,0.0,0,0,0.0
1785432324.099,17:25:24,timeslice,1,0.0,0,0,0.0
1785432324.099,17:25:24,timeslice,2,0.0,0,0,0.0
1785432324.099,17:25:24,timeslice,3,0.0,0,0,0.0
1785432324.099,17:25:24,timeslice,4,0.0,0,0,0.0
1785432324.099,17:25:24,timeslice,5,0.0,0,0,0.0
1785432324.099,17:25:24,timeslice,6,0.0,0,0,0.0
1785432324.099,17:25:24,timeslice,7,0.0,0,0,0.0
1785432325.099,17:25:25,timeslice,0,0.0,0,0,0.0
1785432325.099,17:25:25,timeslice,1,0.0,0,0,0.0
1785432325.099,17:25:25,timeslice,2,0.0,0,0,0.0
1785432325.099,17:25:25,timeslice,3,0.0,0,0,0.0
1785432325.099,17:25:25,timeslice,4,0.0,0,0,0.0
1785432325.099,17:25:25,timeslice,5,0.0,0,0,0.0
1785432325.099,17:25:25,timeslice,6,0.0,0,0,0.0
1785432325.099,17:25:25,timeslice,7,0.0,0,0,0.0
1785432326.099,17:25:26,timeslice,0,0.0,0,0,0.0
1785432326.099,17:25:26,timeslice,1,0.0,0,0,0.0
1785432326.099,17:25:26,timeslice,2,0.0,0,0,0.0
1785432326.099,17:25:26,timeslice,3,0.0,0,0,0.0
1785432326.099,17:25:26,timeslice,4,0.0,0,0,0.0
1785432326.099,17:25:26,timeslice,5,0.0,0,0,0.0
1785432326.099,17:25:26,timeslice,6,0.0,0,0,0.0
1785432326.099,17:25:26,timeslice,7,0.0,0,0,0.0
1785432327.099,17:25:27,timeslice,0,0.0,0,0,0.0
1785432327.099,17:25:27,timeslice,1,0.0,0,0,0.0
1785432327.099,17:25:27,timeslice,2,0.0,0,0,0.0
1785432327.099,17:25:27,timeslice,3,0.0,0,0,0.0
1785432327.099,17:25:27,timeslice,4,0.0,0,0,0.0
1785432327.099,17:25:27,timeslice,5,0.0,0,0,0.0
1785432327.099,17:25:27,timeslice,6,0.0,0,0,0.0
1785432327.099,17:25:27,timeslice,7,0.0,0,0,0.0
1785432328.099,17:25:28,timeslice,0,0.0,0,0,0.0
1785432328.099,17:25:28,timeslice,1,0.0,0,0,0.0
1785432328.099,17:25:28,timeslice,2,0.0,0,0,0.0
1785432328.099,17:25:28,timeslice,3,0.0,0,0,0.0
1785432328.099,17:25:28,timeslice,4,0.0,0,0,0.0
1785432328.099,17:25:28,timeslice,5,0.0,0,0,0.0
1785432328.099,17:25:28,timeslice,6,0.0,0,0,0.0
1785432328.099,17:25:28,timeslice,7,0.0,0,0,0.0
1785432329.099,17:25:29,timeslice,0,0.0,0,0,0.0
1785432329.099,17:25:29,timeslice,1,0.0,0,0,0.0
1785432329.099,17:25:29,timeslice,2,0.0,0,0,0.0
1785432329.099,17:25:29,timeslice,3,0.0,0,0,0.0
1785432329.099,17:25:29,timeslice,4,0.0,0,0,0.0
1785432329.099,17:25:29,timeslice,5,0.0,0,0,0.0
1785432329.099,17:25:29,timeslice,6,0.0,0,0,0.0
1785432329.099,17:25:29,timeslice,7,0.0,0,0,0.0
1785432330.099,17:25:30,timeslice,0,0.0,0,0,0.0
1785432330.099,17:25:30,timeslice,1,0.0,0,0,0.0
1785432330.099,17:25:30,timeslice,2,0.0,0,0,0.0
1785432330.099,17:25:30,timeslice,3,0.0,0,0,0.0
1785432330.099,17:25:30,timeslice,4,0.0,0,0,0.0
1785432330.099,17:25:30,timeslice,5,0.0,0,0,0.0
1785432330.099,17:25:30,timeslice,6,0.0,0,0,0.0
1785432330.099,17:25:30,timeslice,7,0.0,0,0,0.0
1785432331.1,17:25:31,timeslice,0,0.0,0,0,0.0
1785432331.1,17:25:31,timeslice,1,0.0,0,0,0.0
1785432331.1,17:25:31,timeslice,2,0.0,0,0,0.0
1785432331.1,17:25:31,timeslice,3,0.0,0,0,0.0
1785432331.1,17:25:31,timeslice,4,0.0,0,0,0.0
1785432331.1,17:25:31,timeslice,5,0.0,0,0,0.0
1785432331.1,17:25:31,timeslice,6,0.0,0,0,0.0
1785432331.1,17:25:31,timeslice,7,0.0,0,0,0.0
1785432332.1,17:25:32,timeslice,0,0.0,0,0,0.0
1785432332.1,17:25:32,timeslice,1,0.0,0,0,0.0
1785432332.1,17:25:32,timeslice,2,0.0,0,0,0.0
1785432332.1,17:25:32,timeslice,3,0.0,0,0,0.0
1785432332.1,17:25:32,timeslice,4,0.0,0,0,0.0
1785432332.1,17:25:32,timeslice,5,0.0,0,0,0.0
1785432332.1,17:25:32,timeslice,6,0.0,0,0,0.0
1785432332.1,17:25:32,timeslice,7,0.0,0,0,0.0
1785432333.1,17:25:33,timeslice,0,0.0,0,0,0.0
1785432333.1,17:25:33,timeslice,1,0.0,0,0,0.0
1785432333.1,17:25:33,timeslice,2,0.0,0,0,0.0
1785432333.1,17:25:33,timeslice,3,0.0,0,0,0.0
1785432333.1,17:25:33,timeslice,4,0.0,0,0,0.0
1785432333.1,17:25:33,timeslice,5,0.0,0,0,0.0
1785432333.1,17:25:33,timeslice,6,0.0,0,0,0.0
1785432333.1,17:25:33,timeslice,7,0.0,0,0,0.0
1785432334.1,17:25:34,timeslice,0,0.0,0,0,0.0
1785432334.1,17:25:34,timeslice,1,0.0,0,0,0.0
1785432334.1,17:25:34,timeslice,2,0.0,0,0,0.0
1785432334.1,17:25:34,timeslice,3,0.0,0,0,0.0
1785432334.1,17:25:34,timeslice,4,0.0,0,0,0.0
1785432334.1,17:25:34,timeslice,5,0.0,0,0,0.0
1785432334.1,17:25:34,timeslice,6,0.0,0,0,0.0
1785432334.1,17:25:34,timeslice,7,0.0,0,0,0.0
1785432335.1,17:25:35,timeslice,0,0.0,0,0,0.0
1785432335.1,17:25:35,timeslice,1,0.0,0,0,0.0
1785432335.1,17:25:35,timeslice,2,0.0,0,0,0.0
1785432335.1,17:25:35,timeslice,3,0.0,0,0,0.0
1785432335.1,17:25:35,timeslice,4,0.0,0,0,0.0
1785432335.1,17:25:35,timeslice,5,0.0,0,0,0.0
1785432335.1,17:25:35,timeslice,6,0.0,0,0,0.0
1785432335.1,17:25:35,timeslice,7,0.0,0,0,0.0
1785432336.1,17:25:36,timeslice,0,0.0,0,0,0.0
1785432336.1,17:25:36,timeslice,1,0.0,0,0,0.0
1785432336.1,17:25:36,timeslice,2,0.0,0,0,0.0
1785432336.1,17:25:36,timeslice,3,0.0,0,0,0.0
1785432336.1,17:25:36,timeslice,4,0.0,0,0,0.0
1785432336.1,17:25:36,timeslice,5,0.0,0,0,0.0
1785432336.1,17:25:36,timeslice,6,0.0,0,0,0.0
1785432336.1,17:25:36,timeslice,7,0.0,0,0,0.0
1785432337.1,17:25:37,timeslice,0,0.0,0,0,0.0
1785432337.1,17:25:37,timeslice,1,0.0,0,0,0.0
1785432337.1,17:25:37,timeslice,2,0.0,0,0,0.0
1785432337.1,17:25:37,timeslice,3,0.0,0,0,0.0
1785432337.1,17:25:37,timeslice,4,0.0,0,0,0.0
1785432337.1,17:25:37,timeslice,5,0.0,0,0,0.0
1785432337.1,17:25:37,timeslice,6,0.0,0,0,0.0
1785432337.1,17:25:37,timeslice,7,0.0,0,0,0.0
1785432338.1,17:25:38,timeslice,0,0.0,0,0,0.0
1785432338.1,17:25:38,timeslice,1,0.0,0,0,0.0
1785432338.1,17:25:38,timeslice,2,0.0,0,0,0.0
1785432338.1,17:25:38,timeslice,3,0.0,0,0,0.0
1785432338.1,17:25:38,timeslice,4,0.0,0,0,0.0
1785432338.1,17:25:38,timeslice,5,0.0,0,0,0.0
1785432338.1,17:25:38,timeslice,6,0.0,0,0,0.0
1785432338.1,17:25:38,timeslice,7,0.0,0,0,0.0
1785432339.101,17:25:39,timeslice,0,0.0,0,0,0.0
1785432339.101,17:25:39,timeslice,1,0.0,0,0,0.0
1785432339.101,17:25:39,timeslice,2,0.0,0,0,0.0
1785432339.101,17:25:39,timeslice,3,0.0,0,0,0.0
1785432339.101,17:25:39,timeslice,4,0.0,0,0,0.0
1785432339.101,17:25:39,timeslice,5,0.0,0,0,0.0
1785432339.101,17:25:39,timeslice,6,0.0,0,0,0.0
1785432339.101,17:25:39,timeslice,7,0.0,0,0,0.0
1785432340.101,17:25:40,timeslice,0,0.0,0,0,0.0
1785432340.101,17:25:40,timeslice,1,0.0,0,0,0.0
1785432340.101,17:25:40,timeslice,2,0.0,0,0,0.0
1785432340.101,17:25:40,timeslice,3,0.0,0,0,0.0
1785432340.101,17:25:40,timeslice,4,0.0,0,0,0.0
1785432340.101,17:25:40,timeslice,5,0.0,0,0,0.0
1785432340.101,17:25:40,timeslice,6,0.0,0,0,0.0
1785432340.101,17:25:40,timeslice,7,0.0,0,0,0.0
1785432341.101,17:25:41,timeslice,0,0.0,0,0,0.0
1785432341.101,17:25:41,timeslice,1,0.0,0,0,0.0
1785432341.101,17:25:41,timeslice,2,0.0,0,0,0.0
1785432341.101,17:25:41,timeslice,3,0.0,0,0,0.0
1785432341.101,17:25:41,timeslice,4,0.0,0,0,0.0
1785432341.101,17:25:41,timeslice,5,0.0,0,0,0.0
1785432341.101,17:25:41,timeslice,6,0.0,0,0,0.0
1785432341.101,17:25:41,timeslice,7,0.0,0,0,0.0
1785432342.101,17:25:42,timeslice,0,0.0,0,0,0.0
1785432342.101,17:25:42,timeslice,1,0.0,0,0,0.0
1785432342.101,17:25:42,timeslice,2,0.0,0,0,0.0
1785432342.101,17:25:42,timeslice,3,0.0,0,0,0.0
1785432342.101,17:25:42,timeslice,4,0.0,0,0,0.0
1785432342.101,17:25:42,timeslice,5,0.0,0,0,0.0
1785432342.101,17:25:42,timeslice,6,0.0,0,0,0.0
1785432342.101,17:25:42,timeslice,7,0.0,0,0,0.0
1785432343.101,17:25:43,timeslice,0,0.0,0,0,0.0
1785432343.101,17:25:43,timeslice,1,0.0,0,0,0.0
1785432343.101,17:25:43,timeslice,2,0.0,0,0,0.0
1785432343.101,17:25:43,timeslice,3,0.0,0,0,0.0
1785432343.101,17:25:43,timeslice,4,0.0,0,0,0.0
1785432343.101,17:25:43,timeslice,5,0.0,0,0,0.0
1785432343.101,17:25:43,timeslice,6,0.0,0,0,0.0
1785432343.101,17:25:43,timeslice,7,0.0,0,0,0.0
1785432344.101,17:25:44,timeslice,0,0.0,0,0,0.0
1785432344.101,17:25:44,timeslice,1,0.0,0,0,0.0
1785432344.101,17:25:44,timeslice,2,0.0,0,0,0.0
1785432344.101,17:25:44,timeslice,3,0.0,0,0,0.0
1785432344.101,17:25:44,timeslice,4,0.0,0,0,0.0
1785432344.101,17:25:44,timeslice,5,0.0,0,0,0.0
1785432344.101,17:25:44,timeslice,6,0.0,0,0,0.0
1785432344.101,17:25:44,timeslice,7,0.0,0,0,0.0
1785432345.101,17:25:45,timeslice,0,0.0,0,0,0.0
1785432345.101,17:25:45,timeslice,1,0.0,0,0,0.0
1785432345.101,17:25:45,timeslice,2,0.0,0,0,0.0
1785432345.101,17:25:45,timeslice,3,0.0,0,0,0.0
1785432345.101,17:25:45,timeslice,4,0.0,0,0,0.0
1785432345.101,17:25:45,timeslice,5,0.0,0,0,0.0
1785432345.101,17:25:45,timeslice,6,0.0,0,0,0.0
1785432345.101,17:25:45,timeslice,7,0.0,0,0,0.0
1785432346.101,17:25:46,timeslice,0,0.0,0,0,0.0
1785432346.101,17:25:46,timeslice,1,0.0,0,0,0.0
1785432346.101,17:25:46,timeslice,2,0.0,0,0,0.0
1785432346.101,17:25:46,timeslice,3,0.0,0,0,0.0
1785432346.101,17:25:46,timeslice,4,0.0,0,0,0.0
1785432346.101,17:25:46,timeslice,5,0.0,0,0,0.0
1785432346.101,17:25:46,timeslice,6,0.0,0,0,0.0
1785432346.101,17:25:46,timeslice,7,0.0,0,0,0.0
1785432347.101,17:25:47,timeslice,0,0.0,0,0,0.0
1785432347.101,17:25:47,timeslice,1,0.0,0,0,0.0
1785432347.101,17:25:47,timeslice,2,0.0,0,0,0.0
1785432347.101,17:25:47,timeslice,3,0.0,0,0,0.0
1785432347.101,17:25:47,timeslice,4,0.0,0,0,0.0
1785432347.101,17:25:47,timeslice,5,0.0,0,0,0.0
1785432347.101,17:25:47,timeslice,6,0.0,0,0,0.0
1785432347.101,17:25:47,timeslice,7,0.0,0,0,0.0
1785432348.102,17:25:48,timeslice,0,0.0,0,0,0.0
1785432348.102,17:25:48,timeslice,1,0.0,0,0,0.0
1785432348.102,17:25:48,timeslice,2,0.0,0,0,0.0
1785432348.102,17:25:48,timeslice,3,0.0,0,0,0.0
1785432348.102,17:25:48,timeslice,4,0.0,0,0,0.0
1785432348.102,17:25:48,timeslice,5,0.0,0,0,0.0
1785432348.102,17:25:48,timeslice,6,0.0,0,0,0.0
1785432348.102,17:25:48,timeslice,7,0.0,0,0,0.0
1785432349.102,17:25:49,timeslice,0,0.0,0,0,0.0
1785432349.102,17:25:49,timeslice,1,0.0,0,0,0.0
1785432349.102,17:25:49,timeslice,2,0.0,0,0,0.0
1785432349.102,17:25:49,timeslice,3,0.0,0,0,0.0
1785432349.102,17:25:49,timeslice,4,0.0,0,0,0.0
1785432349.102,17:25:49,timeslice,5,0.0,0,0,0.0
1785432349.102,17:25:49,timeslice,6,0.0,0,0,0.0
1785432349.102,17:25:49,timeslice,7,0.0,0,0,0.0
1785432350.102,17:25:50,timeslice,0,0.0,0,0,0.0
1785432350.102,17:25:50,timeslice,1,0.0,0,0,0.0
1785432350.102,17:25:50,timeslice,2,0.0,0,0,0.0
1785432350.102,17:25:50,timeslice,3,0.0,0,0,0.0
1785432350.102,17:25:50,timeslice,4,0.0,0,0,0.0
1785432350.102,17:25:50,timeslice,5,0.0,0,0,0.0
1785432350.102,17:25:50,timeslice,6,0.0,0,0,0.0
1785432350.102,17:25:50,timeslice,7,0.0,0,0,0.0
1785432351.102,17:25:51,timeslice,0,0.0,0,0,0.0
1785432351.102,17:25:51,timeslice,1,0.0,0,0,0.0
1785432351.102,17:25:51,timeslice,2,0.0,0,0,0.0
1785432351.102,17:25:51,timeslice,3,0.0,0,0,0.0
1785432351.102,17:25:51,timeslice,4,0.0,0,0,0.0
1785432351.102,17:25:51,timeslice,5,0.0,0,0,0.0
1785432351.102,17:25:51,timeslice,6,0.0,0,0,0.0
1785432351.102,17:25:51,timeslice,7,0.0,0,0,0.0
1785432352.102,17:25:52,timeslice,0,0.0,0,0,0.0
1785432352.102,17:25:52,timeslice,1,0.0,0,0,0.0
1785432352.102,17:25:52,timeslice,2,0.0,0,0,0.0
1785432352.102,17:25:52,timeslice,3,0.0,0,0,0.0
1785432352.102,17:25:52,timeslice,4,0.0,0,0,0.0
1785432352.102,17:25:52,timeslice,5,0.0,0,0,0.0
1785432352.102,17:25:52,timeslice,6,0.0,0,0,0.0
1785432352.102,17:25:52,timeslice,7,0.0,0,0,0.0
1785432353.102,17:25:53,timeslice,0,0.0,0,0,0.0
1785432353.102,17:25:53,timeslice,1,0.0,0,0,0.0
1785432353.102,17:25:53,timeslice,2,0.0,0,0,0.0
1785432353.102,17:25:53,timeslice,3,0.0,0,0,0.0
1785432353.102,17:25:53,timeslice,4,0.0,0,0,0.0
1785432353.102,17:25:53,timeslice,5,0.0,0,0,0.0
1785432353.102,17:25:53,timeslice,6,0.0,0,0,0.0
1785432353.102,17:25:53,timeslice,7,0.0,0,0,0.0
1785432354.102,17:25:54,timeslice,0,0.0,0,0,0.0
1785432354.102,17:25:54,timeslice,1,0.0,0,0,0.0
1785432354.102,17:25:54,timeslice,2,0.0,0,0,0.0
1785432354.102,17:25:54,timeslice,3,0.0,0,0,0.0
1785432354.102,17:25:54,timeslice,4,0.0,0,0,0.0
1785432354.102,17:25:54,timeslice,5,0.0,0,0,0.0
1785432354.102,17:25:54,timeslice,6,0.0,0,0,0.0
1785432354.102,17:25:54,timeslice,7,0.0,0,0,0.0
1785432355.102,17:25:55,timeslice,0,0.0,0,0,0.0
1785432355.102,17:25:55,timeslice,1,0.0,0,0,0.0
1785432355.102,17:25:55,timeslice,2,0.0,0,0,0.0
1785432355.102,17:25:55,timeslice,3,0.0,0,0,0.0
1785432355.102,17:25:55,timeslice,4,0.0,0,0,0.0
1785432355.102,17:25:55,timeslice,5,0.0,0,0,0.0
1785432355.102,17:25:55,timeslice,6,0.0,0,0,0.0
1785432355.102,17:25:55,timeslice,7,0.0,0,0,0.0
1785432356.103,17:25:56,timeslice,0,0.0,0,0,0.0
1785432356.103,17:25:56,timeslice,1,0.0,0,0,0.0
1785432356.103,17:25:56,timeslice,2,0.0,0,0,0.0
1785432356.103,17:25:56,timeslice,3,0.0,0,0,0.0
1785432356.103,17:25:56,timeslice,4,0.0,0,0,0.0
1785432356.103,17:25:56,timeslice,5,0.0,0,0,0.0
1785432356.103,17:25:56,timeslice,6,0.0,0,0,0.0
1785432356.103,17:25:56,timeslice,7,0.0,0,0,0.0
1785432357.103,17:25:57,timeslice,0,0.0,0,0,0.0
1785432357.103,17:25:57,timeslice,1,0.0,0,0,0.0
1785432357.103,17:25:57,timeslice,2,0.0,0,0,0.0
1785432357.103,17:25:57,timeslice,3,0.0,0,0,0.0
1785432357.103,17:25:57,timeslice,4,0.0,0,0,0.0
1785432357.103,17:25:57,timeslice,5,0.0,0,0,0.0
1785432357.103,17:25:57,timeslice,6,0.0,0,0,0.0
1785432357.103,17:25:57,timeslice,7,0.0,0,0,0.0
